cpg_id,beta_variance,n_observed
cg04915566,0.15714689914735608,1297
cg18020955,0.15506780083359908,1297
cg04027043,0.15090569593124667,1297
cg13470557,0.15059543756300675,1297
cg18126802,0.15022541005130285,1297
cg08703872,0.14983485279852637,1297
cg23279522,0.14735881021439676,1297
cg03127558,0.1464700247134737,1297
cg01697719,0.14636883111580845,1297
cg13507084,0.14549989560401644,1297
cg27626141,0.1451132360772751,1297
cg13951697,0.14481394074583345,1297
cg25574765,0.14441484657767473,1297
cg09544728,0.14396899619588105,1297
cg26212328,0.14302130949352854,1297
cg11632592,0.14282888056405452,1297
cg09799983,0.14277459214795593,1297
cg15092343,0.1427415938277219,1297
cg21410293,0.14273745826922946,1297
cg05404698,0.1425788714352861,1297
cg17090968,0.14203367363737088,1297
cg01017395,0.14174543076032925,1297
cg04138112,0.14112998954208525,1297
cg10505610,0.14083624144081644,1297
cg26256263,0.14070083926473595,1297
cg21944234,0.1406155771467602,1297
cg21491443,0.14046103334025617,1297
cg01311063,0.14036462155527418,1297
cg03278514,0.14029937090828226,1297
cg12050271,0.14001094801233815,1297
cg01088410,0.13974373249550548,1297
cg16823083,0.1396852752291612,1297
cg14485744,0.13967424907274745,1297
cg06746318,0.13952043351451276,1297
cg06879394,0.13896230516191277,1297
cg23921031,0.13890958613446863,1297
cg00011616,0.1386800627883138,1297
cg14216068,0.13853320151885445,1297
cg16783349,0.13817159542251659,1297
cg17543488,0.13811206994742067,1297
cg07110405,0.13792857025216326,1297
cg23371746,0.13769042441515048,1297
cg04206484,0.13768731192811995,1297
cg00934355,0.13751001218546052,1297
cg20116828,0.13724175120468027,1297
cg20827128,0.1372195642605603,1297
cg08382235,0.13710694513661434,1297
cg10626816,0.13699944412783926,1297
cg14398860,0.13695775362011503,1297
cg08013331,0.13694616720094765,1297
cg01916088,0.13680547926712233,1297
cg24879782,0.13633591752127355,1297
cg19200589,0.13617747425410087,1297
cg03048372,0.13610125744215867,1297
cg15780398,0.13609044893675287,1297
cg09344348,0.13600289264304988,1297
cg16823466,0.13595390106944805,1297
cg09556826,0.13581865818803052,1297
cg14235846,0.13559289307030753,1297
cg14449180,0.1354944477663132,1297
cg16017089,0.135429600867073,1297
cg11452329,0.1352950802198581,1297
cg10511890,0.13523859875557742,1297
cg05690644,0.13519385755430088,1297
cg07974511,0.13509363966315865,1297
cg17829746,0.1348897134335033,1297
cg15014975,0.1348681910072957,1297
cg23032184,0.13486355882298273,1297
cg22009488,0.1348331130893498,1297
cg12492087,0.1347949835002089,1297
cg13947167,0.13463250824673648,1297
cg15577180,0.13434986342389088,1297
cg24006721,0.13420643400828788,1297
cg25588348,0.1340459757728295,1297
cg01412419,0.13384780658599074,1297
cg07890238,0.13374837917646146,1297
cg27336587,0.13372979316134345,1297
cg13634242,0.13356632274635488,1297
cg12944530,0.133553512630812,1297
cg23189410,0.13349350701847518,1297
cg00913949,0.13345594561977323,1297
cg23401796,0.13339375498789457,1297
cg14083015,0.13339344606429093,1297
cg04921315,0.13332605295310979,1297
cg20399616,0.1331034893730976,1297
cg09062708,0.1329964668512189,1297
cg03184290,0.13297733982682627,1297
cg27624162,0.13293774830304916,1297
cg01407254,0.13287526100683078,1297
cg10919664,0.13281298733031305,1297
cg03490289,0.1327462035924865,1297
cg25730564,0.1326760614483226,1297
cg19811337,0.13267079074823282,1297
cg03729251,0.13265369665813975,1297
cg18717967,0.1326459347894596,1297
cg08101036,0.13258847231416213,1297
cg02933362,0.13254011830657753,1297
cg18002126,0.13249894224541278,1297
cg17036418,0.13249513149810704,1297
cg00438740,0.13246835281857772,1297
cg09597070,0.1323608452155806,1297
cg16034168,0.13234671103065512,1297
cg02886375,0.13227569830514907,1297
cg19520927,0.13225902294672326,1297
cg26869615,0.13222633945852758,1297
cg20737382,0.13217060868486846,1297
cg15760474,0.13209315831041268,1297
cg10682299,0.13207110564223973,1297
cg24896021,0.132010557963307,1297
cg13030790,0.13199998058790877,1297
cg14845962,0.13197322112289564,1297
cg18167466,0.1319195207768672,1297
cg25599924,0.13174126191110308,1297
cg23055217,0.13173604255262994,1297
cg18782604,0.13169117884727086,1297
cg03188064,0.13168637171800168,1297
cg23473955,0.13159795816363526,1297
cg04546205,0.1315675187588104,1297
cg25508679,0.13156715951387166,1297
cg00921266,0.1314506296851913,1297
cg04798016,0.1313795651702707,1297
cg00498591,0.13132801728528176,1297
cg07996594,0.13121095028083923,1297
cg07380416,0.1311865723657044,1297
cg21986027,0.1311445571560469,1297
cg10134833,0.1311081443728413,1297
cg08105834,0.13107425480334225,1297
cg15613420,0.13107102269452567,1297
cg20820767,0.13099668390637986,1297
cg15922174,0.13097792368550984,1297
cg02523640,0.1307907976091578,1297
cg02452966,0.13077749549025555,1297
cg16642284,0.13077430469436166,1297
cg00790098,0.1306752451865251,1297
cg02367850,0.13065953396579333,1297
cg07092135,0.13065111297253182,1297
cg24425838,0.1306269061571642,1297
cg11610925,0.13045637872912674,1297
cg20272979,0.13045201974266293,1297
cg22840361,0.1304444578683216,1297
cg19759481,0.1304028010989017,1297
cg14689537,0.13039681235667727,1297
cg05687083,0.13033396791376683,1297
cg09721739,0.13032504044545976,1297
cg27520776,0.13030352307385676,1297
cg23881926,0.1302122132838238,1297
cg23248887,0.13013058339461744,1297
cg08190858,0.1300046752325129,1297
cg24816460,0.12999025789233734,1297
cg03760457,0.12994499453046135,1297
cg27494226,0.12994478526771852,1297
cg10038009,0.12994331535270512,1297
cg25693302,0.12988681123279577,1297
cg23774717,0.12976280601077644,1297
cg07152216,0.1296242541978294,1297
cg06888746,0.12958731444521254,1297
cg12749132,0.12953196659187366,1297
cg11552829,0.12946993763765702,1297
cg16026813,0.12941498107552282,1297
cg15007959,0.1293567543864448,1297
cg06833110,0.12929729828772996,1297
cg16509569,0.12903097221425702,1297
cg11403907,0.128959618322299,1297
cg21398280,0.12888564627778457,1297
cg17589883,0.12888444039568675,1297
cg22876812,0.1288367692068463,1297
cg06573604,0.12881830246950082,1297
cg07277190,0.12880405714087895,1297
cg27212729,0.12879304176235448,1297
cg18049182,0.1287584983895123,1297
cg17390350,0.1287341051156025,1297
cg19486070,0.1287228928414989,1297
cg08846870,0.1287206459536081,1297
cg25139229,0.12868410255798318,1297
cg22128724,0.1286096837111999,1297
cg19170881,0.1285432256850901,1297
cg12192582,0.12851876310322086,1297
cg10907866,0.12847806998300687,1297
cg18670236,0.1284455170661533,1297
cg08779777,0.12841328132756308,1297
cg23158189,0.12835755365323318,1297
cg16811988,0.12833239244581324,1297
cg00819233,0.1282943703021392,1297
cg05312685,0.1282720619549491,1297
cg00334063,0.1282129590989971,1297
cg02548132,0.12818944945730212,1297
cg09115646,0.12818779742240877,1297
cg09787089,0.12818282569647457,1297
cg13246235,0.12817998083025078,1297
cg27234864,0.12816814121033537,1297
cg07116712,0.12815141007251274,1297
cg18705773,0.12807525817151877,1297
cg25714956,0.12806844964518752,1297
cg06992285,0.12802581249026174,1297
cg15129183,0.12801977566194195,1297
cg02633729,0.1279530148248385,1297
cg13706058,0.1279499623610167,1297
cg14071324,0.12793787708591792,1297
cg26402660,0.1278668953677506,1297
cg16748008,0.12785225747009293,1297
cg18631798,0.12784244926691732,1297
cg22254463,0.1278294461096323,1297
cg18322739,0.12780087509677135,1297
cg14688579,0.12779962281924337,1297
cg09292244,0.12777544043098696,1297
cg00409917,0.12776759022860473,1297
cg06267617,0.1277345227174118,1297
cg04874286,0.12772158336067446,1297
cg13593391,0.12772019599315698,1297
cg03995122,0.1277096796381552,1297
cg14516100,0.12766071805571044,1297
cg19758173,0.12765556188516375,1297
cg01251835,0.1276081430319092,1297
cg23051392,0.1276049972454601,1297
cg17689721,0.12760419655411348,1297
cg22480783,0.12749702354818648,1297
cg04021697,0.1274353965453283,1297
cg05306029,0.12742748993254566,1297
cg10285466,0.12742069836405764,1297
cg02956248,0.12741667255915867,1297
cg16747164,0.12740824823012675,1297
cg06996147,0.12738221016608126,1297
cg24453580,0.1273703955675086,1297
cg22871947,0.12736464207252773,1297
cg26092675,0.1273579468069624,1297
cg16973527,0.1272997750410138,1297
cg06325209,0.12729240963314697,1297
cg25379954,0.12728743675835785,1297
cg04154027,0.12728224982525835,1297
cg13022624,0.12725727974369316,1297
cg16662785,0.12718074868423335,1297
cg08944961,0.1271476668329657,1297
cg24169669,0.12714087665253973,1297
cg16663891,0.12709760293972144,1297
cg25200152,0.12709232353468441,1297
cg06973615,0.12707835931523478,1297
cg18607411,0.12706876551876367,1297
cg24749672,0.12706201476991813,1297
cg06246357,0.12696926190296232,1297
cg25150021,0.12695715160324467,1297
cg19262637,0.12690462365882207,1297
cg16399136,0.1268759573508263,1297
cg08248516,0.12685763177443937,1297
cg18582260,0.1268354608767014,1297
cg04671971,0.12674990171692113,1297
cg18438793,0.12668252787722314,1297
cg16628641,0.1266080878921495,1297
cg25620901,0.1265525342127321,1297
cg18131141,0.12652791212865488,1297
cg14013695,0.12650321964011219,1297
cg19830983,0.12649131639130698,1297
cg22510134,0.12648462415523123,1297
cg00415011,0.1264788261229131,1297
cg10863922,0.1264452343090265,1297
cg00133595,0.12640058968824608,1297
cg18623980,0.12638386892399583,1297
cg12603173,0.1263790584619185,1297
cg08775230,0.12633514409447155,1297
cg17469359,0.1263193392270392,1297
cg07196992,0.1263042079911511,1297
cg20070852,0.126303108358592,1297
cg26831119,0.12628686330345432,1297
cg24419324,0.12626340468523276,1297
cg08075204,0.12622755317962148,1297
cg21406271,0.12622500410195855,1297
cg11975793,0.12619806146519874,1297
cg18440839,0.12619507071039798,1297
cg24033871,0.12614770131101463,1297
cg23279355,0.12614521387468783,1297
cg13492337,0.12612604145539325,1297
cg19780308,0.1261053697585262,1297
cg18238763,0.12605836131079767,1297
cg15172734,0.12601645973398895,1297
cg02851212,0.12598129289709048,1297
cg23886978,0.1259771247190381,1297
cg27317046,0.1259605009048308,1297
cg24284741,0.12593141727969964,1297
cg23264547,0.1258501127933691,1297
cg15690347,0.12582885200994193,1297
cg09804503,0.1258181147457429,1297
cg07297896,0.12577504026211506,1297
cg19119945,0.125769450631523,1297
cg21039708,0.12576571040850248,1297
cg18982286,0.12575627942078732,1297
cg27571329,0.1257295718260275,1297
cg25214966,0.1257267157906648,1297
cg08586426,0.12571109261877744,1297
cg00268840,0.12568128530431688,1297
cg18361975,0.1256289195149121,1297
cg14418633,0.1255665485098695,1297
cg06183267,0.12552484412013903,1297
cg23586595,0.1255203960081931,1297
cg23130731,0.1255182151311299,1297
cg12177677,0.12544296209596667,1297
cg03012726,0.12540223558486133,1297
cg14127046,0.12538049265003498,1297
cg01519261,0.1253693417121849,1297
cg23412777,0.12535945993797304,1297
cg27391627,0.12535514302761164,1297
cg13493526,0.12532656781150278,1297
cg23314972,0.12531885904064666,1297
cg23235142,0.12530086468388119,1297
cg18881778,0.12528937606832893,1297
cg15374435,0.1252579283641117,1297
cg14911521,0.12525202937304136,1297
cg06623935,0.12522152394682382,1297
cg09628195,0.12516511154333862,1297
cg08786077,0.12512637140023372,1297
cg12015737,0.12510912871838986,1297
cg03943773,0.12509797990301363,1297
cg13969788,0.12509179356992173,1297
cg10249375,0.12508502711106045,1297
cg27596297,0.12506867398403987,1297
cg08364561,0.12503729351822696,1297
cg26842802,0.1250245430163201,1297
cg04917446,0.12502325707493359,1297
cg15200009,0.1249415074258956,1297
cg25666403,0.12494080167119115,1297
cg22734058,0.1249253252489495,1297
cg19827875,0.12491464414368672,1297
cg16551732,0.12487135170508384,1297
cg17242351,0.12487046092695975,1297
cg07654934,0.12485114971481878,1297
cg07127888,0.12484938843243631,1297
cg21376733,0.12483016544219022,1297
cg22111078,0.12482145107933176,1297
cg18372607,0.1247953419678005,1297
cg16940012,0.12479472749816262,1297
cg03148184,0.12479089214688294,1297
cg23936031,0.12477529480971633,1297
cg09753013,0.12477119074003859,1297
cg19793499,0.12472130906829121,1297
cg12975230,0.12471978135528962,1297
cg00805880,0.12471662955831622,1297
cg24301930,0.12469372451009308,1297
cg00236305,0.12468388070025876,1297
cg02578087,0.12467683296179438,1297
cg21879102,0.12466565321473969,1297
cg02616418,0.1246606968554746,1297
cg15320905,0.1246600029212745,1297
cg02961934,0.12465466818040832,1297
cg04863892,0.12460811819841386,1297
cg19229182,0.12459095118715505,1297
cg11272515,0.124583448290258,1297
cg07078958,0.1245829632359885,1297
cg00767000,0.12454205494619364,1297
cg13500072,0.124534592700349,1297
cg02534659,0.12453164066899997,1297
cg09571376,0.12451991827909831,1297
cg07696516,0.1244316870381762,1297
cg26863534,0.1244313715345377,1297
cg17133734,0.12441341178322951,1297
cg20749792,0.1243890151482957,1297
cg10959820,0.12432413756643301,1297
cg15788537,0.12431781267020814,1297
cg16492341,0.12429460266584375,1297
cg22747480,0.1242786529731636,1297
cg04822621,0.12427742919249607,1297
cg21992400,0.12427076027914907,1297
cg01288184,0.12426810252551987,1297
cg26681770,0.12426393863977467,1297
cg14557185,0.12425837980470396,1297
cg18077971,0.1241959062923344,1297
cg24958342,0.12418239496906847,1297
cg17161250,0.12418002675886955,1297
cg05864326,0.12415349462151809,1297
cg06167221,0.12414595531666608,1297
cg00138926,0.12413404958535212,1297
cg11254700,0.12412700635102794,1297
cg11213574,0.1241197445802345,1297
cg04156293,0.12410938025167945,1297
cg20806180,0.12409706974264734,1297
cg10441497,0.12407885889984888,1297
cg13799970,0.12405512956522413,1297
cg07294785,0.12404717731649556,1297
cg10559416,0.12404149015161592,1297
cg07808087,0.12402620212703397,1297
cg03772020,0.12401467953800899,1297
cg15084433,0.12401136256269996,1297
cg26872028,0.12400480327934793,1297
cg15319576,0.12399478037694042,1297
cg03204907,0.12398198333551724,1297
cg23651812,0.12396148019540018,1297
cg25023596,0.12393312099174458,1297
cg17459215,0.12391966481915795,1297
cg01514538,0.12391665191136561,1297
cg19256813,0.12388373921354459,1297
cg11223933,0.12387910697943572,1297
cg04212021,0.12387228710307108,1297
cg07389710,0.12382557820733425,1297
cg20017590,0.12379706780003469,1297
cg07136254,0.12379499434370073,1297
cg18794809,0.12378924644887232,1297
cg00459623,0.1237848338156689,1297
cg10982443,0.1237692695748836,1297
cg25888561,0.12374228998056322,1297
cg23612220,0.12372638253474044,1297
cg24217894,0.1237221088616807,1297
cg15892785,0.12370515542335651,1297
cg00951204,0.12369591604432217,1297
cg24973993,0.12365216921510092,1297
cg13408086,0.12364449349288836,1297
cg17127769,0.12364269824847768,1297
cg26579713,0.12363777116677643,1297
cg06516502,0.12362630114360201,1297
cg14716990,0.12362490747200258,1297
cg23780110,0.12361696903137803,1297
cg15575375,0.12360716720172243,1297
cg03130248,0.12360396295442294,1297
cg02053964,0.1235953554324847,1297
cg26708319,0.12359409675736271,1297
cg13682333,0.12357418273319207,1297
cg04597393,0.12354422244119295,1297
cg03804255,0.12353506573885759,1297
cg06794543,0.12345995454528585,1297
cg10389262,0.12343988674384887,1297
cg13539545,0.12342643527176572,1297
cg14444376,0.12340782565843766,1297
cg09655403,0.12340490030921861,1297
cg18650219,0.12340100216285854,1297
cg01681367,0.12338583690852922,1297
cg04892182,0.12338292871044954,1297
cg10690919,0.12338100419712422,1297
cg04963424,0.12337935204392586,1297
cg14494721,0.12335661062978492,1297
cg00681462,0.1233477062673271,1297
cg10329345,0.12331142954860108,1297
cg02794695,0.12329755948907267,1297
cg22800743,0.12325866916687928,1297
cg16374999,0.12325633155883906,1297
cg07992457,0.12321496132781878,1297
cg25950112,0.12320263527402003,1297
cg03252313,0.1231684541177219,1297
cg05649108,0.12316842486897767,1297
cg16647921,0.12314611153941757,1297
cg19088635,0.1231201401995704,1297
cg01057656,0.12310747097428004,1297
cg03867465,0.12309520970819465,1297
cg06249604,0.12306077560158085,1297
cg11528328,0.1230560720335103,1297
cg14651518,0.1230419295702948,1297
cg02235249,0.1230180528546227,1297
cg18555277,0.12299890534919905,1297
cg19871940,0.12298941471170771,1297
cg10210594,0.12297702715968206,1297
cg09670128,0.12297489937756079,1297
cg20878925,0.12292421618184562,1297
cg02597698,0.12285151058808724,1297
cg24152976,0.12284855839767214,1297
cg03020554,0.1228381822722463,1297
cg20232662,0.12283807258580182,1297
cg07702693,0.12281924455492432,1297
cg23930856,0.12281903589016221,1297
cg18473137,0.12281403554269538,1297
cg01105494,0.12277989409063449,1297
cg02668055,0.12277242467576532,1297
cg01168833,0.12277172892346311,1297
cg12480053,0.12274230132385522,1297
cg05697249,0.12270837580821223,1297
cg15162392,0.12270690480878646,1297
cg07804749,0.12268564638564014,1297
cg27136844,0.12265250236063302,1297
cg16900264,0.12263859353705941,1297
cg18680977,0.12263322935745907,1297
cg24895142,0.1226234196907248,1297
cg07165066,0.12260734938363446,1297
cg24859722,0.12259421271160081,1297
cg01167615,0.12258423973819035,1297
cg14765959,0.12256860357963212,1297
cg23614811,0.12256354279500956,1297
cg20732304,0.12256036267516268,1297
cg08055663,0.12253023593887818,1297
cg21629500,0.12251559303500018,1297
cg07357279,0.12250059931527149,1297
cg08436089,0.12249959512215966,1297
cg15822765,0.12248972786089293,1297
cg22987448,0.12245666994763892,1297
cg04122873,0.12244273319365684,1297
cg02066936,0.12243160749069548,1297
cg10536349,0.12242036260520245,1297
cg27485906,0.12241434818653368,1297
cg11565786,0.12239233569048427,1297
cg20749005,0.12238872166398063,1297
cg22058452,0.12237745582626297,1297
cg25814293,0.12237663832054274,1297
cg20939723,0.12236516654304777,1297
cg17455155,0.12234279742928522,1297
cg24902339,0.12233084839766117,1297
cg20744163,0.12232908094020728,1297
cg16543094,0.12229880855757913,1297
cg22367191,0.12229240097765987,1297
cg15016062,0.12228742796986114,1297
cg23001415,0.12224845358974853,1297
cg12993715,0.12223977573649308,1297
cg01571001,0.12223672264044227,1297
cg01331772,0.1222354083153071,1297
cg02803819,0.12221528064041093,1297
cg23064609,0.12220617704716208,1297
cg27377213,0.1221948303151476,1297
cg22399133,0.12219482512996946,1297
cg08052292,0.12219076774601462,1297
cg03636930,0.12218508550985763,1297
cg10304637,0.12217947465291748,1297
cg26411522,0.122153114280046,1297
cg09533868,0.12215275551671018,1297
cg10331073,0.1221412286297969,1297
cg07538239,0.1221352951263927,1297
cg17178220,0.12213151251706345,1297
cg25695610,0.12213091681137733,1297
cg04578774,0.1221219353788836,1297
cg09450024,0.12211072483963603,1297
cg22284422,0.12210215373243033,1297
cg04481096,0.12209955837440853,1297
cg04951371,0.12208779268092296,1297
cg21730858,0.12208615488508562,1297
cg22459630,0.12207768813709269,1297
cg25363445,0.12206514043690858,1297
cg08466792,0.12205290332366746,1297
cg17189020,0.1220472221140102,1297
cg02344527,0.12204642205383487,1297
cg03347632,0.1220411909534454,1297
cg17342469,0.12200179731207697,1297
cg08732300,0.12197055222097183,1297
cg14386951,0.1219672518869937,1297
cg23089425,0.12194460885770575,1297
cg07291100,0.12192801407457898,1297
cg16440978,0.12192039724979753,1297
cg03217587,0.1218889530742196,1297
cg24660635,0.1218829329556807,1297
cg22171993,0.12185530862586591,1297
cg09642408,0.12184442188750294,1297
cg04060128,0.12183232153401174,1297
cg16406967,0.12175040602484422,1297
cg08061524,0.12174650166595152,1297
cg04290346,0.12174605999431895,1297
cg25017223,0.12173995266005683,1297
cg04556126,0.12172833637642261,1297
cg07349094,0.12171482115190585,1297
cg15046675,0.12170623558963845,1297
cg10095226,0.12169759185035334,1297
cg17147211,0.12169461919894316,1297
cg19343034,0.12167993760119228,1297
cg17697633,0.12164381253936987,1297
cg02529544,0.1216356442784291,1297
cg00593773,0.12162552991622366,1297
cg01940181,0.12162251755030112,1297
cg24145118,0.12162136114929645,1297
cg10293403,0.12161612234837149,1297
cg27656658,0.12160458195326285,1297
cg19230867,0.12159594195264456,1297
cg06607764,0.12155168183954101,1297
cg07490070,0.12154569953024974,1297
cg22727783,0.12154386133565946,1297
cg18856478,0.12153909668026189,1297
cg04680436,0.12153471527104925,1297
cg13300273,0.12153437066860395,1297
cg13340765,0.1215271535216636,1297
cg03141679,0.1214848110408705,1297
cg05297854,0.12145121801801498,1297
cg23004031,0.12142933517258203,1297
cg23976499,0.12142137092131,1297
cg11423130,0.12141950129560869,1297
cg14962509,0.1213956069795889,1297
cg27638284,0.12138892884326141,1297
cg05477457,0.1213838391042355,1297
cg24545961,0.12138176692588626,1297
cg11721464,0.1213795654376329,1297
cg23244761,0.12137173493002368,1297
cg08710921,0.12137055664807794,1297
cg11499091,0.12135717553375025,1297
cg24200165,0.12135518225260516,1297
cg19432886,0.1213410679296052,1297
cg06871344,0.12132356809737621,1297
cg07029873,0.12131671693789925,1297
cg03421195,0.12130325470663789,1297
cg02527886,0.12127670107613309,1297
cg15650509,0.12123921890644178,1297
cg16707227,0.12123755307834183,1297
cg19925204,0.12122233323203191,1297
cg04266474,0.12118551568005043,1297
cg10576280,0.12117980269167095,1297
cg09966895,0.12117154669659852,1297
cg25539045,0.12115515197811108,1297
cg22961212,0.12114867394402054,1297
cg22859061,0.12112969073252897,1297
cg24591770,0.1211183134976074,1297
cg13401893,0.12110838453558823,1297
cg09761040,0.12107862027376026,1297
cg18430555,0.12107014569777022,1297
cg25885042,0.12106906077672552,1297
cg11770816,0.12103176642682806,1297
cg19414598,0.1210243039982194,1297
cg24504954,0.12100298351045602,1297
cg03352106,0.12099524968065101,1297
cg15391590,0.12098769739136866,1297
cg04424119,0.12098247124579886,1297
cg14262681,0.12097722485627979,1297
cg18888655,0.12093645905469066,1297
cg03402369,0.12089627350081322,1297
cg26075184,0.12088149805329657,1297
cg08041408,0.12085773174735429,1297
cg06830450,0.12083831664455041,1297
cg10273135,0.12083641656853844,1297
cg27649239,0.12081230518328706,1297
cg27284288,0.12079084062150208,1297
cg00366850,0.12075062243973589,1297
cg12468774,0.12073624448195497,1297
cg10445315,0.12073118021255033,1297
cg03665360,0.1207102080225265,1297
cg13878116,0.12068524311614937,1297
cg00916635,0.12067980874917258,1297
cg19759671,0.12067215255150904,1297
cg02044895,0.12065847415561787,1297
cg26904406,0.12064557919182956,1297
cg17117459,0.1206136208950904,1297
cg03856606,0.1205925837174033,1297
cg24757533,0.12056975004749688,1297
cg10786876,0.12055196436493298,1297
cg21095673,0.12054991681439131,1297
cg19503640,0.12053134183586228,1297
cg25722073,0.12052654471122515,1297
cg06864895,0.12052515880186393,1297
cg12967164,0.12051028136310865,1297
cg11314598,0.12048989650090697,1297
cg08965888,0.12048139408608605,1297
cg13702536,0.12047636562369346,1297
cg18235050,0.12042693166275398,1297
cg19370653,0.12041830753203894,1297
cg04202892,0.12040806327002024,1297
cg06172942,0.12038664785375006,1297
cg20232986,0.1203822854244955,1297
cg20840795,0.12036415599443476,1297
cg13272743,0.12032912391156692,1297
cg02837536,0.12032670499471348,1297
cg11795854,0.12031698000618632,1297
cg15982700,0.12027744534448429,1297
cg01530482,0.12026421371479432,1297
cg07014673,0.12026006270738959,1297
cg23615741,0.12023599407330415,1297
cg26725201,0.12022474543199752,1297
cg25336332,0.12021503498378797,1297
cg09257635,0.12017757212411556,1297
cg17266581,0.12013632251112855,1297
cg23176316,0.12013227460823112,1297
cg13480738,0.12012666396872107,1297
cg27641239,0.12009363210752799,1297
cg22510376,0.1200913958667602,1297
cg14313184,0.12007939648318938,1297
cg10590292,0.12007744369187334,1297
cg13496041,0.12004501102526072,1297
cg14418802,0.12001903348581625,1297
cg10400707,0.12001841758704701,1297
cg02376703,0.12000895653516164,1297
cg03870033,0.12000679075029563,1297
cg24889694,0.11999646372360842,1297
cg15219228,0.11997984393067657,1297
cg08621624,0.11997924723009207,1297
cg16966315,0.11997680005002279,1297
cg22962123,0.11994954487325993,1297
cg11128216,0.11994512267217015,1297
cg26635451,0.11993986294766043,1297
cg14526021,0.11992112012111286,1297
cg26570179,0.11991797486146394,1297
cg12589143,0.11990159757146923,1297
cg02852670,0.1199006459279254,1297
cg06862374,0.11989468424558566,1297
cg01666796,0.11988966241879351,1297
cg18117039,0.11987721768752907,1297
cg10598816,0.11987490007300082,1297
cg07860918,0.11986423781426997,1297
cg13840520,0.1198562974580076,1297
cg07593977,0.1198558391716103,1297
cg11838152,0.11985571218373542,1297
cg16326123,0.11984955920698726,1297
cg04786287,0.11984385160031905,1297
cg08954277,0.11983632716835571,1297
cg26118759,0.1198066474988741,1297
cg23497683,0.1198014494179575,1297
cg20944964,0.11978393194566642,1297
cg09537620,0.11976366963289838,1297
cg14507337,0.11976089261250904,1297
cg25617028,0.11975813997637552,1297
cg01740135,0.11975744528180865,1297
cg12152384,0.11975665680782335,1297
cg18332814,0.11975207954465641,1297
cg06245037,0.11974113696262051,1297
cg20064139,0.11971455069132697,1297
cg08718050,0.11970975085141061,1297
cg13630560,0.11970626705122622,1297
cg15414638,0.11968781857109076,1297
cg17552357,0.11966584468634989,1297
cg21465176,0.11965708479821785,1297
cg22980156,0.11963473020685478,1297
cg22930986,0.11963456567582625,1297
cg26479374,0.11962615423254969,1297
cg18103859,0.1196022499953257,1297
cg02152120,0.1196008461941504,1297
cg02792168,0.11960002688627874,1297
cg26400275,0.11958186185379566,1297
cg06899985,0.11956907875766265,1297
cg19797516,0.11954039802498109,1297
cg13800802,0.11953629143235234,1297
cg20814095,0.11953530161389078,1297
cg02947862,0.11952053950249586,1297
cg09259797,0.11951528779531861,1297
cg12287936,0.11949800419098844,1297
cg09638208,0.11949304490959961,1297
cg19403541,0.11948419857233922,1297
cg26287822,0.11946457225426682,1297
cg14424070,0.1194513216692358,1297
cg10386298,0.11943802319433547,1297
cg05435315,0.11942510530042044,1297
cg02846841,0.11938731790902901,1297
cg10648670,0.11938385469128854,1297
cg13849454,0.11936780616301845,1297
cg04115185,0.1193490585858688,1297
cg05224741,0.11932961289096472,1297
cg23352695,0.11931444948618752,1297
cg18146737,0.11929805524963699,1297
cg05306070,0.11928045291560455,1297
cg25241559,0.11926973288568182,1297
cg20408776,0.11925858506987022,1297
cg22897615,0.11924285451033995,1297
cg25307665,0.11923757183897124,1297
cg21563049,0.11923382008266503,1297
cg26371345,0.1192221427139146,1297
cg03961510,0.11917574180475349,1297
cg11498607,0.11917230436244053,1297
cg21875802,0.11917214140843052,1297
cg24504927,0.11915514160946121,1297
cg07425646,0.11906014705822243,1297
cg16434331,0.11905782332141296,1297
cg05824174,0.1190557989221882,1297
cg17734137,0.1190354118697401,1297
cg16179125,0.11903354997255572,1297
cg20844851,0.11898965512271079,1297
cg24539848,0.11898643603903247,1297
cg13080565,0.11897812982165112,1297
cg07116732,0.11897465796999396,1297
cg07917150,0.11897005201299601,1297
cg05109569,0.11896820455350002,1297
cg20425130,0.11895664684752072,1297
cg14461974,0.11895465766421015,1297
cg01429039,0.11893786758839517,1297
cg08347500,0.11892340120196582,1297
cg05270106,0.11891585610844213,1297
cg20699274,0.11891001280308322,1297
cg26800883,0.11889683231442211,1297
cg13748799,0.1188879260616405,1297
cg07616879,0.11888496349305885,1297
cg15022051,0.1188784367351054,1297
cg22236066,0.11881712983852638,1297
cg00569276,0.11879845370112482,1297
cg10244666,0.11879578042970362,1297
cg12134633,0.11879282825945908,1297
cg01104724,0.11874035978503714,1297
cg06446408,0.11872079927706003,1297
cg22072375,0.11871096096576944,1297
cg20219381,0.11871035181996922,1297
cg17941572,0.11870293531934611,1297
cg14171369,0.11869701054505061,1297
cg17241776,0.11868803774050074,1297
cg16945633,0.1186873606361919,1297
cg14864148,0.11868681255323979,1297
cg02625590,0.11867038689731069,1297
cg10418626,0.11866512964890796,1297
cg09257677,0.11866345714812387,1297
cg10035294,0.11865033329135086,1297
cg23669081,0.11864089227785607,1297
cg02326806,0.11862450729476456,1297
cg26065909,0.11862403061850069,1297
cg12633154,0.11858743982292513,1297
cg26799656,0.11858122210693184,1297
cg16394018,0.11857733805426268,1297
cg03689799,0.1185694084855013,1297
cg10501093,0.1185664855160701,1297
cg05224126,0.11854615362126864,1297
cg23168425,0.11853546748217281,1297
cg24925400,0.11853509003844748,1297
cg22331159,0.11850909054964773,1297
cg23954880,0.11849495454778025,1297
cg21653641,0.11849139768441638,1297
cg01466288,0.11848768067495832,1297
cg23194926,0.11848217385065052,1297
cg13434411,0.11844775261907081,1297
cg21472506,0.118421715378035,1297
cg05057910,0.11837558089678304,1297
cg09074856,0.1183613507610306,1297
cg21215550,0.11836094217161214,1297
cg01964852,0.11834566208451328,1297
cg25611269,0.1183285372214507,1297
cg18477674,0.11831640571518168,1297
cg21150288,0.11830582565887249,1297
cg21533331,0.11829395005025453,1297
cg26937943,0.11826872345585648,1297
cg06727242,0.1182391864154427,1297
cg07721569,0.11820553841227785,1297
cg22800590,0.11820197460949161,1297
cg03216846,0.1181655439636119,1297
cg15826810,0.11813580375601443,1297
cg26127662,0.11813518680255009,1297
cg04209913,0.11811648437800351,1297
cg09835085,0.11811536232449604,1297
cg05482942,0.1180984790261086,1297
cg05258935,0.11808315621701368,1297
cg08640619,0.11805651343446788,1297
cg00172603,0.11803398533730713,1297
cg13067553,0.11800749661646415,1297
cg23720064,0.11799656856903559,1297
cg02788013,0.11799562085872972,1297
cg10160614,0.11796853340633381,1297
cg02613380,0.11794176096037096,1297
cg10433327,0.1179393964853715,1297
cg02677609,0.11793346943705443,1297
cg05056638,0.11792410304173989,1297
cg15037541,0.11790473589092332,1297
cg20168806,0.11788639910934631,1297
cg05520940,0.11788061313502357,1297
cg03233624,0.11786733287723833,1297
cg22797031,0.11785108662999494,1297
cg25622366,0.11784901359901741,1297
cg25373595,0.11783997928360299,1297
cg22978940,0.1178275916198464,1297
cg00223767,0.11781367299387563,1297
cg05415670,0.11781342440366432,1297
cg09354037,0.11779650289199822,1297
cg24008884,0.11779605583976427,1297
cg14588606,0.11778882321511813,1297
cg24183566,0.11778870511690803,1297
cg02900990,0.11778211912609554,1297
cg18144593,0.11777192822895999,1297
cg04633922,0.11776114295472595,1297
cg20701182,0.11774524328277755,1297
cg02522196,0.11774477594519744,1297
cg08186575,0.1177181015057342,1297
cg05353884,0.11769156711446604,1297
cg14108567,0.11769022790564138,1297
cg05942459,0.11769006171054297,1297
cg03763508,0.11768345621810239,1297
cg11290182,0.1176690377026825,1297
cg09222422,0.117667045776258,1297
cg16508068,0.11766001467087134,1297
cg13207326,0.11764610308428891,1297
cg14029489,0.11764195161686264,1297
cg21163347,0.11762111307821296,1297
cg11422851,0.11761302105452417,1297
cg03518729,0.11760965056295328,1297
cg10967023,0.11760907416602406,1297
cg13742526,0.11760515693015,1297
cg07167423,0.11760284204402668,1297
cg04675542,0.1176017012585135,1297
cg11977716,0.11760087226855948,1297
cg01903374,0.11760045720807838,1297
cg08443845,0.11758949959697479,1297
cg01516851,0.11758513428561945,1297
cg08529345,0.11757266841608663,1297
cg03315407,0.117564714608654,1297
cg12313892,0.11755630040169562,1297
cg00087792,0.11754580057691455,1297
cg13045134,0.11753031531176605,1297
cg06614044,0.11752677388955801,1297
cg14204784,0.11752150422800348,1297
cg04865531,0.11749678713599934,1297
cg19029181,0.11749383112667275,1297
cg16541998,0.11746890272331831,1297
cg20524271,0.11745517657405344,1297
cg19246197,0.11744838310935879,1297
cg23714773,0.1174355196028557,1297
cg26769700,0.11743377577942649,1297
cg27416863,0.11739902839878716,1297
cg01780171,0.11739781350123629,1297
cg22198853,0.11738314028188832,1297
cg12836959,0.11738085997684838,1297
cg08251901,0.11736649767621798,1297
cg11914795,0.11736256408298026,1297
cg13488570,0.11736105778291098,1297
cg10331829,0.11735624634851272,1297
cg00035636,0.11735379983816313,1297
cg18063312,0.11734518147064138,1297
cg10775039,0.1173390601385953,1297
cg21796528,0.11733203273790094,1297
cg07502309,0.11733098858837948,1297
cg10474881,0.11733026724296189,1297
cg25547580,0.11731998237507721,1297
cg13005428,0.11731985174418458,1297
cg05483731,0.11727745096133607,1297
cg02928928,0.11726476971993904,1297
cg26986871,0.11725006791547676,1297
cg26097051,0.1172192068009606,1297
cg21617353,0.11721853600305551,1297
cg22986569,0.11721826628271584,1297
cg14931854,0.11721009422360362,1297
cg03875819,0.11720792423476184,1297
cg11090364,0.11719338116089796,1297
cg18403361,0.1171911931028391,1297
cg00118342,0.11718643918656768,1297
cg00872683,0.11717925426602133,1297
cg18003659,0.11717699043106561,1297
cg27262236,0.11716454502285784,1297
cg09920172,0.11715221652899296,1297
cg08710911,0.1171442356905194,1297
cg12165841,0.11714402620257328,1297
cg05329135,0.11713962813986079,1297
cg11737164,0.11713362565344476,1297
cg11559446,0.11712320753177435,1297
cg15720089,0.11711883070350021,1297
cg13226968,0.11711597199771356,1297
cg19318393,0.11710788197499555,1297
cg02315271,0.1171036705704463,1297
cg03142741,0.11708701894075296,1297
cg10507482,0.11707650610712361,1297
cg07409418,0.11706671188537593,1297
cg14189678,0.11706283772819509,1297
cg25435255,0.11705391047032898,1297
cg02063759,0.11704907835339984,1297
cg17764992,0.11704258422126074,1297
cg23100152,0.11704043035329295,1297
cg09173621,0.11699458343493169,1297
cg13821008,0.11699163970927101,1297
cg12889538,0.11698973379164418,1297
cg12835118,0.11698545704192465,1297
cg06445016,0.1169812637919446,1297
cg25672327,0.11697390392824142,1297
cg21507095,0.116973241341654,1297
cg12934366,0.11694986521837486,1297
cg27421291,0.11694881976294402,1297
cg18805027,0.11694528459532078,1297
cg19856593,0.11694149422029093,1297
cg10408284,0.11694026201483843,1297
cg02348751,0.11692447738771451,1297
cg07992196,0.11691494236577646,1297
cg21026830,0.1169083745767169,1297
cg11784799,0.116907149537022,1297
cg07942135,0.1169016168134043,1297
cg20690695,0.11688476270855391,1297
cg17831791,0.11687948211140792,1297
cg26373733,0.11687468685313893,1297
cg21556281,0.11687275222129764,1297
cg10272601,0.11686821055627393,1297
cg16754788,0.11685981350457458,1297
cg01408860,0.11685706670966667,1297
cg16645983,0.11685663252456968,1297
cg04956511,0.11683560625609662,1297
cg02387803,0.11681494942002965,1297
cg19836199,0.1168055901144292,1297
cg09614415,0.11679926465386273,1297
cg11239720,0.11679391632492028,1297
cg09234616,0.1167911224134163,1297
cg16162930,0.11678686955934503,1297
cg02766845,0.11677906658711285,1297
cg06765217,0.11675637349261776,1297
cg20792590,0.11674843662005457,1297
cg18684142,0.11674633102163218,1297
cg13737221,0.116717016548648,1297
cg14552732,0.11671408336600245,1297
cg21386140,0.11671008606493648,1297
cg24035245,0.11670707309498157,1297
cg20727434,0.11669290521876866,1297
cg15731317,0.116677454727875,1297
cg22522598,0.11664605073264583,1297
cg00683332,0.1166448995836191,1297
cg27364741,0.11664379671565778,1297
cg09469554,0.1166318301888051,1297
cg15077193,0.11663152409840227,1297
cg20785796,0.11662329564153617,1297
cg18261050,0.11659669080276355,1297
cg08577953,0.11658679888335904,1297
cg11073811,0.11657587257568627,1297
cg07936950,0.11657303541612732,1297
cg26702958,0.1165584149089475,1297
cg07275305,0.11655600862987292,1297
cg03308399,0.11655012002327417,1297
cg20501518,0.11654802648115087,1297
cg23192683,0.11654509813918207,1297
cg10213875,0.11652644943612855,1297
cg24500294,0.11652606193013254,1297
cg19391924,0.1164965563657605,1297
cg12116027,0.11648996290769442,1297
cg01602153,0.11648665696298936,1297
cg25903779,0.11648009775893514,1297
cg25637894,0.11647489911013253,1297
cg05227215,0.11647182039238102,1297
cg01884681,0.11646827112780056,1297
cg04011338,0.11644077122939611,1297
cg11173579,0.1164271456658374,1297
cg11492886,0.1164069544976879,1297
cg09580822,0.11640083898595921,1297
cg00868875,0.11639902396317814,1297
cg20693607,0.11639555481586442,1297
cg15054725,0.11638936134886271,1297
cg25755575,0.11638777872834119,1297
cg13973436,0.11638729413354562,1297
cg26724975,0.11638421202159357,1297
cg01886125,0.11638077601008456,1297
cg07124687,0.11637457966741932,1297
cg25743026,0.11636916937514219,1297
cg12305431,0.1163642629449877,1297
cg16375290,0.1163548556041622,1297
cg11449860,0.11635059982817053,1297
cg03649649,0.11634388650466493,1297
cg02583740,0.11633932456772128,1297
cg25032595,0.11632052913830515,1297
cg02346790,0.11631891463199051,1297
cg14305278,0.11630185749704536,1297
cg10168149,0.11630178672114935,1297
cg13924715,0.11629012521348295,1297
cg24557917,0.11627965976222221,1297
cg26444528,0.11627939561536871,1297
cg16061668,0.1162763416881542,1297
cg09476130,0.1162555313512163,1297
cg18908499,0.11625422746451525,1297
cg15580167,0.11623365930335372,1297
cg24694549,0.11622806999892812,1297
cg18047662,0.11622386442736818,1297
cg07834574,0.11621631264999463,1297
cg21270847,0.11621525402968019,1297
cg18395917,0.11620966207301592,1297
cg22055891,0.11619521460281901,1297
cg02983911,0.11619256507219716,1297
cg27032232,0.11619054157757584,1297
cg23994043,0.11618026385012095,1297
cg02366931,0.11617718480159628,1297
cg23967544,0.11616913175057222,1297
cg16410524,0.11616657783658052,1297
cg11144753,0.11615997513321744,1297
cg16087093,0.11614655513516053,1297
cg19021985,0.11614254785170697,1297
cg17907003,0.11613657009925543,1297
cg21101720,0.1161351210103605,1297
cg08136020,0.1161346618862974,1297
cg07113653,0.11613068584600272,1297
cg12635602,0.11611180337656418,1297
cg27426220,0.1161049508785765,1297
cg10226073,0.11609501414293133,1297
cg00495860,0.1160909540655759,1297
cg14386061,0.11608642336573305,1297
cg11145302,0.11608412202015195,1297
cg27218796,0.11608375370951399,1297
cg26112797,0.11607678641375907,1297
cg03078269,0.11607247057981313,1297
cg01817364,0.11605416870078117,1297
cg11536474,0.11604468849695229,1297
cg03186333,0.11603749819165465,1297
cg22796922,0.11602896935121315,1297
cg21097354,0.11599804077632442,1297
cg15384598,0.11599277669227422,1297
cg20677901,0.11595867894221426,1297
cg03606269,0.11594964907319699,1297
cg03339668,0.11594263629981694,1297
cg14717557,0.115928443119405,1297
cg08835103,0.1159223988377154,1297
cg17936488,0.11591240609762721,1297
cg24192660,0.11590651037259864,1297
cg16945186,0.11590458816524166,1297
cg09902229,0.11589638805426156,1297
cg06089606,0.11589493195097561,1297
cg15267232,0.11589295566673498,1297
cg09130077,0.11588592322849313,1297
cg17726692,0.11586722497113217,1297
cg25602756,0.11585680010468571,1297
cg26427109,0.11585419580643913,1297
cg07217341,0.11585203062065919,1297
cg14503441,0.11584276307197841,1297
cg07904475,0.11584228868490173,1297
cg16314254,0.11583292632692266,1297
cg04541368,0.11582992242630546,1297
cg09156097,0.11579370155604862,1297
cg26872907,0.11578925350373931,1297
cg01543184,0.11578063990603893,1297
cg02642549,0.11578001717839231,1297
cg21545862,0.11577769657943776,1297
cg12108912,0.11575637336807532,1297
cg22435335,0.11575395014695339,1297
cg15197135,0.1157462056456533,1297
cg25736251,0.11574122336771897,1297
cg20582941,0.11571810680159361,1297
cg14546128,0.11571653121163233,1297
cg18698431,0.11570175300591626,1297
cg21049397,0.1156994348677958,1297
cg10703826,0.11567464005218767,1297
cg09926389,0.11566608091501207,1297
cg24742298,0.11565729062728919,1297
cg19716433,0.11564713664056125,1297
cg26296894,0.11564528159382634,1297
cg23829024,0.11563311709638976,1297
cg26267430,0.11562153419379992,1297
cg02627455,0.11561790902646951,1297
cg09233429,0.11561088407286324,1297
cg15030949,0.11560312965789282,1297
cg09414535,0.11559686556764592,1297
cg21455600,0.11559200325778035,1297
cg22022716,0.1155771960479855,1297
cg07349208,0.11556357612574295,1297
cg11377136,0.11554824750440484,1297
cg21609154,0.11554722698052386,1297
cg02524112,0.11554176976737723,1297
cg01051524,0.1155395709356219,1297
cg25882256,0.11553042675805245,1297
cg11528914,0.1155128238834317,1297
cg03373714,0.11551064654290505,1297
cg01250212,0.1155103297584058,1297
cg17182817,0.11550302708569424,1297
cg06146977,0.1154965261684357,1297
cg07946977,0.1154907097366718,1297
cg04778178,0.11548824182959266,1297
cg23060646,0.11548156275015128,1297
cg16301599,0.11547768404375203,1297
cg06518838,0.11547758470953426,1297
cg12251895,0.11546841420751522,1297
cg02887841,0.11546444286530201,1297
cg01688536,0.11546261938057462,1297
cg27169860,0.11545809713014477,1297
cg17173816,0.11545720202923115,1297
cg19837124,0.11544567979801229,1297
cg17736443,0.11543966521759431,1297
cg10942056,0.115439104583171,1297
cg06270049,0.11543749055160335,1297
cg05403469,0.11543096259946067,1297
cg26698473,0.11542444935659818,1297
cg23931919,0.11542191346441727,1297
cg20100910,0.11542052219786245,1297
cg17130544,0.11540802360832847,1297
cg09225449,0.11540380390512563,1297
cg18794404,0.11540254341398493,1297
cg23740652,0.11539712735034788,1297
cg08738571,0.11539448656903922,1297
cg12444736,0.11539073291384422,1297
cg14712202,0.11539009780837922,1297
cg08070327,0.11538536617540424,1297
cg16034787,0.11538191230655204,1297
cg05236677,0.11537332142282616,1297
cg00460589,0.11536965940063065,1297
cg25588389,0.11536413112922916,1297
cg04484550,0.11535957498802052,1297
cg11347582,0.1153537865002919,1297
cg09137125,0.11535250069888409,1297
cg16382030,0.11534191533156835,1297
cg26116495,0.11532687242744266,1297
cg26273417,0.11532631231054863,1297
cg11608390,0.11532441890849354,1297
cg04003871,0.11531747959038627,1297
cg01483824,0.11530249256348701,1297
cg11729679,0.11530151028865138,1297
cg19240678,0.11529827222791308,1297
cg11804789,0.11529692842447761,1297
cg24139898,0.11528549763719023,1297
cg00092518,0.11527695554938538,1297
cg01720337,0.1152523508629539,1297
cg15380291,0.11524192879412237,1297
cg26885268,0.11523540401425689,1297
cg15126975,0.11522954439284246,1297
cg19714279,0.1152290003027808,1297
cg12974599,0.11520538857564033,1297
cg10673833,0.11520144644875391,1297
cg13470069,0.11520136629329444,1297
cg11194545,0.11519147824577183,1297
cg18384097,0.11519063044250694,1297
cg26796518,0.11518006365083094,1297
cg25416067,0.11517328699602353,1297
cg16608652,0.11517251713306195,1297
cg25428429,0.115165745652693,1297
cg17069068,0.11516257812819453,1297
cg08219218,0.11515774341986346,1297
cg03306486,0.1151576913172547,1297
cg00050482,0.11513710207317757,1297
cg10660253,0.11513701790107345,1297
cg16179938,0.11512914182749615,1297
cg24826696,0.11510533510440449,1297
cg18944010,0.11510051012349945,1297
cg00497909,0.11509582146648928,1297
cg00565688,0.11508953225796231,1297
cg23322933,0.11508902908059698,1297
cg17200810,0.11508701201132901,1297
cg14345676,0.11507790795441841,1297
cg26297005,0.11506045219566785,1297
cg21538684,0.11505383438714178,1297
cg19735250,0.11504400195202497,1297
cg22029587,0.11504248569895748,1297
cg15140902,0.1150421899250419,1297
cg00314029,0.11503399892367033,1297
cg18249580,0.11502990615702854,1297
cg16321975,0.11502468643082098,1297
cg24620761,0.1150196598636033,1297
cg08879470,0.11501297172103733,1297
cg05234121,0.11501096451428053,1297
cg09602288,0.11498799913046906,1297
cg15292765,0.1149866882212216,1297
cg03171924,0.11498458668988507,1297
cg15095922,0.1149826880974544,1297
cg26484108,0.11496903067896569,1297
cg25626472,0.11494733967526422,1297
cg05878887,0.11494192425860233,1297
cg22164298,0.11494189594815618,1297
cg22856324,0.11494166231888223,1297
cg12881520,0.11493940377441436,1297
cg06183338,0.11492819834130036,1297
cg15197065,0.11492496091292051,1297
cg00185066,0.11492068836507513,1297
cg16672562,0.11491937533153557,1297
cg06984848,0.1149001554370028,1297
cg24128998,0.11488085569630219,1297
cg24562110,0.11487566351901204,1297
cg23670904,0.11487111243861706,1297
cg17415265,0.11487078768883786,1297
cg21188037,0.11486864703512961,1297
cg13344095,0.1148567616772759,1297
cg01089914,0.11480806293157986,1297
cg20935363,0.1148043656757623,1297
cg03885270,0.11480225076034833,1297
cg15504461,0.1147959536854957,1297
cg06008926,0.11478987889739878,1297
cg14564351,0.11478770606086919,1297
cg19380793,0.11477808848366386,1297
cg00988841,0.11477226909617744,1297
cg10280963,0.11476787284995879,1297
cg26818625,0.11475647809644907,1297
cg21538208,0.11475320077741857,1297
cg09093150,0.11473365519451886,1297
cg13446474,0.11469965248288291,1297
cg09143673,0.11468789650531341,1297
cg26115633,0.11468041760146311,1297
cg22982093,0.11466644532613543,1297
cg15085205,0.11464931124385563,1297
cg11030264,0.11464844898057769,1297
cg08367801,0.11464342310587156,1297
cg16329658,0.11463400663197643,1297
cg21376658,0.11463243269253248,1297
cg25407979,0.11462592011637063,1297
cg06976250,0.1146103443125053,1297
cg01552275,0.11460656126249719,1297
cg22798223,0.11460474737240958,1297
cg19889626,0.11460414124663518,1297
cg01377268,0.11460034226011129,1297
cg25999637,0.11458828406535188,1297
cg15579587,0.11458556366783287,1297
cg22156700,0.11457746414932704,1297
cg19923393,0.1145752244852723,1297
cg18847598,0.11457088260384218,1297
cg21526750,0.11456814089571174,1297
cg16329589,0.11456786020249571,1297
cg11257728,0.11455932396066248,1297
cg20172627,0.11455031836713113,1297
cg26671477,0.11454207047006443,1297
cg19825759,0.11452562368534208,1297
cg24580076,0.1145210940282686,1297
cg24757926,0.11452006511886176,1297
cg07393734,0.11450240309678092,1297
cg16924010,0.1145010647694571,1297
cg23507945,0.11450076504869669,1297
cg12468255,0.11449247967638612,1297
cg00097146,0.11449123820667234,1297
cg26130488,0.1144906960369112,1297
cg07333715,0.11447218636832698,1297
cg04232282,0.114459786735469,1297
cg18723409,0.11445909695305045,1297
cg13952483,0.11445900723917993,1297
cg13818424,0.11445615506428858,1297
cg21045464,0.11445294663552785,1297
cg23013029,0.11444960063085868,1297
cg01851874,0.11444084860442583,1297
cg22614239,0.11442181004259103,1297
cg17581065,0.11441441693857113,1297
cg26125690,0.11441086051562316,1297
cg27326113,0.11440856817961526,1297
cg06776201,0.11440517048707363,1297
cg03598731,0.11440462381436439,1297
cg24787755,0.1144001599497027,1297
cg15679095,0.11439998610153873,1297
cg05013438,0.11438660397651401,1297
cg00194126,0.1143795194667562,1297
cg01062942,0.11437636192061668,1297
cg23964724,0.11437592399627752,1297
cg12085265,0.11436350669479534,1297
cg21222178,0.11436260877715249,1297
cg05968369,0.11436257739210204,1297
cg06401532,0.11435860197601502,1297
cg25702335,0.11435465610051398,1297
cg09122096,0.11435231082638042,1297
cg00466334,0.11433426802081237,1297
cg07682037,0.11433272244962162,1297
cg26466587,0.11432897917647561,1297
cg10241563,0.11432689710360816,1297
cg06582782,0.11429364860810223,1297
cg15818715,0.11428996221440782,1297
cg26962618,0.11428853265253425,1297
cg05164634,0.1142885180704245,1297
cg08793877,0.11428724225901726,1297
cg04329382,0.11427598266213868,1297
cg26958524,0.11427082542842759,1297
cg25461801,0.11426712787795335,1297
cg22754866,0.11425932942548778,1297
cg17479501,0.11425609762638744,1297
cg12918421,0.11425548389672802,1297
cg25066665,0.11425293855544841,1297
cg12085101,0.11425144057935466,1297
cg04617948,0.11422949598296295,1297
cg01323381,0.11422585915007633,1297
cg07316846,0.11421601709673646,1297
cg02154531,0.11420880871664929,1297
cg25339054,0.11420120999395592,1297
cg26837962,0.11419871177703123,1297
cg18795205,0.11419612127726037,1297
cg11146691,0.11418708461933844,1297
cg25947619,0.11416977018796554,1297
cg02101307,0.1141692078386991,1297
cg03494648,0.11415136202832632,1297
cg19923650,0.1141461082021187,1297
cg07810039,0.11413870264242745,1297
cg25576011,0.11413322717972081,1297
cg16243532,0.1141236400385055,1297
cg22876699,0.11411124460583918,1297
cg06166371,0.11409921600160439,1297
cg01951274,0.11409786185521936,1297
cg02037307,0.11409286365015292,1297
cg14651435,0.11408944521179804,1297
cg13265740,0.11408149634591608,1297
cg19928955,0.11407611513006294,1297
cg21210531,0.11407272199854632,1297
cg22400703,0.11407102172977315,1297
cg14035860,0.11407006097485406,1297
cg08231349,0.11404928857172461,1297
cg23858650,0.11404825479396241,1297
cg09549073,0.11404564887570312,1297
cg17705066,0.11404321793723876,1297
cg07355507,0.11403217259327808,1297
cg18645081,0.11402186329974412,1297
cg22235407,0.11401737423807244,1297
cg11309785,0.11400980227614002,1297
cg18620306,0.11400810562097372,1297
cg25923345,0.11399012806685688,1297
cg04964617,0.11398294082798188,1297
cg22507723,0.11398263658290939,1297
cg09048251,0.11398251373007726,1297
cg17104258,0.11397739850112631,1297
cg06496728,0.11397736435969619,1297
cg24137774,0.11397300705218616,1297
cg17174764,0.11397236117945642,1297
cg16112880,0.11396999342620653,1297
cg09262666,0.11396670747977056,1297
cg13906823,0.11394951746432147,1297
cg03712403,0.1139260105767182,1297
cg18240331,0.11392411819323069,1297
cg10255237,0.11392059243104563,1297
cg26953293,0.11391067932201843,1297
cg21398469,0.11390847552666478,1297
cg13551098,0.11390290084025789,1297
cg18561589,0.11390287463189439,1297
cg00610577,0.1139020438782486,1297
cg08436738,0.11386456354110308,1297
cg17274742,0.11385626428852025,1297
cg21130926,0.11385112696887234,1297
cg27218993,0.11384734391317294,1297
cg04894169,0.11384668095972927,1297
cg25940392,0.11384587058267148,1297
cg16236270,0.11382757571633334,1297
cg17664099,0.11382596789101318,1297
cg08866991,0.11380217371756934,1297
cg23298862,0.11378203619137403,1297
cg18177414,0.11378157424945468,1297
cg25834768,0.11377832038603547,1297
cg16675357,0.11377164609565499,1297
cg02914427,0.11376650005585309,1297
cg05621339,0.11374673447652578,1297
cg25560775,0.11374655355444108,1297
cg21644489,0.11373835973848789,1297
cg23336695,0.11373622291228191,1297
cg23454797,0.1137320377133314,1297
cg24405470,0.11372804175062515,1297
cg04515001,0.11372638357751177,1297
cg05921905,0.11372371229925321,1297
cg16785381,0.11371487689399165,1297
cg14266527,0.1137141543539964,1297
cg20667480,0.11370892822008516,1297
cg17504394,0.11370729695681261,1297
cg06609094,0.11370267098174083,1297
cg07481320,0.11369571630855627,1297
cg16768018,0.1136950228422926,1297
cg04601228,0.11368387854974299,1297
cg01733904,0.11367982997901938,1297
cg15212455,0.11367913037576122,1297
cg10572355,0.11367896345116085,1297
cg22507154,0.11367691796163165,1297
cg04951104,0.11367470177447025,1297
cg06215569,0.11366736086246026,1297
cg11956442,0.11366063918769989,1297
cg05016408,0.11365109473589696,1297
cg16997642,0.11364084429036497,1297
cg09625259,0.11363681657092872,1297
cg11784243,0.11363658219524525,1297
cg11944462,0.11362860991059193,1297
cg03361164,0.11362821770776668,1297
cg13158272,0.11362150201408797,1297
cg02833614,0.11361433902105594,1297
cg03531984,0.11360373038233462,1297
cg06623219,0.11359587778749722,1297
cg00457087,0.11359537080576532,1297
cg08076266,0.1135911093055238,1297
cg23302570,0.11358992817093344,1297
cg13912307,0.11358839023399503,1297
cg22328895,0.11358715964693891,1297
cg07405182,0.1135833577588928,1297
cg14559259,0.11357807227654937,1297
cg02220418,0.11357689562248419,1297
cg14904662,0.11356921681171511,1297
cg17943672,0.11356761385427985,1297
cg04227892,0.1135459920235311,1297
cg06294470,0.11354089364101327,1297
cg03131724,0.11353649613637953,1297
cg03616722,0.11352539854538762,1297
cg24459792,0.1135195601267564,1297
cg26837644,0.11349181521531587,1297
cg18420599,0.1134883086794847,1297
cg07852840,0.11348607938975167,1297
cg09780241,0.11348363233742151,1297
cg11945474,0.11347912277004452,1297
cg24046475,0.11347764753729828,1297
cg19023876,0.11347268145342806,1297
cg06638795,0.11346638165794906,1297
cg00829404,0.11345938310409903,1297
cg27490101,0.1134578445052698,1297
cg00332937,0.1134569091048552,1297
cg01517680,0.11345434080564953,1297
cg08859215,0.1134461323889687,1297
cg23519637,0.11341852266388036,1297
cg22568423,0.11341636017787073,1297
cg11334870,0.1134153731480641,1297
cg23241448,0.11341206296293248,1297
cg19632836,0.1134109641622229,1297
cg27349333,0.11341039098555164,1297
cg06690831,0.11340366340620747,1297
cg18064754,0.11340071482305861,1297
cg26833652,0.1133818550136706,1297
cg18010718,0.11337594541148743,1297
cg14240060,0.11337549332634217,1297
cg00002033,0.11337135060584749,1297
cg21939215,0.1133712704375946,1297
cg14286546,0.11336790196892371,1297
cg20170223,0.1133664923872511,1297
cg27152208,0.11335615095096946,1297
cg06385087,0.11334531475483245,1297
cg16712866,0.11334430431165221,1297
cg19425295,0.11333899094797373,1297
cg25782256,0.11333858898884813,1297
cg02341637,0.11333800019766868,1297
cg06594404,0.11333570683629776,1297
cg03799405,0.11332818469287595,1297
cg13488556,0.11332350772806343,1297
cg07274406,0.1133147639016748,1297
cg19931491,0.11331041470747444,1297
cg12974388,0.11329220450027652,1297
cg02779037,0.11329071467689722,1297
cg26531231,0.1132621488068219,1297
cg03231596,0.11321861955036594,1297
cg18448746,0.11321498370929281,1297
cg27202779,0.11320832582836521,1297
cg14709691,0.11317977637322653,1297
cg21497060,0.11317861737060869,1297
cg10040530,0.11316882831887609,1297
cg15936366,0.11316625975511593,1297
cg13945749,0.11315257886871549,1297
cg03022680,0.11314826947935805,1297
cg11182874,0.11314808465217724,1297
cg23150604,0.11314696059331694,1297
cg05997414,0.11314406244183073,1297
cg03548062,0.11312452639970455,1297
cg07617759,0.11312424524951759,1297
cg01490094,0.11312332711805548,1297
cg02343823,0.11312297766354998,1297
cg08141395,0.1131080935497569,1297
cg20952901,0.1130802658983172,1297
cg13614409,0.11307929011521933,1297
cg21334513,0.11307423537454822,1297
cg08274637,0.11307295823805813,1297
cg02609279,0.11306921662700176,1297
cg16565913,0.11306908868452606,1297
cg18952026,0.11306303983899114,1297
cg20852226,0.11305683039602782,1297
cg06380123,0.1130550821885643,1297
cg02876276,0.11304570352112997,1297
cg24486037,0.11304484152923852,1297
cg03576469,0.11304151710036449,1297
cg17478979,0.11303903176201313,1297
cg10996596,0.1130374761565317,1297
cg22610655,0.11303361301981102,1297
cg24002149,0.11303013846671431,1297
cg27396830,0.1130282403610246,1297
cg13879455,0.11302618788043446,1297
cg15718528,0.11300639916871763,1297
cg15962969,0.11299649305667947,1297
cg02391713,0.11299381161966002,1297
cg04454664,0.1129831203496611,1297
cg24641186,0.11298216795279017,1297
cg12243980,0.11298014776608734,1297
cg22070156,0.11297680208281718,1297
cg01817067,0.11296609535310681,1297
cg14891209,0.11295853515191351,1297
cg12506930,0.11295562920069377,1297
cg20592766,0.11295337131652136,1297
cg13540960,0.11295273128061845,1297
cg22720392,0.11294002484613591,1297
cg01120132,0.1129245036710892,1297
cg14659662,0.11290958275184448,1297
cg15775406,0.11290825071521421,1297
cg16711011,0.11290730436767973,1297
cg14101687,0.11290407549966291,1297
cg08135406,0.11290350998747661,1297
cg14643892,0.1129023068275849,1297
cg01361351,0.11289756864793549,1297
cg20974609,0.11289298867308506,1297
cg13436110,0.11289194571557634,1297
cg17560015,0.11289106894928452,1297
cg01807313,0.11288388662691629,1297
cg13786863,0.11287549571247038,1297
cg08834350,0.11286606030606985,1297
cg01332342,0.11285887985761087,1297
cg03171003,0.11285616721437514,1297
cg24030630,0.11285208015248197,1297
cg02772995,0.11285074548038365,1297
cg20373544,0.11284768185912897,1297
cg04408104,0.11283293319465332,1297
cg23359665,0.11282562151502323,1297
cg08828819,0.1128191313888871,1297
cg09701233,0.11280057187000325,1297
cg22506548,0.11279623832530217,1297
cg11310863,0.11279400966711417,1297
cg18334881,0.11278880533555932,1297
cg13172549,0.1127843155080323,1297
cg11508406,0.11278161429295164,1297
cg26123605,0.11277970759193598,1297
cg21635870,0.11276883681047231,1297
cg17097782,0.1127652381370946,1297
cg07208425,0.11276288669215906,1297
cg17496659,0.11275972365851109,1297
cg05825053,0.11274746397067853,1297
cg02748089,0.11274609953088927,1297
cg23543318,0.11274371956966095,1297
cg10530767,0.11273309160801936,1297
cg19880790,0.11273065500697091,1297
cg03167413,0.11272936655099983,1297
cg09311683,0.11272338813467309,1297
cg10269365,0.1127224586404039,1297
cg18316974,0.11272206939003765,1297
cg04860563,0.11270792934926921,1297
cg05453358,0.1127044552373726,1297
cg26845390,0.11268898874922378,1297
cg07990843,0.1126877299936829,1297
cg04987071,0.11268540902039609,1297
cg13189207,0.11266982272328524,1297
cg00759427,0.112669120465614,1297
cg25460753,0.11266127978887919,1297
cg21424703,0.11266092051392912,1297
cg19853565,0.11265988303665345,1297
cg26363363,0.11263726060305257,1297
cg09991306,0.11261799778611042,1297
cg16037981,0.11261023846836654,1297
cg23089272,0.11260929877052023,1297
cg23367339,0.11260374029721065,1297
cg17462560,0.11260294745097543,1297
cg19102771,0.11260285458931865,1297
cg16628066,0.11259942804869075,1297
cg03146625,0.11259570238381456,1297
cg01657186,0.11259479831533964,1297
cg20817131,0.1125727701130983,1297
cg13375188,0.11256262207431522,1297
cg15443535,0.11254657807937163,1297
cg27405400,0.112544460982555,1297
cg27131563,0.11254352843760468,1297
cg03230711,0.1125433535591594,1297
cg12972705,0.11254330870925772,1297
cg03517776,0.11252265602613767,1297
cg22740835,0.11252055739072042,1297
cg13331196,0.11251385500738337,1297
cg09866569,0.11248873921878316,1297
cg01331810,0.11248611182811005,1297
cg09777775,0.11248478367519857,1297
cg00545886,0.11247025611833908,1297
cg25217276,0.11246967688163742,1297
cg02095697,0.11246775469964498,1297
cg26158194,0.11246710173790081,1297
cg18975130,0.11246642387383282,1297
cg18275589,0.11245680322776372,1297
cg26783057,0.1124512404192951,1297
cg03013917,0.11244657113597392,1297
cg18443359,0.11243557343880434,1297
cg23402467,0.11243465282650134,1297
cg22369786,0.1124339659002288,1297
cg06568438,0.11242975464668173,1297
cg06064964,0.11242131841402214,1297
cg23286646,0.11241658472303086,1297
cg07254421,0.11241638660075934,1297
cg07933078,0.11241518824276653,1297
cg20354777,0.11241428006726151,1297
cg27661315,0.11241290142740479,1297
cg14602220,0.11241166737145075,1297
cg18499201,0.11241122911323914,1297
cg11011512,0.1124055434702334,1297
cg03322979,0.11240372168875387,1297
cg21587006,0.11239869073482045,1297
cg04126261,0.1123951409653266,1297
cg04806150,0.11239333203317237,1297
cg10810804,0.1123802581058363,1297
cg20202112,0.11237737443279683,1297
cg16265717,0.11236941121868149,1297
cg04243822,0.1123578180995885,1297
cg26248173,0.11234858051678183,1297
cg02486855,0.11234490527565236,1297
cg17898069,0.11234394298402017,1297
cg07450210,0.1123425088940681,1297
cg08480068,0.11233948751381823,1297
cg12901574,0.11233089399140578,1297
cg06358671,0.11232790540018658,1297
cg13186228,0.11231568670035541,1297
cg07486230,0.11231347917666279,1297
cg26081974,0.11230587219516841,1297
cg25425140,0.11230558959406689,1297
cg13341982,0.11230378762527754,1297
cg09642777,0.11229608348024545,1297
cg10374009,0.11228947219164134,1297
cg23141355,0.11227278090039505,1297
cg03436397,0.11226449062560423,1297
cg10661191,0.11226353601329489,1297
cg07382347,0.11226006558086757,1297
cg09250933,0.11225743816736447,1297
cg08268692,0.11225636196922234,1297
cg13023870,0.11225507893377154,1297
cg26522157,0.11225086103421547,1297
cg12486498,0.11224622524982764,1297
cg03852847,0.1122458180773919,1297
cg22049858,0.1122389326329585,1297
cg04540383,0.11223674125614194,1297
cg09284949,0.1122359284826954,1297
cg23691894,0.11223357763925154,1297
cg23687466,0.11222421689116918,1297
cg13187009,0.11222119622314133,1297
cg23161999,0.11221994266782612,1297
cg25189085,0.11221625487968107,1297
cg21917448,0.11220185055860704,1297
cg00487187,0.1121896476271517,1297
cg08180229,0.11217603160569156,1297
cg01536979,0.11217401914194691,1297
cg02388378,0.11217353469748473,1297
cg25997219,0.11216228789496513,1297
cg07138437,0.11215402018102644,1297
cg23093496,0.11214855068783347,1297
cg16653138,0.11214850907959069,1297
cg12587213,0.1121338096923224,1297
cg21464975,0.1121330164569766,1297
cg12016746,0.11212945863551041,1297
cg12538674,0.11212654936358218,1297
cg24722950,0.1121234932138771,1297
cg26279216,0.11212037741189995,1297
cg19082359,0.11211982391285391,1297
cg01565314,0.11211912655882164,1297
cg06159269,0.11211549601451479,1297
cg18640250,0.112102901652118,1297
cg18237047,0.11210151575063837,1297
cg01889143,0.11210072154562106,1297
cg22687244,0.11210000882514115,1297
cg11447849,0.11208992036733972,1297
cg04942516,0.11208285124607353,1297
cg15214183,0.11208144662284815,1297
cg02395846,0.1120699936681813,1297
cg25106707,0.1120682229512108,1297
cg20717798,0.1120598108914187,1297
cg01552711,0.11205774396402735,1297
cg20557801,0.11204126015186525,1297
cg17128947,0.11203727043226319,1297
cg25927215,0.11203582673526338,1297
cg14602530,0.11203477289210584,1297
cg04716021,0.1120297397634322,1297
cg18716912,0.11201756052488743,1297
cg02799880,0.11201475790562965,1297
cg06764239,0.11201191281654926,1297
cg16577356,0.11200164296461557,1297
cg10861751,0.1119936896500987,1297
cg07835424,0.11199309870181638,1297
cg03707308,0.11198491888993739,1297
cg27518240,0.11197116787542655,1297
cg14275842,0.1119640260286211,1297
cg23120601,0.11196053316820026,1297
cg25203245,0.1119557398123098,1297
cg20577468,0.1119464186387805,1297
cg24691891,0.11194138143888335,1297
cg11471805,0.11193575354845697,1297
cg06002516,0.11192963237073242,1297
cg07088950,0.11192847048989454,1297
cg08394412,0.1119271098261598,1297
cg26457248,0.11192507588810768,1297
cg18173726,0.11192192343033769,1297
cg26827725,0.11191437714391009,1297
cg22006640,0.11191294249953673,1297
cg22309983,0.11190996425913396,1297
cg17650397,0.11189914060496992,1297
cg22537334,0.11189625551091892,1297
cg06495961,0.11189557520592759,1297
cg08047457,0.11189270460695636,1297
cg05125455,0.11188361942672309,1297
cg22943986,0.11187890855336455,1297
cg20080878,0.11186891371225527,1297
cg13313598,0.11186432677782536,1297
cg11871960,0.1118579853803208,1297
cg02843349,0.11185022600866826,1297
cg13530938,0.11184857648982782,1297
cg26135388,0.11184540753508482,1297
cg03701930,0.11184364131902824,1297
cg02326386,0.11184269761145016,1297
cg04654530,0.11183139560506541,1297
cg21571135,0.11182015552749536,1297
cg11960708,0.11181957560786293,1297
cg07922606,0.11179091182755485,1297
cg13578134,0.11177071651041393,1297
cg26023087,0.11176763412274071,1297
cg01134643,0.11176462233436105,1297
cg15477363,0.11176422389843599,1297
cg14161589,0.11176350453463924,1297
cg18294691,0.11176315367175592,1297
cg24005685,0.11174728911603327,1297
cg08086720,0.11174220249937061,1297
cg14245471,0.11173826880197485,1297
cg19653345,0.11173807681856218,1297
cg21355828,0.11173669380311221,1297
cg04142864,0.11172868368985456,1297
cg09282336,0.1117237944040037,1297
cg00928596,0.11171476068380631,1297
cg02506248,0.11171249645518042,1297
cg16202331,0.11171049126771915,1297
cg03173502,0.11170787006962563,1297
cg01922613,0.11170500447344373,1297
cg11174855,0.11170378728510305,1297
cg08697503,0.11170303354671157,1297
cg17008486,0.11169268293537843,1297
cg12374721,0.11169051589361778,1297
cg02330501,0.11168360930877219,1297
cg19233472,0.11167317541585778,1297
cg21644111,0.11167165505843185,1297
cg17527673,0.11167007108361376,1297
cg07420137,0.11166364188358624,1297
cg03432814,0.11166215712793764,1297
cg21587238,0.11166078448244271,1297
cg25025181,0.111637289227771,1297
cg01663696,0.11163340413287323,1297
cg24836826,0.11163330058972856,1297
cg04523661,0.11162813134150784,1297
cg02494582,0.11162812924729981,1297
cg25508319,0.11162314514501198,1297
cg08886823,0.11162036380545928,1297
cg08308801,0.11161730976054046,1297
cg18629407,0.11161053879825056,1297
cg16402452,0.11161043623016277,1297
cg13699355,0.11160825121296042,1297
cg08276755,0.11160667835139182,1297
cg12541454,0.11160593895478266,1297
cg14517355,0.11159784388780031,1297
cg04568492,0.11159576027854098,1297
cg13759674,0.11159330190682921,1297
cg13878677,0.11159058493914376,1297
cg16714154,0.11158470246180413,1297
cg13761321,0.11157342822047611,1297
cg16705395,0.11157339156980534,1297
cg25590826,0.11156847417053517,1297
cg10095954,0.11155522292503547,1297
cg05697726,0.11155167000055621,1297
cg14676272,0.11155152915328609,1297
cg17868538,0.1115457099667064,1297
cg07754999,0.11153193954321039,1297
cg09645993,0.1115315844022916,1297
cg26198107,0.11153114557916671,1297
cg22118524,0.11152665840280232,1297
cg00956759,0.11152292846919978,1297
cg23032993,0.11152098489382395,1297
cg02362103,0.11151498030194387,1297
cg01887995,0.11150999624001642,1297
cg17348244,0.1115098310996325,1297
cg27197651,0.11150976046109454,1297
cg10150530,0.11150824705894818,1297
cg22848598,0.11150452607431766,1297
cg05976168,0.11149993884427695,1297
cg22795586,0.11149791873588982,1297
cg19192626,0.11149266503586422,1297
cg04785083,0.11148492646593644,1297
cg26572651,0.11148167832511285,1297
cg09484852,0.11148045490001557,1297
cg10129154,0.11147809372098669,1297
cg17569124,0.1114773164727875,1297
cg01110839,0.11147445505047354,1297
cg15164702,0.11146556249948086,1297
cg07740894,0.11146301640140072,1297
cg17959970,0.11146110252675873,1297
cg00863007,0.11146106190725136,1297
cg21547371,0.11145953344864443,1297
cg12642431,0.11145494788860796,1297
cg20663831,0.11144980129712082,1297
cg10946576,0.11144835136474318,1297
cg25494075,0.11144636650377979,1297
cg12664749,0.11144215331927074,1297
cg27404023,0.11141845944646062,1297
cg18069290,0.11141593983737719,1297
cg06721601,0.1114067099384351,1297
cg18155913,0.11140490212874737,1297
cg25451702,0.11140338500397345,1297
cg05796838,0.11140288532548845,1297
cg25243455,0.11139896773881544,1297
cg05547777,0.1113892513833957,1297
cg24923866,0.1113862832254508,1297
cg20921479,0.1113653371559511,1297
cg07143623,0.11136227234673718,1297
cg23782616,0.11136154023360756,1297
cg02120658,0.11134958922867598,1297
cg13836098,0.11134949594431431,1297
cg14654833,0.11134891619265674,1297
cg04915044,0.1113478235474078,1297
cg06633978,0.11134740142338509,1297
cg17516271,0.11133941044417961,1297
cg25851789,0.11133613795352112,1297
cg14769786,0.11133348954982299,1297
cg02282631,0.1113328690784329,1297
cg19074493,0.11132258502760206,1297
cg13002506,0.11132142260545164,1297
cg18384588,0.11131010171175834,1297
cg12661316,0.111306663035531,1297
cg19212767,0.11130416222349399,1297
cg19643053,0.1113036952845522,1297
cg01409709,0.11130224511617082,1297
cg27082921,0.11130198895594756,1297
cg10439246,0.11130121449382534,1297
cg10257870,0.11129994785566819,1297
cg08767044,0.11129954463284514,1297
cg14245228,0.11129773583650993,1297
cg00792424,0.11128664775027464,1297
cg02540827,0.11128192697930073,1297
cg24902920,0.11128180713021452,1297
cg17489690,0.11127967944354517,1297
cg03972751,0.11127516189848274,1297
cg11613741,0.11126938463015373,1297
cg07959070,0.11125950557938498,1297
cg17431280,0.11125823992200237,1297
cg22685807,0.11123783014427989,1297
cg16252110,0.11123521184171042,1297
cg04770088,0.11123345234860285,1297
cg00210271,0.11122582465372574,1297
cg14567043,0.1112222392522764,1297
cg21769117,0.11121244060488822,1297
cg02590401,0.11121179075452442,1297
cg03930313,0.11120297556676595,1297
cg02657012,0.11120206565829444,1297
cg08283130,0.11120073798992494,1297
cg02595832,0.11119720015512351,1297
cg01044293,0.11119250204168385,1297
cg01483139,0.11118972107382336,1297
cg04117801,0.11118928203417555,1297
cg14729148,0.11118926757142122,1297
cg23497383,0.11118374018961696,1297
cg24685006,0.11117711238160402,1297
cg17386213,0.1111742698601183,1297
cg00005740,0.11116667272490002,1297
cg18894552,0.1111483195250074,1297
cg06962177,0.11114424599203353,1297
cg14425564,0.11112553502003955,1297
cg01803928,0.11112414342051241,1297
cg07522913,0.11110698444690603,1297
cg04007726,0.11110597542970327,1297
cg11802899,0.11110269312796472,1297
cg06574757,0.11109715118169736,1297
cg06791695,0.11109240542435084,1297
cg01070987,0.11108511468348087,1297
cg21484586,0.1110819360862847,1297
cg08893692,0.11107729325433746,1297
cg00318947,0.11107724423504023,1297
cg06373660,0.11106544090176632,1297
cg16322121,0.1110644737807247,1297
cg25747192,0.11105659559822637,1297
cg00918181,0.11105147580216371,1297
cg23792314,0.11104115682479519,1297
cg03423149,0.11103295260911762,1297
cg21705897,0.11102119648399318,1297
cg23733384,0.11101861351209175,1297
cg26337816,0.11100817116503353,1297
cg19960420,0.11100536165365338,1297
cg14098223,0.1109989818184488,1297
cg16017420,0.11099248769305167,1297
cg16631326,0.11099165597175498,1297
cg25371919,0.11098117618915682,1297
cg21737444,0.11097724682338683,1297
cg24391989,0.1109662254002996,1297
cg00317626,0.11096436504700646,1297
cg20634967,0.11096372537191426,1297
cg26354493,0.11095301367765134,1297
cg01952913,0.11094370281568905,1297
cg10578007,0.11094224147688797,1297
cg09449150,0.11094129824697915,1297
cg14160518,0.11092591602749358,1297
cg11823253,0.11092204076883597,1297
cg18617005,0.11092182449209301,1297
cg12982531,0.11091710558029239,1297
cg01336390,0.11091030971530477,1297
cg05209917,0.11090926847424179,1297
cg05398903,0.11090253643762282,1297
cg13490575,0.11089983784944724,1297
cg01012713,0.11089117244096239,1297
cg05408649,0.11089103860375904,1297
cg06398881,0.11088438299884307,1297
cg09853238,0.11088223207315867,1297
cg03107310,0.11088166423232715,1297
cg08847614,0.11087932460803018,1297
cg19490598,0.11087624357596798,1297
cg03190219,0.11087160810840985,1297
cg15255390,0.11087095789874807,1297
cg05784193,0.1108687073230174,1297
cg25923609,0.11086434897965802,1297
cg02892388,0.11086131611334421,1297
cg15368264,0.11086020023124002,1297
cg27104173,0.11085763853583264,1297
cg06139006,0.11085064572310258,1297
cg13898104,0.11083566152515728,1297
cg20274267,0.11083093597042054,1297
cg11505113,0.11082355453412909,1297
cg23850174,0.11082200316526647,1297
cg01363714,0.11082180185473667,1297
cg25428929,0.11081755347694666,1297
cg03698145,0.11081576294051215,1297
cg22865470,0.11081575176527877,1297
cg04525002,0.11081267345139684,1297
cg27175093,0.11080393416620327,1297
cg26296488,0.11079277834322016,1297
cg16308540,0.11079269003461928,1297
cg13486532,0.11078599616198065,1297
cg22620090,0.11078295765865148,1297
cg00375608,0.11077905943235969,1297
cg00037681,0.1107789706246261,1297
cg04196691,0.11077142163810405,1297
cg13929328,0.1107699531856472,1297
cg27275352,0.11076036849254504,1297
cg18525352,0.11075992691604718,1297
cg02147681,0.11075814567369333,1297
cg21935981,0.11075744859441461,1297
cg11366849,0.11075259927086911,1297
cg04248271,0.11072489809333594,1297
cg26547898,0.11070864375088751,1297
cg27049766,0.11069916718416811,1297
cg05350360,0.11069491645507051,1297
cg19789753,0.1106905803476548,1297
cg17551002,0.11068638558924873,1297
cg13573375,0.11068452647892968,1297
cg05797854,0.11068436354655534,1297
cg23928165,0.11068191219841464,1297
cg16911583,0.1106727680749659,1297
cg17699214,0.11066666850398638,1297
cg18812904,0.11065651880291016,1297
cg20142213,0.1106553097039567,1297
cg01446627,0.11064863791219356,1297
cg11083416,0.11063538349632124,1297
cg19476053,0.11062710575482027,1297
cg24956533,0.11061880655853915,1297
cg19247310,0.11061753548602482,1297
cg21048938,0.11061529125437697,1297
cg26598899,0.11061026431806564,1297
cg03807298,0.11060695845258692,1297
cg05136737,0.11059682599805695,1297
cg18081338,0.11059339593599624,1297
cg26002713,0.1105873266280387,1297
cg12038696,0.11058441388613047,1297
cg22621867,0.11057590695004949,1297
cg24480379,0.11057023937482877,1297
cg16119522,0.11055640241812204,1297
cg12534147,0.11055135762658677,1297
cg13695746,0.11054859054316996,1297
cg22264898,0.11054455677153902,1297
cg19940225,0.11054273878244317,1297
cg21995304,0.11053610054484062,1297
cg18369516,0.11053198682954829,1297
cg04615639,0.11053160745345761,1297
cg13879483,0.1105248871714676,1297
cg21725878,0.1105236924307777,1297
cg09337852,0.11051804099258766,1297
cg02694427,0.11051703761915355,1297
cg06272010,0.11051583895781258,1297
cg04031093,0.11050459441250327,1297
cg01963224,0.11050316480059258,1297
cg17213699,0.11049631451012698,1297
cg14848289,0.11049423866521965,1297
cg14968543,0.11048930535793233,1297
cg22871653,0.11048918104693403,1297
cg14798653,0.11048279891460983,1297
cg20316883,0.11048193404790557,1297
cg25388952,0.11047710609417863,1297
cg06710981,0.11047510979881703,1297
cg03242471,0.11046942895095313,1297
cg09837977,0.11046611795512298,1297
cg19214097,0.11046079758300253,1297
cg13280041,0.11046006067150049,1297
cg11599864,0.11045857112685026,1297
cg24361808,0.11045214082813515,1297
cg23597057,0.11045061434106417,1297
cg01434649,0.11044998149528554,1297
cg16391242,0.11044878718985021,1297
cg07832674,0.11044721995204743,1297
cg25426302,0.11044342870460083,1297
cg20949700,0.11043846168267224,1297
cg03799283,0.11042892843150554,1297
cg25765104,0.11041774470705396,1297
cg15993723,0.11040678514452881,1297
cg25397922,0.11040544118628265,1297
cg23087108,0.11040175301435956,1297
cg03549705,0.11039885391772025,1297
cg08615333,0.11038713892360386,1297
cg27272235,0.11038652088205528,1297
cg19669385,0.11038099381461691,1297
cg18470427,0.11037166481971519,1297
cg06644998,0.11036938354867765,1297
cg23418968,0.1103673255627256,1297
cg08847173,0.11036630952009399,1297
cg09712756,0.11036121875877059,1297
cg07274716,0.11036004985005593,1297
cg02320543,0.11035394654181907,1297
cg04707332,0.11035265251035845,1297
cg02670123,0.11034940427998764,1297
cg11702085,0.11034533799252205,1297
cg26781524,0.1103447682530237,1297
cg23986590,0.11034062191430383,1297
cg06729532,0.11033436579854755,1297
cg05758978,0.11032792719281895,1297
cg17485838,0.11032289453756117,1297
cg26718878,0.11032167249373415,1297
cg24040595,0.11032157031674045,1297
cg24091990,0.11032033747567926,1297
cg01987516,0.11031975092086216,1297
cg06627617,0.11031613031296467,1297
cg06825448,0.1103104270568479,1297
cg06401021,0.11030889674752889,1297
cg01262952,0.11030102332745456,1297
cg09231843,0.1102996439509919,1297
cg15700197,0.11029272450210328,1297
cg02318139,0.11028414578348211,1297
cg04678141,0.11027814369898467,1297
cg01689438,0.11027553676419835,1297
cg14462124,0.11027275360926167,1297
cg12258785,0.1102669553978689,1297
cg07355189,0.11026586370195127,1297
cg16124975,0.11026510080691898,1297
cg06728252,0.11026163928447724,1297
cg09153080,0.11026090902215774,1297
cg14427437,0.11025919007958235,1297
cg25453677,0.11025607590872077,1297
cg18956933,0.11024465238970782,1297
cg18670846,0.11023718003850647,1297
cg05760765,0.11023003616458524,1297
cg24675344,0.11021845717537501,1297
cg24116317,0.11021003828481363,1297
cg07843390,0.11020579041426123,1297
cg24080247,0.11020228199332693,1297
cg03846240,0.11018941726935849,1297
cg14210607,0.11018941705468072,1297
cg15258980,0.110186379703754,1297
cg03742724,0.11018345056429912,1297
cg20480642,0.1101822435534609,1297
cg14451276,0.11018120349644805,1297
cg16400631,0.11017713204329296,1297
cg14833024,0.11016656182978463,1297
cg02005600,0.1101647304938072,1297
cg21017569,0.1101477310289386,1297
cg07866001,0.1101453360951618,1297
cg25553466,0.1101386479576899,1297
cg23485307,0.11013790498553461,1297
cg10855978,0.1101326566558924,1297
cg07991704,0.11012916447843885,1297
cg14455925,0.11011343823180672,1297
cg19788186,0.11011272302607655,1297
cg18725573,0.11010868792553341,1297
cg08669718,0.11010570029869715,1297
cg08927844,0.11010410623111655,1297
cg13668207,0.11010090129945355,1297
cg06688803,0.11009740346625396,1297
cg16111737,0.11009509602076528,1297
cg12803053,0.11009438588707454,1297
cg11412466,0.11009294910634665,1297
cg20293650,0.1100815766692072,1297
cg08500417,0.11008150061440358,1297
cg07886100,0.11007926721466149,1297
cg01631215,0.11007776002806213,1297
cg03009240,0.11006601315323894,1297
cg21522159,0.11005140613877251,1297
cg08293102,0.11004195448121451,1297
cg11387340,0.11003854241419533,1297
cg03650119,0.11003588489304189,1297
cg26296101,0.11003223990823846,1297
cg18698788,0.11002899218993484,1297
cg22900057,0.11002660274622483,1297
cg23229261,0.11002557345897915,1297
cg18252903,0.11002325317166697,1297
cg27127608,0.1100212975933105,1297
cg26357596,0.11001407672050945,1297
cg01180479,0.11001378758075236,1297
cg07438452,0.11000847485069715,1297
cg11465213,0.11000195573419919,1297
cg18972013,0.10999915878862038,1297
cg10906729,0.10999853447246663,1297
cg08898155,0.10999574678280394,1297
cg14132388,0.10998506751516558,1297
cg05214511,0.10998410772120937,1297
cg01405040,0.10998181439971702,1297
cg14841828,0.10998125135549539,1297
cg27127903,0.10997055517305998,1297
cg08699206,0.10996879714312,1297
cg04667114,0.10996288745666633,1297
cg26720125,0.10996267137509858,1297
cg04918696,0.10996178477474572,1297
cg03890691,0.10995815752747104,1297
cg03738025,0.10995705805878393,1297
cg25449440,0.10994951222523597,1297
cg24769398,0.10994860172888349,1297
cg01817521,0.10994752154602536,1297
cg06609498,0.10994475450223551,1297
cg02565999,0.10994286791632807,1297
cg03891346,0.10994014767838292,1297
cg04671145,0.1099399942963058,1297
cg07839742,0.10993566625456724,1297
cg03462322,0.10993247470971498,1297
cg16581738,0.10992311668466392,1297
cg18817955,0.10992006009581301,1297
cg00943287,0.1099152295929004,1297
cg09386073,0.10991072814012298,1297
cg19449565,0.10990886772587824,1297
cg14999168,0.10990870157533789,1297
cg18148488,0.1099040799118921,1297
cg22822630,0.10990214375887408,1297
cg16836311,0.1098979157414211,1297
cg03321196,0.10989298699740813,1297
cg27100140,0.10988917624016381,1297
cg23595451,0.10988702589629926,1297
cg22891070,0.10988100347607732,1297
cg08091192,0.10987438619875137,1297
cg15873149,0.10987325969564649,1297
cg15881332,0.10987047324460392,1297
cg15550100,0.10986956015051991,1297
cg09323727,0.1098626921159166,1297
cg10632770,0.10986217274252669,1297
cg17496788,0.10986095367956106,1297
cg21561492,0.10986010133019139,1297
cg27136914,0.10985771498770247,1297
cg24880701,0.10985766740393318,1297
cg00001364,0.10985609150947989,1297
cg20860188,0.10985201756448898,1297
cg14987431,0.10984621607048395,1297
cg23108931,0.10984243244732012,1297
cg19814210,0.10984058613939576,1297
cg07173635,0.1098398517396568,1297
cg11212178,0.10983582943545622,1297
cg01064758,0.10983330559670551,1297
cg06934774,0.10982407510185221,1297
cg15835396,0.10982376260593438,1297
cg01872216,0.1098192475698346,1297
cg14831665,0.10981633405302915,1297
cg14543255,0.10981446126411556,1297
cg17754510,0.10981440703939063,1297
cg21042456,0.10981292350223726,1297
cg01306824,0.10981159190048784,1297
cg04605980,0.10980375631289943,1297
cg10820904,0.1098022312226698,1297
cg27132471,0.10979256149926789,1297
cg08452456,0.10978827830603416,1297
cg20560283,0.1097810265618138,1297
cg21497990,0.10977819969513283,1297
cg18601714,0.1097768941310372,1297
cg24884142,0.109774763383754,1297
cg26365847,0.10976044428396636,1297
cg04887066,0.10975138978738935,1297
cg24243629,0.10973297611860208,1297
cg11845417,0.10971775012971385,1297
cg18413131,0.1097138372710188,1297
cg18991601,0.1097128900550941,1297
cg22097249,0.1097114800345681,1297
cg24025567,0.10971120892119024,1297
cg02639108,0.10971028348458714,1297
cg22136363,0.10970897936010832,1297
cg14515791,0.10970875366111293,1297
cg18696027,0.10969892928364805,1297
cg12892506,0.10969788527669005,1297
cg09958560,0.10969731690157658,1297
cg20325547,0.10969120064699117,1297
cg02384857,0.10968813813292697,1297
cg02809746,0.10968572467472622,1297
cg11035304,0.10967877095057826,1297
cg18749015,0.10967633349860839,1297
cg07795766,0.1096751007823771,1297
cg06786372,0.10966954777825944,1297
cg03449867,0.10964902686670669,1297
cg18454133,0.10964889332269148,1297
cg06127256,0.10964504520572271,1297
cg04401986,0.10964133452475747,1297
cg03115558,0.10963741124032042,1297
cg18422587,0.10963373360302237,1297
cg03263514,0.10963306172636622,1297
cg22009464,0.10962733484771248,1297
cg00655552,0.1096159312879394,1297
cg08322280,0.10960856093101362,1297
cg17276853,0.10960763356192049,1297
cg01602621,0.10960720426085277,1297
cg14473145,0.10960208841345925,1297
cg10888790,0.10958876700371595,1297
cg05494668,0.10958770551731128,1297
cg15795787,0.10958660648410107,1297
cg22210627,0.10958561476576201,1297
cg19986012,0.10958328293190411,1297
cg08792812,0.10958233670458711,1297
cg17869311,0.1095806181539079,1297
cg14482313,0.10957562351041947,1297
cg04514047,0.10957203208968957,1297
cg08668790,0.10955925961159807,1297
cg02131155,0.1095534299742274,1297
cg02895699,0.10954936586366137,1297
cg16919569,0.10954642672708736,1297
cg09648467,0.1095336731904838,1297
cg03331514,0.10952918182843444,1297
cg03004860,0.10952531521463149,1297
cg01207684,0.10951965125770144,1297
cg19563510,0.10950793776680473,1297
cg03432241,0.10950706817185596,1297
cg01063813,0.10949747470000018,1297
cg07431286,0.10949672090760476,1297
cg00779313,0.10949166831052343,1297
cg26504110,0.10948807455167014,1297
cg13261971,0.10948683956701832,1297
cg13555415,0.10948666285841885,1297
cg08264481,0.10947122806950894,1297
cg08075452,0.10945904904654405,1297
cg25718467,0.10945196115195538,1297
cg22797514,0.10945080236137172,1297
cg04058685,0.10943708716718531,1297
cg14671764,0.10942726112775042,1297
cg02286091,0.10942126047252804,1297
cg07828472,0.10940486662611712,1297
cg26175343,0.10940146846628976,1297
cg01552748,0.10939342011369729,1297
cg24570210,0.10939149852683083,1297
cg25499397,0.10939098239909303,1297
cg06303238,0.10938341527298073,1297
cg25052847,0.10938120147149599,1297
cg00852595,0.10937879640835152,1297
cg14626725,0.10937667003709495,1297
cg16234557,0.1093750527634865,1297
cg24568905,0.10937258666824681,1297
cg20321706,0.1093708073780229,1297
cg14391923,0.10936092355418792,1297
cg06619621,0.10935723922508095,1297
cg26668129,0.10935703436735728,1297
cg26089877,0.10935668333782675,1297
cg10426234,0.10935622212370272,1297
cg24408769,0.10934916610305195,1297
cg27036341,0.1093479364262297,1297
cg16525435,0.10934741778783325,1297
cg19589060,0.10933619367188768,1297
cg19149132,0.10933598327626343,1297
cg19912142,0.10932742211422353,1297
cg02035605,0.10932657947586416,1297
cg24390932,0.10932302354108248,1297
cg09541794,0.10932267016475022,1297
cg13387113,0.10932077953007646,1297
cg21450888,0.10931101511473801,1297
cg05651243,0.10930981393036826,1297
cg16529477,0.1092905347818415,1297
cg18126557,0.10928342602519656,1297
cg06530338,0.10928288645358228,1297
cg08720028,0.10928025110075362,1297
cg21552300,0.10927681079818416,1297
cg17349352,0.10926576400679044,1297
cg23238315,0.10926455917028699,1297
cg14643390,0.10925799163127478,1297
cg00994250,0.10925739564571668,1297
cg06351537,0.10925443692104014,1297
cg20007021,0.10925055837163944,1297
cg17171259,0.1092499556602454,1297
cg00816406,0.10924623602078593,1297
cg20484352,0.10924187579952692,1297
cg15111351,0.10923453448380854,1297
cg03465028,0.10923444239763658,1297
cg20992181,0.10923358802688637,1297
cg16654610,0.10923166708794357,1297
cg04119462,0.10922915983397255,1297
cg20584841,0.1092237718729488,1297
cg14110969,0.10922087083974819,1297
cg22743884,0.10922068177898014,1297
cg23172664,0.10921913354114604,1297
cg09392827,0.10921901901432396,1297
cg21463262,0.10921256042886945,1297
cg07492757,0.10920408397928827,1297
cg04747036,0.10920392501911097,1297
cg11389868,0.1092025940325082,1297
cg23334660,0.10920138670667226,1297
cg22774088,0.10920064974912086,1297
cg25220320,0.10919065133522199,1297
cg23890008,0.1091889840082661,1297
cg25581330,0.10918220906200521,1297
cg08889797,0.1091804660978202,1297
cg18855030,0.10917140307693285,1297
cg02922084,0.10916908778414869,1297
cg06640593,0.10916886758851113,1297
cg10177394,0.10916331462645201,1297
cg06431681,0.10915807391821367,1297
cg13370977,0.10914470023083347,1297
cg16547579,0.10913419208750419,1297
cg05501426,0.1091302899292188,1297
cg24126967,0.10912770845769315,1297
cg14248715,0.10912738685241526,1297
cg20079298,0.10912305126542221,1297
cg22267770,0.10911616675883495,1297
cg14367020,0.10911220179208643,1297
cg07341813,0.10910652689533479,1297
cg23192403,0.10910461645624592,1297
cg14350114,0.10909655379085093,1297
cg03846641,0.10909511974762154,1297
cg00106345,0.10909353176012318,1297
cg18052713,0.10909330401374095,1297
cg01220192,0.10908163682248051,1297
cg09065714,0.10906767855452656,1297
cg03545972,0.10906488777426554,1297
cg19399285,0.1090619783105636,1297
cg11854154,0.10905592763807967,1297
cg08892613,0.10905584587209041,1297
cg21631439,0.1090542209418417,1297
cg12578486,0.10904703209282607,1297
cg05678526,0.10903099652379902,1297
cg03979258,0.10902999349083542,1297
cg18526607,0.10901946841682722,1297
cg18356785,0.10901818876559105,1297
cg18300492,0.10900601166422316,1297
cg24231558,0.10900334380448284,1297
cg14822754,0.109003275651684,1297
cg01619929,0.10899774645055252,1297
cg03470180,0.108995342302215,1297
cg06033721,0.10898757950204713,1297
cg26337070,0.10898694447489071,1297
cg10640333,0.10898068840791597,1297
cg13402298,0.10897571035447873,1297
cg02831419,0.10896835527609319,1297
cg25958911,0.10896155478506508,1297
cg22210337,0.10896043348430556,1297
cg15949044,0.10895995910347309,1297
cg06270993,0.10895616585420337,1297
cg06714705,0.1089554915265781,1297
cg07906828,0.10895278388995527,1297
cg05671385,0.1089506918264152,1297
cg19563307,0.10894811540084698,1297
cg21610221,0.10893959957556262,1297
cg01924952,0.10892629728454656,1297
cg00171729,0.10891175232427566,1297
cg12910797,0.10890769269628767,1297
cg09128567,0.10890711555126352,1297
cg21164509,0.10889161647510961,1297
cg19896908,0.10888688310686831,1297
cg11333375,0.10888232109776874,1297
cg09108394,0.10887518767329177,1297
cg05626376,0.10887461074513555,1297
cg24126768,0.10887287503974621,1297
cg19439043,0.10887169609593986,1297
cg00173005,0.10886898610587697,1297
cg17298275,0.10886399339809805,1297
cg23017915,0.10886189123620996,1297
cg05305434,0.10886122303797108,1297
cg08771171,0.10882400597751032,1297
cg11053632,0.10881752518544213,1297
cg01916400,0.10881384664510008,1297
cg11699912,0.10880617783446772,1297
cg22524061,0.10880389045024502,1297
cg15645660,0.10879999206923369,1297
cg24213115,0.10879239564858553,1297
cg22894896,0.10879162148384552,1297
cg12651286,0.10879045741023224,1297
cg00631329,0.10878935836003634,1297
cg16668359,0.10877743633157977,1297
cg05497273,0.10877661989965459,1297
cg12718582,0.10877159363933503,1297
cg21855211,0.10876654160660645,1297
cg26790247,0.10875809144248116,1297
cg06916001,0.10874406886881191,1297
cg23387569,0.10874057681834942,1297
cg01476062,0.10873715127254452,1297
cg21554552,0.10873566666079063,1297
cg12659883,0.10873306978307895,1297
cg26809635,0.10872813914744607,1297
cg14645880,0.10872455716181578,1297
cg24393673,0.10871976818718451,1297
cg06679494,0.1087195999365298,1297
cg06554090,0.10871159802318145,1297
cg26360953,0.10870562012314555,1297
cg17471939,0.10869877837316297,1297
cg11063110,0.10869814617755108,1297
cg16760130,0.10869636396517796,1297
cg00710180,0.10869298287466067,1297
cg27214856,0.10867962619812349,1297
cg00694520,0.10867707110753283,1297
cg06395414,0.10867666974714407,1297
cg13806292,0.10867442361509615,1297
cg03447908,0.1086732529343595,1297
cg10062193,0.10866782909603781,1297
cg01041405,0.10866129322074133,1297
cg17199181,0.10866056542319791,1297
cg15731035,0.10865745089176632,1297
cg16240368,0.10865578311960075,1297
cg02185675,0.10865173302520365,1297
cg08052226,0.10865082954447533,1297
cg09022325,0.10864834832798165,1297
cg25330243,0.10864834673240911,1297
cg14583973,0.10864776046121877,1297
cg04470060,0.108645211589733,1297
cg02003183,0.10864153816701394,1297
cg16644023,0.10864049771806761,1297
cg02723558,0.1086399488138921,1297
cg21697851,0.10863617376929327,1297
cg01951086,0.1086331441568539,1297
cg18363918,0.10862809855986932,1297
cg07807165,0.10862749822635712,1297
cg16265553,0.1086150503679916,1297
cg25432336,0.10861135150518825,1297
cg24157892,0.1086010083344908,1297
cg06217769,0.10860052356550365,1297
cg22863920,0.10859656984626434,1297
cg11213690,0.10859348549878944,1297
cg04436634,0.10858294665546589,1297
cg14195925,0.10858099014949602,1297
cg08618463,0.10857912724929852,1297
cg01499815,0.10857075628531429,1297
cg20813139,0.10856434009223803,1297
cg12200038,0.10855361647610186,1297
cg19458020,0.1085474604909345,1297
cg19478539,0.10854549533165578,1297
cg11365710,0.10854068697437902,1297
cg23826980,0.10853832602282407,1297
cg12802570,0.1085348179084718,1297
cg07899060,0.10853314608582793,1297
cg03692651,0.10853047753506528,1297
cg08889114,0.10852707484044177,1297
cg09022993,0.10852330052092424,1297
cg13278267,0.10852229632048932,1297
cg18403478,0.10852144024888155,1297
cg16084014,0.10851264506734082,1297
cg25470148,0.1085090039356999,1297
cg06130714,0.1085021565926374,1297
cg16415825,0.10849394169918813,1297
cg27345924,0.10848418287927056,1297
cg25975621,0.10847646837628316,1297
cg23850913,0.10847424137305817,1297
cg20641465,0.10846290772512313,1297
cg14093715,0.10846023802254315,1297
cg05169846,0.1084573597114189,1297
cg05141289,0.1084508234881692,1297
cg03398002,0.10844435559884774,1297
cg10290679,0.10844340907610878,1297
cg00400448,0.10843730632433751,1297
cg22108469,0.10843474777772627,1297
cg17869960,0.108423398558353,1297
cg08383160,0.10842208344213541,1297
cg00032912,0.10842167472279035,1297
cg23068621,0.10842046010436451,1297
cg12539796,0.1084181990221167,1297
cg09206774,0.10841798408496417,1297
cg27255329,0.10841327389272579,1297
cg03540175,0.10840567450967684,1297
cg03494429,0.1083970391106347,1297
cg10776061,0.10838762525541562,1297
cg05592035,0.10838217038207312,1297
cg00369056,0.10836711471336496,1297
cg25417335,0.10835873677462471,1297
cg11697244,0.10835692068408292,1297
cg26518861,0.10835459664904565,1297
cg09993319,0.1083484870520793,1297
cg00058887,0.10834562534040795,1297
cg15619820,0.10834304745861267,1297
cg15087907,0.10834221860597962,1297
cg13903070,0.10833608566404593,1297
cg17432857,0.10833134526121613,1297
cg24761867,0.10832765376920009,1297
cg01561758,0.10832618519298004,1297
cg09232478,0.1083209964838282,1297
cg06158650,0.10831640089504613,1297
cg03475293,0.10831577665981232,1297
cg27566403,0.10831452039937861,1297
cg22801799,0.10831420735932384,1297
cg03398481,0.10831393064150782,1297
cg18755094,0.10831185781451144,1297
cg09745958,0.10830378667325319,1297
cg05171197,0.10829640493208084,1297
cg20258486,0.10829075280263678,1297
cg00462107,0.10828817291948312,1297
cg17771150,0.10828707949249378,1297
cg16411361,0.10828693130775369,1297
cg02413187,0.10828007818889313,1297
cg08249424,0.10828004709327257,1297
cg04141975,0.10827750414614057,1297
cg12542255,0.10827715526314768,1297
cg23490887,0.1082722518389291,1297
cg10239638,0.10826903007205707,1297
cg16865446,0.1082676633975296,1297
cg05745631,0.10826058045368081,1297
cg25214561,0.10826020461840585,1297
cg16752592,0.10825921695030874,1297
cg12308746,0.10825200800711099,1297
cg06214997,0.10824975105555185,1297
cg19005446,0.10823907051515338,1297
cg06335867,0.10822585374239582,1297
cg27025137,0.10822436500296911,1297
cg11346837,0.10822280555912864,1297
cg21011403,0.10822225517720546,1297
cg24691042,0.10821976745887066,1297
cg15905656,0.10821741442608362,1297
cg08994045,0.10819111857055594,1297
cg03618741,0.10818944464520353,1297
cg15199622,0.10818764291652916,1297
cg03248767,0.10818619401835591,1297
cg18502142,0.1081655719686147,1297
cg09563216,0.10816335857923676,1297
cg03722396,0.10815926311912662,1297
cg26671848,0.10815804929643208,1297
cg17227257,0.10815704927264191,1297
cg17800708,0.10815274516960227,1297
cg02360980,0.10815212888974929,1297
cg03858703,0.10814741630243169,1297
cg24412662,0.10814465502411647,1297
cg18530568,0.10814060032618267,1297
cg00167820,0.10814022198378853,1297
cg02237368,0.10813646781576697,1297
cg20098854,0.10813094299309339,1297
cg13058457,0.10812921898122357,1297
cg05596756,0.10812884065031309,1297
cg14552010,0.10812679267047798,1297
cg16509851,0.10812449127429233,1297
cg24073122,0.10811238094560512,1297
cg05688616,0.10810615378886901,1297
cg09329079,0.10810397388116455,1297
cg25735305,0.1081014150198859,1297
cg23220769,0.10809632022952231,1297
cg06424065,0.10809352318913687,1297
cg20014398,0.10809299366534655,1297
cg16430819,0.10808680656691844,1297
cg20446334,0.10808646605543304,1297
cg01518723,0.10808055221492119,1297
cg24889708,0.10807860751455967,1297
cg02561771,0.10807404240689406,1297
cg07788437,0.10807340501958348,1297
cg04244855,0.10807188645777127,1297
cg26992028,0.1080711772773644,1297
cg22445940,0.1080698070424558,1297
cg01252526,0.1080632560845824,1297
cg10393744,0.10805554812603878,1297
cg05909702,0.1080528749783023,1297
cg14710465,0.10805243494269884,1297
cg18621299,0.10804941189355732,1297
cg09717471,0.10804917283880322,1297
cg09719342,0.10804870342156747,1297
cg25039325,0.1080423239914236,1297
cg01281450,0.1080300233744799,1297
cg25734089,0.10802692271983663,1297
cg24527636,0.10802676931880159,1297
cg27131953,0.10802385688162627,1297
cg21527411,0.10802279227778816,1297
cg22945413,0.10802213332833588,1297
cg08908855,0.10801980327928429,1297
cg00944421,0.10801439122282891,1297
cg16163382,0.10800828655524125,1297
cg10016364,0.10800313889257784,1297
cg06181286,0.10799898765272894,1297
cg18912520,0.1079941615273689,1297
cg01856529,0.10798534175823278,1297
cg27395066,0.10798387243066218,1297
cg23969554,0.10798342725196802,1297
cg05422457,0.10797714646580259,1297
cg07126525,0.10797666467594585,1297
cg14435720,0.10797582550140822,1297
cg02258201,0.10797470117185781,1297
cg05930881,0.10797221082600962,1297
cg03098837,0.10795936774065265,1297
cg06992324,0.10795837935227051,1297
cg01375262,0.10795615347956779,1297
cg00630724,0.10795565054729929,1297
cg01915516,0.10795441383533866,1297
cg06931356,0.10795403259225866,1297
cg22216196,0.10794983584355802,1297
cg03467405,0.10794780565511114,1297
cg21245875,0.10794533273385101,1297
cg04843555,0.10793897878314707,1297
cg00160262,0.10793600787468569,1297
cg21245816,0.10793596671803832,1297
cg04376709,0.10793319552850839,1297
cg02698900,0.1079306020056861,1297
cg05828005,0.10792483372689901,1297
cg20000602,0.10792439635127088,1297
cg04328477,0.10792038898555767,1297
cg12814070,0.1079194107944837,1297
cg11580090,0.10791831222592757,1297
cg14397696,0.10791776388976451,1297
cg00512484,0.10791763538232929,1297
cg03519577,0.10790562621144861,1297
cg07391913,0.10790539372450242,1297
cg21538013,0.1078868948191031,1297
cg04552555,0.10788670430494696,1297
cg16574134,0.10788566221198458,1297
cg18991240,0.10788251461536463,1297
cg27636310,0.10788089031714508,1297
cg01400750,0.1078673690531104,1297
cg04850731,0.10786718477723445,1297
cg13353152,0.10786109185857998,1297
cg14042099,0.10785091665242985,1297
cg13618741,0.10784701517794962,1297
cg22675660,0.1078413826488698,1297
cg02657855,0.10783959899236006,1297
cg26734335,0.10783344826693644,1297
cg13319446,0.10783206099497925,1297
cg02961707,0.10782187923717901,1297
cg10416958,0.10782035617906457,1297
cg07938743,0.10781887329592377,1297
cg03415617,0.10781749082771619,1297
cg20141398,0.107817229461244,1297
cg05906024,0.10781421193510737,1297
cg03683087,0.10781313880812188,1297
cg10940462,0.10781038805466256,1297
cg02389317,0.10780868196263979,1297
cg15442907,0.10780750718554973,1297
cg13214190,0.10780655672336625,1297
cg06875227,0.10780320983190464,1297
cg05276753,0.10780068369523232,1297
cg04026354,0.1077961720093088,1297
cg14875327,0.10779001321162202,1297
cg04158862,0.10778996986585648,1297
cg13453374,0.10778615699741453,1297
cg14819504,0.10778581590262315,1297
cg20731693,0.10777818239312409,1297
cg19397037,0.10777787637286412,1297
cg22708635,0.10777482529840021,1297
cg27005749,0.10777294218847028,1297
cg21445918,0.10777230270974725,1297
cg03795157,0.10777187234485805,1297
cg15770446,0.10776756634516232,1297
cg12034118,0.10775240502757752,1297
cg10765471,0.10774911836703543,1297
cg00764217,0.10774809088581361,1297
cg09887059,0.10773990993433419,1297
cg13450266,0.10772831131289032,1297
cg08527124,0.10772699839442468,1297
cg02237342,0.1077265273755384,1297
cg18705155,0.10772487704324857,1297
cg26495716,0.10772417776221016,1297
cg25495650,0.1077225833044202,1297
cg05992600,0.10772207459001748,1297
cg06622151,0.1077209452113286,1297
cg16171281,0.10770870051689016,1297
cg20187047,0.10770793223033887,1297
cg23295754,0.10768945082856227,1297
cg22354618,0.10768798051231354,1297
cg06489037,0.10767934158151882,1297
cg15554421,0.10767655239236662,1297
cg12118013,0.10767653812280914,1297
cg22460896,0.10765143636541452,1297
cg03219968,0.10764103315383322,1297
cg16999254,0.10762098340256557,1297
cg27645259,0.10762093793876798,1297
cg04167096,0.10760713472220312,1297
cg08271366,0.10760405524014272,1297
cg24504194,0.10760317923514107,1297
cg14609025,0.10760196630008378,1297
cg11598403,0.10760015423031533,1297
cg14374754,0.10759884881246787,1297
cg19877248,0.10759872291830808,1297
cg10082647,0.10759833374450958,1297
cg20137991,0.10759761592286238,1297
cg02154084,0.10759629289982192,1297
cg02404377,0.10759208955291882,1297
cg16458866,0.10758791217809088,1297
cg07497520,0.10758294299173021,1297
cg01231125,0.10756899456463431,1297
cg17680089,0.10756748524697718,1297
cg08944029,0.10756178363404179,1297
cg13943068,0.10756050153391233,1297
cg19320803,0.10755716948388233,1297
cg25844605,0.1075536585110756,1297
cg15408020,0.10755163121021591,1297
cg08467103,0.10755112175109735,1297
cg13414654,0.10754912960631349,1297
cg12001304,0.10754567869411583,1297
cg04436818,0.10753466050215957,1297
cg12942155,0.1075346137775341,1297
cg10821830,0.10752710103089619,1297
cg22664250,0.10752380875095702,1297
cg19317600,0.10752116271015175,1297
cg04055345,0.10751655511515029,1297
cg23841819,0.10751356420485383,1297
cg09643136,0.10751329811235444,1297
cg23093664,0.1075105910341837,1297
cg25122233,0.10750736194680584,1297
cg23313665,0.1075066305494792,1297
cg25745246,0.10749716244154467,1297
cg13555354,0.1074960303826793,1297
cg23971170,0.1074932907203679,1297
cg10616974,0.10749061766705287,1297
cg27196131,0.10748862608339549,1297
cg00873009,0.1074880296183992,1297
cg19946437,0.10748392690047237,1297
cg13855776,0.10748377819060112,1297
cg08812889,0.1074827130123168,1297
cg19329160,0.10747806911041596,1297
cg00017461,0.10747494925981566,1297
cg10978355,0.1074746137646583,1297
cg10317717,0.10746431096563669,1297
cg07681935,0.10746359365310487,1297
cg09684846,0.10745347752933937,1297
cg20713092,0.10745228766240791,1297
cg07326149,0.1074520504744047,1297
cg08880849,0.10745111975291743,1297
cg13325904,0.10745093324521182,1297
cg03892838,0.10744970324443093,1297
cg13008935,0.10744869896929049,1297
cg14457610,0.1074484939504815,1297
cg19578835,0.10744251363539532,1297
cg02896757,0.10743642871196074,1297
cg03381704,0.10743553242617848,1297
cg21040133,0.10743105422624713,1297
cg05627029,0.10742105665933946,1297
cg00918522,0.10741771159375335,1297
cg16616514,0.10741262683823763,1297
cg24452128,0.10740572732305076,1297
cg12669543,0.1074043194777709,1297
cg12885302,0.10740044388876535,1297
cg12157364,0.10739977090342223,1297
cg14014955,0.1073978737118148,1297
cg23342116,0.10739620574916048,1297
cg24748548,0.10739193800957547,1297
cg02881374,0.10738956608642819,1297
cg09226051,0.10738879487078516,1297
cg08574978,0.1073879727380527,1297
cg05812582,0.10738735302225597,1297
cg14791525,0.10738618464513447,1297
cg16935790,0.10738130216307917,1297
cg00491021,0.10737644427906462,1297
cg24787929,0.1073694043409239,1297
cg21506509,0.10735762823227818,1297
cg06973595,0.10735550999954431,1297
cg21908110,0.10735265980495928,1297
cg13315995,0.10734878962622865,1297
cg02978297,0.10734872729656442,1297
cg18904891,0.10734663844233015,1297
cg14557268,0.1073455246316038,1297
cg00319661,0.10734280600579293,1297
cg05306310,0.10733816356414372,1297
cg12280150,0.10733009877263827,1297
cg00851389,0.10732893686632697,1297
cg12926596,0.10732877315117617,1297
cg05109049,0.10732384199684286,1297
cg20716653,0.1073215057284091,1297
cg24847636,0.10732103335243759,1297
cg09247979,0.10731135713353451,1297
cg17261120,0.10731067606693687,1297
cg09982773,0.1073083254633651,1297
cg16658412,0.10730422545512164,1297
cg14185547,0.10730107791423793,1297
cg10450692,0.1072970169399619,1297
cg01950524,0.10729483419108743,1297
cg01382502,0.10728689149612403,1297
cg23770265,0.10728643568098753,1297
cg21394729,0.10727974213508604,1297
cg23560320,0.10727697264804542,1297
cg09684233,0.10727328252668915,1297
cg12428514,0.10726976700469876,1297
cg10792302,0.10726368899799704,1297
cg01047631,0.10726164654463799,1297
cg12466610,0.10725538454080724,1297
cg00578637,0.10724637585698427,1297
cg06014958,0.10724621922611127,1297
cg16328896,0.10724365289466387,1297
cg13526469,0.10723510723434543,1297
cg22436429,0.10722599388139109,1297
cg05005343,0.10722586729020285,1297
cg00715197,0.1072195146583767,1297
cg19999161,0.1072124189554301,1297
cg09245319,0.10720813833582282,1297
cg24091995,0.10720293707045811,1297
cg03143164,0.10719757343936256,1297
cg21584831,0.10719172375300567,1297
cg23991274,0.10718985136170694,1297
cg14106719,0.10718502698617682,1297
cg24831711,0.1071821308354863,1297
cg22549870,0.10718082729915729,1297
cg20691507,0.10718028350549462,1297
cg16670554,0.10717942614363518,1297
cg22784386,0.1071758226636951,1297
cg20631820,0.10717258055567225,1297
cg14802502,0.10716895296481571,1297
cg06012347,0.10716141276943578,1297
cg02582213,0.10715705176030826,1297
cg14504259,0.10713823090943464,1297
cg22879834,0.10713489067625265,1297
cg16481280,0.10713468979275481,1297
cg14036821,0.10713441182064476,1297
cg14112997,0.10713059114833975,1297
cg21999471,0.1071254730532668,1297
cg17348479,0.10712428446270933,1297
cg09200260,0.10711202308655843,1297
cg26126295,0.10710392624175077,1297
cg11394278,0.10710315743645471,1297
cg15555527,0.10710065255895562,1297
cg11069338,0.10709445156434333,1297
cg07783282,0.10709029355263466,1297
cg13677149,0.10709024125270969,1297
cg01694488,0.10708352047490488,1297
cg08258526,0.10707777311918928,1297
cg12581741,0.10707748653599747,1297
cg15742700,0.10707663413574275,1297
cg25594119,0.10707366357825457,1297
cg02900183,0.10707268332430253,1297
cg25916711,0.10707059981399761,1297
cg14088196,0.10706651864211142,1297
cg16624069,0.1070654845726973,1297
cg16062483,0.1070624509291715,1297
cg24874003,0.10706163051771608,1297
cg16297011,0.1070594872781607,1297
cg25585967,0.10705522592027988,1297
cg03076855,0.10704643780271134,1297
cg00711072,0.10704362911328191,1297
cg07960360,0.10704311406210115,1297
cg08461339,0.10704300850155019,1297
cg27100370,0.10704250409904381,1297
cg26645401,0.10704146411019339,1297
cg10003032,0.10703521444444022,1297
cg19645616,0.10702963428226331,1297
cg14985891,0.10702884141398541,1297
cg20092531,0.10702678018176506,1297
cg06040034,0.10702323917457995,1297
cg25203481,0.10702282833004942,1297
cg20494779,0.10701713513523345,1297
cg26540004,0.10701067094912364,1297
cg24290574,0.10700703500582859,1297
cg24274579,0.10700499312716821,1297
cg14410589,0.10700190499015069,1297
cg00364016,0.10700032930738582,1297
cg23732024,0.10699885172252416,1297
cg19640007,0.10699303962714082,1297
cg10802444,0.10698665015450551,1297
cg15986251,0.10698563325008467,1297
cg23994112,0.10698181523734149,1297
cg23950788,0.10697908960732291,1297
cg20812370,0.10697750722267407,1297
cg08328513,0.10697225707410746,1297
cg09613281,0.10697157834965573,1297
cg18566313,0.10696948019911376,1297
cg11616651,0.10696510802866893,1297
cg16986661,0.106960195288817,1297
cg12434889,0.10695961126144285,1297
cg21493516,0.1069575374045823,1297
cg23250574,0.10695454599321857,1297
cg20994929,0.10695277456902758,1297
cg09461420,0.10695062767911157,1297
cg20542619,0.10694713024379782,1297
cg05620980,0.10694589402623522,1297
cg15813266,0.10694408801518718,1297
cg13781678,0.10694240182082321,1297
cg05130081,0.10694177872081229,1297
cg09099500,0.10693726252231656,1297
cg21707187,0.10692936309600777,1297
cg19593285,0.10692672994242208,1297
cg16942223,0.10692599258553614,1297
cg12793610,0.10692162339616207,1297
cg17943647,0.10692029841318601,1297
cg07081061,0.1069090845911575,1297
cg14574910,0.10690801063744282,1297
cg08297751,0.10689731926734763,1297
cg02884773,0.10689587236721151,1297
cg23849826,0.10689193165819351,1297
cg01549227,0.10689182677472375,1297
cg23079012,0.10688908119957469,1297
cg04848682,0.10688754036676545,1297
cg15428140,0.10688057632357625,1297
cg04027411,0.1068805217227668,1297
cg07661899,0.1068802970517122,1297
cg19726343,0.10687945824100556,1297
cg09328979,0.10687828390635423,1297
cg03262260,0.10687595830075552,1297
cg12176783,0.1068732724799833,1297
cg27569446,0.10687280760918774,1297
cg08763617,0.10687171952914551,1297
cg14251009,0.1068578009266199,1297
cg16222491,0.10685164481788778,1297
cg27011480,0.10685160541993718,1297
cg25362585,0.10684784961894,1297
cg03290977,0.10684585606067962,1297
cg25251204,0.10684430829823527,1297
cg01608400,0.10684347954126738,1297
cg27492458,0.10683546786892453,1297
cg16847637,0.10683453134017465,1297
cg16918905,0.106833975123797,1297
cg13235891,0.10682996261456207,1297
cg22490454,0.10679449298480254,1297
cg12688240,0.10679300729413155,1297
cg02243479,0.10679074975205077,1297
cg24901637,0.1067907230593877,1297
cg22932993,0.10679040108885479,1297
cg12806892,0.10678803482296162,1297
cg12550726,0.10678720663709734,1297
cg19623624,0.10678716531972049,1297
cg18518916,0.106781827695059,1297
cg07333191,0.10678076376026763,1297
cg07572773,0.10678066446701118,1297
cg01786994,0.1067703798022542,1297
cg23553912,0.10675998908174783,1297
cg09821185,0.10675342962622758,1297
cg05667107,0.10674738211770676,1297
cg17926328,0.10674586600434888,1297
cg09334277,0.10673224359722508,1297
cg07580591,0.106731192542239,1297
cg20864214,0.10673085156588688,1297
cg02477557,0.10672969671729288,1297
cg01678292,0.10672677994232133,1297
cg13261883,0.10672578090061302,1297
cg10800464,0.10672362622957421,1297
cg12385032,0.1067200204653253,1297
cg18383585,0.10671880436840467,1297
cg14644001,0.10671842261295306,1297
cg26101485,0.10671524357204407,1297
cg26470798,0.1067069210125535,1297
cg25499543,0.10670690087096432,1297
cg13023621,0.10669672184285683,1297
cg23979631,0.10668621591547645,1297
cg03796003,0.10668469313709888,1297
cg22821289,0.10667979968878077,1297
cg16887264,0.10667379701052995,1297
cg24366211,0.10666507469215489,1297
cg09285851,0.10666127068811626,1297
cg02059176,0.1066546178356981,1297
cg07388969,0.1066542244684755,1297
cg03716032,0.10665242387479443,1297
cg07184578,0.10665133703470747,1297
cg00199007,0.10665104352777624,1297
cg27295042,0.10664515810249675,1297
cg16990168,0.10664454763582715,1297
cg18437209,0.10664367051414764,1297
cg01567173,0.10663502489555188,1297
cg11986756,0.10663448761661504,1297
cg11970204,0.10663425205777285,1297
cg05101821,0.10660938218244301,1297
cg25782229,0.10659509909860557,1297
cg09803321,0.10659002327582465,1297
cg19111459,0.10658925176514997,1297
cg12552771,0.1065829847959179,1297
cg03840259,0.10657829077979314,1297
cg08657654,0.10657740801790871,1297
cg05222924,0.10657648674038075,1297
cg07382920,0.106575251471838,1297
cg21614638,0.10657506622328877,1297
cg14331765,0.10656673436106054,1297
cg09721047,0.10656533845646282,1297
cg20069407,0.10656323042349813,1297
cg14723977,0.10655588035822883,1297
cg02034689,0.10655455472241704,1297
cg08535474,0.10655184888181865,1297
cg03087897,0.10654320831914654,1297
cg05860111,0.106541215230461,1297
cg23810282,0.1065393890788135,1297
cg04957377,0.10653319062119582,1297
cg16769152,0.10652720409342692,1297
cg21654383,0.10652564471734535,1297
cg20431191,0.10652343703688787,1297
cg22074467,0.10652179700947428,1297
cg21031128,0.10651652247464471,1297
cg05341539,0.10650167344464612,1297
cg18205668,0.10648922858715276,1297
cg20251837,0.10648822166131883,1297
cg02091185,0.10648550100646625,1297
cg02739593,0.10648343418157372,1297
cg13916459,0.10647633569423193,1297
cg03078363,0.106472975798718,1297
cg14701108,0.1064649271086648,1297
cg11733245,0.10646235876466212,1297
cg00748431,0.10646185072815181,1297
cg12334793,0.10645891346438183,1297
cg14703002,0.10645760731655271,1297
cg01912298,0.1064555846491681,1297
cg08528444,0.1064549014931257,1297
cg04351205,0.10645438313420921,1297
cg27501759,0.1064460786496858,1297
cg11864201,0.10644556070497024,1297
cg26994885,0.10644459123434691,1297
cg04286194,0.1064436655084636,1297
cg05618934,0.1064434919327871,1297
cg02913882,0.10644127306387702,1297
cg13184736,0.10643880715974283,1297
cg09851951,0.10643372755285915,1297
cg11815984,0.10643353463112204,1297
cg13891220,0.10643056789646854,1297
cg09742465,0.10642929109960986,1297
cg08049853,0.10642857281498455,1297
cg16017979,0.10642280567252593,1297
cg15877520,0.10642265464411657,1297
cg18285788,0.10641979176241778,1297
cg21514164,0.10641107307689701,1297
cg01578164,0.10640873222133085,1297
cg14696870,0.10640499778904369,1297
cg18560551,0.1064023222083248,1297
cg21367811,0.10640181365767648,1297
cg12161959,0.1064011777841728,1297
cg10253847,0.10639801642456986,1297
cg20345556,0.10638354731570374,1297
cg01751245,0.1063759331720685,1297
cg21185289,0.10636945373076635,1297
cg17892259,0.10636933603584112,1297
cg19951297,0.10636752959346826,1297
cg08230483,0.10635906292497144,1297
cg15314855,0.10635600229378081,1297
cg08313420,0.10635263186242944,1297
cg24074594,0.10634852382374549,1297
cg15326452,0.10634783815402257,1297
cg05888643,0.10634723073870506,1297
cg12519676,0.1063422050694714,1297
cg00849267,0.10634042677967087,1297
cg20709110,0.10633672967479366,1297
cg02974898,0.10633371944350933,1297
cg06692785,0.10633023042216214,1297
cg19072083,0.1063264121378138,1297
cg04365980,0.10632467919308011,1297
cg26029345,0.10632282826410054,1297
cg20479009,0.10631984835504749,1297
cg24829483,0.10631976380510194,1297
cg01315201,0.10631497237466125,1297
cg03650946,0.10630643377291071,1297
cg22195627,0.1063030028512395,1297
cg04425920,0.10629897982403927,1297
cg22904711,0.1062976282307149,1297
cg05588228,0.10629626152592025,1297
cg04362586,0.10629543479880377,1297
cg07855465,0.10629448114733542,1297
cg21540621,0.10629251409631921,1297
cg23841288,0.10629136808806444,1297
cg19311470,0.10628648968333833,1297
cg07354583,0.10628581504444451,1297
cg05979232,0.10628437261248486,1297
cg24818939,0.1062825339886499,1297
cg22845855,0.10628086961468353,1297
cg03585263,0.10628030821077103,1297
cg18843856,0.10627866702167921,1297
cg13777287,0.1062732149275073,1297
cg01045337,0.10626760643024505,1297
cg06059810,0.1062674873320204,1297
cg20547777,0.10626733899904123,1297
cg15454043,0.10626430041003115,1297
cg20845599,0.10626276503362028,1297
cg03740978,0.10625773702765143,1297
cg18593305,0.10625248347719418,1297
cg17338430,0.10625243531538313,1297
cg17126555,0.10624828046284182,1297
cg06759993,0.10624667720572825,1297
cg17233090,0.10623720720494484,1297
cg00242035,0.10623707916054503,1297
cg16617366,0.10623580652189311,1297
cg14534144,0.10622835612779652,1297
cg23074996,0.10622177423543472,1297
cg03261783,0.10621733486674956,1297
cg24334512,0.10621577851288483,1297
cg09140114,0.10621201717050535,1297
cg11028201,0.10619763311820529,1297
cg13886334,0.10619595002383338,1297
cg05798059,0.10619129215994194,1297
cg00208274,0.10619115131630863,1297
cg15248013,0.10618759834679287,1297
cg16017889,0.10618735826769549,1297
cg06723863,0.10618661459517525,1297
cg27268556,0.10618624647188643,1297
cg22561592,0.10618130391721456,1297
cg10542975,0.10617908042476049,1297
cg26049390,0.10617725909200171,1297
cg07212543,0.10616845937624836,1297
cg23556574,0.10616843998433634,1297
cg13757081,0.10616804431731194,1297
cg01894498,0.10616716053430134,1297
cg16653901,0.10616560525130944,1297
cg03426023,0.10616373522908934,1297
cg00450164,0.10616316520994937,1297
cg06457736,0.10616177897485124,1297
cg01286685,0.10616111524276944,1297
cg04502985,0.10615979396591566,1297
cg14526718,0.10615954156152935,1297
cg12247222,0.10615919232020322,1297
cg02070906,0.10615708733687007,1297
cg13912311,0.10615478384700386,1297
cg21646392,0.10615324486466943,1297
cg02866149,0.10614887356100111,1297
cg15840022,0.10613599882476862,1297
cg14859724,0.10613268704942874,1297
cg15757853,0.1061313898796391,1297
cg04928338,0.10612884773436254,1297
cg21776417,0.10612757762172337,1297
cg23507796,0.10612721320661034,1297
cg25826515,0.10612675943666933,1297
cg07959068,0.10612515148845186,1297
cg24311182,0.10612380856066161,1297
cg04923174,0.10612049109309277,1297
cg25307332,0.10611327738340232,1297
cg00770754,0.10611245987860912,1297
cg07053777,0.10610964954367583,1297
cg21472050,0.10609992879128138,1297
cg09728333,0.10609428867482576,1297
cg02101773,0.10608993042058808,1297
cg16851417,0.1060894290211449,1297
cg16398761,0.10608613245160559,1297
cg19541688,0.10608238736320363,1297
cg19526130,0.1060801826197373,1297
cg04900186,0.10607094891468977,1297
cg23063647,0.10606489559825699,1297
cg11601252,0.10605835698914995,1297
cg25503169,0.10605762306237429,1297
cg18628646,0.10605693784325096,1297
cg06768599,0.10605317005665768,1297
cg10633526,0.10604911203744039,1297
cg06254425,0.1060484633985711,1297
cg15567368,0.1060382813781651,1297
cg03598159,0.10603762187932447,1297
cg03027227,0.10603237557289297,1297
cg26938013,0.10603090187226522,1297
cg06436185,0.1060190426323595,1297
cg07031797,0.10601707082846956,1297
cg20685713,0.10601575695785104,1297
cg22550446,0.10601484803171152,1297
cg09583302,0.10601221560248442,1297
cg26915924,0.10600938342202748,1297
cg10549753,0.1060086542646177,1297
cg07248223,0.10600362372307653,1297
cg18793404,0.10600027879394183,1297
cg24864161,0.10599606105056203,1297
cg15169940,0.10599498934614265,1297
cg02768721,0.10599418582600115,1297
cg01534572,0.10599359192506072,1297
cg13588403,0.10599016586269017,1297
cg02329038,0.10598746087226879,1297
cg04415270,0.1059854424081555,1297
cg23087153,0.10598452082747217,1297
cg17854454,0.10597499278525219,1297
cg16192707,0.10596905031404331,1297
cg10192198,0.10596402509304181,1297
cg03234186,0.10595646214254023,1297
cg22108292,0.1059556858357098,1297
cg08572513,0.10595074789660652,1297
cg07119472,0.10594938799822179,1297
cg12609829,0.10594805933687229,1297
cg12753009,0.10594652265082827,1297
cg20161965,0.10594588479240136,1297
cg22178798,0.10593448507365955,1297
cg20049422,0.10593310377946308,1297
cg02738156,0.10593091966566576,1297
cg12485556,0.10592903181051433,1297
cg00501869,0.10592815948032064,1297
cg12968041,0.1059246887683376,1297
cg10186131,0.10591811646412286,1297
cg16094412,0.10591649420388226,1297
cg07453440,0.10591592820415308,1297
cg16451306,0.105912254436894,1297
cg09250149,0.10591015063900122,1297
cg04312620,0.1059083971431663,1297
cg17855264,0.10590553388763241,1297
cg23545828,0.10590510252043578,1297
cg02093902,0.10590356611543827,1297
cg04743876,0.10590251866640776,1297
cg16465280,0.1059020937627641,1297
cg24765446,0.10590138762948484,1297
cg01815783,0.10589453249668881,1297
cg27650699,0.10588951645323191,1297
cg25891078,0.10588675418591587,1297
cg25207857,0.10588269231070946,1297
cg07153966,0.10587052107739059,1297
cg04090745,0.10586819836003361,1297
cg14870156,0.10586732956922526,1297
cg09287356,0.10586446997945442,1297
cg13757826,0.10585148659159796,1297
cg11209832,0.1058496563129406,1297
cg08012217,0.10584748741912003,1297
cg24103040,0.10584613765629525,1297
cg04865113,0.10584368118594759,1297
cg12302987,0.10584190671407853,1297
cg05685483,0.10583376876517661,1297
cg23605961,0.10582368935290531,1297
cg24076747,0.10582356212386884,1297
cg21912308,0.10582233045016681,1297
cg11615395,0.10582127059160575,1297
cg15902390,0.10581808948978161,1297
cg03505772,0.10580870310480045,1297
cg04420309,0.10580792543088077,1297
cg26574240,0.10580754980837859,1297
cg08098980,0.10580503805376423,1297
cg09226986,0.10580494666809451,1297
cg23497569,0.10580243650442264,1297
cg11189357,0.10580063486960872,1297
cg13125157,0.10579951676968513,1297
cg14514991,0.10579682149993841,1297
cg00994629,0.10579380187166176,1297
cg24843380,0.10579374184217206,1297
cg00927666,0.10579359461908722,1297
cg08822523,0.10578588691537166,1297
cg24164564,0.1057806784450695,1297
cg18892808,0.10576536368419728,1297
cg25018049,0.10576051529649091,1297
cg24550212,0.10575743997546028,1297
cg17143192,0.10575657580307014,1297
cg26216618,0.10575329580474035,1297
cg13166642,0.10574388552540226,1297
cg03972071,0.10574220180550364,1297
cg13537353,0.1057364976222851,1297
cg14635955,0.10573614003629012,1297
cg16330369,0.10573490630015453,1297
cg01232138,0.10573469222195941,1297
cg24324628,0.10573385965191898,1297
cg15590989,0.10572952147097953,1297
cg03664443,0.10572467424012716,1297
cg09700337,0.10572155667285227,1297
cg14893857,0.10571392066867391,1297
cg23244913,0.10570474730459808,1297
cg19447962,0.10570119685307408,1297
cg05499054,0.10570110035525071,1297
cg00126148,0.10569970207078416,1297
cg18966688,0.10569858865988252,1297
cg24324815,0.10569054487147767,1297
cg14599823,0.10568805547242985,1297
cg01196788,0.10568504000599693,1297
cg24140132,0.1056797718196597,1297
cg14768245,0.10567296512989072,1297
cg13045555,0.10567215121832857,1297
cg10299976,0.10567173126937052,1297
cg16827475,0.10567086612433786,1297
cg01577083,0.10566722525151256,1297
cg00044097,0.1056646058332196,1297
cg27080287,0.10566134604485905,1297
cg20853771,0.10565477956391778,1297
cg12479878,0.10564978699576724,1297
cg16796151,0.10564738265261547,1297
cg07676859,0.10564629863262458,1297
cg25181710,0.10564614314552509,1297
cg21712331,0.10564507144213492,1297
cg14652773,0.10564453962533504,1297
cg26795333,0.10564267449254847,1297
cg13732582,0.10564254674243018,1297
cg08433504,0.10564063676778856,1297
cg02954903,0.10563806881946936,1297
cg08457421,0.10563488087906792,1297
cg17801840,0.10562908675796162,1297
cg23936766,0.1056271238643467,1297
cg05343739,0.10562568390682403,1297
cg20453820,0.10562313344377966,1297
cg24116385,0.10562048542116032,1297
cg11002258,0.10561846258604352,1297
cg22915945,0.1056157949464995,1297
cg24753662,0.10561528160092994,1297
cg19675731,0.10561507468790393,1297
cg10405729,0.10561108803843489,1297
cg02099878,0.10561076183137104,1297
cg03670369,0.1056099900862093,1297
cg14861089,0.10560992343270961,1297
cg10313385,0.10560288842929696,1297
cg17921080,0.10560063805534378,1297
cg10481202,0.10559971194682075,1297
cg25451958,0.1055982556959919,1297
cg13456960,0.10558854657364058,1297
cg22779972,0.10558477505455671,1297
cg19252956,0.10558401932054845,1297
cg08296680,0.10557983467564852,1297
cg00922420,0.10556882907498188,1297
cg05369623,0.10556791864971149,1297
cg13054419,0.10556171101856965,1297
cg01901262,0.10555980023436776,1297
cg12544191,0.10555474600550771,1297
cg02458237,0.10555266160102991,1297
cg23827284,0.10554954272593353,1297
cg11907477,0.1055475634546742,1297
cg01071314,0.10554330802317602,1297
cg04896832,0.10553888145204796,1297
cg26363038,0.10553697681797497,1297
cg07411620,0.10553454436856467,1297
cg14965368,0.10553443198842308,1297
cg12374682,0.10552872764742735,1297
cg02331910,0.10552869011356115,1297
cg20504007,0.10552774967773865,1297
cg04994456,0.10552623176820536,1297
cg09257456,0.10552423180649426,1297
cg19310786,0.105521903931445,1297
cg22268510,0.10552094912832946,1297
cg05229528,0.10551864018138107,1297
cg05809668,0.10551385387276654,1297
cg23831898,0.10550931818407061,1297
cg09316306,0.10550848260595819,1297
cg08362102,0.10550812737554349,1297
cg15469871,0.1055048270000184,1297
cg19598416,0.1055032809958693,1297
cg03997105,0.1055007626615089,1297
cg18610205,0.10549123064015614,1297
cg10126372,0.1054903964955059,1297
cg25739875,0.10548995738635866,1297
cg03486485,0.10548745966775144,1297
cg13858127,0.10548743517820469,1297
cg09417355,0.10548337932207205,1297
cg02744249,0.10547696291694303,1297
cg21429615,0.10547516550325847,1297
cg00436496,0.1054715308615709,1297
cg01323777,0.10546632496112068,1297
cg25810938,0.10546508723592862,1297
cg26433640,0.10546265648890285,1297
cg25117523,0.10544905488432862,1297
cg07359545,0.10544754612822649,1297
cg14076977,0.10544350930167579,1297
cg01978237,0.105441954937879,1297
cg11677683,0.10544037520067528,1297
cg21002957,0.10544027073912501,1297
cg02630214,0.10543682525458126,1297
cg25902889,0.10543438615538164,1297
cg07687119,0.10543429568038484,1297
cg24360871,0.10543180013955383,1297
cg10017293,0.10543113485958616,1297
cg15475323,0.10543096608844013,1297
cg16775752,0.10542605416433787,1297
cg10571987,0.10542553192627319,1297
cg07095908,0.10542514440309803,1297
cg01343045,0.10542054638975978,1297
cg07394266,0.10541793262250956,1297
cg06847624,0.10541670089760238,1297
cg11036279,0.10541631405125443,1297
cg03436967,0.10541076495670676,1297
cg23517999,0.10540850398792184,1297
cg00317837,0.10540061208488219,1297
cg18128887,0.10539988640978859,1297
cg17809595,0.10539682634301542,1297
cg18938709,0.1053953845680331,1297
cg06606949,0.10539401195289608,1297
cg20399011,0.10539294421917633,1297
cg05017646,0.10538524832588375,1297
cg14879760,0.10538435566845755,1297
cg08393041,0.10538264488072854,1297
cg14218275,0.10538255496580046,1297
cg25405962,0.10538240482395553,1297
cg15006881,0.10538177543916072,1297
cg09539496,0.10537731983338938,1297
cg05060486,0.10537653961756632,1297
cg08139247,0.10537052471835728,1297
cg26113809,0.10536915454218355,1297
cg18700133,0.10536708888110452,1297
cg01581084,0.10535653336102063,1297
cg07964848,0.10535265616037881,1297
cg03898385,0.10534843147138517,1297
cg23014425,0.10534208790628447,1297
cg00240653,0.10534130005837222,1297
cg26682407,0.10534114050592408,1297
cg04703620,0.10533820491929674,1297
cg14252149,0.10533562684426909,1297
cg26187313,0.10532843903443984,1297
cg23357832,0.1053284246831791,1297
cg03871124,0.10532814979419178,1297
cg16963144,0.10532079452750107,1297
cg06154633,0.1053152713740097,1297
cg12803754,0.10531427714530789,1297
cg05649009,0.10530964141339283,1297
cg04245402,0.10530500718130842,1297
cg10463299,0.10530478019574976,1297
cg02776283,0.105295329295444,1297
cg12414174,0.10528626067771185,1297
cg20046343,0.10528617827303322,1297
cg15513657,0.10528519788045304,1297
cg16888565,0.10527880462516953,1297
cg26053832,0.10527763066118184,1297
cg20227471,0.10527693160302004,1297
cg06650250,0.10527442704826157,1297
cg01345354,0.10526757688815652,1297
cg06782204,0.10526699515195029,1297
cg08010362,0.1052661135303636,1297
cg17399362,0.10526426220485663,1297
cg16861964,0.10526318301433574,1297
cg22177308,0.10526094310016809,1297
cg05036212,0.10525261265107558,1297
cg25736617,0.10524928095261366,1297
cg22965432,0.10524915933280818,1297
cg27467876,0.10524895827453018,1297
cg10145533,0.10524354076159387,1297
cg21738443,0.1052336120938542,1297
cg08126875,0.10523328464106191,1297
cg05632631,0.10523312597189621,1297
cg05279229,0.1052288720502243,1297
cg24838240,0.10522716059608056,1297
cg13298199,0.10522669398286044,1297
cg17827017,0.10522449124064798,1297
cg17975443,0.1052236489298067,1297
cg12567635,0.1052233347622138,1297
cg00988050,0.10522044114885515,1297
cg24140586,0.10521774056479266,1297
cg12937413,0.1052127838209278,1297
cg18885992,0.10521014157436293,1297
cg02686793,0.1052099591329742,1297
cg11142389,0.10520591675623658,1297
cg21721807,0.10520389760350296,1297
cg15688324,0.10520099806782945,1297
cg24375409,0.10518925527027731,1297
cg14457782,0.10518471059757366,1297
cg19913426,0.10518054567906482,1297
cg18640444,0.10517975112407213,1297
cg15878317,0.10517867854068233,1297
cg12236164,0.10517818510214519,1297
cg09480047,0.1051775180852419,1297
cg26017988,0.10517629669871342,1297
cg07155223,0.10517271330535397,1297
cg21376090,0.10517162144320213,1297
cg25351606,0.10517017454006977,1297
cg18161327,0.10516842927457937,1297
cg23197862,0.10516770449923796,1297
cg09472901,0.10516646990982292,1297
cg01073837,0.10515848959637147,1297
cg21007509,0.10515693598065273,1297
cg04441857,0.1051558929576204,1297
cg18381051,0.1051533500865803,1297
cg08409113,0.10515243037274291,1297
cg15123692,0.10515145663058484,1297
cg06193597,0.10515095955954379,1297
cg06130360,0.10514578649419193,1297
cg19875532,0.10514120671437135,1297
cg16995742,0.1051409881149451,1297
cg26516532,0.10514004221278866,1297
cg07160932,0.10513948336970247,1297
cg18587137,0.10513658715529234,1297
cg00405198,0.10513343772909155,1297
cg18113826,0.10513234268199367,1297
cg17372758,0.10512865152072268,1297
cg15943038,0.10512835192018577,1297
cg09256683,0.10512826894521218,1297
cg14811105,0.10512678767489228,1297
cg24114813,0.1051248654321095,1297
cg02539809,0.10511625775142125,1297
cg00404923,0.10511122270212173,1297
cg12129480,0.10511023990702129,1297
cg18641463,0.10510159346748477,1297
cg16379283,0.10509943886762241,1297
cg00518857,0.1050966890388777,1297
cg19937061,0.10509430013335398,1297
cg03090969,0.10508925010738779,1297
cg08616663,0.1050883654445213,1297
cg02959939,0.1050871479929375,1297
cg11882488,0.1050832450999884,1297
cg03860256,0.10508284456517578,1297
cg02658043,0.10508069647039064,1297
cg11312408,0.1050731209418713,1297
cg24805759,0.10507259919693754,1297
cg06141846,0.10507242127981692,1297
cg10120897,0.1050644495842204,1297
cg11745166,0.10506324748347806,1297
cg21449397,0.10506319610324477,1297
cg02732152,0.10506314315461768,1297
cg13910651,0.10505852044911962,1297
cg01019355,0.10505587224014978,1297
cg03604067,0.10504855501587898,1297
cg14344955,0.10504647554645319,1297
cg27152890,0.10504563838416453,1297
cg15732053,0.10503839724756514,1297
cg18185980,0.10503547877012936,1297
cg03562044,0.10503437437949802,1297
cg11624708,0.10502244384423642,1297
cg08808042,0.10501786161848298,1297
cg13710662,0.10501711986861773,1297
cg25092838,0.10501684893727137,1297
cg08578641,0.10501380059435192,1297
cg23670353,0.10501252942937533,1297
cg14463068,0.10500711040250899,1297
cg26069044,0.10500589724276854,1297
cg25267258,0.10500504456477272,1297
cg19514230,0.10500357906639946,1297
cg08342837,0.10499933645564874,1297
cg18239942,0.10499553467946143,1297
cg03032497,0.10499228358253945,1297
cg03122201,0.10499157981195961,1297
cg10367412,0.10498917779825602,1297
cg19284211,0.10498496954729886,1297
cg02480675,0.1049787540647851,1297
cg27534912,0.10497869013554745,1297
cg21004358,0.10497536667021001,1297
cg00246969,0.10497401812159385,1297
cg14626259,0.10497045917880468,1297
cg10755235,0.10496973052787589,1297
cg03795378,0.10496774793131403,1297
cg05839762,0.10496758975411731,1297
cg07262247,0.10496607400434249,1297
cg24621972,0.10496514588822686,1297
cg01207650,0.10496495827924426,1297
cg09370982,0.1049645364346588,1297
cg04886846,0.10496237967243027,1297
cg08786003,0.1049587584366124,1297
cg12432236,0.10495533416963945,1297
cg14830003,0.10495454632569653,1297
cg07470968,0.10494823747977342,1297
cg17326555,0.10494263256527009,1297
cg24292761,0.10494241991688152,1297
cg03875496,0.10493865462492499,1297
cg20333292,0.10493709148918978,1297
cg12876356,0.10493464488595719,1297
cg09932747,0.10493348810110362,1297
cg01444051,0.10493321645840725,1297
cg08403195,0.1049312604816772,1297
cg18116154,0.10493099250673799,1297
cg24691854,0.10492723398763193,1297
cg09160231,0.10492640556053981,1297
cg03145994,0.10492390704776533,1297
cg18408209,0.1049220591217487,1297
cg03759556,0.10492032617138097,1297
cg24166178,0.10491997159977273,1297
cg05573844,0.1049165139529945,1297
cg24664855,0.10491377896862081,1297
cg02138124,0.10490931924224045,1297
cg04910082,0.10490695511747572,1297
cg21217423,0.10490607657186421,1297
cg22513455,0.10490576622391601,1297
cg23339720,0.10490200346116738,1297
cg01515543,0.1048972355529994,1297
cg21204588,0.10489608211546605,1297
cg05968904,0.10489292628501341,1297
cg03062944,0.10489161447145617,1297
cg20525461,0.10488953645536628,1297
cg24034005,0.10488946522065644,1297
cg20783697,0.10488757397393328,1297
cg21439763,0.1048794887601435,1297
cg00157199,0.10487603046437963,1297
cg07532353,0.10487503559680028,1297
cg23930313,0.10487494710484609,1297
cg02086801,0.10486043268345185,1297
cg01869342,0.10485450865167689,1297
cg26394916,0.10485035292666445,1297
cg10224806,0.10484838711540745,1297
cg07731336,0.10484692879267649,1297
cg02871891,0.10484446293877261,1297
cg20723705,0.10484108849231283,1297
cg06368184,0.10483920420854637,1297
cg22298265,0.1048377894637676,1297
cg06545268,0.10483618874145567,1297
cg02946204,0.10483518935583427,1297
cg00903584,0.10482315798065767,1297
cg26010734,0.10481664090187076,1297
cg00431187,0.10480776753714793,1297
cg04776812,0.10480390550652391,1297
cg22124221,0.1048030902345777,1297
cg20875826,0.10480239025642707,1297
cg01620164,0.1048000898627019,1297
cg01565918,0.10479932022843563,1297
cg23413051,0.10479794552812427,1297
cg23726802,0.10479751887548397,1297
cg27224791,0.1047964177101679,1297
cg04086239,0.1047936086708407,1297
cg09279736,0.10478055395939032,1297
cg03564793,0.10477628106925849,1297
cg05754929,0.10476979312988904,1297
cg12574576,0.1047665756187291,1297
cg20537554,0.10476528102884192,1297
cg16616521,0.10476303187335788,1297
cg19656282,0.1047592141225798,1297
cg10954469,0.10475621946470917,1297
cg27202913,0.10475123352932193,1297
cg16560389,0.10475031742949992,1297
cg14533523,0.10474977545625902,1297
cg12318400,0.1047496922217953,1297
cg07295362,0.10474698431778062,1297
cg15852352,0.1047465418822579,1297
cg26736232,0.10474376690558479,1297
cg18935453,0.10474276618770897,1297
cg08875948,0.10474255139372843,1297
cg14329860,0.10474237684775087,1297
cg02237629,0.10474224092895841,1297
cg13997975,0.1047410669012877,1297
cg25181170,0.10473291353616529,1297
cg02838178,0.10473123777535137,1297
cg24392532,0.10472474613897595,1297
cg12195238,0.10471917770992312,1297
cg14883961,0.10471752643595157,1297
cg11303839,0.10471555002362165,1297
cg24473594,0.10471286285420567,1297
cg20778600,0.10470520550567597,1297
cg24848035,0.10470369536222703,1297
cg12253437,0.10470269216463185,1297
cg12736877,0.104701323024186,1297
cg11157235,0.1046976595622307,1297
cg16963373,0.10469708759135182,1297
cg09624466,0.10468485206562073,1297
cg06629130,0.10468207415708553,1297
cg20271865,0.104681330299803,1297
cg02144266,0.10468078973093264,1297
cg18285337,0.1046788093589559,1297
cg02119494,0.10466808279825068,1297
cg22350070,0.10466704672090484,1297
cg05373263,0.10466631558549958,1297
cg23631759,0.10466338149199633,1297
cg20463298,0.10464649830983372,1297
cg06911354,0.10464630360293709,1297
cg26077133,0.10464524982939111,1297
cg13287247,0.10464494357447744,1297
cg10548978,0.10464360828939367,1297
cg27215100,0.1046424691535652,1297
cg08918576,0.10464142717976052,1297
cg15046123,0.10463939578004139,1297
cg02733444,0.10463791860868987,1297
cg08418111,0.10463116293795768,1297
cg16009311,0.10462871495611328,1297
cg23377551,0.10462824341636799,1297
cg16564135,0.10462574624833748,1297
cg15286094,0.10462241200727865,1297
cg03048654,0.10462169289995431,1297
cg13399952,0.10461985623487235,1297
cg00031187,0.10461610779186431,1297
cg02865101,0.10461538123807876,1297
cg17760405,0.10461363856675071,1297
cg07204280,0.10461246720882615,1297
cg04777091,0.10461208829262142,1297
cg21351483,0.10460706046282026,1297
cg25506432,0.10460572466715723,1297
cg13180315,0.10460506980072998,1297
cg01987702,0.10460157947034332,1297
cg16427033,0.10460003968465503,1297
cg23088810,0.10459071924196645,1297
cg15013801,0.10458961931376731,1297
cg06088745,0.10458782837010372,1297
cg09125300,0.10458737375637603,1297
cg06055229,0.10458395508606569,1297
cg17209188,0.10458326227027981,1297
cg01081584,0.10458238287321275,1297
cg02276807,0.10457814115769781,1297
cg08407014,0.10457801604109909,1297
cg24055029,0.10457710441361504,1297
cg22588983,0.10457308767418327,1297
cg25412017,0.10457167526864898,1297
cg17580613,0.10457110521401158,1297
cg22110839,0.10457026782792214,1297
cg09938881,0.10456832013387043,1297
cg24946253,0.10456602046298727,1297
cg23097402,0.10456579775042213,1297
cg25561762,0.10455874656568032,1297
cg06937717,0.10455724904615851,1297
cg19219778,0.1045550865128764,1297
cg00765705,0.10455454440175782,1297
cg01891583,0.10455236981358815,1297
cg11150222,0.1045511292429771,1297
cg00390259,0.10454803062856932,1297
cg14015502,0.10454600426192018,1297
cg08894487,0.1045445393093801,1297
cg13972706,0.10454350910593219,1297
cg17964844,0.10454331487366658,1297
cg04322572,0.10453915127199748,1297
cg23375593,0.10453035763472357,1297
cg17949813,0.10453031780974154,1297
cg15888472,0.10452503394437695,1297
cg18337363,0.10452391441321038,1297
cg23076537,0.10452229130670701,1297
cg26814835,0.10451672357714897,1297
cg14580228,0.10451495100729005,1297
cg09887906,0.10451202595774772,1297
cg19465159,0.10450894775234115,1297
cg03778780,0.10450706657374886,1297
cg22311510,0.10450606320673367,1297
cg15768226,0.10450602917193424,1297
cg23075337,0.10450403656618212,1297
cg23218354,0.10449862542378663,1297
cg01548463,0.10449408241950758,1297
cg23484741,0.10449401009582332,1297
cg16564033,0.10449301407392272,1297
cg03832737,0.10449007705321223,1297
cg17328839,0.10448786817464004,1297
cg10563645,0.10448355244947219,1297
cg22328208,0.10447837915507138,1297
cg02259934,0.10447782693815355,1297
cg13498757,0.10447473046900649,1297
cg01247454,0.104473095445231,1297
cg01328444,0.10447263495662645,1297
cg26741686,0.10447241838693123,1297
cg13661519,0.10446939317997139,1297
cg21679391,0.10446845681500941,1297
cg03998338,0.10446672690787134,1297
cg00044796,0.10446539199136826,1297
cg14559356,0.10445777045737584,1297
cg13522891,0.10445203820670945,1297
cg23257935,0.10445114851259021,1297
cg19670883,0.10444760787271562,1297
cg07377422,0.10444746931756607,1297
cg26956007,0.10443984735551637,1297
cg07307142,0.1044387845220758,1297
cg02702444,0.10443476914961858,1297
cg09157302,0.10442920144341591,1297
cg05391892,0.10442780468967472,1297
cg13852116,0.10442673428044291,1297
cg26273310,0.10442507853833344,1297
cg06641357,0.1044228285079114,1297
cg22872195,0.10442231198930962,1297
cg12711252,0.1044213334275062,1297
cg09501959,0.10441810597806556,1297
cg24932457,0.10440980097919485,1297
cg15894129,0.10440772828548148,1297
cg14693090,0.10439282577255421,1297
cg12193833,0.10438706374624374,1297
cg20314548,0.10438563691202862,1297
cg23085167,0.1043853056507093,1297
cg05716270,0.10438054155187318,1297
cg00830285,0.10437786085416084,1297
cg25449283,0.10437574983798231,1297
cg08320659,0.1043750414833585,1297
cg08621957,0.1043749665928137,1297
cg23688719,0.10436675535796958,1297
cg13981054,0.10436659155747846,1297
cg12505170,0.10435581782343231,1297
cg04929759,0.10435557656603983,1297
cg27070962,0.10435467961905734,1297
cg06526980,0.10435201814733674,1297
cg11435506,0.1043511033323048,1297
cg22842855,0.10435043745815314,1297
cg08557179,0.10434997482450067,1297
cg06282596,0.10434291552986058,1297
cg02324789,0.10434130084402288,1297
cg24860562,0.10433565330683378,1297
cg22193912,0.10433480132911269,1297
cg02090762,0.10433042956647784,1297
cg00215432,0.1043266947843999,1297
cg11908131,0.10432252996279273,1297
cg16105687,0.10432051386395236,1297
cg00015530,0.10431954461957871,1297
cg26429266,0.10431893497094341,1297
cg06143732,0.10431785124298648,1297
cg11646638,0.10431499570714575,1297
cg13197283,0.10431361687425095,1297
cg25449484,0.10431343901680745,1297
cg06355422,0.10431308577022497,1297
cg16250868,0.10430856918295556,1297
cg02245004,0.10430824106280248,1297
cg16890093,0.10430794536444715,1297
cg12313149,0.1043025407756866,1297
cg05113927,0.10430130845107174,1297
cg15043384,0.10429951700291284,1297
cg10511988,0.10429926702138301,1297
cg01744331,0.10429586938146523,1297
cg16393012,0.10429375202095473,1297
cg24799830,0.1042864556495064,1297
cg25731359,0.10428387903947667,1297
cg08486269,0.10428183120059892,1297
cg26891211,0.10427990680010807,1297
cg04638655,0.10427951284866943,1297
cg06727067,0.1042679937327885,1297
cg14029686,0.10426337527724577,1297
cg11928064,0.10425980427405396,1297
cg05661282,0.10425964766772858,1297
cg16755833,0.10425614206778383,1297
cg18887230,0.10425397989389967,1297
cg05830220,0.104252938071286,1297
cg10811485,0.10423990501260902,1297
cg00601836,0.10423701763159413,1297
cg27138892,0.10423675291287138,1297
cg19635505,0.1042331712603215,1297
cg20846192,0.1042309700598893,1297
cg10365886,0.10422977412875206,1297
cg09307431,0.10422245048848891,1297
cg05589489,0.10422086400932568,1297
cg24452821,0.1042172271288597,1297
cg19351954,0.1042158599002165,1297
cg22979783,0.1042158442973252,1297
cg14879279,0.10421064268917701,1297
cg13476854,0.10420688903828682,1297
cg12512771,0.10420611066175339,1297
cg04982308,0.10419619479782406,1297
cg03278611,0.10419362635687746,1297
cg22171607,0.10419101986659846,1297
cg13993183,0.10419038422918919,1297
cg24927687,0.10418958042212834,1297
cg15332386,0.1041882595118162,1297
cg25799059,0.10418814137134302,1297
cg04074945,0.10418455655679007,1297
cg00557947,0.10418373024613961,1297
cg23898189,0.1041782139285985,1297
cg08936516,0.10417791899124573,1297
cg08578703,0.1041776453896805,1297
cg14441948,0.1041671509476716,1297
cg20804101,0.10415193563377825,1297
cg15450139,0.10415066752797522,1297
cg16520685,0.10415003708083337,1297
cg13857210,0.10414839306753598,1297
cg17247026,0.10414584437688562,1297
cg06783429,0.10414052877299326,1297
cg14855519,0.10413814290559315,1297
cg21849844,0.1041357725944978,1297
cg26878870,0.10413503648299163,1297
cg18393747,0.10413331508275711,1297
cg01708377,0.10413309288865186,1297
cg25392692,0.10412230755645108,1297
cg15827779,0.10412038267459237,1297
cg22653915,0.10411040771026875,1297
cg26897989,0.1041090961103856,1297
cg00491255,0.1041037924482689,1297
cg17727929,0.10410308462869847,1297
cg26695123,0.10409936831795152,1297
cg11105292,0.104098045603217,1297
cg26023748,0.10409575459595721,1297
cg23350812,0.10409457058380794,1297
cg23429794,0.1040923174622671,1297
cg13440206,0.10408232991548633,1297
cg01413054,0.10407934845305417,1297
cg10083258,0.10407217709559369,1297
cg24203758,0.10406036195025867,1297
cg04477010,0.10405975706498771,1297
cg13323489,0.10405911165699497,1297
cg13044675,0.10405629124684344,1297
cg07674139,0.1040562504338154,1297
cg25792999,0.10405525908862123,1297
cg11062778,0.10405079546207921,1297
cg25645064,0.10404997421551232,1297
cg23077820,0.10404993842946536,1297
cg02111655,0.10404608106806795,1297
cg01439631,0.10403936270461978,1297
cg00025439,0.10403208335594386,1297
cg05088820,0.10402682524245449,1297
cg15498134,0.1040239351904802,1297
cg07690882,0.10402278471471857,1297
cg00931874,0.10402227472419784,1297
cg03392753,0.10402192562633192,1297
cg14098847,0.10402176847321443,1297
cg04184297,0.10402066342460631,1297
cg07704934,0.10402063833200614,1297
cg04202465,0.1040186124302752,1297
cg17594047,0.10401631738679062,1297
cg22756386,0.10401478912992862,1297
cg24107163,0.10401220743472603,1297
cg24835948,0.10400527328580433,1297
cg13213810,0.1040013850520054,1297
cg16409977,0.10399598819092176,1297
cg18942579,0.10399317883736639,1297
cg06618298,0.10399315021037318,1297
cg08194377,0.10399170942579705,1297
cg00689580,0.10399065346880998,1297
cg01387797,0.10398798869657211,1297
cg18280830,0.10398656222364067,1297
cg09075515,0.10398518662946432,1297
cg06107816,0.10398349269981348,1297
cg24936299,0.10398058633340024,1297
cg15008124,0.10397680237826201,1297
cg00025591,0.1039643741925027,1297
cg26298409,0.10396212064364657,1297
cg06783737,0.10395616046493178,1297
cg20174636,0.10395401916877313,1297
cg08333463,0.10395333002828894,1297
cg20386316,0.10395219182481191,1297
cg24556382,0.1039516837203538,1297
cg23905164,0.10394638429444732,1297
cg15309236,0.10394084948924301,1297
cg04223553,0.10393810990626237,1297
cg24455808,0.10393636257769046,1297
cg09990852,0.10393160534645265,1297
cg16219860,0.10393060714778107,1297
cg00087368,0.10392998514300728,1297
cg07412315,0.1039260050716963,1297
cg18725867,0.1039236857332163,1297
cg15213210,0.10392357022612335,1297
cg14491284,0.10392232115689742,1297
cg23958704,0.10391867024589999,1297
cg04648480,0.10391661664185817,1297
cg01622006,0.10391437106236809,1297
cg11930400,0.10391267083359024,1297
cg18021623,0.10391155392280127,1297
cg20215257,0.1039109542804679,1297
cg24113818,0.1039066262130506,1297
cg16705086,0.1039058791464964,1297
cg25458175,0.10390584698325378,1297
cg25365014,0.10389629460029762,1297
cg17039830,0.10389495416261502,1297
cg09748975,0.10389450882302276,1297
cg02400735,0.10389295027352416,1297
cg08264122,0.10389212510710802,1297
cg06668065,0.10389013638934477,1297
cg25412130,0.10388734204234928,1297
cg19788250,0.10388658666390499,1297
cg22371972,0.10388442586326953,1297
cg01335980,0.10388156765177331,1297
cg02317832,0.10388075457054063,1297
cg06893296,0.10388061906925672,1297
cg06633438,0.10387514878721718,1297
cg22973468,0.10386977194722102,1297
cg23322523,0.10386774734815105,1297
cg02030929,0.10386749891836572,1297
cg18093372,0.10386681083864518,1297
cg17953701,0.10386028606353986,1297
cg17496661,0.10385866358671353,1297
cg26963356,0.103852247667867,1297
cg24606807,0.10385217046861606,1297
cg06715136,0.1038511573677316,1297
cg19846168,0.10384863134337413,1297
cg13168042,0.10384335603217615,1297
cg07363697,0.10384281691345626,1297
cg07510423,0.10383638026958344,1297
cg08867825,0.10383607949496462,1297
cg04520169,0.10383384882534658,1297
cg05984244,0.10383212087280955,1297
cg05247305,0.10383172089839357,1297
cg08599085,0.10383096935903707,1297
cg03886558,0.10382956304713557,1297
cg13118906,0.10382303990326996,1297
cg11438310,0.10381991342405933,1297
cg08584759,0.1038171334192371,1297
cg20765408,0.1038074651122265,1297
cg08863953,0.10380707495656968,1297
cg10126205,0.10380625104698757,1297
cg21152753,0.10379914231435945,1297
cg17275781,0.10379674468219646,1297
cg18404706,0.10379639765775239,1297
cg22686132,0.10379631096584507,1297
cg11827514,0.10379438845354122,1297
cg17159790,0.10379151881217688,1297
cg25148758,0.10378936688222601,1297
cg15728692,0.10377832069291204,1297
cg01114124,0.10377572711109731,1297
cg01074657,0.10377479481262109,1297
cg16020346,0.10376815407230078,1297
cg12434944,0.10376575759557861,1297
cg10827768,0.10376569045722714,1297
cg08061334,0.10375834853335086,1297
cg08595433,0.10375510718455735,1297
cg05115862,0.10375497892227148,1297
cg22628512,0.10375326251832373,1297
cg00347563,0.10375291332812189,1297
cg07048527,0.10374064348100592,1297
cg06925984,0.10373674097980526,1297
cg16927606,0.1037339055337419,1297
cg20809036,0.1037331769429981,1297
cg03225787,0.10373041141647321,1297
cg01246617,0.1037268137823612,1297
cg03498081,0.10372251807502604,1297
cg13851870,0.10372188155138443,1297
cg04980849,0.10372102448689485,1297
cg21574271,0.10372005889491298,1297
cg14789659,0.10371913537321689,1297
cg14576436,0.10370675647310729,1297
cg20432960,0.10370590240405983,1297
cg05608541,0.10370466700304964,1297
cg20430104,0.1037039677010913,1297
cg19048251,0.10370205606372807,1297
cg10087556,0.10369859577950907,1297
cg23463794,0.10369803949336537,1297
cg24773493,0.10369457639370677,1297
cg15281710,0.10369153887408789,1297
cg05483505,0.10369149165513186,1297
cg03280108,0.10368874253503235,1297
cg24898738,0.10368732635057853,1297
cg06383135,0.10368550481139027,1297
cg15139596,0.10368348156060947,1297
cg13081620,0.1036722945980392,1297
cg14750948,0.10367150802416986,1297
cg17133045,0.10366809571466057,1297
cg14684925,0.10366643022519806,1297
cg20138186,0.10366571882130793,1297
cg27518324,0.10366297132425456,1297
cg16960943,0.10366112139013622,1297
cg24232444,0.10365050339484491,1297
cg14393566,0.10364085800523315,1297
cg20372886,0.10363464990056959,1297
cg16317901,0.10363253564219674,1297
cg08654262,0.10363199590424516,1297
cg03532926,0.10362785710563603,1297
cg07923794,0.10362594427824964,1297
cg06212224,0.10362399661759317,1297
cg08428129,0.10362358862452122,1297
cg06982190,0.10361932460886819,1297
cg00106685,0.10361845652975978,1297
cg15382538,0.10361611885159566,1297
cg04908380,0.10361536029587562,1297
cg22621169,0.10360281911822436,1297
cg12786605,0.10360268079959517,1297
cg04522310,0.10359991185599177,1297
cg11945824,0.10359928268806767,1297
cg06458557,0.1035991112738966,1297
cg22969524,0.10359900246716897,1297
cg04334243,0.10359774890376375,1297
cg23530586,0.10359469143541444,1297
cg04832245,0.10358641247585121,1297
cg27028202,0.10358436612591265,1297
cg02247178,0.10358406867798653,1297
cg05979766,0.10358033627389054,1297
cg06693983,0.10357598326313147,1297
cg25961432,0.1035746442210026,1297
cg13880868,0.10357294639727366,1297
cg27059698,0.10357196698433921,1297
cg16348820,0.10357159486757059,1297
cg17171215,0.10357158051256259,1297
cg18809126,0.10357135572532436,1297
cg23521140,0.10356836106035115,1297
cg13934406,0.10356667227537054,1297
cg15916160,0.10356647015117243,1297
cg10565187,0.10356536563608021,1297
cg15556723,0.10356382133538045,1297
cg10052782,0.10356369763567386,1297
cg13785068,0.10356263743781696,1297
cg22948288,0.10356213883976689,1297
cg11585022,0.10356166054728122,1297
cg02085507,0.10356085842906043,1297
cg23427653,0.1035588162462664,1297
cg03422583,0.10355728647514562,1297
cg14207539,0.10355601208059434,1297
cg05741225,0.10355563341197038,1297
cg10130564,0.10355426737410783,1297
cg16793199,0.10355420947168686,1297
cg07209071,0.10354966607727184,1297
cg26549701,0.10354889315197041,1297
cg15724945,0.10354703764620721,1297
cg16587518,0.10354131121156929,1297
cg19497082,0.10353033729136388,1297
cg22836229,0.10352968768570064,1297
cg01214458,0.10351993953562683,1297
cg11878331,0.10351923267612281,1297
cg21106461,0.1035169166700699,1297
cg24916358,0.10350779158798984,1297
cg21827674,0.10350680061695966,1297
cg09408917,0.10350624040298723,1297
cg10506844,0.10350589679105748,1297
cg12318501,0.10350307648906543,1297
cg01175550,0.10350104659994083,1297
cg14315558,0.10350100422353402,1297
cg14189142,0.1034952761136127,1297
cg20377305,0.10348478504472591,1297
cg20754261,0.103481419965424,1297
cg07946277,0.10348089426349696,1297
cg08072862,0.10347878967199453,1297
cg25740565,0.1034768199352982,1297
cg09923954,0.10347600870987364,1297
cg15954878,0.10347393330347515,1297
cg11806439,0.10347153886654398,1297
cg05762694,0.10346805581340951,1297
cg07654843,0.10346505555018493,1297
cg21201830,0.10346460649342104,1297
cg20935165,0.10346455286218331,1297
cg13470969,0.1034620909323972,1297
cg20965469,0.10345950958683475,1297
cg27260772,0.10345645539904307,1297
cg27122888,0.10345214373030098,1297
cg16851046,0.10344749102477652,1297
cg02849695,0.1034467321456925,1297
cg13856812,0.10344623264707042,1297
cg02357336,0.10344262151690867,1297
cg05069228,0.10344101145453402,1297
cg15279308,0.10344070139700855,1297
cg06911744,0.1034268600985852,1297
cg24318032,0.10342620288572191,1297
cg05667348,0.1034240573272566,1297
cg16708623,0.10342270763564715,1297
cg14507146,0.1034160613760961,1297
cg23214395,0.10341274859891764,1297
cg25457886,0.10341174252815141,1297
cg13482308,0.10340843526076232,1297
cg20972294,0.10340582607685056,1297
cg25417842,0.103399608209162,1297
cg22356428,0.10339901982840544,1297
cg16399632,0.10339615582110978,1297
cg21645554,0.10339062853715567,1297
cg03730946,0.1033898714273333,1297
cg09615821,0.10338959688096971,1297
cg10546219,0.10338916849011137,1297
cg15009232,0.10338631482225172,1297
cg04254487,0.10338194655792038,1297
cg15878670,0.10337728588394396,1297
cg23995446,0.10337461069063976,1297
cg26161708,0.10337367660442703,1297
cg26402555,0.10337242110259326,1297
cg01176363,0.10337110339356081,1297
cg19618984,0.10336988061102023,1297
cg07216436,0.10336684175480904,1297
cg22579265,0.1033659138382865,1297
cg23289024,0.10336413895242061,1297
cg22108374,0.10336360375546175,1297
cg03447361,0.10336322396749706,1297
cg27411712,0.1033603435592158,1297
cg05773155,0.10335921282242289,1297
cg05484949,0.1033517898857978,1297
cg25706257,0.10335140625438516,1297
cg18061197,0.10334371905834089,1297
cg07366506,0.10333941936924307,1297
cg21226059,0.10333619056338085,1297
cg08858201,0.10332985123079366,1297
cg08436419,0.10332676280849296,1297
cg04224025,0.10332661266940943,1297
cg04639421,0.10332124706595641,1297
cg23891273,0.10332065722171793,1297
cg23803868,0.10332047351596624,1297
cg06385583,0.10331932273551853,1297
cg16001495,0.10331620423549245,1297
cg23765993,0.10331180192062156,1297
cg06247406,0.10330885024956138,1297
cg13929734,0.10330347950581908,1297
cg20457732,0.10330335246672798,1297
cg25859670,0.10330183475116378,1297
cg12690127,0.10330181599424812,1297
cg03537591,0.10330167678990859,1297
cg08553601,0.10329780501265337,1297
cg22663872,0.1032973032270352,1297
cg06786238,0.10329234303168494,1297
cg03891302,0.10329213096903189,1297
cg06790197,0.10329183050654178,1297
cg24744430,0.10329075650444813,1297
cg27504195,0.1032869171311851,1297
cg11008123,0.10328666741940878,1297
cg17585615,0.10327333623090032,1297
cg04184716,0.10326875600679195,1297
cg20764887,0.10326621746650871,1297
cg00400992,0.10326587113931651,1297
cg02363593,0.1032651915392738,1297
cg02256384,0.10326420100650868,1297
cg04742334,0.10326143343435301,1297
cg09245302,0.10325560092286051,1297
cg08006672,0.10325397647451023,1297
cg00035316,0.1032538447845825,1297
cg18637383,0.10325266246770526,1297
cg11917579,0.10324696190457061,1297
cg04224064,0.10324533340613126,1297
cg23696593,0.10324510604084514,1297
cg06677089,0.10324271627691156,1297
cg19725343,0.103240761810203,1297
cg18486235,0.10323576123350739,1297
cg09367901,0.1032354025336491,1297
cg25734913,0.10323327569718152,1297
cg08660959,0.1032272416341315,1297
cg13852730,0.10321655765317905,1297
cg16563255,0.10321506842368675,1297
cg13261106,0.10320718725238859,1297
cg12308675,0.10320701735278148,1297
cg11361344,0.10320357067405578,1297
cg19049194,0.10320243516255506,1297
cg05472468,0.10320032519687163,1297
cg23226249,0.10319953542862781,1297
cg06516124,0.1031976209460394,1297
cg04621893,0.10319742331388124,1297
cg11236641,0.10319625049754541,1297
cg03844372,0.10319170983147813,1297
cg11219400,0.10318792273207425,1297
cg04164048,0.10318174016186149,1297
cg17066349,0.10317382747711434,1297
cg07870914,0.10316938248098201,1297
cg13211181,0.10316749320071636,1297
cg02665650,0.10316468410069296,1297
cg24213719,0.10316320590246225,1297
cg02326058,0.10316128798418808,1297
cg09946623,0.1031567954727639,1297
cg14691971,0.10315556638453932,1297
cg01613817,0.10315496832442442,1297
cg12150401,0.10315281945894672,1297
cg00986130,0.10314986769288514,1297
cg21027282,0.10314906388349221,1297
cg26068160,0.10314858236018681,1297
cg00515954,0.10314657909151487,1297
cg07276534,0.10313857348025268,1297
cg17207559,0.10313835515214709,1297
cg20220755,0.10313589704727649,1297
cg13107973,0.10313496570604905,1297
cg04131969,0.10313411593222277,1297
cg17633463,0.10313174474189568,1297
cg04010915,0.10313113235073529,1297
cg00588920,0.10313009177121374,1297
cg27532955,0.10312621946784417,1297
cg00081714,0.10312535248220733,1297
cg08900396,0.10312530604915154,1297
cg25895948,0.10312248056078716,1297
cg04708391,0.10311862059662791,1297
cg25594736,0.10311347669520635,1297
cg05142677,0.10310226968502104,1297
cg21695830,0.10310083542109513,1297
cg01644092,0.10310021739823183,1297
cg04141796,0.10309900944216872,1297
cg23518497,0.10309855236948767,1297
cg15862394,0.10309718838500248,1297
cg01054110,0.1030928207557531,1297
cg18937934,0.1030907438428953,1297
cg10539898,0.10309058131536208,1297
cg00295572,0.10308822134883157,1297
cg05934682,0.10308280670654787,1297
cg00935894,0.10308177844939664,1297
cg17308545,0.1030758515241765,1297
cg13852775,0.1030700690369789,1297
cg24683222,0.10306699582491424,1297
cg25134701,0.1030646576121057,1297
cg23342045,0.10306342822738143,1297
cg19822110,0.10306091434065029,1297
cg22442454,0.10305137210845941,1297
cg01047586,0.1030485259944886,1297
cg25774643,0.10304812001660714,1297
cg13293524,0.10303748687064046,1297
cg02027945,0.10303712586534441,1297
cg24668061,0.10303201426406272,1297
cg17718899,0.10302887332255195,1297
cg14909730,0.10302803291105624,1297
cg21880888,0.10302720062558463,1297
cg13363823,0.1030254386880563,1297
cg17229698,0.10302338205682421,1297
cg00910015,0.10301759400587632,1297
cg22163631,0.1030113737576899,1297
cg20548013,0.10300878997759666,1297
cg24947764,0.10300835475864847,1297
cg27089768,0.10300745560112642,1297
cg20211654,0.10300475827919425,1297
cg24095120,0.10300370859273139,1297
cg03224396,0.1030024581545331,1297
cg00253248,0.1029994612738925,1297
cg05164449,0.1029990825161956,1297
cg18786593,0.10299147330741239,1297
cg11322464,0.10299142591877819,1297
cg21238609,0.10298771982967757,1297
cg25451456,0.10298549454262446,1297
cg14538785,0.10298329026421774,1297
cg19389293,0.10297457450886677,1297
cg16782524,0.10297435324476129,1297
cg05557991,0.10297431602253465,1297
cg02852791,0.10297327677767223,1297
cg09632936,0.10297173093266387,1297
cg26287345,0.1029666150209339,1297
cg08276645,0.10296431948282425,1297
cg19416795,0.10296373210182086,1297
cg04352288,0.10296281864191759,1297
cg10591771,0.10296031243200354,1297
cg07618453,0.10295110371365263,1297
cg11400162,0.10294595997368283,1297
cg11724970,0.10294579029073031,1297
cg01994252,0.10294259415452778,1297
cg10096519,0.10294145822157796,1297
cg26679004,0.1029371790514933,1297
cg12033619,0.10293483269439702,1297
cg04688351,0.10293471483904952,1297
cg11798182,0.102934367485673,1297
cg23291280,0.10293280893080087,1297
cg08522426,0.10293148855821378,1297
cg11732226,0.10293090705764946,1297
cg18959478,0.10292942711855976,1297
cg20294304,0.10292700423153145,1297
cg26695758,0.10292471848486034,1297
cg24923430,0.10292444750464103,1297
cg08928696,0.10292081670331626,1297
cg00379720,0.1029203973711263,1297
cg20773915,0.10291762572624863,1297
cg19383680,0.10291241470092438,1297
cg07548607,0.1029049329103378,1297
cg09322259,0.10290398495752823,1297
cg16733705,0.10290217748462283,1297
cg05036656,0.10290009457374744,1297
cg07874011,0.10289657378865022,1297
cg24075175,0.10289505656843204,1297
cg09839204,0.10289334763041319,1297
cg09387749,0.10288932195937922,1297
cg09333221,0.10288422067381098,1297
cg13591783,0.10288018986724745,1297
cg01244015,0.10288007586875952,1297
cg07099331,0.10287654886518598,1297
cg19949776,0.10287613063726198,1297
cg18231184,0.10287579075839481,1297
cg02068923,0.10286849807383608,1297
cg01095004,0.10286679990018116,1297
cg07572251,0.10286672376841258,1297
cg00582562,0.1028655590241925,1297
cg04960065,0.10286020099440113,1297
cg03192598,0.10285905966026518,1297
cg27439292,0.10285815432167439,1297
cg00914726,0.10285666586902126,1297
cg12659065,0.10285201442106118,1297
cg03164070,0.10284295041552743,1297
cg00562504,0.10283940856774756,1297
cg20435485,0.10283680066512141,1297
cg08133629,0.10283219707897545,1297
cg06349851,0.1028281743080367,1297
cg19989295,0.10282534403759083,1297
cg17774559,0.10282392576917188,1297
cg07531268,0.10281704210500303,1297
cg00513941,0.10281687181493823,1297
cg13739115,0.10281506689046024,1297
cg07806248,0.10281277727079757,1297
cg14464551,0.10280657697361723,1297
cg01665555,0.10280638923769146,1297
cg16476975,0.10280603676812643,1297
cg20432211,0.10280523962733418,1297
cg19798881,0.10280507313155501,1297
cg24609101,0.10279938365068175,1297
cg13826452,0.10279907922420423,1297
cg25319067,0.10279853340828485,1297
cg16262559,0.10279844398645932,1297
cg01834979,0.1027979703914422,1297
cg24526103,0.10279456172498494,1297
cg01475952,0.10279100690122808,1297
cg27093637,0.10278738976831653,1297
cg09023624,0.10278502140129742,1297
cg13897134,0.1027836901513011,1297
cg15494558,0.10278162257926232,1297
cg03639671,0.10278076058671742,1297
cg05240760,0.10278070173222212,1297
cg04651137,0.10277819648052833,1297
cg06363485,0.1027772467934551,1297
cg11921111,0.10277616630361874,1297
cg05870739,0.10277573980092247,1297
cg22912095,0.1027735071057016,1297
cg20302497,0.10277156753440114,1297
cg25479788,0.10277081231324937,1297
cg00723994,0.1027694804087288,1297
cg00927256,0.10276501546720646,1297
cg16487097,0.10276479268855637,1297
cg08463297,0.10276252569318983,1297
cg14266287,0.10275448511318613,1297
cg11486078,0.10275170381543192,1297
cg11341086,0.10274749471465028,1297
cg27121870,0.10274697910215463,1297
cg05722981,0.10274508862417792,1297
cg19777067,0.10274503133597113,1297
cg16522412,0.10274431869810141,1297
cg03918756,0.10274118014638245,1297
cg22244192,0.10273944932857118,1297
cg01577475,0.10273033121376954,1297
cg00480381,0.10272962411190178,1297
cg00074145,0.10272900907781363,1297
cg23173687,0.10272231611790145,1297
cg00204782,0.1027202530907246,1297
cg00557536,0.10271645819816658,1297
cg16873443,0.10271539134023394,1297
cg04793527,0.10271492655705905,1297
cg18980036,0.10271428629242876,1297
cg01878308,0.10271204877400847,1297
cg17626960,0.10270872818979535,1297
cg13407335,0.10270572271565054,1297
cg17798857,0.1027044148343213,1297
cg17919152,0.10270149528890357,1297
cg22022067,0.10270098847278725,1297
cg04998327,0.1026966559722371,1297
cg26773567,0.10269662475734698,1297
cg12285118,0.1026921766737286,1297
cg03754403,0.10269105706722899,1297
cg16829042,0.10268861462155104,1297
cg17851868,0.10268741347522145,1297
cg15778054,0.10268709265908937,1297
cg13633659,0.10268385449622286,1297
cg02020018,0.10268086431780304,1297
cg18837947,0.10267975372653948,1297
cg26871372,0.10267761983741142,1297
cg03272225,0.10267622738684185,1297
cg02059317,0.10267613662170377,1297
cg12133423,0.10267543265975143,1297
cg21450228,0.10267542498806315,1297
cg12646649,0.10267198353106138,1297
cg09451320,0.10266979141824095,1297
cg00857907,0.10266891989737859,1297
cg21092324,0.1026625083747254,1297
cg09803262,0.10266038545838796,1297
cg22008490,0.10265999144754184,1297
cg06195280,0.1026577479991756,1297
cg15952487,0.10264531696631013,1297
cg12743970,0.10264181155048241,1297
cg12010476,0.10263591312680315,1297
cg22156300,0.10263283853922522,1297
cg04678315,0.10263225924308061,1297
cg09150064,0.10263210980958079,1297
cg06745083,0.10263193095510917,1297
cg19140262,0.10262774704696231,1297
cg04967578,0.1026254710060498,1297
cg24161057,0.10262489158427571,1297
cg18465694,0.10262343135010382,1297
cg10627839,0.10262317308426608,1297
cg22957360,0.10262300247890105,1297
cg08881680,0.10261947378089518,1297
cg16642791,0.10261655160165012,1297
cg10925082,0.10261597315459223,1297
cg01997272,0.10261103228631202,1297
cg10852861,0.1026092606358916,1297
cg11779113,0.10260822677596981,1297
cg16531622,0.10260547998278535,1297
cg07395354,0.10260538501881025,1297
cg12597169,0.10260247837169506,1297
cg24716664,0.10259920146391643,1297
cg27388680,0.10259847866625438,1297
cg08334034,0.10259690152293827,1297
cg27468976,0.10259609238898565,1297
cg19328560,0.10259514122906654,1297
cg21733927,0.10259306798104645,1297
cg02624701,0.10258879554128636,1297
cg21302651,0.10258293885214564,1297
cg20174393,0.10258122280422016,1297
cg06520521,0.10258032403203435,1297
cg02245119,0.10257960556359894,1297
cg23731272,0.10257673975059858,1297
cg17737621,0.10257164483788467,1297
cg21885159,0.10257070305297972,1297
cg05925327,0.10256986613137867,1297
cg19974120,0.10256337579008007,1297
cg20918393,0.10256140046302908,1297
cg17546247,0.10256113858847726,1297
cg17315014,0.10255831068263943,1297
cg01682111,0.10255594405315277,1297
cg23039195,0.10254956816639552,1297
cg11420667,0.1025477919172805,1297
cg13716585,0.10254106463771606,1297
cg24681654,0.10253911640358793,1297
cg22928386,0.10253539767806194,1297
cg00320288,0.10253142306666915,1297
cg20058937,0.1025300934958337,1297
cg23709617,0.10252722208906831,1297
cg11800620,0.10252647809392057,1297
cg18771195,0.1025257809189895,1297
cg27501293,0.1025169535266316,1297
cg24809973,0.1025119628009089,1297
cg17717169,0.10251072681662551,1297
cg24186506,0.10250806997095718,1297
cg15244327,0.10250336329064352,1297
cg11821245,0.10250199828309028,1297
cg22579075,0.10250112747256473,1297
cg23609450,0.10250096839389713,1297
cg26881307,0.10249930895817255,1297
cg23927970,0.10249535371332297,1297
cg05816993,0.10249238477126055,1297
cg20964461,0.10249058587344984,1297
cg19640821,0.10248788312818818,1297
cg06279276,0.10247892525164537,1297
cg25093492,0.10247866840930137,1297
cg10095968,0.10247781367849568,1297
cg07185131,0.10247723332900838,1297
cg23972298,0.10247223923521148,1297
cg09275704,0.10247105446504051,1297
cg14260073,0.10246855545015224,1297
cg22303045,0.1024658306643493,1297
cg26894484,0.10246328629211354,1297
cg07592963,0.10246230778949789,1297
cg08632388,0.10246147597879884,1297
cg00839579,0.10245994014253787,1297
cg25691167,0.10245049918132218,1297
cg06238004,0.1024504411098805,1297
cg17504591,0.10244617217798685,1297
cg05500783,0.10243913067348526,1297
cg04017512,0.1024355490304949,1297
cg02150910,0.10243296228677057,1297
cg13976338,0.10242992505718207,1297
cg23445461,0.10242873256058346,1297
cg08190298,0.10242539261119415,1297
cg10902396,0.10242181908706177,1297
cg00123001,0.10242177506117423,1297
cg15539944,0.10241226320245764,1297
cg11005692,0.10241010236403728,1297
cg15645203,0.10240615845250273,1297
cg14239515,0.10240401912999422,1297
cg18373354,0.1024010248897148,1297
cg04147497,0.10239846726957103,1297
cg21944491,0.10239436929112421,1297
cg03985360,0.10239265337255812,1297
cg22595230,0.10238116509732487,1297
cg15250073,0.10237879904339098,1297
cg09261593,0.10237748122974977,1297
cg21880903,0.10237267873591793,1297
cg02976355,0.10237027114526634,1297
cg16639311,0.10236746885736786,1297
cg05826295,0.10236286297239716,1297
cg24534774,0.10235777195150864,1297
cg00701951,0.10235740573512309,1297
cg11990562,0.10235466776199326,1297
cg25447873,0.1023532629971465,1297
cg04493169,0.10235070206183358,1297
cg01128736,0.10234632646859582,1297
cg10249637,0.10234412937196019,1297
cg06666008,0.10234382687045014,1297
cg13185413,0.10234036088559875,1297
cg00351635,0.10233670692524732,1297
cg23350747,0.10233628414044332,1297
cg20704148,0.10233253963554931,1297
cg13933734,0.10233129663407792,1297
cg27122441,0.10232817934453847,1297
cg05900567,0.10232527329198304,1297
cg26949612,0.10231908281520574,1297
cg25529587,0.10231655002547957,1297
cg26139949,0.10231515693064669,1297
cg17542385,0.10231334837219452,1297
cg05131488,0.10229772895491182,1297
cg04228935,0.1022975686502911,1297
cg07791160,0.10229726111486287,1297
cg21299491,0.102294413170045,1297
cg08736638,0.10228613607898548,1297
cg14498592,0.10227824649189071,1297
cg16886987,0.10227700871173875,1297
cg17514485,0.10227511946267784,1297
cg05200037,0.10227046561786637,1297
cg10378735,0.10226511969546798,1297
cg03721175,0.10226298958116706,1297
cg04205412,0.10226130368352226,1297
cg12245706,0.10226078372004666,1297
cg08100149,0.10225964641332519,1297
cg09177545,0.10225949762767456,1297
cg19411734,0.10225832614469449,1297
cg14884828,0.1022575847257226,1297
cg07480647,0.10225125510548881,1297
cg11850468,0.10224669883333548,1297
cg16527477,0.10224656165856616,1297
cg16441044,0.1022447906762391,1297
cg06396119,0.10223479975579552,1297
cg01452452,0.10223461019245228,1297
cg18244601,0.10223105464792978,1297
cg10539700,0.10222772401265068,1297
cg10682957,0.10222722952572022,1297
cg06631184,0.10222681358328839,1297
cg10987840,0.10222304748388156,1297
cg05689208,0.10222301170131365,1297
cg27335649,0.10222156974786772,1297
cg24676071,0.10222155198820626,1297
cg14502484,0.10221960971475609,1297
cg02844051,0.10221813851932737,1297
cg12993163,0.10221766718380752,1297
cg15338159,0.10221695574062939,1297
cg24390742,0.10221628661050342,1297
cg00643814,0.10221501892334925,1297
cg19043450,0.1022145885672367,1297
cg07499032,0.10221411126360225,1297
cg03744197,0.10221275864161075,1297
cg22821981,0.10220571533840855,1297
cg17301223,0.1022054933482625,1297
cg03487027,0.10220543016915268,1297
cg15035133,0.10220455055805333,1297
cg03354554,0.10219795783479368,1297
cg26169991,0.10219537245563437,1297
cg05578056,0.10219184529448022,1297
cg03726785,0.10218932876083378,1297
cg00631327,0.10218894196165906,1297
cg04978078,0.10218890756930932,1297
cg13171197,0.10218851887235031,1297
cg18297196,0.10218599900948103,1297
cg13692446,0.10218496892472176,1297
cg07968031,0.10218278627276187,1297
cg24485957,0.10218269408072164,1297
cg01706334,0.10217990274198419,1297
cg17040924,0.10217576199374656,1297
cg16327891,0.1021726598777769,1297
cg22941646,0.1021725749920627,1297
cg13352836,0.10217249397663833,1297
cg01076704,0.10217101533480605,1297
cg21594839,0.10216794936070325,1297
cg17411135,0.10216343385545279,1297
cg25353450,0.10215931183727772,1297
cg23601397,0.10215669903766099,1297
cg17294136,0.10215630324614491,1297
cg24579851,0.10215581133150736,1297
cg12886494,0.10215243914298175,1297
cg12785993,0.10215236073216416,1297
cg22777062,0.10214961353865264,1297
cg08070771,0.10214579405745161,1297
cg12626589,0.10214485664381215,1297
cg26757221,0.10214442610976515,1297
cg19164987,0.10214336859043302,1297
cg16425038,0.10214220031900523,1297
cg19697575,0.10213990419543911,1297
cg23401601,0.1021398083402876,1297
cg00512404,0.10213956050861295,1297
cg25792518,0.10213904249471456,1297
cg00459617,0.10213870169967695,1297
cg21908129,0.1021357116929959,1297
cg22488367,0.10213566196253013,1297
cg19467964,0.10213378774212512,1297
cg20477574,0.10212694679392881,1297
cg17502213,0.10212089815478276,1297
cg17675088,0.10212089574569613,1297
cg00941258,0.10211923826242593,1297
cg20598650,0.10211669944201635,1297
cg13790288,0.10211535122480658,1297
cg00083046,0.10211088712606349,1297
cg15028507,0.10210913926952137,1297
cg01821452,0.10210179553281806,1297
cg25189904,0.10210122298275434,1297
cg03396151,0.10210110668007946,1297
cg15733882,0.10209948390854623,1297
cg12282588,0.10209838170446744,1297
cg22861340,0.102095991375831,1297
cg02285579,0.10208809700313043,1297
cg14259717,0.1020848987534399,1297
cg08338478,0.10207927856426363,1297
cg25753720,0.10207731078480914,1297
cg21663431,0.10207606652698567,1297
cg08821738,0.10207192602246273,1297
cg09542210,0.10206887370138157,1297
cg24685134,0.10206486528964256,1297
cg10205045,0.1020581010027565,1297
cg13603318,0.10205023348712727,1297
cg05516327,0.10204571780776017,1297
cg14009588,0.10204489040520127,1297
cg19512969,0.1020447924676654,1297
cg26238936,0.10204112040583954,1297
cg16589135,0.10203843641436315,1297
cg09861917,0.10203364895751314,1297
cg14817655,0.10203331426818968,1297
cg04913979,0.10202662814303004,1297
cg02268561,0.1020229374730802,1297
cg02925367,0.10202214289777092,1297
cg12564012,0.10202180403839628,1297
cg00403616,0.10201946344806917,1297
cg07973435,0.10201807628530488,1297
cg20028826,0.10201750352948061,1297
cg16212534,0.10201634339416815,1297
cg10930308,0.10201295767186733,1297
cg13148544,0.10200729498112365,1297
cg27151303,0.10200528750632232,1297
cg10699857,0.10200404210666661,1297
cg26450149,0.10200256479044068,1297
cg16579908,0.10200179179815708,1297
cg01900800,0.10199538858552581,1297
cg02101355,0.10199339169325466,1297
cg18737349,0.10199271470527638,1297
cg09636715,0.10199172174792126,1297
cg05868413,0.10199052790374633,1297
cg19669785,0.1019892598416019,1297
cg00387964,0.10198704798207742,1297
cg03179291,0.10198329783279314,1297
cg20779964,0.10198146017922466,1297
cg00999988,0.10198116449487496,1297
cg01076874,0.10197448888694888,1297
cg05901462,0.10197415400979803,1297
cg01757168,0.10197318456722482,1297
cg08945443,0.10197316208121138,1297
cg11565512,0.1019722111423162,1297
cg15766687,0.10196532304077505,1297
cg02046552,0.10196419665395126,1297
cg19084629,0.10196315611790913,1297
cg13453424,0.10195875835851093,1297
cg12935350,0.10195864958377249,1297
cg01161204,0.10195536426436408,1297
cg04117530,0.10195523887538355,1297
cg15792367,0.10195192766419967,1297
cg23171972,0.10194543233949782,1297
cg00041666,0.1019428399495896,1297
cg00182893,0.10194220058829923,1297
cg19236493,0.10193634963219272,1297
cg15909933,0.10193555493975995,1297
cg23199815,0.10193411340266323,1297
cg25639095,0.10193354799708737,1297
cg20190772,0.10192884325641838,1297
cg14269191,0.10192719309909376,1297
cg06488187,0.10192623229157771,1297
cg09893947,0.10192607562589892,1297
cg27601169,0.10192546738710359,1297
cg23363971,0.10192273187800531,1297
cg07787634,0.10192122441623624,1297
cg22504180,0.10192067359713075,1297
cg17738521,0.10192016229689127,1297
cg25762679,0.10191729589615683,1297
cg06820621,0.101915020073369,1297
cg01681098,0.10191484295835146,1297
cg20707230,0.10191227517265805,1297
cg15316843,0.10191214102409568,1297
cg18951390,0.10191099470605314,1297
cg02794451,0.1019061332104904,1297
cg03526459,0.1019025565648512,1297
cg23012310,0.10189542367585674,1297
cg24522085,0.10189178335651428,1297
cg08544331,0.10188962011632252,1297
cg16204989,0.10188807667672212,1297
cg07434271,0.10188667007817898,1297
cg25940946,0.1018856033520802,1297
cg04730794,0.10188483630496503,1297
cg03901576,0.10188474367244915,1297
cg02609337,0.10188236119352206,1297
cg09669354,0.10188039150102893,1297
cg05638439,0.10187896234030813,1297
cg26246897,0.10187672856583603,1297
cg08761443,0.10187524643786133,1297
cg08222513,0.10187137846426697,1297
cg02656891,0.10187135490316598,1297
cg06781135,0.10186894306117909,1297
cg08188555,0.10186827966751028,1297
cg23786812,0.10186767729013962,1297
cg04268624,0.10186611059643796,1297
cg02236679,0.10185756495772266,1297
cg06961873,0.10185731084838417,1297
cg16863795,0.10185730891742781,1297
cg07028929,0.10185727040712594,1297
cg19508622,0.10185331118004098,1297
cg18064917,0.10185151463249686,1297
cg15322542,0.10184960115795494,1297
cg14394692,0.10184846590159713,1297
cg20407792,0.10184663296234447,1297
cg13846270,0.10184396501543436,1297
cg17724366,0.10184281696897621,1297
cg03368099,0.10184277248008569,1297
cg00852603,0.10183797379799595,1297
cg11315991,0.1018358704086419,1297
cg11085762,0.10183296367231398,1297
cg07171687,0.10182819628844236,1297
cg01108370,0.1018276801853086,1297
cg23303188,0.10182645006744168,1297
cg01279219,0.10182587677980683,1297
cg27553971,0.10182531913822848,1297
cg19530831,0.10182433715308076,1297
cg06274159,0.1018214916608533,1297
cg09780180,0.10181834160519546,1297
cg02665578,0.10181583923823562,1297
cg15737177,0.10181188749243486,1297
cg13192013,0.10180966691593074,1297
cg26156687,0.10180850197248248,1297
cg02938601,0.10180476825599916,1297
cg13525026,0.10180194996733127,1297
cg13913140,0.10179908216120953,1297
cg04813880,0.10179699010903578,1297
cg04780086,0.10179555947709445,1297
cg03643345,0.10179403218591876,1297
cg05918292,0.10179289045360998,1297
cg12853633,0.10178802126397687,1297
cg05492818,0.10178590223976491,1297
cg22395765,0.10178405722954262,1297
cg13912027,0.10177685413582449,1297
cg10491452,0.10177681466870958,1297
cg03107235,0.101776211040114,1297
cg20090283,0.10177533913213616,1297
cg01135464,0.10177524236282082,1297
cg08911368,0.10177505708751289,1297
cg04737131,0.10177234931087735,1297
cg01469887,0.10176904504724178,1297
cg06962944,0.10176869969657568,1297
cg18468235,0.10176355375120402,1297
cg02112183,0.10175759480081453,1297
cg19354017,0.10175736311825145,1297
cg09767822,0.10175636561615226,1297
cg03998606,0.1017542235781474,1297
cg14872952,0.10175210384528116,1297
cg05875410,0.10175157775468618,1297
cg00943384,0.10175078064963239,1297
cg05134041,0.10174765786262935,1297
cg04821942,0.10174728120749127,1297
cg24104241,0.10174454028769882,1297
cg06531741,0.10174209602023204,1297
cg13883721,0.10173557658332279,1297
cg07653695,0.10173435539998782,1297
cg05867499,0.10173376764922287,1297
cg14373403,0.1017324302922149,1297
cg27021181,0.10173189865600285,1297
cg01223071,0.10172840179429204,1297
cg05982460,0.10172422764356642,1297
cg04639905,0.10172041598274675,1297
cg10832708,0.10171854413096953,1297
cg14592092,0.10171646592502456,1297
cg14384158,0.10171388116658883,1297
cg02693607,0.101703844616307,1297
cg04799232,0.10170272902818911,1297
cg16796458,0.1017018983126794,1297
cg09782540,0.10169905513321853,1297
cg14430943,0.10169329707259836,1297
cg15693066,0.10169155319607934,1297
cg05057720,0.10169126942611897,1297
cg27369096,0.10168975537639269,1297
cg15025103,0.10168893008919005,1297
cg21717348,0.10168287374359991,1297
cg11391335,0.10168239641781762,1297
cg13400018,0.1016813396919137,1297
cg03572772,0.10168048104248245,1297
cg20897830,0.10167941863397514,1297
cg17509039,0.10167726072932548,1297
cg24647506,0.10167647642345379,1297
cg19320816,0.10167272011547915,1297
cg24407133,0.10166933937793005,1297
cg06604249,0.10166857434333734,1297
cg15568107,0.10166797312647069,1297
cg15954353,0.10166714721732525,1297
cg07328317,0.10166392464983315,1297
cg07956003,0.10166322934241456,1297
cg19798702,0.10166264313212492,1297
cg04989278,0.10166103639213964,1297
cg10214640,0.10165814490193842,1297
cg06422039,0.10165712574255448,1297
cg26883963,0.10165589408392431,1297
cg22473333,0.10165391457907072,1297
cg20207108,0.10165313790040387,1297
cg03575641,0.10164984944860006,1297
cg15131282,0.10164938941353685,1297
cg19300307,0.10164913578994597,1297
cg09743950,0.10164713144793251,1297
cg00466116,0.10164534667945752,1297
cg13940908,0.10164294817080805,1297
cg11264935,0.10163577740916913,1297
cg13571460,0.10163362077775548,1297
cg18479593,0.10163267263323703,1297
cg21608519,0.10163172065844045,1297
cg24759348,0.10162934797569245,1297
cg15966757,0.10162805614550074,1297
cg05856884,0.10162785030795174,1297
cg21081729,0.10162779284182738,1297
cg12076463,0.10162626246253195,1297
cg19009417,0.1016261001045572,1297
cg17255752,0.10162583691913613,1297
cg26144458,0.10162384765028568,1297
cg11342198,0.10162066355904331,1297
cg00804179,0.10161958696269707,1297
cg22060041,0.10161830706740052,1297
cg14405603,0.10161820270007127,1297
cg27361370,0.1016142288502232,1297
cg24459563,0.10161364457280075,1297
cg23817893,0.10160823905656133,1297
cg19712573,0.10160619261036125,1297
cg14395444,0.1016043203916153,1297
cg05937292,0.10160418226870627,1297
cg12598837,0.10160067117137728,1297
cg14047094,0.10159917247747582,1297
cg19247654,0.10159610830668098,1297
cg15649852,0.10159016569098142,1297
cg14621763,0.10158619341901742,1297
cg13075951,0.1015816011004311,1297
cg18553223,0.10158058139744618,1297
cg24685778,0.10157689058298805,1297
cg16086559,0.10157685562764146,1297
cg05890550,0.10157590861483001,1297
cg19816125,0.10157584348854984,1297
cg09176893,0.10157510605041653,1297
cg20885782,0.10157497274853855,1297
cg25003697,0.10157286359180126,1297
cg17697835,0.10156929212060081,1297
cg22592142,0.1015681659055328,1297
cg06756211,0.10156549010769658,1297
cg10799055,0.10156449019756858,1297
cg09962458,0.10156319663034508,1297
cg05383910,0.10156252078930905,1297
cg15358549,0.10155607588466259,1297
cg16905004,0.10155127235132022,1297
cg15839431,0.10154902118804582,1297
cg12124386,0.10154803578958597,1297
cg11023224,0.10154631058366181,1297
cg24466939,0.10154582653591118,1297
cg19683821,0.10154154562403822,1297
cg21069176,0.10153903205261436,1297
cg00378234,0.101537503493661,1297
cg18254356,0.10153689527717061,1297
cg16999994,0.10153661710811229,1297
cg20151476,0.1015317940548851,1297
cg14307223,0.10152720831336504,1297
cg23424136,0.1015271370440935,1297
cg07189366,0.10152549870038863,1297
cg21171625,0.1015243969572587,1297
cg16444641,0.10151940130560416,1297
cg25478113,0.10151727118497668,1297
cg03750567,0.10151137611335309,1297
cg16133681,0.10150951328766564,1297
cg01864230,0.10150947218841777,1297
cg00125601,0.10150533663118833,1297
cg04911005,0.10150480630359254,1297
cg19636861,0.10149890760335961,1297
cg13670057,0.10149594182951377,1297
cg22798849,0.10149461448791958,1297
cg03228145,0.10149283191686703,1297
cg01797036,0.10148707187368727,1297
cg08499046,0.10147622967340326,1297
cg08241330,0.10147268351631773,1297
cg08873424,0.10147168328024761,1297
cg25650076,0.10147149858432691,1297
cg18116971,0.10146980689131033,1297
cg23743845,0.10146891181421516,1297
cg14679230,0.10146746574431409,1297
cg25099095,0.10146094663662181,1297
cg20298668,0.10146030344390378,1297
cg25450819,0.10145781760988917,1297
cg24018174,0.10144585535630302,1297
cg10409981,0.101444788186905,1297
cg24834659,0.10144414117471405,1297
cg03750587,0.10144121653197585,1297
cg03222990,0.10143799806294224,1297
cg08447373,0.10143724936151655,1297
cg23184518,0.1014328080652796,1297
cg10397389,0.10143173655468693,1297
cg23425533,0.10142983812775463,1297
cg00969405,0.10142841143665166,1297
cg23342718,0.1014281736148368,1297
cg02829654,0.10142417767161233,1297
cg18589526,0.10141808660268625,1297
cg02774705,0.10141603349695844,1297
cg13390867,0.10141506973137826,1297
cg14425733,0.10141350924647063,1297
cg23204908,0.10141154050421278,1297
cg01142302,0.10140639098276405,1297
cg08775137,0.10140577356522307,1297
cg15258521,0.10140548575310754,1297
cg05130816,0.1014001603973674,1297
cg25598890,0.10139821147990552,1297
cg14486338,0.10138921360262218,1297
cg18045100,0.10138544073658307,1297
cg16324958,0.10138465133441904,1297
cg02026246,0.1013834580066994,1297
cg14202791,0.10138174566235275,1297
cg18183671,0.10137834761578918,1297
cg23599385,0.10137825868850948,1297
cg05196969,0.1013756109382418,1297
cg02541592,0.10137458137569708,1297
cg09302922,0.10137317533830659,1297
cg09191232,0.10137294163608485,1297
cg27285720,0.10136866427765892,1297
cg18882156,0.10136801298344011,1297
cg04832450,0.10136711918344066,1297
cg04624110,0.101366282619255,1297
cg19187831,0.1013659964341094,1297
cg06418871,0.101365811544672,1297
cg09424006,0.10135963991950009,1297
cg11285912,0.10135257225439825,1297
cg25825970,0.10135119661493991,1297
cg21110576,0.10135045414459096,1297
cg26153054,0.1013499856186797,1297
cg16982073,0.10134878963981678,1297
cg18786873,0.1013463412398257,1297
cg03318904,0.10134545864303779,1297
cg11472030,0.10134401582184294,1297
cg00990020,0.10134301551734737,1297
cg21593001,0.10133846658507306,1297
cg19829353,0.10133282779514263,1297
cg01949993,0.10132343501793312,1297
cg11724759,0.10132267387754568,1297
cg16319578,0.10132255866520644,1297
cg15496864,0.10132117853619726,1297
cg10321146,0.10132038029378601,1297
cg19020855,0.10131755669296097,1297
cg25980637,0.10131606710295887,1297
cg00626702,0.10131490799718981,1297
cg24595510,0.10131438600942663,1297
cg10244976,0.10131350349762613,1297
cg13442386,0.10131274367446025,1297
cg10991450,0.10130999242647887,1297
cg02905744,0.10130995803810183,1297
cg17076592,0.10130960002195721,1297
cg23804666,0.10130759377938936,1297
cg14654468,0.10130495449857821,1297
cg23323297,0.10130328148581275,1297
cg05210266,0.10130318322340956,1297
cg25390787,0.10129789261706887,1297
cg11615959,0.1012968632248028,1297
cg14369455,0.10129339399935489,1297
cg08969950,0.10129128399117512,1297
cg25518170,0.10128963530845539,1297
cg09527362,0.10128803229426893,1297
cg09015973,0.101285235051353,1297
cg22352371,0.10128500825010706,1297
cg26952618,0.10128429231650732,1297
cg01948226,0.10128249050053917,1297
cg11671688,0.1012814354143898,1297
cg11165752,0.10128122999044159,1297
cg13068215,0.10127632618592403,1297
cg14215082,0.10127339463600316,1297
cg02282892,0.10126775222643314,1297
cg22538355,0.1012633335211624,1297
cg21857598,0.1012629252802974,1297
cg22497575,0.10126200130293328,1297
cg11416290,0.10126145775093355,1297
cg14223001,0.10126041872144059,1297
cg15660418,0.10125977633725425,1297
cg08019608,0.10125555711665879,1297
cg08202144,0.10125498625901311,1297
cg25363807,0.10125460967266413,1297
cg21130374,0.10125343532001976,1297
cg21592003,0.10125341972185203,1297
cg05784088,0.10125111437661705,1297
cg05908105,0.10124885744891482,1297
cg13913247,0.10124735959915399,1297
cg04187185,0.10124606940352063,1297
cg04543516,0.10124555894840598,1297
cg13652008,0.10124302477389943,1297
cg15735417,0.1012424450582802,1297
cg00893471,0.10124087902428708,1297
cg14773365,0.10123814820851418,1297
cg22453183,0.10123457771262476,1297
cg05576619,0.1012341592975089,1297
cg02719154,0.1012299198109034,1297
cg17534029,0.10122520974445393,1297
cg00675891,0.10122503958711065,1297
cg10854092,0.10122204124991133,1297
cg19287817,0.10121943165488992,1297
cg01620360,0.10121939248580153,1297
cg18188653,0.10121828606232608,1297
cg12182525,0.1012162450755929,1297
cg17002851,0.1012149008064068,1297
cg09061684,0.10121219532776637,1297
cg01871631,0.10121037599163049,1297
cg05855917,0.10120800188784221,1297
cg16727923,0.10120770650192354,1297
cg06275130,0.10120706833159687,1297
cg11009590,0.10120690855764744,1297
cg18650670,0.10120219963634891,1297
cg24002183,0.10120144413063548,1297
cg13558774,0.10120126491105294,1297
cg10825710,0.10119896446109522,1297
cg20441135,0.1011940741683166,1297
cg23979954,0.10119376946288969,1297
cg03880611,0.10119301441940065,1297
cg18108818,0.10118719690075773,1297
cg10334741,0.10118439951197994,1297
cg04125273,0.10118346269199263,1297
cg20399509,0.10118247501981248,1297
cg13977827,0.10118217466993201,1297
cg04871173,0.10118111226604654,1297
cg01056242,0.10118033274382249,1297
cg05185926,0.10117718830088698,1297
cg03536885,0.10117476453729896,1297
cg25308508,0.10117334338686584,1297
cg21351647,0.10116971256868373,1297
cg24105287,0.10116718371919131,1297
cg01653532,0.10116676831926294,1297
cg12827262,0.10116443620496945,1297
cg01025954,0.1011578925724424,1297
cg07585069,0.10115641356278646,1297
cg02427468,0.10115187100061268,1297
cg09007841,0.10114883593023122,1297
cg10520099,0.10114828581880447,1297
cg23116540,0.10114680161139517,1297
cg16172923,0.10114637122518133,1297
cg13586696,0.10114342152174632,1297
cg12296772,0.10113026182077497,1297
cg13435326,0.10112977863131262,1297
cg05042749,0.10112537157836118,1297
cg25763036,0.1011249754674158,1297
cg18235734,0.1011248106997579,1297
cg06083330,0.10112447322830515,1297
cg18507379,0.10112445343232199,1297
cg10543450,0.10112412033281953,1297
cg02099572,0.10111963159148285,1297
cg02466815,0.10111867349613701,1297
cg26302986,0.10111651853671533,1297
cg00463202,0.10111429799686739,1297
cg01022219,0.10111310455655037,1297
cg21255880,0.10110262194750674,1297
cg19047868,0.10110045852450922,1297
cg16730652,0.10109503616206805,1297
cg26355796,0.10109495366998386,1297
cg10725344,0.10109461597345842,1297
cg11081894,0.1010902787555969,1297
cg13102133,0.10108770373731957,1297
cg07075238,0.10107865790073994,1297
cg03023089,0.10107838011476714,1297
cg25916135,0.10107486069932126,1297
cg21784383,0.10107187746293672,1297
cg14888916,0.10106991791751682,1297
cg03598457,0.101067888144875,1297
cg05522011,0.10106732193010975,1297
cg27366766,0.10106281769700154,1297
cg04136490,0.10106184895247608,1297
cg11608646,0.10105719984267231,1297
cg14482968,0.10105634388461793,1297
cg13654884,0.10105387435891028,1297
cg24854181,0.10105349918884249,1297
cg17311784,0.10105330183481609,1297
cg04423188,0.10104846934204098,1297
cg06699564,0.10104525915564955,1297
cg12842316,0.10104346738690709,1297
cg23749637,0.10104276848550436,1297
cg13427748,0.10103925237116082,1297
cg06812861,0.10103217975798223,1297
cg25987744,0.10103198515870945,1297
cg25090994,0.10103170435218062,1297
cg03530074,0.10103082770804245,1297
cg15461888,0.10102980215294298,1297
cg18166150,0.10102975027606156,1297
cg27456203,0.10102810668390547,1297
cg01583485,0.10102759996427307,1297
cg14391419,0.10102747052039077,1297
cg27647370,0.1010274430262873,1297
cg23338380,0.10102736518290228,1297
cg20107996,0.10102625013709926,1297
cg25486143,0.10102026930148697,1297
cg22902266,0.101019753327063,1297
cg06968859,0.10101792978115304,1297
cg03331474,0.10101749140478411,1297
cg23440155,0.10101324627733804,1297
cg00648184,0.10101088545618675,1297
cg05861567,0.10100447279341726,1297
cg04115680,0.10099856922836457,1297
cg26667550,0.10099821085256447,1297
cg05056497,0.10099476057324644,1297
cg18223453,0.10099364842873904,1297
cg01171786,0.10099334116839542,1297
cg23971987,0.10099321953370582,1297
cg21997746,0.10099191551533165,1297
cg14640592,0.10099171204534307,1297
cg03819089,0.1009875443942736,1297
cg03490766,0.10098283629665711,1297
cg05650238,0.10097628992356938,1297
cg09180520,0.10097122594001715,1297
cg07302677,0.10097017520615931,1297
cg00781388,0.10096279618628184,1297
cg07259165,0.1009622850458543,1297
cg13928485,0.10095960652539349,1297
cg01368075,0.1009576320358897,1297
cg07018580,0.10095711938011759,1297
cg17550566,0.10095661778599771,1297
cg26814987,0.10095561916819099,1297
cg03220363,0.10095506446247549,1297
cg13280788,0.100952266806072,1297
cg04098585,0.10095209180323128,1297
cg05681996,0.10095064883251392,1297
cg16240162,0.10095061951792261,1297
cg09313745,0.10094487289554704,1297
cg09502464,0.10094436638212084,1297
cg04924511,0.10093985641922054,1297
cg03736795,0.10093942488629098,1297
cg01057132,0.10093871401139845,1297
cg15487105,0.10093640553553568,1297
cg02495767,0.10093444999796303,1297
cg00587009,0.1009320744766706,1297
cg07735920,0.10092884686771275,1297
cg00692611,0.10092868939259245,1297
cg06800235,0.1009281267992044,1297
cg19812944,0.10092700825817538,1297
cg13598109,0.10092687381791571,1297
cg26248075,0.1009261759285322,1297
cg27464144,0.10092171751824447,1297
cg21179088,0.10091955806295647,1297
cg01092293,0.10091679669380124,1297
cg13797425,0.10091618963689533,1297
cg10607603,0.10091148561148461,1297
cg21946006,0.10090992445018114,1297
cg26193427,0.1009084246987304,1297
cg18803104,0.1009047449699898,1297
cg16177732,0.10089952467185515,1297
cg06412669,0.10089930123065158,1297
cg02152631,0.10089912785942853,1297
cg10280339,0.10089780154546274,1297
cg10595547,0.10089754111934476,1297
cg17179862,0.10089693969678937,1297
cg21572599,0.10089302433948749,1297
cg27520905,0.10089177533238594,1297
cg12288473,0.10089164786596289,1297
cg09667289,0.10089118299805871,1297
cg08826839,0.10088206681979398,1297
cg00663183,0.10087769803818025,1297
cg23417096,0.10087568451025133,1297
cg03309253,0.10087540077984719,1297
cg23663774,0.1008743875345178,1297
cg06386983,0.10087396325233483,1297
cg20826709,0.10087248703318741,1297
cg00764796,0.1008686403579564,1297
cg02202411,0.10086687366374486,1297
cg27305903,0.10086602059541033,1297
cg12810626,0.10086565148661095,1297
cg04443360,0.10086180668822048,1297
cg19112895,0.10086018183187895,1297
cg09850478,0.10085918025616603,1297
cg14590369,0.10085805185242244,1297
cg02758612,0.1008575607269173,1297
cg23943495,0.10085681237260619,1297
cg25164886,0.10085667380963376,1297
cg06339573,0.10085510362274541,1297
cg12737938,0.1008520270262068,1297
cg24166463,0.1008503186449772,1297
cg18091469,0.1008496100023556,1297
cg06926146,0.10084834102826634,1297
cg05322273,0.10084820789292526,1297
cg06213468,0.10084225656083742,1297
cg11796442,0.10084097491899174,1297
cg10836110,0.10084021888842787,1297
cg15496763,0.10083998200471761,1297
cg03765423,0.10083800230620504,1297
cg26492368,0.10083516071354967,1297
cg22557662,0.10082847979865361,1297
cg24753760,0.10082550518123287,1297
cg00914222,0.10082129703334505,1297
cg00197993,0.10082045141101309,1297
cg01321962,0.1008182704979178,1297
cg16513459,0.1008179184344242,1297
cg08274633,0.10081477816648043,1297
cg11825059,0.10081229082261631,1297
cg02162880,0.10080830065274532,1297
cg15602215,0.10080786795851732,1297
cg22707397,0.10080706662991396,1297
cg17125804,0.10080677085779088,1297
cg03435439,0.1008040434883064,1297
cg13365524,0.10080247901854977,1297
cg05381287,0.10080211515669665,1297
cg24810836,0.10080210725327418,1297
cg15043318,0.10080133612736406,1297
cg19826026,0.10079988544094207,1297
cg24932662,0.10079762750942481,1297
cg04518186,0.10079731490918148,1297
cg23995753,0.10079611216548637,1297
cg13508904,0.10079373354652732,1297
cg22155724,0.1007825771945487,1297
cg01525839,0.10078185344198642,1297
cg02081019,0.10078125115431574,1297
cg05445326,0.10077986112236281,1297
cg25599573,0.10077724303948019,1297
cg21627409,0.10077624802611124,1297
cg12883279,0.10077519567973275,1297
cg08291024,0.10077261728032677,1297
cg26175287,0.10077221550360987,1297
cg24114708,0.10077103789476144,1297
cg06518618,0.10076838006323996,1297
cg03458172,0.10076828722770151,1297
cg27331292,0.10076757371256176,1297
cg25771271,0.10076429451584196,1297
cg22855405,0.10076362396090954,1297
cg25984601,0.10076211076504732,1297
cg03635766,0.10076163274645364,1297
cg16798247,0.1007599162821245,1297
cg24437715,0.10075506629539452,1297
cg19093890,0.1007547925995605,1297
cg23440636,0.10075227534379724,1297
cg18619880,0.10075203399512966,1297
cg06025456,0.10074903596738208,1297
cg08942894,0.10074902652102888,1297
cg02744524,0.10074782008573921,1297
cg27488875,0.10074333723878218,1297
cg11583287,0.10074249121693588,1297
cg09510202,0.10074150061781134,1297
cg11052202,0.10074067202062298,1297
cg00703822,0.10073734890176334,1297
cg03459656,0.10073612668137619,1297
cg08018585,0.10073348171670979,1297
cg03297901,0.10072898312392636,1297
cg24312105,0.10072618632915287,1297
cg16404157,0.10072578289121265,1297
cg24480810,0.10072559613975995,1297
cg26282762,0.10072307326477786,1297
cg22853588,0.10072303311691458,1297
cg27063986,0.10072214233170967,1297
cg08417313,0.10072199626325146,1297
cg16242629,0.10071912216207515,1297
cg08462988,0.10071847571035811,1297
cg19987900,0.10071556791214437,1297
cg01048962,0.1007110648822061,1297
cg02067022,0.10070777200519104,1297
cg21041888,0.10070705298367127,1297
cg05014727,0.10070536401401664,1297
cg22262702,0.10070445501935199,1297
cg01775245,0.10070251457861196,1297
cg03852144,0.1007009207048524,1297
cg24441810,0.10070079479243976,1297
cg17043230,0.10069951503337027,1297
cg18443741,0.10069931278209704,1297
cg00916899,0.10069608789744494,1297
cg03548857,0.10068914889954811,1297
cg19266387,0.1006849831696004,1297
cg12518146,0.1006845623041655,1297
cg10432422,0.10068128421511002,1297
cg18074297,0.10068056998618204,1297
cg25070442,0.10067779929089091,1297
cg24642064,0.1006754537581045,1297
cg00424467,0.10067384676573088,1297
cg06744585,0.10066852425051856,1297
cg13466694,0.10066837402551587,1297
cg00094006,0.10066682687578982,1297
cg04006061,0.10066488274432817,1297
cg27357306,0.10066274405755993,1297
cg05966978,0.10066164948450444,1297
cg23753006,0.1006590405868682,1297
cg01693350,0.10065585489430323,1297
cg21072251,0.1006558260365649,1297
cg24673771,0.10065319010436843,1297
cg11165158,0.100652316325341,1297
cg00855923,0.1006512549040145,1297
cg17980977,0.10065079725956416,1297
cg26866014,0.10064972239163644,1297
cg08019384,0.10064725544011824,1297
cg19548435,0.10064461374144074,1297
cg14429919,0.10064272684090272,1297
cg25411977,0.10064244487731733,1297
cg10658197,0.10064146123600037,1297
cg10812186,0.10063439849781639,1297
cg02389180,0.10063399417374624,1297
cg17885226,0.10062442525056112,1297
cg23854488,0.10062417879316754,1297
cg20876760,0.10062416473775582,1297
cg06569139,0.10062359418491829,1297
cg17545346,0.10062292231491338,1297
cg25435800,0.10062231050774512,1297
cg23204968,0.10062121467126306,1297
cg22718636,0.10061751591369181,1297
cg19872463,0.10061438197998557,1297
cg02132714,0.10061280488958133,1297
cg13472192,0.10061039993492532,1297
cg10722799,0.10060371609916754,1297
cg02520212,0.10060309463112316,1297
cg14718495,0.10060089599843464,1297
cg00685614,0.10060061661590736,1297
cg25496678,0.10060040155210538,1297
cg15323253,0.10060004960439745,1297
cg25019648,0.10059600007611993,1297
cg24624090,0.1005895112340145,1297
cg18813159,0.10058681038152298,1297
cg12163365,0.10058661438070343,1297
cg09272225,0.10058491845064338,1297
cg25849196,0.10058188281615651,1297
cg23154270,0.1005814159587119,1297
cg00450784,0.10057363246504746,1297
cg15982099,0.10056966001324169,1297
cg17665095,0.10056938868548304,1297
cg18789918,0.10056555056640692,1297
cg11270998,0.10056416612270919,1297
cg09798023,0.10056406519364464,1297
cg04887172,0.10056092924424476,1297
cg06186155,0.10055491084584955,1297
cg08264906,0.10055386192715174,1297
cg00057966,0.10054697600485124,1297
cg14356225,0.10054626788881263,1297
cg25326998,0.10054614176973309,1297
cg08418279,0.1005443059975705,1297
cg26316946,0.10054132882022443,1297
cg26680502,0.10053800057343448,1297
cg22129545,0.10053675633640521,1297
cg10791884,0.10053410591276554,1297
cg26075742,0.10053306132619083,1297
cg22250531,0.10053234914886267,1297
cg10526277,0.1005321998188245,1297
cg08823110,0.10053135939675348,1297
cg06600936,0.10052845904298496,1297
cg02094500,0.10052595857360758,1297
cg27190385,0.10052587067646376,1297
cg11536940,0.10052570774913844,1297
cg03187411,0.10052155439646138,1297
cg08604223,0.10051973203646902,1297
cg24199203,0.10051786915156508,1297
cg13862711,0.10051779936235679,1297
cg14491820,0.10051171343474942,1297
cg20501434,0.1005089494657101,1297
cg03962421,0.10050777726937035,1297
cg25260543,0.10050618996917393,1297
cg16357434,0.10050568221391676,1297
cg14175690,0.10049943399109243,1297
cg18323589,0.10049766147960776,1297
cg20665967,0.10049598386662645,1297
cg20286956,0.10049362893745692,1297
cg00370589,0.10049091829088747,1297
cg02605601,0.1004906842778372,1297
cg26019295,0.1004895393764858,1297
cg13647536,0.10048816730907853,1297
cg07061298,0.10048348992812196,1297
cg13506158,0.10048299952903544,1297
cg18267489,0.10047423320943694,1297
cg11747081,0.10047399420699371,1297
cg24803063,0.10047021722004063,1297
cg09247692,0.10046054615519523,1297
cg14807945,0.10045885743417804,1297
cg17221738,0.10045738467242524,1297
cg12152338,0.10045687891330957,1297
cg18072038,0.10045675518672839,1297
cg07087919,0.10045546074667594,1297
cg10528424,0.10045257797460122,1297
cg12768523,0.10044383504974341,1297
cg00803453,0.1004426855046752,1297
cg14981819,0.10044141510220445,1297
cg02892357,0.1004413622175091,1297
cg08499832,0.10043954537661709,1297
cg04487296,0.10043369689603643,1297
cg20303075,0.1004292734138551,1297
cg00566369,0.1004254598601696,1297
cg13166748,0.10042359408915486,1297
cg03301058,0.10042291816366586,1297
cg07757358,0.10041516071100687,1297
cg27452922,0.10041410099709264,1297
cg17884698,0.10041281134443544,1297
cg01065905,0.1004112366976341,1297
cg18652683,0.10040299315092893,1297
cg02387639,0.1004011410311616,1297
cg15000222,0.10040018851049937,1297
cg24679453,0.10039700378498101,1297
cg21805950,0.10039539571574985,1297
cg24320165,0.10039488788272494,1297
cg03335246,0.10039397097965824,1297
cg21431929,0.10039150146437575,1297
cg20512711,0.10038882427661153,1297
cg11694519,0.1003797292943608,1297
cg23244910,0.10037971402346019,1297
cg20296343,0.10037595916542238,1297
cg12368960,0.1003741134666033,1297
cg21696975,0.10037378118064022,1297
cg23932491,0.10036942583903087,1297
cg07641284,0.10036604442402558,1297
cg12246472,0.1003658999091967,1297
cg11827910,0.10036295874027187,1297
cg01620165,0.10036092708961256,1297
cg13773247,0.10035622552469786,1297
cg05781968,0.10035593817079592,1297
cg08044294,0.10035420354881042,1297
cg12676534,0.10035218857110606,1297
cg14672084,0.10034979746922906,1297
cg26789888,0.10034679163973514,1297
cg07186032,0.10034599216342027,1297
cg00660167,0.10034569210422267,1297
cg04536588,0.10034255631779598,1297
cg05904808,0.10033812934687208,1297
cg26481727,0.10033738524575844,1297
cg10692467,0.10033696244088897,1297
cg18740429,0.1003355135903552,1297
cg05451388,0.10033507305429495,1297
cg14578879,0.1003340244793917,1297
cg26632897,0.10033137598118658,1297
cg11112729,0.10032517399418064,1297
cg21576886,0.10032382216417879,1297
cg08818984,0.1003214769926058,1297
cg10546210,0.100320283645361,1297
cg27290215,0.10031982063667111,1297
cg18675097,0.10031896893096831,1297
cg07673230,0.10031805288684448,1297
cg22124859,0.10031711121048825,1297
cg02338778,0.10031642784631886,1297
cg16807961,0.1003142854631901,1297
cg25863289,0.10031243398926082,1297
cg07790170,0.10031054597378178,1297
cg08433011,0.10031050635212269,1297
cg26954968,0.10030249823642845,1297
cg13475583,0.10029813199264193,1297
cg08466517,0.10029593528814235,1297
cg14536517,0.10028786825630612,1297
cg25026237,0.1002871787259886,1297
cg09195271,0.10027892608309052,1297
cg05143345,0.10027785648886944,1297
cg03467087,0.10027507396912938,1297
cg04672785,0.10027403728214318,1297
cg20424335,0.10027343744392087,1297
cg11413133,0.10027266925092651,1297
cg15579650,0.10027111576699715,1297
cg02242344,0.10027014288789572,1297
cg19087039,0.10026902532697546,1297
cg02058870,0.10026659089096734,1297
cg07893738,0.10026549067741927,1297
cg22697386,0.10026394310219,1297
cg00636427,0.10025821210930685,1297
cg12253175,0.10025511263456177,1297
cg05712010,0.10025063218294783,1297
cg02762634,0.10024947127790629,1297
cg22189786,0.10024937793237632,1297
cg26855801,0.10024583794936401,1297
cg26032417,0.10024530982168661,1297
cg21849932,0.10024431197473258,1297
cg15358984,0.10024235944196613,1297
cg08454455,0.10024206703274621,1297
cg12744859,0.10024118789226799,1297
cg11430077,0.10024098799129155,1297
cg14821245,0.10024028396151699,1297
cg12055183,0.10023830052047222,1297
cg19063061,0.10023729712563238,1297
cg27425413,0.10023691768124135,1297
cg27079096,0.10023520790385379,1297
cg25764623,0.10023452164347069,1297
cg17198994,0.10023426994969376,1297
cg13350775,0.10023119527459229,1297
cg04351734,0.1002304593650199,1297
cg04002235,0.10022427337311973,1297
cg02611811,0.10022344945070877,1297
cg10440696,0.10022206196626035,1297
cg16366262,0.10022010747933696,1297
cg24239148,0.10021929822651224,1297
cg18410316,0.10021833683234518,1297
cg10030162,0.10021392519564323,1297
cg26183708,0.1002097310192504,1297
cg07915896,0.10020724719170987,1297
cg08238319,0.10020567652214324,1297
cg11876013,0.10020516520968889,1297
cg25135555,0.10020474985149494,1297
cg23346001,0.10020373770821156,1297
cg11358945,0.10020092152554932,1297
cg08441803,0.10019678819167226,1297
cg24601480,0.10019149922610526,1297
cg18903093,0.10019031202532766,1297
cg05804047,0.10018819126434225,1297
cg26972389,0.1001880071168611,1297
cg08355260,0.10018738207835445,1297
cg08295639,0.10018489917301412,1297
cg11221524,0.10018438961327303,1297
cg19333963,0.10017830295240747,1297
cg15006175,0.10017384442784139,1297
cg08827307,0.10017356467538525,1297
cg09447622,0.1001719753227242,1297
cg06900571,0.10017103500832397,1297
cg20255370,0.10017072300313362,1297
cg23357209,0.10016737891119767,1297
cg14058329,0.10016574242841314,1297
cg17603132,0.10016505101386941,1297
cg16413687,0.1001649006358381,1297
cg05866308,0.10016477083071723,1297
cg09866275,0.10016125684948693,1297
cg27625886,0.10016112587519133,1297
cg19416462,0.1001596529356586,1297
cg00192136,0.10015930797957677,1297
cg22377643,0.10015608966530415,1297
cg19945931,0.10015393082569096,1297
cg03354616,0.10015329231460995,1297
cg20268352,0.10015054318006861,1297
cg08390979,0.10014742271767435,1297
cg02461114,0.10014577663424984,1297
cg21236153,0.10014211212455248,1297
cg16385758,0.10014198944185543,1297
cg14696311,0.10014158647972854,1297
cg02395917,0.10014147040348576,1297
cg25657457,0.10014131072963656,1297
cg04366880,0.10013156119222955,1297
cg02903822,0.10012754640864205,1297
cg05128056,0.10012202350248425,1297
cg19206146,0.10011869657624517,1297
cg10439737,0.10011853142993632,1297
cg04046889,0.1001175529296815,1297
cg14463995,0.10011546903974855,1297
cg03734783,0.1001137044685304,1297
cg14042190,0.1001133456231797,1297
cg00539386,0.10011161745351413,1297
cg12921481,0.10011159012494913,1297
cg04250451,0.10010674998637625,1297
cg05641535,0.10010560141803104,1297
cg19290938,0.10010401296998978,1297
cg12426196,0.10010136850824018,1297
cg20045155,0.10010135638569731,1297
cg22382235,0.10009923019611594,1297
cg24180162,0.10009736392027813,1297
cg09444426,0.10009401518011024,1297
cg10609310,0.10009369300188448,1297
cg09678939,0.10008825425469675,1297
cg15968604,0.10008242392693038,1297
cg11745444,0.1000806354635162,1297
cg00035449,0.10008010474187817,1297
cg04438074,0.10008000897124428,1297
cg02829743,0.10007107319903896,1297
cg26826957,0.10006672899084343,1297
cg22465479,0.1000664883662126,1297
cg24599709,0.10006564230354414,1297
cg07379055,0.10006385784513863,1297
cg11309462,0.10006361850615667,1297
cg16824643,0.1000629429941784,1297
cg24162801,0.1000629212070493,1297
cg15689991,0.10006232886854022,1297
cg15985184,0.10006204267903845,1297
cg17342973,0.10005906063527784,1297
cg23681745,0.10005607188533061,1297
cg09234582,0.10005584749616833,1297
cg01462453,0.1000554784690848,1297
cg14746717,0.10004526100446398,1297
cg18636558,0.10004511939474803,1297
cg10361765,0.10004483200663428,1297
cg14132888,0.10004296167137666,1297
cg09068128,0.1000414195972571,1297
cg02167021,0.10002654328494184,1297
cg25326509,0.10002161843077717,1297
cg13463203,0.10002015302692702,1297
cg14359824,0.10001988711240051,1297
cg10752190,0.10001783335396758,1297
cg03656099,0.10001771601243595,1297
cg23167246,0.10001767865580607,1297
cg26021246,0.10001446874335711,1297
cg01727408,0.10001248099135529,1297
cg23207527,0.10001092772870251,1297
cg12342501,0.1000106917950393,1297
cg17067993,0.1000083942128254,1297
cg11748187,0.1000077161385589,1297
cg11781335,0.10000713600951722,1297
cg19954537,0.10000156651170827,1297
cg17083323,0.09999874524638028,1297
cg06032337,0.09999716886957791,1297
cg05602799,0.0999956730404275,1297
cg11966450,0.09999333628598997,1297
cg21348406,0.0999916020552879,1297
cg12311175,0.09998609895428318,1297
cg03142039,0.09998522033868604,1297
cg02057912,0.0999842867074768,1297
cg24764793,0.09998371420256258,1297
cg11417653,0.09998004410557337,1297
cg06617636,0.09997948741826712,1297
cg16282618,0.09997912782884488,1297
cg21626540,0.09997910709367108,1297
cg06422471,0.09997378346915065,1297
cg13945265,0.09997338481233009,1297
cg23337031,0.09997275311249676,1297
cg09500443,0.09997213186267238,1297
cg14531663,0.09996995342519072,1297
cg00501542,0.09996779475361534,1297
cg01388649,0.09996743511557142,1297
cg00954105,0.09996584109348894,1297
cg09319828,0.09996435010747678,1297
cg06565975,0.09996390215667866,1297
cg07385694,0.09996334465646062,1297
cg18321548,0.09996179691390389,1297
cg04994795,0.09996096327300352,1297
cg19478079,0.09996009503934733,1297
cg12075247,0.09995298142697392,1297
cg06506863,0.09995287246372803,1297
cg21608237,0.09995278544619317,1297
cg24211976,0.09994947663358678,1297
cg25718365,0.0999467004525825,1297
cg00760014,0.09994149363422528,1297
cg17723381,0.09993724332021106,1297
cg21498547,0.09993658976042222,1297
cg07623058,0.09993493447824903,1297
cg05927190,0.09993367750641803,1297
cg26915799,0.09992627783118557,1297
cg10411272,0.09992493443589556,1297
cg24436715,0.099924876323717,1297
cg13205617,0.09992351668687643,1297
cg24126180,0.09992232904801807,1297
cg09533869,0.09992090920885005,1297
cg08859309,0.09992087353846074,1297
cg17920246,0.09991838902389935,1297
cg09363841,0.09991411208995077,1297
cg25739715,0.09991369917406168,1297
cg24791188,0.09991271556697684,1297
cg17763354,0.09991158882895579,1297
cg27230697,0.09991144882531021,1297
cg15055060,0.09990964793385476,1297
cg08895013,0.0999086484598331,1297
cg23674169,0.09990755029321124,1297
cg02010763,0.09990488031793185,1297
cg12934258,0.09990268259896737,1297
cg19365176,0.09990165205856963,1297
cg03037039,0.09989723284307683,1297
cg22387369,0.09989679882924231,1297
cg24578857,0.09989645045511447,1297
cg14434062,0.09989454550795801,1297
cg14431361,0.09989371322244858,1297
cg26689203,0.0998926390652998,1297
cg25012185,0.09989103733261245,1297
cg14008686,0.09989063516978569,1297
cg06029792,0.09989024223153031,1297
cg24497819,0.09988709595386375,1297
cg22664614,0.09988535642298091,1297
cg07009284,0.09988390613117937,1297
cg08625289,0.09988287363107604,1297
cg13066703,0.0998826762918476,1297
cg02940070,0.09988136056331953,1297
cg15732840,0.09987980814700748,1297
cg16035036,0.09987894214439397,1297
cg18279455,0.09987848577044578,1297
cg04223044,0.09987722465542784,1297
cg00110654,0.09987102186444147,1297
cg19230755,0.09987038147244617,1297
cg08540215,0.09986760040756587,1297
cg09782560,0.09986738602468065,1297
cg11176159,0.09986545595307994,1297
cg15622619,0.09986537065487788,1297
cg03386869,0.09986523660609542,1297
cg26542218,0.09986075426265653,1297
cg09862193,0.09986016541042272,1297
cg12685539,0.09985964698485059,1297
cg23018755,0.09985746103705603,1297
cg08882547,0.09985499312264037,1297
cg25969984,0.09985323852356329,1297
cg19827346,0.09985136007919064,1297
cg16901361,0.0998464199238539,1297
cg04302300,0.09984585748935204,1297
cg15393025,0.09983932091461517,1297
cg21773297,0.09983776660124066,1297
cg08455073,0.09983642153233957,1297
cg13653328,0.09983312751808299,1297
cg21106407,0.09983295694079786,1297
cg04391111,0.0998293242658837,1297
cg17384889,0.09982753307303688,1297
cg09296942,0.09982306058252935,1297
cg14394550,0.09982292409702676,1297
cg01127608,0.09982213650707669,1297
cg12431891,0.09982059004271435,1297
cg10729196,0.09981982703154374,1297
cg10234511,0.0998175347628954,1297
cg20750832,0.09981548597628442,1297
cg04273573,0.09981358865099355,1297
cg25198340,0.09980690701072364,1297
cg12581298,0.09980150800281429,1297
cg15642854,0.09979971218767075,1297
cg03748603,0.09979378203223496,1297
cg06546806,0.09979115168115142,1297
cg03722909,0.0997886550507544,1297
cg18646521,0.09978526749025163,1297
cg03099144,0.0997848571700462,1297
cg27324541,0.09978309879504271,1297
cg00995141,0.09978209698641058,1297
cg02546607,0.09977911936867984,1297
cg09088153,0.0997757134421823,1297
cg21155834,0.09977378859530439,1297
cg13643452,0.09977359447399228,1297
cg15258447,0.09977350129436471,1297
cg15942185,0.09977332147000662,1297
cg10687107,0.09977099002562542,1297
cg24110050,0.09976898540986648,1297
cg27340001,0.09976853236340003,1297
cg07988171,0.09976814260377018,1297
cg02075410,0.0997681156989767,1297
cg13893555,0.09976181718468274,1297
cg10626515,0.09975931514274589,1297
cg19044229,0.09975863917828892,1297
cg06467207,0.09975682725646193,1297
cg25104107,0.09975534958276547,1297
cg18878432,0.09974962158422501,1297
cg14204735,0.09974633223164493,1297
cg05850884,0.09974616560977922,1297
cg03326215,0.09974484236321557,1297
cg26979504,0.09974198128996067,1297
cg09347582,0.09974159859375387,1297
cg03295956,0.09973660218212227,1297
cg04847275,0.0997344117971401,1297
cg26811313,0.09973242365069712,1297
cg24999105,0.09972698500457411,1297
cg12512013,0.09971866603422602,1297
cg18658151,0.09971858890308577,1297
cg17334453,0.09971773097188266,1297
cg05749728,0.09971726127900554,1297
cg16179589,0.09971422568742161,1297
cg10556064,0.09971403236196136,1297
cg16663980,0.09971342585020787,1297
cg14824921,0.09971226751082385,1297
cg01553584,0.09971082283455357,1297
cg09451427,0.09970887284667776,1297
cg06814287,0.09970708583001411,1297
cg10359157,0.0997033917681523,1297
cg12860686,0.09970124631999888,1297
cg03995533,0.09969894385531697,1297
cg17928876,0.09969748051917554,1297
cg18264219,0.09969537192965561,1297
cg18179931,0.09969476444548359,1297
cg23181580,0.09969385047071358,1297
cg05934824,0.09969360391176352,1297
cg15517113,0.099693059267283,1297
cg22952142,0.09969179640822134,1297
cg04411625,0.09969075518471825,1297
cg09623845,0.09969009099638981,1297
cg17127329,0.09968993191299605,1297
cg04388792,0.09968809104652343,1297
cg03222044,0.09968648798168545,1297
cg24306982,0.09968059263792073,1297
cg22332339,0.09967971688115274,1297
cg21810373,0.09967848396470014,1297
cg09607488,0.09967832820972913,1297
cg11591485,0.09967725850262904,1297
cg04922606,0.0996747270662745,1297
cg05647929,0.09967422035087808,1297
cg10375078,0.09967374311897625,1297
cg08569180,0.09966870025997948,1297
cg13719901,0.09966819893812881,1297
cg25094569,0.09966637830930022,1297
cg14286208,0.09966617956291349,1297
cg06937927,0.09966269214498372,1297
cg13083037,0.09966236646440563,1297
cg13874070,0.09966028127595242,1297
cg10548163,0.09966026669195899,1297
cg11200136,0.09965952516345472,1297
cg06325088,0.09965949713315098,1297
cg22239534,0.09965823590811645,1297
cg26130533,0.09965639572114521,1297
cg14549524,0.09965538626811532,1297
cg07474842,0.09965206831329865,1297
cg12012426,0.09965150371297132,1297
cg07109453,0.09965084123895313,1297
cg21750915,0.09964844966709074,1297
cg14287027,0.09964822759513214,1297
cg16365421,0.09964666617931692,1297
cg19575753,0.09964362199829405,1297
cg19402236,0.09963741132680642,1297
cg02098752,0.0996356733406874,1297
cg18613238,0.09963360970641633,1297
cg07545846,0.09963336574610154,1297
cg19257464,0.09963192514728625,1297
cg05146544,0.09963035867420883,1297
cg26561212,0.0996294107391894,1297
cg13923696,0.0996280721215976,1297
cg20659435,0.09961981461134406,1297
cg02729822,0.09961717959167549,1297
cg16126286,0.09961189449451113,1297
cg19035526,0.09960869884250023,1297
cg10908116,0.09960810641852658,1297
cg25095032,0.0996040871510201,1297
cg03001333,0.0996013606350766,1297
cg01333242,0.09959485148641162,1297
cg20536971,0.09959407906907308,1297
cg07254413,0.09959335829283084,1297
cg05101437,0.09959182198397287,1297
cg03505117,0.09958961815685906,1297
cg06663149,0.09958906602315831,1297
cg21238234,0.09958408516780559,1297
cg27380459,0.09958307727286905,1297
cg07197785,0.09958198338217855,1297
cg18127395,0.09958164866857849,1297
cg20160351,0.09957920144972399,1297
cg05896468,0.09957588512241639,1297
cg15065877,0.0995706254806443,1297
cg13691567,0.09956520701498212,1297
cg21546184,0.09956350868114361,1297
cg15198736,0.0995609709468333,1297
cg03431846,0.09955878850078538,1297
cg24776343,0.09955829326562055,1297
cg18571045,0.09954942009101636,1297
cg09144964,0.09954878931880501,1297
cg07885741,0.09954648793325238,1297
cg14153740,0.09953899033423602,1297
cg17470251,0.09953891667121523,1297
cg06340704,0.0995370908109342,1297
cg20485084,0.0995354849986052,1297
cg24951880,0.09953288721271497,1297
cg14263222,0.09952938226107239,1297
cg05729015,0.0995282470930289,1297
cg09591072,0.0995247333314262,1297
cg10782139,0.09952317696948237,1297
cg03761113,0.09952133521221976,1297
cg01291088,0.09952060923408465,1297
cg21399057,0.09951781714276683,1297
cg04262140,0.09951695324371293,1297
cg18537730,0.09951673912113174,1297
cg04587220,0.09951031543668912,1297
cg14297340,0.09951009690153734,1297
cg04872689,0.09950640277115114,1297
cg00445548,0.09950230121055281,1297
cg04809136,0.0994992127190379,1297
cg24779381,0.09949843211536011,1297
cg21565960,0.09949589764767275,1297
cg11498582,0.09949455485053504,1297
cg02240291,0.09949351990776117,1297
cg26769927,0.09949279442571207,1297
cg00590590,0.09949158923819545,1297
cg27237541,0.09949150530638642,1297
cg11885357,0.09948362070480155,1297
cg16810605,0.09948021878934481,1297
cg04459091,0.09947682285763931,1297
cg12966367,0.09947456248512426,1297
cg15576730,0.09947043497747124,1297
cg00035980,0.0994701720485982,1297
cg17312277,0.09946942694735417,1297
cg17698295,0.09946783098917565,1297
cg02004499,0.09946617513974848,1297
cg18717167,0.09946604565149414,1297
cg08235161,0.09946431855134039,1297
cg25572105,0.09946302434079346,1297
cg01388757,0.09946250949434612,1297
cg08125291,0.09946145129588635,1297
cg03486986,0.09946139978410229,1297
cg20746482,0.0994612555256929,1297
cg22466678,0.09945920523674312,1297
cg16246489,0.0994541855281933,1297
cg06133910,0.09945279198244286,1297
cg26651148,0.09944983118073947,1297
cg26861732,0.09944648437122999,1297
cg04132199,0.0994451298678744,1297
cg17157894,0.09944505160241535,1297
cg09300114,0.0994398258209355,1297
cg11895696,0.09943835355154046,1297
cg11528176,0.09943599383423897,1297
cg06943912,0.09943407853068931,1297
cg02185248,0.09943313694150283,1297
cg19951244,0.09943150281868507,1297
cg07178969,0.09943100719836874,1297
cg06589199,0.0994288809267106,1297
cg07018404,0.09942782415475909,1297
cg13396713,0.09942746572398689,1297
cg00056066,0.09942688430432793,1297
cg02901843,0.09942654457115804,1297
cg21024264,0.09942467821403478,1297
cg22296585,0.0994244983483395,1297
cg09804649,0.0994244629159674,1297
cg17017317,0.09942440079174786,1297
cg09747891,0.09942264651052846,1297
cg05068848,0.09942049188942137,1297
cg05090759,0.09941890107753171,1297
cg24310913,0.0994185160184824,1297
cg01437515,0.09940779320509549,1297
cg13902024,0.09940456448532703,1297
cg08603678,0.09940248507015087,1297
cg05036991,0.09940223238714929,1297
cg17423978,0.09940000851885678,1297
cg15408497,0.09939973967922511,1297
cg20523861,0.09939692567498112,1297
cg24376793,0.09939496304744164,1297
cg14670938,0.09939452525052306,1297
cg23693289,0.0993877276894573,1297
cg04546573,0.0993867408123292,1297
cg01037523,0.09938448408476508,1297
cg05287480,0.09938207493010974,1297
cg18403852,0.09938172389175343,1297
cg14179288,0.09938034462096193,1297
cg07470532,0.09937924648324215,1297
cg21805940,0.09937705866582497,1297
cg13007502,0.0993746811489758,1297
cg22982368,0.09936992722091151,1297
cg05681757,0.09936708658196183,1297
cg17592360,0.09936686225763325,1297
cg05456956,0.09936036794522818,1297
cg01693138,0.09935943593092922,1297
cg07039404,0.09935782293373327,1297
cg06882926,0.09935449372611943,1297
cg06588782,0.09935424260980283,1297
cg08694699,0.09935372850405155,1297
cg27654945,0.09935064556470319,1297
cg14065115,0.09935036753079957,1297
cg20356323,0.0993443670649623,1297
cg06959596,0.09934426481372144,1297
cg04592144,0.09934403733690295,1297
cg17196051,0.09934336254717185,1297
cg17680823,0.09933960511756318,1297
cg02061173,0.0993379330853878,1297
cg12177546,0.09933141982538266,1297
cg21012788,0.09933011172659456,1297
cg13320138,0.09932911737141362,1297
cg09192940,0.09932902594547494,1297
cg25996553,0.09932899917494223,1297
cg16499415,0.09932862283844135,1297
cg25469418,0.09932635497862213,1297
cg02184673,0.09932201647165245,1297
cg01166892,0.09932183709888986,1297
cg24783211,0.09932160752606393,1297
cg03081691,0.09931894860690105,1297
cg22682811,0.09931809331119877,1297
cg05547778,0.09931788279362821,1297
cg19561076,0.09931451442082095,1297
cg19784880,0.09931411883996752,1297
cg04355159,0.09931329769078026,1297
cg15573664,0.09931108191785687,1297
cg09187505,0.09930809908430516,1297
cg02692313,0.09930654040414602,1297
cg00573606,0.0993058159141561,1297
cg20178075,0.09930337217083085,1297
cg22488797,0.09930210506978884,1297
cg14781778,0.09930192595578721,1297
cg05254518,0.09930139034600552,1297
cg09107912,0.09930135389479855,1297
cg07447742,0.09930068770643846,1297
cg02478708,0.09929885560536345,1297
cg18331412,0.09929768121054139,1297
cg03363142,0.09929638398891988,1297
cg07646467,0.0992953352375262,1297
cg10122865,0.09929072109346018,1297
cg19352038,0.09929012215013522,1297
cg00213668,0.09928946580503342,1297
cg23916896,0.09928404558382081,1297
cg14979301,0.09927685030289948,1297
cg09973676,0.09927003126553913,1297
cg13996510,0.09926541476223097,1297
cg04193820,0.09926526457495669,1297
cg08563299,0.09926498535394751,1297
cg21549195,0.09926479584453095,1297
cg26452868,0.09926378750359209,1297
cg24935345,0.09926371953601967,1297
cg05840533,0.09925934981056167,1297
cg25677376,0.09925062453682515,1297
cg20415947,0.09924993835568768,1297
cg16435779,0.09924803223244799,1297
cg27359374,0.099246263506168,1297
cg26465391,0.09924529888150621,1297
cg12744758,0.09924212505393126,1297
cg16747717,0.09924159487002765,1297
cg27413732,0.09924108161902173,1297
cg20225999,0.09923769797689347,1297
cg22745397,0.09923737322135634,1297
cg17094014,0.09923629917620463,1297
cg10400081,0.0992351300912353,1297
cg12712184,0.09923363038310162,1297
cg13600716,0.0992335109621218,1297
cg25826698,0.09923217242622351,1297
cg23068939,0.09922732379553217,1297
cg25406989,0.09922570879451895,1297
cg16563187,0.0992256599242834,1297
cg06428620,0.09922403978789418,1297
cg07086674,0.09922051765449841,1297
cg17516809,0.09921826841537779,1297
cg05002406,0.09921785206214992,1297
cg08229058,0.09921343541188998,1297
cg02245566,0.09921247608946915,1297
cg04373435,0.09920797121672591,1297
cg23870181,0.0992079200588113,1297
cg16529268,0.09920782911656681,1297
cg00104845,0.09920609860790013,1297
cg12967050,0.09920246904764257,1297
cg25967612,0.09920187212289155,1297
cg21743907,0.09920177014561779,1297
cg26697605,0.09920114962528365,1297
cg21104965,0.09920020571859892,1297
cg26180255,0.09919823414866175,1297
cg01579600,0.09919788849383362,1297
cg05618401,0.09919759447145987,1297
cg14636922,0.09919379902105507,1297
cg00142036,0.0991934428254585,1297
cg16018921,0.09918689479317494,1297
cg20686479,0.0991830787880967,1297
cg27441486,0.09918261614770746,1297
cg20645058,0.0991803170716759,1297
cg14515614,0.09917840423737817,1297
cg07341609,0.09917819878997725,1297
cg10114877,0.09917818045741922,1297
cg18132787,0.09917661634461489,1297
cg19999682,0.09917450895513494,1297
cg25846061,0.09917406647843241,1297
cg21244322,0.09917197352709214,1297
cg19704755,0.09916960688185195,1297
cg26199241,0.09916659759533897,1297
cg20566840,0.09916345320080677,1297
cg18155267,0.09916329041309346,1297
cg09163745,0.09916202813395192,1297
cg26166717,0.09916091662213347,1297
cg03789791,0.09916053517004592,1297
cg15962744,0.09916005136214368,1297
cg02100397,0.09915941619669633,1297
cg26004203,0.09915815100596703,1297
cg21134232,0.09915718301929055,1297
cg01777433,0.09915565612189658,1297
cg02058408,0.09915281810809493,1297
cg22049038,0.09914902625351718,1297
cg26353176,0.09914891708055082,1297
cg06891639,0.09914768495012022,1297
cg25132230,0.09914751187463317,1297
cg27214333,0.09914569742936052,1297
cg20447730,0.0991406511317881,1297
cg19543867,0.09913929383631592,1297
cg27372452,0.09913831222246952,1297
cg15484597,0.09913618247263112,1297
cg08013557,0.09913471294089804,1297
cg24166457,0.09913443747142492,1297
cg03343571,0.09913385572173505,1297
cg05871254,0.09913206478816938,1297
cg05091135,0.09913062403382744,1297
cg00087244,0.09913041431878133,1297
cg13223682,0.09912510899125596,1297
cg26558485,0.09912322988220962,1297
cg22658316,0.09912316192656814,1297
cg08401872,0.09912101777295453,1297
cg15244101,0.0991195312006733,1297
cg26156321,0.0991170436033878,1297
cg10652915,0.09911473473680571,1297
cg22881652,0.09910902419600054,1297
cg11541601,0.09910753678266881,1297
cg18732032,0.09910423879068117,1297
cg21383487,0.09910401567520408,1297
cg20849324,0.09910289181853849,1297
cg16652651,0.09909735037792815,1297
cg14314744,0.09909637859810144,1297
cg03571927,0.09909501273517918,1297
cg26521766,0.09909402785322233,1297
cg27162435,0.0990871045555832,1297
cg21964551,0.09908349583746595,1297
cg18056695,0.09908348547318296,1297
cg04295144,0.09908126141098782,1297
cg18832247,0.09907974912054596,1297
cg15844443,0.09907889684274179,1297
cg11728747,0.09907805207588471,1297
cg00510718,0.0990779411504652,1297
cg01539849,0.09907793636088086,1297
cg13344855,0.0990776083590714,1297
cg06388730,0.09907701269385899,1297
cg23115390,0.0990744965551828,1297
cg20917077,0.09907263625107934,1297
cg04899175,0.0990689955395244,1297
cg25052312,0.09906864558256179,1297
cg13114921,0.0990680215700111,1297
cg05426006,0.09906385071655394,1297
cg15365500,0.09906355143422918,1297
cg15939287,0.09906227153548464,1297
cg12612406,0.09906206877939813,1297
cg10817615,0.0990581332076862,1297
cg08145590,0.09905520211862763,1297
cg22616255,0.09905441995697362,1297
cg15745284,0.09905375470070632,1297
cg09749364,0.0990510868739174,1297
cg22027471,0.0990503946682533,1297
cg27228136,0.09904781092470488,1297
cg27292977,0.09904706554457193,1297
cg24354581,0.09904590760923544,1297
cg06179152,0.0990429364587042,1297
cg16127573,0.09904251314068033,1297
cg03277049,0.09904248572201002,1297
cg24620436,0.0990400221264166,1297
cg27024127,0.09903271358837236,1297
cg26021007,0.09903207201553263,1297
cg16917996,0.09903184942234343,1297
cg14326305,0.09903167346230357,1297
cg20247486,0.09903112126502683,1297
cg15122439,0.09903063032870418,1297
cg09167931,0.09902869789804633,1297
cg00922841,0.09902629142662756,1297
cg05000761,0.09902597947906394,1297
cg24440658,0.09902458288771548,1297
cg06507579,0.09901861239976016,1297
cg25514273,0.09901853935745968,1297
cg11267879,0.09901401152928421,1297
cg20039257,0.09901230655003435,1297
cg16104263,0.09901017199438611,1297
cg11117438,0.09900974738442081,1297
cg02785561,0.09900503615726342,1297
cg23201812,0.09900466947061651,1297
cg01876548,0.09899971529470278,1297
cg11273947,0.09898933657757056,1297
cg17279125,0.09898888382781229,1297
cg07537095,0.09898859968817339,1297
cg12659114,0.09898478849323694,1297
cg12069276,0.09898348379556501,1297
cg27651480,0.09898345418320773,1297
cg26875626,0.09898209265845703,1297
cg16698281,0.09898066849184303,1297
cg24002653,0.09897790877124624,1297
cg04682802,0.09897604636914667,1297
cg19502050,0.09897525882078739,1297
cg26365925,0.09897435420398121,1297
cg21937128,0.0989725828443544,1297
cg22783664,0.09897227579844758,1297
cg11409510,0.0989706494257703,1297
cg08870914,0.09897059718787987,1297
cg27079118,0.09896469481578873,1297
cg16637690,0.09896394301554273,1297
cg18919541,0.09896365485766956,1297
cg00394221,0.09896356182220517,1297
cg13722700,0.09896350403052034,1297
cg07717559,0.09896314065877093,1297
cg17428559,0.09896137730721566,1297
cg01294808,0.09896056204696546,1297
cg02927682,0.09895910121700857,1297
cg07229767,0.0989582590531003,1297
cg23050079,0.09895591060259512,1297
cg15209376,0.09895515916947012,1297
cg19978181,0.09895497818830747,1297
cg09839170,0.09895261364809377,1297
cg16303923,0.09894892633979355,1297
cg02477838,0.09894808707847519,1297
cg06252530,0.0989465528323103,1297
cg14455170,0.0989449517264136,1297
cg04052466,0.09893710420264568,1297
cg24479859,0.098934025651846,1297
cg02534072,0.09892579712292132,1297
cg06872172,0.09892283289566162,1297
cg15915835,0.09891892954133397,1297
cg03150622,0.09891187460193068,1297
cg11957848,0.09890958996206625,1297
cg06268921,0.09890686193802883,1297
cg01984802,0.0989060974535105,1297
cg02050376,0.09890598193927105,1297
cg15913725,0.09890362973966821,1297
cg08776908,0.09890315693108764,1297
cg25727025,0.09890112457928879,1297
cg01882871,0.09890104557397755,1297
cg26173773,0.09890069937023221,1297
cg01510990,0.09889889803793322,1297
cg18320356,0.09889887156013202,1297
cg19216359,0.0988977451706658,1297
cg23525708,0.09889563701264531,1297
cg10724867,0.09889538487617022,1297
cg08564522,0.09889193630484697,1297
cg14288639,0.09888966630301127,1297
cg12650490,0.09888695158410493,1297
cg24923931,0.09888551523305705,1297
cg14772439,0.09888303601913362,1297
cg01556275,0.09888098858272162,1297
cg09908110,0.09887784614872942,1297
cg21665744,0.09887568942123648,1297
cg23732608,0.09887539686496044,1297
cg04150136,0.09887010688190448,1297
cg26394055,0.09886899796988319,1297
cg25215835,0.09886822797183231,1297
cg11532431,0.09886782166697415,1297
cg22396632,0.09886568435638105,1297
cg26616780,0.09886481273758327,1297
cg11638117,0.09886177750831607,1297
cg17025555,0.09886045397138882,1297
cg17959824,0.09886018516340261,1297
cg02286857,0.09885791572093983,1297
cg04494750,0.09885454323304291,1297
cg17933722,0.09885309374135928,1297
cg16178603,0.09885073506818993,1297
cg10421194,0.0988503936130036,1297
cg03879823,0.09884821498637553,1297
cg20602300,0.09884779126018728,1297
cg04567140,0.09884687465132802,1297
cg02007434,0.09884206081574598,1297
cg21191514,0.09884155726027288,1297
cg10832093,0.09884140818845616,1297
cg01020413,0.09883824569499902,1297
cg07474269,0.09883696588148888,1297
cg09684112,0.09883115343372567,1297
cg02469095,0.09882867764830475,1297
cg03565777,0.0988283817805172,1297
cg04887494,0.09882806125838733,1297
cg11808677,0.09882702402520557,1297
cg03595348,0.09882687694128528,1297
cg00778190,0.09882118835467085,1297
cg20813589,0.09882088342445067,1297
cg03084949,0.09882025954966377,1297
cg11420142,0.09881839610248866,1297
cg07168556,0.09881817493217918,1297
cg19403312,0.09881716340969843,1297
cg21405761,0.09881302980163909,1297
cg10456990,0.09881184480675728,1297
cg27223250,0.09881138046723148,1297
cg12764221,0.09880855466912486,1297
cg00485748,0.09880328554945103,1297
cg03072692,0.09880322759920646,1297
cg03053358,0.09879733699980214,1297
cg14581989,0.09879659234968996,1297
cg11533881,0.09879252454880749,1297
cg12811284,0.09879079621273344,1297
cg16336436,0.09879065678275395,1297
cg01031101,0.09878703608568504,1297
cg07696842,0.09878625002231453,1297
cg02901431,0.09878380238213388,1297
cg17922998,0.09878336230372559,1297
cg15292446,0.09878209102309149,1297
cg09224689,0.09878141364823725,1297
cg07851738,0.09877399996640418,1297
cg25341925,0.0987733897889379,1297
cg11716270,0.09877266546669955,1297
cg19987665,0.0987714038438707,1297
cg25357666,0.09877027224178747,1297
cg26915889,0.09876935026595812,1297
cg04834966,0.0987680625943475,1297
cg11442732,0.09876746334089082,1297
cg15001131,0.09876335525039368,1297
cg06001519,0.09876256400737168,1297
cg11180921,0.09876132743150395,1297
cg14519350,0.09876070936316966,1297
cg19868468,0.09875929904320951,1297
cg19410609,0.09875055825154061,1297
cg14391148,0.09874853691677349,1297
cg24465224,0.09874736720053617,1297
cg24174020,0.09874668575790266,1297
cg10207928,0.09874606454628387,1297
cg00412554,0.09874240757305028,1297
cg18599843,0.09874137111390974,1297
cg10956857,0.09873573138796876,1297
cg07349815,0.09873094644618231,1297
cg24980551,0.09872999901029739,1297
cg19235071,0.09872932591448352,1297
cg12652442,0.09872692783145406,1297
cg24631845,0.09872521517409832,1297
cg24995657,0.09872496194984112,1297
cg08018572,0.0987224828124712,1297
cg05141014,0.09872127807146686,1297
cg20821442,0.09872070079960943,1297
cg22722777,0.09872007223672252,1297
cg18862481,0.09871975598076323,1297
cg02533339,0.09871860804953367,1297
cg15822394,0.0987169579428113,1297
cg14144305,0.09871651409771964,1297
cg14608770,0.09871522273459227,1297
cg26746878,0.09871463125080734,1297
cg15425541,0.09871439354041399,1297
cg19064304,0.09871183144365048,1297
cg17648080,0.09870890143513333,1297
cg08876274,0.09870787463478359,1297
cg21786808,0.0987078017874371,1297
cg16603374,0.09870611779843892,1297
cg08538034,0.098705425039507,1297
cg08205700,0.09870399423185411,1297
cg19192280,0.09869985858770827,1297
cg04064353,0.09869655339626193,1297
cg15202102,0.0986938220458986,1297
cg14509902,0.09869330156284395,1297
cg15548295,0.0986930452804814,1297
cg16477611,0.09868943069448766,1297
cg03906434,0.09868882633282444,1297
cg16469927,0.09868465784231717,1297
cg00525277,0.09868286842515794,1297
cg14239111,0.09868286804593202,1297
cg18147865,0.09868027837394577,1297
cg01647724,0.09868015952878528,1297
cg12547930,0.09867251098924396,1297
cg14064356,0.09867132703396583,1297
cg16258854,0.09867024896472593,1297
cg25366140,0.09866561068422186,1297
cg02139827,0.09866525362815703,1297
cg11589567,0.09866511614552026,1297
cg01843506,0.09866323634826324,1297
cg23905556,0.09866228079604139,1297
cg26445999,0.09865998312919252,1297
cg10962762,0.09865882816517807,1297
cg01169873,0.09865839354665823,1297
cg16357224,0.09865793587992552,1297
cg22855020,0.09865760079876335,1297
cg16179720,0.0986570466603291,1297
cg20706049,0.09865696069295687,1297
cg15026998,0.09865327531226803,1297
cg11888511,0.09864985526322556,1297
cg04470054,0.09864882208299108,1297
cg10498921,0.09864507477869783,1297
cg12036817,0.09864348449203589,1297
cg01087463,0.09863892497409643,1297
cg24750887,0.09863801810292444,1297
cg25461290,0.09863276992690467,1297
cg07310406,0.09863158750615383,1297
cg02583633,0.09863101449936618,1297
cg26740525,0.09863034817432331,1297
cg00509766,0.09862886636511187,1297
cg01990695,0.09862830043132914,1297
cg26630171,0.0986274117416065,1297
cg23797100,0.09862494578556352,1297
cg08963013,0.09862421014602704,1297
cg25730298,0.0986228294834775,1297
cg01934626,0.09862128158344487,1297
cg17542408,0.09861966121012389,1297
cg04591032,0.09861773121359964,1297
cg10458494,0.09861719741403124,1297
cg13944468,0.09861567184968004,1297
cg02309655,0.0986151996700659,1297
cg09979641,0.09861402770407868,1297
cg20767912,0.09861367831148687,1297
cg14500486,0.09861336496900269,1297
cg24381587,0.0986129035444906,1297
cg22235522,0.09861223388266954,1297
cg16627285,0.09861189737993875,1297
cg03895540,0.09860933310810774,1297
cg18813778,0.09860671591807996,1297
cg11770080,0.09860602445762133,1297
cg07383757,0.09860397631479406,1297
cg16615154,0.09860131779048324,1297
cg26305817,0.09859979770284338,1297
cg10436257,0.09859663036737842,1297
cg18694169,0.09859568709506408,1297
cg15296664,0.09859567492037777,1297
cg00379648,0.09859509242551676,1297
cg14762845,0.0985936735090327,1297
cg00804392,0.09859195084755668,1297
cg10673328,0.09858972143406255,1297
cg15970666,0.09858782737926607,1297
cg25455408,0.09858591680729112,1297
cg14487292,0.09858326566688752,1297
cg11942594,0.09858307908414934,1297
cg24637035,0.09857629195314743,1297
cg06963711,0.0985755612632972,1297
cg13038847,0.09856639337844053,1297
cg12091936,0.09856618881580834,1297
cg23978657,0.09856379499505283,1297
cg11707310,0.09856120992942485,1297
cg24023916,0.0985603547411465,1297
cg21648121,0.09855914330306034,1297
cg17721879,0.09855421414720206,1297
cg03981685,0.09855266111018307,1297
cg11642891,0.09855214433584208,1297
cg01027010,0.09854897004712304,1297
cg06520675,0.09854760025948758,1297
cg06518884,0.09854345464151218,1297
cg14969542,0.09854106011465463,1297
cg09427718,0.09854063681791331,1297
cg11669516,0.09853852007523187,1297
cg08931835,0.09853844241549187,1297
cg18311665,0.09853575036180282,1297
cg03405260,0.09853551742332739,1297
cg09084279,0.09853518280254597,1297
cg05935311,0.09853467345334055,1297
cg09463917,0.0985321266388492,1297
cg26960322,0.09853182943313255,1297
cg10923662,0.09852893474480343,1297
cg00873919,0.09852797784551096,1297
cg01832325,0.09852039172688384,1297
cg04259326,0.09851995724405949,1297
cg02943290,0.09851868617477388,1297
cg24705426,0.0985180934732641,1297
cg08206665,0.0985175582410972,1297
cg24289912,0.09851540352566082,1297
cg04249522,0.09851207661100143,1297
cg20631750,0.09851097673269535,1297
cg15125053,0.09851071836482225,1297
cg12084990,0.09851029761232644,1297
cg05098343,0.09851019095434499,1297
cg25531987,0.09850760493302035,1297
cg11225528,0.09850453464090048,1297
cg00713400,0.09850397977914038,1297
cg13912573,0.0985037043744374,1297
cg14727409,0.09849741109420554,1297
cg01941243,0.09849561719062494,1297
cg09610987,0.09849541580661894,1297
cg00699392,0.0984952849472906,1297
cg25087589,0.09849334906029478,1297
cg01230988,0.09849282967718945,1297
cg10268509,0.09849221752482518,1297
cg04034967,0.09849150579980179,1297
cg03795776,0.09848641994525495,1297
cg18758906,0.0984861982205929,1297
cg05529816,0.09848616901334156,1297
cg01825295,0.09848484703565977,1297
cg08217163,0.09848414467378719,1297
cg19697239,0.09848199401994251,1297
cg09452082,0.09848120306374147,1297
cg00921682,0.09847805255914477,1297
cg14776998,0.09847733750933158,1297
cg00143986,0.09847681007487508,1297
cg08561732,0.09847300886857871,1297
cg03890951,0.09846862740870607,1297
cg26968498,0.09846800113091592,1297
cg01724456,0.09846671636256538,1297
cg12485185,0.09846494078816598,1297
cg06405186,0.09846404841266537,1297
cg17408185,0.09846293273795212,1297
cg27597459,0.09846204883646331,1297
cg19622662,0.09846201981424943,1297
cg03489427,0.09846164757251652,1297
cg03047616,0.09846040844498144,1297
cg07041999,0.09845959863301228,1297
cg04268254,0.09845767277804915,1297
cg21865150,0.09845439053533703,1297
cg09313482,0.09845429991264493,1297
cg19009471,0.09845217318712263,1297
cg07112337,0.09845096744744489,1297
cg13749548,0.09845048494707956,1297
cg07814661,0.09844914699120796,1297
cg03844894,0.09844839145115808,1297
cg06496885,0.0984463755738405,1297
cg00815484,0.09844629510309494,1297
cg07696354,0.09844514575657709,1297
cg00053916,0.0984445962350696,1297
cg25252197,0.09844391666182939,1297
cg14087921,0.0984409606794544,1297
cg16998656,0.09843966119958486,1297
cg22955525,0.0984376413510189,1297
cg24851260,0.09843749608846392,1297
cg22921027,0.09843600215479223,1297
cg12354056,0.09843535406936055,1297
cg14567963,0.098432800104158,1297
cg15864691,0.09843191218324854,1297
cg01384246,0.09842998136809936,1297
cg07138399,0.09842884592680196,1297
cg09550024,0.09842809055274607,1297
cg05937737,0.09842727724652238,1297
cg16871519,0.09842623125464148,1297
cg24691453,0.0984229960930631,1297
cg21413173,0.09842236839151797,1297
cg18599206,0.09841861183311533,1297
cg05586863,0.0984185728812329,1297
cg08214423,0.09841588883743148,1297
cg08474521,0.09841499758918121,1297
cg02734001,0.09841491005759728,1297
cg11010744,0.09841407462124313,1297
cg09556515,0.09841267772076306,1297
cg19174643,0.09841245463692411,1297
cg22325764,0.0984098300391193,1297
cg22340807,0.09840750970326217,1297
cg08690159,0.0984070485035155,1297
cg26087625,0.09840664406505012,1297
cg23791011,0.09840623341653898,1297
cg17589866,0.09840534535418136,1297
cg13917614,0.09840382643400752,1297
cg26258213,0.09840379985474693,1297
cg12638731,0.09840364720017339,1297
cg20784259,0.09840304522229415,1297
cg23392381,0.09840104215247653,1297
cg26160564,0.09840031514959752,1297
cg18745629,0.09839982282538623,1297
cg14189141,0.09839870662395606,1297
cg03011535,0.09839751838677957,1297
cg18257996,0.09839389223214612,1297
cg04841245,0.09839239157511159,1297
cg00524708,0.09839185259200472,1297
cg12291059,0.09839159425227123,1297
cg16668520,0.09838958635184081,1297
cg07676361,0.09838723535756969,1297
cg05678498,0.09838580211754577,1297
cg15824056,0.09838476907297783,1297
cg27581660,0.09838448074773443,1297
cg14506696,0.09838381261480467,1297
cg10419295,0.09838305642882789,1297
cg25247409,0.09838169177337358,1297
cg22481632,0.09838114682292687,1297
cg06975914,0.09837592710867332,1297
cg16890879,0.09837301779944962,1297
cg03174507,0.09837267174254127,1297
cg03954144,0.09837250790780827,1297
cg15694113,0.09837247459966733,1297
cg18689332,0.09837224744987122,1297
cg12955441,0.09837092229685246,1297
cg13951272,0.09836980355119535,1297
cg08893839,0.09836515926251624,1297
cg27058497,0.09836489838326617,1297
cg15965383,0.09836269458236876,1297
cg17953716,0.09836255955179649,1297
cg09398762,0.09836169121492949,1297
cg21294301,0.0983615729949579,1297
cg17777731,0.09835352885089468,1297
cg08675117,0.09834968585148321,1297
cg10127554,0.09834864160012083,1297
cg15579883,0.09834720713244893,1297
cg00455523,0.0983420602827747,1297
cg26217572,0.09834093189403789,1297
cg22681709,0.09834066479352876,1297
cg16678522,0.09834015943622582,1297
cg13236409,0.0983375290204565,1297
cg26785303,0.09833670537127392,1297
cg10414946,0.09833520237914242,1297
cg17989736,0.09833485713284201,1297
cg00449767,0.09833223109891831,1297
cg06758255,0.09833099456360095,1297
cg09993145,0.09832234596488004,1297
cg05051606,0.09831926489833046,1297
cg24881910,0.09831614977405287,1297
cg24837084,0.09831286850089066,1297
cg26395382,0.09831184761633383,1297
cg17653519,0.09831182828394225,1297
cg17486860,0.09831148389806862,1297
cg02050694,0.098310741278058,1297
cg20309703,0.09831050390216398,1297
cg10493436,0.09830931224273448,1297
cg11093760,0.09830864626064179,1297
cg08381046,0.09830606308082063,1297
cg24080793,0.09830581311170329,1297
cg11829371,0.09830468136046011,1297
cg06393098,0.09830354210446557,1297
cg08231870,0.0983000285042395,1297
cg15931205,0.09829792306655113,1297
cg07277017,0.09829739851168068,1297
cg12086464,0.09829628262533005,1297
cg04119303,0.09829449163571333,1297
cg16049391,0.09829108823614566,1297
cg13167443,0.09828741300540189,1297
cg03111404,0.09828686523797911,1297
cg02794358,0.09828683628116208,1297
cg18011916,0.09828429275822384,1297
cg12506775,0.0982836536479644,1297
cg17946266,0.09828338969663042,1297
cg20285974,0.09828253285574695,1297
cg24128590,0.09828052488378508,1297
cg05837769,0.09828007519263843,1297
cg24784416,0.09827860015852038,1297
cg00118783,0.09827669326053814,1297
cg24942922,0.0982746967207816,1297
cg09714100,0.09827390490182902,1297
cg02116953,0.09827229572348285,1297
cg01085553,0.09826965053656328,1297
cg03338754,0.09826736055216034,1297
cg19106932,0.09826471201612899,1297
cg07166171,0.09826445919731311,1297
cg12723985,0.09826018881866128,1297
cg26483229,0.09825570892297121,1297
cg15067806,0.0982538282557971,1297
cg00801571,0.09825183045978753,1297
cg00686880,0.09824437465378316,1297
cg03149128,0.09824379632183608,1297
cg04841806,0.0982424534888818,1297
cg02469838,0.09823955291025076,1297
cg13952840,0.09823490985522054,1297
cg12817908,0.0982340254848792,1297
cg26039623,0.0982338550636147,1297
cg08850641,0.09823310609497504,1297
cg24237500,0.09823083897134555,1297
cg17898329,0.09822852753772641,1297
cg07289335,0.09822785983209995,1297
cg15061827,0.0982276549950048,1297
cg21076680,0.09822483960708084,1297
cg23981871,0.0982237845725607,1297
cg23474890,0.09821802216867959,1297
cg22807110,0.09821685836029287,1297
cg09545579,0.0982165376051658,1297
cg27011060,0.09821176743110543,1297
cg03390187,0.09820739177611618,1297
cg15118447,0.09820498708240447,1297
cg20487608,0.09820421688224473,1297
cg02189760,0.09820395328420817,1297
cg00400827,0.09820145998295815,1297
cg26334209,0.09820103995338053,1297
cg01149192,0.09819970589986776,1297
cg17033333,0.0981975161269531,1297
cg16448058,0.0981974391923339,1297
cg03660502,0.09819685028132766,1297
cg14826683,0.09819563105479562,1297
cg22336867,0.0981933504773751,1297
cg20739526,0.09819054543690695,1297
cg02702693,0.09818916022791072,1297
cg13597051,0.09818838361504939,1297
cg14213814,0.09818699915111417,1297
cg07598464,0.09818486652006117,1297
cg12315391,0.09818420917055865,1297
cg16034517,0.09818098100254963,1297
cg25203310,0.09818033548045119,1297
cg05524458,0.09818013309681228,1297
cg11039361,0.09817853210148991,1297
cg01452169,0.09817778679296726,1297
cg26317555,0.09817528224981664,1297
cg12499235,0.09817439975714498,1297
cg17526887,0.0981737179721428,1297
cg04360793,0.09816948581278234,1297
cg06447424,0.09816930250894024,1297
cg22581896,0.0981676147210373,1297
cg05289920,0.09816718346235029,1297
cg15740508,0.0981665670366372,1297
cg06922635,0.09816487290488767,1297
cg08604097,0.09816273671774037,1297
cg01068601,0.09815944867220472,1297
cg20595750,0.09815760869429252,1297
cg12195446,0.09815481927354963,1297
cg27389908,0.09815479741766736,1297
cg04012797,0.09815372928417151,1297
cg06711259,0.09814924188513471,1297
cg17631972,0.09814216015014515,1297
cg00253379,0.09813755908082243,1297
cg21978924,0.0981336136448469,1297
cg19461383,0.09813255326190728,1297
cg00274965,0.0981317810759304,1297
cg10411590,0.09813164274799907,1297
cg16565901,0.09812967486434021,1297
cg03685710,0.09812664544242783,1297
cg04304338,0.09812508808114306,1297
cg22431093,0.09812354458970332,1297
cg21167612,0.09812304405812283,1297
cg02897974,0.09811588017727715,1297
cg26437842,0.09811587621894458,1297
cg12676702,0.09811436898098719,1297
cg00847857,0.0981139381221961,1297
cg16113156,0.09811272225628895,1297
cg13895322,0.09811108893175882,1297
cg00933696,0.0981110684542949,1297
cg23058998,0.09811060934600652,1297
cg01587682,0.09810460376136004,1297
cg09397542,0.09809651664128721,1297
cg09323806,0.09809601888131386,1297
cg00336700,0.09809565368139117,1297
cg08540622,0.09809487349533597,1297
cg16118539,0.09809014173857977,1297
cg02746340,0.0980852867120055,1297
cg10976772,0.0980826489583744,1297
cg13551535,0.0980815701696865,1297
cg26594335,0.09808075572773434,1297
cg16042212,0.09807590488186052,1297
cg15584989,0.09807487345696025,1297
cg15174117,0.09807371313032143,1297
cg10633479,0.09807327105247449,1297
cg04022561,0.09807237280446052,1297
cg18770446,0.09807195581028971,1297
cg06501366,0.09806989019377169,1297
cg24671734,0.0980686542386402,1297
cg00377344,0.09806795948690394,1297
cg00085434,0.09806715007971895,1297
cg20249327,0.09806642971898111,1297
cg27102141,0.09806194745938016,1297
cg02707799,0.09806130968344984,1297
cg25938025,0.09805930241346725,1297
cg07267782,0.09805874271146475,1297
cg19449919,0.09805412058867413,1297
cg23300486,0.09805345358228429,1297
cg00720047,0.09805218824401093,1297
cg19981828,0.09805053384252965,1297
cg23841470,0.09805034330711118,1297
cg24478096,0.09804987087979537,1297
cg06812795,0.0980472587685412,1297
cg27403098,0.09804498699227274,1297
cg17149911,0.09804448558444895,1297
cg07068045,0.09804411587517936,1297
cg09460231,0.09804216287492437,1297
cg10116443,0.09804200967125543,1297
cg21570811,0.09804031339877939,1297
cg13064897,0.09803888304092426,1297
cg11357746,0.09803699381737388,1297
cg08422793,0.09803565463457958,1297
cg22278033,0.09803548498179787,1297
cg13453168,0.09803479907978557,1297
cg19238824,0.09803407835721101,1297
cg19542753,0.09803334999301558,1297
cg08314208,0.09802580436741143,1297
cg05728019,0.09802522867331255,1297
cg17129918,0.09802482288138625,1297
cg02594677,0.09802417494270929,1297
cg09001226,0.09802123163616283,1297
cg12193731,0.09801936177357376,1297
cg14137381,0.09801903742056883,1297
cg13996522,0.09801857071800213,1297
cg22825473,0.09801722015747241,1297
cg21739934,0.0980166090506546,1297
cg01996116,0.09801496617092453,1297
cg14467794,0.09801412654591413,1297
cg17003260,0.09801273717052175,1297
cg01257780,0.09801178325490822,1297
cg11459266,0.0980112163346426,1297
cg13447820,0.09800998419596624,1297
cg11176472,0.0980076756783404,1297
cg25653816,0.09800508473879832,1297
cg24384195,0.09800496301230874,1297
cg14804181,0.0980045174829944,1297
cg23037321,0.09800217524646594,1297
cg14201424,0.09800204000590867,1297
cg14020052,0.09800186736828409,1297
cg13986272,0.09800123981282613,1297
cg17453460,0.09800118920275916,1297
cg16848712,0.09799865753099704,1297
cg15768901,0.09799621612394782,1297
cg10194729,0.09799176498023376,1297
cg13933262,0.09799057787272475,1297
cg03199564,0.09799047343081174,1297
cg25384897,0.0979901218797446,1297
cg24759795,0.09798896052694625,1297
cg15830431,0.09798806696407514,1297
cg02683759,0.09798793457294352,1297
cg14100362,0.09798661843111267,1297
cg20660269,0.09798649497980305,1297
cg19230787,0.09798273136719293,1297
cg23263937,0.09798181288764647,1297
cg17424007,0.09797778776088342,1297
cg10098888,0.09797550321154645,1297
cg01090834,0.09797515186167463,1297
cg09590068,0.09797339455173776,1297
cg10379687,0.09797334819879083,1297
cg25481253,0.0979726566062567,1297
cg17987112,0.09796943076335755,1297
cg12563935,0.09796766622988756,1297
cg13693143,0.09796691154183146,1297
cg20847035,0.09796231561088245,1297
cg13807254,0.09796155649978022,1297
cg22316614,0.09795983932786917,1297
cg21968515,0.09795611817140881,1297
cg16071219,0.09795509294331439,1297
cg02912476,0.09795267620841941,1297
cg09746992,0.0979460265052696,1297
cg12219325,0.09794362145365787,1297
cg03133735,0.09794097822526598,1297
cg05387269,0.0979402510994698,1297
cg17679619,0.09794023423083131,1297
cg24561419,0.09793901807856009,1297
cg09010067,0.09793867945762147,1297
cg21809927,0.09793567360982428,1297
cg00518190,0.09793347801223781,1297
cg24896053,0.09793236165248453,1297
cg11627582,0.09792895651278638,1297
cg11390741,0.09792644449969812,1297
cg00836482,0.0979256623682336,1297
cg13891768,0.09792543101043497,1297
cg07377994,0.09792503185509388,1297
cg04191427,0.09792302732664487,1297
cg15486123,0.09792290982805604,1297
cg03207666,0.09792183482894545,1297
cg03742950,0.0979201061558787,1297
cg19382919,0.09791447427890392,1297
cg12472603,0.09791348971977915,1297
cg01654566,0.09791228899288051,1297
cg18490614,0.09791177320761918,1297
cg02737554,0.09791154774159455,1297
cg02287007,0.09791109066828574,1297
cg09748960,0.09790826547681636,1297
cg24250588,0.0979043723123087,1297
cg20576162,0.09789925053625448,1297
cg11132534,0.09789872048785198,1297
cg27338466,0.09789859918019084,1297
cg15828613,0.09789692606592343,1297
cg01268383,0.0978968743258915,1297
cg14797147,0.0978964068848922,1297
cg19409060,0.09789506546687296,1297
cg25674027,0.09789478119343692,1297
cg18816122,0.09789437917821986,1297
cg15934004,0.09789324478481098,1297
cg27271937,0.0978932418850191,1297
cg23892192,0.09789323771305292,1297
cg19801921,0.09789289676523946,1297
cg01612247,0.09789235166490978,1297
cg02297709,0.09789212166528108,1297
cg08402963,0.09789061841145605,1297
cg20446143,0.09789017545100298,1297
cg23404330,0.09789006105442022,1297
cg14511677,0.09788859250607834,1297
cg19623418,0.09788819954524047,1297
cg26232553,0.09788763469753847,1297
cg10058204,0.09788728545184872,1297
cg12827530,0.09788720987934339,1297
cg16042259,0.09788669235735697,1297
cg20540235,0.09788483088201405,1297
cg11139878,0.09788477057492528,1297
cg23462772,0.09788411994365531,1297
cg02893180,0.09788278418989155,1297
cg24453604,0.09788082328817593,1297
cg11365440,0.09788081665242332,1297
cg06766860,0.09787927297203247,1297
cg25242988,0.09787888059435512,1297
cg00924052,0.09787822680967528,1297
cg13828610,0.09787612231834913,1297
cg17438636,0.09787605024748125,1297
cg03338209,0.0978725909322867,1297
cg00592643,0.09786829008493911,1297
cg21606036,0.09786364161448896,1297
cg25800765,0.09786319375712683,1297
cg10055501,0.09786165194731172,1297
cg04602284,0.097860785580896,1297
cg26303165,0.09785813436058124,1297
cg02582848,0.09785368117331755,1297
cg25535435,0.09785355545148114,1297
cg13299698,0.09785322726112691,1297
cg23934731,0.09785021400592815,1297
cg20616414,0.09784973208109057,1297
cg21706229,0.0978485243836103,1297
cg17759252,0.09784536137079003,1297
cg04024164,0.09784534434452391,1297
cg11294513,0.09784481871385059,1297
cg17374433,0.09784368707789201,1297
cg22851875,0.09784191332535075,1297
cg11416243,0.09784166907920257,1297
cg23090270,0.09783889528983875,1297
cg14882265,0.0978376191387691,1297
cg08473660,0.09783471045446068,1297
cg04197086,0.09783461704224172,1297
cg21418534,0.09783130849303767,1297
cg27063572,0.09783038955134399,1297
cg02452944,0.09782876937379864,1297
cg02599716,0.09782753938421593,1297
cg21624359,0.09782428355417935,1297
cg05499890,0.09782420630044592,1297
cg19609502,0.09782284598025622,1297
cg17251713,0.0978220205354162,1297
cg15206981,0.09782188400065478,1297
cg12451631,0.09782157350566453,1297
cg22659049,0.09781801070793811,1297
cg23499373,0.09781727743058283,1297
cg07729842,0.09781542367866566,1297
cg25432425,0.09781318856098709,1297
cg20438286,0.09780949119330756,1297
cg03075156,0.09780654975568656,1297
cg11354105,0.09780614773596807,1297
cg04456238,0.09780516220401733,1297
cg13096701,0.09780377541798524,1297
cg06596221,0.09780151260193162,1297
cg13453904,0.09780053642617566,1297
cg23208717,0.0977994550170877,1297
cg19369955,0.09779930027781086,1297
cg14253596,0.0977982777254271,1297
cg20268857,0.09779660212679497,1297
cg02945385,0.09779610082834267,1297
cg10169241,0.0977960784850388,1297
cg20921659,0.09779333414137215,1297
cg04228083,0.09778895451616043,1297
cg07844977,0.09778762044649561,1297
cg06005098,0.09778677428887217,1297
cg24268495,0.09778412099151546,1297
cg08857729,0.0977832813328084,1297
cg20821566,0.09777946071735183,1297
cg23539494,0.0977792317295848,1297
cg27303185,0.0977779991760398,1297
cg26754273,0.0977772223398331,1297
cg00767637,0.097772671360813,1297
cg26929547,0.09777226002771888,1297
cg02658690,0.09777136315586399,1297
cg24471073,0.09777043663960872,1297
cg09935388,0.09776527270624816,1297
cg03711485,0.09776413067791714,1297
cg01306747,0.0977630958806473,1297
cg21898046,0.09776264243317886,1297
cg24202448,0.09776006027518108,1297
cg01704474,0.09775876165967284,1297
cg06473941,0.09775719487626994,1297
cg15693299,0.09775302123785251,1297
cg11916729,0.0977496953781703,1297
cg10156302,0.09774963665224443,1297
cg02081006,0.09774830024917308,1297
cg06196314,0.09774780600211314,1297
cg11322797,0.09774779428458918,1297
cg14708514,0.09774735754527242,1297
cg22902505,0.09774675335373392,1297
cg09503596,0.09774502249412201,1297
cg06809252,0.09774350814177446,1297
cg24105081,0.09774242464102678,1297
cg14557787,0.09774208178572441,1297
cg17497608,0.09774143325753798,1297
cg14688905,0.09773579196102711,1297
cg18990313,0.09773525317713228,1297
cg12551557,0.09773369098452717,1297
cg03753813,0.09773237659743739,1297
cg08452671,0.09773097198392589,1297
cg10804254,0.09773095801089393,1297
cg00278517,0.09772081256495319,1297
cg13908805,0.09771939586664669,1297
cg11113066,0.09771935426850864,1297
cg13973086,0.09771627247835685,1297
cg22539420,0.0977114103887991,1297
cg08379738,0.09771005488645212,1297
cg14216734,0.09770616108311536,1297
cg12074150,0.09770452406716545,1297
cg16056272,0.09770050287688592,1297
cg08854834,0.09770041770274915,1297
cg06254440,0.09770001399986263,1297
cg01733284,0.09769816353036415,1297
cg21312148,0.09769807624807228,1297
cg09614653,0.09769511348474433,1297
cg19987129,0.09769105009156312,1297
cg20715438,0.09769092651031674,1297
cg00765233,0.09768762985524734,1297
cg17612681,0.09768724868968881,1297
cg13507224,0.0976865883678201,1297
cg06617418,0.09768622120566706,1297
cg20451986,0.09768528792512088,1297
cg17130457,0.09768514652964486,1297
cg23256675,0.09768429292075298,1297
cg14683380,0.09768345532560682,1297
cg18598117,0.09768199395343455,1297
cg03176971,0.09767862654762294,1297
cg12221318,0.09767844259575859,1297
cg19674166,0.09767795952316549,1297
cg04299200,0.09767780970431489,1297
cg11236727,0.09767306577319829,1297
cg17983776,0.09767290140997759,1297
cg12500731,0.09767218719698101,1297
cg22686854,0.09766972109929943,1297
cg21747271,0.09766564547903328,1297
cg04423493,0.09766507652318229,1297
cg18147605,0.09766358664305405,1297
cg03290871,0.09766219282439298,1297
cg12976081,0.09765947061061087,1297
cg04015962,0.09765780560318019,1297
cg03174407,0.09765495719888018,1297
cg04426607,0.09765447035589248,1297
cg19861741,0.09765390140981545,1297
cg06890747,0.09765193629358984,1297
cg23468002,0.09765168475370839,1297
cg20162240,0.09765153815348782,1297
cg12498801,0.09765134169378176,1297
cg08757862,0.09765081339557227,1297
cg20541870,0.09765080656535718,1297
cg01905690,0.09764918771864098,1297
cg13278353,0.09764222451807492,1297
cg22112000,0.09763881595284968,1297
cg13568106,0.09763749607393724,1297
cg26010877,0.09763562602632869,1297
cg02477603,0.09763551021708611,1297
cg00851518,0.09763318773678606,1297
cg16701848,0.09763294876384115,1297
cg20427318,0.09763116892313836,1297
cg01169396,0.09762995008453512,1297
cg02805665,0.09762599646300535,1297
cg07197059,0.09762539115683574,1297
cg18115040,0.09762296345254257,1297
cg16885600,0.09762137802494841,1297
cg10332649,0.09761843337639325,1297
cg04193143,0.09761830386965814,1297
cg15423764,0.09761317062700958,1297
cg26452081,0.09761223458538765,1297
cg17360338,0.09761153643734066,1297
cg24417135,0.09761116699168593,1297
cg18141622,0.09761107348663706,1297
cg18296189,0.09760970410260059,1297
cg15459780,0.09760152444374443,1297
cg20591728,0.09760099017046536,1297
cg19053239,0.09759817224973424,1297
cg02530022,0.09759644549057053,1297
cg04382783,0.09759641776326355,1297
cg09564361,0.09759221680736882,1297
cg12283393,0.097586411438147,1297
cg24783510,0.09758603963627505,1297
cg14073497,0.09758593426381112,1297
cg00931644,0.09758529775761673,1297
cg07500347,0.09758194717875734,1297
cg06667574,0.09758145856885334,1297
cg15534755,0.09758104721827404,1297
cg25500795,0.09758087028223464,1297
cg02283366,0.09758063356945987,1297
cg23166865,0.09758054916586754,1297
cg25950625,0.09758028276472762,1297
cg15556943,0.09757630024299387,1297
cg18091245,0.0975732379226214,1297
cg25211705,0.0975721603325797,1297
cg26561413,0.09757078608054809,1297
cg04800503,0.09757044088270306,1297
cg03745491,0.09756936744409989,1297
cg23239344,0.09756315450133307,1297
cg11128956,0.09756038155676258,1297
cg14133850,0.09755986154990215,1297
cg11743470,0.0975597984599163,1297
cg10616216,0.09755579856227459,1297
cg14260002,0.09755477423052467,1297
cg05950877,0.09755219787696878,1297
cg13935009,0.09754945050817038,1297
cg18712792,0.0975488578301559,1297
cg14417329,0.09754653585770362,1297
cg18486815,0.09754468972629163,1297
cg08241360,0.09754189836490185,1297
cg16310415,0.09753924399221864,1297
cg26864826,0.09753745499402597,1297
cg15579696,0.09753377974511204,1297
cg12602405,0.09753141193883397,1297
cg22830202,0.09752666475058042,1297
cg08663890,0.09752465760424489,1297
cg17749454,0.09752324685251212,1297
cg13685129,0.09751622329510745,1297
cg26328335,0.09751612719341812,1297
cg15593269,0.09751558242824143,1297
cg10712578,0.09751545663201872,1297
cg03573679,0.0975145239187376,1297
cg08328777,0.09751233256585236,1297
cg03077671,0.09750696148589244,1297
cg18471993,0.09750669584780192,1297
cg09802835,0.09750569423801991,1297
cg15594444,0.0975050029756776,1297
cg11747462,0.09750360078872533,1297
cg00499837,0.09750246420913822,1297
cg26090107,0.09750066449662531,1297
cg19695507,0.09749559756397783,1297
cg06173663,0.09749542371504022,1297
cg01438365,0.09749405344893386,1297
cg12250761,0.09749297673903112,1297
cg11418607,0.09749176125065012,1297
cg25967031,0.09749110074738576,1297
cg08288130,0.09748979593844265,1297
cg21291759,0.09748790947022135,1297
cg17526229,0.0974870857256139,1297
cg01357846,0.09748361341775028,1297
cg27631597,0.09747894188528994,1297
cg09868780,0.09747867418311004,1297
cg27077985,0.09747723824223475,1297
cg01754267,0.09747571905243307,1297
cg03866192,0.09747570250692363,1297
cg17058383,0.09747550149878123,1297
cg22958403,0.09747343591492466,1297
cg23806894,0.09746898382636163,1297
cg21749794,0.09746857150132646,1297
cg19529732,0.09746851016697694,1297
cg26107890,0.09746676716331583,1297
cg04039555,0.09746554491651414,1297
cg16590821,0.09746456336770276,1297
cg03718241,0.0974596714307342,1297
cg24730892,0.09745762503518246,1297
cg13176012,0.09745389430047752,1297
cg15616358,0.09745244783630352,1297
cg07371589,0.0974512724279809,1297
cg03476864,0.09745031336710175,1297
cg02580005,0.0974497654332716,1297
cg26740341,0.0974487235880977,1297
cg23719157,0.09744774978245868,1297
cg02483204,0.09744269868738828,1297
cg09825979,0.09744235829545311,1297
cg21502250,0.09744204044577079,1297
cg21051972,0.09744178352469687,1297
cg22369879,0.09744030978834803,1297
cg19717326,0.09743927992505272,1297
cg24980653,0.09743741737257688,1297
cg03510186,0.09743078680058587,1297
cg25556122,0.0974279694930372,1297
cg18774692,0.09742255078081735,1297
cg22656521,0.09742119861926052,1297
cg25900280,0.09741949870098032,1297
cg03936663,0.09741912134592506,1297
cg17697739,0.09741769012282608,1297
cg05477405,0.09741629033879534,1297
cg06223834,0.09741336985246113,1297
cg09115473,0.09741178784771697,1297
cg23854567,0.09741031916463949,1297
cg18560152,0.09741013252340958,1297
cg17131377,0.0974092220122319,1297
cg27137084,0.09740878970294936,1297
cg14729184,0.09740385313783312,1297
cg27391357,0.0973972140422455,1297
cg26562691,0.09739436180468031,1297
cg01409343,0.09739405901048132,1297
cg12749863,0.09739394135080671,1297
cg17819635,0.09738637589043198,1297
cg03294833,0.09738189601203867,1297
cg02737268,0.0973769424686543,1297
cg02776659,0.09737425885385635,1297
cg11662345,0.0973680220375564,1297
cg26433975,0.09736801678046725,1297
cg20685233,0.09736735229993188,1297
cg22576976,0.09736651758027487,1297
cg13692543,0.0973653822047576,1297
cg02909688,0.09736268161439902,1297
cg06316886,0.09736036838530765,1297
cg25906442,0.09735876148042043,1297
cg02916332,0.09735820459107497,1297
cg09629753,0.09735769882123002,1297
cg22249789,0.09735689055351651,1297
cg05658107,0.0973567837565048,1297
cg15414930,0.09735490205727987,1297
cg08506869,0.09735041017008625,1297
cg24110052,0.09734964947239141,1297
cg26572770,0.0973444171759405,1297
cg24593832,0.09733830032849519,1297
cg18188739,0.09733663814264645,1297
cg24051554,0.09733611537197212,1297
cg14084907,0.09733496984979187,1297
cg00323305,0.09733158159089494,1297
cg23024136,0.0973310959495634,1297
cg00580562,0.09732879242063078,1297
cg08806632,0.0973281731703814,1297
cg19610529,0.09731892410886336,1297
cg22304519,0.09731841206514541,1297
cg24550112,0.09731021769381396,1297
cg03422446,0.09730760949087663,1297
cg22185879,0.09730645740180255,1297
cg15672437,0.09730508468013717,1297
cg00514575,0.09730312306550096,1297
cg25520910,0.09730037375849493,1297
cg01450803,0.09729620058787697,1297
cg26782833,0.09729456147775062,1297
cg07620562,0.09729354958368913,1297
cg08478151,0.09729206223759884,1297
cg03043127,0.09729206151364242,1297
cg27123464,0.09729183297852798,1297
cg24689895,0.09729003363636701,1297
cg23079252,0.09728925867533231,1297
cg10140454,0.09728836262608614,1297
cg11517269,0.09728752152955725,1297
cg01234610,0.09728623981780976,1297
cg00698204,0.09728442310042457,1297
cg18030133,0.09728217085982349,1297
cg24232378,0.09728078807468943,1297
cg17422915,0.09727984655733829,1297
cg00921237,0.09727769578004453,1297
cg12769118,0.09727670204220654,1297
cg26014634,0.09727632974471642,1297
cg02129962,0.09727484958676758,1297
cg02270952,0.09727338416840473,1297
cg05491166,0.09727328446930605,1297
cg01853561,0.09727120690651277,1297
cg13789303,0.09727011715577669,1297
cg21006539,0.09726368574669214,1297
cg07062336,0.09726295631305976,1297
cg13485564,0.09726288165283059,1297
cg17696044,0.09726241310481454,1297
cg21712377,0.09726152596797533,1297
cg11050612,0.09726007928257019,1297
cg03200166,0.09725935314034082,1297
cg02774129,0.09725855567336009,1297
cg10828127,0.09725728925547261,1297
cg06624056,0.0972550417850701,1297
cg23019886,0.09725460395564231,1297
cg10622644,0.09725073696526146,1297
cg22109795,0.09725046467389092,1297
cg04340203,0.09725024763695728,1297
cg02611419,0.0972450254353508,1297
cg19401033,0.09724485127507108,1297
cg12526923,0.09723973773924327,1297
cg00737571,0.09723968850111306,1297
cg21907579,0.097237702478634,1297
cg25023095,0.09723664479296079,1297
cg05494467,0.09723314760555163,1297
cg17884856,0.09723104284533135,1297
cg14078100,0.09722955236587161,1297
cg22642485,0.09722506223867064,1297
cg07937925,0.09722471333497731,1297
cg14882311,0.09722464648993273,1297
cg09939549,0.09722257561359404,1297
cg16483840,0.09721998031312146,1297
cg23379806,0.09721981204566676,1297
cg01114088,0.09721760549231209,1297
cg13633964,0.09721733014898792,1297
cg11954332,0.09721684856474166,1297
cg21452006,0.09721656003914653,1297
cg15569052,0.09721068055931456,1297
cg00025647,0.09720501338178547,1297
cg07517739,0.09720259207516374,1297
cg06138714,0.09720237873083054,1297
cg25123362,0.09720034995910143,1297
cg08718490,0.09719830437688277,1297
cg26715042,0.09719797499036227,1297
cg21207403,0.09719772634864582,1297
cg05931423,0.09719641456387601,1297
cg07363137,0.09719625818653649,1297
cg07906299,0.09719608906364852,1297
cg08218944,0.0971952589364824,1297
cg00772192,0.09719384460243691,1297
cg03611057,0.09719212200693228,1297
cg01440489,0.09719064192525328,1297
cg10665321,0.09718930591480432,1297
cg13420744,0.09718897217034689,1297
cg03221390,0.0971883397878629,1297
cg24620905,0.09718611611583539,1297
cg09290705,0.09718278525547944,1297
cg17658634,0.09718008406566461,1297
cg18045685,0.09717959050451522,1297
cg03053579,0.09717938005178398,1297
cg03284866,0.09717767297110735,1297
cg12603560,0.09717382672496361,1297
cg19470379,0.0971717455225812,1297
cg00445443,0.0971711048455384,1297
cg10783294,0.0971706486494478,1297
cg24315973,0.09717056697616253,1297
cg01643997,0.09717055273681574,1297
cg14533068,0.09716813883704983,1297
cg15717840,0.09716779057938718,1297
cg06145336,0.09716738349319848,1297
cg16556145,0.09716215365439367,1297
cg15442737,0.0971617115414952,1297
cg06357748,0.09715815046787629,1297
cg00907810,0.09715725697686711,1297
cg01679682,0.0971566954262405,1297
cg05266497,0.09715403912053006,1297
cg15073784,0.0971536404570936,1297
cg05335944,0.09715253441393495,1297
cg08098128,0.09715234645509946,1297
cg19926144,0.09715208265037056,1297
cg08117745,0.09714792977210507,1297
cg01426303,0.09714782509743691,1297
cg16937268,0.09714641238383401,1297
cg07373578,0.09714270595351415,1297
cg07363270,0.09714203441637184,1297
cg11471802,0.09714179275350965,1297
cg03563083,0.09713786846473255,1297
cg27344587,0.09713553752075771,1297
cg06721393,0.09713350417978053,1297
cg02178763,0.09713267526692455,1297
cg26051413,0.09713175353988299,1297
cg09307794,0.09713135906690337,1297
cg04895288,0.09713119098934775,1297
cg15346842,0.09713005570283637,1297
cg06360976,0.09712881185550776,1297
cg08834902,0.09712584897857957,1297
cg18034737,0.09712540844743578,1297
cg10721834,0.09712313759179758,1297
cg04105511,0.09712252653889131,1297
cg07846400,0.0971203295190865,1297
cg12686055,0.0971198072982084,1297
cg17443359,0.09711772548276787,1297
cg06972903,0.09711621855349625,1297
cg13574488,0.09711328537147196,1297
cg06369992,0.0971126839225252,1297
cg00826640,0.09711268065478723,1297
cg11986813,0.09710656322443777,1297
cg25503999,0.09710418982363422,1297
cg27624684,0.0971037519597725,1297
cg24073042,0.09710238578552927,1297
cg04208329,0.09710197261970407,1297
cg04511041,0.0971005159812599,1297
cg09013220,0.09709951218378415,1297
cg09038266,0.09709560192240302,1297
cg09900436,0.09709441376352759,1297
cg08357627,0.09709319074286255,1297
cg02232208,0.09709175362434606,1297
cg11046772,0.0970889914641665,1297
cg20359042,0.09708874341790391,1297
cg00232402,0.09708357351837657,1297
cg04889800,0.09708179684731177,1297
cg22772747,0.09707906193814109,1297
cg06108383,0.09707759528966722,1297
cg20867963,0.09707570773672985,1297
cg11523350,0.09707480402741414,1297
cg00577560,0.09707264645106334,1297
cg06893139,0.0970724747342257,1297
cg08167951,0.09707142821208126,1297
cg22497907,0.09707140624504956,1297
cg14364186,0.09706718329711053,1297
cg16761754,0.09706467213966147,1297
cg13733615,0.09706098759478177,1297
cg13092405,0.0970604305361577,1297
cg17642369,0.09706026808713827,1297
cg15635633,0.09705852948379334,1297
cg06332304,0.09705725192537357,1297
cg27368606,0.09705704780722108,1297
cg18707191,0.09705679414113896,1297
cg25927444,0.09705649369894706,1297
cg03625109,0.09705538048195471,1297
cg21606928,0.09705537173118939,1297
cg26986629,0.09705528509253519,1297
cg06740893,0.09705441650379931,1297
cg26635219,0.0970531545758295,1297
cg18566515,0.09705140152778008,1297
cg26131026,0.09704756566597206,1297
cg22210145,0.09704562848959752,1297
cg03934354,0.09704562722414717,1297
cg26678765,0.09704554454199821,1297
cg05103917,0.09704247899387303,1297
cg05342782,0.09704089657101111,1297
cg18658556,0.0970401877086563,1297
cg21808635,0.09703979713944277,1297
cg21251385,0.09703824758104564,1297
cg04166294,0.09703692502731481,1297
cg20418529,0.09703674748844887,1297
cg16883063,0.09703651228419197,1297
cg14759494,0.09703511051251307,1297
cg17601191,0.09702873925938149,1297
cg23067317,0.09702682922615714,1297
cg19358195,0.09702556177272817,1297
cg00995986,0.09702448027038953,1297
cg11685391,0.09702446595775033,1297
cg25014026,0.09702051628789574,1297
cg25101863,0.09701749407177962,1297
cg17978548,0.09701605340344624,1297
cg27387888,0.09701304274954525,1297
cg01488770,0.09701158465518972,1297
cg14765933,0.09701141581595776,1297
cg08779649,0.09700815533042523,1297
cg04122918,0.09700671388709431,1297
cg19108747,0.09700627807596185,1297
cg26345613,0.09700113512137643,1297
cg10549986,0.09699890196800631,1297
cg19981568,0.09699847792292228,1297
cg24480012,0.09699764234262237,1297
cg03780701,0.09699694529610489,1297
cg07811198,0.0969953219487064,1297
cg08429705,0.09699528384632566,1297
cg08350288,0.09699121085262388,1297
cg22894301,0.09699112420730821,1297
cg05968010,0.09699103204372833,1297
cg25593159,0.09699096237441185,1297
cg06481431,0.09698964490466244,1297
cg04098547,0.09698952815037898,1297
cg13736514,0.09698653021380527,1297
cg06276663,0.09698536221803997,1297
cg15531249,0.09698471485506599,1297
cg07694864,0.09698444725099192,1297
cg26328924,0.0969842051681869,1297
cg20454002,0.09698393266138833,1297
cg19660531,0.0969820214241548,1297
cg02352240,0.0969812471372758,1297
cg08217716,0.09698079369770926,1297
cg07310500,0.0969790998966818,1297
cg12730047,0.09697834702480243,1297
cg01792430,0.09697673836810183,1297
cg04440551,0.09697450002637933,1297
cg19172487,0.09696350617325311,1297
cg07959477,0.09696167795105232,1297
cg23517208,0.09695947620160633,1297
cg22115076,0.09695929305734388,1297
cg26406074,0.09695766514262774,1297
cg11172629,0.09695459342363028,1297
cg02551743,0.096954179780609,1297
cg09134876,0.09695402457184174,1297
cg18173058,0.09695347064218765,1297
cg07197230,0.09695273701104681,1297
cg02351655,0.09695246054052797,1297
cg20636352,0.09695230687381443,1297
cg27255239,0.09695185152027161,1297
cg19814934,0.09694923252932053,1297
cg08200851,0.09693970556261683,1297
cg00584026,0.09693795168307545,1297
cg01323148,0.09693579378909914,1297
cg12060499,0.09693536740977393,1297
cg18861767,0.09693469568478208,1297
cg10888461,0.0969345620908793,1297
cg14972210,0.09693023511409049,1297
cg12002589,0.09693015002647393,1297
cg06900355,0.0969292925698984,1297
cg02002258,0.0969274246401407,1297
cg13081009,0.09692658708295099,1297
cg12077664,0.0969262669301926,1297
cg07489413,0.09692315373616667,1297
cg01708273,0.09692066196238347,1297
cg20459037,0.09692020535638951,1297
cg01186595,0.09691738814271988,1297
cg02370232,0.09691550851033798,1297
cg21474786,0.09691447103598508,1297
cg16450309,0.09691400631370872,1297
cg24299136,0.09691294658646021,1297
cg12516875,0.09691258838334965,1297
cg27396192,0.0969104624587167,1297
cg06811300,0.09690995283881093,1297
cg18732172,0.09690875620990205,1297
cg09954385,0.09690790170453428,1297
cg21291134,0.0969075854743007,1297
cg02431531,0.09690744573439838,1297
cg19268119,0.09690553057226198,1297
cg03331695,0.09690451407673312,1297
cg18188328,0.09689499034933918,1297
cg26551026,0.09689260993614007,1297
cg26505691,0.09689237846171872,1297
cg27357918,0.0968916566690679,1297
cg16292132,0.09688885537954986,1297
cg04909854,0.09688657724262784,1297
cg15751452,0.0968849411451425,1297
cg07463197,0.09688041218127263,1297
cg26370729,0.09687965597572912,1297
cg00491523,0.09687771473711851,1297
cg01993111,0.0968768767426817,1297
cg26514961,0.09687684331040142,1297
cg18581405,0.09687578648502321,1297
cg20402284,0.09687209773633326,1297
cg16009877,0.09687190015485125,1297
cg00583861,0.09687101795098824,1297
cg27141889,0.09686855488531093,1297
cg00668515,0.0968663801527388,1297
cg04415798,0.09686422101858289,1297
cg10802509,0.09685960227153295,1297
cg10420310,0.09685857385385546,1297
cg04907595,0.09685699616710702,1297
cg09074223,0.09685481254171008,1297
cg26149678,0.09685464566857205,1297
cg00721572,0.0968526935989766,1297
cg12348588,0.09685228785757156,1297
cg09968723,0.09685186542867567,1297
cg07048608,0.0968495987919325,1297
cg09335712,0.09684915254473975,1297
cg07143470,0.09684810565323158,1297
cg16274221,0.0968475291310893,1297
cg10066186,0.09684631346790856,1297
cg26523478,0.0968460625622547,1297
cg06970451,0.09684530043436262,1297
cg14566901,0.09684369614043842,1297
cg23681599,0.09684321525093431,1297
cg03781731,0.09684003058968083,1297
cg08672919,0.09683844731925381,1297
cg13799933,0.0968374907425893,1297
cg07608333,0.09683666597404039,1297
cg10613224,0.09683480512618,1297
cg24676384,0.09683287996696793,1297
cg16096176,0.09683155266790727,1297
cg25503381,0.096831440940429,1297
cg08587775,0.09682832550612172,1297
cg01530101,0.09682784503479508,1297
cg20798249,0.09682740373935794,1297
cg08999742,0.09682483657764712,1297
cg21829923,0.09682361124542849,1297
cg05676622,0.09682299282891366,1297
cg05032957,0.09682201463490236,1297
cg12311002,0.0968209967304744,1297
cg24951893,0.09681978420101828,1297
cg19228034,0.09681858001823265,1297
cg21299542,0.09681595715488805,1297
cg02636041,0.09681512024729375,1297
cg03671371,0.09681496816271198,1297
cg02962944,0.0968134647570732,1297
cg21953891,0.09681250549249282,1297
cg01558212,0.09681149230811041,1297
cg21584518,0.09680937522607325,1297
cg06086177,0.09680820173256621,1297
cg22542373,0.09680791268552627,1297
cg24643105,0.09680651736463824,1297
cg23864180,0.0968042759596287,1297
cg01232969,0.09680395243516146,1297
cg16505233,0.09680188723328825,1297
cg19498960,0.09680131696510097,1297
cg24724832,0.0967982795006147,1297
cg20062116,0.09679815438511935,1297
cg22705959,0.09679756041626131,1297
cg02478603,0.09679741349822796,1297
cg05238917,0.09679702075069127,1297
cg16658931,0.09679610897377272,1297
cg14206523,0.09679476674068624,1297
cg00003625,0.09679187911410458,1297
cg00216138,0.09679079115466441,1297
cg14315334,0.09679056769848865,1297
cg14069619,0.09678999122826598,1297
cg18567041,0.0967877470123096,1297
cg12718519,0.09678752217100525,1297
cg26327666,0.09678696388854077,1297
cg17090600,0.09678455628097077,1297
cg16215422,0.09678066352745587,1297
cg18997075,0.09677509094395104,1297
cg12881363,0.09677482102753426,1297
cg27099726,0.0967733684152643,1297
cg19211851,0.09677250988656222,1297
cg14535980,0.09677099249995944,1297
cg16635948,0.09677079037227254,1297
cg13117164,0.0967701088163605,1297
cg15720535,0.09676996828706236,1297
cg11334165,0.09676740333863551,1297
cg15372603,0.09676585455989425,1297
cg25476565,0.09676577894745486,1297
cg05533210,0.09676481925235181,1297
cg02963266,0.09676466774790973,1297
cg06836948,0.0967632777463546,1297
cg03598313,0.09676319717281356,1297
cg00731232,0.09675967844255548,1297
cg08363684,0.09675920177767638,1297
cg26730347,0.09675697240222714,1297
cg05137386,0.09675464743347478,1297
cg06185532,0.09675302795022217,1297
cg00107772,0.09675042206655822,1297
cg11810370,0.09674983773275991,1297
cg08198228,0.09674937226725566,1297
cg10254167,0.09674888932293763,1297
cg16144864,0.09674718445215114,1297
cg16415819,0.0967461829714226,1297
cg18759732,0.09674522707710118,1297
cg04623837,0.09674401373378763,1297
cg13755873,0.09674178911789308,1297
cg07917546,0.09674177093009906,1297
cg26980954,0.09674173860667953,1297
cg10442355,0.09673632746095615,1297
cg16242770,0.09673472944478934,1297
cg14165660,0.09673417364004566,1297
cg00627045,0.09673246209750008,1297
cg25813936,0.09672914375040664,1297
cg07581811,0.09672755280091738,1297
cg25810999,0.09672666561784699,1297
cg22812280,0.09672317368897598,1297
cg22336806,0.09672219636527413,1297
cg13962347,0.09672218915872666,1297
cg17935297,0.09672215409005924,1297
cg05813818,0.09672121085140378,1297
cg08586366,0.09671826860472899,1297
cg26924392,0.09671785569294211,1297
cg25339566,0.09671706497559313,1297
cg13609645,0.09671185459174425,1297
cg01794103,0.09671046577103196,1297
cg15415452,0.0967089667890163,1297
cg27470087,0.09670546271340552,1297
cg04893119,0.09670371546788348,1297
cg18181787,0.09670364646742774,1297
cg20633941,0.0967019945975392,1297
cg14775296,0.09670070568138789,1297
cg26254345,0.0966989307431676,1297
cg23198558,0.09669603430600743,1297
cg08201451,0.09669532688220894,1297
cg04686230,0.09668718647582503,1297
cg10387579,0.09668584142242309,1297
cg05091570,0.09668539547128016,1297
cg26311782,0.0966852520303706,1297
cg27544673,0.09668373298381083,1297
cg12309653,0.09667987245451515,1297
cg11538641,0.09667711606522739,1297
cg06637774,0.09667707772044437,1297
cg14203721,0.09667697899702454,1297
cg11202686,0.0966755994761073,1297
cg16618104,0.09667536370749014,1297
cg00041575,0.096674633904663,1297
cg22020558,0.09667282793180255,1297
cg11284147,0.0966725819523403,1297
cg14613540,0.09667074232792375,1297
cg14082893,0.09667061145445363,1297
cg23391090,0.0966702722704979,1297
cg23078268,0.09666717507739707,1297
cg14078714,0.09666689580165602,1297
cg02063846,0.09666619811961374,1297
cg20578612,0.09666555385080622,1297
cg19780563,0.09666521560474556,1297
cg21143441,0.0966640917342502,1297
cg20052079,0.09666041209378443,1297
cg20065463,0.09666025267591266,1297
cg27013947,0.0966589143791578,1297
cg00084770,0.09665608711565343,1297
cg27271738,0.0966554202581591,1297
cg18922994,0.09665507663337763,1297
cg25280720,0.09665081493100713,1297
cg05514256,0.09664877136714295,1297
cg07253384,0.09664807640516476,1297
cg23809813,0.09664743860408703,1297
cg24302133,0.09664581134038114,1297
cg06902698,0.09664427676217123,1297
cg26120971,0.09664424288197973,1297
cg16561266,0.09664415406361149,1297
cg23738760,0.09664355840400041,1297
cg04515533,0.09664238329377295,1297
cg00130710,0.0966404408739231,1297
cg21040094,0.09663858503730077,1297
cg26709988,0.09663708639986013,1297
cg06951626,0.09663653775196282,1297
cg22388260,0.09662912243610637,1297
cg02669055,0.09662774389765527,1297
cg04003264,0.09662597887714808,1297
cg00147172,0.09662589593411888,1297
cg21361094,0.09662538277974381,1297
cg00594129,0.09662482531460323,1297
cg22589161,0.09662301859343073,1297
cg12324144,0.09662247806854837,1297
cg10654373,0.09661925658241088,1297
cg03796943,0.09661872408711736,1297
cg19213744,0.09661815998236706,1297
cg10043155,0.09661792242389855,1297
cg23924222,0.09661371484541181,1297
cg24561952,0.09661053765974109,1297
cg15567340,0.09660815165538836,1297
cg05230834,0.09660587163206918,1297
cg11092487,0.09660462485635707,1297
cg26818197,0.09660439590628639,1297
cg05979170,0.096600700933343,1297
cg04297995,0.09660041808936731,1297
cg01567509,0.09660002636092069,1297
cg00425843,0.09659918450545929,1297
cg19779166,0.09659823895959638,1297
cg17860198,0.09659563912856325,1297
cg02944021,0.09659534613599285,1297
cg16726039,0.09659128878408269,1297
cg10147797,0.09659115426479772,1297
cg06852942,0.09658912890936039,1297
cg26942432,0.09657777894607256,1297
cg00693060,0.09657618071319946,1297
cg12727398,0.09657521607909925,1297
cg15649384,0.09657362302928668,1297
cg04804542,0.09657338527704162,1297
cg03240301,0.09657251184277982,1297
cg24686918,0.09657061718372524,1297
cg06078892,0.09656978238189085,1297
cg01161811,0.09656972665731284,1297
cg01776229,0.09656899483104278,1297
cg00448868,0.09656890592895007,1297
cg24884703,0.09656890449610844,1297
cg20748533,0.09656847237622662,1297
cg00332153,0.09656730751753156,1297
cg27566842,0.09656699682334136,1297
cg14521421,0.09656082730940693,1297
cg17578639,0.09655930688383124,1297
cg22793129,0.09655807184623061,1297
cg05956608,0.09655383790529629,1297
cg00963378,0.09655340169301443,1297
cg00860354,0.09655335881536423,1297
cg04458924,0.09655326545854115,1297
cg00310968,0.0965509895796128,1297
cg03296248,0.09654785764982038,1297
cg19376664,0.09654593685797097,1297
cg27304020,0.09654326510560127,1297
cg02442900,0.09654278595263194,1297
cg08882341,0.09654182666248054,1297
cg10374084,0.096541206172652,1297
cg18404374,0.09653704542028135,1297
cg26675485,0.0965363288511728,1297
cg13021192,0.09653297841166836,1297
cg11823235,0.09653233817138202,1297
cg20756891,0.09652898532695442,1297
cg15844191,0.09652675009521774,1297
cg00461650,0.09652310296925723,1297
cg10672681,0.09652256652520651,1297
cg25119415,0.09652218960699305,1297
cg03163783,0.0965208575862096,1297
cg23725323,0.09651983930841235,1297
cg16488021,0.0965160272581623,1297
cg01973695,0.09651546927358051,1297
cg10427452,0.09651073782685007,1297
cg03480337,0.0965097528842574,1297
cg05239225,0.09650728222112537,1297
cg18161890,0.09650643108992327,1297
cg00849854,0.09650613437542283,1297
cg16470716,0.0965033162443644,1297
cg16283208,0.09650226487069988,1297
cg17211761,0.09650223675397054,1297
cg09412707,0.0964997462439684,1297
cg04009441,0.09649391947875799,1297
cg14040131,0.09649120341274431,1297
cg18969232,0.09648947469521327,1297
cg05627365,0.09648613891533775,1297
cg08718098,0.09648501221880934,1297
cg05288172,0.09648416660970599,1297
cg09054518,0.09648121853858471,1297
cg07742842,0.0964773072921975,1297
cg23959798,0.09647682079601894,1297
cg18635361,0.09647635598457327,1297
cg15852446,0.0964761762469078,1297
cg09981407,0.0964758063536541,1297
cg01285926,0.09647361805276511,1297
cg09390241,0.09647243395746075,1297
cg06201680,0.09647135210657534,1297
cg25839877,0.0964695996096582,1297
cg14468692,0.0964689608968688,1297
cg26349474,0.09646771498270557,1297
cg00689651,0.09646758744010626,1297
cg17723206,0.09646733772279331,1297
cg20286236,0.09646579585787762,1297
cg04514308,0.09646524185242189,1297
cg16498913,0.09646272361424049,1297
cg20172636,0.09646103943279882,1297
cg21647227,0.09646005788926117,1297
cg27317439,0.09645932028481499,1297
cg10147462,0.09645917969891515,1297
cg18662228,0.09645870575664067,1297
cg09969528,0.09645256852950856,1297
cg24886257,0.09645190079495602,1297
cg11784298,0.09645165019800939,1297
cg03943218,0.09645046251980258,1297
cg19108881,0.09644568458354824,1297
cg13023623,0.09644280047740818,1297
cg25518276,0.09644275360479726,1297
cg05798318,0.09643783487671662,1297
cg13909661,0.09643584246313663,1297
cg09520414,0.09643335054491459,1297
cg14159672,0.09643071531759162,1297
cg02836478,0.09643010658580695,1297
cg11479380,0.09642984650762829,1297
cg21482174,0.09642972740560346,1297
cg05982160,0.09642714436750505,1297
cg00036137,0.09642627480455918,1297
cg01129641,0.09642619805755803,1297
cg07290269,0.09642534128739477,1297
cg03512511,0.09642393469520921,1297
cg16398051,0.09642379450981631,1297
cg25628701,0.09642375726252583,1297
cg04880091,0.09641924414489916,1297
cg22789318,0.09641843470025968,1297
cg13191352,0.09641834352365605,1297
cg03190513,0.09641658837376621,1297
cg19924619,0.09641414726546052,1297
cg12874792,0.09641322061159857,1297
cg17202013,0.09640784131433008,1297
cg02280532,0.09640769187403087,1297
cg15909132,0.09640664217454176,1297
cg05715492,0.09640509286755718,1297
cg15165122,0.09640418244085291,1297
cg13069385,0.09640227288667808,1297
cg21421270,0.09640043779456897,1297
cg26611765,0.09639953238469606,1297
cg11394600,0.09639953072443076,1297
cg05877497,0.0963978959163234,1297
cg01821635,0.09639738106504223,1297
cg08846079,0.09639682549766018,1297
cg27175943,0.0963957202711081,1297
cg22214889,0.09639427260698691,1297
cg08224563,0.09638914059756121,1297
cg26289436,0.09638888762414038,1297
cg03479065,0.09638867877076296,1297
cg01286133,0.09638717578006978,1297
cg03181524,0.09638498942689555,1297
cg05473804,0.09638448435964311,1297
cg07150062,0.09638270397328633,1297
cg20116199,0.09637976420149316,1297
cg13502125,0.09637958149411163,1297
cg26643476,0.0963760081803135,1297
cg01201932,0.09637524355448898,1297
cg04173586,0.09637504556559495,1297
cg04564000,0.09637401891137751,1297
cg24434800,0.09637378480475658,1297
cg08730743,0.09637370730194994,1297
cg19509311,0.09637353039584731,1297
cg09854003,0.09637297770564815,1297
cg09902130,0.09637276507236386,1297
cg00424353,0.09637117133640677,1297
cg07587639,0.09636834028345742,1297
cg01876176,0.09636801392078986,1297
cg04517524,0.09636570284755402,1297
cg05706898,0.09636563527602118,1297
cg17861230,0.0963623564468547,1297
cg14652131,0.09635960556632239,1297
cg21805118,0.0963568324223884,1297
cg03250947,0.09635406415615694,1297
cg20916535,0.09634912424244749,1297
cg13966843,0.09634467796070884,1297
cg03507641,0.09633973610451796,1297
cg23413809,0.09633725119607431,1297
cg10192893,0.09633537966528924,1297
cg03194442,0.09633536257773065,1297
cg25879102,0.09633472445819574,1297
cg04843935,0.09633357663687861,1297
cg11869499,0.09633128210414516,1297
cg06493963,0.09633096899206639,1297
cg03804083,0.09633062562922601,1297
cg00831222,0.09632967284022789,1297
cg12118246,0.09632949083248182,1297
cg15811427,0.0963276569103062,1297
cg09978353,0.09632713081137678,1297
cg00937286,0.0963266831437668,1297
cg08082810,0.09632474385417716,1297
cg19927885,0.09632471388249345,1297
cg20811857,0.09632280890324724,1297
cg02583618,0.09632086565947762,1297
cg11274778,0.09632065017561506,1297
cg16361302,0.09631711581517838,1297
cg10418162,0.0963165510163324,1297
cg26548883,0.09631445738500471,1297
cg02689640,0.0963109846508659,1297
cg26120787,0.09630987686975634,1297
cg16443014,0.09630381225457069,1297
cg14781189,0.0963035763830599,1297
cg20149022,0.0963026813179329,1297
cg12221580,0.09630238282172537,1297
cg17518965,0.09630078839564413,1297
cg03822198,0.09630042320511945,1297
cg03364108,0.09629853408733391,1297
cg26340968,0.09629759738758599,1297
cg01739725,0.09629313496546758,1297
cg12114200,0.09629299486331866,1297
cg19402991,0.09629218557810437,1297
cg06829686,0.09629203216512486,1297
cg22608082,0.09628567073270905,1297
cg02657245,0.09628508403451524,1297
cg10828660,0.09628426462087651,1297
cg25192717,0.09628285953288226,1297
cg26114124,0.09628033954995782,1297
cg10414350,0.09627990544953416,1297
cg17436460,0.09627942631266223,1297
cg09596958,0.09627776572765877,1297
cg18029167,0.09627589902222039,1297
cg07532405,0.09627119714067733,1297
cg23021796,0.09627097203322571,1297
cg12798524,0.09627004273871292,1297
cg08645670,0.09626820851456341,1297
cg01351315,0.09626784270659211,1297
cg07363212,0.09626608808125359,1297
cg02081266,0.09626598371954515,1297
cg24246628,0.09626442726865722,1297
cg09868598,0.09626051103749372,1297
cg24347498,0.0962598642298397,1297
cg10969919,0.09625729765589708,1297
cg20026673,0.09625636711286462,1297
cg11796181,0.09625551766830492,1297
cg18674643,0.09625318825751572,1297
cg16793394,0.09625136791613104,1297
cg07635485,0.09625071672190794,1297
cg13432087,0.09625013909858582,1297
cg01539510,0.09624950307619495,1297
cg19990651,0.09624837148559237,1297
cg23568643,0.09624757983910692,1297
cg01862641,0.09624725563102848,1297
cg21920221,0.09624691325803758,1297
cg08732352,0.09624243579794117,1297
cg01594260,0.09623962424242608,1297
cg11275049,0.09623881375405191,1297
cg00506198,0.09622967222113765,1297
cg22264616,0.09622641056011222,1297
cg05027549,0.09622583973993604,1297
cg24822602,0.09621928673826075,1297
cg22715837,0.09621739573206019,1297
cg22436753,0.09621559772507379,1297
cg23193613,0.09621498105170156,1297
cg10399005,0.09621393053882832,1297
cg14220777,0.09621387471504605,1297
cg02332491,0.09621124526788966,1297
cg12904904,0.09621094529771623,1297
cg10274022,0.09620897422296368,1297
cg03833429,0.09620839551753388,1297
cg27404676,0.09620763644100692,1297
cg01824603,0.09620580636869891,1297
cg11675881,0.09620219080119913,1297
cg01934638,0.09619917723430577,1297
cg01424562,0.09619858459062998,1297
cg04875706,0.09619642467100095,1297
cg17280346,0.09619502716967972,1297
cg06035708,0.09619475176320003,1297
cg14519997,0.09619008617939927,1297
cg04240491,0.09618942130960406,1297
cg17108141,0.09618846178435814,1297
cg13866253,0.09618649540829616,1297
cg10941185,0.09618459423839221,1297
cg11674130,0.09618311074751298,1297
cg01250490,0.0961824454666233,1297
cg09916651,0.09617849374853149,1297
cg00663077,0.09617738751925686,1297
cg26678383,0.09617387672824942,1297
cg17637045,0.0961708404760514,1297
cg14009473,0.09616802341374153,1297
cg13623495,0.09616645129942164,1297
cg13744172,0.09616476400701574,1297
cg27083484,0.096161925114499,1297
cg15681626,0.09616041703929704,1297
cg00037457,0.09615793547687718,1297
cg02351381,0.09615708098429743,1297
cg01538731,0.09615349073631707,1297
cg17622531,0.09615260821806457,1297
cg05353872,0.09615096300799164,1297
cg23053506,0.09615057164847002,1297
cg16435561,0.09615033122946677,1297
cg02589501,0.09614474541895107,1297
cg05589784,0.09614430833375726,1297
cg25652454,0.09614406980924228,1297
cg12492345,0.09614221231008586,1297
cg00436476,0.0961420873120272,1297
cg26151206,0.09614093165758114,1297
cg11476737,0.09614033704507191,1297
cg25010788,0.0961389859113893,1297
cg05809586,0.09613842674560569,1297
cg15812586,0.09613817650428885,1297
cg16050468,0.09613536998831362,1297
cg20761810,0.09613464289250728,1297
cg14820908,0.09613416886462652,1297
cg02372856,0.09613092562985415,1297
cg20449404,0.09612801906760604,1297
cg22946460,0.09612583068952801,1297
cg02467956,0.09612447691812048,1297
cg21836370,0.09612360253781721,1297
cg02225720,0.09612338242636853,1297
cg15718581,0.0961231411742976,1297
cg21046148,0.09612171723946195,1297
cg03274456,0.09611945909121317,1297
cg19451168,0.09611928073552384,1297
cg27427514,0.09611851948543536,1297
cg17649293,0.0961162370622016,1297
cg12159995,0.09611590495445366,1297
cg00777546,0.09611521930118566,1297
cg00066270,0.09611450074993586,1297
cg02526790,0.09611059670221334,1297
cg11838827,0.09610793781803112,1297
cg12446543,0.09610733346920763,1297
cg02519751,0.09610501312282718,1297
cg17861863,0.09610452959797255,1297
cg17388712,0.0961044277982136,1297
cg08657705,0.09610343171188745,1297
cg01008495,0.09610066418182445,1297
cg11479419,0.096100626320795,1297
cg20892840,0.09609856748123607,1297
cg14428166,0.0960976423049873,1297
cg16578825,0.0960975543939781,1297
cg07065759,0.09609619655773227,1297
cg15649236,0.09609603991467341,1297
cg09451235,0.09609530366127939,1297
cg16033723,0.09609415506500449,1297
cg16792160,0.09608926217663782,1297
cg19523082,0.09608687319534293,1297
cg16550010,0.09608674014550261,1297
cg21603275,0.09608196369922367,1297
cg10422744,0.09608126176715026,1297
cg14456683,0.09608107111160459,1297
cg10764492,0.09608074342702322,1297
cg00548009,0.09607920184841962,1297
cg00563229,0.09607825721463889,1297
cg07358855,0.09607686214012773,1297
cg08905753,0.09607452143155917,1297
cg19254118,0.09607434839961082,1297
cg01176947,0.09607020135940446,1297
cg07222861,0.09606956286693802,1297
cg05777583,0.09606860245771062,1297
cg19113686,0.09606669828611236,1297
cg08293324,0.09606594241184192,1297
cg00600916,0.09606567893576917,1297
cg07376381,0.09606544151840013,1297
cg21086153,0.09606337441061213,1297
cg02276909,0.09606264496164307,1297
cg13921903,0.09606085235860101,1297
cg00197058,0.09605977618087161,1297
cg24683185,0.09605854814806775,1297
cg10617784,0.09605506415005058,1297
cg10509607,0.09605287346813882,1297
cg21746275,0.09605226509870674,1297
cg14492599,0.09604891047168956,1297
cg26951839,0.09604856123871161,1297
cg25499746,0.09604358429493165,1297
cg06804411,0.09604289111968167,1297
cg18209323,0.09604271806687491,1297
cg07664856,0.09604221114967972,1297
cg27550918,0.09603963636659796,1297
cg18699226,0.09603958051713513,1297
cg16269733,0.09603919520907422,1297
cg26304948,0.09603848406057283,1297
cg00116092,0.09603656140778194,1297
cg24759337,0.09603505626769797,1297
cg05347965,0.09603449088411961,1297
cg15076368,0.09603374122336392,1297
cg19907796,0.09603261763781787,1297
cg17691545,0.09603207094017813,1297
cg11186282,0.0960305314910111,1297
cg20806725,0.09602872443358962,1297
cg07756135,0.09602467201103831,1297
cg16228323,0.0960244993233098,1297
cg13750214,0.0960225090743333,1297
cg09410512,0.0960211886304631,1297
cg07175977,0.09601977626476735,1297
cg11991617,0.09601962373927586,1297
cg03419458,0.0960188560340976,1297
cg19005210,0.09601863639628011,1297
cg06881093,0.0960178253345294,1297
cg05137263,0.09601595421935111,1297
cg11947493,0.09601472688570217,1297
cg07384708,0.09601317442676455,1297
cg18065195,0.09601212786712465,1297
cg22088248,0.0960108674214562,1297
cg21108085,0.09600921242238916,1297
cg05919685,0.09600899845632231,1297
cg25285090,0.09600700835297954,1297
cg12299554,0.09600692312931547,1297
cg14695751,0.09600687506974795,1297
cg02571816,0.09600509173800359,1297
cg09682213,0.09600328038559225,1297
cg13341668,0.09600253995320729,1297
cg12241733,0.09600253023258787,1297
cg25800500,0.09599742691265878,1297
cg26004771,0.0959958916137012,1297
cg06587187,0.09599466461523676,1297
cg11930908,0.09599426495014178,1297
cg21170796,0.09599394404318559,1297
cg26014409,0.09599368052776269,1297
cg01131395,0.09599084474575431,1297
cg10061129,0.09599040877676898,1297
cg16908257,0.0959887563656987,1297
cg05037556,0.09598604501662558,1297
cg07416291,0.09598268224101122,1297
cg01984854,0.09598129656654397,1297
cg26764244,0.09598059084034005,1297
cg14312063,0.09597710559058178,1297
cg08091526,0.0959758163526816,1297
cg17491560,0.09597578240774657,1297
cg14325778,0.09597568227289743,1297
cg00441573,0.09597313093300411,1297
cg05517610,0.09597139313402331,1297
cg18482112,0.09597100538570358,1297
cg26010218,0.09597043631967478,1297
cg20799165,0.09597039079540831,1297
cg05719612,0.0959703220988106,1297
cg22572362,0.09596611954731113,1297
cg22487391,0.09596566860157124,1297
cg14393034,0.0959641166875177,1297
cg02118390,0.09596341481939186,1297
cg10613426,0.09596340373102819,1297
cg24711324,0.09595590448952018,1297
cg13005202,0.09595385686636404,1297
cg24985151,0.0959522585503983,1297
cg14514569,0.09595197002239689,1297
cg03985727,0.09595038191112107,1297
cg09334731,0.09594610160405162,1297
cg02729344,0.09594610087115096,1297
cg13175850,0.09594590027884714,1297
cg04531363,0.0959442361375249,1297
cg20507963,0.09594192256857059,1297
cg15243542,0.09594146962163502,1297
cg13967702,0.09593934298073656,1297
cg09646983,0.09593824108267557,1297
cg04696181,0.09593797168871149,1297
cg05940691,0.09593779466712932,1297
cg03199239,0.0959376384606872,1297
cg09169117,0.09593746972511186,1297
cg05371498,0.09593385369737673,1297
cg02210967,0.09593295399197121,1297
cg08939850,0.09593275279061123,1297
cg22580512,0.09593152257849849,1297
cg03161803,0.09593001595816936,1297
cg08870093,0.09592907077020443,1297
cg11724602,0.09592857575699604,1297
cg10414985,0.09592676791250529,1297
cg15876825,0.09592535877278274,1297
cg03137071,0.09592379884716001,1297
cg18318878,0.09592374091791087,1297
cg02028339,0.09591959067797784,1297
cg02625138,0.09591955578113864,1297
cg19239041,0.09591856620161673,1297
cg02357751,0.09591852381856142,1297
cg03571393,0.09591712703983504,1297
cg08948808,0.09591336133537115,1297
cg03505963,0.09591325601995598,1297
cg20100801,0.09591309912747847,1297
cg23008238,0.09591255953161398,1297
cg11238995,0.09590953814810553,1297
cg04931238,0.09590941375533862,1297
cg26746037,0.09590759714927483,1297
cg03384920,0.09590193631634919,1297
cg02102791,0.09589971340834977,1297
cg18698799,0.09589946551615552,1297
cg22905292,0.09589670247103571,1297
cg23618218,0.09589260930705748,1297
cg18213495,0.09589260400450714,1297
cg00002426,0.0958906593077849,1297
cg15646741,0.09588823456781098,1297
cg08912922,0.0958875477860045,1297
cg09175834,0.09588202027099424,1297
cg04531756,0.09587955935546,1297
cg12174804,0.0958786559664849,1297
cg05501996,0.09587635988744925,1297
cg16625671,0.09587125171557015,1297
cg00502099,0.09587078903968202,1297
cg07431888,0.09586853874481638,1297
cg06857473,0.09586623220708071,1297
cg07703462,0.09586531938706014,1297
cg27051129,0.09586423407077249,1297
cg08137948,0.09586422094663799,1297
cg17031773,0.09586386731553495,1297
cg10745499,0.09586307489541288,1297
cg18880384,0.09585659391511314,1297
cg20644754,0.09585631474245138,1297
cg23688118,0.09585509897496436,1297
cg24086040,0.09585318628016379,1297
cg24127748,0.09585092083962043,1297
cg07530063,0.09584960864714548,1297
cg20018806,0.09584778505380487,1297
cg07396904,0.09584667516753209,1297
cg27635135,0.09584645215091203,1297
cg00117237,0.09584562415770656,1297
cg05512561,0.09584554592804811,1297
cg17808195,0.09584026100290638,1297
cg11510999,0.095839416877077,1297
cg17440386,0.09583902274593886,1297
cg23290344,0.09583865172483527,1297
cg22921888,0.0958380360383313,1297
cg02592239,0.09583653232759831,1297
cg13649124,0.09583638746140655,1297
cg17344516,0.09583402089129911,1297
cg19233405,0.09583270845832353,1297
cg07824888,0.0958304119106409,1297
cg24779941,0.09583022864296746,1297
cg13377102,0.09582430975247597,1297
cg10961323,0.09582291679193236,1297
cg24938286,0.0958218458791997,1297
cg19735538,0.09582102563014613,1297
cg21004490,0.09581949674779322,1297
cg12123728,0.09581688541547323,1297
cg10040329,0.09581667178994549,1297
cg16174644,0.09581614618521889,1297
cg27213872,0.09581326498609344,1297
cg25881985,0.09580791014314344,1297
cg24838949,0.09580607913541495,1297
cg13618880,0.09580551548625676,1297
cg22620221,0.09580456742823748,1297
cg20065768,0.09580258690442346,1297
cg10070788,0.09579914353304003,1297
cg03742273,0.09579820336570455,1297
cg12143789,0.09579779860335516,1297
cg13098071,0.09579477983761575,1297
cg26816432,0.09579198509608194,1297
cg20583930,0.09579188324117432,1297
cg16306670,0.0957917184376415,1297
cg10063663,0.09578967417437356,1297
cg27221193,0.09578544512817538,1297
cg07054687,0.09578333908514025,1297
cg25456068,0.09578231865710357,1297
cg04948286,0.09578117694234606,1297
cg26053291,0.09577998571887138,1297
cg24184737,0.09577937776905332,1297
cg17147917,0.09577514055062955,1297
cg16391678,0.0957751201831929,1297
cg04505845,0.09577422939373825,1297
cg13525071,0.0957722599655379,1297
cg09040942,0.09576455213028812,1297
cg22511262,0.09576420858679907,1297
cg01774894,0.09575938245016463,1297
cg10559585,0.09575680044476315,1297
cg12389461,0.09575613748683165,1297
cg27120488,0.09575279573487488,1297
cg06309788,0.09575270706221128,1297
cg03519481,0.09575209350082559,1297
cg14276584,0.09574762673343679,1297
cg01175020,0.09574555930189865,1297
cg11648522,0.09574537352691251,1297
cg14282004,0.09574417150905114,1297
cg02466246,0.09574252146269327,1297
cg12911256,0.0957400476371373,1297
cg02710296,0.09573909252048785,1297
cg08782022,0.09573734911833753,1297
cg15402210,0.09573628543265121,1297
cg04087740,0.09573580672286333,1297
cg09324628,0.09573352463939039,1297
cg02384546,0.09573328534810721,1297
cg18371700,0.0957323948217787,1297
cg01894038,0.09573114888514261,1297
cg00948520,0.09572859938019324,1297
cg11685316,0.09572479068884249,1297
cg16814513,0.09572372305634391,1297
cg26313699,0.09572105349296156,1297
cg16204357,0.0957206656255814,1297
cg08897188,0.0957192794355623,1297
cg12883629,0.09571713991725367,1297
cg18776460,0.09571363922991794,1297
cg00667789,0.09571327819292474,1297
cg04786142,0.09571028409620391,1297
cg01407477,0.09571026015498196,1297
cg20664636,0.0957081390989726,1297
cg06655414,0.09570393559459572,1297
cg09718037,0.0957038581626714,1297
cg23555120,0.09570281947988821,1297
cg02498174,0.09570214681931555,1297
cg26799474,0.09570163781903235,1297
cg01730970,0.09570143998525443,1297
cg18419977,0.0956987823906443,1297
cg25065131,0.09569760374925557,1297
cg00580715,0.09569499291526956,1297
cg14787880,0.09569346207209334,1297
cg21227325,0.09569015691698468,1297
cg03788952,0.095689689375962,1297
cg25313468,0.09568944865123152,1297
cg06259612,0.09568854222982742,1297
cg00565786,0.0956856068198419,1297
cg11801842,0.09568502637409626,1297
cg22578425,0.09568491138520202,1297
cg26124968,0.0956808286288538,1297
cg21374307,0.09567954139305845,1297
cg25741487,0.09567922497427006,1297
cg19908556,0.09567864647319588,1297
cg17206555,0.09567675684162821,1297
cg00950497,0.09567551376059166,1297
cg16786640,0.09567537793184797,1297
cg00520406,0.0956701516305643,1297
cg18866599,0.09566984164447118,1297
cg22155376,0.09566974319878235,1297
cg02013841,0.09566833503677424,1297
cg18899516,0.09566626300127759,1297
cg13888387,0.09566458134290703,1297
cg04058752,0.09566359307808364,1297
cg17297238,0.09566102147827293,1297
cg15129663,0.09565803109190602,1297
cg13169491,0.09565651276382048,1297
cg25123427,0.09565510789757659,1297
cg02000808,0.09565494641481609,1297
cg13023646,0.09565429320348695,1297
cg06300137,0.09565263004027347,1297
cg07439546,0.09565083981965586,1297
cg08231710,0.09564932416426974,1297
cg09947611,0.09564907237252254,1297
cg09370877,0.09564847717932062,1297
cg05577810,0.0956474030155913,1297
cg00908758,0.09564704604840998,1297
cg23591139,0.0956452966337431,1297
cg01663968,0.09564376219425337,1297
cg22629987,0.09563988779503713,1297
cg19706516,0.09563927802771698,1297
cg00205813,0.09563505946082088,1297
cg08461097,0.09563206068136881,1297
cg26203383,0.09563036587056231,1297
cg24411870,0.09562946630799904,1297
cg04494562,0.09562836167732727,1297
cg05517400,0.09562677264864572,1297
cg18551353,0.09562663773836216,1297
cg03651886,0.0956261708723869,1297
cg13215285,0.09562362407109787,1297
cg15209921,0.09561944126410737,1297
cg00095333,0.09561922976266302,1297
cg06829681,0.09561909213133457,1297
cg03370951,0.09561424594718873,1297
cg25167447,0.09561347204058271,1297
cg03964958,0.09561216113916107,1297
cg05437294,0.09561058887938742,1297
cg12230728,0.09561010536416076,1297
cg18091964,0.09560906897186972,1297
cg03160883,0.09560490293567322,1297
cg06804778,0.09560407331377571,1297
cg00920395,0.09560404452913221,1297
cg23703963,0.09560360368806575,1297
cg08425810,0.09560068674320898,1297
cg19378036,0.09559900845719121,1297
cg02516944,0.09559520469137056,1297
cg00161225,0.0955933446991025,1297
cg14914552,0.09559304625242712,1297
cg23273866,0.0955913103464518,1297
cg23896685,0.09558811609900442,1297
cg06511330,0.09558726955412467,1297
cg14454907,0.09558637576369886,1297
cg20981163,0.09558557135673706,1297
cg02819655,0.09558555482215961,1297
cg17004290,0.09558523214187778,1297
cg07458509,0.09558187313183206,1297
cg22182287,0.09557987465368789,1297
cg05427639,0.09557813974901419,1297
cg00472837,0.09557808645293087,1297
cg22308726,0.09557789345931209,1297
cg00720747,0.09557566844527898,1297
cg22344703,0.0955755730017101,1297
cg20540714,0.0955753394773034,1297
cg18513062,0.0955715400062365,1297
cg14972139,0.09557111208988517,1297
cg19181162,0.09557100125310716,1297
cg04203587,0.09557099955609913,1297
cg15775218,0.09556896310094376,1297
cg25560215,0.09556695543674115,1297
cg03565153,0.0955666991938299,1297
cg25002294,0.09556629758459806,1297
cg13979562,0.09556504442735658,1297
cg15727545,0.09556480528153469,1297
cg14582501,0.09556480107286791,1297
cg03168029,0.09556263907373477,1297
cg09570682,0.09556244034715075,1297
cg17203063,0.0955612196857648,1297
cg25158320,0.09556119140583091,1297
cg13717446,0.09556002388800411,1297
cg07539451,0.09555783083741587,1297
cg24360909,0.09555031900510624,1297
cg27482619,0.09555008581737306,1297
cg05216536,0.09554656355756896,1297
cg06456031,0.09554593067850328,1297
cg12347792,0.09554476221193428,1297
cg00809164,0.09554371829525665,1297
cg16680159,0.09554145694656069,1297
cg00688932,0.09553455733971242,1297
cg10278915,0.09553390961512098,1297
cg09142829,0.09553270411352593,1297
cg20201270,0.09553188870462159,1297
cg09555364,0.09553145456100046,1297
cg05050592,0.09552858789604682,1297
cg03683166,0.09552809607458579,1297
cg08402365,0.09552618385659317,1297
cg01419136,0.09552599733759062,1297
cg07196514,0.09552539140797567,1297
cg20841436,0.09552487021108313,1297
cg08938793,0.09552462830294883,1297
cg14265043,0.09551978704628433,1297
cg20588069,0.09551859340355312,1297
cg10350722,0.09551760111996516,1297
cg14658964,0.09551659119277728,1297
cg16662846,0.09551463174417796,1297
cg06776644,0.09551429833971359,1297
cg05403689,0.09551370982637797,1297
cg19222784,0.09551355284818078,1297
cg16580073,0.09551306909544643,1297
cg04425617,0.09551215055695261,1297
cg22274813,0.0955120864826201,1297
cg11123018,0.09551146875468125,1297
cg07655948,0.0955110017277512,1297
cg18249634,0.0955096983225328,1297
cg06520331,0.0955088876815404,1297
cg24164786,0.09550411192035857,1297
cg06077821,0.09550005458772393,1297
cg15807143,0.09549913858392095,1297
cg26307117,0.09549340286841723,1297
cg01609268,0.09549200649508832,1297
cg20824939,0.09549092471000709,1297
cg22796593,0.09548914516030105,1297
cg02973792,0.09548897316854449,1297
cg08510234,0.09548757949888037,1297
cg07126559,0.09548753961015038,1297
cg18185958,0.09548581940362562,1297
cg15744134,0.09548378576471739,1297
cg02657441,0.09548184271606008,1297
cg02151632,0.09548135779097505,1297
cg16471877,0.09547972799854221,1297
cg14911395,0.09547688988037198,1297
cg13487445,0.09547634777560016,1297
cg03317045,0.09547183668900111,1297
cg17100943,0.09547096850487224,1297
cg18322569,0.09546945717253172,1297
cg10148755,0.09546826004990794,1297
cg09218250,0.09546812854906356,1297
cg19711530,0.09546689875529868,1297
cg18088486,0.09546425710666234,1297
cg26706759,0.09546326447757958,1297
cg08907436,0.09546097939495188,1297
cg17320698,0.09545593214254347,1297
cg08602861,0.09545151408869001,1297
cg10105884,0.09545019116012737,1297
cg16041686,0.09544999123180073,1297
cg16678925,0.09544969751986718,1297
cg24830730,0.0954485951559055,1297
cg18692149,0.09544815588806815,1297
cg05207834,0.09544728072524415,1297
cg15665792,0.09544713596476423,1297
cg19506623,0.0954427953404065,1297
cg15859189,0.09543467923984739,1297
cg06710672,0.09543467491651278,1297
cg11944110,0.09543440077245052,1297
cg24177393,0.09543174412669325,1297
cg03874542,0.09543012825089214,1297
cg00401797,0.09542741539277583,1297
cg23848712,0.09542677643561814,1297
cg27365208,0.09542216376973706,1297
cg04103198,0.09541590367255015,1297
cg01629716,0.09541542388415702,1297
cg27209578,0.09541269650658446,1297
cg19440264,0.09541255311542315,1297
cg21163429,0.09541190937834093,1297
cg23377232,0.09540962826179555,1297
cg07920376,0.0954072215852761,1297
cg00981443,0.09540699816423298,1297
cg16727201,0.09540683865838791,1297
cg26547698,0.09540675408960314,1297
cg06765022,0.09540516825784989,1297
cg26690075,0.09540361882523968,1297
cg13132370,0.09540267307417052,1297
cg17861277,0.09539921647563904,1297
cg12462705,0.09539912010897146,1297
cg17740140,0.09539782603885688,1297
cg13675859,0.0953973695713298,1297
cg09064148,0.09539597322577409,1297
cg11631547,0.09539525558849621,1297
cg01963754,0.0953940496053512,1297
cg07531343,0.09539144690096055,1297
cg10510586,0.09539069181932347,1297
cg14478460,0.09539062179378438,1297
cg16639692,0.09538758817169357,1297
cg16472369,0.09538757999523739,1297
cg14481208,0.09538678067253331,1297
cg01419831,0.09538653918965372,1297
cg24964796,0.09538546514390117,1297
cg07783843,0.09538105058819096,1297
cg08923594,0.09537853954849629,1297
cg02229135,0.09537746703225763,1297
cg04859102,0.09537328789423993,1297
cg00561322,0.09536506612025958,1297
cg05263838,0.09536464896054489,1297
cg11705975,0.09536387086263523,1297
cg22158650,0.09536128877650182,1297
cg20351189,0.09536045667060794,1297
cg25511667,0.09535919718140481,1297
cg02835977,0.09535776056602163,1297
cg10254035,0.09535740264953319,1297
cg20005074,0.09535708355604293,1297
cg13909533,0.09535634858017483,1297
cg13638420,0.09535599081125712,1297
cg07211140,0.0953556478719989,1297
cg10660256,0.09535544656294045,1297
cg08994060,0.09535508753089492,1297
cg23807071,0.09535327517536582,1297
cg01334831,0.09535282053911195,1297
cg14557202,0.09535238008510011,1297
cg16716320,0.09535186642454008,1297
cg25598488,0.09535178692874641,1297
cg12051762,0.09535171297493691,1297
cg01476568,0.09534871686803928,1297
cg10640845,0.09534797286768873,1297
cg12308279,0.09534357779741692,1297
cg13115952,0.09533991640100373,1297
cg19018155,0.09533987985868575,1297
cg25385940,0.09533968933656556,1297
cg21011139,0.09533888721635415,1297
cg04244970,0.0953362221546252,1297
cg19849728,0.09533517293057833,1297
cg02120470,0.09533405051521526,1297
cg16206813,0.09533270377298902,1297
cg13780718,0.09533211885781168,1297
cg17810360,0.09532950593955031,1297
cg09858108,0.09532938556222675,1297
cg22053159,0.09532771912251631,1297
cg11753750,0.09532510096824953,1297
cg17242937,0.09532444829418871,1297
cg19505767,0.09532375902246243,1297
cg20985082,0.09531895770814952,1297
cg02200642,0.09531586861683439,1297
cg05308504,0.09531380126219335,1297
cg13008977,0.09531312840274658,1297
cg09571082,0.09531068049512262,1297
cg22231400,0.09530932804070186,1297
cg09063173,0.0953092058878717,1297
cg08320225,0.09530907033016359,1297
cg19535896,0.09530700256365027,1297
cg02646491,0.09530664912195547,1297
cg10316490,0.09530507986069202,1297
cg08024887,0.09530470572190111,1297
cg20104126,0.09530358967675481,1297
cg03463994,0.09530295783823417,1297
cg11180069,0.09530250866625906,1297
cg14328477,0.09530135861833572,1297
cg01348584,0.09530001318525888,1297
cg19128113,0.09529948850806175,1297
cg05482973,0.09529898300216832,1297
cg17589633,0.09529654262606019,1297
cg08835956,0.09529472124282395,1297
cg10987624,0.09529174630810025,1297
cg21876918,0.09529131687495035,1297
cg16516405,0.09528997657184002,1297
cg24336989,0.09528610495044951,1297
cg16181396,0.09528572047491761,1297
cg23452220,0.09528379259538339,1297
cg22800453,0.09528371285516413,1297
cg08244156,0.09527745644571711,1297
cg27065717,0.09527599270623865,1297
cg14780466,0.09527495418257126,1297
cg07010552,0.0952747246781029,1297
cg25729432,0.09526848624832768,1297
cg24896649,0.09526723929319081,1297
cg13183651,0.09526611393505846,1297
cg24496563,0.09526465260680372,1297
cg26069093,0.09526190411160163,1297
cg14081465,0.09526186785749749,1297
cg27599376,0.09526099586143191,1297
cg14432910,0.09525651057955772,1297
cg18850127,0.09525445461407,1297
cg12439852,0.0952529469033579,1297
cg16014060,0.0952515200687789,1297
cg08506606,0.0952512116113603,1297
cg19888509,0.09525078534716669,1297
cg10129408,0.09525013005904663,1297
cg00292073,0.0952467139386376,1297
cg25745945,0.09524584987984897,1297
cg05733285,0.09524352156968013,1297
cg06778183,0.09524178667542216,1297
cg09832443,0.09523470301513859,1297
cg27543823,0.09523302192673938,1297
cg26577320,0.09523081617719376,1297
cg13578841,0.0952279309353361,1297
cg26802026,0.09522779204351134,1297
cg05004973,0.09522334667789392,1297
cg00650809,0.09522333650633846,1297
cg02000275,0.095219522696733,1297
cg06155620,0.09521725895010788,1297
cg06710082,0.09521517766766444,1297
cg26426745,0.09521336377849762,1297
cg25153741,0.09521283354026316,1297
cg05006473,0.09520728902163517,1297
cg01614237,0.09520682340960433,1297
cg03900028,0.0952057377082915,1297
cg11364273,0.09520478435768778,1297
cg21160842,0.09520275843844558,1297
cg19964761,0.09520104535566182,1297
cg17881200,0.09519956196851162,1297
cg25639415,0.09519540328051632,1297
cg04236639,0.09519438435044564,1297
cg14196395,0.09519358428320301,1297
cg06130354,0.09519208605454876,1297
cg20236089,0.09519079411111853,1297
cg07356283,0.09518744861635259,1297
cg26879644,0.09518743141685601,1297
cg07209987,0.0951873944758182,1297
cg19518426,0.09518523805100743,1297
cg13414270,0.09518355287096937,1297
cg14640466,0.09518159573240603,1297
cg15416643,0.09518101515675823,1297
cg02902637,0.09518069026028331,1297
cg08036553,0.09517960690566143,1297
cg00128057,0.09517840383651072,1297
cg18764814,0.09517780573696871,1297
cg01787084,0.09517416964151776,1297
cg23904955,0.09517389792346542,1297
cg13065507,0.09517370562373793,1297
cg09083108,0.09517198304000857,1297
cg16439394,0.09516991605574077,1297
cg06352750,0.09516690381850834,1297
cg00802903,0.095166793799036,1297
cg02626129,0.09516660957776837,1297
cg22935317,0.09516585757191931,1297
cg13809441,0.09516316048085094,1297
cg17069396,0.09516226571181613,1297
cg04406111,0.09516206069799821,1297
cg02518546,0.09516175341163935,1297
cg12635662,0.0951614488483622,1297
cg23894086,0.09516029128811662,1297
cg08114852,0.09515861537940899,1297
cg05630800,0.09515578351878523,1297
cg06038133,0.0951547043531584,1297
cg01312265,0.0951537532631748,1297
cg00237606,0.09515159339606627,1297
cg21004924,0.09514847102089175,1297
cg21473741,0.09514691558637967,1297
cg22221831,0.09514308768539043,1297
cg19245980,0.09514127876486433,1297
cg03778029,0.09514126883418715,1297
cg16504661,0.09513988758732922,1297
cg22855933,0.09513979512482576,1297
cg02870011,0.09513765714212613,1297
cg13926174,0.09513576825913045,1297
cg15493618,0.09513525326021122,1297
cg08477106,0.095134601277065,1297
cg20272205,0.09513457597631125,1297
cg17643662,0.09513038985314232,1297
cg09619624,0.09513012061126658,1297
cg00250409,0.09512942436185495,1297
cg09163005,0.09512653068718457,1297
cg02412399,0.0951257917400622,1297
cg00504705,0.09512546430422056,1297
cg24503369,0.09512539464038586,1297
cg05137680,0.09512509054977383,1297
cg14258078,0.09512401816075589,1297
cg09234454,0.09512387792717125,1297
cg09469667,0.09512347397301141,1297
cg07069575,0.09512296368647283,1297
cg13678973,0.09512176035461405,1297
cg15371711,0.0951215781102159,1297
cg23655651,0.09512079729438874,1297
cg09759446,0.0951178622159081,1297
cg03744763,0.09511497934673763,1297
cg19119609,0.09511476012540843,1297
cg14249564,0.09511108577236899,1297
cg04774469,0.09510911219973822,1297
cg04218899,0.09510688717208943,1297
cg26676468,0.0951059702026622,1297
cg16532282,0.09510522410150196,1297
cg08641706,0.09510491222737655,1297
cg14600824,0.09510353923422582,1297
cg19155699,0.09510316258348056,1297
cg11503833,0.09510274940911234,1297
cg11135724,0.09510194853839474,1297
cg11841649,0.09510191488435268,1297
cg25418528,0.09510105013617914,1297
cg23435915,0.0951010211550535,1297
cg24676120,0.09510053026882809,1297
cg16823042,0.09509577507294578,1297
cg03975815,0.09509422416475327,1297
cg14523847,0.09509222105036332,1297
cg12695586,0.09509081743486095,1297
cg15207662,0.09508931560586542,1297
cg17278072,0.09508666729597817,1297
cg19175364,0.09508526282208965,1297
cg27331828,0.09508525665871842,1297
cg07288447,0.09508285800566774,1297
cg22861279,0.09507916957757691,1297
cg05901765,0.09507823491743195,1297
cg11573566,0.09507751445519669,1297
cg12273284,0.09507428804966578,1297
cg19713980,0.09507242937687432,1297
cg05723179,0.09507200511331454,1297
cg12756527,0.09507104863077054,1297
cg11888447,0.09507049084978736,1297
cg11290720,0.0950685825798451,1297
cg05822633,0.09506674551202271,1297
cg24377694,0.095066101727656,1297
cg18494043,0.09506394862914766,1297
cg18492943,0.09506131681761432,1297
cg19204131,0.09505996021876456,1297
cg03070741,0.09505891328767335,1297
cg22053945,0.09505883817099148,1297
cg10834893,0.09505798767073667,1297
cg22949738,0.09505739256718387,1297
cg05048976,0.09505727170173159,1297
cg24825262,0.09505716200690881,1297
cg02364826,0.09505676989998793,1297
cg06918928,0.0950543851345042,1297
cg00742098,0.09505402149036707,1297
cg22166728,0.09505365165756596,1297
cg11135937,0.09505329889059144,1297
cg07109115,0.09505132229788049,1297
cg05204104,0.09505104997563257,1297
cg13639901,0.09505094626392557,1297
cg13800491,0.09504366220028496,1297
cg11930926,0.09504068718031139,1297
cg06374962,0.09503699032395482,1297
cg24129115,0.0950360789178065,1297
cg09729274,0.09503390151200158,1297
cg08354401,0.09503113868937879,1297
cg06815950,0.09503008270368554,1297
cg27498387,0.09502975976345901,1297
cg23171103,0.09502912481102696,1297
cg08638354,0.09502912204846564,1297
cg01439876,0.09502753363833111,1297
cg14530275,0.09502720562665165,1297
cg01928411,0.09502540496319509,1297
cg10193711,0.09502246687190274,1297
cg17399417,0.09502044459924575,1297
cg06166490,0.09502035646316717,1297
cg07674095,0.0950198666071102,1297
cg06232205,0.09501751999235922,1297
cg17899889,0.09501559963893996,1297
cg01420001,0.09501512550189734,1297
cg14227558,0.09501315023858747,1297
cg14311794,0.09501311768543114,1297
cg04640920,0.095010417557221,1297
cg14921326,0.09500849847230003,1297
cg09646760,0.09500806067727033,1297
cg12515659,0.09500218692756957,1297
cg14129329,0.09499983631242603,1297
cg23477774,0.09499970481822528,1297
cg00790395,0.09499836245267348,1297
cg13682735,0.09499833633611299,1297
cg15544004,0.09499454224849724,1297
cg18440692,0.09499437501147937,1297
cg23858960,0.09499295623156268,1297
cg19602081,0.09498712232084304,1297
cg27080986,0.09498507529532935,1297
cg24870568,0.09498505388261896,1297
cg03922381,0.09498496299666137,1297
cg12434681,0.09498338722146404,1297
cg02948624,0.094982121008731,1297
cg19867917,0.09498209150217468,1297
cg20674701,0.09498032873231076,1297
cg07689396,0.09497994728829193,1297
cg12253071,0.09497985086525129,1297
cg27664496,0.09497914859000589,1297
cg02891359,0.09497728853459225,1297
cg18822950,0.09497665336724276,1297
cg06275635,0.09497658097298678,1297
cg16668651,0.09497239749682118,1297
cg24484802,0.09497221582756815,1297
cg10476584,0.09497035563515605,1297
cg24045378,0.09496727382755893,1297
cg00073384,0.09496544924999578,1297
cg10259889,0.09496522682905134,1297
cg16212145,0.0949652022117001,1297
cg14281612,0.09496500148693726,1297
cg10933003,0.09496421210264655,1297
cg22228134,0.09496342247869743,1297
cg08482167,0.09496330035279471,1297
cg03020503,0.0949630520766333,1297
cg19603134,0.09496250849965007,1297
cg18046677,0.0949614247058216,1297
cg10831607,0.09496056642048611,1297
cg18546840,0.09496029206257914,1297
cg11589885,0.09495284718575109,1297
cg00671823,0.0949527634380363,1297
cg09853792,0.09495268705271137,1297
cg27232866,0.09495096971409336,1297
cg21519900,0.09494878491547712,1297
cg26978611,0.09494859353558038,1297
cg13734061,0.09494748146553589,1297
cg12024826,0.09494738094606381,1297
cg26315984,0.09494732061282793,1297
cg23424933,0.09494594060918213,1297
cg21624282,0.09494281240112329,1297
cg01223204,0.09494211367416117,1297
cg26066361,0.09494157194770292,1297
cg18093120,0.09494057361601725,1297
cg16245261,0.09493998283108482,1297
cg18955629,0.09493955317398284,1297
cg04208996,0.09493858661129728,1297
cg14315842,0.09493749740245011,1297
cg10413105,0.0949372025124638,1297
cg06385449,0.0949369805083844,1297
cg22330763,0.09493505879513495,1297
cg14283647,0.09493503316470181,1297
cg23117647,0.09493441303628686,1297
cg10109747,0.09493185534096771,1297
cg18082515,0.09493105090141074,1297
cg24631102,0.09493103814557469,1297
cg10939949,0.09493040602502628,1297
cg02094273,0.09492981300155537,1297
cg21482674,0.09492913917991042,1297
cg14559139,0.09492723945448617,1297
cg06368618,0.0949267895560682,1297
cg05174710,0.09492333179942103,1297
cg08358233,0.09492311376473317,1297
cg23217575,0.09491897229876897,1297
cg25738340,0.0949180219023053,1297
cg04249191,0.0949167277581251,1297
cg01600222,0.09491625809935594,1297
cg08822897,0.09491509542121715,1297
cg12709372,0.09491494150364593,1297
cg21306949,0.09491411557170976,1297
cg15084543,0.094913274292452,1297
cg07080653,0.0949096669086602,1297
cg08637514,0.0949075040158931,1297
cg07166654,0.09490709427822074,1297
cg08835992,0.0949035133229349,1297
cg18096251,0.09490333739729062,1297
cg17160984,0.094902896104447,1297
cg19709083,0.09489878442468935,1297
cg01297303,0.09489838698356567,1297
cg14599015,0.09489715888845973,1297
cg26108843,0.09489234961775184,1297
cg19518211,0.09488897178133682,1297
cg14189583,0.09488723433014185,1297
cg21537049,0.09488669751678469,1297
cg01109169,0.09488510231768878,1297
cg27054424,0.09488458304299072,1297
cg20288565,0.09488450439870466,1297
cg15506609,0.09488364471888344,1297
cg25274008,0.09488297296227272,1297
cg19344626,0.09488078628800664,1297
cg00437102,0.09488060926156025,1297
cg13655674,0.0948805770533776,1297
cg11757040,0.09487964708029722,1297
cg01439322,0.09487692428244532,1297
cg18892244,0.09487639050027386,1297
cg07612978,0.09487596506859941,1297
cg09174502,0.09487503063330449,1297
cg04613452,0.09487266057739402,1297
cg21839211,0.09487218772418637,1297
cg12476487,0.09487161067793365,1297
cg18949521,0.09487032604585247,1297
cg26043322,0.09486979392869058,1297
cg12609063,0.09486874659396766,1297
cg05835105,0.09486581453077582,1297
cg17478031,0.09486303376785055,1297
cg10495931,0.09486144588328105,1297
cg24409539,0.09485838470469851,1297
cg14191040,0.09485525232088016,1297
cg26961166,0.09485389652351021,1297
cg18323768,0.0948519872090748,1297
cg00377915,0.09484923039218457,1297
cg03323696,0.09484917891430739,1297
cg16577665,0.09484821709399777,1297
cg13379325,0.09484492944832384,1297
cg10238972,0.09484390972605253,1297
cg24320816,0.0948422404967571,1297
cg23657179,0.09483821817984422,1297
cg05374271,0.09483627030175604,1297
cg14114910,0.09483395602326711,1297
cg08330690,0.09483370807608253,1297
cg19873536,0.09483255575389926,1297
cg20341504,0.0948319849589726,1297
cg25673593,0.09483017571999666,1297
cg12564567,0.0948301061431347,1297
cg16205958,0.0948297887287361,1297
cg26874872,0.09482874436916097,1297
cg26581206,0.09482713780001828,1297
cg10753101,0.09482584608768874,1297
cg02858118,0.09482127706586353,1297
cg16602747,0.0948198095586377,1297
cg19893751,0.09481669583530583,1297
cg17918270,0.09481518969297775,1297
cg20447038,0.09481327953338142,1297
cg10812236,0.09481325156884718,1297
cg11457640,0.0948131016162789,1297
cg12636169,0.09481069502667255,1297
cg08375396,0.09481044297552371,1297
cg04120520,0.09481028906943029,1297
cg10605246,0.09480964754698085,1297
cg19530168,0.09480425303589277,1297
cg13445796,0.0948036894990558,1297
cg05890484,0.09480151543051674,1297
cg01058584,0.0948009103739017,1297
cg25711003,0.09479966612955099,1297
cg02332293,0.09479869357136056,1297
cg26014401,0.09479741893256155,1297
cg13797402,0.09479735447698845,1297
cg08567279,0.09479165995435307,1297
cg24500711,0.09478911219788405,1297
cg06805940,0.0947887539670898,1297
cg08101739,0.09478856364899407,1297
cg18680626,0.09478815993585823,1297
cg09835220,0.09478522294963776,1297
cg23361659,0.09478403296974525,1297
cg23028772,0.094782829527784,1297
cg20415053,0.09478167936229645,1297
cg17865555,0.09478157790792058,1297
cg11044716,0.09478055767499344,1297
cg12924936,0.0947804494160831,1297
cg23516463,0.09477966616755282,1297
cg12105899,0.0947784187413579,1297
cg18098769,0.09477732400787203,1297
cg21972431,0.09477696210282932,1297
cg19285800,0.09477675641786105,1297
cg03994465,0.09477554783910305,1297
cg00763594,0.0947754357355162,1297
cg15889057,0.0947754317024943,1297
cg23627062,0.09477478949050283,1297
cg02072400,0.09477477031064482,1297
cg25045219,0.09477157361966315,1297
cg08511651,0.09477132577796288,1297
cg19020434,0.09476840205792303,1297
cg01480180,0.09476835292215213,1297
cg04227922,0.0947668233339061,1297
cg07308243,0.09476654441029561,1297
cg07201717,0.0947654406991994,1297
cg16971128,0.09476386894876537,1297
cg17936721,0.09476377986284794,1297
cg22502382,0.09476375710069376,1297
cg08445802,0.09476371399916103,1297
cg17737681,0.09476220617446557,1297
cg00080972,0.09476196407634034,1297
cg26435198,0.09475792556942109,1297
cg13496915,0.0947577707968853,1297
cg03638905,0.09475735583140327,1297
cg10291238,0.09475731485871297,1297
cg20272146,0.09475647511962537,1297
cg20768915,0.09475481258392293,1297
cg17614582,0.09475454012649312,1297
cg02006647,0.09475143902580799,1297
cg24667437,0.09475063090286645,1297
cg21448423,0.09474675624190514,1297
cg16492510,0.09474624606102963,1297
cg16983159,0.0947448651484403,1297
cg07591442,0.09474419917316934,1297
cg23493787,0.09474251058943456,1297
cg16511229,0.09473986506895332,1297
cg27154418,0.09473893858641036,1297
cg07529241,0.09473786003371176,1297
cg14416623,0.09473774917006596,1297
cg18540249,0.0947346764499715,1297
cg25428177,0.09473297753709065,1297
cg26463328,0.0947329552518702,1297
cg02839802,0.0947323612592959,1297
cg02647684,0.09473176877961431,1297
cg23192614,0.09472889232832377,1297
cg00911794,0.0947250691802402,1297
cg03895496,0.09472458666338668,1297
cg11993173,0.09472383844373625,1297
cg08767686,0.09472073031422745,1297
cg19610869,0.09472040573350521,1297
cg00909286,0.09471933405386712,1297
cg06977014,0.09471907121655743,1297
cg15585318,0.0947188379083636,1297
cg22798707,0.09471853942363564,1297
cg01421252,0.09471845576319027,1297
cg13286614,0.09471377583020829,1297
cg05923687,0.0947100594541647,1297
cg23038594,0.094708046965782,1297
cg12634306,0.09470679877757429,1297
cg09856068,0.09470640538011704,1297
cg10768932,0.09470461791104001,1297
cg14972576,0.09470430824477988,1297
cg09942166,0.09470034829940593,1297
cg00446123,0.09469925962302556,1297
cg17179314,0.09469863991375671,1297
cg07385778,0.09469858402572007,1297
cg12719030,0.09469807571304428,1297
cg20125920,0.09469763133776199,1297
cg12323063,0.09469749110468284,1297
cg08066129,0.09469699309894128,1297
cg07336350,0.09469540577270469,1297
cg20643991,0.09469387996596634,1297
cg11294364,0.0946936577345131,1297
cg08890503,0.09469281240203242,1297
cg18848446,0.09469153546035211,1297
cg19871388,0.09469042715269316,1297
cg25365260,0.09468841476552584,1297
cg09883650,0.09468756635791262,1297
cg08522473,0.09468643352048936,1297
cg13652338,0.09468504103577197,1297
cg12922492,0.09468483628937166,1297
cg18790559,0.09468393361652105,1297
cg19994159,0.09468389121045756,1297
cg08970694,0.09468113036844691,1297
cg22392178,0.09467850262636038,1297
cg24805886,0.09467654974516221,1297
cg17873048,0.09467334212264411,1297
cg14047561,0.09467228863025234,1297
cg21896766,0.09467163100171638,1297
cg08199953,0.09467141813680136,1297
cg07173972,0.09466897210156788,1297
cg14823429,0.09466668694963246,1297
cg26648203,0.09466425524008004,1297
cg17122157,0.09466317293174276,1297
cg05996538,0.09466105478425507,1297
cg26078436,0.09466036449179749,1297
cg21051815,0.09466024390366987,1297
cg24007254,0.0946581261535494,1297
cg04367252,0.09465108535342778,1297
cg18751141,0.09465062996683116,1297
cg01235000,0.09464663834930731,1297
cg19404835,0.09464579941390408,1297
cg13735819,0.09464404783160713,1297
cg05965745,0.09464340270014623,1297
cg24886788,0.09464282611515673,1297
cg04073265,0.09464248789922325,1297
cg20933297,0.09464025545441732,1297
cg18566555,0.09463885958175636,1297
cg15761405,0.09463847218571694,1297
cg09521623,0.09463663601493222,1297
cg03660085,0.09463618861823744,1297
cg08225549,0.0946361241586936,1297
cg14236413,0.09463499427202843,1297
cg11354603,0.09463456420191635,1297
cg03709468,0.09463452563362909,1297
cg26006870,0.09463446063890707,1297
cg00833257,0.09463293349385093,1297
cg01963134,0.09463195329219268,1297
cg16851482,0.09463189944349387,1297
cg21390082,0.0946310659793374,1297
cg18648037,0.09462714776635353,1297
cg07402669,0.09462667093950308,1297
cg24491784,0.09462119916080702,1297
cg27295595,0.09462114085892342,1297
cg10403394,0.09461528927446358,1297
cg04957177,0.09461415374767604,1297
cg11936536,0.09461198595471215,1297
cg22679813,0.09460907961675041,1297
cg01532771,0.09460717641193239,1297
cg22563907,0.09460610467489483,1297
cg17153727,0.09460533846859634,1297
cg08642731,0.09460498624968566,1297
cg03980424,0.09460495572878458,1297
cg02557110,0.09460483984898321,1297
cg07258897,0.09460440090488312,1297
cg12172441,0.09460325048382406,1297
cg25206536,0.09459976873933673,1297
cg20061654,0.09459881846581508,1297
cg08648317,0.09459476884343038,1297
cg10600534,0.09459441243905131,1297
cg02605292,0.09459381465025951,1297
cg27425841,0.0945927297232112,1297
cg15096829,0.09459086013883139,1297
cg11957130,0.09459070867078609,1297
cg08808817,0.09458979296802789,1297
cg21785034,0.09458840511775335,1297
cg23038349,0.09458687489799106,1297
cg22796958,0.09458543578348866,1297
cg12559208,0.09458238147921327,1297
cg27425146,0.09458213128762016,1297
cg15320474,0.09458078607256126,1297
cg18627493,0.09457830710597398,1297
cg03744332,0.09457795618227116,1297
cg18414021,0.09457658138481162,1297
cg00584174,0.09457591614472952,1297
cg10296410,0.09457380851375208,1297
cg27370471,0.0945724663334972,1297
cg09791621,0.09457142338692204,1297
cg14321245,0.0945703317856792,1297
cg09233395,0.09456987533914765,1297
cg08034070,0.0945620952237321,1297
cg07740306,0.0945619460979622,1297
cg15488009,0.09456073508950491,1297
cg24467337,0.09455963319460123,1297
cg19447966,0.0945557907082254,1297
cg14653988,0.0945534912669819,1297
cg26708220,0.09455310604096762,1297
cg16579981,0.09455251935366393,1297
cg06931444,0.09455201307242961,1297
cg08614290,0.09455149829266232,1297
cg15405084,0.09455132839444375,1297
cg17786642,0.09455086967826595,1297
cg22316093,0.09455027364002852,1297
cg21646955,0.09454915560357427,1297
cg03758633,0.09454904884585696,1297
cg22790377,0.09454645316233368,1297
cg09143964,0.09454438417915617,1297
cg13020870,0.094541468625339,1297
cg26344867,0.09454011528564044,1297
cg03155112,0.0945386885137055,1297
cg06313349,0.09453847496731654,1297
cg14666564,0.09453666902018018,1297
cg23302649,0.09453502285504439,1297
cg02709139,0.09453494496241269,1297
cg17187764,0.09453434082814519,1297
cg13805183,0.09453420583795569,1297
cg27052069,0.09453203970345475,1297
cg06233985,0.09452966887571082,1297
cg00738934,0.09452914179242627,1297
cg00952822,0.09452724462459128,1297
cg22185100,0.09452671753971015,1297
cg05358291,0.09452670226347515,1297
cg22081096,0.0945261073458899,1297
cg04704531,0.09452493212877955,1297
cg15058894,0.09452385818603642,1297
cg12584100,0.0945223738396224,1297
cg04079760,0.09452140967335132,1297
cg00488692,0.09451952761106239,1297
cg05700616,0.09451911077707836,1297
cg15701612,0.09451811326581343,1297
cg12657416,0.09451631872413077,1297
cg09923953,0.09451497205092005,1297
cg02764093,0.09451440518799215,1297
cg00876757,0.09451369186034109,1297
cg02371376,0.09451156364280072,1297
cg19992633,0.09450598503747784,1297
cg17913306,0.09450496338448058,1297
cg12109291,0.09450356762604326,1297
cg21937377,0.09450305022242905,1297
cg18552425,0.0945019777666638,1297
cg10236452,0.09450065571204364,1297
cg23369632,0.09449943783122527,1297
cg24024528,0.09449918884842382,1297
cg06922599,0.0944983419359004,1297
cg17939889,0.09449612842554145,1297
cg03033111,0.09449329234137083,1297
cg21790626,0.09449146406789101,1297
cg22759261,0.09449126620245157,1297
cg21317965,0.09448942298700919,1297
cg27626387,0.09448929703968575,1297
cg03094405,0.09448901440831478,1297
cg01927745,0.09448713597246772,1297
cg00891184,0.09448706710810248,1297
cg03260621,0.09448655200421224,1297
cg15318546,0.09448505847453698,1297
cg01984424,0.09448422774529658,1297
cg10467989,0.0944825697717818,1297
cg25028855,0.09448122049424257,1297
cg03654504,0.0944800696200121,1297
cg12709009,0.0944774652531398,1297
cg05030450,0.0944770105658505,1297
cg03431741,0.09447423265982022,1297
cg09188697,0.09447297783586767,1297
cg08132573,0.09447269523283613,1297
cg03896589,0.09447240487415048,1297
cg08606493,0.09447048177602274,1297
cg20169062,0.0944700912137093,1297
cg14184077,0.09446724080576918,1297
cg18766033,0.09446599352164142,1297
cg10738648,0.09446441978320858,1297
cg02023345,0.09446366372715387,1297
cg21499949,0.09446185376549943,1297
cg16445596,0.09445936854117049,1297
cg27105990,0.09445921891617454,1297
cg25370658,0.09445909143867212,1297
cg12448285,0.09445633707484569,1297
cg01172183,0.09445616118119624,1297
cg01456691,0.09445520127130136,1297
cg00510507,0.0944520070720565,1297
cg18010131,0.09444927909230305,1297
cg11778840,0.09444830861958159,1297
cg18530645,0.09444811470600512,1297
cg27248029,0.09444740198462048,1297
cg02145482,0.09444624671047858,1297
cg02468627,0.09444469582859039,1297
cg14694038,0.09444378344210819,1297
cg06996273,0.09444362578848436,1297
cg15240033,0.09444153275355721,1297
cg06161630,0.09443755443097372,1297
cg11809958,0.0944352920548022,1297
cg06666175,0.09443509659135937,1297
cg01094891,0.09443504504147793,1297
cg17611046,0.09443414423943677,1297
cg15025379,0.09443397880406867,1297
cg23061396,0.09443385743662391,1297
cg10205310,0.09442751613250486,1297
cg12495996,0.09442694484211783,1297
cg10821976,0.09442651591812631,1297
cg21437028,0.0944265070506238,1297
cg16107389,0.09442616852937041,1297
cg12788467,0.09442607397637365,1297
cg08599635,0.09442489637709783,1297
cg03176729,0.09442433131028309,1297
cg06443678,0.09442324325275275,1297
cg06353345,0.09442209640577759,1297
cg20503956,0.0944219279221305,1297
cg06429887,0.09441987739927887,1297
cg23970546,0.09441927039324152,1297
cg27543385,0.09441852131513223,1297
cg16834823,0.094418090941895,1297
cg09473359,0.09441426849737042,1297
cg00461311,0.09441380540155497,1297
cg08984900,0.09441316533873562,1297
cg26584545,0.09441002112199268,1297
cg16083044,0.0944096816078629,1297
cg26999775,0.09440653477331118,1297
cg12196045,0.09440554502372137,1297
cg18514922,0.09440542429719609,1297
cg20271692,0.09440336687222434,1297
cg00096328,0.09440322423590411,1297
cg10739715,0.09440021932703227,1297
cg11511175,0.09439722981100945,1297
cg20146536,0.09439549842929018,1297
cg14273027,0.09439547764906356,1297
cg12012581,0.0943928262495859,1297
cg19250799,0.09439217976262602,1297
cg02369542,0.09439013904960863,1297
cg22635676,0.09438921853870016,1297
cg22423750,0.09438867865872508,1297
cg02108015,0.09438531248081222,1297
cg24025550,0.09438257602234057,1297
cg15490801,0.09438063278458006,1297
cg20318166,0.0943805820665807,1297
cg00540295,0.09438043881871688,1297
cg24974704,0.09437871295508676,1297
cg13931134,0.094378506694487,1297
cg26674445,0.09437768315172745,1297
cg10975897,0.0943755479705041,1297
cg13941436,0.09437230656131596,1297
cg04134048,0.0943710293455122,1297
cg21624902,0.09436983602580652,1297
cg12467264,0.0943697934534372,1297
cg02771142,0.09436974452721728,1297
cg15698171,0.09436957263667553,1297
cg18285377,0.09436847117606645,1297
cg27282900,0.09436356962393598,1297
cg16175263,0.0943631557961914,1297
cg10395685,0.09436300469755649,1297
cg26990102,0.09436181059565328,1297
cg25497399,0.09436134571846935,1297
cg01305625,0.09436109203910406,1297
cg26398921,0.09436010398173628,1297
cg14757228,0.09435749019243453,1297
cg11130317,0.09435497177159019,1297
cg10165209,0.09435477147987509,1297
cg09233651,0.0943525977651189,1297
cg26995083,0.09435244210183369,1297
cg23272088,0.09434930217558954,1297
cg01569440,0.09434777185412943,1297
cg20694619,0.09434751048018941,1297
cg23291886,0.09434683880263274,1297
cg23049458,0.09434656051724516,1297
cg09264782,0.09434497974848133,1297
cg07694400,0.09434450294131402,1297
cg07480367,0.09434433464863254,1297
cg03704673,0.0943435264319814,1297
cg06417570,0.09434085337075582,1297
cg19518104,0.09434029755193396,1297
cg12360935,0.09433953914965715,1297
cg18649451,0.09433935280111433,1297
cg03635863,0.09433929672505692,1297
cg04639241,0.09433885894730046,1297
cg16593628,0.09433859557540264,1297
cg06204948,0.09433518360794124,1297
cg06720660,0.09433436623928532,1297
cg10996039,0.09433209137894788,1297
cg12085619,0.09433202133713597,1297
cg02632314,0.0943307532709787,1297
cg25773489,0.09433048738232219,1297
cg18596621,0.09433038362707277,1297
cg05470554,0.09432736200660824,1297
cg26540315,0.09432695881466868,1297
cg16024274,0.09432491352885672,1297
cg20267580,0.09432482459331792,1297
cg12999366,0.09432345084359181,1297
cg18984452,0.094323335972752,1297
cg24722073,0.09431747114173433,1297
cg17280106,0.09431723308244022,1297
cg25520872,0.09431566188902113,1297
cg09359750,0.09431130358081036,1297
cg15400101,0.0943111814514736,1297
cg17389928,0.09430965730445184,1297
cg14351287,0.09430912002953284,1297
cg06016911,0.09430790362227315,1297
cg17526103,0.09430628607207425,1297
cg18771570,0.09430512259312479,1297
cg12494373,0.09430378503619724,1297
cg19317211,0.09430320648837515,1297
cg18117403,0.09430317437454017,1297
cg04297922,0.09430093883714474,1297
cg05926722,0.09429856715155799,1297
cg07021532,0.09429490098369758,1297
cg17549513,0.09429483438461184,1297
cg10593400,0.09429481375378046,1297
cg18997124,0.0942937338075624,1297
cg19856499,0.09429323743686752,1297
cg23393728,0.09429102355547958,1297
cg11607648,0.09428961929752253,1297
cg17024828,0.09428885940930846,1297
cg04560225,0.09428601585690854,1297
cg15038286,0.09428334055794735,1297
cg26963367,0.0942831579648295,1297
cg11794801,0.09428211117153751,1297
cg12734023,0.0942814516779413,1297
cg15929363,0.09428012680269354,1297
cg25403488,0.09428002463591545,1297
cg15269394,0.09427661830928574,1297
cg12353452,0.09427536336521153,1297
cg07804289,0.09427319592475056,1297
cg04770195,0.09427247759440893,1297
cg23712401,0.09427130967938208,1297
cg04645914,0.09426808894797198,1297
cg00313094,0.09426008824286636,1297
cg01585348,0.09425936924736417,1297
cg10445599,0.0942573351431871,1297
cg17970299,0.09425731082798242,1297
cg02159489,0.09425554563235444,1297
cg10435816,0.09425553990408667,1297
cg01093028,0.09425397297468946,1297
cg24074783,0.09425342952865351,1297
cg27533704,0.09425170141514497,1297
cg17419888,0.09424946472634071,1297
cg19380156,0.09424914486800637,1297
cg08817507,0.0942451973168747,1297
cg18924331,0.09424090588756578,1297
cg17212127,0.09424081859687436,1297
cg21910543,0.09423538060487432,1297
cg04395954,0.09423517953508057,1297
cg00470044,0.09423393648598277,1297
cg13481969,0.0942318346047165,1297
cg20976526,0.09423025073773977,1297
cg22486834,0.09422879068435132,1297
cg11894474,0.09422762074128782,1297
cg20419272,0.0942251804542332,1297
cg13303358,0.09422173022657121,1297
cg11495604,0.0942216261635142,1297
cg10857250,0.09422080685909329,1297
cg02650401,0.09421768794100405,1297
cg06359703,0.09421723840314944,1297
cg12707343,0.09421659308928393,1297
cg04230891,0.09421570104235108,1297
cg08197287,0.09421549242735076,1297
cg18769909,0.0942132895739638,1297
cg13489528,0.09421316363921733,1297
cg04203646,0.09421110497761612,1297
cg03284879,0.09421094647488124,1297
cg21048763,0.09421043010663444,1297
cg21453378,0.094209088127852,1297
cg21918313,0.09420905106980285,1297
cg09433910,0.09420751715905773,1297
cg17906803,0.0942062061061128,1297
cg27366280,0.09420284112774138,1297
cg15397374,0.0942022697427597,1297
cg13213009,0.0941986416159296,1297
cg05416337,0.09419857246278493,1297
cg24935556,0.09419825255372982,1297
cg06918474,0.0941977317572705,1297
cg08850461,0.0941971144935288,1297
cg07244095,0.09419673479737495,1297
cg07586956,0.09419603528725379,1297
cg26543150,0.0941952013488038,1297
cg06202276,0.09419279864595656,1297
cg06655291,0.09419086967934237,1297
cg16217803,0.09418963845956763,1297
cg16006349,0.0941895481221279,1297
cg14772884,0.0941852854501159,1297
cg00567703,0.09418457361723936,1297
cg07402939,0.09418417611945162,1297
cg25880834,0.09418292923417193,1297
cg25236050,0.09418241100931563,1297
cg00526387,0.0941792908545821,1297
cg22007216,0.09417836668198104,1297
cg23874373,0.09417793902732047,1297
cg16909733,0.09417731987481028,1297
cg13380622,0.0941749001543899,1297
cg18741908,0.09417379279023538,1297
cg04005969,0.0941723925167256,1297
cg21687740,0.09417234514982903,1297
cg02710534,0.09417011228465488,1297
cg02025737,0.09417006237509032,1297
cg06378561,0.09416982512592059,1297
cg13173536,0.09416956560896134,1297
cg09817985,0.09416816587577984,1297
cg15341575,0.09416625064865058,1297
cg07719621,0.09416532578738246,1297
cg16936953,0.0941614572090142,1297
cg01645295,0.09415992119370963,1297
cg09715009,0.0941587978817301,1297
cg22289831,0.09415524703603718,1297
cg16134717,0.09415081974896733,1297
cg17555825,0.09414880740348361,1297
cg26956157,0.09414844840952113,1297
cg21584979,0.09414774758084343,1297
cg07636194,0.09414655188516316,1297
cg21301805,0.09414633277474072,1297
cg11282676,0.09414490725300956,1297
cg05483021,0.09414404051927219,1297
cg01543583,0.09414046387069028,1297
cg24128045,0.09413828000192845,1297
cg25900085,0.0941372098393154,1297
cg10002860,0.09413703768209608,1297
cg27048436,0.09413255382737123,1297
cg11203512,0.09413043324139139,1297
cg04744409,0.09413000257673401,1297
cg12861170,0.09412988919882814,1297
cg17799946,0.09412803318106541,1297
cg04779597,0.0941274086877722,1297
cg06294319,0.09412718093760791,1297
cg26819695,0.0941270294806481,1297
cg11593729,0.09412672575589648,1297
cg02362978,0.09412589367353796,1297
cg25954028,0.09412579661032394,1297
cg03108070,0.09412296724519462,1297
cg25440680,0.09412099905721794,1297
cg07829804,0.09412049037241332,1297
cg14666404,0.09412034778977582,1297
cg14872762,0.09412020769028598,1297
cg00697286,0.09412017801163713,1297
cg10117599,0.09411769538301995,1297
cg17155524,0.09411351542872126,1297
cg11701367,0.09411281165514906,1297
cg10624122,0.09411262420912941,1297
cg24474193,0.09410939589195114,1297
cg13669432,0.09410930189225525,1297
cg18448614,0.09410719276699389,1297
cg10689404,0.09410480910848079,1297
cg26000619,0.09410397685094246,1297
cg21376799,0.09410358785907513,1297
cg10339098,0.09410147989632323,1297
cg05023192,0.09410065674553922,1297
cg12980549,0.09409884399328275,1297
cg04467618,0.09409876604149382,1297
cg00806644,0.09409581932284244,1297
cg25718342,0.09409540998774099,1297
cg01857748,0.0940953498496559,1297
cg22373097,0.09409489156516437,1297
cg18352648,0.09409360020456281,1297
cg14833621,0.09409279620938743,1297
cg04428320,0.09409234594472624,1297
cg15493035,0.09409072374712035,1297
cg25508181,0.09408869917636731,1297
cg18913890,0.09408815422129826,1297
cg26550068,0.09408610342081072,1297
cg07177437,0.09408340441482374,1297
cg04193970,0.09408237850040649,1297
cg01990910,0.09408097204260746,1297
cg24599270,0.09408042915223541,1297
cg03254137,0.09407860153669334,1297
cg17616537,0.09407677381676627,1297
cg19919590,0.09407620451332929,1297
cg26618058,0.09407419219788477,1297
cg27132335,0.09407358568716168,1297
cg21211039,0.09407350009094362,1297
cg10600964,0.09407179106336289,1297
cg03681383,0.0940696618874081,1297
cg25215117,0.09406892916958332,1297
cg12756150,0.09406788227475554,1297
cg03223734,0.09406356817763528,1297
cg04457979,0.09406336878295793,1297
cg23533513,0.09406097472450275,1297
cg19582491,0.09404990596380133,1297
cg09261902,0.0940496031253048,1297
cg01054755,0.09404563360323137,1297
cg02964065,0.0940427648216296,1297
cg24630419,0.09404048025228001,1297
cg18044543,0.09403714926717033,1297
cg09414280,0.09403671697001142,1297
cg02707840,0.09403650093794463,1297
cg16532685,0.09403587682258713,1297
cg13411784,0.09403410948026183,1297
cg14149680,0.09403335175574767,1297
cg18406033,0.09403160088326667,1297
cg25132782,0.09402809165330059,1297
cg19757631,0.09402793839532864,1297
cg03855338,0.09402754102797362,1297
cg21490444,0.09402590203329286,1297
cg06118478,0.09402029961400643,1297
cg20379671,0.09401871919470609,1297
cg15488570,0.0940138616164573,1297
cg26800986,0.09401370591859087,1297
cg10592478,0.09401247372584559,1297
cg00661970,0.09401216303208682,1297
cg14046302,0.09400946659480525,1297
cg10911287,0.09400847590117672,1297
cg18591235,0.09400717176017892,1297
cg11880010,0.09400593510832594,1297
cg19897071,0.0940044919308327,1297
cg12950441,0.09400436353848768,1297
cg03650429,0.0940031959966636,1297
cg07211044,0.09400221518629587,1297
cg05396897,0.09400168146873723,1297
cg09401099,0.0940009342076277,1297
cg24089887,0.09400088610351678,1297
cg23051248,0.0940006589635867,1297
cg24798010,0.09399943723153137,1297
cg15511928,0.09399550787559463,1297
cg20342907,0.09399242893876347,1297
cg18851100,0.09399130668546485,1297
cg16298547,0.0939910793606119,1297
cg09839443,0.09398847995096987,1297
cg17380770,0.09398538167328135,1297
cg04716530,0.09398421708980942,1297
cg22726373,0.09398069993070973,1297
cg16066354,0.09398057998574016,1297
cg07120346,0.09398042457080658,1297
cg17802464,0.09397947646477045,1297
cg21082028,0.09397723525569798,1297
cg24401737,0.09397464442678949,1297
cg02073081,0.09397320590198116,1297
cg17714807,0.09397292184898792,1297
cg27027631,0.09397132581623546,1297
cg21577836,0.09396860389944364,1297
cg25296938,0.09396822425567197,1297
cg10715092,0.09396674858987203,1297
cg11605577,0.09396638368321233,1297
cg10933691,0.09396123760931052,1297
cg06104914,0.09395762752111772,1297
cg06259025,0.09395666714412274,1297
cg22972858,0.09395606157436304,1297
cg06294954,0.093953695802592,1297
cg14482116,0.09395280854467294,1297
cg12419052,0.09395257125124407,1297
cg21559943,0.09395161536579155,1297
cg06211550,0.09395088988781411,1297
cg22737478,0.09394859138194178,1297
cg15704700,0.0939481960731316,1297
cg02540781,0.09394728502881389,1297
cg07048504,0.09394602821495052,1297
cg20691608,0.09394600837330863,1297
cg10799846,0.09394397853853909,1297
cg11143193,0.09394132311858538,1297
cg17766560,0.09394077058867913,1297
cg13844899,0.0939394633146788,1297
cg21536086,0.09393855577186577,1297
cg17808634,0.09393632483434872,1297
cg11399546,0.09393547017570664,1297
cg02447879,0.09393073558399001,1297
cg08998189,0.09392853571599416,1297
cg05153345,0.09392740026580931,1297
cg21786601,0.09392697126569297,1297
cg14223293,0.09392037439610884,1297
cg11212589,0.09391841189573344,1297
cg04756252,0.09391830809433327,1297
cg19526353,0.09391527549404777,1297
cg23255283,0.09391203543984933,1297
cg26100099,0.09391176294408943,1297
cg07929646,0.09391162941751391,1297
cg11564601,0.0939104241764402,1297
cg19706515,0.09391034801179683,1297
cg16721321,0.09390966485501795,1297
cg07106989,0.09390828901703024,1297
cg01399475,0.09390804225693261,1297
cg15169374,0.09390148200643891,1297
cg17573292,0.09390108461388372,1297
cg11750851,0.09390097676530446,1297
cg06620723,0.09390096341242071,1297
cg26211041,0.09389969683330107,1297
cg02851203,0.09389959584240071,1297
cg03638781,0.09389942934920759,1297
cg15744671,0.09389773780661154,1297
cg02582218,0.09389384160651212,1297
cg24480695,0.09389336311421984,1297
cg17395184,0.09389305747847154,1297
cg27514608,0.0938929714553198,1297
cg04878000,0.09389250091303941,1297
cg07119829,0.0938906740829002,1297
cg16598244,0.09388975850182629,1297
cg08597799,0.09388913213872402,1297
cg04370442,0.09388088463214422,1297
cg12648074,0.09387893125607574,1297
cg07442736,0.09387732852347691,1297
cg11482422,0.09387617100241302,1297
cg21247923,0.09387610688845455,1297
cg18355337,0.0938737488817808,1297
cg22471112,0.0938727777441741,1297
cg23449696,0.09387233534690051,1297
cg01883635,0.0938712691192217,1297
cg06610484,0.09386831335094824,1297
cg27230769,0.09386638331255145,1297
cg08781365,0.09386346036534954,1297
cg07436807,0.0938632062018121,1297
cg01607625,0.09386283808997517,1297
cg06531379,0.09386168263418124,1297
cg04262505,0.09386151323021308,1297
cg03816707,0.09386079489376295,1297
cg21773820,0.09385984994240526,1297
cg23762915,0.09385850914326316,1297
cg04610274,0.09385838347795786,1297
cg11357079,0.09385796070478783,1297
cg20557595,0.09385597898119746,1297
cg05389024,0.09385562662040918,1297
cg13298147,0.09385479667772129,1297
cg23214755,0.0938546601860889,1297
cg23239574,0.0938540282952269,1297
cg18752527,0.09385124085773122,1297
cg21854332,0.09385108251658072,1297
cg22320365,0.09385079923603679,1297
cg14698448,0.09384935624134946,1297
cg24340081,0.09384886458022657,1297
cg20171396,0.09384883317020612,1297
cg18971175,0.09384821733142984,1297
cg18754118,0.0938469078215777,1297
cg16278496,0.09384690553663107,1297
cg00423153,0.0938460426406425,1297
cg24779921,0.09384472905275501,1297
cg18074954,0.09384468014728396,1297
cg12560020,0.09384250873038436,1297
cg14080585,0.09384201654065236,1297
cg10746447,0.0938366907556134,1297
cg10499901,0.09383393103441168,1297
cg22776856,0.09382995861445537,1297
cg19177627,0.09382827910544828,1297
cg24009250,0.0938281084190194,1297
cg15141378,0.09382749036935673,1297
cg22773661,0.09382581507567593,1297
cg11737334,0.09382223281306745,1297
cg01604401,0.09382099880558853,1297
cg12251779,0.09381965000455175,1297
cg12391643,0.09381961564844724,1297
cg15618108,0.09381498494849672,1297
cg16935980,0.0938149605193512,1297
cg10320410,0.09381421814558155,1297
cg04345034,0.09381387719622519,1297
cg04724873,0.09381384016167854,1297
cg24781973,0.0938125953148353,1297
cg19733736,0.09381096810382686,1297
cg25890168,0.09381026375532922,1297
cg05211790,0.09380987693170706,1297
cg25045893,0.09380985763136834,1297
cg08712336,0.0938096900175821,1297
cg11106060,0.09380936328592587,1297
cg18405691,0.09380791284377826,1297
cg19033943,0.09380753290806482,1297
cg21201401,0.09380742679014525,1297
cg04498153,0.09380679262168617,1297
cg17937101,0.09380474750504095,1297
cg21251140,0.09380387648161442,1297
cg24096680,0.09380117967230489,1297
cg21596313,0.09379868240546937,1297
cg20395967,0.09379744109076014,1297
cg05886546,0.09379522093897213,1297
cg02657539,0.09379273261590437,1297
cg03094620,0.0937848209308133,1297
cg26401541,0.09378176192605636,1297
cg07086492,0.09377925362773479,1297
cg13620034,0.09377529982785938,1297
cg07176609,0.09377456683269214,1297
cg00912573,0.09377424800287593,1297
cg22073869,0.09377359058626655,1297
cg16604126,0.09377325298484845,1297
cg24704177,0.09377252937085936,1297
cg10585661,0.09377154129677687,1297
cg24820672,0.09377139547253406,1297
cg05579037,0.09377086322976558,1297
cg10138970,0.09376999906145847,1297
cg12452800,0.09376903957086025,1297
cg18343480,0.0937676383673969,1297
cg20627754,0.09376741557066226,1297
cg05542681,0.0937674065924273,1297
cg14527262,0.09376706697307302,1297
cg15140703,0.09376364407536071,1297
cg18130044,0.09376224317503529,1297
cg03738707,0.093761947770577,1297
cg03365937,0.09375960945450418,1297
cg16555417,0.09375763886673352,1297
cg03998655,0.09375547515835958,1297
cg24901447,0.09375354142202344,1297
cg05514043,0.09375265942621008,1297
cg11222217,0.09374811459109433,1297
cg14231297,0.09374747811270831,1297
cg09944400,0.09374687116248809,1297
cg17408972,0.09374394939306505,1297
cg21570988,0.09374283086727064,1297
cg02587435,0.09374232382291192,1297
cg16589260,0.09374085635359353,1297
cg02782634,0.093740374461669,1297
cg09416512,0.09374034440348722,1297
cg11859489,0.09374000608829264,1297
cg20400904,0.09373932548309485,1297
cg25280526,0.09373578106345087,1297
cg19413693,0.09373555146436324,1297
cg03287339,0.09373417499798092,1297
cg12523924,0.09373121770621319,1297
cg01246520,0.0937310690224441,1297
cg27070808,0.09373067935928212,1297
cg03442712,0.09372840380228425,1297
cg03310376,0.09372719752076283,1297
cg11775521,0.09372524311160046,1297
cg00423364,0.0937247296697784,1297
cg14213105,0.0937237700036275,1297
cg05783384,0.09372282210320707,1297
cg08958549,0.09372124518826827,1297
cg01502466,0.09372100205551126,1297
cg20449590,0.09371915768590544,1297
cg15849703,0.0937174613127153,1297
cg18968279,0.09371707909958032,1297
cg05581451,0.09371633572033625,1297
cg22781764,0.09371452683891299,1297
cg23621097,0.09371423557296826,1297
cg08103988,0.0937112470978147,1297
cg04221650,0.0937069323340459,1297
cg19236675,0.09370632229686049,1297
cg06898293,0.09370336332458978,1297
cg05378938,0.09370315151384113,1297
cg00981737,0.09370235143513939,1297
cg17433211,0.09370220197881268,1297
cg14573810,0.09370190154269442,1297
cg19402483,0.09370133957502477,1297
cg19230800,0.09369979101328679,1297
cg04661709,0.09369949297310184,1297
cg09969277,0.09369938494916064,1297
cg09238199,0.09369897057494952,1297
cg19341106,0.09369744129888496,1297
cg01236751,0.09369723530431684,1297
cg20695297,0.09369712773949201,1297
cg02501155,0.0936946263848153,1297
cg18522038,0.09369398471196722,1297
cg09409539,0.09369274322228505,1297
cg20722088,0.09369114098244113,1297
cg05860723,0.09368462205666717,1297
cg21871232,0.09368342448238673,1297
cg20671415,0.09368270710825993,1297
cg13775533,0.09368264989544411,1297
cg10144863,0.09367959299004122,1297
cg02077084,0.09367823833112038,1297
cg08946713,0.09367741541261917,1297
cg05762671,0.09367731034962562,1297
cg12298268,0.09367492561903577,1297
cg06766960,0.09367423254937751,1297
cg10432569,0.09367344876472766,1297
cg12145907,0.0936728044970219,1297
cg14472366,0.09367160660701551,1297
cg18229134,0.09367075628688043,1297
cg02086790,0.09367070179263465,1297
cg01116873,0.09367018282091522,1297
cg12899747,0.09366810415349333,1297
cg04027736,0.09366714928913461,1297
cg21071097,0.09366524928918324,1297
cg14280330,0.09366280336652055,1297
cg14898147,0.09366128077787508,1297
cg21701351,0.0936612294567955,1297
cg04194341,0.09366094844615094,1297
cg12864235,0.09366047718805492,1297
cg26367197,0.09365874857720774,1297
cg16961536,0.09365764611417865,1297
cg08453458,0.09365289838107241,1297
cg20216309,0.09365235182335846,1297
cg20151221,0.09364559980172477,1297
cg12058544,0.093644649395036,1297
cg14550519,0.09364464614193643,1297
cg05589046,0.09364440226693865,1297
cg23434592,0.09364271291283097,1297
cg06787637,0.09364078143721094,1297
cg20237820,0.09364011897651925,1297
cg20761840,0.09363753218908155,1297
cg01320579,0.09363711657439217,1297
cg23980740,0.09363622487090484,1297
cg23998903,0.09362921395432186,1297
cg26888672,0.09362832387030406,1297
cg13990355,0.09362705258022512,1297
cg14491761,0.09362691496507503,1297
cg02743569,0.09362419480244466,1297
cg12060123,0.09362297148211338,1297
cg03507326,0.09362114167608909,1297
cg06048973,0.09362104677237632,1297
cg22534145,0.09361564692747824,1297
cg18142906,0.09361538488112708,1297
cg04681600,0.0936150409972385,1297
cg04473654,0.09361321403650463,1297
cg08755784,0.09361293927913072,1297
cg00978051,0.09361137202039826,1297
cg08390209,0.09361123836257049,1297
cg09737668,0.09361111504791808,1297
cg19368016,0.09360893852991872,1297
cg04548856,0.09360598240055737,1297
cg09762242,0.09360547640064187,1297
cg08070200,0.09360437047691833,1297
cg02198513,0.09360432814082087,1297
cg10949007,0.09360417639857802,1297
cg20531550,0.0936037638019594,1297
cg21830459,0.09360282849993101,1297
cg26091021,0.09359933251078323,1297
cg01064265,0.09359802072793794,1297
cg06003986,0.09359653858728394,1297
cg26808583,0.09359458701523737,1297
cg10359460,0.09359411537257023,1297
cg15570148,0.09359406248319618,1297
cg25291653,0.09359400028061371,1297
cg05862356,0.09359273455963793,1297
cg23824183,0.0935912689401325,1297
cg11122968,0.09358670131037236,1297
cg24766030,0.0935860556629905,1297
cg26003056,0.09358506694671159,1297
cg07135614,0.09358464036192336,1297
cg25567805,0.09358406927108182,1297
cg15255946,0.09358338889944495,1297
cg22857109,0.09358282124388828,1297
cg09448880,0.09358195684731052,1297
cg23270712,0.09358064165875929,1297
cg20982735,0.09357951121818889,1297
cg06958766,0.09357815793540875,1297
cg24100671,0.09357803343830803,1297
cg09084244,0.09357663137031261,1297
cg02332696,0.09357658134223792,1297
cg10243459,0.09357632902769386,1297
cg16354520,0.09357581410672688,1297
cg09583041,0.09357552239521844,1297
cg14440640,0.09357508753470689,1297
cg22589778,0.09357393598146735,1297
cg17901924,0.09357348583527658,1297
cg12688965,0.0935725657269808,1297
cg07339783,0.09357160030157922,1297
cg03234702,0.09357072631807345,1297
cg06816156,0.0935702355872493,1297
cg24747763,0.09356931347943881,1297
cg21221767,0.09356610411323779,1297
cg07393854,0.09356589981468438,1297
cg26343510,0.09356505369276885,1297
cg20291436,0.09356174303576018,1297
cg02394701,0.09356145593608389,1297
cg26348487,0.09356024492948967,1297
cg14750746,0.09355785903064368,1297
cg01820962,0.09355721922739951,1297
cg09137301,0.093555005267902,1297
cg08972954,0.09355428329206562,1297
cg24881255,0.09355408304502741,1297
cg06822690,0.093553356929446,1297
cg19589131,0.09355179293540414,1297
cg11578064,0.093549631183442,1297
cg02031308,0.09354939808526969,1297
cg06966811,0.09354903939750797,1297
cg20770409,0.09354849389779907,1297
cg25460281,0.0935482524434676,1297
cg14184078,0.09354636412428398,1297
cg15456502,0.09354620629502985,1297
cg11918450,0.09354176930880281,1297
cg00813378,0.09353897572863647,1297
cg15613534,0.09353812673889639,1297
cg11260046,0.09353707229368052,1297
cg05090785,0.09353540636060491,1297
cg06591011,0.09353314154522402,1297
cg07176561,0.09353240171572902,1297
cg02306995,0.0935300440332712,1297
cg26461267,0.09352867303119125,1297
cg01556706,0.09352864048853993,1297
cg19569526,0.09352819447917654,1297
cg02458516,0.09352651144571084,1297
cg19898448,0.09352647991024476,1297
cg20464719,0.09352642147639469,1297
cg19719930,0.0935252912620268,1297
cg12489960,0.09352468822315582,1297
cg27175112,0.0935239191345188,1297
cg12350863,0.09352349831588866,1297
cg09423312,0.09352268213280765,1297
cg21969792,0.0935209109857616,1297
cg08251025,0.09352067985482937,1297
cg19907776,0.09351994833837404,1297
cg18781988,0.09351814853401907,1297
cg19663795,0.09351732700320761,1297
cg03066050,0.09351720435496291,1297
cg05410910,0.0935169025988336,1297
cg25330016,0.09351430379302478,1297
cg14478713,0.09351362161432247,1297
cg14586560,0.0935125593958118,1297
cg17920195,0.09350981377546436,1297
cg24892069,0.09350635194935475,1297
cg06341027,0.0935022449588559,1297
cg10172584,0.09349973062892203,1297
cg11062466,0.09349954950799272,1297
cg10636490,0.09349603866507898,1297
cg08546016,0.093492635780478,1297
cg15611336,0.09349243742136801,1297
cg10732611,0.0934905752608502,1297
cg08918985,0.0934903288235811,1297
cg22466653,0.09349027626018958,1297
cg18580274,0.09348387364388391,1297
cg07323648,0.09348155467174327,1297
cg04679530,0.0934800477640518,1297
cg01949002,0.09347922178205806,1297
cg05583608,0.0934785645359591,1297
cg16233450,0.0934774458966193,1297
cg05750926,0.09347610346268692,1297
cg14604700,0.09347565561292775,1297
cg00017826,0.0934751679757857,1297
cg22559355,0.09347379738299708,1297
cg15778433,0.09347335188254025,1297
cg26128092,0.09347250521229845,1297
cg02052531,0.09347105498331407,1297
cg09568647,0.09347083499842189,1297
cg26295272,0.09347043387615761,1297
cg06248767,0.09346941077618842,1297
cg21840948,0.09346886604658172,1297
cg24547253,0.0934674910711269,1297
cg03402235,0.09346512418070452,1297
cg03681926,0.09346474104407357,1297
cg25985031,0.09346456390956406,1297
cg23051664,0.09346295340962887,1297
cg06055873,0.09346134020387115,1297
cg00033213,0.09346051213841686,1297
cg27187580,0.09346019686747803,1297
cg00945443,0.0934567707750949,1297
cg12000932,0.09345650285875493,1297
cg16321280,0.0934564760696088,1297
cg04067284,0.09345602423435062,1297
cg04349727,0.09345572469551955,1297
cg11436025,0.09345355081208384,1297
cg19324437,0.0934531081221387,1297
cg26154937,0.09345291994160856,1297
cg02302348,0.09345151131776747,1297
cg00434010,0.09345055135614269,1297
cg03460756,0.0934503339119519,1297
cg08565979,0.09344798641157454,1297
cg27209729,0.09344581178727307,1297
cg13960999,0.09344522256527121,1297
cg26360792,0.09344471362966526,1297
cg15676292,0.09344313330631321,1297
cg11019008,0.09344278361653124,1297
cg15627089,0.09344265579931119,1297
cg08473330,0.09344250720228287,1297
cg02951847,0.09344131446758236,1297
cg00901051,0.09343847628518266,1297
cg05347898,0.09343765776273301,1297
cg21546950,0.09343538688417158,1297
cg23675587,0.09343448523175196,1297
cg26306476,0.09343433284702118,1297
cg12741994,0.09343385991619207,1297
cg03616148,0.09343347380198594,1297
cg11783834,0.09343205281239347,1297
cg15285250,0.09343181765915463,1297
cg02928699,0.0934297855905887,1297
cg16580937,0.09342934162737032,1297
cg18855674,0.09342892454156831,1297
cg07547765,0.09342464851048554,1297
cg09488203,0.09342414467929491,1297
cg13655615,0.09342228317337037,1297
cg05674928,0.0934219422603052,1297
cg24262376,0.09342173672664705,1297
cg04697946,0.09342000636359482,1297
cg07135032,0.09341870923275236,1297
cg27304204,0.09341531622346164,1297
cg18759788,0.09341529037650972,1297
cg03969260,0.09341516784470882,1297
cg08089567,0.0934144143635594,1297
cg05584759,0.09341430010167925,1297
cg27142536,0.09341422855102978,1297
cg27623406,0.09341149457669085,1297
cg06692929,0.09341118160018305,1297
cg00458878,0.0934061517737951,1297
cg23913421,0.09340466099448615,1297
cg13538551,0.09340446931386187,1297
cg18912728,0.09340383543274244,1297
cg23250528,0.09340209587573278,1297
cg20336472,0.09340082303420899,1297
cg07720334,0.09339999744783645,1297
cg22237425,0.09339973404095134,1297
cg03808351,0.093399733176885,1297
cg03070236,0.09339684417695271,1297
cg27135989,0.09339682954109613,1297
cg03479694,0.09339653103521808,1297
cg01204985,0.09339417089444796,1297
cg02894896,0.0933937144651596,1297
cg05087623,0.09339262513359531,1297
cg00272971,0.09339260492763099,1297
cg21057473,0.09339244388023496,1297
cg20091689,0.0933920008835779,1297
cg22804236,0.09339098997689504,1297
cg13488811,0.09339077109274338,1297
cg06200244,0.0933907420465715,1297
cg19954017,0.09338876780574545,1297
cg09185386,0.09338678791125221,1297
cg02394186,0.09338664434324823,1297
cg02751808,0.0933865483351543,1297
cg16481791,0.0933865432627295,1297
cg09001989,0.09338579597551108,1297
cg21038932,0.09338159284609174,1297
cg22601108,0.09338138080625286,1297
cg01033356,0.09338137265497454,1297
cg20706776,0.093380050908902,1297
cg04314711,0.09338001779076913,1297
cg27280535,0.09337868804211119,1297
cg25176746,0.09337763948845729,1297
cg08087868,0.09337382220120495,1297
cg20996351,0.09337309011826356,1297
cg22737154,0.09337166903744035,1297
cg03089651,0.09337126050852806,1297
cg09511177,0.09337016397951325,1297
cg02511845,0.09336967977841654,1297
cg26883171,0.09336656675826877,1297
cg02299497,0.0933663899053826,1297
cg03830329,0.09336625060278195,1297
cg11152825,0.09336514831990289,1297
cg06618764,0.09336476600752142,1297
cg11248166,0.09336413936915128,1297
cg19570321,0.09336295006958012,1297
cg18759102,0.09336165513360911,1297
cg25368667,0.09336146387992811,1297
cg18151410,0.09336131940178305,1297
cg05371791,0.0933556102692844,1297
cg26515471,0.09335542520461393,1297
cg00183684,0.09335535312860901,1297
cg13549638,0.09335368965160468,1297
cg17980184,0.09335214835889416,1297
cg24110063,0.09334889507790958,1297
cg24410453,0.09334811394371773,1297
cg13672200,0.09334791212814758,1297
cg22914507,0.09334784159319309,1297
cg22119676,0.09334672052144355,1297
cg11232245,0.09334624316180656,1297
cg10738003,0.09334565439516501,1297
cg22490695,0.09334457332245827,1297
cg06679334,0.09334420027558762,1297
cg16151362,0.09334375460030012,1297
cg12652641,0.09333704169322159,1297
cg07382943,0.09333697776743499,1297
cg08837866,0.0933363367787306,1297
cg06488150,0.0933363308706345,1297
cg20181079,0.09333586540457178,1297
cg14247154,0.09333274923291116,1297
cg05462446,0.09333196535036584,1297
cg04078644,0.09333179779190853,1297
cg22488352,0.09333130473801846,1297
cg13780614,0.0933311611197512,1297
cg11734329,0.09333090381972328,1297
cg08687753,0.09333068095645908,1297
cg13483447,0.09332767648535506,1297
cg20403557,0.09332749528747192,1297
cg06273075,0.09332603489914199,1297
cg03533472,0.09332513383960446,1297
cg20784207,0.09332349336631629,1297
cg10006614,0.09332191246497756,1297
cg00624418,0.09332132501572238,1297
cg05874732,0.09331995939666554,1297
cg24838237,0.0933180290271125,1297
cg12053891,0.09331724379187105,1297
cg24646841,0.09331625251246328,1297
cg04656051,0.09331250760516896,1297
cg16725552,0.09331168259845585,1297
cg02793828,0.09331023554889598,1297
cg00522048,0.09330884061731876,1297
cg03255182,0.09330753013474372,1297
cg09667394,0.0933073828858938,1297
cg27532845,0.09330676098976401,1297
cg24624901,0.09330492685539593,1297
cg13753435,0.0933016791336174,1297
cg07568203,0.09330144014653036,1297
cg18512948,0.09330011512631783,1297
cg20823348,0.09329982745533069,1297
cg17116120,0.09329981432441256,1297
cg08155109,0.09329891385294906,1297
cg03699843,0.09329856230117317,1297
cg10017626,0.09329577304360631,1297
cg14236118,0.0932957199079193,1297
cg26836479,0.09329541939191893,1297
cg10649897,0.09329501309604171,1297
cg17453840,0.09329473037082228,1297
cg09462924,0.09329454326153569,1297
cg13270055,0.09329303803408062,1297
cg03729152,0.09329064906208506,1297
cg23238119,0.0932897182207651,1297
cg20963227,0.09328781806020167,1297
cg07909128,0.09328772495529292,1297
cg20742562,0.09328760409587868,1297
cg14519356,0.09328682647635808,1297
cg00045607,0.0932867765405953,1297
cg08455778,0.09328586360015814,1297
cg15384383,0.09328494145579655,1297
cg11252953,0.0932849137111269,1297
cg14246568,0.09328331437907716,1297
cg23676369,0.09328067447155858,1297
cg12930338,0.09327975436133848,1297
cg09681335,0.09327966465664166,1297
cg03594078,0.09327961291535977,1297
cg22052566,0.09327921801418729,1297
cg12041830,0.09327888357165792,1297
cg07533824,0.09327463842996808,1297
cg27350602,0.09327398900411812,1297
cg18935516,0.09327387611087826,1297
cg23254569,0.09327358496158428,1297
cg13673094,0.09327294457679092,1297
cg00864551,0.09327258247063142,1297
cg08886020,0.09326897768246939,1297
cg05939560,0.09326604378817088,1297
cg20921712,0.0932648157131574,1297
cg07376033,0.0932629558227368,1297
cg17780731,0.09326155403481654,1297
cg04389398,0.09325786139278663,1297
cg16519587,0.09325775730658639,1297
cg11281961,0.09325754873705339,1297
cg07774193,0.09325526000571271,1297
cg04376887,0.09325491258704452,1297
cg08125125,0.09325452302119819,1297
cg06000732,0.09324746425757424,1297
cg15896157,0.09324586376045907,1297
cg18264092,0.09324463185578567,1297
cg12949547,0.09324382894059641,1297
cg05768427,0.0932426843972422,1297
cg06992213,0.09324227566416704,1297
cg02878244,0.09324019334879413,1297
cg11331445,0.09323996424541052,1297
cg08311343,0.0932381883595383,1297
cg15858483,0.09323686947238746,1297
cg19267457,0.09323601088348962,1297
cg10851715,0.09323528310916626,1297
cg09960641,0.09323509287589402,1297
cg27599015,0.09323308740452813,1297
cg11282657,0.09323199644648728,1297
cg13294849,0.09322904294548452,1297
cg27507261,0.09322805264432799,1297
cg13493635,0.09322713929734533,1297
cg07362168,0.09322635408910719,1297
cg14703829,0.09322605878173318,1297
cg10146929,0.09322538221067017,1297
cg27493010,0.09321698603335452,1297
cg13639451,0.09321556246703355,1297
cg06428425,0.09321402307372817,1297
cg04118910,0.09321320460401078,1297
cg03623599,0.09321123895102423,1297
cg24704759,0.09320987584829865,1297
cg00096603,0.09320937264789864,1297
cg23129452,0.09320743128752301,1297
cg13117953,0.09320624704156905,1297
cg05307141,0.09320456991824314,1297
cg19958750,0.09320446735358714,1297
cg27345762,0.09320400663816764,1297
cg02295872,0.09320324419829784,1297
cg15132565,0.093202948174752,1297
cg15555932,0.09320166078805062,1297
cg04367345,0.09320114721073935,1297
cg08863830,0.09319840675395985,1297
cg24017800,0.09319832277250253,1297
cg17980625,0.09319540295701492,1297
cg11534519,0.09319506128471966,1297
cg15412759,0.09319397204271423,1297
cg20965743,0.09319384529182911,1297
cg06878741,0.0931929711023306,1297
cg22490134,0.0931923232145698,1297
cg09003509,0.09319231112890936,1297
cg12754571,0.09319198189177919,1297
cg02331189,0.09319138396474541,1297
cg07442907,0.09319048408209912,1297
cg01623438,0.093190440571428,1297
cg01242145,0.09318985269594438,1297
cg06703222,0.09318228687951119,1297
cg22614142,0.09318150398888929,1297
cg04004158,0.09317791465336706,1297
cg19254119,0.09317757945216557,1297
cg21985691,0.09317679382080579,1297
cg01656789,0.09317554638271375,1297
cg15033140,0.09317293811992222,1297
cg10372920,0.09316982765997239,1297
cg17143376,0.09316817700634719,1297
cg02726819,0.09316800473919412,1297
cg10825068,0.09316585156997453,1297
cg02833117,0.0931653422668351,1297
cg01267373,0.09316224581722882,1297
cg02196651,0.09316195628340995,1297
cg24610561,0.09316087457975869,1297
cg12797828,0.09316001183754646,1297
cg08771694,0.09315900512525976,1297
cg07249730,0.09315891353387212,1297
cg08620329,0.09315885072837282,1297
cg19972272,0.09315476273211043,1297
cg23028941,0.09315322180765198,1297
cg04876124,0.09315264595799566,1297
cg11928275,0.09315186976651747,1297
cg08130572,0.09315166808872613,1297
cg16099687,0.09314861321785523,1297
cg21805731,0.09314744292953298,1297
cg19858214,0.09314350672650823,1297
cg23943268,0.09314034033037583,1297
cg00769161,0.0931398214961425,1297
cg23016600,0.09313913336103613,1297
cg08605326,0.09313824046576201,1297
cg14464563,0.09313803631649897,1297
cg14811011,0.0931373860146461,1297
cg26857315,0.09313634949624916,1297
cg00211403,0.09313446309273934,1297
cg05688618,0.09313443363922475,1297
cg14025637,0.09313355593105321,1297
cg01140660,0.09313349872722515,1297
cg14197503,0.09313304972253741,1297
cg03575666,0.09313060680818047,1297
cg07621949,0.09312957229068375,1297
cg22840780,0.0931233036708018,1297
cg00300794,0.0931231343461485,1297
cg26310969,0.09312163684561875,1297
cg08609578,0.0931199763821515,1297
cg27313674,0.09311985907217069,1297
cg16426034,0.09311845797875218,1297
cg25597580,0.09311292030571566,1297
cg14374432,0.09311271310611702,1297
cg17781464,0.0931124384446248,1297
cg08285768,0.09311111216563533,1297
cg04086097,0.09311084069304759,1297
cg04892766,0.09310854820075498,1297
cg16277944,0.09310818618374997,1297
cg23717441,0.0931068804551276,1297
cg01734698,0.09310495923331946,1297
cg05320424,0.0931005573870749,1297
cg15541170,0.09309975919584974,1297
cg01823510,0.09309956589031429,1297
cg02700491,0.0930968499081476,1297
cg08233811,0.0930964295747357,1297
cg08206267,0.0930962128436861,1297
cg17850597,0.09309616518188107,1297
cg08580380,0.09309447068320964,1297
cg04212081,0.09309371613843559,1297
cg18872016,0.09309140810510746,1297
cg11944797,0.09309022283770424,1297
cg18740800,0.09308746444461585,1297
cg00404717,0.09308717075344211,1297
cg14859324,0.09308670864294338,1297
cg16184802,0.09308618824147497,1297
cg15059065,0.09308494612737635,1297
cg22401835,0.09308188300934767,1297
cg08942800,0.09308152690695148,1297
cg26427535,0.09307956140445847,1297
cg09180702,0.09307949231326351,1297
cg10917547,0.09307840926617833,1297
cg27125824,0.0930767995980285,1297
cg08402246,0.0930767393483517,1297
cg01383287,0.09307523585919777,1297
cg08582485,0.09307312170988744,1297
cg22732636,0.09307052982632114,1297
cg17384380,0.09306993229296397,1297
cg18237551,0.09306971568435536,1297
cg14321742,0.09306348625936456,1297
cg21680474,0.09306297255885138,1297
cg15393903,0.09306020618918143,1297
cg17049418,0.09305734152830142,1297
cg03805618,0.09305694185165092,1297
cg15988569,0.09305406244825476,1297
cg01616628,0.0930518090176099,1297
cg02852959,0.09305070230363321,1297
cg03646096,0.09304978454161861,1297
cg00231728,0.0930481916480097,1297
cg05266816,0.09304790734336951,1297
cg12684999,0.09304669528540901,1297
cg02824888,0.09304648135534646,1297
cg19048532,0.0930462993678699,1297
cg02459416,0.09304518618250274,1297
cg26073885,0.09304296869782208,1297
cg13725899,0.0930427820199109,1297
cg13572892,0.09303783619389844,1297
cg06206801,0.09303777784635286,1297
cg24843346,0.09303587562131796,1297
cg12464048,0.09303536231419808,1297
cg15671083,0.09303505152630784,1297
cg00341204,0.09303467444315366,1297
cg12513880,0.09303410713529822,1297
cg16431369,0.09303398030450533,1297
cg23636571,0.09303327836955733,1297
cg14834925,0.09303326163588108,1297
cg02222324,0.09303242747816798,1297
cg02274550,0.09303179769374498,1297
cg23447996,0.09303120216312902,1297
cg25377206,0.09303115834261982,1297
cg09592958,0.09303076631842544,1297
cg26561187,0.09303023622305523,1297
cg08223235,0.09302900560185362,1297
cg25634742,0.09302687423393874,1297
cg22495636,0.09302549919702788,1297
cg26353287,0.09302515281248275,1297
cg13448978,0.0930248878045643,1297
cg12688234,0.09302487516269177,1297
cg05267204,0.09302318880059479,1297
cg13847898,0.09302275967241014,1297
cg22884656,0.09302191214669348,1297
cg12580943,0.09302029923109156,1297
cg06206957,0.09301803201211367,1297
cg15800907,0.09301735830625943,1297
cg11982525,0.09301676382567398,1297
cg23384093,0.09301627513545876,1297
cg14632485,0.09301599760802587,1297
cg12987059,0.0930151183086767,1297
cg00565932,0.09301489294915011,1297
cg01719405,0.09301381418813692,1297
cg04751089,0.0930137671996179,1297
cg18615133,0.09301179428456688,1297
cg16777618,0.09301140536790914,1297
cg05648614,0.0930110573939012,1297
cg01734062,0.09300923456391205,1297
cg19295951,0.09300889096809459,1297
cg04197347,0.09300806970440195,1297
cg26815032,0.09300776278237446,1297
cg03260643,0.09300702364515029,1297
cg19061798,0.09300658231719977,1297
cg18777600,0.09300584513009347,1297
cg26286839,0.09300574446810106,1297
cg23574899,0.09300388076957308,1297
cg01735558,0.09300345232513108,1297
cg21342586,0.09300141384806199,1297
cg07906632,0.09300016157308941,1297
cg10442549,0.09299886720087092,1297
cg05923350,0.09299868387191446,1297
cg04507426,0.09299703507409346,1297
cg06889535,0.09299528913827274,1297
cg03337057,0.09299464865608514,1297
cg09304014,0.09299349652566874,1297
cg23753807,0.09299316835602234,1297
cg21474247,0.092991423070237,1297
cg01444716,0.09298955340630752,1297
cg06695838,0.09298708330349442,1297
cg06866827,0.09298683617947878,1297
cg01268824,0.09298639273138717,1297
cg08071609,0.09298634442367162,1297
cg26194251,0.09298591552841534,1297
cg02590088,0.09298134729874888,1297
cg22136403,0.09298087581159103,1297
cg24803687,0.09297894516838034,1297
cg01754756,0.09297816267111414,1297
cg12600692,0.09297655605047422,1297
cg09332484,0.09297625342809006,1297
cg07967723,0.09297621664037192,1297
cg18647449,0.09297601078636047,1297
cg24330456,0.09297423991528891,1297
cg20908789,0.09297317028567201,1297
cg23992209,0.0929724163256061,1297
cg03530983,0.09297132166936994,1297
cg14453187,0.0929704552544312,1297
cg19343611,0.09296984021148012,1297
cg26295435,0.09296962100519579,1297
cg06262280,0.09296731859741979,1297
cg00166343,0.09296377357168956,1297
cg10775576,0.09296362105105763,1297
cg25131632,0.09296076937809467,1297
cg19966212,0.09296055135609893,1297
cg16706613,0.09295870201061046,1297
cg21608600,0.09295750095997468,1297
cg08954601,0.09295606050050509,1297
cg24598922,0.09295458994705846,1297
cg27628707,0.09295442815940425,1297
cg18693822,0.09295303807093025,1297
cg23520688,0.0929515240584301,1297
cg23166252,0.09294936654241291,1297
cg23059946,0.09294852307270857,1297
cg18633600,0.09294849391255368,1297
cg14710529,0.09294646032769616,1297
cg19474047,0.09294586698830831,1297
cg17164345,0.09294415090887234,1297
cg04768602,0.09294364403330443,1297
cg25527090,0.09294364030907781,1297
cg23340017,0.09294326528575497,1297
cg25477497,0.09294314806384477,1297
cg05357932,0.09294293088884076,1297
cg14429381,0.09294281042229996,1297
cg05693331,0.09294067531710856,1297
cg04774930,0.09293970595753659,1297
cg20083900,0.09293713547576343,1297
cg04933168,0.0929339825597571,1297
cg16619378,0.09293189937742127,1297
cg04528477,0.09293028225632294,1297
cg12814117,0.09293012296985625,1297
cg03726556,0.09292875763276201,1297
cg14484973,0.09292767468605037,1297
cg17200850,0.09292741060691789,1297
cg00202568,0.09292656228887558,1297
cg00503302,0.09292632753581681,1297
cg03388789,0.09292533295251598,1297
cg09309208,0.0929246707272165,1297
cg10233904,0.09292367296063675,1297
cg05979457,0.09292262311065533,1297
cg25801976,0.09292096498156285,1297
cg00370962,0.09292095586066634,1297
cg03750478,0.09291927831882868,1297
cg24920933,0.0929192489466954,1297
cg14385738,0.09291758628372751,1297
cg20139336,0.09291719188248615,1297
cg18378551,0.09291584957207838,1297
cg26116326,0.09291421436346253,1297
cg24946117,0.09291412964675291,1297
cg27615388,0.09291207152341271,1297
cg22336337,0.09291147077719303,1297
cg24954895,0.09291132896131211,1297
cg27565555,0.0929109043374493,1297
cg01687040,0.09291043643790076,1297
cg11199014,0.09290945540877937,1297
cg09814034,0.09290903774493431,1297
cg16461530,0.09290847408982975,1297
cg00295794,0.09290382211436346,1297
cg18731327,0.0929034956864655,1297
cg16402387,0.09290104124733783,1297
cg04552625,0.09289971391343063,1297
cg05299278,0.09289505515207802,1297
cg04179740,0.0928945429847513,1297
cg26929700,0.09289417595918273,1297
cg14950747,0.0928920144435561,1297
cg03438101,0.09289146248312197,1297
cg08650934,0.09289108612611313,1297
cg23959772,0.09288966900928103,1297
cg07875069,0.0928895149293047,1297
cg00397422,0.09288703326592623,1297
cg01196858,0.09288653202753439,1297
cg02935132,0.09288614864306313,1297
cg15473502,0.09288610005986442,1297
cg10591516,0.09288303551343463,1297
cg08164294,0.09288262841723438,1297
cg04628369,0.09288023359462974,1297
cg06930757,0.09287901411004493,1297
cg03894891,0.09287692705769518,1297
cg11093142,0.09287629565066788,1297
cg25586329,0.09287627481210442,1297
cg20131581,0.09287458315383249,1297
cg03771840,0.09287445466391775,1297
cg09126995,0.09287350837111594,1297
cg02676167,0.09287056511116554,1297
cg03301582,0.0928702682818614,1297
cg05283646,0.09286922465858682,1297
cg06635764,0.09286892452297613,1297
cg27299406,0.09286868420103851,1297
cg01785605,0.09286795953242782,1297
cg22952917,0.0928676371706173,1297
cg03065612,0.09286666695279377,1297
cg02855309,0.09286627654532503,1297
cg18477166,0.09286558995640726,1297
cg16627786,0.09286447923928598,1297
cg10594510,0.09286266344734179,1297
cg12367786,0.0928613450415216,1297
cg01070197,0.09285695496749813,1297
cg15241074,0.09285619719217468,1297
cg06631775,0.09285589328443702,1297
cg06237774,0.09285486807508195,1297
cg11026555,0.09285477191707375,1297
cg17217691,0.09285434092150882,1297
cg06336535,0.09285410788973979,1297
cg06765552,0.0928538553037964,1297
cg26132947,0.0928528308576787,1297
cg15840418,0.09285281114850924,1297
cg26751972,0.09285172511485876,1297
cg11362596,0.09285057408491665,1297
cg25465065,0.09284949979007989,1297
cg10079027,0.09284345137173033,1297
cg06064525,0.09284272256701404,1297
cg11949335,0.09284245809852582,1297
cg21167817,0.09284217877192369,1297
cg13851767,0.0928399746768529,1297
cg12905673,0.09283940438881216,1297
cg26550235,0.09283782602088986,1297
cg17050941,0.09283761455633605,1297
cg01515155,0.09283738578618567,1297
cg09294347,0.0928364888306866,1297
cg20893031,0.09283560167400219,1297
cg09220088,0.09283525232326933,1297
cg24690731,0.09283480106049705,1297
cg05514909,0.09282954795692286,1297
cg18135379,0.09282721519596604,1297
cg05973555,0.0928254274217668,1297
cg12670347,0.09282533710027596,1297
cg25925252,0.09282501472247456,1297
cg10588962,0.09282375792032643,1297
cg10700435,0.09282217340714291,1297
cg02852025,0.09281927387635158,1297
cg21942150,0.0928185522127013,1297
cg15021280,0.09281716132281681,1297
cg19721787,0.09281658087476338,1297
cg27323784,0.09281638950316334,1297
cg02309029,0.09281536960729872,1297
cg10026775,0.09281438795164404,1297
cg12821804,0.0928143540213093,1297
cg19689368,0.09281363043372393,1297
cg24520538,0.09281225032193244,1297
cg25625968,0.09281137160373681,1297
cg24534173,0.09280921480992621,1297
cg03029296,0.09280920049960803,1297
cg21834032,0.09280914465010565,1297
cg23523368,0.09280788295673748,1297
cg07766263,0.09280641701391085,1297
cg15626193,0.09280578973005804,1297
cg09548084,0.09280442211813189,1297
cg06591613,0.0928040670781081,1297
cg23188704,0.09280389229305952,1297
cg15607672,0.09280305059622901,1297
cg06382093,0.09280280165961691,1297
cg25370441,0.09280226281511328,1297
cg03605610,0.09280062271281372,1297
cg07688836,0.09279638204741975,1297
cg00263248,0.09279568981011102,1297
cg10071275,0.09279467291604016,1297
cg19392335,0.09279301621564867,1297
cg03738352,0.09279216959707746,1297
cg21396517,0.09279163522164385,1297
cg20943095,0.09279146686648948,1297
cg16283362,0.09278730526015717,1297
cg19418458,0.09278618465037147,1297
cg15794987,0.09278529122615015,1297
cg23159970,0.09278297505419539,1297
cg26305827,0.09278073836895515,1297
cg22932649,0.09277899973492493,1297
cg03677069,0.09277849183926667,1297
cg07505433,0.09277848276950124,1297
cg12121643,0.09277675668065868,1297
cg09784347,0.09277542393580668,1297
cg01832712,0.09277429496840561,1297
cg08636620,0.09277385082540568,1297
cg06407371,0.0927735658754251,1297
cg27588321,0.09277097265243933,1297
cg00282706,0.09276981810929716,1297
cg07177380,0.09276816285907198,1297
cg16325502,0.0927669810599463,1297
cg12856760,0.09276617767023487,1297
cg20814503,0.09276416170294949,1297
cg04199533,0.09276376976425216,1297
cg23369111,0.09276147272672053,1297
cg27091865,0.09276047583514502,1297
cg09532691,0.09275999988706797,1297
cg08230177,0.09275949728784608,1297
cg26195495,0.09275913363767463,1297
cg06389019,0.09275825984748268,1297
cg24258712,0.09275783012595518,1297
cg24465592,0.09275773148408539,1297
cg22855900,0.09275617805214649,1297
cg19044462,0.09275508109848096,1297
cg02907150,0.09274884023099339,1297
cg00178249,0.09274832792461093,1297
cg08238375,0.09274719957378164,1297
cg24536818,0.09274679803916264,1297
cg09305096,0.0927462212509943,1297
cg06471596,0.0927453766212285,1297
cg10246141,0.09274143993245845,1297
cg06042849,0.0927407985321986,1297
cg26516362,0.09274061597241762,1297
cg26307871,0.09273925189685772,1297
cg23450509,0.09273849120297091,1297
cg11092416,0.0927381283949851,1297
cg06710769,0.0927377477717986,1297
cg24727114,0.09273657408807526,1297
cg26143540,0.09273552919477379,1297
cg10619365,0.09273421126715362,1297
cg21250721,0.09273397584144835,1297
cg26229752,0.0927329492218873,1297
cg10767420,0.09273289479909663,1297
cg14011327,0.09273281650615423,1297
cg05159188,0.09272824471150226,1297
cg15772924,0.09272600936756709,1297
cg27219362,0.092724913895875,1297
cg08546690,0.09272462071007526,1297
cg25365934,0.09272424551112401,1297
cg09308613,0.09272395942027534,1297
cg10296548,0.09272299491633512,1297
cg15938529,0.09272225488064684,1297
cg05353869,0.09271856676293594,1297
cg24872117,0.0927184973044976,1297
cg22671410,0.09271255185795435,1297
cg07948085,0.09271243118003683,1297
cg01997629,0.09271184319626741,1297
cg03607951,0.09271112027656878,1297
cg03780851,0.09270966665970914,1297
cg00568984,0.09270769762956432,1297
cg05626117,0.09270709498771465,1297
cg24296452,0.09270649296946334,1297
cg04762351,0.09270343731811748,1297
cg09287650,0.09270282087792098,1297
cg19972193,0.09270240825485207,1297
cg03516335,0.09270179837252823,1297
cg23971182,0.09270102793049778,1297
cg04317962,0.09270090881339332,1297
cg07434253,0.09269989485165886,1297
cg02851435,0.09269980537366435,1297
cg07050616,0.09269748322911013,1297
cg01403885,0.09269550299294887,1297
cg05035508,0.09269482275735802,1297
cg18055623,0.09269324082483615,1297
cg17737409,0.09268760409150978,1297
cg03680032,0.09268753373495711,1297
cg10984625,0.09268562244550937,1297
cg23954787,0.09268510923478118,1297
cg11111460,0.09268488432711752,1297
cg14013103,0.092684354892073,1297
cg02696327,0.0926843464553147,1297
cg23504246,0.09268409546764969,1297
cg21514857,0.09268399393919985,1297
cg13519918,0.09268271555530838,1297
cg14645545,0.09268234889346855,1297
cg05291674,0.09268159624496997,1297
cg05921260,0.09268088938799446,1297
cg26877596,0.09268087103817232,1297
cg24142603,0.09268052906279073,1297
cg27289662,0.09268049428757852,1297
cg04129548,0.09267984904224674,1297
cg19574297,0.0926793737277874,1297
cg05511778,0.0926735046752506,1297
cg13453203,0.09267277566831167,1297
cg12813754,0.09267119553330333,1297
cg14594187,0.09266898594662085,1297
cg11256802,0.0926685710031408,1297
cg20091795,0.09266792378821584,1297
cg06422883,0.09266772511364152,1297
cg00679184,0.09266663646105289,1297
cg20449614,0.09266609151433158,1297
cg17869514,0.09266490946681628,1297
cg26724949,0.09266283979003485,1297
cg00140889,0.09266244562339848,1297
cg09893465,0.09266179744434094,1297
cg02750065,0.09266019936213182,1297
cg12732715,0.09265808688360744,1297
cg03953660,0.09265724738619294,1297
cg08580836,0.09265713400320973,1297
cg07976644,0.092655538783828,1297
cg10547761,0.09265540013669124,1297
cg21434530,0.0926552688903982,1297
cg22647738,0.09265186311795043,1297
cg07324702,0.09264935797272363,1297
cg23975425,0.09264881820151843,1297
cg13534503,0.09264712176257223,1297
cg14755699,0.09264595824356314,1297
cg11176415,0.09264334532986418,1297
cg01974091,0.09264293825994677,1297
cg00445232,0.09264007798212565,1297
cg23598068,0.09263865046518521,1297
cg23101649,0.09263850079324804,1297
cg04566826,0.09263676562489473,1297
cg27490391,0.09263612609953731,1297
cg25966300,0.09263482502788073,1297
cg21836062,0.09263358978533798,1297
cg11884933,0.09263334383611382,1297
cg05234326,0.09263275748805619,1297
cg26279253,0.09263179526963938,1297
cg16580985,0.09262775632691925,1297
cg00945666,0.09262337721689963,1297
cg15444621,0.09262298070107366,1297
cg17626734,0.09262230741438388,1297
cg16737517,0.09262216014778157,1297
cg24057558,0.09262169068522036,1297
cg12989851,0.09262027251213961,1297
cg04934382,0.09261902235026226,1297
cg21993547,0.09261885609522402,1297
cg11724511,0.09261821858568808,1297
cg14010405,0.09261803312212707,1297
cg14042121,0.09261701058943286,1297
cg14204430,0.09261634750286593,1297
cg02553516,0.09261590818087416,1297
cg04814784,0.0926137887044341,1297
cg00452882,0.09261289526421346,1297
cg27270565,0.09261176443971914,1297
cg06543974,0.09261073384951768,1297
cg24670552,0.09261060424228001,1297
cg11904429,0.09261036660668415,1297
cg05389989,0.09260682893228328,1297
cg17747199,0.09260600483517278,1297
cg25940239,0.09260600162395977,1297
cg11599981,0.09260550147092808,1297
cg15331383,0.09260422286868086,1297
cg20820107,0.09260382469587142,1297
cg10795659,0.09260268346772502,1297
cg24704593,0.0926018187219883,1297
cg24146331,0.0926010830930542,1297
cg10540679,0.09260051847470349,1297
cg11200414,0.09260042463191903,1297
cg09129067,0.09259571552156658,1297
cg13314863,0.09259392055968718,1297
cg23516310,0.09259283579077382,1297
cg06351520,0.09259241204303387,1297
cg25786388,0.0925922202724116,1297
cg22324567,0.0925921939938639,1297
cg07534448,0.09259122947547452,1297
cg21854286,0.09258930152983727,1297
cg02411198,0.09258711801056527,1297
cg24928938,0.09258569625815954,1297
cg23007665,0.09258274856989165,1297
cg23898497,0.09258265402821182,1297
cg13429423,0.09258195965426624,1297
cg03828193,0.09258169868110339,1297
cg24919476,0.09258090390800006,1297
cg09304624,0.09257988101927159,1297
cg14181940,0.09257714241022777,1297
cg17977723,0.09257600392001114,1297
cg23954268,0.09257553543158362,1297
cg17799599,0.09257550011752697,1297
cg01694400,0.09257463075111433,1297
cg07090653,0.09257383118331339,1297
cg21047695,0.09257354875005414,1297
cg11898486,0.09256973943646513,1297
cg14085715,0.09256687290324364,1297
cg18973247,0.09256518247656417,1297
cg09065113,0.09256518162255667,1297
cg02251771,0.09256426982445964,1297
cg16901862,0.09256276480001774,1297
cg26570714,0.09256098976710336,1297
cg09111482,0.09256091457585358,1297
cg10777887,0.09256070051792822,1297
cg10513118,0.09255953030018699,1297
cg02711397,0.09255785054076535,1297
cg18690729,0.09255660146633957,1297
cg00151251,0.09255591395940266,1297
cg21924447,0.09255553366923,1297
cg07813031,0.09255456118119432,1297
cg22340475,0.09255385356081158,1297
cg13343687,0.0925527291928073,1297
cg20654468,0.09255200612110798,1297
cg15037823,0.09255025556796281,1297
cg21162344,0.09254767339953818,1297
cg15279364,0.0925470910338283,1297
cg27107963,0.09254696524300993,1297
cg21428710,0.09254308376026978,1297
cg16871763,0.09254114485000206,1297
cg08362592,0.09254017727641795,1297
cg14701491,0.09253801873368503,1297
cg21639713,0.09253769664589628,1297
cg06354695,0.09253749855740162,1297
cg07486085,0.09253342470127829,1297
cg01065806,0.0925318680144386,1297
cg07523043,0.0925316967243115,1297
cg04546999,0.09253131508619172,1297
cg12196406,0.0925297755445316,1297
cg22697034,0.09252817650153988,1297
cg16051685,0.09252790446770379,1297
cg07277756,0.09252773892911104,1297
cg09899185,0.09252727929248639,1297
cg19260084,0.09252721056858376,1297
cg09814127,0.09252379037153258,1297
cg08814148,0.09252341520746185,1297
cg04110962,0.09252246506087036,1297
cg04869122,0.0925198181356755,1297
cg18255353,0.09251858825376683,1297
cg00868860,0.09251853488850253,1297
cg06213900,0.09251846545599154,1297
cg10919344,0.09251776537483805,1297
cg02311163,0.09251684566512502,1297
cg26513854,0.0925167753750051,1297
cg06437840,0.09251418085934672,1297
cg01883155,0.09251412029490552,1297
cg11510586,0.09251355663112448,1297
cg06732228,0.09251301334419126,1297
cg09979478,0.09251227111884056,1297
cg08871964,0.09250966122826407,1297
cg20095656,0.09250917041381812,1297
cg14338513,0.09250877621969539,1297
cg01851672,0.0925077556331626,1297
cg03232620,0.09250740810319763,1297
cg27480573,0.09250662249226763,1297
cg14495514,0.09250608239265323,1297
cg23125993,0.09250220805412677,1297
cg11551879,0.09250165123695892,1297
cg17076635,0.09250140091934574,1297
cg07896448,0.09250131720884855,1297
cg17974247,0.09250001681618439,1297
cg09807875,0.09249706665463878,1297
cg02345317,0.09249432316764059,1297
cg19407410,0.09249390716478623,1297
cg15693572,0.09249373924800658,1297
cg24607398,0.09249156691628202,1297
cg23079727,0.09249118091871622,1297
cg16803846,0.09249004223621704,1297
cg08030922,0.0924864640456168,1297
cg01027553,0.0924859142388968,1297
cg17087907,0.092484637968693,1297
cg10305797,0.09248358215998692,1297
cg04683210,0.09247854906699293,1297
cg23133355,0.09247754501566763,1297
cg20513976,0.09247730167756868,1297
cg09328012,0.09247561639747282,1297
cg05376119,0.09247457929623507,1297
cg00646084,0.09247439067321833,1297
cg02329358,0.09247388440435991,1297
cg01109734,0.09247256083549932,1297
cg22462657,0.09247247033944062,1297
cg14875171,0.09247197348366955,1297
cg10649042,0.09247061089007097,1297
cg18267049,0.09247056090593513,1297
cg18185648,0.09246882523402972,1297
cg13607709,0.0924677349518709,1297
cg16072661,0.09246626829795052,1297
cg13550401,0.0924650687622563,1297
cg26521129,0.09246212394744788,1297
cg24377495,0.09245986960402786,1297
cg23920642,0.09245768047329711,1297
cg19045293,0.0924569803725104,1297
cg01457883,0.0924503409651527,1297
cg03242265,0.0924492711199229,1297
cg19944876,0.09244898163730178,1297
cg26453169,0.09244811295742736,1297
cg00221709,0.09244677377822869,1297
cg25919123,0.09244489580548922,1297
cg19683675,0.09244261547271343,1297
cg20083442,0.09244253483581952,1297
cg08974687,0.09244191883107175,1297
cg01255417,0.09244188176880797,1297
cg20909380,0.0924384092899706,1297
cg02963248,0.09243689818190065,1297
cg08407901,0.09243678466010664,1297
cg06162185,0.09243503753187954,1297
cg16312002,0.09243458210388122,1297
cg10107725,0.09243116666481166,1297
cg07942990,0.09242310974561965,1297
cg06819251,0.09242193594138709,1297
cg09645336,0.09241902067876365,1297
cg06984025,0.09241849794281229,1297
cg14032089,0.09241669543301073,1297
cg25368647,0.09241474479665379,1297
cg10880006,0.09241326759959234,1297
cg09483595,0.09241074032581453,1297
cg09870385,0.09240983531992228,1297
cg07139509,0.09240957844397094,1297
cg16765600,0.09240924333274414,1297
cg06916059,0.09240825254558829,1297
cg04499646,0.09240744582697924,1297
cg05869417,0.09240561106483525,1297
cg22978477,0.09240445408211473,1297
cg09569569,0.09240436774941,1297
cg11088682,0.09240345163664046,1297
cg15928106,0.09240260717083995,1297
cg04559779,0.09240153558913056,1297
cg22290648,0.09240116479559443,1297
cg00442802,0.09239998967448651,1297
cg10528576,0.09239612059219629,1297
cg17071446,0.09239560888615764,1297
cg01144086,0.09239464864755864,1297
cg13178198,0.09238917776602712,1297
cg13468214,0.09238818548143096,1297
cg20610594,0.09238627273610495,1297
cg12305074,0.09238540193093309,1297
cg00880290,0.0923849551944968,1297
cg18131582,0.09238438078837322,1297
cg00714725,0.09238417631471564,1297
cg19867107,0.09238399793439095,1297
cg04650654,0.09238269497644572,1297
cg04745004,0.09238179065616658,1297
cg06419732,0.09238156994130264,1297
cg02333730,0.09238134266837592,1297
cg19146767,0.09237931865948795,1297
cg06357685,0.09237797795183933,1297
cg16996144,0.09237768487456936,1297
cg01803759,0.09237752487981131,1297
cg15904283,0.09237626405616217,1297
cg07180197,0.0923759438686393,1297
cg27067781,0.09237506190784278,1297
cg18457597,0.09237410468439711,1297
cg19025461,0.09237304491751297,1297
cg06106599,0.09237090861626798,1297
cg05028948,0.09237060292980931,1297
cg04402575,0.09237022278133827,1297
cg05257086,0.09236931637344692,1297
cg05402641,0.092368506215599,1297
cg06950952,0.09236834562511004,1297
cg02109507,0.09236751652719305,1297
cg18317439,0.0923664722326657,1297
cg12812233,0.0923664440399971,1297
cg01160692,0.09236540061881138,1297
cg09162909,0.09236466866587587,1297
cg12035782,0.09236393063545834,1297
cg25945273,0.09236312776318928,1297
cg21484940,0.09236236687441823,1297
cg07949720,0.09236208286793574,1297
cg02639667,0.09236063760282842,1297
cg06221449,0.09236030266260925,1297
cg10940055,0.09235889301983885,1297
cg00430895,0.09235866542028753,1297
cg16664523,0.0923584052438223,1297
cg06198069,0.09235834020031852,1297
cg09420319,0.09235677450469038,1297
cg27517968,0.09235560768393014,1297
cg12979789,0.09235292274607451,1297
cg25845867,0.09235012066297504,1297
cg06419850,0.0923499593734313,1297
cg19862235,0.09234955351149898,1297
cg09543819,0.0923493893875621,1297
cg23055236,0.09234911767081122,1297
cg18339359,0.09234812839443052,1297
cg22851420,0.09234811398580536,1297
cg21207320,0.09234781618961385,1297
cg02936035,0.0923478094910114,1297
cg17102042,0.09234485591590152,1297
cg27049594,0.09234341016383504,1297
cg12537796,0.09234247424884989,1297
cg24307499,0.09233991960692073,1297
cg09832911,0.09233843938908581,1297
cg03170036,0.09233705540885934,1297
cg25032094,0.09233603300175464,1297
cg16370778,0.09233510384804372,1297
cg04911180,0.09233500668735556,1297
cg22184990,0.09233117512364541,1297
cg22741735,0.09233060624002526,1297
cg18888461,0.09232832546919523,1297
cg12511214,0.09232753353163874,1297
cg08698943,0.09232636670408143,1297
cg02304226,0.09232558180888645,1297
cg04468380,0.0923249768374651,1297
cg03905867,0.09232266349709996,1297
cg06960356,0.09231957058513246,1297
cg25013753,0.09231948681246377,1297
cg01998606,0.09231882301368899,1297
cg12805552,0.09231755210087811,1297
cg10173694,0.09231684286423192,1297
cg02395590,0.09231588775808394,1297
cg18970151,0.0923133219905945,1297
cg07121856,0.09231288238384011,1297
cg24258529,0.09231095030565356,1297
cg25570913,0.09230876264330168,1297
cg00527805,0.09230776840327792,1297
cg24507760,0.09230608541827642,1297
cg00778084,0.09230495021279053,1297
cg24065270,0.09230371625147413,1297
cg18208185,0.09230273953072488,1297
cg07838943,0.09230237940055108,1297
cg14829155,0.09230177400607853,1297
cg18900591,0.09229774845062139,1297
cg13378013,0.092297019058316,1297
cg24092939,0.09229607448594332,1297
cg26508170,0.09229534586380794,1297
cg05096415,0.09229324082301968,1297
cg09437479,0.09229033605897502,1297
cg12655190,0.09228964494803275,1297
cg27540865,0.09228831501857973,1297
cg05738240,0.09228755945821315,1297
cg16751357,0.09228603704857181,1297
cg19474888,0.09228568037242496,1297
cg11788486,0.0922845265061158,1297
cg09563893,0.09228387219803269,1297
cg03368634,0.09228283715510205,1297
cg17406023,0.09227967453981267,1297
cg01239704,0.09227957079526977,1297
cg17175364,0.09227774218206658,1297
cg13417891,0.09227733497397617,1297
cg06645921,0.09227640767245146,1297
cg12019614,0.09227570920390121,1297
cg22843538,0.09227151269152306,1297
cg27131703,0.09227115477161169,1297
cg12945444,0.09227101912119229,1297
cg19563932,0.09226957005707542,1297
cg19886365,0.09226898068853828,1297
cg20005705,0.0922656733725854,1297
cg17852507,0.09226404002775296,1297
cg11888982,0.09226349934511868,1297
cg22040867,0.09226268309962565,1297
cg06532379,0.09226229181253412,1297
cg05445291,0.09226170629166727,1297
cg25503695,0.09225987695691129,1297
cg04173816,0.09225838779094697,1297
cg14068309,0.09225797708138311,1297
cg08784129,0.09225630470093421,1297
cg19325791,0.09225551605627377,1297
cg14376836,0.09225449381049283,1297
cg10220068,0.0922526663711215,1297
cg26055747,0.092252580189353,1297
cg17661717,0.09225033907825259,1297
cg11234339,0.09225022723820889,1297
cg09929238,0.0922498917659611,1297
cg25220769,0.0922495913073599,1297
cg06526872,0.09224892437444775,1297
cg19444779,0.09224838034904781,1297
cg10296799,0.09224801638989849,1297
cg22598885,0.0922476228892743,1297
cg07855242,0.0922474802982175,1297
cg14142283,0.09224691188901123,1297
cg16888547,0.09224631020968116,1297
cg02907132,0.09224459443513411,1297
cg01015395,0.09224095536259214,1297
cg05245515,0.09223791697311212,1297
cg04683516,0.09223782013252788,1297
cg11599680,0.09223777251635999,1297
cg03580358,0.09223581796440572,1297
cg05021643,0.09223470967763303,1297
cg13712952,0.09223098673396235,1297
cg07654896,0.09223019927037113,1297
cg09586459,0.09222924296620404,1297
cg08538682,0.09222886523252752,1297
cg23210521,0.0922283274765463,1297
cg14711997,0.0922269037172701,1297
cg09571713,0.09222645617855382,1297
cg23172080,0.09222606951458992,1297
cg26395507,0.0922251605699195,1297
cg05818824,0.09222307086612513,1297
cg00449201,0.09222127670252628,1297
cg16989132,0.09222124896239628,1297
cg21577365,0.09221782740957093,1297
cg21582831,0.09221676499397002,1297
cg25975382,0.09221259127244608,1297
cg13314394,0.0922119098590084,1297
cg27377289,0.09221061123794029,1297
cg26750742,0.09220902950069859,1297
cg20716058,0.09220901136503676,1297
cg03023152,0.09220852084523556,1297
cg09117448,0.09220762820934003,1297
cg04602007,0.09220718158856411,1297
cg16302655,0.09220371609519032,1297
cg10996589,0.0922015542090977,1297
cg25888386,0.0922010306121588,1297
cg20211134,0.09220004927018047,1297
cg02152417,0.09220000422721619,1297
cg00221654,0.09219639970447155,1297
cg11544522,0.0921949749347799,1297
cg16616467,0.09219251886711971,1297
cg08058894,0.09219187143272554,1297
cg19763108,0.09219085511981981,1297
cg24803719,0.09219070135768681,1297
cg10662314,0.09218978405781027,1297
cg10558740,0.09218672943423784,1297
cg20714968,0.0921843779345779,1297
cg25351550,0.09218381519278981,1297
cg24605023,0.09218011227138562,1297
cg25433760,0.09217620595747067,1297
cg09281805,0.09217611279429555,1297
cg00806826,0.0921760274705388,1297
cg00058449,0.09217469133945633,1297
cg24681125,0.09217450011207079,1297
cg19216056,0.09217366706218527,1297
cg00257800,0.09217291891357596,1297
cg07418387,0.09216901637335129,1297
cg19473799,0.0921665737004096,1297
cg01947943,0.09216627645733916,1297
cg01867320,0.09216545610515064,1297
cg02584678,0.09216291207932731,1297
cg14401746,0.09216100119652429,1297
cg10615591,0.09215923671747533,1297
cg24486958,0.09215901730779262,1297
cg02344606,0.09215855842790138,1297
cg18220786,0.09215834905410336,1297
cg14431024,0.09215764707850199,1297
cg20933946,0.09215564057624201,1297
cg23280506,0.09215509811617356,1297
cg12550344,0.09215387957481824,1297
cg21988813,0.09215257047524217,1297
cg23236370,0.09215184860505121,1297
cg14510967,0.092151151789925,1297
cg01275661,0.09215051044441502,1297
cg24335070,0.0921500622671806,1297
cg15003570,0.09215000331022324,1297
cg06647751,0.09214929499519159,1297
cg05384663,0.09214885811414203,1297
cg02623400,0.09214719483946777,1297
cg10914899,0.09214660211420123,1297
cg16708981,0.09214601943733558,1297
cg06763161,0.09214571831112073,1297
cg16326611,0.09214339172447195,1297
cg16530382,0.09214328778433489,1297
cg05597945,0.09214259224450638,1297
cg24453118,0.09214068928192143,1297
cg09484541,0.09214040008740981,1297
cg16616765,0.09214020650309945,1297
cg09465698,0.09213843865311316,1297
cg22827250,0.0921384183776281,1297
cg20577572,0.09213840534331458,1297
cg02893344,0.09213790456544263,1297
cg12204974,0.09213789822049245,1297
cg04079301,0.09213746652853419,1297
cg08416194,0.09213705340906196,1297
cg09867002,0.09213564728376317,1297
cg21873967,0.09213494256235438,1297
cg21503701,0.09213449222544251,1297
cg03441452,0.09213226764043381,1297
cg05255095,0.09213210262586863,1297
cg01830023,0.0921318519746401,1297
cg14401749,0.09213142738758187,1297
cg11852333,0.09213053296510731,1297
cg19808847,0.09212878498420024,1297
cg02149509,0.09212843226811795,1297
cg25652742,0.09212811751143207,1297
cg22541254,0.0921277796169375,1297
cg27076223,0.09212586460668715,1297
cg02730139,0.09212554998591987,1297
cg03845745,0.0921241158295204,1297
cg10357060,0.0921229220765985,1297
cg21228424,0.09212163287936587,1297
cg03175771,0.09212084599708073,1297
cg26675876,0.09212024771472785,1297
cg06051146,0.0921188260740706,1297
cg13292636,0.09211464873689898,1297
cg25769315,0.09211305936135045,1297
cg09899173,0.092113029311915,1297
cg20916523,0.09211230905431766,1297
cg13545297,0.09211203389614048,1297
cg11999571,0.09211186159785795,1297
cg17140978,0.09211175453652046,1297
cg26023912,0.09211142296080388,1297
cg11023392,0.09211017256253141,1297
cg25484252,0.09211008473402582,1297
cg25123566,0.0921080477985574,1297
cg25826404,0.09210733252784073,1297
cg08896939,0.09210679497483398,1297
cg02481714,0.092106143541206,1297
cg01938514,0.0921051742465337,1297
cg09940032,0.0921049259979298,1297
cg15291243,0.0921031948025614,1297
cg10124413,0.09210231564267694,1297
cg01981433,0.09209790963017905,1297
cg02054232,0.09209682462676386,1297
cg13051263,0.09209647807363261,1297
cg23351724,0.09209587208372855,1297
cg09027601,0.0920956039138735,1297
cg07700843,0.09209448914451512,1297
cg07873154,0.0920940490046735,1297
cg27443071,0.09209369249601768,1297
cg05436231,0.09209228763977544,1297
cg05788681,0.09209121029150977,1297
cg20941258,0.09209032729890976,1297
cg21304833,0.09208964395186092,1297
cg08326019,0.09208939659566201,1297
cg25472174,0.09208544800007634,1297
cg15983585,0.09208310048553897,1297
cg11892946,0.09208241619668289,1297
cg08457178,0.09208033539967855,1297
cg17341765,0.09207934189604228,1297
cg04608582,0.09207764799975754,1297
cg11405475,0.09207724179824364,1297
cg01636184,0.09207703340222095,1297
cg00028678,0.09207616590769602,1297
cg16278877,0.09207600930703097,1297
cg00963998,0.09207577600278538,1297
cg17454283,0.09207459514379646,1297
cg26780125,0.09207448206077246,1297
cg07523753,0.09207419293131902,1297
cg21879236,0.09207208346815349,1297
cg22609785,0.09207022969459755,1297
cg09445803,0.09206919801020086,1297
cg26925463,0.0920675135883682,1297
cg07037019,0.0920666918497855,1297
cg12740857,0.09206031610816506,1297
cg05813673,0.09205968635679707,1297
cg25414370,0.09205953323080396,1297
cg08834989,0.09205936603064002,1297
cg13165140,0.09205666910006705,1297
cg14790115,0.09205488154046354,1297
cg02211646,0.09205435807104281,1297
cg01052291,0.09205251549464691,1297
cg22995232,0.09205184356584331,1297
cg14448169,0.09205134414283649,1297
cg16985288,0.09205070078833877,1297
cg15778089,0.09205002548521818,1297
cg15067015,0.09204740203802758,1297
cg22658846,0.09204241105252381,1297
cg13042918,0.0920424010053994,1297
cg01588993,0.09204148912547422,1297
cg20733761,0.09204057828766551,1297
cg02361306,0.09203986898507427,1297
cg20265748,0.09203976894046684,1297
cg10396171,0.0920395066223971,1297
cg26494929,0.09203927370980275,1297
cg05338731,0.09203837226763334,1297
cg07388018,0.0920348086440608,1297
cg17951713,0.09203474456565322,1297
cg14495916,0.09203323523123019,1297
cg08476157,0.09203128448651038,1297
cg16898193,0.0920310553422928,1297
cg15634928,0.09203060597806967,1297
cg26058731,0.09203042810551837,1297
cg04357965,0.09202960200644786,1297
cg16379999,0.09202910474182663,1297
cg23546506,0.09202873417166707,1297
cg20011075,0.09202826494187483,1297
cg02772171,0.0920279617772578,1297
cg11650987,0.09202579503171984,1297
cg17583432,0.09202231412309447,1297
cg21649629,0.09202228680803998,1297
cg14544666,0.0920197056004978,1297
cg12464638,0.0920191919287909,1297
cg25509871,0.09201857652804973,1297
cg11969813,0.09201698702331784,1297
cg08715720,0.09201685140822363,1297
cg12233487,0.09201655994703492,1297
cg23391641,0.09201630067580618,1297
cg09575280,0.09201531555112827,1297
cg01262667,0.0920128572938953,1297
cg01484915,0.09201250296163788,1297
cg26954695,0.09201250170594599,1297
cg06585708,0.09200925954911522,1297
cg11650763,0.092009027014881,1297
cg15076824,0.09200823015356546,1297
cg12268637,0.09200197521956857,1297
cg01190989,0.09200091724381881,1297
cg14063129,0.09200049687425471,1297
cg19432993,0.09199971337093818,1297
cg07201017,0.09199926204650313,1297
cg08860346,0.09199858352715401,1297
cg18792992,0.09199686626658438,1297
cg16747973,0.09199608562266398,1297
cg14840782,0.09199512838358137,1297
cg19422019,0.09199286473561089,1297
cg07031408,0.09199203587623692,1297
cg26248586,0.09199195176600755,1297
cg08944086,0.09199153782462305,1297
cg01619490,0.09199079592133846,1297
cg06468626,0.09199062723946741,1297
cg05138040,0.09198958147766684,1297
cg15485247,0.09198947470231078,1297
cg01893731,0.09198635547903841,1297
cg04308040,0.09198626448627802,1297
cg14077898,0.09198349026196684,1297
cg13153009,0.09198316268681872,1297
cg00112952,0.09198287703648064,1297
cg16145113,0.09198185767590783,1297
cg16758809,0.09198083364830029,1297
cg16609181,0.09197907249731413,1297
cg21543918,0.09197895621170502,1297
cg23985420,0.09197854025345287,1297
cg23004985,0.09197838571047012,1297
cg00928816,0.09197745421975079,1297
cg26764761,0.09197682856518088,1297
cg06071058,0.09197630216042452,1297
cg14292834,0.09197454694316348,1297
cg12973904,0.09197322057762836,1297
cg14022022,0.09197276999970033,1297
cg02022733,0.09197238571162022,1297
cg14003087,0.09197214339869741,1297
cg16612423,0.09197099185073265,1297
cg24703533,0.09197035090743297,1297
cg12019109,0.0919701565253293,1297
cg02047211,0.09196790411857797,1297
cg16635578,0.0919648983972271,1297
cg19810536,0.09196305159104881,1297
cg11107212,0.09196177820412454,1297
cg02683307,0.09196076107220574,1297
cg09127107,0.09195677671931465,1297
cg15623175,0.09195653750974858,1297
cg06100756,0.09195483145011774,1297
cg17125837,0.09195441479168379,1297
cg04707408,0.09195207333731722,1297
cg20627652,0.09195178517325675,1297
cg20576955,0.09195173048748775,1297
cg07851675,0.09194691620051183,1297
cg18015301,0.091946418379589,1297
cg04545516,0.0919435922613035,1297
cg16777510,0.09194315839023043,1297
cg26429499,0.0919408507562196,1297
cg17841545,0.09193594809531663,1297
cg19495714,0.09193592380479193,1297
cg03119435,0.09193499823730533,1297
cg20663376,0.09193438438459715,1297
cg26521708,0.09193157883306519,1297
cg01652476,0.09193091456941088,1297
cg07482257,0.091930684168431,1297
cg08624915,0.09193058229615275,1297
cg18630178,0.09192896864206501,1297
cg08512490,0.0919277764532765,1297
cg18450254,0.09192754967565947,1297
cg27512868,0.09192702717453965,1297
cg05704942,0.09192650098150609,1297
cg27313044,0.09192459926777385,1297
cg02362848,0.09192437386131491,1297
cg14386202,0.09192163629044246,1297
cg03714619,0.09192107902223512,1297
cg27374199,0.09192065873537991,1297
cg23668195,0.09191925243506952,1297
cg23109344,0.09191472601900554,1297
cg03950873,0.09191292232373505,1297
cg09958402,0.09191198978949006,1297
cg04821520,0.09190967449819165,1297
cg01572434,0.09190725768976371,1297
cg21189224,0.09190543850206623,1297
cg19828416,0.09190522363419978,1297
cg10704263,0.0919015872389721,1297
cg04429994,0.0919009815715171,1297
cg11610460,0.09189965980683523,1297
cg04640675,0.09189880493058927,1297
cg05513806,0.09189863390657249,1297
cg07207982,0.09189799657174968,1297
cg05222982,0.09189614492167983,1297
cg02848750,0.09189511567526332,1297
cg18259504,0.09189498825424841,1297
cg01617280,0.09189270308395321,1297
cg19523255,0.09189180398616131,1297
cg13056369,0.09189108271359214,1297
cg22381248,0.09188989955306637,1297
cg05589454,0.0918890302940874,1297
cg04574507,0.09188760043144528,1297
cg16841389,0.09188683891802266,1297
cg02909809,0.09188616896832724,1297
cg20060685,0.0918848378306159,1297
cg16669395,0.09188476497763287,1297
cg19664945,0.09188427248023762,1297
cg20789483,0.09188397945266685,1297
cg07498879,0.09188317506503854,1297
cg06658404,0.09188227851210859,1297
cg04204002,0.09188064550887742,1297
cg02299007,0.09188016014825187,1297
cg11008003,0.09187930746857315,1297
cg07879671,0.09187913943024922,1297
cg13572369,0.09187877403342806,1297
cg15690342,0.0918785052340378,1297
cg19333255,0.09187651830244759,1297
cg13366470,0.09187364846439089,1297
cg21519787,0.09187188903632532,1297
cg05516328,0.09186947235070209,1297
cg03157509,0.09186917610566314,1297
cg08043565,0.09186738913896692,1297
cg13401703,0.09186665189956436,1297
cg13048437,0.09186583268763487,1297
cg04628802,0.09186577051131611,1297
cg05002602,0.09186245899564718,1297
cg12669271,0.09186077298618567,1297
cg07864297,0.09185960676589211,1297
cg15085899,0.09185943915646189,1297
cg18129748,0.09185602439344259,1297
cg04201675,0.09185387590054084,1297
cg19216631,0.0918534512881383,1297
cg01041239,0.09185147631873526,1297
cg24788034,0.09184868272742003,1297
cg26667946,0.09184596474598919,1297
cg01452115,0.09184499594297596,1297
cg18064927,0.09184252585126187,1297
cg09959242,0.09184240487598067,1297
cg02936593,0.09184213533953403,1297
cg01485838,0.09184134579448383,1297
cg17495087,0.0918413163479207,1297
cg01598421,0.09183894535804626,1297
cg20597842,0.09183858361199981,1297
cg17666539,0.09183821437416072,1297
cg05300248,0.09183798310689475,1297
cg19857461,0.09183733740447259,1297
cg00647859,0.09183622681216763,1297
cg20674248,0.09183590869038305,1297
cg26291600,0.09183382245714944,1297
cg04076766,0.09183250672415316,1297
cg04037732,0.09183147873029689,1297
cg01517431,0.0918314558937261,1297
cg13608733,0.09183110070708969,1297
cg22016094,0.09183098324449568,1297
cg03466198,0.09183022967804078,1297
cg23950233,0.09182907279942501,1297
cg18358723,0.09182838654018238,1297
cg09788416,0.09182811150425624,1297
cg10953312,0.09182794997090074,1297
cg15661120,0.09182696516435757,1297
cg03132824,0.0918262848479568,1297
cg14228146,0.09182604885779921,1297
cg26253898,0.09182211810935664,1297
cg09550909,0.09182110388923247,1297
cg03369965,0.09182099084017739,1297
cg02227188,0.09181972154869664,1297
cg26365545,0.09181904402500879,1297
cg22508145,0.09181411503287318,1297
cg19089701,0.09181343249945581,1297
cg22388948,0.09180996419164031,1297
cg01256278,0.09180930590772801,1297
cg03521774,0.09180852115745797,1297
cg07006935,0.0918078641682415,1297
cg25503903,0.09180746077844494,1297
cg12081389,0.09180742838800005,1297
cg08077673,0.09180705390022803,1297
cg09884146,0.09180665450275186,1297
cg21585707,0.09180535544727136,1297
cg14067761,0.09180472541093032,1297
cg23862925,0.09180160716272528,1297
cg26416971,0.09180103378850006,1297
cg20103054,0.09179972433260092,1297
cg27337124,0.09179963211611092,1297
cg21198219,0.09179944660844624,1297
cg14137548,0.09179917967396856,1297
cg11414921,0.09179885240343283,1297
cg27487796,0.09179794871582234,1297
cg11086982,0.09179724346056495,1297
cg05124021,0.09179529254702863,1297
cg10998291,0.0917938291981984,1297
cg01687558,0.0917925503714917,1297
cg05449136,0.09179149898753815,1297
cg06730183,0.0917904967212319,1297
cg23460843,0.09179032558369841,1297
cg03144922,0.09178957554316292,1297
cg04467639,0.09178877290727627,1297
cg10589396,0.09178871638207214,1297
cg14687029,0.09178436020306206,1297
cg03988038,0.09178346005879673,1297
cg14168530,0.09178331827011545,1297
cg01324474,0.09178205099936015,1297
cg07921384,0.09177681349521807,1297
cg03731458,0.09177550700167958,1297
cg07038400,0.091774574163187,1297
cg23722204,0.09177401609603023,1297
cg14887099,0.09177249530856707,1297
cg05857996,0.0917707084789704,1297
cg12232463,0.091770546177521,1297
cg22631387,0.09176998682119919,1297
cg03607415,0.09176819219651466,1297
cg24661595,0.09176633909717724,1297
cg24636368,0.09176576655751159,1297
cg23165164,0.09176162747829313,1297
cg20040306,0.09176120591981043,1297
cg17634781,0.09176106404096226,1297
cg18075755,0.0917606215777503,1297
cg06596943,0.09176031901439546,1297
cg10164367,0.09175837424450761,1297
cg24945462,0.09175698732200516,1297
cg11875624,0.09175619424947701,1297
cg18910298,0.09175531720489241,1297
cg23201907,0.09175453989740978,1297
cg04656042,0.09175451448595691,1297
cg21904719,0.09175163754646648,1297
cg16169129,0.09175121096518063,1297
cg01116477,0.0917509882718493,1297
cg24674887,0.09175081171035404,1297
cg04798314,0.09175076821191575,1297
cg04465078,0.09174944716305303,1297
cg05798194,0.09174432928198462,1297
cg14069088,0.09174324314523294,1297
cg02743713,0.09174254780928076,1297
cg05576845,0.09174253877679298,1297
cg13603508,0.09174228775663583,1297
cg23348723,0.09174059203517418,1297
cg06383241,0.09173824814590728,1297
cg21977234,0.09173781007289467,1297
cg09717927,0.09173756819509399,1297
cg25691442,0.09173710923366118,1297
cg02798280,0.09173470948786919,1297
cg04941246,0.09173455526550456,1297
cg16177556,0.09173326931933917,1297
cg20255713,0.0917310068387732,1297
cg09225861,0.09172999950745847,1297
cg05536105,0.09172889027734413,1297
cg01636650,0.09172790717320695,1297
cg21229570,0.09172724379703051,1297
cg20098471,0.09172456977331603,1297
cg09579989,0.09172456289858866,1297
cg26692016,0.09172230177947754,1297
cg06298205,0.0917220337895591,1297
cg17315219,0.09172171965932283,1297
cg00147462,0.0917200047567365,1297
cg08548284,0.09171944787374203,1297
cg15262728,0.09171869363605878,1297
cg05417409,0.09171834425680814,1297
cg15931471,0.09171783914424853,1297
cg24092340,0.09171740719501957,1297
cg25658463,0.09171711660666013,1297
cg03091010,0.09171494783702354,1297
cg05390968,0.0917147815746196,1297
cg07617207,0.09171469633259116,1297
cg21552242,0.09171455118400096,1297
cg27555092,0.09171273041913858,1297
cg00940941,0.09171199347779346,1297
cg08614082,0.09170522717898769,1297
cg18316621,0.09170486367577643,1297
cg20190649,0.09170401146473606,1297
cg04942251,0.09170282024398799,1297
cg23130254,0.09170214519501253,1297
cg13462557,0.09170160731035826,1297
cg22635491,0.0917015751569914,1297
cg10233463,0.09170049866568827,1297
cg03407524,0.09169932519669782,1297
cg08162803,0.0916976155207972,1297
cg07456201,0.09169429215024871,1297
cg13884376,0.0916927606602353,1297
cg03925072,0.09169184510255446,1297
cg06734406,0.09169128955848521,1297
cg10308785,0.09169123237467844,1297
cg08575722,0.09168811011391831,1297
cg02952295,0.09168795272127978,1297
cg18394552,0.09168549880706195,1297
cg08188015,0.09168447264162025,1297
cg08188318,0.09168390908647445,1297
cg08379897,0.09168363393138254,1297
cg02483101,0.09168216011692233,1297
cg11462099,0.09168079045131886,1297
cg16270643,0.09167894499460244,1297
cg14434213,0.09167872887051318,1297
cg12350309,0.0916770939348586,1297
cg24891312,0.09167578833154916,1297
cg05485137,0.09167537050364524,1297
cg04153130,0.09167486719540444,1297
cg03993109,0.0916742681054934,1297
cg11868247,0.09167337196606484,1297
cg14871932,0.09167230556377755,1297
cg24137472,0.09167075396826618,1297
cg04617001,0.09167007945393352,1297
cg24741430,0.09166678738784015,1297
cg23117727,0.09166677318466909,1297
cg14675881,0.09166664035181432,1297
cg08513622,0.0916626891782295,1297
cg16353508,0.09166079916327241,1297
cg18943317,0.09165754602277182,1297
cg25565504,0.09165744331843534,1297
cg05407714,0.09165626619935058,1297
cg00776427,0.09165572613605372,1297
cg02575448,0.09165502949250276,1297
cg06820822,0.09165462601791191,1297
cg18960620,0.09165327882358343,1297
cg13617591,0.09165256781609733,1297
cg11445155,0.09165253848222138,1297
cg16878595,0.09165248099739204,1297
cg14754787,0.09164950043389253,1297
cg11214507,0.09164919392386192,1297
cg11084334,0.09164912158678729,1297
cg27004195,0.09164844934831837,1297
cg22346476,0.09164760466930302,1297
cg08289130,0.09164573786970376,1297
cg02987928,0.09164381991214618,1297
cg16444629,0.09163949827671916,1297
cg20040488,0.09163803312151038,1297
cg06386307,0.09163525484584328,1297
cg16739441,0.09163514675609852,1297
cg13941474,0.09163452768100483,1297
cg03300537,0.091634376903799,1297
cg24724587,0.09163269227229642,1297
cg12054453,0.09163166382837808,1297
cg04018214,0.09163102931433936,1297
cg10964944,0.09162986238869247,1297
cg24395672,0.09162907762787409,1297
cg08247612,0.0916290022556921,1297
cg18822598,0.09162792764742267,1297
cg13077865,0.09162784653795986,1297
cg09363735,0.09162600518956099,1297
cg21518865,0.09162324718233611,1297
cg03304472,0.09162311015874369,1297
cg09169356,0.09162163523827377,1297
cg07280807,0.09162153293202047,1297
cg27166177,0.09162146434118768,1297
cg23881962,0.09162130002846991,1297
cg26392232,0.09161962658151102,1297
cg19859445,0.09161927442552792,1297
cg13452812,0.0916182866202303,1297
cg21027526,0.09161596375971803,1297
cg09067459,0.09161560663279888,1297
cg06338710,0.09161485785886758,1297
cg25387624,0.09161449258578738,1297
cg01349088,0.09161399566187547,1297
cg12072028,0.09161234318027311,1297
cg22452682,0.09161207524219261,1297
cg00939495,0.09161141755374118,1297
cg08271229,0.09160941390900224,1297
cg02507181,0.0916091114707332,1297
cg11353598,0.09160860399984136,1297
cg26539042,0.09160827081657591,1297
cg20845639,0.09160748423378046,1297
cg16087826,0.09160398464769065,1297
cg06162038,0.09160363527250129,1297
cg23045908,0.09160278377643871,1297
cg18453551,0.09160112111579294,1297
cg09695996,0.09159943750865812,1297
cg05202347,0.09159889424219964,1297
cg08715827,0.09159853087846431,1297
cg20822028,0.09159356289821069,1297
cg01883046,0.09159332409537707,1297
cg15006682,0.09159313723717524,1297
cg05911774,0.09159197557520096,1297
cg00971613,0.091591423714274,1297
cg16653620,0.09159003147507969,1297
cg15805337,0.09158974828481281,1297
cg08278731,0.0915880543426324,1297
cg03330485,0.09158728563232041,1297
cg22526939,0.09158711926014207,1297
cg17779676,0.09158690352528626,1297
cg07139284,0.09158496184837206,1297
cg19666541,0.09158457734302647,1297
cg16312968,0.09158245342332758,1297
cg15930777,0.09158027395114637,1297
cg22071224,0.09157985785398705,1297
cg03871120,0.09157967939733502,1297
cg10755035,0.09157244599227021,1297
cg25485055,0.09156783079462494,1297
cg08190450,0.09156690469000836,1297
cg16695576,0.09156594314140037,1297
cg20979153,0.09156408462854199,1297
cg25575532,0.09156392313746736,1297
cg24792289,0.09156367698988482,1297
cg01649611,0.09156337773664674,1297
cg27549878,0.09156271140671948,1297
cg05860190,0.09156206005372577,1297
cg22078179,0.09156077886711472,1297
cg10080732,0.09156029787382682,1297
cg16757821,0.0915591306713309,1297
cg23689219,0.09155899278047336,1297
cg05530630,0.0915557031103969,1297
cg19718882,0.09155492174722663,1297
cg24844518,0.09155250660751668,1297
cg20991420,0.09155118784277722,1297
cg14557064,0.0915508788510826,1297
cg05649427,0.09154912853428115,1297
cg26995224,0.0915473261329302,1297
cg23281432,0.09154593593726165,1297
cg00899400,0.09154453282011416,1297
cg16260424,0.0915431109115751,1297
cg10740895,0.09154244349161275,1297
cg02293044,0.09154209718885506,1297
cg26274812,0.09154094322199635,1297
cg21649089,0.09154084792342265,1297
cg26479099,0.09154078323126169,1297
cg08201311,0.09154037404984139,1297
cg27568307,0.09153976026729815,1297
cg05309505,0.09153869433970963,1297
cg09095892,0.09153832161559512,1297
cg17334266,0.09153748338581202,1297
cg09907068,0.09153743357813876,1297
cg18538812,0.09153730765720444,1297
cg22108567,0.09153615329631318,1297
cg19744936,0.09153396833220567,1297
cg09307788,0.09152960433095053,1297
cg22153312,0.09152887065291138,1297
cg19814116,0.09152877989074162,1297
cg25631874,0.09152739639721685,1297
cg00952789,0.09152728382256492,1297
cg07782112,0.09152660085132855,1297
cg16499677,0.09152362234301176,1297
cg27522567,0.09152287642685397,1297
cg25404758,0.09152186617102542,1297
cg09462696,0.09152113410468782,1297
cg24222083,0.09152078120865387,1297
cg03650674,0.0915197401816937,1297
cg25959131,0.0915194060532227,1297
cg21194726,0.09151912357455522,1297
cg26824721,0.09151835621563836,1297
cg13646005,0.09151487298332635,1297
cg08981777,0.0915139198371113,1297
cg08841613,0.09151228217868573,1297
cg17808839,0.09151144109312276,1297
cg09664373,0.09151002350073692,1297
cg22449337,0.09150841087141859,1297
cg18430152,0.09150709153072645,1297
cg26477488,0.09150647248259366,1297
cg24833674,0.09150427523125715,1297
cg14122403,0.09150331793493444,1297
cg13654797,0.09150331558507616,1297
cg06314111,0.09150319846538116,1297
cg04988917,0.0915026647680065,1297
cg24324985,0.0915026479105561,1297
cg24064594,0.09150159675319058,1297
cg04685228,0.09150059804213373,1297
cg06936290,0.09149983039241494,1297
cg03065090,0.09149887204172352,1297
cg07676517,0.09149741301888281,1297
cg24616366,0.09149660413865537,1297
cg10194573,0.09149633599803378,1297
cg09866143,0.09149461344047177,1297
cg16051561,0.09149457371140216,1297
cg05965387,0.09149315034402628,1297
cg00742851,0.09149207978131763,1297
cg14742937,0.09149196519135003,1297
cg21838979,0.09149099681109776,1297
cg03450180,0.09149098615439472,1297
cg26173906,0.09149052384078446,1297
cg26218269,0.09148996317677638,1297
cg04387835,0.09148994880854328,1297
cg15624624,0.09148838712822158,1297
cg17605084,0.09148835011036496,1297
cg14711013,0.09148610968032139,1297
cg26159860,0.09148474141275748,1297
cg02311374,0.09148413864791355,1297
cg24041556,0.0914830762795702,1297
cg03653399,0.09148231885717262,1297
cg18740583,0.09148211643219412,1297
cg25761326,0.09148207260920971,1297
cg12644617,0.0914815738997074,1297
cg20708135,0.09147886506068259,1297
cg25024579,0.09147827365867467,1297
cg02297936,0.09147741066773307,1297
cg15638414,0.0914767279395513,1297
cg00225603,0.09147560630101112,1297
cg24675150,0.09147490201558336,1297
cg06330323,0.09147419839202287,1297
cg17308012,0.09147318623763384,1297
cg26036018,0.09147177488216679,1297
cg17222682,0.09147050328479461,1297
cg16291699,0.09147032985044778,1297
cg14056849,0.09146633892500411,1297
cg14106046,0.09146597384603736,1297
cg09661951,0.0914650469079063,1297
cg17399545,0.09146299222617693,1297
cg26718420,0.09146266964424116,1297
cg04811950,0.09146184045647432,1297
cg23118086,0.09146177106049447,1297
cg08560387,0.09146109059064278,1297
cg15528437,0.09146072414434983,1297
cg25930229,0.09145915040309349,1297
cg27125849,0.09145722754743799,1297
cg15911153,0.09145655292995214,1297
cg04018164,0.09145252243485841,1297
cg25515269,0.09145190935084746,1297
cg21671658,0.09144985437532951,1297
cg02367696,0.09144927019189775,1297
cg03546977,0.09144853882471753,1297
cg06075393,0.09144817283095105,1297
cg22322562,0.09144787985197309,1297
cg10852698,0.09144370050885953,1297
cg05959459,0.09144365958147975,1297
cg16112276,0.09144204148782245,1297
cg19419291,0.09144191568986493,1297
cg25551714,0.09144100643659803,1297
cg04695732,0.09144043956205755,1297
cg13685506,0.09143982230457304,1297
cg10925640,0.09143903543195733,1297
cg09411910,0.09143824836246905,1297
cg24751894,0.09143738843873234,1297
cg02753187,0.09143639994244934,1297
cg07592723,0.091436020801681,1297
cg21771200,0.09143484398116294,1297
cg12860635,0.09143423366342868,1297
cg03106245,0.09143195432527867,1297
cg20416129,0.09142844084232354,1297
cg22877509,0.09142479449916192,1297
cg07211020,0.09142312644055534,1297
cg15829088,0.09142235575168667,1297
cg02631126,0.09142212148483364,1297
cg23723410,0.09142173823340337,1297
cg12551394,0.0914202433949633,1297
cg03126579,0.09141984520655401,1297
cg02217063,0.09141967570526088,1297
cg00601711,0.09141725538282425,1297
cg24799921,0.09141663567651442,1297
cg27339256,0.09141625218532906,1297
cg20178976,0.09141476742283611,1297
cg02562387,0.09141230322777269,1297
cg03891384,0.09141126994188414,1297
cg05600609,0.09141073550600365,1297
cg11595575,0.09140656753784465,1297
cg14512563,0.09140553146365651,1297
cg21674927,0.09140516926864015,1297
cg08264805,0.09140148191748515,1297
cg22698744,0.09139905624779579,1297
cg25734842,0.09139787512725583,1297
cg16257051,0.09139656074507184,1297
cg17646820,0.09139383017742211,1297
cg02705758,0.09139363369150949,1297
cg07114009,0.09139295436372974,1297
cg13168221,0.09139289628370861,1297
cg24390590,0.09139160812352201,1297
cg08693490,0.09139138364801047,1297
cg05100419,0.09138860351191147,1297
cg01131038,0.09138752368178409,1297
cg02166981,0.09138723299952295,1297
cg05498905,0.09138533704942736,1297
cg15107871,0.09138386397144876,1297
cg15698795,0.09138225906106717,1297
cg13712197,0.09138131520521758,1297
cg11169363,0.09137940528006389,1297
cg21753226,0.09137861688402793,1297
cg10078511,0.09137743855866871,1297
cg06224766,0.09137705536100477,1297
cg06153925,0.0913768360638279,1297
cg03504039,0.09137630037694568,1297
cg06186245,0.09137611675180723,1297
cg00612751,0.09137459667083203,1297
cg12762474,0.09137401165131084,1297
cg08021299,0.0913734996506444,1297
cg04088433,0.09137322908487952,1297
cg11138362,0.09137081354769244,1297
cg02787387,0.09137046890670827,1297
cg07381806,0.09137021475732243,1297
cg25386234,0.09136954370962508,1297
cg27092191,0.09136678886159538,1297
cg00928397,0.09136581359882004,1297
cg07340708,0.0913654204632913,1297
cg03469682,0.09136483623447667,1297
cg11124080,0.09136295867182878,1297
cg24122498,0.09136226085900638,1297
cg16172278,0.09136082250235872,1297
cg11744116,0.09135871327431186,1297
cg07271996,0.09135866525404734,1297
cg23934163,0.09135661608747997,1297
cg19554257,0.09135401239629823,1297
cg20504791,0.09135313418209362,1297
cg08993172,0.09135238935962665,1297
cg19718360,0.09134958621760303,1297
cg10156739,0.09134901504210508,1297
cg09474229,0.09134867916864531,1297
cg10799668,0.09134656203264041,1297
cg06347083,0.09134562512999914,1297
cg07616299,0.0913445659821347,1297
cg15888463,0.09134359817820736,1297
cg11811897,0.0913420377184943,1297
cg18571412,0.09134162276888014,1297
cg17508434,0.09134120668985862,1297
cg01334209,0.09134090245318802,1297
cg15381475,0.09134076661167517,1297
cg26739230,0.09133888681667851,1297
cg08949974,0.09133725997210501,1297
cg15365038,0.09133674660576219,1297
cg21560076,0.09133624636635007,1297
cg26678920,0.09133411600321237,1297
cg12098228,0.0913325795185026,1297
cg00966659,0.09133197280678462,1297
cg21131622,0.0913314319671043,1297
cg17504737,0.0913309725525405,1297
cg13572782,0.09133018217128319,1297
cg07536018,0.09133016343439726,1297
cg03291396,0.09132989882327541,1297
cg19554569,0.09132982469736284,1297
cg18182111,0.09132791091222528,1297
cg21540588,0.09132675657771003,1297
cg20442697,0.09132542760262312,1297
cg07048519,0.09132426857426718,1297
cg06096184,0.09132422089677553,1297
cg11525020,0.09132301365830549,1297
cg00101104,0.09131911927002251,1297
cg19392379,0.09131782784877718,1297
cg16663142,0.09131636483993588,1297
cg26402417,0.0913136717906039,1297
cg20764275,0.09130935129418061,1297
cg08189615,0.09130922241573439,1297
cg17017591,0.09130715595242661,1297
cg04285362,0.09130445549885288,1297
cg21936464,0.09130053263412513,1297
cg17335499,0.09130006199543772,1297
cg14179628,0.09129917961449205,1297
cg02577773,0.09129683921136,1297
cg14560430,0.09129623205532,1297
cg11197061,0.09129593821583429,1297
cg12265878,0.09129438972565193,1297
cg00866556,0.09129137455081723,1297
cg11201447,0.09129074650612282,1297
cg09894814,0.0912888627418359,1297
cg08278520,0.09128878200879026,1297
cg21490751,0.09128841387450526,1297
cg12979234,0.09128706747002024,1297
cg13915277,0.09128539906699862,1297
cg21448057,0.0912851324527975,1297
cg24751928,0.09128502843137781,1297
cg15168615,0.09128487602339946,1297
cg08745451,0.09128341187784517,1297
cg07331478,0.0912780065522725,1297
cg24151995,0.09127767772046677,1297
cg03995631,0.09127653814566183,1297
cg18303437,0.09127594198370811,1297
cg00208504,0.09127562902602307,1297
cg00947782,0.09127537967003364,1297
cg27217474,0.09127528641117172,1297
cg12804791,0.09127352875361427,1297
cg00978102,0.091273476155774,1297
cg20678442,0.09127246037006558,1297
cg14250048,0.09127076082441732,1297
cg25336892,0.09126880264646503,1297
cg19049837,0.09126747236925548,1297
cg16490015,0.09126684858624315,1297
cg14845812,0.09126645510777243,1297
cg26363759,0.09126461421011017,1297
cg18007959,0.09126430242232281,1297
cg02371631,0.09126342094267081,1297
cg22180580,0.09126262639305027,1297
cg01413481,0.09126197017926568,1297
cg08332594,0.0912606306833916,1297
cg23278418,0.09126038229191996,1297
cg22340508,0.09126019150971115,1297
cg03621841,0.09125880031401615,1297
cg02907837,0.09125784081304095,1297
cg04603130,0.09125555093507476,1297
cg03588998,0.09125394323916552,1297
cg06642677,0.0912527026052766,1297
cg06695115,0.09125221935184685,1297
cg07588439,0.09125176939290003,1297
cg07229402,0.09125133790311737,1297
cg01896130,0.09125054306049238,1297
cg27315333,0.0912491358284899,1297
cg08380252,0.09124634636397541,1297
cg19142026,0.09124510100662321,1297
cg14350800,0.09124423141011279,1297
cg23536473,0.09124129004351039,1297
cg16348470,0.09124111992456446,1297
cg25459300,0.09124065848782731,1297
cg18781032,0.09124049632215353,1297
cg12868173,0.09124016115240327,1297
cg26027690,0.09123860791853028,1297
cg10858791,0.09123744950777812,1297
cg21133433,0.09123666182447421,1297
cg13121428,0.09123625717555561,1297
cg22526491,0.09123583364744486,1297
cg02197277,0.09123529088793847,1297
cg13029400,0.09123403138409292,1297
cg26521186,0.09123226426238368,1297
cg14433497,0.09123193656570566,1297
cg13812230,0.0912287694962492,1297
cg00136968,0.09122715657511188,1297
cg24847621,0.09122573693904779,1297
cg23439743,0.09122515402516759,1297
cg26917694,0.09122470292389806,1297
cg27642554,0.09122445084838789,1297
cg05233946,0.09122421219396593,1297
cg17351927,0.09122356895514178,1297
cg15842430,0.0912226696209259,1297
cg19240213,0.09122037279644657,1297
cg10461547,0.09122008266300577,1297
cg07048832,0.09121864316496675,1297
cg14525270,0.09121735707136525,1297
cg12111714,0.0912170340652001,1297
cg21929564,0.09121412045272281,1297
cg11229543,0.09121197970447463,1297
cg03599978,0.09121041919494706,1297
cg12313341,0.0912052334629373,1297
cg14886530,0.09120421855238581,1297
cg15454698,0.09120193672340854,1297
cg21303011,0.09120170301812656,1297
cg13655082,0.09119983714349149,1297
cg11811705,0.09119925858116579,1297
cg12024564,0.09119881816599015,1297
cg07752095,0.09119391608530641,1297
cg10673740,0.09119363498215302,1297
cg07254706,0.09119158136718103,1297
cg10521706,0.09119055259356712,1297
cg05707492,0.09119028472295015,1297
cg00460795,0.09118638543839885,1297
cg19619174,0.09118567719125865,1297
cg02455706,0.09118040791186688,1297
cg09607679,0.0911790939454118,1297
cg06546677,0.09117841414883665,1297
cg11490805,0.09117810216333827,1297
cg19193931,0.09117731561282513,1297
cg04987335,0.09117615407860502,1297
cg00653790,0.09117469379844034,1297
cg18805164,0.09117370983608433,1297
cg17727795,0.09117321696574243,1297
cg06856720,0.09117108272145916,1297
cg11668053,0.09117001792507357,1297
cg15601050,0.09116786142532343,1297
cg13655242,0.09116611033772376,1297
cg20367266,0.09116341517466024,1297
cg24395452,0.09116340284030305,1297
cg01810875,0.09116254624896208,1297
cg17113029,0.09116228374243815,1297
cg20573218,0.09116163789044165,1297
cg04709703,0.0911596137937232,1297
cg05152459,0.09115869464644683,1297
cg17555373,0.09115862483408997,1297
cg22947000,0.09115694046054221,1297
cg16358155,0.09115530762233554,1297
cg03302259,0.09115413524358112,1297
cg18005867,0.091153474719478,1297
cg11104088,0.09115268054469267,1297
cg02184010,0.09115215053319342,1297
cg23476802,0.09115201346488766,1297
cg06732241,0.09115174536116022,1297
cg21531679,0.0911482201052678,1297
cg06246114,0.09114738752509222,1297
cg24628744,0.09114732792204489,1297
cg09272748,0.09114714226869206,1297
cg11840849,0.0911465009817582,1297
cg26980111,0.09114643860305507,1297
cg04961582,0.09114101120483406,1297
cg10762935,0.09114099441422224,1297
cg05692746,0.09114058893787746,1297
cg24435747,0.09114053528914057,1297
cg26876647,0.09114037028905803,1297
cg00892742,0.09113897833405477,1297
cg17508905,0.09113886196114296,1297
cg07165260,0.09113865555791201,1297
cg13982037,0.09113738752002182,1297
cg22810423,0.0911358541778398,1297
cg05941376,0.09113563522153578,1297
cg10103850,0.09113485750926417,1297
cg05485250,0.09113479598611635,1297
cg18788932,0.09113123490341121,1297
cg26019584,0.09112919732363561,1297
cg04025964,0.09112764307283684,1297
cg22343083,0.09112697981093698,1297
cg27325224,0.0911267428506066,1297
cg07907597,0.09112327784566238,1297
cg19952821,0.09112194507460813,1297
cg20592836,0.09112167640615342,1297
cg08710597,0.0911197462139796,1297
cg05663278,0.09111938161959499,1297
cg02565878,0.09111879199919842,1297
cg07106394,0.09111660900485177,1297
cg26385172,0.09111587003194693,1297
cg08506931,0.0911154912551212,1297
cg01793320,0.09111542518407748,1297
cg23079808,0.0911147013327188,1297
cg19533977,0.09111466780709854,1297
cg07675998,0.09111415248230453,1297
cg07462756,0.09111407660048398,1297
cg17103856,0.09111267935765771,1297
cg10365562,0.09111242917021573,1297
cg01899600,0.09111206416465106,1297
cg18193764,0.09111107754535233,1297
cg10928404,0.0911096312484257,1297
cg04461867,0.09110838158436418,1297
cg18202080,0.09110656213297988,1297
cg16811650,0.09110520951939871,1297
cg16208084,0.09110511068369653,1297
cg16647844,0.09110410726074239,1297
cg24902278,0.09110308789370687,1297
cg17952114,0.09110252200542564,1297
cg13354250,0.09109542077222332,1297
cg22732749,0.09109326870877016,1297
cg06068897,0.09109285244731291,1297
cg09399281,0.09109164209789605,1297
cg00299070,0.09109156968971283,1297
cg20933239,0.09108955486143733,1297
cg03216474,0.09108936214911612,1297
cg06896529,0.09108732665256619,1297
cg02312904,0.09108684745367286,1297
cg26322739,0.09108558986575024,1297
cg25541528,0.09108389139570916,1297
cg10934129,0.09108385260846558,1297
cg01837362,0.09108198681123074,1297
cg04489366,0.09108069957359466,1297
cg18322589,0.09108017222072057,1297
cg04102163,0.09108013564111839,1297
cg25247837,0.09107923403278895,1297
cg12409982,0.09107917535694221,1297
cg10856812,0.09107875410778221,1297
cg26395694,0.09107632851419212,1297
cg14515779,0.09107592370323275,1297
cg14285533,0.091075497506346,1297
cg11056129,0.09107459126297901,1297
cg01234420,0.09107432262907023,1297
cg21202240,0.09107309537213337,1297
cg00642460,0.09107220319591607,1297
cg02452586,0.09107078477613734,1297
cg14185860,0.09107051826592866,1297
cg13735697,0.09106977425401791,1297
cg15126544,0.09106891600084824,1297
cg21474774,0.09106601947293522,1297
cg19752565,0.09106144810554351,1297
cg18919478,0.091060535868601,1297
cg10054332,0.09106015641791892,1297
cg20724257,0.09105711069812814,1297
cg27232569,0.09105614260507297,1297
cg15341833,0.09105551655234467,1297
cg06081220,0.09105058705677355,1297
cg07281370,0.09105044145823707,1297
cg14992144,0.09104976583203161,1297
cg01182154,0.09104793264324856,1297
cg12589456,0.09104535176759959,1297
cg21048669,0.09104473012688588,1297
cg17148876,0.0910371241094339,1297
cg24640735,0.09103614519196737,1297
cg24950947,0.09103573434517442,1297
cg04620298,0.09103432793505724,1297
cg25670076,0.09103420718165911,1297
cg27117509,0.09103338452069623,1297
cg01421119,0.09103237815316229,1297
cg03197758,0.0910308127780537,1297
cg20706778,0.09103013872373578,1297
cg21453840,0.09102986482890768,1297
cg03685843,0.09102803087796596,1297
cg10312186,0.09102522542224989,1297
cg23541617,0.09102515142697071,1297
cg16289848,0.09102345928506334,1297
cg03534481,0.09102322881870134,1297
cg10730165,0.09102231474420847,1297
cg13642436,0.09102196162799542,1297
cg17393917,0.09102195140659372,1297
cg19375539,0.0910186592444309,1297
cg26337312,0.09101857941510184,1297
cg13245152,0.09101779834488322,1297
cg26437009,0.09101771568629713,1297
cg24142117,0.09101674821562439,1297
cg01364478,0.09101526157790604,1297
cg10989317,0.09101415473450863,1297
cg11786587,0.09101295579268909,1297
cg07599144,0.0910121872468207,1297
cg10580513,0.09100974863959804,1297
cg16115627,0.09100953414723362,1297
cg09737078,0.0910081981026832,1297
cg03001942,0.09100553911084261,1297
cg02240171,0.09100517724245727,1297
cg18425434,0.09100472324403039,1297
cg01140416,0.09100346423457101,1297
cg00950265,0.0910028107536065,1297
cg16351410,0.09100019482796581,1297
cg00666842,0.09100014263413869,1297
cg24018520,0.09099773195318275,1297
cg09892104,0.09099626463035479,1297
cg04306024,0.09099441786848537,1297
cg01997953,0.0909939006261122,1297
cg25094735,0.09099325578751336,1297
cg26802564,0.09099271552205612,1297
cg24537688,0.09099123894883832,1297
cg24069653,0.09099056699782249,1297
cg14469826,0.09098996940920351,1297
cg11920453,0.09098686424047525,1297
cg14807446,0.09098607199688391,1297
cg06486618,0.09098434000064026,1297
cg25689167,0.09098367450631628,1297
cg07878625,0.09098344271851228,1297
cg23581088,0.09098205003509113,1297
cg12066473,0.09098135712107408,1297
cg02882530,0.09098002366941899,1297
cg24787130,0.09097937169941306,1297
cg21028402,0.09097909895164025,1297
cg14687145,0.09097903103623035,1297
cg02101812,0.09097900309379583,1297
cg23264016,0.09097885058572619,1297
cg02274336,0.09097590010284648,1297
cg09652526,0.09097324019093475,1297
cg03780486,0.09097112579691724,1297
cg19968840,0.09097075774769882,1297
cg17712241,0.09097044166297935,1297
cg25561576,0.0909676304857428,1297
cg21570209,0.09096723672819307,1297
cg00009871,0.0909653934636585,1297
cg17024593,0.09096413164137093,1297
cg05475524,0.09096398667304262,1297
cg07523712,0.09096375097606946,1297
cg13380204,0.09096310412052078,1297
cg19591612,0.09096244651642515,1297
cg06762332,0.09096196329726725,1297
cg08003321,0.09095994085771475,1297
cg19717773,0.09095826995497708,1297
cg11251367,0.09095574500064312,1297
cg23244790,0.09095246300564741,1297
cg11738485,0.09095232701494109,1297
cg09755589,0.0909496655468243,1297
cg23184756,0.09094896236495004,1297
cg13319761,0.09094828250731474,1297
cg10606127,0.09094692459857667,1297
cg10328393,0.09094641473175524,1297
cg00061413,0.09094532597828284,1297
cg20785459,0.09094486212819936,1297
cg05594873,0.09094428412141531,1297
cg15857635,0.09094200157827309,1297
cg21069965,0.09094179646581588,1297
cg03495084,0.09093941177207229,1297
cg12055395,0.09093939757817379,1297
cg13833632,0.09093917433986043,1297
cg01367992,0.09093843647186844,1297
cg15000813,0.09093713089631689,1297
cg02489245,0.09093606557631984,1297
cg04017276,0.0909356656378687,1297
cg26992186,0.09093408202596531,1297
cg00989853,0.09093214508996111,1297
cg14791530,0.09093011796787193,1297
cg21346154,0.09093009942897473,1297
cg07601320,0.09092777295843096,1297
cg25570495,0.09092754274291592,1297
cg25963429,0.09092723972288977,1297
cg26118643,0.0909270776573104,1297
cg08911543,0.09092690036997159,1297
cg03685886,0.09092373174392604,1297
cg04938549,0.09092212996532667,1297
cg04444415,0.09092194198541845,1297
cg24239780,0.09092109846958124,1297
cg08479476,0.09092045898161488,1297
cg13236649,0.09092043217261678,1297
cg07533511,0.09091912640195227,1297
cg08832234,0.09091907603749982,1297
cg14094983,0.09091816285428028,1297
cg16345311,0.09091682485316699,1297
cg15814750,0.09091578542217577,1297
cg00587301,0.09091571200534929,1297
cg14714797,0.09091252283604573,1297
cg06874323,0.09091121760616004,1297
cg25133753,0.09090960452684613,1297
cg09469665,0.09090462938880634,1297
cg11058951,0.09090373536809682,1297
cg11835897,0.09089811815421345,1297
cg15229245,0.09089766461301357,1297
cg21145416,0.09089671266658217,1297
cg17383727,0.09089663027822581,1297
cg08751971,0.09089612181385998,1297
cg00925802,0.09089502065628174,1297
cg12968732,0.09089470232968566,1297
cg00085123,0.09089457215258448,1297
cg08791424,0.09089336575557022,1297
cg19707677,0.09089157754756955,1297
cg08750504,0.09089099593878891,1297
cg03447554,0.09088996459556092,1297
cg04332442,0.09088957189239974,1297
cg03338924,0.09088814143519186,1297
cg07997936,0.0908876575242306,1297
cg20312687,0.09088591944665414,1297
cg07615087,0.09088578767280692,1297
cg05781512,0.09088418942686488,1297
cg10812889,0.0908826095192623,1297
cg21900073,0.0908809945307737,1297
cg22272282,0.09087958708016072,1297
cg22272840,0.09087888159648738,1297
cg19023977,0.09087788953564424,1297
cg00695982,0.09087473442519534,1297
cg01385959,0.09087408512470677,1297
cg08696316,0.09087235913076636,1297
cg21032008,0.0908714993896563,1297
cg16640855,0.0908702954257815,1297
cg12034297,0.09087019066045188,1297
cg25652701,0.09086997308702721,1297
cg25835351,0.09086996638940538,1297
cg17548735,0.09086966434209037,1297
cg24118874,0.09086832588486426,1297
cg03577157,0.09086643312447085,1297
cg27582323,0.09086465830775672,1297
cg22853713,0.09086464567355512,1297
cg04839706,0.09086329496586762,1297
cg23198707,0.0908629426893321,1297
cg19904058,0.09086281488631415,1297
cg21557724,0.0908604121080992,1297
cg22889448,0.09086021446619985,1297
cg26134619,0.09086006496941532,1297
cg08574629,0.09085994657359624,1297
cg10385290,0.09085914403677009,1297
cg00808086,0.09085745628970487,1297
cg00814985,0.09085666989437988,1297
cg01816936,0.09085608035510417,1297
cg05290058,0.09085602939118095,1297
cg05252626,0.09085554650750699,1297
cg23646776,0.0908551776253563,1297
cg14119936,0.09085508394904018,1297
cg21337580,0.09085495132566349,1297
cg09388920,0.09085373087542897,1297
cg20108695,0.0908528204284973,1297
cg03251454,0.09085243875960952,1297
cg08269974,0.09085195895886146,1297
cg16316624,0.09085119627131671,1297
cg27243623,0.0908474646246411,1297
cg10500702,0.09084739817857973,1297
cg06020207,0.09084593862518642,1297
cg12619165,0.09084561712248701,1297
cg10837783,0.0908454759329182,1297
cg08573687,0.090845255995885,1297
cg16393928,0.09084512752990168,1297
cg10363005,0.09084127613032292,1297
cg23112192,0.09083894105901032,1297
cg08074820,0.09083785781223934,1297
cg04787024,0.09083376889084988,1297
cg23446438,0.0908329774853131,1297
cg19582647,0.09083284881406778,1297
cg12358915,0.09083139093056,1297
cg18100532,0.09083028156227771,1297
cg15581944,0.0908290285360715,1297
cg20284999,0.09082900903777263,1297
cg17375267,0.09082841932752281,1297
cg21484547,0.09082597180872831,1297
cg25165932,0.09082560006527451,1297
cg11049634,0.0908246853357833,1297
cg27058988,0.09082286260678751,1297
cg14565752,0.09082283561835486,1297
cg12485926,0.0908217848007325,1297
cg25660390,0.09082166534410072,1297
cg27088176,0.09082111132889517,1297
cg24708097,0.09081994503336333,1297
cg20540209,0.09081967642333429,1297
cg06931267,0.09081854458579303,1297
cg12252135,0.09081618974774054,1297
cg21172011,0.09081542689902972,1297
cg21757820,0.09081438316668278,1297
cg03035653,0.09081297822248569,1297
cg11340537,0.09081272140734042,1297
cg26645069,0.0908125030658409,1297
cg13890451,0.09081216061158204,1297
cg27622506,0.09081149791255434,1297
cg04623297,0.09081017159785604,1297
cg27125093,0.09080769576206649,1297
cg22410499,0.09080762324080965,1297
cg19378416,0.09080644522666377,1297
cg01714284,0.09080571589227732,1297
cg04435975,0.0908041012537042,1297
cg10181192,0.09080235224672603,1297
cg19047226,0.0908020832958078,1297
cg15606663,0.09079932457888587,1297
cg09656426,0.09079814921690231,1297
cg24509810,0.0907981252294055,1297
cg07889938,0.09079775097014428,1297
cg13739417,0.09079712755637398,1297
cg02628561,0.09079669655194941,1297
cg05847060,0.09079603531441965,1297
cg08898055,0.09079554571983281,1297
cg05288071,0.09079465200509851,1297
cg04781796,0.09079461282737988,1297
cg15691862,0.09079388154234447,1297
cg17807172,0.0907935807193858,1297
cg06328750,0.09079205971204982,1297
cg16803967,0.09078872180396663,1297
cg09671258,0.09078779775024105,1297
cg26472922,0.09078219442788268,1297
cg04157161,0.09078138346566383,1297
cg14693353,0.09077865624258769,1297
cg03215160,0.09077746967577585,1297
cg09139047,0.09077618505610599,1297
cg07595776,0.09077601000025043,1297
cg02733994,0.09077558213793369,1297
cg26691434,0.09077508527353112,1297
cg14023329,0.09077393121833494,1297
cg03429643,0.09077354651006414,1297
cg20741474,0.09077351899297198,1297
cg23325963,0.0907732393027495,1297
cg16501237,0.09077300626605567,1297
cg21696827,0.09077297249552985,1297
cg11923296,0.0907729212805945,1297
cg24332577,0.09077154722564407,1297
cg01584389,0.09077077134469652,1297
cg05274316,0.09076896724006511,1297
cg12761825,0.0907686671094207,1297
cg10742917,0.09076778300461433,1297
cg22789065,0.09076713942419051,1297
cg07787543,0.09076604562584806,1297
cg13389652,0.09076584294902657,1297
cg17027260,0.09076484366866505,1297
cg06816350,0.09076264307060405,1297
cg12911496,0.09076259069387163,1297
cg03050022,0.09076256727177207,1297
cg20749769,0.09076209174002654,1297
cg26147947,0.0907614609545001,1297
cg12368105,0.09075931850484778,1297
cg19653212,0.09075882896905074,1297
cg09755594,0.09075763131937037,1297
cg14260083,0.09075690823121602,1297
cg01881778,0.09075550159389034,1297
cg10441070,0.0907527726767332,1297
cg00356131,0.09075269980350714,1297
cg09959150,0.09075131067385572,1297
cg21614723,0.09075121131978509,1297
cg05308495,0.09075097959459728,1297
cg01311470,0.09075040112398569,1297
cg22144149,0.09074712666445195,1297
cg10982364,0.09074650590603936,1297
cg18235100,0.09074606110023854,1297
cg13692426,0.09074488543388859,1297
cg01765152,0.09074488182425935,1297
cg00890363,0.09074420430495339,1297
cg26313247,0.090743998135282,1297
cg06790305,0.09074149771492301,1297
cg19602694,0.09073983203864466,1297
cg05982859,0.09073724534946531,1297
cg13816321,0.09073578345792022,1297
cg13009098,0.09073494884220368,1297
cg13026730,0.09073441223247494,1297
cg19066171,0.09073342022336259,1297
cg23720384,0.09073229559554818,1297
cg14377922,0.09073136301689533,1297
cg17533927,0.09073080638710734,1297
cg23594345,0.0907293037669748,1297
cg03223959,0.09072663558524169,1297
cg08662052,0.0907265999964991,1297
cg25063151,0.090725953405939,1297
cg06581825,0.09072542235637404,1297
cg26344024,0.09072529188493117,1297
cg21757281,0.09072243353798654,1297
cg03103218,0.09072158261805423,1297
cg26802194,0.09072139167039908,1297
cg25292309,0.09072116421838108,1297
cg17889682,0.09072102596111364,1297
cg05266321,0.09071973409803485,1297
cg07563363,0.09071868039244815,1297
cg26680644,0.09071795685496867,1297
cg24888257,0.09071792990544483,1297
cg10885151,0.09071383689395082,1297
cg24535475,0.09071274055733475,1297
cg06567829,0.09071221206442698,1297
cg05453924,0.09071081476772658,1297
cg12498887,0.09070999445095862,1297
cg02543772,0.09070954659739724,1297
cg24065504,0.09070916846387303,1297
cg27456468,0.09070776570335402,1297
cg19203457,0.09070662989481432,1297
cg00998744,0.09070655868882513,1297
cg13241681,0.09070509202318722,1297
cg14564076,0.09070474627387828,1297
cg03147210,0.09070385285513302,1297
cg11199639,0.09070312597231175,1297
cg01501760,0.09070236580202543,1297
cg26452056,0.09070149962444121,1297
cg07080224,0.09069788916735783,1297
cg15819128,0.09069567106681327,1297
cg15159247,0.09069503211430052,1297
cg21408197,0.09069335095637171,1297
cg04510564,0.09069274733754962,1297
cg19888684,0.09069017207988911,1297
cg13297960,0.09068849004232277,1297
cg26863750,0.09068677394805028,1297
cg01992382,0.09068596412480849,1297
cg13924954,0.0906858068798807,1297
cg10152449,0.0906849576434719,1297
cg22698177,0.09068386672063777,1297
cg01832036,0.09068162141109203,1297
cg13965924,0.09068122730537426,1297
cg07675477,0.09068112282822888,1297
cg06159562,0.09068087184239992,1297
cg03334072,0.09068081433287153,1297
cg05976283,0.09067889167330129,1297
cg11588848,0.09067856223431509,1297
cg16311462,0.09067791092792582,1297
cg01373444,0.09067770733909658,1297
cg24041917,0.09067716331604922,1297
cg24842260,0.09067666315608375,1297
cg18890556,0.09067619727840634,1297
cg03885028,0.09067567728079384,1297
cg23558626,0.09067531721166289,1297
cg07791803,0.0906748173181765,1297
cg06331899,0.09067361395653084,1297
cg23111488,0.09067116832446967,1297
cg08611163,0.09067073058824283,1297
cg21994818,0.09066919692261691,1297
cg09251600,0.09066817314426934,1297
cg07018964,0.09066724095095369,1297
cg26337998,0.0906651567705758,1297
cg21853871,0.09066115836840466,1297
cg00503298,0.09066044598610928,1297
cg01223086,0.09066036322876883,1297
cg23618156,0.09065904217895918,1297
cg04349985,0.09065859957307762,1297
cg17981058,0.09065672876541107,1297
cg26578983,0.09065579749388097,1297
cg02164574,0.09065549211665738,1297
cg15356966,0.09065474958568473,1297
cg23867441,0.09065471689872023,1297
cg11936643,0.09065329113320844,1297
cg16210248,0.09065080785440216,1297
cg20228731,0.09065006397798275,1297
cg16547027,0.09064985493825933,1297
cg13506354,0.09064963838575785,1297
cg10961604,0.09064875431627985,1297
cg00393992,0.09064851028790849,1297
cg26057577,0.09064815485198358,1297
cg15440688,0.09064803333258048,1297
cg08424184,0.09064798507259286,1297
cg24604127,0.09064620485521008,1297
cg07894352,0.09064396862108229,1297
cg01401037,0.09064190926558141,1297
cg09145126,0.09064167205862905,1297
cg10171357,0.09064133517587847,1297
cg14147184,0.09063906886860906,1297
cg09265586,0.09063868011774451,1297
cg04575155,0.09063783946961493,1297
cg02250291,0.09063676868404374,1297
cg05317090,0.09063247599508534,1297
cg27294164,0.09063086500309736,1297
cg05038268,0.09063085079703492,1297
cg25785241,0.09062999108945152,1297
cg07592361,0.0906299633255884,1297
cg01122302,0.09062813537991377,1297
cg20216655,0.09062716591372233,1297
cg20166049,0.09062405826292722,1297
cg22286382,0.09062380593244435,1297
cg21160099,0.09061875292544655,1297
cg17111087,0.09061651455300762,1297
cg10611331,0.09061285945229275,1297
cg22528123,0.09061179575086556,1297
cg11015893,0.09061141765074532,1297
cg15295200,0.09061097644525618,1297
cg19713196,0.09060990497229668,1297
cg23471067,0.0906087817109916,1297
cg08700083,0.09060789336758054,1297
cg16324314,0.09060757520622248,1297
cg12444822,0.09060476007528279,1297
cg07074086,0.09060469733862814,1297
cg09081266,0.09060310690526385,1297
cg17118775,0.09060296146944599,1297
cg08407434,0.09060077128993357,1297
cg10229594,0.09060049830577224,1297
cg20066782,0.09059959087087105,1297
cg25620220,0.09059815729723641,1297
cg09316607,0.09059773114522951,1297
cg08819022,0.09059591941521322,1297
cg16869647,0.09059553271058596,1297
cg10622019,0.09059543250464519,1297
cg06704884,0.09059367129973273,1297
cg14773822,0.09059010328807526,1297
cg07149609,0.09058827407184329,1297
cg22941409,0.09058806494555838,1297
cg18882486,0.0905864190699106,1297
cg26683005,0.09058638381943016,1297
cg14414122,0.09058526424136121,1297
cg12715811,0.09057928134016324,1297
cg08614334,0.09057841781300555,1297
cg25865108,0.09057809288871685,1297
cg04401067,0.09057727601360238,1297
cg21069500,0.09057665607730114,1297
cg16085649,0.09057373654812273,1297
cg13870494,0.09057059971950615,1297
cg10186733,0.09056909290411302,1297
cg01109574,0.09056836289295084,1297
cg17463745,0.09056720483461655,1297
cg10550166,0.09056719528750995,1297
cg15557840,0.09056536389949449,1297
cg26926612,0.09056520852443034,1297
cg04395377,0.09056415264495196,1297
cg18086475,0.09056353381305307,1297
cg01566965,0.09056346617315053,1297
cg06423949,0.09056278152382402,1297
cg05774141,0.09056268999563816,1297
cg05850338,0.09055977214443078,1297
cg02256049,0.09055938706511973,1297
cg08930904,0.09055907308948119,1297
cg01945840,0.09055884530105712,1297
cg12769599,0.09055825068849085,1297
cg00018606,0.09055746576100662,1297
cg23530596,0.09055689690504387,1297
cg19511748,0.09055617448756481,1297
cg16579144,0.09055616808469091,1297
cg15481791,0.0905538674008812,1297
cg21648009,0.09055335323159097,1297
cg09831875,0.09055307194101886,1297
cg27389648,0.09055238584620315,1297
cg05872255,0.09055093925575167,1297
cg20119745,0.09054962587204535,1297
cg01734240,0.09054926632353216,1297
cg06152586,0.09054865982952182,1297
cg22367549,0.0905479856698672,1297
cg22886323,0.09054747009477698,1297
cg17176016,0.09054701917872313,1297
cg14535746,0.09054361021110435,1297
cg07128890,0.09054114031532412,1297
cg00870269,0.09054113589228402,1297
cg18526142,0.0905409998936682,1297
cg13587802,0.0905406083721838,1297
cg12675571,0.09053996658810065,1297
cg07147846,0.09053854796518007,1297
cg22328396,0.09053203833039308,1297
cg01947936,0.09053162282890359,1297
cg10874556,0.09053008346757235,1297
cg06871560,0.09052983543206601,1297
cg04937596,0.09052938942014599,1297
cg05614735,0.09052574970754954,1297
cg06993467,0.09052533618224345,1297
cg26485159,0.0905249249973259,1297
cg12656424,0.09052479006804015,1297
cg05204566,0.09052447516878373,1297
cg14571622,0.09052305951901143,1297
cg03239552,0.09052277846138737,1297
cg06241101,0.09052212128647838,1297
cg08036399,0.09052192609732068,1297
cg23052776,0.0905214233990384,1297
cg13689411,0.09052051096582056,1297
cg05749792,0.09052028750548144,1297
cg13016732,0.09051699620876302,1297
cg16970323,0.09051354011260143,1297
cg01765077,0.09051312057452028,1297
cg02500392,0.090512457234804,1297
cg14706297,0.09051046186686895,1297
cg17481912,0.09051007335994915,1297
cg21243846,0.09050884581715452,1297
cg16201883,0.09050870707543393,1297
cg26363555,0.09050645485950123,1297
cg04259358,0.09050570437285035,1297
cg15066489,0.09050497705726959,1297
cg00530492,0.0905048689409555,1297
cg11323985,0.09050476223213738,1297
cg03015498,0.09050387693823367,1297
cg03345454,0.09050239779334024,1297
cg19821124,0.0905014012903011,1297
cg05582979,0.09049962370672823,1297
cg26182253,0.09049875711146887,1297
cg20550262,0.0904979106227046,1297
cg10801060,0.09049746445098872,1297
cg21982455,0.09049724711063811,1297
cg17214381,0.09049632023096033,1297
cg07667765,0.0904947642207587,1297
cg10156366,0.09049461043316967,1297
cg04056576,0.09048996557622685,1297
cg11703212,0.09048961363043218,1297
cg16207671,0.09048843703460824,1297
cg26431550,0.09048620399425775,1297
cg04421602,0.0904858892355957,1297
cg00405699,0.09048583326052284,1297
cg27552679,0.09048557383526357,1297
cg10717691,0.0904840903195181,1297
cg20904489,0.09048346352111564,1297
cg02887254,0.09048318284495532,1297
cg04037038,0.09048257457234975,1297
cg15341866,0.09048180565609387,1297
cg09232555,0.0904798101311626,1297
cg15985905,0.09047843072808842,1297
cg24429037,0.09047837658098579,1297
cg24964368,0.0904767213443341,1297
cg26850673,0.09047647878845491,1297
cg21718735,0.09047619838451987,1297
cg06924602,0.09047384192644756,1297
cg19935951,0.0904737148780499,1297
cg14331720,0.09047191159128568,1297
cg17833265,0.09046762562891819,1297
cg22251117,0.09046713938768441,1297
cg23611697,0.09046466136979064,1297
cg07434284,0.09046412657533195,1297
cg10025586,0.09046228680240637,1297
cg18828306,0.09046039014010546,1297
cg15541091,0.09046037075997737,1297
cg25221239,0.09045962935980989,1297
cg26827533,0.09045945357509444,1297
cg05165087,0.09045882098716396,1297
cg13451242,0.09045856776926928,1297
cg21273275,0.09045740688524287,1297
cg00435616,0.09045431792418071,1297
cg08882278,0.09045345044394498,1297
cg12864721,0.09045295659971364,1297
cg17983657,0.09045234922593132,1297
cg05103064,0.09045199530387193,1297
cg14038058,0.09045086113796086,1297
cg10402698,0.09045059328673541,1297
cg07525782,0.09045025762195558,1297
cg19891924,0.09045004464564987,1297
cg19388972,0.09044969932754818,1297
cg14186944,0.09044775431826985,1297
cg19028499,0.09044524369903906,1297
cg07790870,0.09044508883559535,1297
cg03075889,0.09044320366325947,1297
cg09471204,0.09044151633117348,1297
cg03765419,0.09043957610231795,1297
cg21913335,0.09043724544736104,1297
cg23778363,0.09043703848215981,1297
cg23189194,0.09043660324515351,1297
cg03542197,0.09043605949397121,1297
cg23731742,0.0904347820956039,1297
cg11668749,0.09043216447115571,1297
cg03555710,0.0904317291857828,1297
cg12871285,0.09043110894394933,1297
cg00157572,0.09043053657645064,1297
cg26344227,0.09042993824285162,1297
cg15315385,0.09042852736552873,1297
cg17927613,0.09042700180137295,1297
cg21189438,0.09042449178264066,1297
cg07069342,0.09042432737377673,1297
cg04477635,0.09042353654105378,1297
cg05042034,0.09042312469117503,1297
cg22073152,0.09042270769776578,1297
cg23125492,0.0904224394581095,1297
cg05396243,0.09042190771401976,1297
cg08272559,0.09042147893468777,1297
cg23683010,0.09042121910554118,1297
cg15164194,0.09041961800552667,1297
cg18823007,0.09041947220653544,1297
cg20818407,0.09041938728290094,1297
cg01021196,0.0904192929886515,1297
cg19195419,0.09041908717269498,1297
cg19043574,0.0904183204880703,1297
cg06724078,0.09041489787493945,1297
cg09030212,0.09041289574080294,1297
cg22782873,0.09041183067751957,1297
cg05045981,0.09041148642794722,1297
cg09651038,0.09041044015086733,1297
cg02367723,0.09040929417512661,1297
cg08549335,0.09040627474101273,1297
cg11518938,0.09040548819565147,1297
cg04649215,0.09040497234712608,1297
cg24270629,0.09040456595654417,1297
cg09149672,0.0904042224529728,1297
cg10936879,0.09040316358610834,1297
cg10505580,0.0904021026907249,1297
cg04300278,0.09040129741960984,1297
cg00268185,0.09039986372721301,1297
cg15473092,0.09039964276229723,1297
cg27057650,0.09039808715542519,1297
cg16662451,0.09039613085482168,1297
cg11295724,0.09039557690258512,1297
cg13890428,0.0903951245122257,1297
cg16991515,0.09039475394547711,1297
cg05902130,0.09039303194238807,1297
cg01306806,0.09039056639583004,1297
cg04566159,0.09038918425542308,1297
cg03327829,0.09038794114827159,1297
cg26846609,0.09038737551359563,1297
cg06013494,0.0903869434537648,1297
cg22266824,0.09038642822761295,1297
cg07643942,0.09038357637810451,1297
cg16257533,0.09038259566441126,1297
cg09288218,0.09037868068134083,1297
cg26070319,0.09037839456311189,1297
cg09557462,0.09037702249176144,1297
cg17657618,0.09037698594550261,1297
cg19051045,0.09037685507059429,1297
cg13166213,0.09037635015881258,1297
cg03302281,0.0903749389738493,1297
cg26220673,0.09037290656660912,1297
cg12635790,0.09037270103941805,1297
cg23813394,0.09037263085535868,1297
cg20418125,0.09037190434348663,1297
cg15624813,0.09037058959067623,1297
cg01264765,0.09036800558332728,1297
cg20955839,0.09036781291750715,1297
cg07450849,0.09036643059684979,1297
cg16626194,0.09036600534795552,1297
cg07594472,0.09036446677544896,1297
cg23415995,0.09036386862767831,1297
cg06393354,0.09036337936449532,1297
cg08994082,0.09036118181307815,1297
cg15014361,0.09035521708848321,1297
cg08519385,0.09035484726250476,1297
cg23621496,0.09035414856422974,1297
cg02378063,0.0903540379940106,1297
cg11982293,0.09035129162053401,1297
cg11007931,0.09035012709067623,1297
cg13459498,0.09034995197082984,1297
cg09696091,0.09034965726124503,1297
cg00591949,0.09034958458585542,1297
cg14323675,0.0903485219700666,1297
cg19355079,0.09034805664772688,1297
cg07715041,0.0903464755007376,1297
cg22133378,0.09034182209133668,1297
cg25765464,0.09034178773355472,1297
cg22446206,0.09034126954334443,1297
cg23358625,0.09034021449362835,1297
cg15562947,0.09033985895062951,1297
cg06382028,0.09033936336196474,1297
cg17954695,0.09033412576604627,1297
cg21079003,0.09033312255253866,1297
cg25728477,0.09033250959478972,1297
cg04502706,0.09033104616429471,1297
cg03166566,0.09033016488406201,1297
cg11831419,0.09032731670045419,1297
cg11903057,0.0903252451179207,1297
cg00827210,0.09032279753947231,1297
cg10436410,0.09032231138919533,1297
cg01039355,0.0903215055310409,1297
cg19700787,0.09032088827924298,1297
cg26294229,0.09032071790483193,1297
cg23875391,0.09032028435406603,1297
cg20251225,0.0903194143321977,1297
cg00078348,0.09031726269025894,1297
cg17857974,0.09031722179891094,1297
cg16091952,0.0903168699450691,1297
cg19862344,0.09031683752918235,1297
cg03972665,0.09031522331749056,1297
cg22747076,0.09031509607763145,1297
cg01721255,0.09031475496728297,1297
cg16441259,0.09031406785006613,1297
cg10443532,0.09031392572752608,1297
cg25680629,0.09031368102226839,1297
cg16408815,0.09031344804567432,1297
cg13138089,0.09031265073113856,1297
cg22846510,0.09031245920170242,1297
cg16707895,0.09031032802292754,1297
cg02218809,0.09030988652251978,1297
cg20069939,0.09030951574458146,1297
cg16063474,0.09030899047304308,1297
cg05099464,0.0903089155561652,1297
cg12186317,0.09030834680549538,1297
cg16092829,0.09030522126548668,1297
cg02131465,0.09030394347696286,1297
cg26372842,0.0903003641569165,1297
cg25426743,0.09029855979607282,1297
cg24049888,0.09029853839422752,1297
cg01658277,0.0902958032246487,1297
cg00768993,0.09029569437655209,1297
cg20080624,0.09029297884091461,1297
cg17054060,0.0902908028687292,1297
cg01589353,0.09029021602957787,1297
cg15456115,0.0902900547999228,1297
cg11284842,0.09028871431317886,1297
cg16672659,0.09028846348244474,1297
cg19152818,0.0902881065535091,1297
cg12924164,0.09028793251693495,1297
cg24479552,0.09028757590772485,1297
cg02458062,0.09028438763465507,1297
cg25610515,0.09028182022972026,1297
cg07143720,0.09027732624868384,1297
cg00641579,0.09027668962162044,1297
cg04017036,0.0902758545533251,1297
cg19444609,0.09027328251254163,1297
cg09616715,0.09027265104066584,1297
cg17454920,0.09027211636383659,1297
cg19076425,0.09027150221087749,1297
cg05917419,0.09027091155732658,1297
cg04574826,0.09027058778175195,1297
cg07697597,0.09026989820989476,1297
cg11906781,0.09026934758164598,1297
cg06303744,0.09026850688839239,1297
cg13868361,0.09026818078493618,1297
cg15408722,0.09026778607439506,1297
cg12378187,0.09026558156446435,1297
cg00616135,0.09026415309204813,1297
cg03405909,0.09026373682599059,1297
cg19390582,0.09026150439148825,1297
cg23634124,0.09026039880179502,1297
cg20366397,0.090257203711826,1297
cg01511828,0.09025621907921913,1297
cg04005059,0.09025460893400705,1297
cg06310816,0.09025326980891468,1297
cg05852231,0.09025288985570482,1297
cg14584255,0.0902521802019037,1297
cg04529785,0.09025047743564364,1297
cg20934105,0.09024950104225943,1297
cg04016660,0.09024909462534442,1297
cg01019587,0.09024826715626094,1297
cg03470159,0.09024546567582692,1297
cg26247093,0.09024543943323582,1297
cg07293445,0.09024425568148389,1297
cg07684775,0.09024353199646655,1297
cg11052143,0.09024330425632981,1297
cg09664215,0.09024146641039754,1297
cg18222853,0.09024025987558143,1297
cg02788731,0.09023991148479926,1297
cg07177174,0.09023921163501614,1297
cg02983451,0.0902391747666981,1297
cg04366076,0.09023900781400776,1297
cg14671384,0.09023835062117089,1297
cg04678916,0.09023774980573018,1297
cg15700661,0.09023760307446504,1297
cg13786171,0.09023719917410872,1297
cg10405075,0.09023679067154289,1297
cg04352272,0.09023665255421023,1297
cg09755784,0.09022903292655043,1297
cg01749702,0.09022802233312283,1297
cg00912772,0.09022679906006995,1297
cg07553475,0.09022674839162884,1297
cg05198244,0.0902234137663086,1297
cg06284231,0.09022306553658924,1297
cg02683197,0.09022298812651566,1297
cg07856280,0.09022170190769735,1297
cg08938062,0.09022037748874978,1297
cg03765898,0.09021575545395955,1297
cg02259760,0.0902155389218236,1297
cg03406367,0.09021539503439749,1297
cg24795274,0.09021471242894888,1297
cg14706475,0.09021437818078504,1297
cg13214162,0.0902143018605579,1297
cg00039129,0.09021307702782705,1297
cg03178798,0.09021280714613361,1297
cg17533563,0.090211890334855,1297
cg20311673,0.09021007113996582,1297
cg07068768,0.09020979028378343,1297
cg21016855,0.09020856403415814,1297
cg09548718,0.09020449404058756,1297
cg05932042,0.09020430508795252,1297
cg22457769,0.0902031461772522,1297
cg22675937,0.09020261275105554,1297
cg22389375,0.09020210281753654,1297
cg25121513,0.09020202177499392,1297
cg12662660,0.09020155020735804,1297
cg14757311,0.09020097247197933,1297
cg15293629,0.09020062568308626,1297
cg04561804,0.09019973778179796,1297
cg24850121,0.09019926693927194,1297
cg05875421,0.09019829169065202,1297
cg19678610,0.0901969889694069,1297
cg13615337,0.09019628957063613,1297
cg07240413,0.0901961205690785,1297
cg08990507,0.09019419210710555,1297
cg21242448,0.09019372446700949,1297
cg26674943,0.09019342194151353,1297
cg20889395,0.09019300421256304,1297
cg13342364,0.09019178352884641,1297
cg23513018,0.09019095820044812,1297
cg07501070,0.09019061678671536,1297
cg02009103,0.0901894081619174,1297
cg24371114,0.09018767035537803,1297
cg25252858,0.09018684675061733,1297
cg09327804,0.09018661879391904,1297
cg16048915,0.09018628631294945,1297
cg22531266,0.09018595600313453,1297
cg21961487,0.09018105098541021,1297
cg02932364,0.09017992048565943,1297
cg21050001,0.09017708231606492,1297
cg13908833,0.09017568151666813,1297
cg04549333,0.09017478859663484,1297
cg09705456,0.09017467027617815,1297
cg23157239,0.09017450667529475,1297
cg07748583,0.09017237802250844,1297
cg00332882,0.09017108740762764,1297
cg12541721,0.09017088669784812,1297
cg23482132,0.0901698139786283,1297
cg07351675,0.09016891447462166,1297
cg22153799,0.0901683180789703,1297
cg19430473,0.09016724159550243,1297
cg14774086,0.09016676193764445,1297
cg27459529,0.09016619815645821,1297
cg17820229,0.0901646610101492,1297
cg22365906,0.09016309157901076,1297
cg05673968,0.09016231202635622,1297
cg10249224,0.090160860768974,1297
cg08286181,0.09016058125243659,1297
cg12429065,0.09016044681717761,1297
cg18806378,0.09016038294389796,1297
cg06748440,0.09015944703150003,1297
cg06782676,0.09015933602866327,1297
cg08707988,0.09015705563730791,1297
cg03716999,0.09015676980980314,1297
cg01204927,0.09015607790277186,1297
cg24613558,0.09015599036885241,1297
cg18366919,0.09015506681500324,1297
cg15742245,0.09015358100559356,1297
cg07121421,0.09015161564930874,1297
cg06702850,0.09014949462829758,1297
cg04545636,0.09014908834183136,1297
cg00875989,0.09014903326409887,1297
cg07960624,0.09014895758390529,1297
cg26330116,0.09014777290234843,1297
cg05950572,0.0901473621861355,1297
cg07645228,0.09014495927455579,1297
cg01424624,0.09014478592437228,1297
cg00237391,0.09014416111447981,1297
cg26457809,0.09014402580970593,1297
cg23949574,0.09014326055432015,1297
cg06654901,0.09014040435226038,1297
cg13294846,0.09013939142027244,1297
cg18542688,0.09013920941688991,1297
cg24506221,0.09013731918234633,1297
cg17032005,0.09013722844991057,1297
cg11187807,0.09013647889820836,1297
cg15364850,0.09013614784820417,1297
cg13213799,0.09013417832491005,1297
cg25644740,0.0901341653413455,1297
cg11693285,0.09013408278213308,1297
cg03609427,0.09013288944339115,1297
cg08146708,0.09013063294276769,1297
cg23283495,0.09012986017396785,1297
cg15044322,0.09012922374146481,1297
cg27554156,0.090128436996251,1297
cg05766489,0.09012815783572561,1297
cg27020216,0.0901259523556021,1297
cg16622899,0.0901257545263506,1297
cg25266629,0.09012177210906379,1297
cg06492521,0.09012070781673209,1297
cg08905080,0.09012012096284441,1297
cg14974749,0.09011644384963347,1297
cg11425517,0.09011619742791865,1297
cg04578090,0.09011498314962704,1297
cg01391063,0.09011244664110929,1297
cg13136220,0.09011202225436088,1297
cg04011368,0.09011186352878242,1297
cg26894278,0.0901096188071612,1297
cg02814135,0.09010798429173661,1297
cg22619549,0.09010778459996882,1297
cg15577706,0.09010736570712757,1297
cg22917366,0.09010655775277301,1297
cg01098320,0.09010508853464712,1297
cg03747884,0.0901033604381557,1297
cg24490279,0.09010244668671608,1297
cg17508991,0.09010197137603522,1297
cg08797704,0.09010042096677623,1297
cg05825244,0.0901003137847518,1297
cg19984170,0.09009794054361364,1297
cg00456343,0.09009740410698919,1297
cg05833351,0.0900963266821101,1297
cg12597389,0.09009508452331902,1297
cg09336671,0.09009505241520877,1297
cg13996750,0.09009415012917638,1297
cg15000827,0.09009408920722956,1297
cg02355558,0.09009390780098614,1297
cg13041597,0.09008914050706746,1297
cg26347197,0.09008699491632502,1297
cg25125060,0.09008624529375753,1297
cg19375418,0.09008576927864059,1297
cg21300019,0.0900856641006626,1297
cg24601030,0.09008483279386817,1297
cg04197844,0.09007851615743157,1297
cg17033391,0.09007845823586244,1297
cg19989498,0.09007550974539963,1297
cg02701826,0.09007530499566202,1297
cg13204236,0.09007124185134713,1297
cg07064066,0.09007091757028857,1297
cg22187354,0.09007058102859328,1297
cg03778138,0.09007005044431549,1297
cg00767010,0.09006891462667983,1297
cg07717632,0.09006809561761897,1297
cg22532377,0.09006720938220564,1297
cg00087546,0.09006689535584844,1297
cg16419354,0.09006627434689246,1297
cg22549041,0.09006435072792326,1297
cg27226424,0.09006329770288851,1297
cg06686742,0.09006188374370405,1297
cg13763550,0.0900588219052041,1297
cg20040041,0.09005866786996236,1297
cg23296836,0.09005824230101261,1297
cg12276123,0.09005726363430064,1297
cg08750280,0.09005607668905025,1297
cg01425762,0.09005418733982534,1297
cg11459773,0.09005392177041482,1297
cg00081417,0.09005223369737742,1297
cg19512473,0.0900520043666087,1297
cg27581212,0.09005092324900754,1297
cg24859433,0.09005068234986463,1297
cg05302542,0.09004983577685809,1297
cg07314983,0.09004901648142577,1297
cg02423318,0.09004649279439395,1297
cg21082400,0.09004501887822083,1297
cg03736789,0.09004222377161736,1297
cg03009030,0.09004126700990547,1297
cg26383972,0.09004095157940925,1297
cg17314478,0.09003905995403177,1297
cg01235820,0.09003818577438902,1297
cg23746600,0.09003792758947257,1297
cg12477050,0.09003760642143771,1297
cg14482741,0.09003304506776857,1297
cg25074493,0.09003127349059686,1297
cg18066206,0.09003103893773134,1297
cg17987982,0.090030122445312,1297
cg24883265,0.09002954646545164,1297
cg25768734,0.09002808803180576,1297
cg18713748,0.0900265730907871,1297
cg05169312,0.09002534034819779,1297
cg25882380,0.09002352343611322,1297
cg17460003,0.09002313374760115,1297
cg25305879,0.09002121443296937,1297
cg09672255,0.0900210317265362,1297
cg06133110,0.09002037852060293,1297
cg16368147,0.09001953078491423,1297
cg20060108,0.09001944434220405,1297
cg20100768,0.0900193736449117,1297
cg00070899,0.09001763683184216,1297
cg26841170,0.09001386669115141,1297
cg16415646,0.09001288251973333,1297
cg23547017,0.09001243189051158,1297
cg12554268,0.09001122052975274,1297
cg20648847,0.090010367633874,1297
cg21178979,0.09001030287071371,1297
cg03698716,0.0900077839557697,1297
cg02099418,0.09000763706392856,1297
cg27319536,0.09000747950245008,1297
cg09382096,0.09000597145786819,1297
cg24461627,0.09000194106111409,1297
cg22665383,0.0900014860565021,1297
cg00589929,0.0899974786015924,1297
cg02455392,0.08999510038353958,1297
cg10091866,0.08999458465322924,1297
cg14178294,0.0899932727276973,1297
cg08420572,0.08998914048618922,1297
cg27179866,0.08998842569968013,1297
cg15054274,0.0899882558421971,1297
cg02103647,0.0899875447179837,1297
cg14582400,0.08998745369547254,1297
cg12130607,0.0899854499858217,1297
cg08422172,0.08998475129652816,1297
cg23526586,0.08998471083049332,1297
cg10674793,0.08998419587496058,1297
cg07852402,0.0899815977315488,1297
cg23502089,0.0899796755033146,1297
cg21225548,0.08997914279826338,1297
cg03314013,0.08997787818444997,1297
cg22454769,0.08997787605033311,1297
cg13802583,0.08997649853995451,1297
cg00033165,0.08997471553662556,1297
cg25977492,0.0899712127477047,1297
cg24704332,0.08996904470988773,1297
cg00059737,0.0899688972468072,1297
cg18347607,0.08996812780535263,1297
cg04879750,0.08996602332414927,1297
cg04993112,0.08996540577306572,1297
cg19738281,0.08996443966723905,1297
cg03781748,0.08996371746738233,1297
cg27648216,0.08996310097124144,1297
cg05457730,0.08996211048677535,1297
cg24629711,0.0899603937775309,1297
cg06784545,0.08995863241087637,1297
cg11973974,0.08995701582748783,1297
cg22095263,0.08995668514557406,1297
cg08360726,0.0899552842686199,1297
cg19566405,0.08995528329308577,1297
cg25685359,0.08995111905403112,1297
cg18449964,0.08995108171676376,1297
cg15722751,0.08995098829020284,1297
cg03804240,0.08994996932756377,1297
cg26118821,0.08994983654792987,1297
cg15559674,0.08994821563291008,1297
cg00760872,0.08994795363481742,1297
cg26630231,0.08994635551434535,1297
cg26276327,0.08994251086947463,1297
cg23290204,0.08994240010373941,1297
cg16360831,0.08994025368666941,1297
cg01850269,0.08993875582675265,1297
cg02777934,0.08993842892233084,1297
cg04086531,0.08993821186425163,1297
cg21961694,0.0899371757206712,1297
cg10009801,0.0899363943767923,1297
cg13395086,0.08993481049445701,1297
cg05249479,0.08993308422042645,1297
cg24266651,0.08993135756832046,1297
cg05570258,0.0899287562740613,1297
cg22047295,0.08992852611233723,1297
cg20762861,0.08992808382523187,1297
cg12448298,0.08992790504673753,1297
cg18058230,0.08992577366358043,1297
cg00689213,0.08992513665305613,1297
cg04861974,0.08992443216732673,1297
cg09923978,0.08992392680946001,1297
cg17443668,0.08992369622470359,1297
cg22321267,0.0899225017490799,1297
cg05411594,0.0899222844477624,1297
cg25193885,0.08992217554514137,1297
cg25260137,0.08992146893908667,1297
cg26319015,0.08992124279513825,1297
cg17863312,0.0899207357471486,1297
cg04130788,0.08991923771814592,1297
cg11743675,0.08991847292948266,1297
cg09436737,0.08991739185578018,1297
cg01429859,0.08991579280323098,1297
cg00051154,0.08991527957079284,1297
cg25907743,0.08991488910412812,1297
cg11587635,0.08991400959508511,1297
cg00108351,0.08991328343695869,1297
cg04308443,0.08991294825232682,1297
cg16506378,0.08991242276767869,1297
cg27359566,0.08991233198661458,1297
cg17974166,0.08991140178468657,1297
cg08645400,0.08991066115573182,1297
cg19561503,0.08991054491381778,1297
cg01141339,0.08991007962131779,1297
cg19095920,0.08990982025999034,1297
cg01738524,0.08990971846529694,1297
cg22691986,0.08990965982169602,1297
cg27308738,0.08990792536999692,1297
cg26333652,0.08990680992004019,1297
cg25682171,0.08990640383130116,1297
cg20587236,0.08990431134045813,1297
cg22849665,0.0899016039842637,1297
cg05004142,0.0899015437540559,1297
cg15536947,0.08989915893073508,1297
cg17678039,0.08989810160146333,1297
cg25686172,0.08989741841163051,1297
cg24181266,0.08989650067706484,1297
cg12166520,0.0898961546319923,1297
cg07992659,0.08989578125987085,1297
cg19864808,0.08989535384486336,1297
cg15626350,0.08989449621063875,1297
cg01053629,0.08989318687395215,1297
cg09862303,0.08989292791707071,1297
cg02066331,0.0898917821886171,1297
cg26391794,0.08989036252904375,1297
cg00321478,0.08988894259290547,1297
cg19864130,0.08988763514685141,1297
cg09989847,0.08988729928001091,1297
cg04164058,0.08988646930721605,1297
cg05345154,0.0898850588202374,1297
cg05550995,0.08988209165648184,1297
cg23861478,0.08988190252960138,1297
cg09981830,0.0898810714061205,1297
cg21237687,0.08987896029772477,1297
cg03156260,0.089876968225851,1297
cg02035698,0.08987667137324182,1297
cg25636665,0.08987648620480593,1297
cg17862146,0.08987624469826011,1297
cg09146088,0.0898752242125348,1297
cg08199758,0.08987517756128982,1297
cg02595219,0.0898751092624932,1297
cg14877834,0.08987494519753969,1297
cg10494981,0.08987453108077681,1297
cg13443627,0.08987342591832029,1297
cg10994149,0.08987137206587059,1297
cg03012374,0.08987067217913691,1297
cg18456933,0.08987023650109455,1297
cg24667756,0.08986953038631809,1297
cg16487621,0.08986792951108585,1297
cg00059652,0.08986697242404013,1297
cg00156948,0.08986635403670293,1297
cg02366100,0.08986513001966218,1297
cg18851795,0.08986465863477794,1297
cg17714703,0.08986281486230607,1297
cg00242627,0.08986142322814072,1297
cg23178550,0.08985891199196122,1297
cg24063043,0.08985425220534876,1297
cg24846009,0.08985409370020309,1297
cg19082496,0.08985375640448323,1297
cg23330281,0.08985195550200892,1297
cg07589991,0.08985177088997937,1297
cg25360761,0.08985102746931414,1297
cg10989214,0.08984976276702927,1297
cg01221157,0.08984832398212234,1297
cg04772948,0.08984732508667809,1297
cg00674004,0.08984672539381458,1297
cg23104954,0.08984629191448601,1297
cg16772207,0.08984465858530816,1297
cg17212791,0.08984417996872995,1297
cg04920452,0.08984131633575221,1297
cg23620902,0.08984058376778162,1297
cg01167274,0.0898403831941898,1297
cg05821634,0.08984004617441316,1297
cg07567256,0.0898393226644601,1297
cg13548652,0.0898383174065544,1297
cg12845215,0.0898377615099189,1297
cg04068980,0.08983730240362559,1297
cg25116200,0.08983727601756164,1297
cg20162206,0.08983585479061096,1297
cg04093645,0.08983532085008133,1297
cg07869023,0.08983521194005761,1297
cg07833262,0.08983482431453291,1297
cg24105634,0.08983473579921308,1297
cg15604241,0.08983457193639283,1297
cg21763405,0.08983393655830679,1297
cg09142313,0.08983354324966772,1297
cg24824472,0.0898323182521924,1297
cg03687532,0.0898321087714114,1297
cg07675031,0.08983148815867714,1297
cg08490192,0.08983110390889645,1297
cg21195763,0.08983097779223817,1297
cg23762657,0.08983091718357772,1297
cg17665699,0.08983028066045207,1297
cg20963030,0.08982799718131612,1297
cg03784048,0.08982685639033317,1297
cg03856044,0.08982671854313895,1297
cg27576900,0.08982667950121737,1297
cg15139179,0.08982339372874776,1297
cg01733176,0.08982207308058542,1297
cg08957564,0.08982175741796203,1297
cg02249292,0.08982068436780088,1297
cg26333041,0.08982040402962937,1297
cg18417954,0.08982025623238156,1297
cg11462252,0.08982023872919909,1297
cg02773433,0.08982018130772845,1297
cg04754652,0.08981946141070485,1297
cg26701242,0.08981846239332669,1297
cg21464565,0.08981845885874018,1297
cg25150519,0.08981812006948874,1297
cg13750264,0.0898175161943523,1297
cg08489941,0.08981675582135976,1297
cg03785728,0.08981545637762053,1297
cg26789038,0.08981497003856331,1297
cg25104512,0.08981496449662012,1297
cg06894011,0.08981441220165254,1297
cg05049448,0.08981426212736165,1297
cg12742475,0.08981363105333295,1297
cg03265268,0.08981082931502676,1297
cg23049142,0.08980919007581104,1297
cg14684854,0.08980762989826324,1297
cg06755555,0.08980683440314685,1297
cg24807294,0.08980592077792135,1297
cg21069005,0.08980546208831669,1297
cg14714391,0.08980406833057525,1297
cg18236877,0.08980370565935619,1297
cg10659805,0.08980058914520478,1297
cg02202923,0.08980030640455924,1297
cg12912022,0.08980022146685124,1297
cg18401367,0.08979903071778811,1297
cg15497991,0.08979843828159184,1297
cg02295369,0.08979706088054762,1297
cg07841232,0.08979501607104756,1297
cg06513139,0.08979391432608441,1297
cg11706983,0.08979299484694592,1297
cg10643236,0.08979225735348562,1297
cg07126216,0.08979195466278944,1297
cg14004685,0.08979129601121838,1297
cg14493181,0.08979010837029971,1297
cg23766254,0.0897899325727356,1297
cg11358777,0.0897894782980978,1297
cg09196257,0.08978820973051732,1297
cg22807732,0.08978746275685973,1297
cg00579868,0.0897874176297433,1297
cg22522688,0.08978669187008387,1297
cg06302025,0.08978660860833591,1297
cg04852348,0.08978658156278746,1297
cg26893699,0.089786250749817,1297
cg17750254,0.08978569402338005,1297
cg10509626,0.08978545806845256,1297
cg24748769,0.08978535009278918,1297
cg10898335,0.0897810726973986,1297
cg17455088,0.08977994550388985,1297
cg19921917,0.08977844715005956,1297
cg21557108,0.08977795495600069,1297
cg11706729,0.08977773252471616,1297
cg04314978,0.08977752745094003,1297
cg04874580,0.08977742211466527,1297
cg22545168,0.08977668812591127,1297
cg12294026,0.08977624846976973,1297
cg14548272,0.08977605777506659,1297
cg03513066,0.08977474797489121,1297
cg18437792,0.08977469709727548,1297
cg06386478,0.08977458059388274,1297
cg24865623,0.08977446722089863,1297
cg09919193,0.08977364008881411,1297
cg08128418,0.08977274097148286,1297
cg07664999,0.08977242921640755,1297
cg08690859,0.08977222480853414,1297
cg13840445,0.08976908690743524,1297
cg19769982,0.08976771613773273,1297
cg00025643,0.08976439595393254,1297
cg23776522,0.08976413328514998,1297
cg06108459,0.08976356698530513,1297
cg15402529,0.0897626572578322,1297
cg03229638,0.08976148057450978,1297
cg04593538,0.08976062147037062,1297
cg05623614,0.08976017657018576,1297
cg17480467,0.08975896380141181,1297
cg22330749,0.08975888138428934,1297
cg00954841,0.08975821599087441,1297
cg26737223,0.08975758359319097,1297
cg14359329,0.08975630575401283,1297
cg19343518,0.08975480356838927,1297
cg26841013,0.0897539498559711,1297
cg26620176,0.08975338587511211,1297
cg01240795,0.0897528916791803,1297
cg03890680,0.08975286621267373,1297
cg01957897,0.0897526429641845,1297
cg06398242,0.0897512656972429,1297
cg19515186,0.08975056472344967,1297
cg18522931,0.08975017560406062,1297
cg24132991,0.08974964509000669,1297
cg25278663,0.08974955015498948,1297
cg13924510,0.08974741618383991,1297
cg11005027,0.08974398839207198,1297
cg00933835,0.089743908966538,1297
cg08612011,0.08974194458583334,1297
cg25134647,0.08974026142805672,1297
cg12304663,0.08973907766005043,1297
cg16304215,0.08973886492330645,1297
cg20811347,0.08973598439618308,1297
cg15824100,0.08973528142575671,1297
cg13672800,0.089735056002029,1297
cg22747501,0.08973373803447438,1297
cg04699313,0.08973311485185292,1297
cg05848579,0.0897327478408429,1297
cg02293118,0.08973129231138915,1297
cg02184008,0.08973079458827724,1297
cg01313904,0.08973071376945731,1297
cg00018850,0.08973052451916358,1297
cg19776833,0.0897300140408227,1297
cg09727277,0.08972951936216325,1297
cg06873916,0.08972937415561616,1297
cg24532610,0.08972847875798923,1297
cg11235297,0.08972755104000474,1297
cg20981086,0.0897273419418492,1297
cg26235048,0.08972630776506169,1297
cg15633073,0.08972626852073395,1297
cg08476055,0.08972607059357679,1297
cg21147063,0.08972503274256075,1297
cg07957294,0.08972391216281095,1297
cg22998873,0.0897238439153091,1297
cg09695430,0.08972209467101228,1297
cg02941697,0.08972106605600205,1297
cg04855216,0.08972076485299041,1297
cg06553058,0.08972001674760788,1297
cg00037856,0.0897196588445758,1297
cg13412754,0.0897190878500228,1297
cg02543268,0.08971731231741181,1297
cg19753675,0.08971715904572186,1297
cg21657087,0.08971682160893135,1297
cg12299795,0.08971650981576818,1297
cg21778348,0.08971438706972615,1297
cg23178195,0.08971421185617265,1297
cg19764047,0.08971281914993129,1297
cg13482327,0.08971029844594447,1297
cg09767929,0.08970982822951756,1297
cg05586667,0.08970947890976771,1297
cg20430047,0.08970905404382684,1297
cg02251315,0.08970904022256954,1297
cg01412379,0.0897086655491453,1297
cg08580187,0.08970860256551255,1297
cg03446876,0.08970858518019381,1297
cg20837354,0.08970427465295555,1297
cg07337796,0.08970415264259787,1297
cg03272195,0.08970414597811108,1297
cg06478504,0.08970389096896422,1297
cg12900649,0.08970361424279932,1297
cg17959821,0.0897035006262416,1297
cg23462514,0.08970018758706938,1297
cg24135977,0.08970004705945372,1297
cg27391982,0.08969945266302701,1297
cg00034101,0.08969927096091612,1297
cg21282282,0.08969788015016095,1297
cg03665785,0.08969694776177861,1297
cg21428990,0.08969219178960508,1297
cg09551145,0.08969107303754026,1297
cg16664732,0.08969015549235965,1297
cg07652447,0.08968920649549994,1297
cg08447324,0.08968869656533701,1297
cg00011740,0.08968554264620981,1297
cg23257289,0.08968499833649379,1297
cg08482436,0.08968301417454516,1297
cg08529269,0.08968152044413324,1297
cg00103299,0.0896814233322839,1297
cg09656389,0.0896790108789895,1297
cg22547559,0.08967878559237652,1297
cg24094897,0.0896772815046219,1297
cg06389574,0.08967610594042302,1297
cg01038597,0.08967576341380751,1297
cg06048102,0.08967480593824362,1297
cg14042889,0.0896736788429956,1297
cg04911139,0.08967352993526154,1297
cg27351239,0.08967337636871678,1297
cg19642470,0.08967254678693062,1297
cg07090980,0.08966976825935657,1297
cg00615485,0.08966958565422128,1297
cg07892167,0.08966926844120682,1297
cg16319691,0.0896682127381137,1297
cg15720832,0.08966739811901125,1297
cg20676475,0.08966616560511237,1297
cg09897970,0.08966541968817929,1297
cg25390440,0.08966505729837221,1297
cg03803474,0.08966464573471566,1297
cg10839823,0.0896641991701318,1297
cg08802841,0.08966412858739145,1297
cg20760609,0.08966343624692663,1297
cg21501525,0.08966324373236045,1297
cg18000391,0.0896617899477668,1297
cg19092343,0.08965985003963062,1297
cg16043651,0.08965948021241149,1297
cg02822958,0.0896584971848311,1297
cg18953011,0.08965841496151716,1297
cg20452738,0.08965819145548895,1297
cg09455881,0.08965671049191254,1297
cg05238517,0.08965535737583821,1297
cg20204986,0.08965435755197765,1297
cg09976669,0.08965387250399787,1297
cg23917009,0.08965376109923096,1297
cg13759822,0.08965069583561008,1297
cg05088017,0.08964899227075601,1297
cg20688917,0.08964877027877749,1297
cg16664617,0.0896471982191889,1297
cg12503473,0.08964500659974811,1297
cg19935756,0.08964461356885733,1297
cg23195687,0.08964391094345578,1297
cg25920019,0.08964335834544146,1297
cg17264941,0.08964298346045668,1297
cg05851542,0.089642180369439,1297
cg24897392,0.08964104613404417,1297
cg12655375,0.08964007259087321,1297
cg13577655,0.08963972224650557,1297
cg06026545,0.08963925375014209,1297
cg07381788,0.08963910115712626,1297
cg19410796,0.08963602513989205,1297
cg01154505,0.08963589701808744,1297
cg13096007,0.08963589023407113,1297
cg27509052,0.08963449810475835,1297
cg16009120,0.08963325689449492,1297
cg08003402,0.08963296051483455,1297
cg13569207,0.08963176671959938,1297
cg18715243,0.08963174957245426,1297
cg09595479,0.08963135795060637,1297
cg11749672,0.08963081115061572,1297
cg26677288,0.08963024976304801,1297
cg18664869,0.08962930655530349,1297
cg26732615,0.08962825590358225,1297
cg12116288,0.08962777295189983,1297
cg13828227,0.08962622834204559,1297
cg24117468,0.08962535881020281,1297
cg19755171,0.08962489005134829,1297
cg27295342,0.0896242135730666,1297
cg11084443,0.089623405915715,1297
cg23111655,0.08962318701632666,1297
cg03895593,0.08962290245962068,1297
cg18713028,0.08962174098353956,1297
cg10493454,0.08962098642793537,1297
cg26494546,0.08962031318892366,1297
cg26659805,0.08961959658713872,1297
cg16586594,0.08961887124220394,1297
cg07166795,0.08961868058730899,1297
cg21406786,0.08961718809058006,1297
cg02637318,0.08961471684798451,1297
cg01028925,0.08961408677464086,1297
cg02868298,0.08961199709092757,1297
cg04092111,0.08961189445106338,1297
cg13451637,0.08961180533540863,1297
cg19871235,0.08961121933750185,1297
cg16336248,0.08961118401345883,1297
cg24336547,0.08961114510576357,1297
cg08684511,0.08961075293719245,1297
cg22197708,0.08961046634591818,1297
cg19516515,0.08960955934342926,1297
cg21880222,0.0896092882263349,1297
cg18709382,0.08960869768801066,1297
cg03178411,0.08960489999576604,1297
cg00444740,0.0896041621091837,1297
cg12279419,0.08960204779336967,1297
cg24402880,0.08960173198107838,1297
cg14592399,0.08959915992029199,1297
cg25317315,0.08959857462666537,1297
cg14044785,0.0895963676521152,1297
cg02068171,0.08959620033916477,1297
cg07504200,0.0895960027380499,1297
cg21802055,0.08959510641803468,1297
cg00331257,0.08959493542468111,1297
cg14119158,0.0895946870000246,1297
cg02833108,0.08959399035004689,1297
cg16473141,0.08959290759482416,1297
cg14141399,0.08959246916974642,1297
cg08423533,0.08959065256097148,1297
cg10794257,0.08958654604151331,1297
cg14971718,0.08958477166481296,1297
cg09712464,0.08958396787552397,1297
cg20527168,0.08958365967964396,1297
cg11908057,0.08958324076808652,1297
cg07385220,0.08958050435624004,1297
cg19626656,0.08958000340043987,1297
cg12245717,0.08957955583490074,1297
cg22531668,0.08957950379717713,1297
cg15731056,0.08957889743144395,1297
cg10443049,0.08957843525854041,1297
cg24638326,0.08957827102454408,1297
cg05376954,0.08957810597579025,1297
cg19846609,0.0895765611496755,1297
cg08641881,0.08957629253830018,1297
cg02770672,0.0895762864980218,1297
cg05215481,0.08957535528444127,1297
cg00263700,0.08957468079387554,1297
cg27533472,0.08957462372845465,1297
cg25010691,0.08957460521294958,1297
cg02674384,0.0895743291971674,1297
cg08774545,0.08957382164704175,1297
cg20986166,0.08957271025021862,1297
cg00535683,0.08957246585835876,1297
cg02621481,0.08957200503583868,1297
cg20169913,0.089571376185203,1297
cg20966539,0.089570160773279,1297
cg03421236,0.08957015769117871,1297
cg12562245,0.08956976272465311,1297
cg09005971,0.08956972222665158,1297
cg05474726,0.08956896418978727,1297
cg12279397,0.08956660145467826,1297
cg01706943,0.08956634297498914,1297
cg26923863,0.08956448981236287,1297
cg14604444,0.08956324469150279,1297
cg19225602,0.08956156768926404,1297
cg00712510,0.08956102720441006,1297
cg06660116,0.08955998415041122,1297
cg27123273,0.0895585003050477,1297
cg10775273,0.08955818971921657,1297
cg25905215,0.08955776934687987,1297
cg15787039,0.0895534681092861,1297
cg21367769,0.08955329590592082,1297
cg14859874,0.08955240616608978,1297
cg01295339,0.08955161863859948,1297
cg04561727,0.0895507045910911,1297
cg23746497,0.08955046241084334,1297
cg08867549,0.08954955665172476,1297
cg22976224,0.08954924045335304,1297
cg22844229,0.0895459715010577,1297
cg05621218,0.08954539871323486,1297
cg09550083,0.08954478003852945,1297
cg01600516,0.08954473174433708,1297
cg14014879,0.08954378463505402,1297
cg10782206,0.0895435413673158,1297
cg25959149,0.08954246815695688,1297
cg01244270,0.08954245879803566,1297
cg06850158,0.08954207124092989,1297
cg15300753,0.0895402013680281,1297
cg12524553,0.08954000478266744,1297
cg03456771,0.08953880035059719,1297
cg14409810,0.08953706507401626,1297
cg06620972,0.08953465804686384,1297
cg25510609,0.08953431938668543,1297
cg03620939,0.08953430124888107,1297
cg09229918,0.08953365345797645,1297
cg15252243,0.089533617340675,1297
cg13550311,0.08953353044263085,1297
cg08228249,0.08953334228705728,1297
cg23257502,0.08953258708387238,1297
cg07429146,0.08953049630410287,1297
cg12582003,0.08952887527475487,1297
cg18164784,0.08952765034051102,1297
cg26081584,0.0895264752625794,1297
cg11118440,0.08952107118820293,1297
cg00549574,0.08952014018750037,1297
cg21035374,0.08951894431923174,1297
cg19917714,0.08951882336688372,1297
cg15909443,0.08951869908303073,1297
cg13432682,0.08951838410175367,1297
cg03463523,0.08951757408178634,1297
cg25942990,0.08951641973424157,1297
cg11078084,0.08951604626625143,1297
cg07959016,0.08951590172839125,1297
cg22863637,0.0895134797992275,1297
cg05081167,0.08951180516338497,1297
cg06890415,0.08951156195681731,1297
cg03361776,0.08951084946457916,1297
cg00147788,0.08950996071270576,1297
cg18087306,0.08950943501032083,1297
cg08816590,0.08950888188579595,1297
cg02443126,0.08950841285889699,1297
cg08701429,0.08950611549350193,1297
cg18115248,0.0895049401162255,1297
cg01387625,0.08950453036541844,1297
cg01561259,0.08950376259349468,1297
cg23713909,0.08950340109641447,1297
cg06308084,0.08950331202848144,1297
cg06013395,0.08950325359843303,1297
cg01301319,0.08950229066298501,1297
cg10397932,0.08950138721920942,1297
cg11449372,0.08950074144130776,1297
cg02931729,0.08949994239263775,1297
cg25023994,0.08949747025242741,1297
cg05283521,0.08949702727777376,1297
cg06100639,0.08949672768060174,1297
cg25711558,0.08949649562587453,1297
cg09409457,0.08949438782572855,1297
cg16328456,0.08949410174368694,1297
cg17487029,0.08949022629760595,1297
cg20684375,0.08948745660901275,1297
cg14790630,0.08948654222495234,1297
cg22557091,0.08948589673718506,1297
cg13063845,0.08948451144957056,1297
cg26454662,0.0894828880888528,1297
cg12848808,0.0894824450020848,1297
cg24699914,0.08948032297560127,1297
cg07516252,0.08948030838215451,1297
cg10694914,0.0894802199487244,1297
cg21571166,0.08947935332081802,1297
cg22002034,0.08947747357660651,1297
cg19549023,0.08947650011427469,1297
cg02032558,0.08947557246027815,1297
cg25535982,0.08947513555938214,1297
cg16804165,0.08947222475039551,1297
cg04497611,0.08947173264171798,1297
cg13832669,0.08947098086596886,1297
cg14312334,0.08946962542138648,1297
cg00083790,0.0894673081554575,1297
cg26516200,0.0894671421142377,1297
cg11152829,0.08946491196676915,1297
cg13713155,0.08946460103403059,1297
cg12934884,0.08946458242410318,1297
cg08527226,0.0894639890568511,1297
cg13818451,0.08946390018326451,1297
cg14515517,0.08946306602987952,1297
cg18121224,0.08946268990673462,1297
cg27584713,0.08946099817232306,1297
cg26604359,0.08945799594165191,1297
cg20544605,0.08945758708749357,1297
cg16047292,0.0894575186645048,1297
cg22757535,0.08945622956779337,1297
cg07237979,0.08945575109187331,1297
cg00184457,0.08945138782223683,1297
cg02568153,0.08945063306775886,1297
cg06100608,0.0894485278851096,1297
cg01861913,0.08944602918112798,1297
cg03234813,0.08944602457230189,1297
cg26014197,0.08944573225499841,1297
cg26090849,0.08944500351735107,1297
cg01150433,0.08944457426875208,1297
cg04508467,0.08944417143508987,1297
cg16998564,0.08944259937923049,1297
cg21704109,0.0894417585570626,1297
cg18780167,0.08944131724376636,1297
cg11594940,0.08943976813746979,1297
cg07970146,0.08943940906459164,1297
cg15507690,0.0894393328811649,1297
cg15741247,0.08943772739039202,1297
cg13990351,0.08943760694137944,1297
cg01743846,0.08943721464147003,1297
cg07199834,0.08943712020271716,1297
cg19129687,0.08943687305578768,1297
cg25237113,0.0894364886989662,1297
cg25076325,0.08943252030692361,1297
cg12426652,0.08943118836472663,1297
cg12850078,0.08943096521248961,1297
cg09565319,0.0894307950222556,1297
cg09064304,0.08943058408413601,1297
cg12480375,0.08943044464064537,1297
cg17784503,0.08943002558753688,1297
cg07288031,0.08942951693142265,1297
cg05393025,0.08942856956531897,1297
cg23721586,0.08942469215426813,1297
cg19118951,0.08942452399013429,1297
cg18899569,0.08942191616487458,1297
cg03719155,0.08942054957819773,1297
cg08371556,0.08941853662552524,1297
cg05365735,0.08941833260846765,1297
cg25083933,0.08941719263558107,1297
cg03724964,0.08941656748821283,1297
cg10855395,0.08941491394322917,1297
cg02959108,0.0894145684131229,1297
cg21052383,0.08941235184876264,1297
cg06720669,0.08941097998924416,1297
cg05115424,0.08941075842310242,1297
cg08554554,0.08940892951544108,1297
cg25045942,0.08940869761281495,1297
cg01720176,0.08940725475911127,1297
cg08884752,0.08940640855241522,1297
cg05301470,0.08940630841151606,1297
cg23847712,0.08940525087651209,1297
cg19401111,0.08940155493817778,1297
cg15666214,0.08940058298498577,1297
cg09133032,0.0893999055806082,1297
cg04246708,0.08939974590408359,1297
cg04784618,0.08939925354459408,1297
cg09214175,0.08939700821313767,1297
cg02840025,0.08939697188818074,1297
cg24193140,0.08939607825761142,1297
cg07042338,0.08939500713941637,1297
cg00017842,0.08939460254306592,1297
cg12306086,0.0893937002269905,1297
cg25528806,0.08939353710081488,1297
cg22334632,0.08939349904237567,1297
cg11836212,0.08938962101147907,1297
cg12141340,0.08938897702725321,1297
cg27621721,0.08938897042826699,1297
cg11154040,0.08938880666480586,1297
cg09039506,0.08938817299662852,1297
cg09177567,0.08938641085502803,1297
cg06173481,0.08938598139320758,1297
cg01552272,0.08938513129680457,1297
cg26615188,0.08938319166218234,1297
cg15959921,0.08938287232941522,1297
cg03407747,0.08938207109964696,1297
cg15205441,0.08938159717462366,1297
cg09354241,0.08938158185084519,1297
cg08472795,0.08938131207707489,1297
cg05853130,0.0893811011994265,1297
cg01656588,0.08938085427087206,1297
cg19520372,0.08938029822522336,1297
cg02155658,0.08937976198280966,1297
cg12676322,0.08937940077806533,1297
cg04008703,0.08937796834867073,1297
cg00585790,0.08937750096514846,1297
cg01085362,0.08937373815328559,1297
cg13233461,0.08937186351712043,1297
cg13941760,0.08936830243920896,1297
cg27415655,0.0893681402938096,1297
cg11272547,0.08936635978679708,1297
cg16370398,0.0893659647095513,1297
cg12879425,0.08936585592254459,1297
cg00159523,0.08936571950560583,1297
cg03096285,0.08936565726605095,1297
cg24624505,0.08936561770256335,1297
cg26668608,0.08936547306785136,1297
cg23697546,0.08936514910750609,1297
cg04289585,0.08936486735200089,1297
cg08832624,0.08936462229643988,1297
cg24233426,0.0893633686796437,1297
cg24688348,0.08936331494514305,1297
cg09906066,0.08936283170603093,1297
cg07315010,0.08936235126472683,1297
cg08985968,0.08936142035772876,1297
cg16315417,0.08936128226084902,1297
cg16213217,0.08936110462840274,1297
cg02876925,0.08936084463874597,1297
cg14709292,0.08936062206371678,1297
cg16537367,0.08936039486922936,1297
cg08029281,0.08936036035600015,1297
cg24812837,0.08935717276171434,1297
cg17593958,0.08935235556913679,1297
cg11540932,0.08935231542254984,1297
cg06242102,0.08935103011993994,1297
cg18924324,0.08935101660333496,1297
cg27106643,0.08934826481066441,1297
cg04786857,0.08934825627991089,1297
cg27046052,0.08934806204274026,1297
cg17050616,0.08934695942039778,1297
cg24553862,0.08934654465856495,1297
cg19284726,0.08934619889723905,1297
cg16937769,0.08934438097470751,1297
cg18197392,0.08934306070682894,1297
cg10275315,0.08934290954537019,1297
cg03012521,0.08934162238352941,1297
cg21581504,0.08933885785812273,1297
cg04623371,0.08933844837518162,1297
cg07759478,0.0893375000164176,1297
cg00988175,0.08933711923464527,1297
cg03613433,0.08933710387354932,1297
cg03957898,0.08933663549413412,1297
cg18572653,0.08933643204566732,1297
cg26644395,0.0893363024726224,1297
cg07953935,0.0893340365925766,1297
cg24975342,0.08933341176844317,1297
cg10965131,0.08933224179971655,1297
cg00807366,0.08933029259766256,1297
cg10848373,0.08932843235020024,1297
cg01764252,0.08932679671743868,1297
cg03055671,0.08932650820700383,1297
cg19456540,0.08932627578212378,1297
cg27536286,0.08932547617832443,1297
cg23627149,0.08932283139730374,1297
cg04573550,0.08932122128207423,1297
cg01732465,0.08932107298938113,1297
cg13104257,0.08932093180107109,1297
cg13992402,0.08932038298875883,1297
cg16034991,0.0893194183674903,1297
cg05949331,0.08931927046631294,1297
cg25139084,0.08931915738667157,1297
cg01257889,0.089318937611093,1297
cg00790020,0.08931610566816597,1297
cg09051342,0.08931462330748907,1297
cg15202552,0.08931360074179162,1297
cg00007036,0.08931266296653584,1297
cg08699631,0.08930938609881955,1297
cg01511457,0.08930892282275862,1297
cg12111783,0.08930889197472519,1297
cg26717066,0.08930793653955632,1297
cg25276700,0.08930686498690726,1297
cg00054741,0.08930584478806786,1297
cg02381898,0.08930417008313597,1297
cg06853587,0.0893039330011855,1297
cg18436984,0.08930215178225376,1297
cg07460992,0.08930178804074715,1297
cg05018648,0.08929978028899604,1297
cg08769634,0.08929695953067529,1297
cg04942832,0.08929599162452845,1297
cg10861897,0.08929579684843808,1297
cg12253859,0.08929549536316342,1297
cg01510278,0.0892950256276594,1297
cg00278494,0.08929488351452347,1297
cg13455717,0.0892947183170737,1297
cg07805777,0.08929424067001368,1297
cg14818277,0.08929386294876945,1297
cg12958020,0.08929375491688155,1297
cg26557308,0.08929190293174943,1297
cg20637688,0.08929134518300047,1297
cg17888390,0.08929017138911285,1297
cg20592707,0.08928964196406419,1297
cg25685062,0.0892895113642184,1297
cg04840108,0.08928706475056991,1297
cg01017257,0.08928654512308956,1297
cg27000590,0.08928558951146726,1297
cg17454263,0.08928348887250159,1297
cg25717917,0.08928286195601248,1297
cg03831289,0.0892822912682446,1297
cg13883479,0.08928076338166441,1297
cg01341355,0.08928036460148384,1297
cg11875044,0.08927921079649728,1297
cg06520134,0.0892784171559742,1297
cg16409012,0.08927839795904408,1297
cg26756396,0.08927798779215265,1297
cg27364766,0.08927785621819745,1297
cg04330597,0.08927750292657091,1297
cg00880018,0.08927536583540066,1297
cg23215587,0.08927517367806623,1297
cg08154066,0.08927313236214035,1297
cg09993945,0.08927276105438142,1297
cg14093335,0.08927244011399249,1297
cg06197966,0.08927202325374815,1297
cg04601090,0.08927140072237394,1297
cg16896205,0.08927119278653792,1297
cg02567476,0.08927117840356064,1297
cg08757574,0.0892709237968895,1297
cg05307752,0.08926985303274737,1297
cg15339180,0.08926890271485799,1297
cg10068417,0.08926598639689787,1297
cg04375225,0.08926595876798799,1297
cg09302031,0.08926471099553279,1297
cg20906291,0.08926453131575518,1297
cg16531348,0.08926388708748056,1297
cg26645242,0.0892627208039124,1297
cg03623982,0.0892606849389492,1297
cg15669228,0.0892605582440168,1297
cg14191688,0.08926046530773724,1297
cg01055025,0.08926028236451133,1297
cg14225665,0.08925795645425139,1297
cg12186771,0.08925787610210656,1297
cg09225462,0.08925782173920299,1297
cg05267394,0.08925584563545666,1297
cg03079733,0.08925495977535802,1297
cg26482939,0.08925494342640444,1297
cg05856398,0.08925480551828219,1297
cg15465279,0.08925480132810934,1297
cg13283153,0.08925262159962807,1297
cg14749802,0.08925234540216548,1297
cg16576160,0.089250661159541,1297
cg06459070,0.08924977695335512,1297
cg13946767,0.08924781719039046,1297
cg01562537,0.08924602369543544,1297
cg20472746,0.08924397516065846,1297
cg05206120,0.08924375861271822,1297
cg02968890,0.08924206530303935,1297
cg04232360,0.08924155615912902,1297
cg18674234,0.08923974174343918,1297
cg02092102,0.08923944271618803,1297
cg15814508,0.089237477490405,1297
cg02863073,0.08923735923803991,1297
cg05882699,0.08923569516238172,1297
cg01796225,0.08923548515569135,1297
cg10840704,0.08923450106420217,1297
cg19594052,0.08923443695169114,1297
cg26067760,0.08923420344331767,1297
cg01696784,0.0892336921814158,1297
cg05972185,0.0892326178692536,1297
cg27462519,0.08922899545484259,1297
cg10464462,0.08922897669160235,1297
cg13234110,0.08922821663108373,1297
cg23815825,0.0892275725182961,1297
cg25362709,0.08922735584299638,1297
cg00164641,0.08922341869815731,1297
cg23744182,0.08922261084878275,1297
cg18833559,0.08922186884722369,1297
cg15528028,0.08922177112185027,1297
cg13138552,0.08922143929119525,1297
cg02764478,0.08922075088767338,1297
cg21128398,0.08922046106101478,1297
cg00760729,0.08921677634013381,1297
cg12702354,0.08921315676205699,1297
cg26581714,0.08921313034292894,1297
cg27547695,0.08921297308801046,1297
cg23479065,0.0892128994631941,1297
cg03271520,0.08921263246518618,1297
cg13970894,0.08921022014731506,1297
cg10945079,0.08920971787859744,1297
cg06033488,0.08920871476058079,1297
cg03110310,0.08920836918099137,1297
cg09207296,0.08920586448502885,1297
cg15712057,0.08920578382171315,1297
cg13429270,0.08920424435294447,1297
cg06007282,0.08920419938519836,1297
cg19784428,0.08920125876870222,1297
cg08365982,0.0891994080117659,1297
cg05437823,0.08919914778238508,1297
cg24103651,0.08919800017376922,1297
cg21053474,0.08919720822087801,1297
cg04368971,0.08919644808980934,1297
cg27666123,0.08919625536261228,1297
cg08003353,0.08919576186111665,1297
cg08614871,0.08919463755968407,1297
cg18899777,0.08919381256152248,1297
cg19267163,0.08919164699872556,1297
cg25771451,0.08919150838849624,1297
cg20661138,0.08918757885613982,1297
cg16519923,0.08918738650647434,1297
cg20702879,0.08918033273996911,1297
cg27328431,0.08917999274801858,1297
cg01208318,0.08917979742467533,1297
cg09595384,0.08917891762578495,1297
cg20444370,0.08917775540637526,1297
cg26196480,0.08917675597601218,1297
cg02919615,0.08917629963790338,1297
cg02218200,0.08917620064176596,1297
cg01881549,0.0891759071807196,1297
cg20288617,0.08917509675594237,1297
cg06711254,0.0891734378237734,1297
cg11139248,0.08917213298062998,1297
cg01876531,0.08917204161078396,1297
cg07994661,0.08917118501525212,1297
cg03532673,0.08917088317849761,1297
cg07865091,0.08917086160192274,1297
cg17583946,0.08917044099550428,1297
cg08292959,0.08916982250736749,1297
cg02274103,0.08916856533218409,1297
cg12363903,0.08916855464842444,1297
cg09417692,0.08916666813079552,1297
cg21090033,0.08916654939103097,1297
cg06047587,0.08916647511705095,1297
cg11650704,0.0891657588654226,1297
cg08468299,0.08916452666140445,1297
cg26420391,0.08916408145929544,1297
cg07307078,0.08916303386728834,1297
cg11214757,0.08916205606056044,1297
cg17140476,0.08916111979656838,1297
cg24663003,0.08916058792265769,1297
cg23370710,0.0891600056171779,1297
cg11165391,0.08915893173122597,1297
cg16263005,0.08915890133151494,1297
cg08959039,0.08915873845490302,1297
cg16148593,0.08915554182796841,1297
cg12678695,0.08915416816822035,1297
cg25543264,0.08915343281790153,1297
cg00818493,0.0891534104860967,1297
cg27406975,0.08915191252599233,1297
cg12254845,0.08915123048205836,1297
cg00912247,0.08915087492341778,1297
cg13073773,0.08914987978003704,1297
cg07709618,0.08914817032742872,1297
cg07902156,0.0891471683346487,1297
cg00998782,0.08914687287425277,1297
cg06452665,0.08914615043246557,1297
cg12866112,0.08914603886541855,1297
cg24428653,0.08914419081983438,1297
cg14839323,0.08914416979023972,1297
cg24647820,0.08914152470248995,1297
cg25191332,0.08914050290186809,1297
cg15447913,0.08913639219550751,1297
cg27246251,0.0891345584477668,1297
cg18413025,0.08913455082132116,1297
cg13586051,0.08913367072936002,1297
cg11808699,0.0891326099077056,1297
cg20454486,0.08913206283292202,1297
cg18522655,0.08913136230221474,1297
cg22821554,0.08913098474655146,1297
cg16867817,0.0891286710472931,1297
cg02484127,0.08912820517118247,1297
cg22688043,0.08912746091438195,1297
cg15017604,0.08912672671016705,1297
cg07314530,0.08912106340891418,1297
cg17966560,0.08912046433972892,1297
cg04948014,0.0891200870803445,1297
cg13963210,0.0891171867435705,1297
cg03480605,0.08911639066749502,1297
cg03646189,0.0891162781715806,1297
cg27209741,0.08911550839081264,1297
cg14550153,0.08911497511010838,1297
cg18722086,0.08911464505435293,1297
cg19979108,0.08911398113783586,1297
cg26402169,0.08911258852771925,1297
cg19180698,0.08911146495998706,1297
cg11625005,0.0891113105177157,1297
cg16366355,0.08911129600811962,1297
cg18835582,0.08911120767859176,1297
cg13181019,0.08910507703091114,1297
cg01066936,0.08910347106487965,1297
cg06404175,0.08910291335763569,1297
cg01589587,0.08910271325084804,1297
cg00927226,0.0891017607649004,1297
cg10484211,0.08910144635478759,1297
cg23010507,0.08910098188138305,1297
cg08928408,0.08909877733599936,1297
cg06574296,0.08909721173864876,1297
cg08319294,0.0890950796424575,1297
cg21427300,0.08909266044903114,1297
cg08548659,0.08909263752719943,1297
cg16047117,0.08909046861037229,1297
cg04130952,0.08908979769800346,1297
cg01782798,0.08908782938813906,1297
cg00562468,0.08908468242633344,1297
cg08461752,0.08908354480456179,1297
cg09366118,0.0890831722898619,1297
cg06987369,0.0890830057292355,1297
cg22607266,0.08908242501019972,1297
cg14648774,0.08908118796350592,1297
cg02901006,0.08907908047048724,1297
cg26133301,0.08907809032900227,1297
cg09774932,0.08907730755773852,1297
cg16065050,0.0890766834643459,1297
cg06093460,0.08907662268826194,1297
cg02353165,0.08907485742602157,1297
cg25857471,0.08907428998608558,1297
cg24773418,0.08907374657066655,1297
cg14213590,0.08907361732189234,1297
cg04890607,0.08907216213132735,1297
cg05740254,0.08907117738845374,1297
cg02596089,0.08907075085956595,1297
cg09672912,0.08906917745179788,1297
cg23480730,0.08906754404865092,1297
cg20317148,0.08906731085970654,1297
cg10482051,0.08906691014471674,1297
cg26638341,0.08906562619240249,1297
cg02261543,0.08906458549731083,1297
cg12608565,0.08906364865880703,1297
cg24211406,0.08906195329672173,1297
cg08717807,0.08906187709619051,1297
cg22086566,0.08906025715024879,1297
cg23206032,0.08905976017816755,1297
cg07176385,0.08905804736075557,1297
cg03419151,0.08905722905461438,1297
cg16932304,0.08905721952474266,1297
cg06055190,0.0890572118700535,1297
cg04833050,0.08905712899635826,1297
cg18066403,0.08905342236916039,1297
cg10804687,0.08905285590361245,1297
cg22697684,0.08905227459638138,1297
cg13751216,0.08905111357064383,1297
cg16965605,0.08904942563381146,1297
cg05525106,0.08904925213851109,1297
cg09862148,0.08904897673069712,1297
cg23741330,0.08904852297819368,1297
cg10005224,0.08904849806150578,1297
cg13616508,0.08904808240592371,1297
cg08629394,0.08904807042072022,1297
cg25137436,0.08904696687002978,1297
cg03446244,0.08904655128141944,1297
cg14563196,0.08904517281348942,1297
cg04216073,0.0890435262086619,1297
cg19923326,0.08904261909625238,1297
cg11213150,0.08904248882845991,1297
cg27180868,0.08904147924229196,1297
cg04578362,0.08904018746563996,1297
cg12667002,0.08903943055706073,1297
cg04518342,0.08903911182724836,1297
cg08575894,0.08903754711266515,1297
cg15829092,0.08903615966135442,1297
cg23448348,0.08903487981509775,1297
cg08210506,0.08903486978283232,1297
cg04929703,0.08903412202252026,1297
cg03468072,0.08903407334045818,1297
cg07578695,0.08903353632554334,1297
cg12682323,0.08903211777880271,1297
cg01745789,0.08903058510661793,1297
cg11787160,0.08903039154621567,1297
cg02393380,0.08902983234347045,1297
cg27596172,0.08902899983969581,1297
cg05437648,0.08902822717790937,1297
cg18604577,0.08902688049638646,1297
cg17073708,0.08902573979852052,1297
cg13602343,0.08902544214598618,1297
cg01417625,0.08902508036352441,1297
cg20139683,0.08902505928881921,1297
cg05229723,0.08902309682372544,1297
cg00863661,0.08902280762237552,1297
cg02059509,0.08901980178695826,1297
cg17404449,0.0890196342438842,1297
cg17311022,0.0890195625912294,1297
cg24965479,0.08901947116921102,1297
cg15035143,0.08901874398796356,1297
cg12106728,0.08901865317599467,1297
cg13189149,0.08901769792161873,1297
cg12453687,0.08901745643514397,1297
cg18557185,0.08901721203689655,1297
cg07159758,0.08901614060296581,1297
cg16171407,0.0890157644579278,1297
cg00017489,0.0890154408235014,1297
cg14782119,0.0890147987888314,1297
cg00481350,0.0890139253981039,1297
cg02956194,0.0890130241128046,1297
cg27481428,0.08901247090573733,1297
cg20592447,0.0890099357588216,1297
cg15231462,0.08900825037229576,1297
cg18808466,0.08900705753321578,1297
cg23661466,0.08900692873590466,1297
cg15605858,0.08900688206962273,1297
cg06513814,0.08900687764908646,1297
cg17744604,0.08900592410014135,1297
cg01800061,0.08900529265097162,1297
cg15807314,0.08900486141172981,1297
cg22924765,0.08900338224163024,1297
cg02721902,0.08900306618516785,1297
cg00474091,0.08900233950886069,1297
cg08266202,0.08900094658391983,1297
cg08923984,0.08899965599645798,1297
cg02587606,0.08899931271457057,1297
cg18130688,0.08899851721799562,1297
cg05407200,0.0889983419548254,1297
cg12659981,0.08899822103408353,1297
cg06705862,0.08899624260711597,1297
cg05446322,0.08899523454783342,1297
cg14696334,0.08899439743744199,1297
cg18357696,0.08899437984335315,1297
cg21935393,0.0889936016992749,1297
cg25245118,0.08899349063724601,1297
cg25812683,0.08899347125164808,1297
cg11298144,0.08899294086319481,1297
cg08249698,0.08899047898242524,1297
cg08147813,0.08899026972353477,1297
cg05063999,0.08898807268431376,1297
cg06041067,0.08898566426971266,1297
cg11080915,0.08898464853339982,1297
cg13127591,0.08898454202932721,1297
cg11847597,0.0889844911218724,1297
cg07604117,0.08898150961891119,1297
cg14839134,0.08897919518347247,1297
cg15075241,0.08897785101483766,1297
cg20792376,0.08897666259349452,1297
cg20964216,0.0889765713566516,1297
cg01089001,0.08897598785931832,1297
cg03302951,0.08897567369492598,1297
cg07467854,0.08897444617228689,1297
cg17111846,0.08897398642668086,1297
cg24384437,0.08897387311275376,1297
cg26915336,0.08897284060851934,1297
cg09533390,0.08897274642534297,1297
cg27514336,0.08897220788921123,1297
cg10799440,0.08897099960125981,1297
cg13680362,0.08896902994910519,1297
cg11746813,0.08896753424507868,1297
cg19640581,0.0889666671040984,1297
cg21380380,0.08896647930001986,1297
cg09284655,0.08896607714540236,1297
cg08243626,0.08896585814599428,1297
cg02510802,0.08896584751840203,1297
cg25164490,0.08896454886656774,1297
cg18149394,0.0889645370546041,1297
cg08626004,0.08896416712620636,1297
cg20141817,0.08896403411301701,1297
cg09515953,0.08896392700111104,1297
cg20608783,0.08896325325172089,1297
cg18027683,0.08896115361860121,1297
cg05261686,0.08895997423334234,1297
cg02079700,0.0889595632358478,1297
cg09016968,0.08895880323896282,1297
cg02447304,0.08895608761511475,1297
cg02938205,0.08895602661113858,1297
cg23364226,0.08895463411459648,1297
cg25650360,0.0889526841028293,1297
cg13396068,0.0889524635393597,1297
cg14631834,0.08895202299333343,1297
cg08317738,0.0889514961505507,1297
cg13057576,0.08895050058233656,1297
cg27153155,0.0889504561272163,1297
cg27427491,0.08895007689656381,1297
cg12747056,0.08894929247095851,1297
cg13852284,0.08894859486933102,1297
cg01084990,0.088947558609628,1297
cg03228132,0.08894713695214466,1297
cg00877329,0.08894606890236179,1297
cg26963277,0.0889456524641421,1297
cg25734928,0.08894476075103594,1297
cg06850787,0.08894398369873713,1297
cg24026212,0.08894130073376416,1297
cg16735509,0.08893782568287245,1297
cg00894757,0.08893773195909915,1297
cg13765961,0.08893716866915968,1297
cg18565717,0.08893661184575896,1297
cg03654273,0.08893647666331583,1297
cg11350586,0.08893616295939205,1297
cg13468685,0.08893582596916405,1297
cg25035631,0.08893578409864406,1297
cg00764612,0.08893364423864132,1297
cg13810673,0.08893285773964671,1297
cg00188704,0.08892954855626367,1297
cg14349667,0.08892951140553298,1297
cg25577821,0.08892858627481068,1297
cg14875498,0.08892856196187332,1297
cg15744124,0.08892839193492447,1297
cg25965776,0.0889282596863317,1297
cg12699190,0.08892737542587614,1297
cg05533037,0.08892717054401122,1297
cg08910705,0.08892439274187047,1297
cg07546433,0.08892428061196611,1297
cg05804220,0.0889222007002261,1297
cg17956775,0.08892117280427392,1297
cg23546474,0.08892021538253861,1297
cg21502551,0.08891925543944956,1297
cg26864714,0.08891817438956018,1297
cg07719617,0.0889178763870015,1297
cg05046589,0.08891759141684957,1297
cg14119706,0.08891674422696577,1297
cg02235529,0.08891327965597295,1297
cg12584111,0.0889114816699198,1297
cg20073153,0.08891084995835682,1297
cg10591607,0.08891066440561099,1297
cg01560873,0.08891023886092594,1297
cg23189044,0.08890955380510773,1297
cg07333792,0.08890867711747241,1297
cg08482837,0.08890703739424627,1297
cg02409878,0.08890684369017407,1297
cg08227260,0.08890535484310183,1297
cg18273840,0.08890456574148306,1297
cg24394624,0.08890399385820699,1297
cg04849878,0.08890336754281009,1297
cg02744046,0.08890211058844905,1297
cg15393275,0.08890200586565108,1297
cg23184042,0.08890164324459748,1297
cg15451258,0.08890029683194914,1297
cg06293365,0.0888997457116982,1297
cg04650676,0.08889932701147496,1297
cg26198638,0.08889910729220496,1297
cg26036375,0.08889862942228505,1297
cg04694619,0.08889860538376473,1297
cg18857768,0.0888962111636249,1297
cg04494122,0.08889613780686643,1297
cg14740860,0.0888960558027253,1297
cg06060874,0.08889446297649237,1297
cg27573735,0.08889315258034775,1297
cg15555095,0.0888927243948397,1297
cg15125338,0.08889242116157992,1297
cg16755863,0.0888913264979726,1297
cg23715728,0.08889064882460551,1297
cg00294550,0.08888970107404331,1297
cg13581832,0.08888908996131406,1297
cg23184653,0.08888878091926655,1297
cg00519320,0.08888856826628552,1297
cg08889009,0.08888807871932897,1297
cg07365127,0.08888732708307986,1297
cg06760771,0.08888550688457297,1297
cg01614102,0.08888488410367945,1297
cg03014957,0.0888841124699288,1297
cg21600346,0.0888833959558441,1297
cg27573308,0.0888818731377678,1297
cg25941751,0.088880541321806,1297
cg25085142,0.08887940466656002,1297
cg21279510,0.08887914959819915,1297
cg02090654,0.08887889360173801,1297
cg22550229,0.08887809083174228,1297
cg11731626,0.08887792029841549,1297
cg04986004,0.08887669562683245,1297
cg00043792,0.088875925543313,1297
cg25730098,0.08887572625165985,1297
cg24317217,0.08887467936617705,1297
cg15353603,0.08887007795057059,1297
cg02532700,0.08886966024444026,1297
cg10199556,0.08886935736271603,1297
cg08204867,0.08886893618831535,1297
cg26342147,0.08886880962630614,1297
cg25938806,0.08886829937570928,1297
cg23989012,0.08886749080025647,1297
cg26161816,0.08886582805907953,1297
cg23640231,0.08886202248225272,1297
cg16184803,0.08886131423798971,1297
cg25532292,0.08886106904081309,1297
cg26342535,0.08886084602477157,1297
cg12158737,0.08885958465444785,1297
cg25462303,0.08885941657274396,1297
cg20519121,0.08885698254649732,1297
cg01674147,0.08885585753779593,1297
cg03188948,0.0888532777187021,1297
cg02705958,0.08885271533127759,1297
cg13493043,0.08885216991368666,1297
cg09655666,0.088850520012947,1297
cg06188496,0.0888494657651634,1297
cg06468385,0.0888494324856186,1297
cg24369989,0.08884903406930028,1297
cg26719062,0.08884869611757501,1297
cg02642958,0.08884863330829484,1297
cg06077079,0.0888485364653992,1297
cg21616785,0.08884686346988394,1297
cg06589885,0.08884666276588793,1297
cg23910341,0.08883806487192486,1297
cg08346820,0.08883787398325436,1297
cg26787863,0.08883664337582814,1297
cg03567939,0.08883584885134976,1297
cg03661409,0.08883556036771045,1297
cg21308365,0.08883541515905594,1297
cg23164218,0.08883541245560128,1297
cg02888744,0.0888354039366937,1297
cg16341737,0.08883489256646393,1297
cg15142819,0.0888345749168935,1297
cg09473364,0.08883274643193095,1297
cg23643814,0.08883184163456175,1297
cg12301695,0.08883173914797843,1297
cg21188409,0.08883007691037842,1297
cg19828220,0.08882849752867145,1297
cg16173847,0.08882820496826796,1297
cg05940514,0.08882659013012206,1297
cg04016730,0.08882634125835809,1297
cg06133145,0.08882445863062358,1297
cg08106339,0.08882327684276925,1297
cg01578875,0.08882313341283798,1297
cg17156570,0.08882197792483043,1297
cg24672624,0.08882131355234094,1297
cg24516362,0.08882095378339666,1297
cg26915370,0.08881843673777942,1297
cg25909885,0.0888159116198956,1297
cg25633678,0.08881545882834159,1297
cg02700891,0.08881480096794134,1297
cg25052176,0.08881365024125162,1297
cg10350536,0.08881179633011649,1297
cg02408311,0.08881090813468723,1297
cg15810758,0.08880772939494042,1297
cg10477592,0.08880588344350676,1297
cg06588201,0.08880526329918242,1297
cg26761826,0.088804417386077,1297
cg13014558,0.08880420511757597,1297
cg26360026,0.08880316689038481,1297
cg16725225,0.0888028328687199,1297
cg02020350,0.08880114429830605,1297
cg16563470,0.08879870764051301,1297
cg08128087,0.08879852800535143,1297
cg26214948,0.08879770853616231,1297
cg19974227,0.0887968403296858,1297
cg21568145,0.08879655543630344,1297
cg01335127,0.08879638168578446,1297
cg09820180,0.08879622026438891,1297
cg13369325,0.08879161753067943,1297
cg08403885,0.08878960469077868,1297
cg19735421,0.08878868569589271,1297
cg04526087,0.08878754015389737,1297
cg08607209,0.08878613712832789,1297
cg18476766,0.08878574681487583,1297
cg03268942,0.0887823749121488,1297
cg01844321,0.08878012037100358,1297
cg05068866,0.088779007600711,1297
cg11805311,0.08877891667743776,1297
cg20149898,0.08877866670322804,1297
cg19580937,0.0887782450941568,1297
cg20008734,0.08877573690563173,1297
cg01564640,0.08877455539870194,1297
cg20994660,0.08877165373467123,1297
cg03935448,0.08877147742129099,1297
cg09696411,0.08876913101657047,1297
cg27410165,0.08876851139662234,1297
cg00517270,0.08876790052268607,1297
cg10899768,0.08876775977914775,1297
cg09236382,0.08876772993677912,1297
cg14479704,0.08876765882296067,1297
cg19778015,0.08876654048197191,1297
cg20518446,0.08876653264079745,1297
cg15658426,0.08876455010920208,1297
cg09399225,0.08876239091539956,1297
cg04163147,0.08876224213009848,1297
cg13687570,0.08875927275096956,1297
cg24295561,0.08875849438047378,1297
cg07843512,0.0887583786058031,1297
cg27092594,0.08875837407430101,1297
cg08045906,0.08875517619745504,1297
cg06456531,0.0887479739273839,1297
cg18746831,0.0887477329840709,1297
cg02932355,0.0887469280108597,1297
cg14294859,0.08874670565041193,1297
cg17080163,0.08874426273096248,1297
cg19816811,0.08874259985026822,1297
cg01987353,0.08874216403200277,1297
cg14332815,0.08874181095563538,1297
cg18653451,0.08874137916597374,1297
cg21652958,0.0887401766063659,1297
cg03065175,0.08873971576637413,1297
cg26104072,0.08873825610265726,1297
cg14845091,0.0887357328932134,1297
cg23856293,0.08873460102629582,1297
cg20517050,0.08873399170811838,1297
cg22462726,0.08873222988289198,1297
cg12388052,0.08873121928892097,1297
cg01590338,0.08872706440215072,1297
cg03295928,0.08872592003330065,1297
cg14918082,0.0887250849146367,1297
cg20607287,0.08872503526255174,1297
cg09271709,0.08872337821103482,1297
cg14441787,0.08872312727410392,1297
cg01556502,0.08872234603203148,1297
cg03742250,0.08872141522533644,1297
cg14547895,0.08872121638746056,1297
cg14258236,0.08871935727207764,1297
cg01709619,0.08871934110299429,1297
cg11526630,0.08871738249232475,1297
cg09705798,0.08871733730776665,1297
cg00042882,0.08871733194111106,1297
cg23665184,0.08871633017469538,1297
cg23442853,0.08871477282060292,1297
cg21311067,0.0887141059945637,1297
cg23165992,0.08871381384108812,1297
cg19808205,0.08871311689254566,1297
cg24696151,0.08871224414159484,1297
cg06580523,0.08871127714147004,1297
cg11329678,0.08871070255728311,1297
cg07028733,0.08871002074357262,1297
cg09367545,0.0887084273273484,1297
cg06001716,0.0887080077142427,1297
cg13679679,0.08870763489153383,1297
cg01875838,0.08870717678115503,1297
cg24324984,0.08870629277639103,1297
cg16170614,0.08870623470189287,1297
cg10451262,0.08870613993897769,1297
cg03742629,0.08870588847411992,1297
cg17504886,0.08870297937805477,1297
cg17694351,0.08870232548879298,1297
cg26264232,0.0887013486733453,1297
cg03814063,0.08869995345001139,1297
cg23983887,0.08869922294994265,1297
cg27097762,0.08869902315919931,1297
cg26198148,0.088698702628632,1297
cg25922969,0.08869831743590484,1297
cg10055231,0.0886976677616258,1297
cg16661609,0.0886955722357089,1297
cg22463035,0.08869527171812885,1297
cg21911021,0.08869448817713527,1297
cg02083836,0.08869447363498309,1297
cg01288337,0.0886941779017476,1297
cg08196561,0.08869228005557753,1297
cg10504392,0.08869225728550958,1297
cg27247689,0.08869167182590706,1297
cg04177426,0.08869063383097997,1297
cg20907409,0.08869013133816597,1297
cg21528927,0.08868911704654894,1297
cg11505661,0.08868899104906636,1297
cg15617155,0.08868810180219537,1297
cg15171791,0.08868751189393095,1297
cg27641532,0.0886869717462343,1297
cg00528572,0.08868651183795512,1297
cg20641280,0.08868360250587562,1297
cg02886715,0.08868312715426735,1297
cg21823605,0.08868191581857124,1297
cg13718729,0.08868151106117529,1297
cg13354988,0.08868142066353579,1297
cg03591690,0.0886802498191307,1297
cg15306060,0.088680207169934,1297
cg04050941,0.08867856141626229,1297
cg15530351,0.08867760724708806,1297
cg10781408,0.08867726388102962,1297
cg15633912,0.08867688558442322,1297
cg11316131,0.08867646178149871,1297
cg14989202,0.08867626353573399,1297
cg00586817,0.08867468134351197,1297
cg24018190,0.0886729484793321,1297
cg26602558,0.08867276126582876,1297
cg02556928,0.08867129430398557,1297
cg13130271,0.08866979788038722,1297
cg15317815,0.08866912530922794,1297
cg02213103,0.08866852004155806,1297
cg14549300,0.0886679888924154,1297
cg06261059,0.0886664919628527,1297
cg24541426,0.08866536030541194,1297
cg08330349,0.08866482691188315,1297
cg17343563,0.0886646955137747,1297
cg25637829,0.08866448760642215,1297
cg01089319,0.088662669420801,1297
cg11990334,0.08865873853846845,1297
cg06643013,0.08865799508493419,1297
cg07475026,0.08865770534464201,1297
cg14719951,0.08865759649415368,1297
cg01256563,0.08865734547650722,1297
cg06178310,0.08865728090679026,1297
cg13100449,0.08865622805057499,1297
cg06909503,0.08865605847562119,1297
cg16896868,0.0886550492083159,1297
cg16057401,0.08865413311802828,1297
cg04606830,0.08865339249728155,1297
cg08918658,0.08865092361355154,1297
cg01572989,0.08865079160927196,1297
cg06735218,0.08864659313999179,1297
cg08964929,0.08864466519886555,1297
cg02533724,0.0886439862777911,1297
cg17778888,0.08864140743985888,1297
cg27228433,0.0886410134768863,1297
cg12073779,0.08864020678707932,1297
cg16436711,0.08863809073326706,1297
cg08304190,0.08863769056882706,1297
cg01727145,0.08863751399710951,1297
cg24535643,0.08863639760871275,1297
cg09240763,0.08863591987937494,1297
cg20199836,0.08863506285629016,1297
cg10055580,0.08863337830117762,1297
cg23434461,0.08863216460358869,1297
cg17569032,0.08862913583010751,1297
cg01047635,0.08862866450748896,1297
cg26902350,0.08862725379295333,1297
cg13530474,0.08862666798347124,1297
cg23101551,0.08862653917642466,1297
cg17277001,0.08862642288070999,1297
cg10854819,0.08862410965800116,1297
cg19653282,0.08862343695466329,1297
cg08865099,0.08862250157938018,1297
cg11645306,0.08862246236795143,1297
cg02741229,0.08862225682204172,1297
cg07921625,0.08861987538606139,1297
cg15392413,0.08861875766590344,1297
cg02730156,0.0886184880384887,1297
cg09010107,0.08861819831594986,1297
cg21215820,0.08861644535967933,1297
cg10512745,0.08861580156419571,1297
cg22633840,0.08861246581400167,1297
cg02068356,0.0886123846190755,1297
cg09156207,0.08861227891454354,1297
cg08814405,0.0886089059232993,1297
cg07053727,0.08860799344934728,1297
cg24447042,0.08860798720844268,1297
cg08373528,0.08860683687803664,1297
cg19404190,0.0886044154059098,1297
cg17206001,0.08860300954310901,1297
cg10138338,0.08860283014907461,1297
cg22402753,0.08860225423306303,1297
cg05083033,0.08860181035306042,1297
cg26020521,0.08860098663746097,1297
cg27543960,0.08860096326760664,1297
cg06699195,0.08860081192743538,1297
cg24724567,0.08859979445100608,1297
cg15899743,0.08859931672335888,1297
cg18084999,0.0885990951207089,1297
cg22159015,0.08859845578915992,1297
cg22317004,0.08859844254680121,1297
cg12337525,0.08859810097247922,1297
cg16651895,0.08859802122278873,1297
cg22983827,0.08859641393717299,1297
cg04314111,0.08859614596542387,1297
cg04027548,0.08859467826945422,1297
cg24456002,0.08859460254796916,1297
cg05039004,0.08859385910564183,1297
cg06148736,0.08859383821055047,1297
cg16619764,0.08859354091285754,1297
cg03099208,0.08859234039494109,1297
cg14377596,0.08859108801575877,1297
cg08454053,0.0885908478383019,1297
cg14947218,0.08858979808795553,1297
cg26747317,0.0885893410993169,1297
cg09134179,0.08858905453422328,1297
cg05720891,0.08858793101281404,1297
cg15814504,0.08858681064644547,1297
cg17206850,0.08858605400570185,1297
cg03628000,0.08858596499215532,1297
cg04309214,0.08858539157660458,1297
cg02722637,0.08858449955945069,1297
cg03259564,0.08858366496530473,1297
cg25709790,0.08858310433303157,1297
cg03545548,0.08858119861250452,1297
cg00602811,0.08857967027681085,1297
cg23735127,0.08857823613812699,1297
cg12759096,0.08857813728910019,1297
cg00321007,0.08857780415276034,1297
cg00193613,0.08857654347560356,1297
cg25726684,0.08857387683546505,1297
cg20999347,0.08857313050952242,1297
cg13631075,0.08857293728906912,1297
cg12848223,0.08857095308971288,1297
cg18954479,0.08857049702169267,1297
cg15070677,0.08856828071248668,1297
cg27450744,0.0885678754196289,1297
cg18447419,0.08856598469440513,1297
cg24128943,0.08856456160425924,1297
cg16769649,0.08856319669017537,1297
cg03242698,0.0885630312523055,1297
cg14316431,0.0885623564518773,1297
cg12609140,0.08856217339559169,1297
cg12786570,0.08856202677937278,1297
cg16786971,0.08855996562096147,1297
cg26661922,0.0885599092286175,1297
cg00707129,0.08855873738865871,1297
cg20735041,0.08855751125241876,1297
cg00383136,0.088557298493881,1297
cg18276112,0.08855714335238046,1297
cg11144103,0.08855667700364478,1297
cg07981328,0.08855647533090724,1297
cg26129606,0.08855624631734171,1297
cg02156296,0.08855621970609856,1297
cg05517976,0.0885561045460242,1297
cg17622246,0.0885548148366283,1297
cg04484789,0.0885545434662472,1297
cg24087669,0.08855394931210286,1297
cg26082814,0.08855366005894943,1297
cg07879612,0.08855357887213605,1297
cg02322889,0.08855048438612645,1297
cg22914729,0.08854998189570291,1297
cg21510841,0.08854935530095559,1297
cg01311802,0.08854643608242735,1297
cg19615711,0.08854631768731247,1297
cg08455099,0.08854553214609431,1297
cg24250492,0.08854492168798453,1297
cg16531209,0.08854490850269658,1297
cg08030987,0.08854391978591752,1297
cg19876649,0.08854364664718803,1297
cg19676502,0.08853977076044972,1297
cg21046080,0.08853820973193408,1297
cg09382127,0.08853768315224186,1297
cg08660915,0.08853435475749732,1297
cg04960602,0.0885341401749622,1297
cg10689409,0.08853331505809381,1297
cg14912388,0.08853312115453932,1297
cg12634591,0.08853245394142528,1297
cg06584218,0.08852995563916066,1297
cg17982038,0.08852535967017189,1297
cg18297437,0.08852501043474126,1297
cg17494585,0.08852151743548808,1297
cg13936452,0.08852020681745845,1297
cg15440158,0.08851980990232036,1297
cg00117005,0.08851803031381722,1297
cg20770175,0.08851776470036254,1297
cg23114964,0.08851770829670633,1297
cg14104327,0.08851602468357966,1297
cg14134256,0.08851246986935665,1297
cg09264140,0.08851191686678478,1297
cg02464901,0.0885112832219423,1297
cg13106430,0.08850848973521697,1297
cg25125450,0.08850836716723878,1297
cg24751154,0.08850558851123169,1297
cg17418276,0.088505497278005,1297
cg25388800,0.08850533401375724,1297
cg08906309,0.08850489111646806,1297
cg09637757,0.08850342704352937,1297
cg23309843,0.08850326593302354,1297
cg09247319,0.0885029852778711,1297
cg09757250,0.08849964223817108,1297
cg21024234,0.0884991920911975,1297
cg12131620,0.0884985338680761,1297
cg06494135,0.08849480098609847,1297
cg00282877,0.08849344142720622,1297
cg08342619,0.08849235698412947,1297
cg13376953,0.08849212325354913,1297
cg04487857,0.0884911421359548,1297
cg25929664,0.08849093026939342,1297
cg03027800,0.08849090853127822,1297
cg05352016,0.08848889410678484,1297
cg22997362,0.08848805983747471,1297
cg01868869,0.08848452673201201,1297
cg23755969,0.08848202418925677,1297
cg11785425,0.0884819963403122,1297
cg02775867,0.08848169446090326,1297
cg04471919,0.08848143487809951,1297
cg20144984,0.08848130451400121,1297
cg27281882,0.0884810213050563,1297
cg19027424,0.0884809034402094,1297
cg19987219,0.08848070106202632,1297
cg25064331,0.08848028279158798,1297
cg04132407,0.0884797433597827,1297
cg17297775,0.08847415494798783,1297
cg13623966,0.08847225494256628,1297
cg03991547,0.08847041405317313,1297
cg02806715,0.08846806294665868,1297
cg25372195,0.08846752139846392,1297
cg02109704,0.08846718306202284,1297
cg13453244,0.08846716757840267,1297
cg22275864,0.08846666945700016,1297
cg10146692,0.08846657834873883,1297
cg17759274,0.08846636535968946,1297
cg16922753,0.0884657766959557,1297
cg13240206,0.08846524956225288,1297
cg02380585,0.08846498003906883,1297
cg23943944,0.08846476178113194,1297
cg08202165,0.08846406201610575,1297
cg23702610,0.08846361320763393,1297
cg22740796,0.08846361275113784,1297
cg09626894,0.0884619271983613,1297
cg00999267,0.0884618367343259,1297
cg21104276,0.08846121013521907,1297
cg10572465,0.08846083377156627,1297
cg15742737,0.088459530806907,1297
cg22508969,0.08845868173753291,1297
cg08381620,0.08845799632967002,1297
cg04275695,0.08845799304625511,1297
cg26178251,0.08845389724553238,1297
cg16353800,0.08845165517293369,1297
cg12630461,0.08844756246092529,1297
cg08456334,0.08844738929403179,1297
cg20456258,0.08844494913084866,1297
cg22617002,0.08844421991207668,1297
cg25367249,0.08844341254529442,1297
cg24778776,0.08844262423772103,1297
cg10422816,0.08844253557222648,1297
cg04216858,0.08844226451564086,1297
cg04528545,0.08844088373160217,1297
cg23359714,0.08844046772979852,1297
cg15786205,0.08843684864807691,1297
cg10207553,0.08843347955278158,1297
cg02482460,0.08843331415191052,1297
cg20768638,0.08843301785846555,1297
cg09606470,0.08843192843802122,1297
cg15616382,0.0884317680738946,1297
cg26818573,0.0884317318566713,1297
cg13903282,0.0884317278515997,1297
cg10009968,0.08843139518290744,1297
cg10900537,0.08843087228817781,1297
cg17515966,0.08843081146375462,1297
cg24677036,0.08843017857545976,1297
cg14940420,0.08842994957165018,1297
cg13440652,0.08842895362920483,1297
cg17839368,0.08842793573030772,1297
cg07144328,0.08842773297069051,1297
cg12250581,0.08842101163639227,1297
cg15111360,0.08842049972708838,1297
cg00788177,0.08842043816636394,1297
cg04212500,0.08842026107187018,1297
cg06635722,0.08842022580411288,1297
cg03032798,0.08842015410483975,1297
cg01916237,0.08841993518645039,1297
cg01105418,0.08841714865472626,1297
cg11801851,0.0884170656930725,1297
cg18480654,0.08841646234027567,1297
cg20699780,0.0884164007193863,1297
cg07148458,0.08841540030325773,1297
cg16001422,0.08841532457382362,1297
cg14876077,0.08841156961857963,1297
cg22021934,0.08840919811680995,1297
cg19980151,0.08840832519628203,1297
cg13092738,0.08840817125304,1297
cg08246090,0.08840804412845366,1297
cg19999567,0.08840773963565299,1297
cg00840332,0.08840531544750141,1297
cg00442112,0.08840459798468589,1297
cg06268694,0.08840437053716853,1297
cg16266227,0.08840293717853254,1297
cg01747862,0.08840038776399817,1297
cg11339964,0.08839900688054692,1297
cg12105077,0.08839809304981477,1297
cg02016178,0.08839670921732046,1297
cg04678462,0.0883963177706269,1297
cg03366986,0.08839514956102323,1297
cg00814898,0.08839478067566015,1297
cg17387870,0.08839451451146235,1297
cg11343894,0.08839370738389486,1297
cg12018098,0.08839336271286002,1297
cg09838262,0.08839201966673954,1297
cg01948202,0.08839019765123488,1297
cg20493526,0.0883900416976498,1297
cg24661860,0.08838929921013969,1297
cg27586797,0.08838868127560723,1297
cg18259487,0.08838830652466811,1297
cg15167871,0.08838656632439174,1297
cg03374148,0.08838602267651247,1297
cg02311193,0.08838564078996719,1297
cg21049958,0.08838459741886626,1297
cg23352245,0.08838433675709234,1297
cg00329447,0.08838424039285325,1297
cg22732615,0.08838376541416437,1297
cg20554753,0.08838333700997458,1297
cg05729490,0.08838302513869473,1297
cg14478663,0.08838022715979503,1297
cg06995715,0.08837953831046516,1297
cg27640254,0.08837693354972465,1297
cg12893697,0.08837659448942647,1297
cg06836406,0.08837328237224781,1297
cg17647537,0.08837307322984356,1297
cg04194674,0.0883725232819131,1297
cg00532477,0.08837207285752863,1297
cg10752158,0.08836931118211372,1297
cg11430259,0.08836908927853473,1297
cg20285723,0.08836654862116425,1297
cg19571721,0.08836649224176873,1297
cg07961252,0.08836563705688033,1297
cg27056740,0.08836520676781837,1297
cg08687948,0.08836355511386518,1297
cg21197796,0.08836325292378769,1297
cg05875982,0.08836274450095466,1297
cg21123519,0.08836273520398558,1297
cg06802641,0.08836190456944759,1297
cg23109968,0.08836124449108522,1297
cg17108439,0.08835933283412511,1297
cg10728351,0.0883587745602411,1297
cg21158087,0.08835786923122817,1297
cg01152624,0.08835680326924812,1297
cg10767192,0.08835644621309047,1297
cg06655810,0.08835148645066243,1297
cg22471726,0.08835078003271887,1297
cg24114556,0.08834942177923252,1297
cg16881676,0.08834803201596911,1297
cg03835609,0.0883467445550166,1297
cg21289015,0.08834625327141896,1297
cg08390172,0.08834587272519714,1297
cg02844611,0.08834476427711796,1297
cg18502477,0.08834444871397795,1297
cg10250623,0.08834394320809374,1297
cg19062354,0.08834357779367935,1297
cg11856332,0.08834276861647417,1297
cg04943065,0.08834161127319479,1297
cg01948217,0.08834130820538022,1297
cg10082445,0.08833951298941178,1297
cg08951452,0.08833941358990682,1297
cg02874031,0.08833899751762275,1297
cg25248415,0.08833874002971717,1297
cg19659741,0.08833856103572726,1297
cg21291985,0.08833700223195173,1297
cg13332807,0.08833683293089922,1297
cg09566995,0.08833674745416581,1297
cg05412333,0.08833596382190059,1297
cg27096172,0.08833526439716416,1297
cg25431535,0.08833503376951152,1297
cg22091053,0.08833418655721748,1297
cg03009363,0.08833403659588186,1297
cg00469602,0.08833276138228038,1297
cg19093370,0.08833245196973799,1297
cg18438461,0.08833182426614233,1297
cg12360046,0.08833157448686899,1297
cg02491802,0.08833067156559116,1297
cg17369991,0.08832945349881532,1297
cg25880537,0.08832854453628211,1297
cg12023693,0.08832837610165627,1297
cg18168249,0.08832763673533217,1297
cg16807089,0.08832704472038524,1297
cg04772476,0.08832543447127661,1297
cg21591742,0.08832513711393937,1297
cg13443733,0.08832486835907756,1297
cg17204129,0.08832429528357519,1297
cg08004073,0.08832398222015142,1297
cg20091405,0.08832213288456447,1297
cg09699233,0.08832143646106633,1297
cg09774917,0.08832013185309434,1297
cg10828599,0.08831990130442197,1297
cg20170687,0.08831908216782342,1297
cg27154731,0.08831891904625314,1297
cg02619087,0.08831710437497164,1297
cg11994390,0.08831620257565503,1297
cg25654695,0.0883160822154136,1297
cg14333338,0.08831514110397964,1297
cg08956101,0.0883145063488881,1297
cg18877525,0.0883102415540406,1297
cg12161887,0.08831020163634384,1297
cg07246713,0.08830984692677557,1297
cg26893605,0.08830839473827906,1297
cg21842920,0.08830809775208892,1297
cg07679948,0.08830770093843021,1297
cg19766988,0.08830605524003823,1297
cg11605903,0.08830605226946378,1297
cg02514003,0.08829938440761814,1297
cg26605891,0.0882993753421592,1297
cg07354440,0.08829922059104922,1297
cg02190211,0.08829810425096124,1297
cg25732381,0.08829762164495336,1297
cg11634297,0.08829680625644173,1297
cg15222899,0.08829667341965404,1297
cg10972932,0.0882955293451724,1297
cg13396607,0.08829390755527694,1297
cg05799507,0.08829213487612157,1297
cg26011364,0.08828887024617016,1297
cg23182836,0.08828879034984904,1297
cg00027155,0.08828869055436805,1297
cg03881382,0.08828381596551771,1297
cg09299388,0.08828301830120017,1297
cg14233604,0.0882826162551198,1297
cg01411786,0.08828127455912298,1297
cg26393964,0.088280543607695,1297
cg00474373,0.08828029888095734,1297
cg27526549,0.08828023493301376,1297
cg21557672,0.08827708766734799,1297
cg25705717,0.08827459161110016,1297
cg02324432,0.08827436904388275,1297
cg18224977,0.08827386974576534,1297
cg20981106,0.0882738408307171,1297
cg04579183,0.08827213027816594,1297
cg12700039,0.08827077057492877,1297
cg27086900,0.08827069853398384,1297
cg20374595,0.08826966628944433,1297
cg06034527,0.0882696321431759,1297
cg09207762,0.08826813220838522,1297
cg24809544,0.08826666061738125,1297
cg18901104,0.08826552777858515,1297
cg15729404,0.08826450966413424,1297
cg01802121,0.08826441489356551,1297
cg00379619,0.0882637023196759,1297
cg07146104,0.08826298007578327,1297
cg20249566,0.08826259435652647,1297
cg03323462,0.08826004853906999,1297
cg26813796,0.08825865588763404,1297
cg04215287,0.08825488655256863,1297
cg13561879,0.08825357790955153,1297
cg04132418,0.08825106475021816,1297
cg23217386,0.08824957322893728,1297
cg02248749,0.08824936901393568,1297
cg21752601,0.08824884234658809,1297
cg15711727,0.08824812654937902,1297
cg08260052,0.08824788880994222,1297
cg15750941,0.08824612157638234,1297
cg00218792,0.08824503442024256,1297
cg13549303,0.08824037718351534,1297
cg06710596,0.08823806452724553,1297
cg08369368,0.08823778620826027,1297
cg24839386,0.08823594173916356,1297
cg03074925,0.08823531783458405,1297
cg01056272,0.08823467653261846,1297
cg04258138,0.08823244715561307,1297
cg25557432,0.08823067956165695,1297
cg01834856,0.08822935232554138,1297
cg19476788,0.08822861051670822,1297
cg26208159,0.08822743280430764,1297
cg00573584,0.08822723977434016,1297
cg15113123,0.0882271507276225,1297
cg23088184,0.08822664899302314,1297
cg19542849,0.08822479861819571,1297
cg00201779,0.08822373739448314,1297
cg04036070,0.08822301610363134,1297
cg14286320,0.08822275386175343,1297
cg22587479,0.08822097536831112,1297
cg11359133,0.0882196485220426,1297
cg06238661,0.08821871184115537,1297
cg08353938,0.08821723210499571,1297
cg22047469,0.08821545329353614,1297
cg10209089,0.08821504531669519,1297
cg21585100,0.08821372465602229,1297
cg26354017,0.08821298950082607,1297
cg27660627,0.08821087249089707,1297
cg10142436,0.08821030535935248,1297
cg19661030,0.0882093976874529,1297
cg17557141,0.08820865428120928,1297
cg03190661,0.08820820742802976,1297
cg04884118,0.08820745707904892,1297
cg25145687,0.08820682521587564,1297
cg02204637,0.08820661035437533,1297
cg25968569,0.08820595297326586,1297
cg14799927,0.08820453195557498,1297
cg02982610,0.08820375172294065,1297
cg03171770,0.08820255289059059,1297
cg05168012,0.08820125177322091,1297
cg11268983,0.08820036776302406,1297
cg26982321,0.08819963972714406,1297
cg21011570,0.08819784393089275,1297
cg04178634,0.08819709362286235,1297
cg05952379,0.08819659453275719,1297
cg12798157,0.08819485592269521,1297
cg16345647,0.0881938828532634,1297
cg08452338,0.08819367894469204,1297
cg27307298,0.08819256188326133,1297
cg01576142,0.08819017445790134,1297
cg10809134,0.08818772880905335,1297
cg10206331,0.08818716411635097,1297
cg02984184,0.08818712274674852,1297
cg11219614,0.08818644023099387,1297
cg02123091,0.0881849137328295,1297
cg26955491,0.08818324836703406,1297
cg04792330,0.08818276117566526,1297
cg21487363,0.0881820185729027,1297
cg12896922,0.08818194192357254,1297
cg00419321,0.08818122963438652,1297
cg11526848,0.08818112658643613,1297
cg04999026,0.08818009458882853,1297
cg04628320,0.08817986924374402,1297
cg02561912,0.08817972309260844,1297
cg13453110,0.08817914624997464,1297
cg04749316,0.08817856329679252,1297
cg15011899,0.08817768800676729,1297
cg18502829,0.08817650466780935,1297
cg16703762,0.08817532156185465,1297
cg24459147,0.08817355054747755,1297
cg23493020,0.08817333595583154,1297
cg00481216,0.08817318244006267,1297
cg16105569,0.08817267073410467,1297
cg11395388,0.08817235500539344,1297
cg12208638,0.08817118093513016,1297
cg12757143,0.08816991927583273,1297
cg06483505,0.08816959039573735,1297
cg20283505,0.0881685160359042,1297
cg23481862,0.08816844036834531,1297
cg08005660,0.08816757507674955,1297
cg01335210,0.08816751463410583,1297
cg04636538,0.08816687703973658,1297
cg03466326,0.0881664375677835,1297
cg20344388,0.08816616648012549,1297
cg08726417,0.08816567260351704,1297
cg18634479,0.08816536469162073,1297
cg16667631,0.08816492851397725,1297
cg06524039,0.0881634880128274,1297
cg07284507,0.08816315597679891,1297
cg23920953,0.08816126469316818,1297
cg07071478,0.08816104774096428,1297
cg09817162,0.08816063727295709,1297
cg05979020,0.0881602292530154,1297
cg25449441,0.08815826573099263,1297
cg21233722,0.08815796341323709,1297
cg26570165,0.08815784904415111,1297
cg18383538,0.08815682108940395,1297
cg06068373,0.08815664473541562,1297
cg17810609,0.08815604285167926,1297
cg16031973,0.08815339538356551,1297
cg13006360,0.08815088730815673,1297
cg16974014,0.0881485736794188,1297
cg24409876,0.08814811130979003,1297
cg03243893,0.08814807979304448,1297
cg26250086,0.08814747110960305,1297
cg01581024,0.08814698980262967,1297
cg24427175,0.08814666097341656,1297
cg16863052,0.08814560347634254,1297
cg15899461,0.08814506487426554,1297
cg20406460,0.08814498051394634,1297
cg00255726,0.08814449774006489,1297
cg24579887,0.08814441054080646,1297
cg03311684,0.08814057138240067,1297
cg01182863,0.08813993020343802,1297
cg15534052,0.08813893222050695,1297
cg07678669,0.08813881363784953,1297
cg20587808,0.0881387193792896,1297
cg02588283,0.08813824248211855,1297
cg17289451,0.08813687408085408,1297
cg03215416,0.0881356828046373,1297
cg16801887,0.08813526157694718,1297
cg15905329,0.08813420455837825,1297
cg10553204,0.0881315697437362,1297
cg11716267,0.08813103082126372,1297
cg05539509,0.08813020911056416,1297
cg01760434,0.08812757138762903,1297
cg05884394,0.08812712435899848,1297
cg08315145,0.0881267811632015,1297
cg02381853,0.08812646207219332,1297
cg17591985,0.08812435947781566,1297
cg14062083,0.08812405051397201,1297
cg08448711,0.08812306105934639,1297
cg09599228,0.0881224605506819,1297
cg20471413,0.08812152941123214,1297
cg15747595,0.08812046648429811,1297
cg27497781,0.08811931779019622,1297
cg14430698,0.08811766221858147,1297
cg03235603,0.08811733471059252,1297
cg00434119,0.08811731218503932,1297
cg14299115,0.08811686471305213,1297
cg17754782,0.08811418501317045,1297
cg20414364,0.08811107985293926,1297
cg06962918,0.08811039455774838,1297
cg13570284,0.0881101346212323,1297
cg13484553,0.08810965660409883,1297
cg18025430,0.08810810360672364,1297
cg12436019,0.08810624383278878,1297
cg05700339,0.08810499749370636,1297
cg13227481,0.08810482036187975,1297
cg02855740,0.08810290829449408,1297
cg16863332,0.08810282993841848,1297
cg20591407,0.08810153816358386,1297
cg26820259,0.08810135550913217,1297
cg01942863,0.08809985973792404,1297
cg01278873,0.08809937403410997,1297
cg12440062,0.08809871360303223,1297
cg14101485,0.0880965215447746,1297
cg14591352,0.08809597442933415,1297
cg17852104,0.08809242558331065,1297
cg25420614,0.08809237110419393,1297
cg21761639,0.08809187610683811,1297
cg02231813,0.08809119404341015,1297
cg14089267,0.08808998949528024,1297
cg21869609,0.08808860038834695,1297
cg13652536,0.08808839601105478,1297
cg00849610,0.08808709785931354,1297
cg06688763,0.0880867151944903,1297
cg22736807,0.08808291796456791,1297
cg22413209,0.08808228527257156,1297
cg24995678,0.08808040344643991,1297
cg14269096,0.08807979430928965,1297
cg22867816,0.08807905587786496,1297
cg01353646,0.0880786396703493,1297
cg17151621,0.08807841368140579,1297
cg04064050,0.08807721091484252,1297
cg00459683,0.08807642919344666,1297
cg17128767,0.08807389931462115,1297
cg01176433,0.08807255433556455,1297
cg15171911,0.08807243328738473,1297
cg13790353,0.08807200406909216,1297
cg25639866,0.08807159695083416,1297
cg12271433,0.08807092444003223,1297
cg19561972,0.08806982283072035,1297
cg09635036,0.08806861979815145,1297
cg24358781,0.08806846901522503,1297
cg16274899,0.08806811725329894,1297
cg11952493,0.08806809613146008,1297
cg00055764,0.088067856228002,1297
cg12113132,0.08806777509875374,1297
cg05224015,0.08806749673786501,1297
cg14183712,0.08806479764115424,1297
cg00616572,0.08806449942042499,1297
cg11878955,0.08806388554780609,1297
cg20512501,0.0880637117461871,1297
cg00756032,0.08806191728660984,1297
cg18315861,0.08806095917215989,1297
cg04274236,0.08805663257500412,1297
cg01891172,0.08805623777195498,1297
cg01760027,0.08805620814654225,1297
cg05878390,0.088056052216752,1297
cg07945323,0.08805577020478467,1297
cg04350675,0.08805400913737083,1297
cg20663852,0.08805324173787132,1297
cg13968061,0.08805278713084563,1297
cg03932201,0.08805244985690464,1297
cg25119261,0.08805184108531539,1297
cg19918549,0.08805122308697255,1297
cg16406892,0.08805108754901525,1297
cg10520672,0.08804710342750771,1297
cg04178787,0.08804707780698048,1297
cg07425824,0.08804673631337517,1297
cg17078427,0.0880456767097488,1297
cg05888433,0.08804477113122516,1297
cg05797623,0.0880434404180927,1297
cg27656459,0.08804338944649573,1297
cg07583851,0.08804327802260853,1297
cg05451498,0.08804318057285954,1297
cg22234930,0.08804240755193721,1297
cg10962524,0.08804108823272341,1297
cg03056513,0.0880409087670544,1297
cg02505918,0.08804011734578526,1297
cg01372939,0.08804007542175249,1297
cg04112842,0.0880381006756652,1297
cg26439963,0.08803688368542212,1297
cg19346193,0.0880364464516693,1297
cg14032465,0.08803608141964714,1297
cg00325139,0.088035627575128,1297
cg06848148,0.08803562272881738,1297
cg16342115,0.08803272780207513,1297
cg15757019,0.08803271454294803,1297
cg19184885,0.08803219594359768,1297
cg19305681,0.08803186734248958,1297
cg14841540,0.08803016396709268,1297
cg24394172,0.08802795017581855,1297
cg23184252,0.08802337743169142,1297
cg05628506,0.08802329512520879,1297
cg27160920,0.08802309659178148,1297
cg10739386,0.0880226740388868,1297
cg19849544,0.08802196265304821,1297
cg16529799,0.08802148688998312,1297
cg02593507,0.08802145721777738,1297
cg14223646,0.0880193717878135,1297
cg20110742,0.08801867259953991,1297
cg06569117,0.08801830382170533,1297
cg08862830,0.08801822900286177,1297
cg18801945,0.08801782003449837,1297
cg06600725,0.08801560052980037,1297
cg05092362,0.08801374189516609,1297
cg22598669,0.08801303126386117,1297
cg25442600,0.0880127309725866,1297
cg07525299,0.08801209354396367,1297
cg17029354,0.0880116963311447,1297
cg09491536,0.08801076745681113,1297
cg04755345,0.08800895701047762,1297
cg02165692,0.0880071891371183,1297
cg10479234,0.08800632924366944,1297
cg18048655,0.08800503775321808,1297
cg03653573,0.08800253578056874,1297
cg08196667,0.08800222676514527,1297
cg08241477,0.08800035578713689,1297
cg02049405,0.08800030242944484,1297
cg04195125,0.08799939987446809,1297
cg07075387,0.08799892509883164,1297
cg26191923,0.08799856275860789,1297
cg26283879,0.08799791611272553,1297
cg19537719,0.08799748780148875,1297
cg27342801,0.08799728132227491,1297
cg04416414,0.0879955953500452,1297
cg16446486,0.08799469417751785,1297
cg22626866,0.08799360257677558,1297
cg07976064,0.08799221616802771,1297
cg26825573,0.08799094483832665,1297
cg26173997,0.08798982808698376,1297
cg13625875,0.08798754338639467,1297
cg14476852,0.0879865772969172,1297
cg09235702,0.08798642433325174,1297
cg05408403,0.08798627783776009,1297
cg23948811,0.08798443307004522,1297
cg05593887,0.08798279465662573,1297
cg25940557,0.08798255253511764,1297
cg02194243,0.08798160575714956,1297
cg06400119,0.08798043010668155,1297
cg20442078,0.08798013612229696,1297
cg26565719,0.08797923286007459,1297
cg00181327,0.08797896591053578,1297
cg12097883,0.08797814356960167,1297
cg12629008,0.08797581533307769,1297
cg19163939,0.08797499208361992,1297
cg01448115,0.08797428783518857,1297
cg04456492,0.08797358793117904,1297
cg19961720,0.08797132544302969,1297
cg00425918,0.08797095646331396,1297
cg22614521,0.08797010287035728,1297
cg11554507,0.08796996758547013,1297
cg16437908,0.0879689722540741,1297
cg17178900,0.08796886216691674,1297
cg18572214,0.08796859281474745,1297
cg10898184,0.08796853869209292,1297
cg18613324,0.0879674128126978,1297
cg23041109,0.08796665007861701,1297
cg08449975,0.08796562149328407,1297
cg24767968,0.08796542669392113,1297
cg01120173,0.08796513673052359,1297
cg18979589,0.08796429086885693,1297
cg12689832,0.08796387968141377,1297
cg15035590,0.08796282175344872,1297
cg00766220,0.08796255037739967,1297
cg23822407,0.08796247931552384,1297
cg01498437,0.08796092838149308,1297
cg02367133,0.08795969217668358,1297
cg24280832,0.08795929285413662,1297
cg16410962,0.08795900370300075,1297
cg06835074,0.08795802979947975,1297
cg12448977,0.08795771435374794,1297
cg08233909,0.08795520537831242,1297
cg04916802,0.08795481536322716,1297
cg00221382,0.08795440049571968,1297
cg17160666,0.08795411749547266,1297
cg21443659,0.08795353812180945,1297
cg00500027,0.08795294083510119,1297
cg01449136,0.0879515638012191,1297
cg04208853,0.08795118078433944,1297
cg15674899,0.08795076120968287,1297
cg13863103,0.08794661925541042,1297
cg13598256,0.0879459909080334,1297
cg02335656,0.08794511857479748,1297
cg08663213,0.08794491701404117,1297
cg24231148,0.08794345976331902,1297
cg15678504,0.0879425558136207,1297
cg04366300,0.08794058821868933,1297
cg04674428,0.08793944390096708,1297
cg00589541,0.087938257536714,1297
cg16131766,0.08793792922487409,1297
cg18587404,0.08793742922255016,1297
cg24813835,0.08793713595289765,1297
cg13392258,0.08793578136290306,1297
cg01010091,0.08793519947775982,1297
cg05377753,0.08793443942682488,1297
cg00919591,0.08793420003928346,1297
cg14358570,0.08793360438274017,1297
cg04293460,0.0879317364368703,1297
cg16597391,0.08793137074165108,1297
cg09798888,0.0879309499900644,1297
cg01271812,0.0879305708134846,1297
cg18331909,0.08793047097751783,1297
cg09358376,0.08792935376842503,1297
cg24630957,0.0879286001252084,1297
cg16127683,0.08792811236218809,1297
cg10791959,0.08792794335747933,1297
cg10463419,0.087927778607858,1297
cg04806887,0.08792695719852417,1297
cg17201760,0.08792644309835936,1297
cg17912370,0.08792419780207789,1297
cg15628917,0.08792345261915877,1297
cg26338947,0.08792269441619469,1297
cg13263013,0.08792266313427216,1297
cg00424286,0.08792247682195997,1297
cg07474670,0.08791884413448092,1297
cg18370747,0.08791846888525034,1297
cg11563680,0.08791846094244854,1297
cg15105206,0.08791739014154305,1297
cg18794976,0.08791638363157767,1297
cg24752267,0.08791606084840273,1297
cg14005211,0.08791535171418113,1297
cg12199221,0.08791425545664552,1297
cg07068674,0.0879128243880786,1297
cg17069313,0.08791137256650572,1297
cg02873954,0.08791118158594587,1297
cg09422450,0.08791005525280579,1297
cg09264231,0.0879099298291263,1297
cg09997530,0.08790695413572994,1297
cg00308367,0.08790633722366914,1297
cg19233001,0.08790597604382608,1297
cg16435580,0.0879058124684845,1297
cg24388251,0.0879035791883046,1297
cg23169957,0.08790345217449477,1297
cg13709271,0.08790294127335047,1297
cg09844805,0.08790277784953637,1297
cg05634149,0.08790260730578013,1297
cg04450459,0.08790235322416397,1297
cg17089785,0.08790085509579298,1297
cg27527345,0.08790078125455841,1297
cg16798252,0.08789950421550569,1297
cg20559215,0.08789814543538477,1297
cg25881383,0.08789784182688051,1297
cg19353431,0.08789710733545608,1297
cg25513853,0.08789687584416805,1297
cg26781166,0.08789613770174148,1297
cg15677087,0.08789554702810554,1297
cg06200092,0.08789533682846914,1297
cg04513912,0.0878941872074781,1297
cg20427865,0.0878929370397509,1297
cg06466582,0.08789218258411141,1297
cg07240846,0.08789129951488098,1297
cg23409168,0.08789115261080041,1297
cg00698688,0.08789017683141498,1297
cg11414913,0.08788974001262242,1297
cg26117389,0.08788963964100427,1297
cg06147379,0.08788839418353969,1297
cg06755452,0.08788401014507657,1297
cg15701210,0.0878822648039708,1297
cg17197870,0.087882111450656,1297
cg23490077,0.08788147537983648,1297
cg11128983,0.08788088237647818,1297
cg20480274,0.08787746219686754,1297
cg05907046,0.08787712207156304,1297
cg06945634,0.08787527886206678,1297
cg02517342,0.08787432719376731,1297
cg22128328,0.08787088374423546,1297
cg16235582,0.08787031716443655,1297
cg23892439,0.08786916335871148,1297
cg20694572,0.08786811427940827,1297
cg24838825,0.08786628894515452,1297
cg12391352,0.08786577244006855,1297
cg19962424,0.08786547107174131,1297
cg08923160,0.08786486456785242,1297
cg13966557,0.08786427369723221,1297
cg27524128,0.08786335302367598,1297
cg13834112,0.08786325127754119,1297
cg15949553,0.08786293334236006,1297
cg03312117,0.08786179534648275,1297
cg12194701,0.08786138586839007,1297
cg26936577,0.08786075324042525,1297
cg23527418,0.08785995326504831,1297
cg25465483,0.08785910137974864,1297
cg01280390,0.08785898008395893,1297
cg07501988,0.08785710857838863,1297
cg02697649,0.08785646896770705,1297
cg00515814,0.08785296568512241,1297
cg04118124,0.08785252511944121,1297
cg19211853,0.08785041121547171,1297
cg16340422,0.08785020759131595,1297
cg01120761,0.0878475990777931,1297
cg14162361,0.08784713425632601,1297
cg14005240,0.08784698915012829,1297
cg07168142,0.08784659182021926,1297
cg07813142,0.08784382257827128,1297
cg03957095,0.08784015240756943,1297
cg09103658,0.08784007232760571,1297
cg18404811,0.08783941836032955,1297
cg00182256,0.08783903349064881,1297
cg04507071,0.08783809177846663,1297
cg18317533,0.08783769700001359,1297
cg20438915,0.0878367260350722,1297
cg23574802,0.08783589243270704,1297
cg08980987,0.08783500308459907,1297
cg19821361,0.08783491389196016,1297
cg23525438,0.08783346517966006,1297
cg22879289,0.08783313032386367,1297
cg22454371,0.08783270494549938,1297
cg08041481,0.08783227870895206,1297
cg23066159,0.08783183787791826,1297
cg05014837,0.08783180708613886,1297
cg06061081,0.08783043796286205,1297
cg05774699,0.08782928346112895,1297
cg09982918,0.08782873847938188,1297
cg08231096,0.08782612585755833,1297
cg10709708,0.087825017174265,1297
cg14185918,0.087824931206775,1297
cg12324708,0.08782404740430522,1297
cg21167761,0.08782369566929643,1297
cg00119896,0.08782258430628193,1297
cg04452437,0.08782256523702103,1297
cg07919443,0.08782188668316608,1297
cg09808606,0.08781770005231745,1297
cg25571269,0.0878176746572136,1297
cg00249511,0.08781744718177628,1297
cg09697245,0.0878171011157132,1297
cg08708961,0.08781693943287755,1297
cg27664085,0.08781630389179607,1297
cg01354879,0.08781463928949465,1297
cg26349048,0.087814434811299,1297
cg14514716,0.08781425126904369,1297
cg02756502,0.08781383486234104,1297
cg20953310,0.08781314933894147,1297
cg25803107,0.0878126832498668,1297
cg06144920,0.08780893629807857,1297
cg08597345,0.08780892110629618,1297
cg16600501,0.08780817850598516,1297
cg22078781,0.08780683985198273,1297
cg20677436,0.08780585592295542,1297
cg02483661,0.0878014869796625,1297
cg09754550,0.08780131887591114,1297
cg25438767,0.087801082605523,1297
cg06721806,0.08780081010793783,1297
cg15138289,0.08780069168703947,1297
cg13989852,0.0877986244801211,1297
cg24245418,0.08779732639513252,1297
cg05053979,0.08779721268566698,1297
cg02499308,0.08779707985068935,1297
cg16871385,0.08779584558700754,1297
cg00254681,0.08779279042585958,1297
cg20960642,0.08779274854763075,1297
cg05017994,0.08779267265549656,1297
cg19954602,0.08779195551847108,1297
cg24825028,0.08779158354959851,1297
cg15947910,0.08779139139779407,1297
cg06854306,0.08778653173063394,1297
cg06772643,0.08778636472697832,1297
cg10001715,0.08778619039352237,1297
cg26447697,0.0877859801660599,1297
cg23505823,0.08778588090897219,1297
cg19589939,0.08778584648443458,1297
cg12161982,0.08778559148972259,1297
cg03463799,0.08778517968812966,1297
cg25097705,0.08778508596393575,1297
cg04379703,0.08778385127428573,1297
cg17178126,0.08778349581639183,1297
cg05210373,0.0877827832660035,1297
cg19820029,0.08778180968625221,1297
cg15261861,0.0877817775032347,1297
cg21491340,0.08778113552945388,1297
cg05811904,0.08778016158772717,1297
cg00164949,0.08777969479195864,1297
cg19998294,0.08777951567685027,1297
cg09662496,0.08777868529114705,1297
cg13762612,0.08777768509189915,1297
cg24727339,0.08777754705810792,1297
cg23908943,0.08777641557033694,1297
cg07329360,0.08777527226483972,1297
cg21108554,0.08777483268296232,1297
cg04613734,0.08777461555140686,1297
cg20522398,0.08777353239783359,1297
cg25947489,0.08777253381169636,1297
cg25660566,0.08777205508074429,1297
cg04954559,0.08777204719090972,1297
cg26177041,0.08777072325530849,1297
cg12063490,0.0877697705430869,1297
cg14308311,0.08776936328316626,1297
cg02055404,0.08776907439840897,1297
cg08010865,0.08776686291338603,1297
cg24940967,0.08776651451309017,1297
cg26678138,0.08776613928196669,1297
cg16084857,0.08776488142898792,1297
cg23475625,0.08776487883897707,1297
cg03601053,0.08776365516752099,1297
cg09563851,0.08776177893481649,1297
cg12977334,0.08776040304726301,1297
cg04972436,0.08775892552084813,1297
cg24860560,0.08775859114923151,1297
cg00327669,0.08775741707402679,1297
cg06657240,0.08775605687659477,1297
cg06889571,0.08775475604412447,1297
cg00504535,0.08775397156056641,1297
cg12194832,0.08775277215735566,1297
cg20571592,0.08775177886780994,1297
cg18499443,0.08775088222869959,1297
cg20114103,0.087750761164266,1297
cg12352960,0.08774958529399268,1297
cg07859138,0.08774914923827526,1297
cg03877767,0.08774906435740648,1297
cg10540626,0.0877479281294915,1297
cg14428815,0.08774728634209393,1297
cg10517290,0.08774719925850549,1297
cg01954305,0.08774654162175122,1297
cg21531300,0.08774639553212735,1297
cg26151467,0.08774626853159329,1297
cg20175702,0.08774604822343463,1297
cg10636760,0.08774565073407553,1297
cg17353412,0.08774461199723038,1297
cg19275692,0.08774379729747456,1297
cg07040723,0.08774245525838739,1297
cg25704278,0.0877416993171034,1297
cg12792363,0.08774158028089468,1297
cg26346210,0.08774133596256428,1297
cg17023770,0.08774095241125518,1297
cg07115626,0.08774045757598536,1297
cg08358803,0.0877388044560738,1297
cg13261825,0.08773785618355355,1297
cg25127852,0.0877369814274402,1297
cg02969141,0.08773668161488185,1297
cg17966344,0.08773663387678635,1297
cg03807883,0.08773548872926085,1297
cg24768167,0.08773521476992299,1297
cg19899972,0.08773303873603,1297
cg06123753,0.08773271539139757,1297
cg15945333,0.08773203483266862,1297
cg09451188,0.08773180958245852,1297
cg14003035,0.0877311615328392,1297
cg05935904,0.0877306517034345,1297
cg06679720,0.08773005100146242,1297
cg15845071,0.08772998741448518,1297
cg07570113,0.08772966016589859,1297
cg07408232,0.08772884213540541,1297
cg26303339,0.0877283255921702,1297
cg09405635,0.08772706274009684,1297
cg26749518,0.08772674725987253,1297
cg11827453,0.08772673314939486,1297
cg12889126,0.08772639892208345,1297
cg26195178,0.08772633429579937,1297
cg04358957,0.08772614867197981,1297
cg25534244,0.08772398963359071,1297
cg02983950,0.0877238808660908,1297
cg10772185,0.087723476423678,1297
cg17821664,0.08772223535759921,1297
cg18023943,0.08772154278388272,1297
cg10647025,0.08772033452380365,1297
cg24772753,0.08772024172444623,1297
cg10203211,0.08771975831750867,1297
cg22282941,0.08771699934734675,1297
cg01511557,0.08771612112761348,1297
cg11521470,0.08771321990773004,1297
cg24981593,0.08771301634076467,1297
cg04179952,0.08771221214221397,1297
cg08967106,0.08771104397625022,1297
cg15877096,0.0877100811791669,1297
cg09719124,0.08770997629760341,1297
cg02517686,0.08770846806630073,1297
cg22710156,0.08770827504627016,1297
cg24543015,0.08770809536071743,1297
cg16852038,0.08770740679496469,1297
cg16613240,0.08770683581708097,1297
cg15174393,0.08770477998054771,1297
cg04333785,0.08770441413178187,1297
cg18579879,0.08770232458900565,1297
cg02623200,0.08770165971925714,1297
cg17265829,0.08770096088133605,1297
cg02904918,0.08769859643573608,1297
cg05400670,0.08769737846281525,1297
cg21361134,0.08769577876891732,1297
cg16307866,0.08769537948156941,1297
cg11324010,0.08769502520686082,1297
cg01426808,0.08769487119256764,1297
cg21762788,0.08769359520725162,1297
cg02512168,0.08769070691290232,1297
cg21840908,0.0876901369103153,1297
cg15205435,0.08768977381503572,1297
cg10290504,0.08768976299570463,1297
cg13476072,0.0876871284351934,1297
cg14981189,0.087687002794892,1297
cg09054333,0.08768632866760914,1297
cg03420881,0.08768541571170851,1297
cg08981421,0.08768449388088032,1297
cg03803541,0.08768444082598165,1297
cg18391209,0.08768363758706527,1297
cg00876376,0.08768311125154282,1297
cg16105461,0.0876811666665318,1297
cg07461572,0.08768101572451015,1297
cg05521150,0.08768046823346887,1297
cg00295418,0.08767679555332464,1297
cg15230311,0.08767639124183091,1297
cg18044562,0.08767537608220266,1297
cg27071152,0.08767515505936359,1297
cg17296990,0.0876724671301532,1297
cg19218082,0.08767230064105352,1297
cg18906664,0.08767188226204292,1297
cg15991405,0.08767000563202904,1297
cg26491818,0.08766920779075982,1297
cg04812351,0.08766798307704643,1297
cg10479459,0.08766760454344608,1297
cg01957585,0.08766600890509318,1297
cg21229103,0.08766516760960341,1297
cg01867045,0.08766242417808723,1297
cg01353907,0.08766238248079855,1297
cg09482050,0.08765972667863393,1297
cg05175337,0.08765936134410261,1297
cg08217545,0.08765716496032858,1297
cg19787727,0.08765630087863964,1297
cg22711792,0.08765624942138586,1297
cg24503407,0.08765475747669066,1297
cg03412967,0.08765248288590333,1297
cg24134018,0.08765197310001316,1297
cg06876892,0.08765111939881745,1297
cg22694818,0.08765019095206382,1297
cg17219660,0.08764956719796918,1297
cg02366772,0.0876490741078163,1297
cg26839512,0.0876488257221606,1297
cg04939026,0.08764855363288965,1297
cg10422455,0.08764664815191306,1297
cg09037630,0.0876465028648768,1297
cg11610350,0.08764555515369624,1297
cg18426863,0.08764347125540406,1297
cg12067292,0.08764195305369049,1297
cg03330558,0.08764147890981905,1297
cg10308629,0.08764104893540128,1297
cg24037389,0.08763969845725106,1297
cg05415840,0.08763932069690983,1297
cg17239057,0.0876392645588838,1297
cg02227453,0.08763793162881439,1297
cg19243717,0.0876377830960956,1297
cg21435684,0.08763731547089502,1297
cg11611676,0.08763576015643287,1297
cg08504812,0.08763376628102426,1297
cg00442205,0.08763242765177806,1297
cg01765930,0.08763097885815979,1297
cg03753942,0.08763074619190064,1297
cg19760241,0.08763070262006525,1297
cg27549720,0.0876304914456095,1297
cg24736989,0.0876302027390289,1297
cg04114386,0.08762974966596199,1297
cg16776350,0.08762875880865983,1297
cg25677261,0.08762833976254158,1297
cg19253850,0.08762771692478463,1297
cg00084338,0.08762742084074843,1297
cg18573082,0.08762680445119425,1297
cg11622008,0.08762666382975504,1297
cg04885068,0.0876251887842458,1297
cg27640528,0.08762321518843569,1297
cg07698196,0.0876197048751284,1297
cg16832407,0.08761923911843134,1297
cg05865746,0.0876183798579758,1297
cg08043781,0.08761837349216636,1297
cg21912556,0.08761782986861322,1297
cg06755262,0.08761761360088538,1297
cg09838217,0.08761625987319319,1297
cg13657095,0.08761573199155648,1297
cg19251719,0.08761556145562058,1297
cg08575819,0.08761517734110486,1297
cg00485050,0.08761428120482634,1297
cg08740698,0.08761302797177176,1297
cg07033292,0.08761243615443493,1297
cg03662014,0.08761193743173112,1297
cg25407540,0.08761138470468652,1297
cg18304305,0.08761017651832975,1297
cg02286533,0.08760752352783435,1297
cg07804470,0.08760645359407948,1297
cg03872783,0.08760598971827945,1297
cg09962377,0.08760522666417764,1297
cg01605435,0.08760508002522513,1297
cg22808633,0.0876041330247718,1297
cg17185404,0.08760393014585499,1297
cg09034795,0.08760325282454684,1297
cg16814483,0.08760269637759116,1297
cg25136495,0.087600604487648,1297
cg04715120,0.08759973747841457,1297
cg21745079,0.08759932992522185,1297
cg24113266,0.08759700917740887,1297
cg21473814,0.08759515421162767,1297
cg07355514,0.08759056442453433,1297
cg12939270,0.08758826188877616,1297
cg06041466,0.08758825533027831,1297
cg23704362,0.08758792373214436,1297
cg04612732,0.08758524782569094,1297
cg14659082,0.08758445908146265,1297
cg21134096,0.08758227935833057,1297
cg06056880,0.08758225591905361,1297
cg21342392,0.08758096493818168,1297
cg10748355,0.08757937222708245,1297
cg20604028,0.0875791474398322,1297
cg00431549,0.08757889507983255,1297
cg09439817,0.0875786045268867,1297
cg14178083,0.08757745642779796,1297
cg03178489,0.08757728169716186,1297
cg00562553,0.08757576166282627,1297
cg12947138,0.08757550530838504,1297
cg27156041,0.08757519443891143,1297
cg15988514,0.08757494881713057,1297
cg23878206,0.08757302916812415,1297
cg21931680,0.08757275842557435,1297
cg12905085,0.08757241977040592,1297
cg03679755,0.08757229888795645,1297
cg26070540,0.08757216893792175,1297
cg26188726,0.08757204878577568,1297
cg04968473,0.08757168746867294,1297
cg04628741,0.08757138716171942,1297
cg11737757,0.08757073620127298,1297
cg02174092,0.08757013312975942,1297
cg08958294,0.08756972287658098,1297
cg03185622,0.08756939774514066,1297
cg05924540,0.08756912368583047,1297
cg05139788,0.08756804187411427,1297
cg21425842,0.08756757970588264,1297
cg08607018,0.08756585658147677,1297
cg15695155,0.08756504019901701,1297
cg13722431,0.08756370402806472,1297
cg01597882,0.08756300054311061,1297
cg01958295,0.0875613652389231,1297
cg08632810,0.08756131788262062,1297
cg23009044,0.08756007607495198,1297
cg05923197,0.08755778420384125,1297
cg02564291,0.08755709407061255,1297
cg20512370,0.0875564427721154,1297
cg16427107,0.08755533402695745,1297
cg01022121,0.08755511464581223,1297
cg00667647,0.08755505577696426,1297
cg10824972,0.08755471242286239,1297
cg23839891,0.08755397068654491,1297
cg26672452,0.08755379681496633,1297
cg04486019,0.08755343929626562,1297
cg03719532,0.08755337166116728,1297
cg25260564,0.08754958084972875,1297
cg09359114,0.0875494524607576,1297
cg04990378,0.08754879845250652,1297
cg12673103,0.08754860334008938,1297
cg25320749,0.08754800022392334,1297
cg18538958,0.08754711993872584,1297
cg01238435,0.08754351757324003,1297
cg04955912,0.08754335932889756,1297
cg00233633,0.08754323985156626,1297
cg05057352,0.08754312968593592,1297
cg13127506,0.08754188097665547,1297
cg27539023,0.0875415098131582,1297
cg20181887,0.08754026865505793,1297
cg11086421,0.08753965912053291,1297
cg24009065,0.08753790503389597,1297
cg17969683,0.08753712955902004,1297
cg03654560,0.08753623238420577,1297
cg09152813,0.08753578222646996,1297
cg19473656,0.08753456499390871,1297
cg01973456,0.08753455267761273,1297
cg02279147,0.08753055999739023,1297
cg01256444,0.08753055174392216,1297
cg11537355,0.08753000707149744,1297
cg03877829,0.08752978965666214,1297
cg08358263,0.08752694655086157,1297
cg23288059,0.08752665051223923,1297
cg01513157,0.08752586555852881,1297
cg14174912,0.0875243944097644,1297
cg21408061,0.0875229459931211,1297
cg24291855,0.08752147193202148,1297
cg25432518,0.08752094850780212,1297
cg20309891,0.08752068659525802,1297
cg20235117,0.08752052363182594,1297
cg21753973,0.08751947437486557,1297
cg09640300,0.08751783295182969,1297
cg05611670,0.08751666586423928,1297
cg17405000,0.08751526117649983,1297
cg26960083,0.08751407228740626,1297
cg10822718,0.08751377996193593,1297
cg02524983,0.08751355650083259,1297
cg13989295,0.08751343537910491,1297
cg12280113,0.08751172401321225,1297
cg07465344,0.08751114161910087,1297
cg08538258,0.08751112795360692,1297
cg17603689,0.08751062309889686,1297
cg19082708,0.08751037913245954,1297
cg00026290,0.08750896343158013,1297
cg25213141,0.08750884126851538,1297
cg16165165,0.08750840935046095,1297
cg12126038,0.08750823334738944,1297
cg05193162,0.08750772759094394,1297
cg23360019,0.08750670745667388,1297
cg18798289,0.08750659520986856,1297
cg21297493,0.08750546632058923,1297
cg27631593,0.08750333116050774,1297
cg13320202,0.08750272709715709,1297
cg00051546,0.08750220280776888,1297
cg23449659,0.08750107225856485,1297
cg07458308,0.08750092665966486,1297
cg12507869,0.0875004236332782,1297
cg23685650,0.08749826662620191,1297
cg17989833,0.08749824921286387,1297
cg02402946,0.08749729242853904,1297
cg20364187,0.08749712861141057,1297
cg00933411,0.08749698178101428,1297
cg14255471,0.0874969153288547,1297
cg25984458,0.08749681212208946,1297
cg12689806,0.08749577180306944,1297
cg26236655,0.08749522422315381,1297
cg17259952,0.08749406668075137,1297
cg15624376,0.08749340278899187,1297
cg03688699,0.08749262731647506,1297
cg01375263,0.08748848426228789,1297
cg09180564,0.08748832268678841,1297
cg11155924,0.08748821970345416,1297
cg19617355,0.08748717374311227,1297
cg23338195,0.08748612501033076,1297
cg19813015,0.0874857639174822,1297
cg11584519,0.087484752165741,1297
cg24738311,0.08748461620076245,1297
cg16053005,0.08748027049120977,1297
cg09225457,0.08748025972101792,1297
cg25474312,0.08748025475252724,1297
cg10199049,0.087480080782255,1297
cg18815398,0.08747954136837927,1297
cg06231565,0.08747785469148817,1297
cg16288089,0.08747511463522753,1297
cg14996220,0.0874745404633821,1297
cg21431617,0.0874714096654805,1297
cg09441030,0.08747107067355575,1297
cg20383948,0.08747017107259905,1297
cg09138780,0.087469840688008,1297
cg23896164,0.08746893558722924,1297
cg00134602,0.08746712816572888,1297
cg24115681,0.08746658269330981,1297
cg06640279,0.0874630173679441,1297
cg09030187,0.08746298658423923,1297
cg21372174,0.08746150105279099,1297
cg26853855,0.0874614268821883,1297
cg09309286,0.08746002118458673,1297
cg11130955,0.0874598075759665,1297
cg25953239,0.08745916126082795,1297
cg01381617,0.08745834427679133,1297
cg14966325,0.08745830233358204,1297
cg00941836,0.08745822855021237,1297
cg07534843,0.08745802896339779,1297
cg02573566,0.08745715722310585,1297
cg15645309,0.08745319469546048,1297
cg04098051,0.08745204754422947,1297
cg24892966,0.08745125340381513,1297
cg03139204,0.0874501854354274,1297
cg24786986,0.08744966458940007,1297
cg18239253,0.08744816088580276,1297
cg04751276,0.08744703510302393,1297
cg13464573,0.08744637804385702,1297
cg19787448,0.08744532255905685,1297
cg17045844,0.08744509234582792,1297
cg07920365,0.0874447657289723,1297
cg04963697,0.08744473462622687,1297
cg02718078,0.08744352107101772,1297
cg07937453,0.08744114049645635,1297
cg00220294,0.08744079098420904,1297
cg23972738,0.08743917465997295,1297
cg16565154,0.08743828895884453,1297
cg26011713,0.08743550986164256,1297
cg24832218,0.08743449263305925,1297
cg12583591,0.08743396344976068,1297
cg06976589,0.08743364440079623,1297
cg04145539,0.087432788693631,1297
cg26170569,0.08743190780760365,1297
cg09458566,0.0874310240873779,1297
cg08449049,0.08742930020215328,1297
cg26755141,0.08742925929074057,1297
cg03519157,0.08742874964159408,1297
cg20824989,0.08742784196594959,1297
cg11228682,0.08742774120408851,1297
cg05263760,0.08742754174790576,1297
cg27289137,0.08742533306971995,1297
cg20095609,0.08742480259028407,1297
cg03505148,0.08742470378294484,1297
cg13994241,0.08742398308573524,1297
cg20783970,0.08742234259752502,1297
cg26268145,0.08742216016870955,1297
cg14754080,0.08742207891697412,1297
cg16328007,0.0874179063837307,1297
cg23066808,0.0874168565362303,1297
cg19967668,0.08741617444425814,1297
cg01604429,0.08741486267407592,1297
cg24395851,0.08741477581024776,1297
cg08149193,0.08741357920170517,1297
cg25486618,0.08741275257542785,1297
cg24751707,0.08741223501553663,1297
cg18473196,0.08741164960699388,1297
cg09174817,0.08741090394183837,1297
cg11887833,0.08740909035792305,1297
cg21590729,0.0874080630025329,1297
cg16298867,0.08740801140415638,1297
cg07979757,0.0874066831943614,1297
cg00939682,0.08740667439039096,1297
cg11474864,0.08740650629551917,1297
cg08388763,0.08740512170551817,1297
cg19082560,0.0874042506145495,1297
cg25421569,0.08740421113901037,1297
cg26642420,0.08740398587599232,1297
cg21615583,0.08740385691715051,1297
cg12680719,0.08740379629797071,1297
cg08954776,0.08740357628757395,1297
cg11022537,0.08740087257420392,1297
cg07213698,0.08739900476501405,1297
cg11832722,0.08739845534119249,1297
cg04011135,0.08739780494833208,1297
cg14704980,0.08739773687561089,1297
cg25140783,0.08739753536280931,1297
cg23167506,0.0873963870517731,1297
cg09331409,0.08739467187931596,1297
cg24369728,0.08739455254320164,1297
cg03839199,0.08739338396023144,1297
cg16683060,0.08739066668565915,1297
cg12505343,0.08739026841201705,1297
cg24032190,0.08739021716898558,1297
cg08144358,0.0873900264684245,1297
cg05551825,0.08738999819534485,1297
cg20468939,0.08738950798896733,1297
cg01639524,0.08738909920609778,1297
cg25939630,0.08738761531465025,1297
cg01133215,0.08738754999526238,1297
cg21251563,0.08738735493721894,1297
cg13163833,0.08738693261124952,1297
cg07912922,0.08738632662034782,1297
cg17284531,0.08738581368082607,1297
cg07265743,0.0873847581652033,1297
cg16490124,0.08738394594678775,1297
cg18027903,0.08738210391649229,1297
cg25976672,0.08738142261437215,1297
cg07674238,0.08738133308495533,1297
cg25631853,0.08737874823867703,1297
cg07820996,0.08737680172310447,1297
cg13699101,0.08737647737788085,1297
cg10158280,0.0873749997126052,1297
cg27331665,0.08737484937600215,1297
cg16629749,0.08737358064590256,1297
cg07403350,0.08737321877436374,1297
cg11865119,0.08737259631847888,1297
cg19748878,0.08737208947146219,1297
cg06881914,0.0873718107715925,1297
cg19188855,0.08737171508823671,1297
cg03610280,0.08737127216998841,1297
cg02856768,0.08736911577413292,1297
cg04499514,0.08736739977902616,1297
cg07899997,0.08736736279158358,1297
cg02646423,0.08736487400335771,1297
cg07338584,0.08736386958579456,1297
cg03482866,0.08736329746044344,1297
cg09169796,0.0873629961780431,1297
cg04961448,0.0873621039634355,1297
cg13543436,0.0873610398873643,1297
cg16210461,0.08735944587414288,1297
cg21787323,0.08735928743934301,1297
cg12361223,0.08735904747869763,1297
cg18214661,0.08735860553372699,1297
cg13349035,0.08735689760831356,1297
cg13092806,0.08735660683441004,1297
cg18156686,0.08735450114783488,1297
cg02121529,0.08735430303795372,1297
cg12697139,0.08735325941043745,1297
cg17826679,0.08735303730061812,1297
cg25399352,0.08735287667246866,1297
cg19764489,0.08735114418502199,1297
cg10327440,0.08735110009552458,1297
cg11527772,0.08735109941488417,1297
cg02923264,0.08734858041160633,1297
cg06981781,0.08734828889299776,1297
cg11506658,0.08734734801024074,1297
cg19537070,0.08734670368345007,1297
cg26930925,0.08734651301079877,1297
cg03100814,0.08734628079350854,1297
cg16175941,0.08734581695685212,1297
cg18286285,0.08734189634713407,1297
cg08131184,0.08734125262820697,1297
cg08971667,0.08734075635206653,1297
cg20782117,0.08734073414191798,1297
cg15625631,0.0873399735316403,1297
cg01153376,0.08733944798489851,1297
cg00350503,0.08733898511915386,1297
cg18142856,0.0873389602567351,1297
cg03877420,0.08733660606389454,1297
cg09553651,0.08733633704134275,1297
cg18576044,0.08733326077861558,1297
cg05738924,0.08733151567848058,1297
cg25289569,0.08733095793554169,1297
cg20000866,0.08732793163312952,1297
cg09573465,0.08732521579511943,1297
cg05520500,0.08732439377888024,1297
cg13617155,0.08732403458752161,1297
cg25823128,0.0873238742933346,1297
cg14633252,0.08732285965506864,1297
cg07451370,0.08732144016243482,1297
cg05851442,0.0873198785065715,1297
cg14164044,0.08731899084083874,1297
cg03916490,0.08731835869592364,1297
cg15016628,0.08731798894303239,1297
cg16073378,0.08731583755411665,1297
cg16450577,0.08731527077205664,1297
cg05945230,0.08731495474338352,1297
cg25598400,0.08731482754109846,1297
cg06898214,0.08731261916435973,1297
cg07264048,0.08731256402273722,1297
cg21817858,0.08731210073916129,1297
cg15311814,0.08731043545714459,1297
cg23024967,0.08731008086078218,1297
cg12089079,0.0873094804682299,1297
cg17924227,0.08730947013677737,1297
cg18254930,0.08730822315934239,1297
cg26988617,0.0873067493906913,1297
cg11253122,0.08730633441997182,1297
cg27571769,0.08730551142123191,1297
cg14766603,0.0873042890977899,1297
cg07928086,0.08730357733945644,1297
cg08742502,0.08730292650015728,1297
cg18946602,0.0873029113111028,1297
cg16440058,0.08730097850443864,1297
cg01775802,0.08730052679270359,1297
cg00550040,0.08729910503692911,1297
cg19579080,0.08729503940243383,1297
cg01837533,0.08729422236070938,1297
cg09760574,0.08729409077639994,1297
cg07593205,0.0872938569999675,1297
cg00672214,0.08729315416313532,1297
cg11626756,0.08729241600594545,1297
cg14091840,0.08729204464651785,1297
cg16063747,0.08729096464816419,1297
cg23860337,0.08729029107840579,1297
cg27553926,0.08729010295556733,1297
cg15278058,0.08728849706086078,1297
cg18051527,0.08728793236540172,1297
cg08775835,0.08728763572676962,1297
cg01414185,0.08728711056480687,1297
cg21945260,0.08728611713560325,1297
cg25597623,0.0872856169081575,1297
cg20151494,0.087285447975156,1297
cg25172185,0.08728448098911012,1297
cg08029969,0.08728422401267805,1297
cg23139887,0.08728281169835972,1297
cg13923648,0.08728247622663139,1297
cg25197500,0.08728170460195256,1297
cg05172172,0.0872800642009095,1297
cg22082046,0.08727832894183998,1297
cg00051662,0.0872769754202175,1297
cg10532489,0.08727640283664845,1297
cg07007544,0.0872758958515572,1297
cg01520122,0.08727481359855116,1297
cg25747935,0.0872747259984955,1297
cg22132508,0.08727462151247624,1297
cg03673694,0.08727447669795918,1297
cg07097725,0.08727416384646994,1297
cg01584939,0.0872731958289289,1297
cg19376097,0.08727256579613538,1297
cg17178291,0.08727174885719347,1297
cg23813179,0.08727088751889991,1297
cg23091117,0.08727086295559705,1297
cg24583624,0.08727074813797389,1297
cg07964754,0.08726765201168829,1297
cg03214697,0.08726761283273278,1297
cg07175288,0.0872625329587293,1297
cg20653128,0.08726178122795877,1297
cg14957089,0.08726073222153691,1297
cg14747072,0.08726023011961548,1297
cg22016731,0.08725951687583211,1297
cg07884867,0.08725884908962517,1297
cg04793338,0.08725848917130791,1297
cg02452418,0.08725813254055886,1297
cg14391907,0.08725732412365772,1297
cg03514381,0.08725654019133508,1297
cg02127509,0.08725617954675913,1297
cg25560518,0.08725570536493987,1297
cg26907313,0.08725519931430104,1297
cg01420159,0.08725203220256708,1297
cg10632507,0.08725171496275308,1297
cg13158894,0.08725140098453077,1297
cg04772947,0.08725112525209769,1297
cg08276221,0.08725078467764585,1297
cg10796603,0.08725041269725192,1297
cg25004193,0.087250197772549,1297
cg09459529,0.08724931745540118,1297
cg13972557,0.0872492216348635,1297
cg12510999,0.0872484338250668,1297
cg22990967,0.08724764576917002,1297
cg18935743,0.08724763924882523,1297
cg09315630,0.08724618854130206,1297
cg11128212,0.08724480840146431,1297
cg03461641,0.0872438579461279,1297
cg07690018,0.08724374248578294,1297
cg22991320,0.08724365888265703,1297
cg22473637,0.08724345472472164,1297
cg18400281,0.08724220175284328,1297
cg04398547,0.0872403590284051,1297
cg04343927,0.0872403018612195,1297
cg12405048,0.08723991723619229,1297
cg13247663,0.0872392781029918,1297
cg06316104,0.08723912699860956,1297
cg22343728,0.08723862217179532,1297
cg19907479,0.08723842149552066,1297
cg16132337,0.08723787670056818,1297
cg19497517,0.08723778527609093,1297
cg24112562,0.08723760493870017,1297
cg24495585,0.08723661706549132,1297
cg09124496,0.08723638753291654,1297
cg08650125,0.0872361709846512,1297
cg01333011,0.0872351001601458,1297
cg07122986,0.08723484382608429,1297
cg05126289,0.087233388897977,1297
cg06033789,0.08723272789963496,1297
cg14857764,0.08723133653331222,1297
cg24061208,0.08723106447678144,1297
cg04319873,0.08723043035989424,1297
cg18864124,0.08723027792625881,1297
cg18746336,0.08723015195824152,1297
cg18052139,0.08722939971337285,1297
cg00033834,0.08722822697352778,1297
cg24175580,0.08722783946041629,1297
cg22855764,0.08722758411808323,1297
cg09614300,0.08722655398250263,1297
cg15352671,0.08722602987831354,1297
cg14460215,0.08722555433664392,1297
cg17257444,0.08722489484458473,1297
cg20306025,0.08722488588280874,1297
cg11051429,0.08722441863786845,1297
cg02886263,0.08722367683432623,1297
cg04815334,0.08722363335487487,1297
cg13702000,0.08722243007878128,1297
cg04588257,0.08721963916897496,1297
cg12893780,0.08721933081365218,1297
cg22708150,0.08721569455550882,1297
cg02866152,0.08721432085269223,1297
cg22304522,0.08721424663793487,1297
cg00401745,0.08721300522163622,1297
cg01358444,0.08721261986806716,1297
cg02345321,0.08721246979675962,1297
cg22260869,0.0872124262179109,1297
cg19726711,0.08721058591088962,1297
cg07113230,0.08720942436629281,1297
cg09548780,0.08720842868628637,1297
cg14015441,0.08720834592870504,1297
cg07416664,0.08720637468428422,1297
cg26736647,0.08720542848739865,1297
cg18436810,0.08720275918209397,1297
cg02798576,0.0872026554195217,1297
cg16670021,0.08720225521914216,1297
cg22714290,0.08720057444134305,1297
cg02822788,0.0871997403576861,1297
cg16993754,0.08719918414420047,1297
cg19075787,0.08719851315639457,1297
cg02522936,0.08719830242863608,1297
cg17501823,0.0871963532362808,1297
cg09782903,0.08719617620437392,1297
cg21211688,0.08719467154467875,1297
cg07044282,0.0871942825283118,1297
cg20008148,0.0871941856548969,1297
cg10356767,0.08719382466304904,1297
cg00496026,0.08719348078396214,1297
cg10406526,0.08719257309321182,1297
cg03490331,0.0871923392887477,1297
cg13586599,0.08719203728838296,1297
cg11666040,0.08719142080353526,1297
cg07545925,0.08719055562356623,1297
cg00755980,0.087189484507966,1297
cg07591921,0.08718924629088676,1297
cg01267532,0.08718915706566818,1297
cg10134425,0.08718906972717366,1297
cg27064708,0.08718878814939532,1297
cg13580758,0.0871881890177679,1297
cg17753356,0.08718801439552473,1297
cg11353792,0.08718739796511507,1297
cg20747380,0.0871864475087144,1297
cg12332674,0.08718434726593788,1297
cg06466547,0.08718418727813543,1297
cg13812927,0.08718417727924925,1297
cg07423151,0.08718260795214805,1297
cg19699140,0.08718214285460568,1297
cg26919149,0.08718141425181719,1297
cg17394306,0.087181391876965,1297
cg15780078,0.0871792176862865,1297
cg24914185,0.0871785391501323,1297
cg15979152,0.0871782749528634,1297
cg21649442,0.08717780181984461,1297
cg23018063,0.0871776017912256,1297
cg05330472,0.087176637965102,1297
cg02635370,0.08717663175159557,1297
cg10461264,0.08717616657981986,1297
cg13454941,0.08717569434457431,1297
cg26200585,0.08717192423002679,1297
cg13128443,0.08717158781216566,1297
cg18515510,0.08717043277356412,1297
cg16273943,0.08717038834205065,1297
cg19987768,0.08716813519530969,1297
cg22761483,0.08716740179569538,1297
cg05369553,0.08716628476516786,1297
cg27558057,0.08716537446697545,1297
cg19616851,0.08716530181087845,1297
cg25163611,0.08716525340428605,1297
cg15134787,0.08716503649070823,1297
cg07294114,0.08716319837581307,1297
cg20342105,0.08716201375001437,1297
cg10203922,0.08716170979351351,1297
cg06626599,0.08716067558476995,1297
cg00073837,0.08715900810061841,1297
cg18608749,0.08715851389904034,1297
cg14354327,0.0871580084213088,1297
cg09317554,0.08715762909499442,1297
cg17031727,0.08715634769698605,1297
cg13544946,0.08715608049598575,1297
cg17437939,0.08715345724517091,1297
cg13475578,0.08715305080264721,1297
cg26473818,0.08715278278706828,1297
cg14178077,0.0871526435347744,1297
cg08264266,0.08715249628168764,1297
cg15843567,0.08715246099440274,1297
cg16875864,0.08715211618381238,1297
cg20136100,0.08715183909982022,1297
cg14016055,0.08715156450225015,1297
cg11843333,0.08714957420868807,1297
cg13023014,0.0871495155777317,1297
cg06339706,0.0871480754304097,1297
cg08305808,0.0871469565659756,1297
cg21001198,0.08714580645935274,1297
cg05888583,0.0871454693968522,1297
cg00119127,0.08714386202750699,1297
cg01105403,0.08714355560306764,1297
cg03899054,0.08714340822182293,1297
cg02060639,0.08714336862266331,1297
cg08588748,0.08714281661961071,1297
cg11074353,0.08714254257033849,1297
cg11950292,0.0871407563354265,1297
cg27654476,0.08713679786994066,1297
cg06738242,0.08713449727037431,1297
cg10131465,0.08713359135530291,1297
cg13469595,0.08713011622468039,1297
cg13679311,0.08712896005034138,1297
cg13668823,0.08712756890437673,1297
cg10060499,0.0871263153073118,1297
cg02348119,0.08712585482023538,1297
cg10161111,0.08712563096571418,1297
cg15928680,0.08712558538644172,1297
cg26262157,0.08712198404896507,1297
cg04575427,0.08712108139085331,1297
cg01263942,0.08712063883616944,1297
cg19680631,0.08712019647122371,1297
cg17511731,0.08711991159672944,1297
cg10990993,0.08711920026549574,1297
cg08118140,0.08711878612695534,1297
cg00791430,0.0871184858774034,1297
cg13565891,0.08711770802526486,1297
cg10823658,0.08711767231657891,1297
cg19280785,0.08711742622397436,1297
cg27138204,0.08711651406240807,1297
cg26815454,0.08711648860248733,1297
cg08010331,0.08711476438617421,1297
cg14312323,0.08711465034493376,1297
cg17120578,0.08711272852626534,1297
cg26650383,0.08711135066926118,1297
cg20099830,0.0871113201098237,1297
cg06606199,0.08711109661645075,1297
cg08461451,0.08711082283138805,1297
cg21115691,0.0871087151128419,1297
cg11703222,0.08710870193153741,1297
cg25105522,0.08710810889127868,1297
cg01919401,0.08710722156422451,1297
cg05423713,0.08710722127174822,1297
cg15731655,0.087106034388297,1297
cg11723923,0.0871058829440094,1297
cg10588362,0.0871045727949652,1297
cg11482719,0.08710400636798445,1297
cg08486903,0.08710283537829686,1297
cg16224163,0.08710230258559237,1297
cg02872767,0.08710036396685783,1297
cg19427399,0.08710035833271193,1297
cg14535274,0.08709868365557202,1297
cg05661093,0.08709771672317587,1297
cg26664254,0.08709721070927345,1297
cg03414932,0.08709704028199561,1297
cg01247127,0.08709683805133159,1297
cg07638009,0.08709546212247599,1297
cg01488159,0.08709474379362711,1297
cg15523463,0.08709404581344793,1297
cg02224980,0.08709196721817677,1297
cg25765192,0.08709158011247164,1297
cg24026690,0.08709152512416551,1297
cg18091046,0.08709010880023299,1297
cg12417603,0.08709007359215576,1297
cg06400590,0.08708953076501574,1297
cg00700239,0.08708872853746996,1297
cg07599881,0.08708856966971738,1297
cg05257202,0.08708830577686044,1297
cg17346780,0.08708798077137248,1297
cg10977770,0.0870861228359856,1297
cg26201434,0.08708251416620597,1297
cg22771161,0.08708089913306177,1297
cg21124375,0.08708054309133359,1297
cg10077239,0.08708015233885291,1297
cg26922678,0.08707795938215573,1297
cg07524919,0.08707777065637054,1297
cg23894854,0.08707756053252669,1297
cg14912644,0.08707746487616555,1297
cg06999858,0.08707517198170955,1297
cg26623837,0.08707513191601396,1297
cg05432213,0.0870746230052235,1297
cg22305850,0.08707364385177016,1297
cg01443488,0.08707231983252833,1297
cg24470466,0.08707033223910915,1297
cg09501687,0.08706836123181647,1297
cg18556792,0.08706723168901495,1297
cg16597045,0.08706721308593657,1297
cg03851965,0.08706605042368099,1297
cg08190928,0.0870640304713874,1297
cg05889234,0.08706366973349858,1297
cg18076124,0.0870635444891455,1297
cg16967003,0.08706161839138735,1297
cg00674896,0.08706093035466231,1297
cg18665594,0.08706079767969369,1297
cg14972155,0.08706045988789778,1297
cg02385661,0.08705963228883146,1297
cg00791764,0.08705910618084342,1297
cg14215472,0.08705766564630293,1297
cg06920037,0.0870549501535767,1297
cg19525078,0.08705400206566094,1297
cg25537993,0.08705322733129989,1297
cg12403162,0.08705101075184707,1297
cg18479972,0.08705011257394292,1297
cg12626411,0.08705000103489291,1297
cg23222446,0.08704887431058289,1297
cg03230456,0.08704781006617363,1297
cg06341590,0.08704678883001532,1297
cg18191092,0.08704515356955547,1297
cg18602350,0.08704473309443975,1297
cg10453420,0.0870441211851844,1297
cg13474262,0.08704063035284593,1297
cg18095675,0.08703999518800698,1297
cg17738613,0.08703991553413912,1297
cg16202259,0.08703865554455925,1297
cg13946163,0.08703862688314817,1297
cg00386961,0.087038347332066,1297
cg08800613,0.08703461627476991,1297
cg00225902,0.0870345976804745,1297
cg05184519,0.08703425612229632,1297
cg17438030,0.08703397509761285,1297
cg11490944,0.08703374031764954,1297
cg20139145,0.08703352991972074,1297
cg25667676,0.08703325560993544,1297
cg14250838,0.08703315569578846,1297
cg03655683,0.087031954562409,1297
cg24678732,0.08703186510852495,1297
cg19913563,0.08703121826801498,1297
cg27506442,0.08702697722743091,1297
cg08956474,0.08702506658692649,1297
cg00083659,0.08702301396402945,1297
cg12507643,0.08702286195543296,1297
cg13626582,0.08702282307619902,1297
cg22109827,0.08702014286144838,1297
cg07694390,0.0870194665696188,1297
cg27236629,0.08701781399469405,1297
cg06748978,0.08701510708490665,1297
cg04228468,0.08701445185456239,1297
cg07097417,0.08701443696623642,1297
cg25320780,0.08701398920762957,1297
cg07303091,0.08701325683640912,1297
cg00658743,0.08701274459548183,1297
cg01143068,0.08701271382024162,1297
cg07052950,0.08701005787387656,1297
cg05991009,0.08700998945433436,1297
cg03841136,0.08700984843869564,1297
cg07499899,0.08700867720935107,1297
cg15404019,0.0870081584614279,1297
cg14147498,0.0870070389168196,1297
cg26217827,0.08700637073286971,1297
cg18612786,0.08700613003296022,1297
cg27488824,0.08700521498549273,1297
cg21535606,0.08700209486354145,1297
cg16661761,0.08700172325148531,1297
cg18107144,0.08700090573305863,1297
cg11237406,0.0869998217475628,1297
cg07822777,0.0869996999281881,1297
cg10390536,0.08699749701977846,1297
cg16078649,0.08699374373569407,1297
cg16729555,0.0869935056021219,1297
cg25947184,0.08699235518217235,1297
cg00862376,0.08699190553727625,1297
cg19653700,0.0869906657107335,1297
cg06577223,0.08699045058891869,1297
cg22882523,0.08699026586118072,1297
cg03260530,0.08699025608286243,1297
cg24444923,0.08698845491505504,1297
cg02696067,0.08698830056799639,1297
cg13394022,0.0869878906517918,1297
cg26436731,0.08698740557723736,1297
cg03959306,0.08698695813771257,1297
cg23487859,0.08698686304005504,1297
cg13358636,0.08698605673263009,1297
cg23221998,0.08698573008248896,1297
cg14478815,0.08698341902332335,1297
cg19112357,0.08698235851854103,1297
cg17953764,0.08698185508255393,1297
cg05939970,0.08698162877450526,1297
cg27086773,0.08698108035010005,1297
cg01766850,0.08697988647504246,1297
cg19107641,0.08697925696804315,1297
cg08511485,0.08697833269042016,1297
cg20979384,0.08697594767087982,1297
cg15142335,0.08697559309081138,1297
cg07911961,0.08697527480139489,1297
cg23931819,0.08697458082413156,1297
cg07164606,0.08697095100155494,1297
cg00406188,0.0869706203024867,1297
cg08627624,0.08696835728188573,1297
cg27140058,0.0869682292218329,1297
cg25592526,0.08696799198961594,1297
cg17308726,0.08696743987327615,1297
cg05076221,0.08696719386071042,1297
cg26017930,0.0869658815191425,1297
cg18689454,0.08696462719677922,1297
cg18578263,0.0869641279304108,1297
cg15467646,0.08696388200043305,1297
cg12430062,0.08696306427829181,1297
cg18008221,0.08696290376231358,1297
cg10218347,0.08696212277512516,1297
cg03062717,0.08696178261248064,1297
cg00061629,0.08696116695543155,1297
cg15545410,0.0869585228425559,1297
cg15169266,0.08695734439361366,1297
cg05280794,0.08695369158388522,1297
cg02190353,0.08695262043716726,1297
cg25459280,0.08695227583038145,1297
cg05624862,0.08695158005529541,1297
cg02675308,0.0869495763712669,1297
cg18252102,0.08694911950706241,1297
cg05666036,0.0869482330796518,1297
cg09140778,0.0869476356636238,1297
cg14072016,0.08694736654996904,1297
cg17429236,0.08694733122800674,1297
cg02968165,0.08694682739305332,1297
cg26707052,0.08694545833602962,1297
cg04023717,0.08694346370170114,1297
cg06664775,0.08694342460895299,1297
cg17806673,0.08694336414978893,1297
cg16622920,0.08694220334402691,1297
cg01125141,0.0869413639438856,1297
cg08383526,0.08694005534454569,1297
cg01758314,0.08693979601510074,1297
cg15491950,0.08693737999244389,1297
cg16400794,0.08693637742955321,1297
cg14621221,0.08693634055642716,1297
cg22816913,0.08693378443458677,1297
cg06954855,0.08693330754761552,1297
cg10615765,0.08693305218193687,1297
cg10604476,0.08693288419554909,1297
cg13736376,0.08693195874761032,1297
cg21502476,0.0869315239666652,1297
cg18226915,0.08692931868163542,1297
cg19479935,0.08692917177974185,1297
cg07065220,0.0869283656204573,1297
cg07729537,0.08692828033196273,1297
cg13645530,0.08692801109132592,1297
cg20865618,0.08692380082139411,1297
cg12177851,0.08692227657256041,1297
cg24947379,0.08692222403758493,1297
cg04135540,0.0869219866434725,1297
cg22997113,0.0869209080489573,1297
cg13705774,0.08691990119834114,1297
cg22269416,0.08691987205903423,1297
cg20962500,0.08691984092932808,1297
cg21241989,0.08691963526723628,1297
cg19705210,0.08691944902226123,1297
cg05867448,0.08691792817616989,1297
cg16431978,0.08691774164220786,1297
cg02726263,0.0869175349873183,1297
cg11849086,0.08691702227757299,1297
cg23250906,0.08691684936063854,1297
cg23509098,0.08691665053513525,1297
cg14170043,0.08691602358111505,1297
cg08775595,0.08691587184785338,1297
cg02184147,0.08691548342492955,1297
cg10775000,0.08691520671437525,1297
cg14623024,0.08691376636775344,1297
cg16320888,0.08691289281949649,1297
cg13927088,0.08691263189502857,1297
cg18522740,0.086912001276119,1297
cg19673376,0.0869108227892264,1297
cg12332524,0.08691016941560864,1297
cg09451413,0.08691006820752645,1297
cg21492127,0.08690845988598123,1297
cg04242525,0.08690834327256186,1297
cg08893087,0.08690803570525121,1297
cg24085801,0.08690629368050035,1297
cg24018148,0.08690619389601703,1297
cg02213684,0.0869057033064267,1297
cg13276704,0.08690569773029042,1297
cg27432477,0.08690522716561566,1297
cg20445053,0.08690420986901948,1297
cg18124488,0.08690211134840276,1297
cg03873049,0.08689980640308781,1297
cg26584456,0.08689883711796086,1297
cg07777652,0.08689800787080285,1297
cg01349691,0.08689692508942282,1297
cg14536431,0.08689655196582186,1297
cg14213430,0.086895757830459,1297
cg02672332,0.08689560408240204,1297
cg10368447,0.08689560088825722,1297
cg18515872,0.08689511982973809,1297
cg05782377,0.08689503255607683,1297
cg17151054,0.0868944949360459,1297
cg25915512,0.0868934679257693,1297
cg20643952,0.08689256612582762,1297
cg25866075,0.08689072401017972,1297
cg08714996,0.08689032274532299,1297
cg09671650,0.08688953238567935,1297
cg25164777,0.08688822826367437,1297
cg16758598,0.08688789735779318,1297
cg04058270,0.08688658510712088,1297
cg21205282,0.08688401261958859,1297
cg00974944,0.08688305958163917,1297
cg25510838,0.08688240508775619,1297
cg16454495,0.08688044538494832,1297
cg01267797,0.08687964370287722,1297
cg01259220,0.08687790354524438,1297
cg02938958,0.0868776872960659,1297
cg13978347,0.08687704593881357,1297
cg13876844,0.0868759112716696,1297
cg14813258,0.08687570034170106,1297
cg03918304,0.08687534221105916,1297
cg15362455,0.08687091975569217,1297
cg12413421,0.08687072104536303,1297
cg16626884,0.08687028338764602,1297
cg18989909,0.08686986013778242,1297
cg10687131,0.0868694200692248,1297
cg21040096,0.08686907822285656,1297
cg19414711,0.08686715568733999,1297
cg25076039,0.0868662865942782,1297
cg12850379,0.08686555588161848,1297
cg05401764,0.0868653735182994,1297
cg11379081,0.08686535041938387,1297
cg19531032,0.08686413157902162,1297
cg18594054,0.08686395089009463,1297
cg22366350,0.08686369462731008,1297
cg20055426,0.08686256104259728,1297
cg01976913,0.08686149541540505,1297
cg18760534,0.08686115848608106,1297
cg14748380,0.08686101181717454,1297
cg00350158,0.08686026339057329,1297
cg02161900,0.08685965290707517,1297
cg01838965,0.08685938566385362,1297
cg11252310,0.08685833458372191,1297
cg16151151,0.08685813164013942,1297
cg16325826,0.08685761486150712,1297
cg24544047,0.08685661585801169,1297
cg25544461,0.08685529881908963,1297
cg08425203,0.08685210004202937,1297
cg10890302,0.08685151680803925,1297
cg21644334,0.08685114975891695,1297
cg17109042,0.08685035134403382,1297
cg27068996,0.08684797134881,1297
cg05545672,0.0868458688975874,1297
cg02765962,0.08684529197526103,1297
cg04976154,0.08684497334325941,1297
cg19274341,0.08684493611041011,1297
cg17008375,0.08684443306041978,1297
cg20890243,0.08684254055666393,1297
cg11550550,0.08684233582812562,1297
cg08992854,0.08684208787936867,1297
cg17814335,0.08684105155510743,1297
cg00183888,0.08684034003916002,1297
cg05548179,0.08683896474549455,1297
cg04791080,0.08683857581765392,1297
cg03102442,0.08683775203337143,1297
cg26024682,0.08683686486557474,1297
cg12354377,0.08683667857842284,1297
cg26394257,0.0868364411965506,1297
cg02426324,0.08683639505306762,1297
cg05222216,0.08683613965308828,1297
cg16116006,0.08683486398307064,1297
cg06226630,0.08683308296638703,1297
cg03936104,0.08683289127003663,1297
cg12173181,0.08683274588752249,1297
cg23400942,0.08683081244320037,1297
cg17267654,0.08683060072868698,1297
cg27444744,0.08682987177674811,1297
cg13648550,0.08682876998093869,1297
cg15947176,0.08682870440683463,1297
cg16993682,0.0868283615218086,1297
cg19767548,0.08682820801935232,1297
cg16764274,0.08682681693859814,1297
cg02170784,0.08682657730649873,1297
cg25588740,0.08682580026967424,1297
cg16695758,0.08682394968904507,1297
cg12732155,0.08682241333409119,1297
cg02415992,0.08682150080270756,1297
cg00470636,0.0868207642333535,1297
cg10520622,0.08681613141663991,1297
cg18867781,0.0868151624037437,1297
cg00156497,0.08681468426615618,1297
cg13463897,0.08681405495618214,1297
cg21950107,0.08681359891197504,1297
cg13850606,0.08681131566691218,1297
cg04936619,0.08681125807743745,1297
cg19466563,0.08681096050205167,1297
cg16703934,0.0868107864944726,1297
cg14557487,0.08681071330102097,1297
cg05626259,0.08680962859888294,1297
cg14504826,0.08680948889577669,1297
cg07170641,0.08680800535010869,1297
cg17009813,0.08680709359949992,1297
cg03569637,0.08680684737757571,1297
cg15843278,0.0868062463217307,1297
cg15207426,0.08680524891279567,1297
cg15753239,0.08680367915511733,1297
cg14938419,0.08680153518776162,1297
cg15873301,0.08680093492981822,1297
cg18143296,0.08680091389027089,1297
cg01106114,0.08680003415719928,1297
cg27169020,0.08679933524926531,1297
cg27360727,0.08679853254831299,1297
cg23541676,0.08679771784225576,1297
cg09834794,0.08679768375267922,1297
cg24966363,0.08679624464276545,1297
cg05173889,0.08679506508902812,1297
cg07810733,0.0867947947643517,1297
cg22498396,0.0867940951369067,1297
cg11224783,0.08679329111910103,1297
cg00737264,0.08679271201298407,1297
cg16436210,0.08678989488797789,1297
cg09672187,0.08678783710314766,1297
cg03013070,0.08678647687182375,1297
cg17352276,0.08678613985728312,1297
cg06647007,0.08678578193158276,1297
cg14652227,0.08678331338025153,1297
cg17838368,0.08678320664077321,1297
cg12815142,0.08678270408918032,1297
cg21430752,0.08678239638234408,1297
cg10028823,0.08678107640110305,1297
cg17131837,0.08677983839975556,1297
cg06365270,0.08677961478877305,1297
cg09871315,0.08677931726127039,1297
cg07401516,0.08677873618114673,1297
cg10859192,0.08677871259204704,1297
cg18553677,0.0867777204989556,1297
cg19576099,0.08677770169572696,1297
cg15901783,0.08677651234709727,1297
cg08211413,0.08677644012992858,1297
cg00256329,0.08677577105054024,1297
cg13843938,0.08677567634085337,1297
cg10902987,0.08677556834521966,1297
cg11868634,0.08677540775985326,1297
cg02088785,0.08677461361833783,1297
cg09869729,0.08677457444381054,1297
cg24466738,0.08677367412939574,1297
cg03368046,0.0867734780729782,1297
cg09559189,0.08677030982483158,1297
cg05597836,0.08677020584439193,1297
cg10266211,0.08676601831935715,1297
cg08331829,0.08676598556980125,1297
cg06731639,0.08676100828420674,1297
cg05256043,0.08676099248770694,1297
cg14054990,0.08676075634446853,1297
cg23270529,0.08675980822629822,1297
cg05387996,0.08675765528341561,1297
cg08888918,0.08675619308367638,1297
cg00242786,0.08675494769233888,1297
cg20695175,0.08675441600062009,1297
cg00553527,0.08675187995744837,1297
cg15505276,0.0867516281123697,1297
cg14995475,0.08675119045105872,1297
cg02317313,0.08675047686096654,1297
cg01707885,0.08675011045524478,1297
cg04614483,0.08674961776179316,1297
cg14718293,0.08674879636617952,1297
cg15151929,0.08674778504697211,1297
cg08324152,0.08674663179516874,1297
cg25654577,0.08674359100046936,1297
cg05138949,0.08674324601867384,1297
cg05716278,0.0867418226683429,1297
cg02958014,0.08674139110300788,1297
cg14947478,0.08674119240738441,1297
cg12793123,0.08674031324671799,1297
cg04598224,0.08674009652832104,1297
cg25614875,0.08673881610065559,1297
cg07073999,0.08673656300912641,1297
cg14130985,0.08673561608862324,1297
cg13065624,0.08673537391581859,1297
cg24565742,0.08673341291099361,1297
cg08169827,0.08673281816797779,1297
cg19015962,0.08673273452242214,1297
cg06080948,0.08673229453950282,1297
cg12992686,0.0867308618636482,1297
cg10789749,0.08673075660033241,1297
cg10719346,0.08672972631992573,1297
cg24990283,0.08672951697092532,1297
cg00059374,0.08672904456538863,1297
cg09302355,0.08672857830292324,1297
cg11807829,0.0867279243656362,1297
cg23548201,0.08672643322272902,1297
cg17017514,0.08672583372335985,1297
cg06159340,0.08672510447994869,1297
cg25116503,0.08672505594478086,1297
cg25628429,0.08672459821415379,1297
cg11437253,0.08672393394360664,1297
cg01519225,0.08672374223047585,1297
cg00401233,0.08672324966838257,1297
cg12314682,0.08672269451760506,1297
cg10307662,0.08672139814388363,1297
cg21907107,0.08671968693192497,1297
cg20406090,0.08671810708597047,1297
cg14369648,0.08671534440366274,1297
cg15817960,0.08671468728618872,1297
cg00698602,0.08671331576143851,1297
cg04959298,0.0867129403336741,1297
cg13060182,0.0867112458433546,1297
cg02962903,0.08670988357994086,1297
cg13786163,0.08670971185483223,1297
cg10625686,0.0867079130966947,1297
cg25604247,0.08670728788845772,1297
cg16068038,0.08670700127567604,1297
cg19829847,0.08670698479204719,1297
cg19413728,0.08670623285195134,1297
cg18023455,0.08670389031293521,1297
cg07449450,0.08670385346168238,1297
cg18453200,0.08670304087788655,1297
cg09473282,0.0867007199883757,1297
cg18764164,0.08669961593577391,1297
cg18132916,0.08669888828321869,1297
cg07332880,0.08669807542527307,1297
cg14913610,0.08669741695906852,1297
cg26876834,0.08669577373421161,1297
cg16476235,0.08669566558276232,1297
cg09970593,0.08669549833520512,1297
cg03363478,0.08669544900690555,1297
cg19582822,0.08669528778738489,1297
cg10914667,0.08669326310136405,1297
cg08464177,0.08669315164927638,1297
cg09172850,0.08669247801312002,1297
cg24151207,0.08669048925356232,1297
cg26943056,0.08669007431954778,1297
cg00905220,0.08668990643215202,1297
cg01693598,0.08668948794030897,1297
cg18211633,0.08668773833294291,1297
cg19754180,0.08668739765558342,1297
cg16140548,0.08668705776956548,1297
cg00388262,0.08668514837601321,1297
cg04672506,0.08668487897791247,1297
cg16663033,0.08668247950986789,1297
cg26671784,0.08668130004140495,1297
cg03050127,0.08668060618476062,1297
cg04907257,0.08668033058885834,1297
cg14928378,0.0866792748316896,1297
cg20645966,0.08667874526854707,1297
cg00539049,0.08667774972723688,1297
cg01283201,0.08667743865565275,1297
cg16576033,0.08667692821970593,1297
cg03049693,0.08667606481141088,1297
cg09059319,0.08667584489596764,1297
cg14471784,0.08667575961344548,1297
cg11064395,0.08667527041311657,1297
cg19438750,0.08667410364648337,1297
cg24680248,0.08667408478356964,1297
cg03249131,0.08667216663394245,1297
cg14382215,0.08667161917136151,1297
cg16464924,0.08667099063244425,1297
cg14681171,0.08666938814866793,1297
cg13857119,0.08666923490035223,1297
cg25147026,0.08666797755562247,1297
cg03586128,0.08666755255565473,1297
cg17388779,0.08666344261217704,1297
cg25491456,0.08666203595424737,1297
cg24857040,0.08666191710011878,1297
cg13947999,0.08666184408620675,1297
cg01024444,0.08666121993288203,1297
cg17292100,0.08666111100671234,1297
cg26473189,0.08666097036988923,1297
cg08380379,0.08666042221592735,1297
cg20417128,0.08665998959518961,1297
cg02416781,0.08665748003852264,1297
cg26666828,0.08665645499650457,1297
cg12297819,0.08665452481333097,1297
cg19577958,0.08665442740462082,1297
cg23698950,0.08665401105368808,1297
cg04728482,0.08665363361436751,1297
cg20323175,0.08665289527506623,1297
cg19118904,0.08665094621653557,1297
cg13167631,0.0866498781691652,1297
cg11205006,0.08664710034504437,1297
cg26835302,0.08664580958830839,1297
cg13872831,0.0866446266486379,1297
cg24516901,0.08664442071038844,1297
cg04466898,0.08664260271312524,1297
cg01301197,0.08664137282026807,1297
cg12076194,0.08664115280275386,1297
cg24380059,0.0866397162179608,1297
cg16397176,0.08663829973515619,1297
cg03172657,0.0866380089223544,1297
cg05804170,0.08663790368467755,1297
cg21216015,0.08663786583856786,1297
cg19521279,0.08663724919359561,1297
cg23682134,0.08663671377140819,1297
cg01749464,0.08663657219844728,1297
cg01445580,0.08663542511889814,1297
cg11509088,0.08663502678823815,1297
cg23156509,0.08663332193550691,1297
cg12478578,0.08663209360977342,1297
cg01047555,0.08663090625174158,1297
cg13028819,0.08663048694470876,1297
cg21359747,0.08662951017365475,1297
cg22280475,0.08662880674847061,1297
cg15029935,0.08662753723847261,1297
cg22480742,0.08662547987910395,1297
cg07189962,0.08662501587886728,1297
cg23475489,0.08662395321174998,1297
cg20955693,0.0866239282370686,1297
cg15267318,0.08662275116077195,1297
cg20293725,0.08662248583372498,1297
cg19585597,0.08662136215847299,1297
cg10678427,0.08662127371417776,1297
cg05077231,0.08661800138098388,1297
cg18150584,0.0866176149292665,1297
cg17086900,0.08661670309617076,1297
cg16655091,0.08661557073664591,1297
cg17163168,0.08661545093305976,1297
cg04001333,0.08661531142242854,1297
cg01471111,0.08661417432813229,1297
cg03490881,0.0866131204315683,1297
cg14750836,0.08661265772527585,1297
cg13298153,0.08661239887617966,1297
cg20823091,0.08661192750408891,1297
cg07437373,0.0866114412858705,1297
cg07553761,0.086611439070762,1297
cg04141080,0.08661137538961616,1297
cg01321088,0.08661133285907952,1297
cg13821077,0.08660825002376293,1297
cg08829007,0.08660674497150878,1297
cg17534009,0.0866055202545495,1297
cg00731458,0.08660418023500308,1297
cg23538064,0.08660371082246543,1297
cg25034991,0.08660293614082731,1297
cg02783887,0.08660273307489891,1297
cg23503176,0.08660239821503787,1297
cg18574254,0.08660228609842313,1297
cg12607287,0.08660096591130423,1297
cg09704136,0.0865992034142,1297
cg09596614,0.0865979975240389,1297
cg06737250,0.08659729143162966,1297
cg10579668,0.08659710801726905,1297
cg24129356,0.08659581571026476,1297
cg18390816,0.08659570862395186,1297
cg11236550,0.08659531053994915,1297
cg05938001,0.08659526789548608,1297
cg10143811,0.08659386810085212,1297
cg14042635,0.08659317667837935,1297
cg22967717,0.08659258283454466,1297
cg03405789,0.08659136968038811,1297
cg19901381,0.0865897798350394,1297
cg23998645,0.0865896095787824,1297
cg08278554,0.08658918560639162,1297
cg21330553,0.0865879806834296,1297
cg24097241,0.08658787149705627,1297
cg10444255,0.08658770620900019,1297
cg25452717,0.08658753437915556,1297
cg20169185,0.08658718807400212,1297
cg04373359,0.08658657949648435,1297
cg21644740,0.0865849804790993,1297
cg21805138,0.08658483179472376,1297
cg12091331,0.08658453286081978,1297
cg09014626,0.08658402523776243,1297
cg07120031,0.08658318516948926,1297
cg14140881,0.08658228585493413,1297
cg16610810,0.08658111705847277,1297
cg13662778,0.08657988569713876,1297
cg24360747,0.08657758178615871,1297
cg12349571,0.0865771580659232,1297
cg06553513,0.0865769761964153,1297
cg03306956,0.08657439609585416,1297
cg05929864,0.08657359766479458,1297
cg13475877,0.08657182464937657,1297
cg06219125,0.08657159884819804,1297
cg06434709,0.08657032101915219,1297
cg24631579,0.0865702590653451,1297
cg01877595,0.0865696763951514,1297
cg04243827,0.08656955988161671,1297
cg07156115,0.08656954114577803,1297
cg27110277,0.08656930984323044,1297
cg26206185,0.08656896320145319,1297
cg11317690,0.0865687565240589,1297
cg02059755,0.0865686747794284,1297
cg20213166,0.08656818450170206,1297
cg21451653,0.08656761716308459,1297
cg26276233,0.08656632348986265,1297
cg16659284,0.08656626133442896,1297
cg26255314,0.0865662557484268,1297
cg17192315,0.0865654183290504,1297
cg00024967,0.08656489354372451,1297
cg11919577,0.0865639434955294,1297
cg11804414,0.08656243194860308,1297
cg25046571,0.086561684373818,1297
cg18397998,0.08656067040171805,1297
cg26620242,0.08655995658813734,1297
cg08832220,0.08655839552017291,1297
cg23225476,0.08655690935132535,1297
cg20118431,0.08655457344631778,1297
cg01406072,0.08655441701562083,1297
cg17971649,0.08655396893253489,1297
cg09739398,0.08655282833359346,1297
cg23735290,0.08655225083815005,1297
cg00121876,0.0865517115235015,1297
cg20826576,0.08655119064335226,1297
cg22655436,0.08655110128002763,1297
cg14702787,0.08655100668254229,1297
cg11527930,0.08654891490069716,1297
cg13432945,0.08654787842442935,1297
cg10333400,0.08654611321877737,1297
cg17775490,0.08654346192995614,1297
cg09782097,0.08654258830081765,1297
cg26433955,0.0865424224209489,1297
cg24337225,0.08654074153209163,1297
cg14511647,0.08654043473769435,1297
cg02749735,0.08654000127714417,1297
cg15810415,0.08653878796880358,1297
cg16732616,0.08653736627315327,1297
cg17102648,0.08653728314998921,1297
cg19155735,0.08653600856594063,1297
cg07964113,0.08653562093701717,1297
cg07731871,0.08653403150995212,1297
cg01723892,0.08652461236348857,1297
cg24401199,0.08652451234923336,1297
cg22889914,0.08652378551210932,1297
cg24590395,0.08652314923766505,1297
cg16377609,0.08652115101379079,1297
cg00381789,0.08652041849605471,1297
cg02973961,0.08652022247233712,1297
cg10621924,0.0865194294165012,1297
cg27131891,0.08651803682890938,1297
cg24967649,0.08651657157995257,1297
cg00057593,0.08651643045245788,1297
cg22683277,0.0865123058733237,1297
cg15676129,0.08651212451642898,1297
cg16394290,0.08651111089864788,1297
cg13446110,0.08651071360812784,1297
cg10142236,0.08650926519173902,1297
cg07408148,0.08650781315039163,1297
cg04636269,0.08650738006000525,1297
cg12646227,0.08650675255945395,1297
cg00412805,0.08650548195871133,1297
cg27520536,0.0865043163556542,1297
cg20765700,0.08650384272692574,1297
cg03609398,0.0865036064665265,1297
cg18183247,0.08650156747852134,1297
cg19717640,0.08650105653197693,1297
cg22202381,0.08650071812948801,1297
cg03185794,0.08649939896762165,1297
cg09607043,0.08649908648311139,1297
cg02111748,0.0864987430925773,1297
cg02742775,0.08649635654280807,1297
cg07671446,0.0864947458880212,1297
cg09863413,0.08649422098651618,1297
cg17548347,0.0864922243523345,1297
cg06367655,0.08649093826867843,1297
cg19301114,0.08648971943669848,1297
cg14381994,0.08648925994834167,1297
cg20231084,0.0864869422063601,1297
cg03512256,0.0864868088760477,1297
cg23653492,0.08648588513153266,1297
cg15877233,0.08648454603452324,1297
cg14473924,0.0864838292775569,1297
cg03870261,0.08648314696757758,1297
cg26266427,0.08648200853096549,1297
cg19238380,0.08648163610417925,1297
cg18568589,0.08648081957809475,1297
cg18419175,0.086479401157087,1297
cg11551577,0.08647799639668291,1297
cg21004982,0.08647794522426233,1297
cg15538809,0.08647746969407452,1297
cg20474675,0.08647742118645158,1297
cg07112131,0.08647689158353186,1297
cg23713772,0.08647588118261101,1297
cg10464312,0.08647307434696733,1297
cg15638170,0.08647300436308186,1297
cg20710730,0.08647256092258554,1297
cg14573817,0.08647171627539138,1297
cg10296718,0.08647158403783856,1297
cg11689753,0.08647087752350083,1297
cg01899581,0.0864700485309654,1297
cg04036329,0.086469748495421,1297
cg17471467,0.08646869745609556,1297
cg18735146,0.08646760399781442,1297
cg01300852,0.08646736079366232,1297
cg06861560,0.08646678999082213,1297
cg06148812,0.08646638580196236,1297
cg01756899,0.08646629617614593,1297
cg23737190,0.08646486154161703,1297
cg11152263,0.08646454058495762,1297
cg00553610,0.08646296850468638,1297
cg14237903,0.08646170476410578,1297
cg16045459,0.08646159371492901,1297
cg19358442,0.08646023927691623,1297
cg08787664,0.08645969767208345,1297
cg18869404,0.08645893043972762,1297
cg12917790,0.08645731689297037,1297
cg25721132,0.08645656253097272,1297
cg11699334,0.0864553958038437,1297
cg01015871,0.08645348716320164,1297
cg10926851,0.0864528262490844,1297
cg27153655,0.08645182921927236,1297
cg23918296,0.0864516431720562,1297
cg01357135,0.08645071261689656,1297
cg25037461,0.08644644232335195,1297
cg15105326,0.08644623084340869,1297
cg26926973,0.08644574377957759,1297
cg17955729,0.08644572794715971,1297
cg22044892,0.08644484671328148,1297
cg20759047,0.08644462978814499,1297
cg14950829,0.0864440253732971,1297
cg19642505,0.0864436183107398,1297
cg14744898,0.08644226659125584,1297
cg06998965,0.08644166129176978,1297
cg22567315,0.08644044832471326,1297
cg09073348,0.08643865476528223,1297
cg03125531,0.08643750554415061,1297
cg26315221,0.08643741724627552,1297
cg16139202,0.08643710557303019,1297
cg15001016,0.08643646669271535,1297
cg19205041,0.08643603511066811,1297
cg15021031,0.08643534602867026,1297
cg09410389,0.08643396239472786,1297
cg02996801,0.08643345827655358,1297
cg10823511,0.08643090629768224,1297
cg00885918,0.0864292610596992,1297
cg23383138,0.08642906377954021,1297
cg02637352,0.08642848016869287,1297
cg22517705,0.08642694550692093,1297
cg11611644,0.08642588979034177,1297
cg14211915,0.08642492343144587,1297
cg00430287,0.08642444141573274,1297
cg25698741,0.08642195428696695,1297
cg09951047,0.08642180085701073,1297
cg21763603,0.08641966406624535,1297
cg07203423,0.08641940018087274,1297
cg19579183,0.08641930662691613,1297
cg24145935,0.08641901949243652,1297
cg01301885,0.08641849101239613,1297
cg13955758,0.08641825740437553,1297
cg11897887,0.08641656017563984,1297
cg00771642,0.08641484358500584,1297
cg14758359,0.08641431111730147,1297
cg26153569,0.08641308450665486,1297
cg11006453,0.08641242120564041,1297
cg21675254,0.08641010248451889,1297
cg19926444,0.086407628983248,1297
cg17137457,0.0864076078201435,1297
cg03409272,0.08640634394969615,1297
cg11453483,0.08640575803828515,1297
cg12166447,0.08640550134756736,1297
cg10129944,0.0864050032151865,1297
cg00254095,0.08640401590901187,1297
cg23863670,0.0864030953187484,1297
cg26972408,0.08640238196099387,1297
cg03276920,0.0864022386785761,1297
cg21435316,0.08640200907247714,1297
cg23216745,0.08640196288870561,1297
cg08628269,0.08640132788553478,1297
cg12166610,0.08640009722959852,1297
cg07355157,0.08639755846352501,1297
cg07876340,0.08639585721625842,1297
cg19434087,0.08639419691298328,1297
cg27565650,0.08639300473029582,1297
cg09885502,0.08639155757049716,1297
cg16763443,0.08639132892846235,1297
cg22378919,0.08639117829347315,1297
cg15499368,0.08639068971357544,1297
cg24154839,0.08638965666121917,1297
cg03603888,0.08638945552116133,1297
cg15571405,0.086388999485133,1297
cg24834590,0.0863889646526863,1297
cg00119186,0.08638878816552392,1297
cg25230235,0.08638779525142926,1297
cg12555816,0.08638720049880383,1297
cg16334795,0.08638535275969947,1297
cg12755421,0.08638327101448845,1297
cg07605269,0.08638283231597252,1297
cg00716704,0.08638279523884151,1297
cg22212560,0.08638190777355942,1297
cg13601435,0.0863819019238311,1297
cg14711592,0.08638119989879578,1297
cg26983744,0.08638057128775561,1297
cg14762973,0.08638015275960201,1297
cg18758559,0.08638006902824968,1297
cg13209192,0.08637895983296151,1297
cg06528645,0.08637895734482579,1297
cg12656085,0.0863777466772333,1297
cg03815621,0.08637749224556038,1297
cg13573582,0.08637748398794204,1297
cg12416290,0.08637719941556721,1297
cg08457514,0.08637706128341731,1297
cg26530319,0.08637520325497577,1297
cg11945167,0.0863746053823472,1297
cg06915226,0.08637442230445797,1297
cg01722297,0.08637420252219019,1297
cg00701946,0.08637369769011721,1297
cg15187276,0.08637320862277581,1297
cg19389372,0.08637261478473979,1297
cg27090784,0.08637156647106004,1297
cg21522988,0.08637076806146671,1297
cg01997006,0.08636901526238666,1297
cg09301052,0.08636858647009693,1297
cg24985035,0.08636718724034015,1297
cg10362172,0.08636714560844538,1297
cg03774463,0.08636702909134586,1297
cg03669782,0.08636650275426386,1297
cg03906016,0.08636623430297952,1297
cg00188627,0.0863652205612716,1297
cg14793844,0.08636505297912223,1297
cg17083685,0.08636350279637489,1297
cg01403655,0.08636288866977876,1297
cg26284735,0.0863627356956378,1297
cg14651504,0.08636202765541867,1297
cg19865237,0.08636063753803427,1297
cg17611074,0.08636057929933283,1297
cg13509195,0.08635860359325201,1297
cg03602212,0.08635771126642217,1297
cg16617817,0.08635667811997022,1297
cg11295942,0.0863565373650188,1297
cg05199874,0.08635550690416202,1297
cg12167564,0.08635520235632088,1297
cg12169700,0.08635511999287804,1297
cg14826909,0.08635380898430228,1297
cg13415795,0.08635336804987337,1297
cg02887598,0.08635285824110167,1297
cg18559739,0.0863526941683525,1297
cg09993699,0.08635072819028419,1297
cg00270625,0.08635068102703397,1297
cg08908482,0.08634858771530568,1297
cg03851835,0.08634768972973494,1297
cg07540084,0.08634714101433644,1297
cg13960126,0.08634697507960865,1297
cg04436383,0.08634537568485445,1297
cg11626496,0.0863451280904696,1297
cg22190437,0.08634492530399585,1297
cg15474402,0.08634355552983564,1297
cg01229998,0.08634091607886467,1297
cg21131022,0.08633917667257776,1297
cg25649515,0.0863367299187045,1297
cg01928206,0.08633652130247899,1297
cg06084534,0.08633642647779877,1297
cg12929983,0.08633603799968492,1297
cg12623735,0.0863359835649638,1297
cg22813366,0.08633570433879828,1297
cg18297745,0.08633536429950875,1297
cg09763644,0.08633529902117254,1297
cg24729879,0.0863352777583341,1297
cg20539474,0.08633330652266424,1297
cg23183559,0.08633265415898445,1297
cg27606396,0.08633168599307278,1297
cg01424997,0.08633142412588446,1297
cg10131026,0.08633113208178667,1297
cg11676189,0.08633054496583495,1297
cg01209296,0.086329776433694,1297
cg14143752,0.08632955171881712,1297
cg12527995,0.08632930158654467,1297
cg09784335,0.08632911182140089,1297
cg02714666,0.0863286071853491,1297
cg18026416,0.08632859499020179,1297
cg03994959,0.08632422513510207,1297
cg01595717,0.08632165840861045,1297
cg02139485,0.08632105717670269,1297
cg23235989,0.08632040465820454,1297
cg14824386,0.08631911840815971,1297
cg00306893,0.08631864657511157,1297
cg04768935,0.08631821890701263,1297
cg18300008,0.08631784034658291,1297
cg14555996,0.08631735347347089,1297
cg08012844,0.08631614084327638,1297
cg16196021,0.08631540721645342,1297
cg18919720,0.08631480526431304,1297
cg17041511,0.08631228389350731,1297
cg07318204,0.0863118185660536,1297
cg06508623,0.08631129299226648,1297
cg25879395,0.08631103970897114,1297
cg06657721,0.08631101952053383,1297
cg24652956,0.08631055954543515,1297
cg17486764,0.08630955407685437,1297
cg06023841,0.0863095177118377,1297
cg08795964,0.08630948243715593,1297
cg19186806,0.08630927407855432,1297
cg15651267,0.08630851359800223,1297
cg12414557,0.0863065815416059,1297
cg15721134,0.08630656345307186,1297
cg04886060,0.08630638000414684,1297
cg11061975,0.08630637929262147,1297
cg16792548,0.08630632090990434,1297
cg13942103,0.08630596989241424,1297
cg18825119,0.0863058410717431,1297
cg04933829,0.08630543684260514,1297
cg27642416,0.08630528703234389,1297
cg05262724,0.08630394642138728,1297
cg12260798,0.08630262654726018,1297
cg03485608,0.08630198266357497,1297
cg00261832,0.08630166665934258,1297
cg19596110,0.08630164337524399,1297
cg14618923,0.08630039684381285,1297
cg26263563,0.08629966045966736,1297
cg13917863,0.08629771617125609,1297
cg17033499,0.08629654798446937,1297
cg01388889,0.08629387831448335,1297
cg10482512,0.08629282651032583,1297
cg13309012,0.0862917144003951,1297
cg13373343,0.08629101732323316,1297
cg04021098,0.08629048019363039,1297
cg08120489,0.08629002399686125,1297
cg17695831,0.08628954638126773,1297
cg11975608,0.08628876905339386,1297
cg02442693,0.08628708252102057,1297
cg06166523,0.08628625965363484,1297
cg13457515,0.08628553427326874,1297
cg13967811,0.08628511873994649,1297
cg01844539,0.08628439926332913,1297
cg01376829,0.08628420673977101,1297
cg01081346,0.08628407950695771,1297
cg16311186,0.08628353736437541,1297
cg10720080,0.0862831190288148,1297
cg15687600,0.08628250835357386,1297
cg13409439,0.08628168152111268,1297
cg20654619,0.08628159429464582,1297
cg06994420,0.0862812478727013,1297
cg02810304,0.08627931218926504,1297
cg12298745,0.08627846925057608,1297
cg25240964,0.08627836887731694,1297
cg09451574,0.08627461715328702,1297
cg09491897,0.08627416179551439,1297
cg10281002,0.08627319856262415,1297
cg06706159,0.08627307762676883,1297
cg00579036,0.086272887143391,1297
cg12568536,0.08627259868720544,1297
cg18516195,0.0862718974621983,1297
cg14372753,0.08627015976540786,1297
cg10558233,0.0862697322713275,1297
cg10698928,0.08626884018798825,1297
cg07446753,0.08626862835964991,1297
cg17526036,0.08626802940711875,1297
cg27186013,0.0862662708750635,1297
cg12710152,0.08626512300058103,1297
cg03406718,0.08626475897052138,1297
cg21306973,0.08626444042651724,1297
cg03661929,0.0862630999496663,1297
cg13546414,0.08626200125717098,1297
cg24740026,0.08626129383530756,1297
cg10722444,0.08626112966446098,1297
cg05361559,0.08625978156175426,1297
cg05305327,0.08625862191531145,1297
cg12499872,0.08625779001673273,1297
cg00835825,0.08625772486288624,1297
cg02603251,0.08625750717178687,1297
cg25581227,0.08625708849876398,1297
cg02483449,0.08625660868543805,1297
cg06769116,0.08625555896990272,1297
cg14707948,0.086253988231345,1297
cg06457249,0.0862536577960466,1297
cg19890879,0.08625188237314782,1297
cg04674495,0.08625137843914926,1297
cg11304383,0.08625063074720885,1297
cg03102729,0.0862500129399631,1297
cg17995197,0.08624952274454088,1297
cg18546006,0.08624915942350231,1297
cg02278114,0.08624907009377475,1297
cg14386668,0.0862486122460075,1297
cg08985979,0.08624759755996778,1297
cg17127183,0.08624639563853131,1297
cg06536578,0.08624575885333086,1297
cg25337965,0.08624378891183018,1297
cg06445944,0.08624345206058553,1297
cg19675142,0.0862427843556392,1297
cg02729303,0.08624273152789386,1297
cg17030415,0.08624077678928627,1297
cg07748255,0.08624047946720875,1297
cg01469132,0.08623974969844883,1297
cg02735829,0.08623895492282382,1297
cg04860674,0.08623561739446561,1297
cg01314252,0.08623536205902205,1297
cg03018931,0.08623523812978723,1297
cg01519464,0.0862350223446936,1297
cg14663264,0.08623478023459033,1297
cg18789929,0.0862343063881118,1297
cg04101755,0.08623338729796154,1297
cg20729747,0.08623286276265027,1297
cg26993132,0.08623173392035838,1297
cg02369450,0.08623116210349746,1297
cg11803843,0.08622927133771818,1297
cg18075315,0.086229235014782,1297
cg10388307,0.08622819483121391,1297
cg06819373,0.08622810874139772,1297
cg10113526,0.08622559447296929,1297
cg03286535,0.0862250450963376,1297
cg05331763,0.08622438260347032,1297
cg09553242,0.08622321789106402,1297
cg17509989,0.08622314259503511,1297
cg15798385,0.08622229645520696,1297
cg01080560,0.086220250833409,1297
cg07892597,0.08621855666075823,1297
cg07524214,0.0862182671982234,1297
cg00054409,0.086217812338689,1297
cg01891925,0.0862173614879378,1297
cg08895932,0.08621618311972512,1297
cg11101117,0.08621574707839255,1297
cg21506790,0.08621523446406787,1297
cg07788140,0.08621508955505258,1297
cg14476487,0.0862144879807395,1297
cg13264840,0.08621302137295173,1297
cg24290996,0.08621291976149859,1297
cg26166854,0.08621001018427138,1297
cg07803375,0.08620817703737982,1297
cg12057563,0.08620694413015789,1297
cg22486621,0.08620687997311416,1297
cg17344321,0.0862059613391255,1297
cg15515265,0.08620517934068361,1297
cg05693489,0.08620503686044109,1297
cg16822666,0.08620450757757925,1297
cg14627172,0.08620380036373647,1297
cg14188106,0.086202576485502,1297
cg20090497,0.08620239730153789,1297
cg22407458,0.0862023889497015,1297
cg26248066,0.08619951613632512,1297
cg03356494,0.08619576751405941,1297
cg16424196,0.086195289851421,1297
cg11191210,0.08619410172054297,1297
cg06892726,0.08619295637037015,1297
cg13655986,0.08618986084672009,1297
cg07582655,0.08618612332217751,1297
cg08061271,0.086185939710062,1297
cg23784046,0.0861857764506358,1297
cg26782150,0.08618546964533047,1297
cg00683329,0.08618359043730281,1297
cg23572703,0.08618312000794803,1297
cg02170103,0.08618132107368076,1297
cg06710195,0.08618096757107485,1297
cg12591668,0.08617977433731852,1297
cg14110548,0.08617919346329311,1297
cg04742780,0.08617914171140023,1297
cg17007339,0.08617907326134022,1297
cg18482690,0.08617848131828318,1297
cg02655361,0.08617723088988588,1297
cg04387347,0.08617673944940613,1297
cg24136292,0.0861757276871738,1297
cg12377701,0.08617432311356704,1297
cg22729543,0.0861739411863674,1297
cg26393015,0.0861728396918701,1297
cg04132891,0.08617281205175162,1297
cg01610979,0.08617170986918138,1297
cg18854004,0.08617109118497823,1297
cg02339243,0.08617098941577253,1297
cg07791011,0.08617095368607769,1297
cg00982958,0.08617091613361905,1297
cg11039729,0.08617073610093715,1297
cg03881934,0.08617044188226491,1297
cg22806527,0.08616997451074049,1297
cg22389209,0.0861691941676081,1297
cg18084609,0.08616906129507212,1297
cg21692450,0.08616771692350018,1297
cg00104608,0.08616771497306425,1297
cg10690440,0.08616765660209441,1297
cg02907415,0.08616563687325185,1297
cg23903244,0.08616557748323234,1297
cg00593008,0.08616516080560105,1297
cg03606646,0.08616295953242673,1297
cg03339077,0.08616070804966403,1297
cg22862208,0.08616032029255197,1297
cg17235897,0.08615966339264569,1297
cg26578682,0.0861587261781736,1297
cg05767720,0.08615697263489291,1297
cg01306688,0.08615624030116434,1297
cg19022697,0.08615585050768207,1297
cg20274304,0.08615459881641213,1297
cg00563824,0.08615320444566488,1297
cg12869334,0.0861530591254312,1297
cg12828073,0.08615296673651071,1297
cg11372934,0.08615215077920518,1297
cg13331542,0.08615193749517425,1297
cg20480723,0.08615155477707845,1297
cg26551791,0.08615096198696992,1297
cg00863893,0.08614841028073664,1297
cg06383401,0.08614672727743083,1297
cg16276063,0.086145306219191,1297
cg08495374,0.08614456610157284,1297
cg25073998,0.08614325796809019,1297
cg17646499,0.08614284029602903,1297
cg12476044,0.08614271486949945,1297
cg23817096,0.08614222371606878,1297
cg20486569,0.08614066393511892,1297
cg11179120,0.08614019971091727,1297
cg11519260,0.08613923777809279,1297
cg21045770,0.08613853366210128,1297
cg19552640,0.08613853091178061,1297
cg04557057,0.0861376145482518,1297
cg21353144,0.08613615232115923,1297
cg09841150,0.08613606825275094,1297
cg23301563,0.08613560202775494,1297
cg04992852,0.08613374920378708,1297
cg00814328,0.08613358096113052,1297
cg01310397,0.08613314551936185,1297
cg03287111,0.08613237422699646,1297
cg14635269,0.08613202272938508,1297
cg04462378,0.0861308567189894,1297
cg09553683,0.08613050525609173,1297
cg04043455,0.08612967853389644,1297
cg17094065,0.08612889943217628,1297
cg02362246,0.08612845442958855,1297
cg18339075,0.0861272667970594,1297
cg05713856,0.08612436927328043,1297
cg01603079,0.08612421049983263,1297
cg21195256,0.08612339657141903,1297
cg21858462,0.0861231240143438,1297
cg04562683,0.08612169898864697,1297
cg27498434,0.08612113847656855,1297
cg01070161,0.08612041345728033,1297
cg05890855,0.08611901977535494,1297
cg07613512,0.08611853900410965,1297
cg01521648,0.08611796363603577,1297
cg23982212,0.08611752472833678,1297
cg11744817,0.08611719665598266,1297
cg12000995,0.08611625585950772,1297
cg27513573,0.08611589044684498,1297
cg23668581,0.0861148528136389,1297
cg04706655,0.08611483795547045,1297
cg14276379,0.08611468212221068,1297
cg15180789,0.0861145216564253,1297
cg08715187,0.08611399693884497,1297
cg12623302,0.08611389291979571,1297
cg19297823,0.08611364512931996,1297
cg16021428,0.08611355421665286,1297
cg13646020,0.086112962537086,1297
cg15115171,0.08611281687693273,1297
cg22489321,0.08611274872888798,1297
cg13080379,0.08610915376760163,1297
cg09523275,0.08610912085917521,1297
cg06634914,0.08610864729529771,1297
cg01803258,0.08610756824688473,1297
cg14114908,0.08610561006741696,1297
cg06528223,0.08610480729521483,1297
cg09221485,0.08610477527054367,1297
cg14569209,0.08610312490120456,1297
cg27192708,0.08610302645951767,1297
cg21443699,0.08610201527082817,1297
cg20574436,0.08609975859808658,1297
cg06647694,0.08609924356538606,1297
cg11691093,0.0860991927606688,1297
cg06962867,0.08609902971161998,1297
cg22234712,0.08609844493634325,1297
cg10737521,0.08609808041444217,1297
cg17484331,0.08609762020592016,1297
cg16754455,0.08609706401965006,1297
cg06596654,0.0860967917258492,1297
cg11841331,0.08609627857204177,1297
cg04332433,0.0860957582059273,1297
cg13694927,0.08609566035485028,1297
cg14923398,0.0860940792573337,1297
cg23851558,0.08609334624699932,1297
cg20370678,0.08609167129734936,1297
cg09272256,0.08609141638615603,1297
cg00114913,0.08609053804689336,1297
cg07769957,0.08608992453633138,1297
cg04749323,0.08608980111158543,1297
cg20302533,0.08608895852209662,1297
cg03454225,0.08608890791311738,1297
cg13572511,0.08608874535757562,1297
cg14248367,0.08608865185432592,1297
cg25728685,0.08608862812185765,1297
cg14407987,0.08608757396645439,1297
cg15500865,0.08608568967444935,1297
cg05822532,0.08608507004766122,1297
cg11244648,0.08608473803336653,1297
cg00041401,0.08608466896648498,1297
cg14166209,0.08608256678915316,1297
cg19981243,0.08608212808835602,1297
cg08266644,0.0860816694718653,1297
cg06502659,0.08608159507843205,1297
cg02904064,0.08608133065327656,1297
cg19455189,0.0860812409794206,1297
cg26548682,0.08608108878317,1297
cg07207070,0.08607974195813836,1297
cg07568296,0.08607973831820481,1297
cg15648389,0.08607635415266099,1297
cg16058274,0.08607493207099642,1297
cg13150925,0.08607445727578461,1297
cg08979895,0.08607440782268383,1297
cg24384057,0.08607420459383835,1297
cg10448608,0.08607234871741917,1297
cg10502957,0.08607058865555742,1297
cg24713667,0.0860702524691243,1297
cg11945668,0.08606834455699736,1297
cg08743751,0.08606834164842936,1297
cg07732472,0.08606786428632457,1297
cg15229994,0.0860672847852457,1297
cg01414268,0.08606727533744338,1297
cg19159365,0.08606722852197937,1297
cg02700130,0.08606668273090773,1297
cg04371130,0.08606591343176961,1297
cg03639185,0.08606384056592495,1297
cg13401079,0.08606377407938914,1297
cg05411056,0.08606344221257345,1297
cg04490349,0.08606319235095466,1297
cg12447398,0.08606221235158446,1297
cg09857513,0.08606219694474643,1297
cg04180046,0.08606172091398914,1297
cg00913032,0.08606159627408541,1297
cg00830325,0.08606148895504107,1297
cg07562888,0.08606125946854637,1297
cg02119938,0.08606008908314038,1297
cg20984972,0.08605993861643527,1297
cg20509869,0.08605898524074972,1297
cg02205443,0.08605825507629147,1297
cg14032950,0.08605783134058498,1297
cg01642152,0.08605418456507752,1297
cg14449958,0.08605301117595301,1297
cg08195247,0.08605248535813953,1297
cg19066078,0.08605220026673494,1297
cg25814969,0.08605108100957554,1297
cg11503711,0.08605100921989822,1297
cg01249360,0.08605032149342096,1297
cg20741105,0.08604979824783904,1297
cg06058073,0.08604730541056116,1297
cg16047279,0.08604647948044947,1297
cg25714147,0.08604566273155423,1297
cg08637438,0.08604540786855305,1297
cg18493677,0.08604540181954295,1297
cg08926365,0.08604487936136523,1297
cg24722577,0.08604396663081035,1297
cg01458054,0.08604161937157556,1297
cg09573585,0.08604143263972683,1297
cg00840341,0.0860414248191878,1297
cg05457563,0.08604116905065232,1297
cg05187154,0.08604045823132928,1297
cg03880987,0.08603932243009743,1297
cg21052656,0.08603776559114115,1297
cg09502207,0.08603727182665633,1297
cg05336056,0.08603542499352465,1297
cg01769521,0.08603510060601349,1297
cg26400885,0.08603439126119364,1297
cg14293548,0.08603430517912647,1297
cg05578840,0.08603339358152008,1297
cg12635120,0.08603190832642191,1297
cg23244022,0.08603154101765104,1297
cg02483735,0.08602945472607454,1297
cg20072171,0.08602919646645689,1297
cg15803221,0.08602876619354644,1297
cg19490001,0.08602856139495896,1297
cg20454073,0.0860280105755389,1297
cg15229943,0.08602792204767508,1297
cg09363068,0.08602783338108241,1297
cg27099991,0.08602636917530798,1297
cg12426612,0.08602543598438722,1297
cg09155774,0.08602469705818849,1297
cg10880177,0.08602397857021327,1297
cg06791546,0.08602010616133221,1297
cg23340514,0.08601764941633433,1297
cg01097872,0.08601748224091377,1297
cg02621287,0.08601702411349864,1297
cg08678314,0.08601670299656552,1297
cg07125278,0.08601597297616645,1297
cg07850832,0.08601469528010625,1297
cg11847992,0.08601373854770647,1297
cg23946462,0.08601257953333624,1297
cg02373484,0.0860125721200698,1297
cg26848718,0.08601173307469179,1297
cg21964252,0.08601109051667472,1297
cg15129506,0.08601107731904703,1297
cg01938825,0.08601087809041008,1297
cg01770296,0.08601048636133737,1297
cg16304656,0.08600901984872797,1297
cg04457114,0.08600897064655955,1297
cg05033952,0.0860087596368006,1297
cg13589218,0.08600783955471958,1297
cg10589034,0.08600737827346758,1297
cg21140898,0.08600628875612593,1297
cg20798460,0.0860052401640305,1297
cg19726712,0.08600495960713239,1297
cg17130251,0.0860042877001539,1297
cg22861116,0.0860031735856509,1297
cg01642521,0.08600246032996135,1297
cg16270018,0.08600215744946013,1297
cg17184430,0.0860015356403867,1297
cg23014759,0.08600143914185318,1297
cg26886708,0.08600034779864385,1297
cg04813834,0.08599961346110108,1297
cg05276125,0.08599529040691228,1297
cg07696099,0.08599451345349637,1297
cg02316445,0.08599359319091607,1297
cg01255513,0.08599342941380786,1297
cg18199386,0.08599301105086202,1297
cg06470822,0.08599224860328489,1297
cg08613794,0.08599209771035043,1297
cg05766896,0.08599169397779795,1297
cg23756272,0.0859913070872827,1297
cg13524919,0.08599092902276778,1297
cg19777664,0.08599068420218231,1297
cg26922917,0.08598779233286627,1297
cg09048205,0.08598737144204066,1297
cg21053509,0.08598700780611218,1297
cg06802522,0.08598364780671502,1297
cg03167633,0.08598278771088683,1297
cg19092317,0.08598173979008851,1297
cg06440275,0.08598160713849884,1297
cg07908805,0.08598160014270961,1297
cg07638689,0.08597979443051629,1297
cg08491437,0.0859778987429981,1297
cg04861230,0.08597425718532264,1297
cg25757115,0.08597414837101111,1297
cg16476991,0.08597309955525781,1297
cg25017620,0.08597305367546407,1297
cg17919137,0.08597174847125366,1297
cg12606911,0.08597156965296457,1297
cg03705571,0.08597138096552137,1297
cg18633154,0.08597014809407683,1297
cg07468585,0.08596938832199585,1297
cg22321036,0.08596904034535163,1297
cg13434842,0.0859674750878493,1297
cg22274196,0.08596586602894414,1297
cg23573900,0.08596468265630736,1297
cg11127915,0.08596381182356758,1297
cg07598324,0.08596338971356071,1297
cg07832143,0.08596204026545817,1297
cg11369736,0.0859616243631671,1297
cg02738617,0.08596108315325351,1297
cg01788396,0.08596001346858234,1297
cg07895329,0.08595948649084378,1297
cg16975587,0.08595891782615603,1297
cg25190534,0.0859588187297258,1297
cg21717724,0.08595698852259159,1297
cg24705668,0.08595665531816615,1297
cg03672274,0.08595596652225024,1297
cg26916621,0.08595536508321316,1297
cg08050115,0.08595489934642164,1297
cg18346634,0.08595387705523189,1297
cg15015639,0.08595319153446547,1297
cg25324653,0.08595174016851925,1297
cg14737994,0.08595049850638734,1297
cg12551908,0.08595039222770628,1297
cg11147886,0.0859502723397732,1297
cg13442709,0.08594987684957678,1297
cg02737619,0.08594949741122565,1297
cg05414556,0.08594919668413581,1297
cg26841048,0.08594809559087191,1297
cg13203135,0.08594777878540805,1297
cg06494497,0.08594761234145049,1297
cg13208438,0.08594752963868674,1297
cg27160726,0.08594566780005547,1297
cg00446472,0.08594558178805925,1297
cg23766724,0.08594554652522735,1297
cg25860465,0.08594384164094182,1297
cg00234095,0.08594374443178077,1297
cg02152351,0.08594335925983826,1297
cg05664352,0.08594187948636761,1297
cg26777729,0.08594095588648629,1297
cg26934993,0.08594035131462097,1297
cg00103771,0.08593967441534328,1297
cg23623252,0.08593953465115789,1297
cg18563630,0.08593952046531136,1297
cg02283204,0.0859394715631614,1297
cg02464073,0.08593903217266599,1297
cg27485596,0.08593810199676638,1297
cg17473712,0.08593573809030391,1297
cg05967487,0.08593448441089982,1297
cg11907323,0.08593384604921628,1297
cg19534681,0.08593218109640272,1297
cg14136709,0.08592961010088601,1297
cg26063719,0.0859271435358985,1297
cg01083633,0.08592580323453844,1297
cg09697697,0.08592491481035464,1297
cg09235562,0.08592348403329753,1297
cg13581527,0.08592257483082993,1297
cg13242077,0.08592141243284229,1297
cg00747944,0.08592063978020736,1297
cg15052890,0.0859196063483918,1297
cg24214903,0.08591818149179614,1297
cg02812891,0.08591800078867333,1297
cg27579771,0.0859154165008121,1297
cg15514393,0.08591488358551769,1297
cg08035151,0.08591316442690106,1297
cg19699200,0.08591230887675516,1297
cg02169391,0.08591226572355604,1297
cg05385882,0.08591216061079171,1297
cg25972578,0.08591091465056816,1297
cg14103215,0.08591085598485781,1297
cg03166428,0.08590887358414134,1297
cg02051616,0.08590748503626261,1297
cg22573003,0.08590638624176081,1297
cg25514475,0.08590483700700868,1297
cg25890391,0.0859043137229378,1297
cg10471113,0.08590408729774579,1297
cg13763724,0.08590372166086921,1297
cg19532212,0.08590348848800422,1297
cg19103429,0.0859029641804893,1297
cg06629734,0.08590235683285308,1297
cg05335893,0.0859017042927645,1297
cg15135803,0.08590048017853691,1297
cg11323506,0.08589963038454912,1297
cg17753169,0.08589868928202521,1297
cg27016494,0.0858984537240576,1297
cg07078225,0.08589822185425589,1297
cg11337915,0.08589796490853148,1297
cg18358020,0.0858979247189536,1297
cg19803194,0.08589744376426356,1297
cg02971581,0.0858967870642274,1297
cg07122893,0.08589570775527347,1297
cg07327435,0.08589528076313485,1297
cg25735648,0.08589312907911706,1297
cg18445292,0.08589298762142705,1297
cg16011217,0.08589185143667613,1297
cg23206017,0.08589012212696867,1297
cg27295642,0.08589004210029738,1297
cg26666428,0.08588922637057678,1297
cg16296536,0.08588845287131627,1297
cg25383699,0.0858883312466419,1297
cg01882880,0.08588821694495696,1297
cg19990022,0.08588726886712536,1297
cg16362232,0.08588636962620598,1297
cg00776080,0.08588510053896325,1297
cg07756434,0.08588415801792473,1297
cg16198468,0.0858830321235497,1297
cg00241002,0.08588298797084098,1297
cg08936645,0.08588165321498423,1297
cg13354523,0.08588147528190548,1297
cg00702417,0.08588077025165236,1297
cg21764190,0.08588039946652906,1297
cg00759741,0.08587864454866556,1297
cg03826247,0.08587703391433288,1297
cg06639166,0.08587640453929389,1297
cg16459349,0.08587554550881393,1297
cg02179700,0.08587422238437162,1297
cg23883632,0.08587274639889747,1297
cg07670736,0.08587250333214382,1297
cg24301620,0.08587235656584649,1297
cg18456621,0.08587197157960769,1297
cg15334250,0.08587109787367758,1297
cg08309809,0.08586783967045078,1297
cg23061795,0.08586733863586632,1297
cg18593945,0.08586726187192972,1297
cg10840277,0.08586640607509843,1297
cg26263234,0.08586489774980018,1297
cg16262614,0.08586359301899353,1297
cg16306259,0.08586304583076776,1297
cg04066265,0.08586300583867199,1297
cg27363829,0.08586241326002442,1297
cg02387745,0.08585822374358926,1297
cg14134003,0.08585821994648879,1297
cg00630007,0.08585803538132902,1297
cg15234400,0.08585798077157561,1297
cg23491661,0.0858549248319595,1297
cg20851030,0.08585317890724181,1297
cg15401418,0.08585150874675684,1297
cg07539180,0.08585110878640478,1297
cg08485187,0.085848237755629,1297
cg02202061,0.08584795871431958,1297
cg03308652,0.08584782761389576,1297
cg01627475,0.08584705756459066,1297
cg25746092,0.08584670705411673,1297
cg14584815,0.08584646860869499,1297
cg00705992,0.0858453717285711,1297
cg25189681,0.08584494347894578,1297
cg16692653,0.08584486561162324,1297
cg11304846,0.08584456787929684,1297
cg00550493,0.08584291315460252,1297
cg00952054,0.08584274781323148,1297
cg01891966,0.08584230597830789,1297
cg15318957,0.08584213218827841,1297
cg03558688,0.08584013000222601,1297
cg07553195,0.08583953694786545,1297
cg04119738,0.08583646410942164,1297
cg22574675,0.08583483514101953,1297
cg21810004,0.08583382662287103,1297
cg06809074,0.0858326546305635,1297
cg26883161,0.0858320015725838,1297
cg02629737,0.08583199320211657,1297
cg11487526,0.08582920909992153,1297
cg03853743,0.08582882341648312,1297
cg20254225,0.08582747479544856,1297
cg00858840,0.08582638847915944,1297
cg17880320,0.08582539512328549,1297
cg00219169,0.08582534387264279,1297
cg18193094,0.08582478650286332,1297
cg04028481,0.08582438289147098,1297
cg13206932,0.08582433668933037,1297
cg19811683,0.08582302732143748,1297
cg12417955,0.08582293535801278,1297
cg18385570,0.08582265480393167,1297
cg00862408,0.0858210747919762,1297
cg12011343,0.08581898169210433,1297
cg03000585,0.08581651996418188,1297
cg27173965,0.08581609652869931,1297
cg17811845,0.08581609582171718,1297
cg15664442,0.08581601314834231,1297
cg15642035,0.08581439112592937,1297
cg18352935,0.08581384330687497,1297
cg00297282,0.08581378890901092,1297
cg01227537,0.08581291135739441,1297
cg17748769,0.08581258258752406,1297
cg13785127,0.08581208345698543,1297
cg12737392,0.08581052134121842,1297
cg06984255,0.08581021792048948,1297
cg10310168,0.08580949455156836,1297
cg14543508,0.08580802499031484,1297
cg10832239,0.08580685858625775,1297
cg10663765,0.08580557468405897,1297
cg17031543,0.08580546815480022,1297
cg18155883,0.08580546614521728,1297
cg03231860,0.0858051745340973,1297
cg26620356,0.08580446154066146,1297
cg03079771,0.08580412284779793,1297
cg03769734,0.08580226730612805,1297
cg21136104,0.08580151420325743,1297
cg21261709,0.08580091417887814,1297
cg16372048,0.08580089424736709,1297
cg13404688,0.08580048564461634,1297
cg20821170,0.08580045084868643,1297
cg14462553,0.08579988297706032,1297
cg04269043,0.08579982095094896,1297
cg07171527,0.0857998118971954,1297
cg09633240,0.085798887233075,1297
cg20520804,0.08579790207596272,1297
cg21756647,0.08579752822155295,1297
cg09696159,0.08579738688306451,1297
cg09844573,0.08579496369566841,1297
cg27614751,0.08579386301164976,1297
cg08394248,0.08579326710507235,1297
cg04423214,0.08579259583353854,1297
cg02921122,0.08578979136092962,1297
cg04337176,0.08578954647973097,1297
cg04855961,0.08578735947660637,1297
cg16076654,0.08578734999135268,1297
cg08995061,0.08578710256888616,1297
cg06971092,0.08578695189967858,1297
cg01913196,0.08578673076992183,1297
cg07597386,0.08578669287152091,1297
cg15514380,0.08578580298627453,1297
cg09829645,0.08578573414940927,1297
cg06272543,0.08578440063072601,1297
cg03462901,0.08578432643903494,1297
cg19145858,0.0857828503153868,1297
cg25256067,0.08578257514332982,1297
cg15924868,0.08578021924923554,1297
cg24885556,0.08577943629084805,1297
cg01538344,0.08577932690073556,1297
cg21865845,0.08577738476516461,1297
cg24646414,0.08577729173394386,1297
cg11957331,0.08577525393610164,1297
cg09459774,0.08577414957416796,1297
cg10606029,0.08577347844825023,1297
cg10343367,0.08577232573614946,1297
cg01637734,0.08577160387974953,1297
cg17431952,0.08577119305160674,1297
cg06638935,0.08577097042200663,1297
cg20634514,0.08577053336800627,1297
cg07441518,0.08576979169984444,1297
cg11663691,0.0857696988389973,1297
cg11409350,0.08576739215300358,1297
cg21919492,0.08576502420247178,1297
cg05611723,0.08576419838747287,1297
cg04907151,0.08576415550971574,1297
cg11341011,0.08576387025373622,1297
cg05131696,0.08576376724884838,1297
cg05032903,0.08576238872671918,1297
cg23181133,0.08576122814440873,1297
cg11821637,0.0857607437556068,1297
cg25168494,0.0857605521855122,1297
cg13166098,0.0857599586373029,1297
cg25710008,0.08575940815168157,1297
cg14073946,0.0857592275730773,1297
cg05927401,0.08575763581243795,1297
cg02368820,0.08575737459392974,1297
cg11779019,0.0857570739448148,1297
cg05509609,0.08575574264684216,1297
cg19348484,0.08575470102501875,1297
cg01569664,0.08575422773455788,1297
cg17027476,0.08575392682905539,1297
cg02100373,0.08575324031697983,1297
cg24951137,0.08575065408955673,1297
cg24965248,0.0857505133070437,1297
cg08869066,0.08574969899836449,1297
cg05068206,0.08574940568219047,1297
cg00650640,0.08574878738708175,1297
cg17586860,0.08574733720923775,1297
cg24270710,0.08574632110734809,1297
cg00146756,0.08574604951030274,1297
cg12045337,0.08574597287858746,1297
cg04161236,0.08574488643224995,1297
cg03733219,0.0857440889021086,1297
cg21079591,0.08574402540645143,1297
cg22878535,0.0857435681989519,1297
cg20834178,0.08574352124709002,1297
cg01827910,0.08574348480268962,1297
cg05904338,0.085742446787408,1297
cg10158715,0.08574201989409774,1297
cg23404737,0.08574079724045805,1297
cg19290577,0.08573874210347396,1297
cg00569447,0.08573710833102993,1297
cg14495359,0.08573682597903493,1297
cg01561916,0.0857367749521154,1297
cg26104083,0.08573660525800982,1297
cg04298323,0.08573497625421073,1297
cg01542423,0.0857331992836341,1297
cg19922435,0.08573272682512789,1297
cg08594218,0.0857291489268911,1297
cg08270005,0.08572815899630293,1297
cg05918002,0.08572753805421654,1297
cg24833737,0.08572679932314481,1297
cg18145810,0.08572591136078322,1297
cg03656863,0.08572474042512349,1297
cg11212451,0.08572335553247468,1297
cg15963988,0.08572315058844948,1297
cg05892425,0.08571993682625156,1297
cg03400491,0.08571990840109994,1297
cg09687907,0.08571604296432112,1297
cg13536080,0.08571417856069011,1297
cg09703679,0.08571409322814788,1297
cg01576260,0.08571347446517386,1297
cg04135377,0.08571285329039441,1297
cg24006126,0.0857117439635789,1297
cg14397690,0.08571104244249456,1297
cg00243661,0.08571080144778542,1297
cg06623698,0.0857096462200167,1297
cg11630939,0.08570746215980357,1297
cg17342064,0.08570734189335538,1297
cg01925738,0.08570558019973884,1297
cg02182210,0.08570475270837774,1297
cg25896644,0.0857037776924801,1297
cg18443253,0.0857035131377712,1297
cg16742703,0.0857033158151077,1297
cg19904347,0.08570273346246665,1297
cg17980508,0.08570256983109187,1297
cg21382611,0.0857020694343843,1297
cg01867395,0.08570007113657256,1297
cg25236749,0.08570001854691717,1297
cg02036387,0.08569959587862007,1297
cg17280284,0.08569959077757386,1297
cg24970620,0.085697558891976,1297
cg10086659,0.08569694847941231,1297
cg04479464,0.08569593053837701,1297
cg27105634,0.085694857667309,1297
cg12687157,0.08569415780352074,1297
cg26939283,0.08569394178403872,1297
cg08638514,0.08569376194963779,1297
cg05904716,0.08569273947572426,1297
cg06838584,0.08569236109119815,1297
cg08289700,0.08569217564264847,1297
cg26133399,0.08569208530105493,1297
cg01148781,0.08569198760214708,1297
cg13930811,0.08569090587274392,1297
cg01765111,0.08569054678188756,1297
cg27382568,0.08569036849939181,1297
cg15582506,0.08568992982676832,1297
cg09096031,0.08568969917444341,1297
cg19539568,0.085688170060782,1297
cg08622401,0.08568735885617795,1297
cg09730302,0.08568717241727439,1297
cg04812644,0.08568591847320339,1297
cg23330668,0.08568559411257892,1297
cg21564128,0.08568492030150443,1297
cg04667538,0.08568436111845229,1297
cg09638944,0.08568423098037498,1297
cg03718183,0.08568259814829929,1297
cg03388786,0.08568092757874661,1297
cg08213689,0.08568087860414036,1297
cg26382551,0.08568043380062046,1297
cg19721802,0.0856799410493907,1297
cg08090407,0.08567877169830201,1297
cg15951661,0.08567794825915648,1297
cg16649791,0.0856771553085573,1297
cg21500909,0.08567697871927377,1297
cg19848641,0.08567665168152089,1297
cg20430841,0.08567615706797993,1297
cg01939443,0.08567599268824921,1297
cg10636896,0.08567548074365627,1297
cg00729708,0.08567544590496318,1297
cg13479204,0.08567534336136656,1297
cg15946268,0.08567520071760398,1297
cg08498833,0.08567442212778933,1297
cg16638092,0.08567421330568714,1297
cg20402783,0.08567372593280717,1297
cg05691004,0.08567363643509107,1297
cg12931171,0.08567308293104414,1297
cg17766651,0.08567266467811757,1297
cg24831051,0.08567135143472526,1297
cg13342634,0.0856712496387354,1297
cg02101571,0.08567029148793254,1297
cg17481703,0.08566967538370374,1297
cg13398482,0.08566808784309593,1297
cg09702315,0.08566795226010965,1297
cg17529716,0.08566642693847998,1297
cg16831361,0.08566611407168204,1297
cg18182844,0.08566341606258468,1297
cg13351249,0.0856629481258614,1297
cg14632030,0.085662466142742,1297
cg22985016,0.08566211330676554,1297
cg11114503,0.08566139713819174,1297
cg12064372,0.08565851178148846,1297
cg13925809,0.08565833010694429,1297
cg15617853,0.08565799166490817,1297
cg20477546,0.08565764132863513,1297
cg17590101,0.085657496321701,1297
cg09262171,0.08565702975886477,1297
cg10456121,0.08565461645768738,1297
cg23067085,0.08565321448311078,1297
cg16146718,0.08565266730414078,1297
cg18456523,0.0856513569464616,1297
cg18972751,0.08565041373027205,1297
cg07664029,0.08564909990779235,1297
cg26280713,0.08564863756419054,1297
cg24641276,0.08564821243483317,1297
cg17465304,0.08564802639974545,1297
cg22657475,0.08564792598537857,1297
cg14631114,0.08564542656177321,1297
cg11205072,0.08564408632407947,1297
cg14446712,0.08564402245100393,1297
cg22418103,0.08564321646288722,1297
cg06442199,0.08564275234362012,1297
cg05861512,0.08564020353216376,1297
cg02452310,0.08563814258794272,1297
cg02567289,0.08563803817678967,1297
cg20342432,0.08563756584138393,1297
cg15360451,0.08563739839965129,1297
cg13922901,0.08563654016905234,1297
cg14186187,0.0856353266193226,1297
cg04358214,0.08563466046067916,1297
cg22276811,0.0856342249122663,1297
cg11535506,0.08563352792046397,1297
cg19047068,0.08563244336555048,1297
cg16510548,0.08562942737441728,1297
cg03676636,0.08562843334066828,1297
cg24935217,0.0856275670708212,1297
cg06499647,0.08562686616326041,1297
cg20234910,0.08562647767077586,1297
cg25174412,0.08562551950138052,1297
cg08498747,0.08562353988003302,1297
cg08208133,0.08562344822122805,1297
cg14894216,0.08562329003338487,1297
cg14664316,0.08561989852430288,1297
cg16692227,0.0856193911380882,1297
cg16626954,0.08561766643376428,1297
cg12974637,0.08561751173355903,1297
cg06393830,0.0856160861754558,1297
cg26801037,0.08561552016275353,1297
cg18281939,0.0856155084367779,1297
cg19277516,0.0856153543455131,1297
cg21903286,0.08561446151485341,1297
cg03330490,0.08561426749512152,1297
cg10021276,0.08561416819823464,1297
cg25819026,0.08561415474587775,1297
cg19448644,0.08561362198567435,1297
cg04674568,0.08561341775551501,1297
cg01864178,0.08561234172910465,1297
cg16362181,0.08561222005230648,1297
cg08539965,0.08561099167784933,1297
cg16524733,0.0856104430621068,1297
cg21845633,0.08561017161172252,1297
cg03829739,0.08560839368939499,1297
cg22445742,0.0856077406390705,1297
cg12924430,0.08560715195262764,1297
cg20825022,0.08560596881909602,1297
cg03689403,0.08560596088061462,1297
cg16330195,0.08560548528466033,1297
cg25170017,0.08560292197326594,1297
cg23900203,0.08560280025544967,1297
cg14156751,0.08560246472773253,1297
cg25686087,0.08560216692139816,1297
cg17635970,0.08560061325857943,1297
cg10190509,0.08559975981060464,1297
cg07494259,0.08559968165444942,1297
cg05604800,0.08559903203660885,1297
cg04741880,0.08559865764377661,1297
cg00742465,0.08559823498741026,1297
cg17450733,0.08559716347460178,1297
cg09652086,0.0855961670017607,1297
cg01609836,0.08559445648965863,1297
cg26369614,0.08559182132995452,1297
cg24966958,0.0855908262010131,1297
cg11801524,0.08559003042867303,1297
cg14736911,0.08558837064218897,1297
cg08212266,0.0855874680730409,1297
cg10861599,0.08558500766052374,1297
cg08204402,0.08558433497293622,1297
cg17348791,0.08558354055740902,1297
cg23663476,0.08558265359087225,1297
cg14498722,0.08558081519457644,1297
cg10818676,0.08558042981463815,1297
cg01055462,0.08558013505619899,1297
cg16728651,0.08557884825179818,1297
cg04729004,0.08557878322509493,1297
cg25146100,0.08557639987625204,1297
cg11663667,0.0855760410009831,1297
cg12873919,0.08557504193039733,1297
cg00021242,0.08557497019799498,1297
cg23402541,0.08557478237208349,1297
cg25285646,0.0855727150775975,1297
cg20480826,0.08557205252570826,1297
cg14599729,0.08557164209781865,1297
cg24384051,0.0855694114983993,1297
cg17143168,0.08556930485975839,1297
cg15545772,0.08556828193883917,1297
cg01907761,0.08556811500043193,1297
cg07289306,0.08556517833008116,1297
cg05155840,0.08556476761798537,1297
cg08981702,0.08556452566902634,1297
cg11754828,0.08556324743789132,1297
cg21293562,0.08556155381583117,1297
cg10451078,0.08556147569738988,1297
cg21931419,0.0855614211981027,1297
cg07000713,0.08556126858957197,1297
cg15180617,0.08556116158771734,1297
cg06100240,0.08556110320612043,1297
cg24297835,0.08556081349948336,1297
cg10465696,0.08556036170777193,1297
cg18950952,0.0855601854166024,1297
cg25968247,0.08555965758736725,1297
cg01546047,0.08555874561513227,1297
cg03131729,0.08555682047904167,1297
cg04999691,0.08555146344699338,1297
cg23644589,0.0855500339036972,1297
cg01593385,0.08554987355941884,1297
cg20944157,0.08554980681052071,1297
cg05794556,0.08554901366908507,1297
cg02008285,0.08554699728874213,1297
cg01663018,0.08554677271633446,1297
cg13577556,0.08554574684651975,1297
cg00992850,0.08554391840056041,1297
cg16957940,0.08554369577052007,1297
cg19445684,0.0855433387832143,1297
cg21476599,0.08554283577623456,1297
cg14503636,0.08554116551343338,1297
cg14825593,0.0855406868475076,1297
cg03883331,0.08553920314182833,1297
cg17903316,0.08553813093053686,1297
cg17978631,0.0855372760546742,1297
cg14044216,0.085536878187502,1297
cg14074573,0.08553637610658374,1297
cg00177388,0.0855356373789875,1297
cg00028211,0.08553382463355741,1297
cg01524278,0.08553297171695343,1297
cg26895622,0.08553269775404793,1297
cg00510320,0.08553220742890838,1297
cg16468389,0.08553089103059142,1297
cg06951565,0.08553066081074429,1297
cg06545761,0.0855304833452159,1297
cg10040162,0.08553038115741063,1297
cg01660346,0.08552938541416788,1297
cg23216015,0.08552801215231937,1297
cg15671450,0.08552698696766736,1297
cg17325318,0.08552630694927163,1297
cg01668008,0.08552448830956616,1297
cg00036011,0.08552377239126308,1297
cg14343548,0.08552188449595693,1297
cg27128011,0.08552125935818644,1297
cg20002504,0.08552083985070918,1297
cg14577373,0.08551991602124293,1297
cg06007966,0.08551959592797413,1297
cg10768734,0.08551675910533871,1297
cg05197667,0.08551636912143074,1297
cg00070383,0.08551634819250409,1297
cg07633317,0.08551599816888002,1297
cg04018325,0.0855152612510495,1297
cg13112154,0.0855124553515457,1297
cg26566121,0.08551156433036428,1297
cg08818829,0.08551142903631292,1297
cg06889971,0.08551132820490459,1297
cg00009196,0.08551052294999745,1297
cg06531870,0.08550907344803993,1297
cg26404422,0.08550798894655634,1297
cg27200257,0.08550630253360342,1297
cg24655706,0.08550583901510173,1297
cg14302130,0.08550575283054712,1297
cg09095221,0.08550327810559602,1297
cg11857805,0.08550304211252535,1297
cg26175846,0.08550190308079125,1297
cg11270017,0.08550065009708496,1297
cg18127481,0.08550054641824878,1297
cg15200418,0.08549902560841288,1297
cg06159353,0.08549893242753753,1297
cg25053018,0.0854975834761012,1297
cg03630736,0.08549754736042153,1297
cg09885664,0.08549686947007612,1297
cg00171942,0.08549652429536464,1297
cg26758986,0.08549614099459193,1297
cg09742177,0.08549587600358333,1297
cg03174933,0.08549585863299863,1297
cg03343128,0.08549523618794608,1297
cg04284319,0.08549507553208496,1297
cg22968167,0.08549424781836806,1297
cg02313013,0.08549417613507251,1297
cg22783363,0.08549159027866511,1297
cg05648914,0.08549071455711946,1297
cg27149471,0.08548803563923624,1297
cg12140144,0.08548778773554438,1297
cg14714222,0.08548750688268231,1297
cg06779802,0.08548709717202374,1297
cg26150142,0.08548664198866218,1297
cg02709032,0.08548632948673907,1297
cg00034336,0.0854856733311713,1297
cg02164225,0.0854854544865572,1297
cg14931071,0.08548428336522584,1297
cg26439324,0.0854835073937583,1297
cg03129964,0.08548077532392394,1297
cg18165065,0.08547895019679769,1297
cg26429783,0.08547710747771159,1297
cg21854348,0.08547691115731887,1297
cg10363661,0.08547666180982263,1297
cg05266786,0.08547497640653504,1297
cg15286206,0.08547348794720427,1297
cg08803500,0.08547271416599204,1297
cg06894134,0.08547239068665291,1297
cg03088219,0.08547113303958503,1297
cg06875255,0.08547091495903947,1297
cg26383138,0.08547041035131075,1297
cg23970275,0.08546993669786448,1297
cg04747619,0.08546981101544104,1297
cg27137258,0.0854689529629942,1297
cg24283049,0.08546745470090378,1297
cg05988964,0.0854660420066688,1297
cg21057323,0.0854659326175034,1297
cg19166302,0.08546492985948775,1297
cg13166942,0.08546447018353442,1297
cg13707005,0.08546349540577047,1297
cg09486778,0.0854626003149574,1297
cg00509108,0.08546223625484417,1297
cg08719515,0.08546095863224223,1297
cg02621151,0.08546062873932728,1297
cg17063780,0.08545989337228704,1297
cg09407650,0.08545933154647051,1297
cg04558553,0.08545897176435369,1297
cg25765315,0.08545843028910705,1297
cg07673866,0.08545839637328831,1297
cg21880476,0.08545826633783132,1297
cg26011222,0.08545816567716752,1297
cg09785991,0.08545720954200164,1297
cg09820729,0.08545520290835881,1297
cg04026887,0.08545249052540888,1297
cg10040116,0.0854524116793583,1297
cg08792260,0.08545228775258049,1297
cg26784106,0.08545014105135429,1297
cg06802630,0.085449477928981,1297
cg00685622,0.08544863945666703,1297
cg10205038,0.08544784302856576,1297
cg24496475,0.08544725754998317,1297
cg25247520,0.08544444399293322,1297
cg26035071,0.08544405664839028,1297
cg22827864,0.08544362421730545,1297
cg10629004,0.08544338529763695,1297
cg09919570,0.08544293186732171,1297
cg21614303,0.08544285727986317,1297
cg27544046,0.08544274754204079,1297
cg23601905,0.08544182910409714,1297
cg22120095,0.08544128598940698,1297
cg02328545,0.08544053492310438,1297
cg01287975,0.08543903983573162,1297
cg15352562,0.08543792345442297,1297
cg19324118,0.08543642387978545,1297
cg00110832,0.08543631468970314,1297
cg08817483,0.08543630791001047,1297
cg24162270,0.08543497943196154,1297
cg03953506,0.08543497202875339,1297
cg24309769,0.08543474063258441,1297
cg18005828,0.085433473711027,1297
cg25286482,0.08543268903651352,1297
cg14915316,0.0854326560347981,1297
cg17516825,0.0854325923896681,1297
cg05937603,0.08543215809433585,1297
cg09033333,0.08543182663909302,1297
cg10222549,0.08543073717109678,1297
cg03061682,0.08543054505018668,1297
cg24876164,0.08543053929510241,1297
cg14015656,0.0854304768665296,1297
cg03442378,0.0854304531390181,1297
cg06339090,0.08543043267290043,1297
cg02050847,0.08543039840306199,1297
cg17536595,0.08543015755410709,1297
cg06442489,0.08542649187959972,1297
cg07658040,0.08542570927387472,1297
cg06883126,0.08542547672644213,1297
cg12421755,0.08542546053657865,1297
cg04478428,0.08542369810393019,1297
cg10218759,0.08542248929938137,1297
cg17699047,0.08542243077554246,1297
cg18481230,0.08542236582960935,1297
cg22621652,0.08542136758980445,1297
cg18789887,0.08542046009454272,1297
cg00828709,0.085419344483668,1297
cg26009797,0.08541817387898759,1297
cg22338152,0.08541799740672973,1297
cg04761722,0.08541761045126026,1297
cg17683110,0.08541606626745052,1297
cg00168032,0.08541390971873214,1297
cg20679011,0.08541268335225938,1297
cg18675847,0.08541256334081893,1297
cg23292965,0.08541130843667741,1297
cg26992600,0.08541067780023046,1297
cg25548350,0.08541014585960999,1297
cg05928873,0.08540985908808407,1297
cg10606698,0.08540973057535624,1297
cg15530916,0.08540917208606463,1297
cg26987660,0.08540909583049494,1297
cg00893875,0.08540770818975613,1297
cg18207999,0.08540770054709881,1297
cg24719366,0.08540666969931254,1297
cg16792234,0.08540546430940485,1297
cg03752935,0.08540459269300626,1297
cg16778274,0.08540415032298013,1297
cg12925682,0.08540327950122417,1297
cg27425612,0.08540268057733841,1297
cg07600533,0.08540216116270974,1297
cg16359657,0.08540096135165216,1297
cg22462010,0.08539895577154398,1297
cg14646039,0.08539845865327497,1297
cg01548300,0.08539842680273307,1297
cg14556425,0.08539768772646811,1297
cg26055950,0.08539753397889208,1297
cg23533419,0.08539738873043479,1297
cg20300776,0.08539707389056667,1297
cg06726490,0.08539506286619092,1297
cg15680624,0.08539483754671275,1297
cg22405653,0.08539473268265474,1297
cg01527307,0.08539463747638798,1297
cg05681981,0.08539288138511641,1297
cg21249371,0.08539286590698672,1297
cg23253428,0.08539251116288321,1297
cg13037275,0.08539170988366432,1297
cg22814961,0.08539149116322968,1297
cg13679778,0.08539143690775503,1297
cg02997497,0.08539084373049272,1297
cg18361425,0.08538998131254494,1297
cg18805066,0.08538988664307812,1297
cg14632906,0.0853895279718685,1297
cg04308185,0.08538903594244224,1297
cg13667243,0.08538851871562819,1297
cg09370867,0.08538842698952381,1297
cg13279083,0.08538810465169437,1297
cg24138422,0.08538702840584655,1297
cg04311510,0.08538602770396625,1297
cg07584894,0.08538579891733417,1297
cg16700924,0.08538483973146276,1297
cg26797898,0.08538219512927331,1297
cg17119907,0.08538070787913765,1297
cg14981253,0.08538029055390267,1297
cg19364276,0.08538020164851662,1297
cg13166875,0.08537993752693421,1297
cg14552947,0.08537973293275727,1297
cg19882315,0.08537928937830563,1297
cg08890690,0.08537914780920253,1297
cg05636047,0.08537844020319185,1297
cg04145681,0.08537806944053278,1297
cg09112081,0.08537780610577039,1297
cg08855449,0.08537770069450434,1297
cg18883209,0.08537765138691034,1297
cg18992570,0.08537283968041975,1297
cg25399309,0.0853719630917181,1297
cg05807849,0.08537103628189924,1297
cg10784386,0.08536967192190666,1297
cg00122628,0.08536919501649087,1297
cg18034577,0.0853673454190948,1297
cg05361366,0.08536642485836804,1297
cg02948944,0.08536635217909552,1297
cg11375458,0.085365367751779,1297
cg15815970,0.08536530037085721,1297
cg27483571,0.08536501917416145,1297
cg08640252,0.08536357337935356,1297
cg26314399,0.08536301282684089,1297
cg11666770,0.08536185996283632,1297
cg02501166,0.08536161332832409,1297
cg11117878,0.08536133384536336,1297
cg13847966,0.08535990979460722,1297
cg06681396,0.0853590423561284,1297
cg21880392,0.085359041178236,1297
cg20928945,0.0853570210653346,1297
cg19480274,0.08535678881157577,1297
cg17320378,0.08535617862303654,1297
cg09299053,0.08535500478739733,1297
cg01449715,0.08535495911502922,1297
cg20886017,0.0853540557978213,1297
cg17239923,0.08535287139029227,1297
cg06249753,0.08535201473327098,1297
cg08136772,0.08535123833176332,1297
cg11382963,0.08534974094205001,1297
cg27545367,0.08534862125588552,1297
cg12328660,0.08534846171575439,1297
cg14474150,0.0853480822108229,1297
cg05301500,0.08534746009785599,1297
cg04994217,0.08534678462896877,1297
cg22990129,0.08534533157217755,1297
cg25573640,0.0853440862900926,1297
cg22039357,0.08534055141976124,1297
cg05364038,0.08534035092439843,1297
cg02416536,0.08533820847984408,1297
cg08717751,0.08533814541547738,1297
cg18521743,0.08533730339233299,1297
cg03494634,0.0853366517264908,1297
cg18516854,0.08533619335088133,1297
cg04123498,0.08533478489927387,1297
cg01527486,0.08533473185149892,1297
cg19666600,0.08533413233323456,1297
cg24822529,0.08533410764736782,1297
cg22048348,0.08533351782157766,1297
cg17918488,0.08533341279603845,1297
cg08605965,0.08533126085024512,1297
cg17744883,0.08533084940795799,1297
cg25217583,0.08532977045680765,1297
cg26105649,0.08532970648173016,1297
cg07546334,0.08532819438028405,1297
cg14479798,0.0853271149227019,1297
cg17557464,0.08532613975109077,1297
cg16861031,0.08532527846755572,1297
cg03086235,0.08532445042250744,1297
cg23193059,0.08532444160395514,1297
cg10334509,0.08532311595780045,1297
cg06337342,0.08532292478553227,1297
cg01184282,0.0853212013968252,1297
cg06495631,0.08532035138019439,1297
cg22509138,0.0853199698802164,1297
cg19193136,0.08531832263347522,1297
cg08882389,0.08531800863141895,1297
cg12058875,0.08531784883884724,1297
cg21881253,0.08531743952279996,1297
cg08109815,0.08531630515047225,1297
cg03121419,0.08531610152233354,1297
cg20741040,0.08531566310664951,1297
cg18810542,0.0853154247817729,1297
cg12996100,0.08531390468634037,1297
cg27373845,0.08531327322085763,1297
cg06996254,0.08531091521675394,1297
cg02637537,0.08530871565357911,1297
cg01221209,0.0853086136833982,1297
cg10761315,0.08530697395878578,1297
cg07971007,0.08530672823422575,1297
cg24582743,0.08530558393955881,1297
cg06401414,0.08530534095850983,1297
cg13396821,0.08530466915032792,1297
cg24153813,0.08530191147190092,1297
cg12727138,0.08530140819055632,1297
cg09672448,0.0852975422351715,1297
cg24828648,0.08529702964999264,1297
cg06430029,0.08529690393952061,1297
cg20969151,0.08529621479614452,1297
cg19901523,0.08529563417502842,1297
cg11399319,0.08529561647253098,1297
cg11085454,0.08529374246525007,1297
cg00787290,0.08529303917946851,1297
cg21001412,0.08529258908201759,1297
cg19127138,0.08529250219328552,1297
cg03312958,0.08529149117712753,1297
cg20653009,0.08529106693340882,1297
cg06824394,0.08529106259997649,1297
cg07387286,0.08529019813777583,1297
cg23367107,0.08528735425885749,1297
cg03465049,0.08528697091283455,1297
cg21367907,0.08528674061774705,1297
cg11992783,0.0852862557183457,1297
cg21404063,0.08528505637128989,1297
cg14605520,0.0852836524665247,1297
cg22047552,0.08528364796832028,1297
cg12451099,0.08528225350172086,1297
cg22352772,0.08528133332916515,1297
cg18674980,0.08527907750091163,1297
cg01883540,0.08527754051232511,1297
cg00090787,0.08527753938280902,1297
cg23575349,0.08527705075842079,1297
cg08041350,0.08527699293673935,1297
cg04438395,0.08527502590551533,1297
cg08394018,0.08527314071329839,1297
cg09901951,0.08527239850443649,1297
cg24366429,0.08527213796579575,1297
cg19310340,0.0852716650846917,1297
cg11985321,0.08527142042971925,1297
cg02852407,0.08527115288084591,1297
cg26155674,0.08526956746351938,1297
cg19340390,0.08526899520228975,1297
cg12569246,0.08526832806238697,1297
cg27052455,0.08526765844461176,1297
cg18737081,0.08526743331793052,1297
cg20214004,0.08526594385583047,1297
cg14537533,0.08526574292482877,1297
cg19837601,0.08526546570947399,1297
cg11161846,0.08526529998207555,1297
cg17504145,0.08526430739212187,1297
cg06537894,0.08526420920683359,1297
cg04175027,0.08526350766108381,1297
cg18862260,0.08526331578559004,1297
cg22587758,0.08526320423689282,1297
cg16673446,0.08526318660418164,1297
cg11679871,0.08526215057909056,1297
cg25328413,0.08526211699602909,1297
cg19274612,0.08525972849274288,1297
cg11220502,0.0852584001840048,1297
cg13436155,0.08525716316114348,1297
cg24794992,0.08525665959392198,1297
cg26728517,0.08525496250826885,1297
cg10288278,0.08525433100915841,1297
cg17426192,0.0852540414046993,1297
cg06335372,0.08525364585975248,1297
cg24392577,0.08524976933879344,1297
cg23304605,0.0852496738932304,1297
cg25896901,0.08524786703036635,1297
cg25416149,0.08524640425542312,1297
cg04845649,0.08524536958646275,1297
cg14422932,0.08524465895903838,1297
cg05780864,0.08524436450477024,1297
cg09508496,0.08524400782904806,1297
cg14143580,0.08524223169049772,1297
cg09721144,0.08524108879156408,1297
cg21358336,0.08523948377997198,1297
cg12307484,0.08523879719257671,1297
cg14256268,0.08523755978754458,1297
cg13067635,0.0852361787048665,1297
cg03383886,0.08523566111806014,1297
cg09217350,0.08523432880379911,1297
cg05548945,0.08523344926094972,1297
cg13393433,0.08523327129170916,1297
cg08393822,0.08523322693426516,1297
cg25715134,0.08523304229909046,1297
cg15391116,0.08523074282663912,1297
cg14718363,0.08523031982217374,1297
cg08397344,0.08522898221483524,1297
cg22282280,0.0852288941404562,1297
cg11750883,0.08522869737056976,1297
cg07355763,0.08522818927963072,1297
cg17139085,0.08522780526699633,1297
cg02854396,0.0852273709591923,1297
cg14509761,0.08522293904396222,1297
cg13019491,0.08522258973793491,1297
cg04166544,0.08522111982480354,1297
cg24524285,0.0852190116159617,1297
cg23753351,0.08521877826377783,1297
cg11930554,0.08521874548762809,1297
cg01167556,0.08521629755383753,1297
cg00705280,0.08521584922662193,1297
cg11377213,0.08521515292512277,1297
cg09046370,0.08521510010223235,1297
cg19039313,0.08521427980115365,1297
cg21544415,0.08521410899943727,1297
cg03783575,0.08521397142693721,1297
cg18118685,0.08521288934140775,1297
cg17218466,0.08521212347682455,1297
cg24663419,0.0852113103384447,1297
cg16472050,0.08521002837543568,1297
cg26842815,0.08520997013686732,1297
cg07896438,0.08520963190007633,1297
cg13491317,0.08520642645194337,1297
cg15935770,0.08520538725792767,1297
cg02291365,0.08520485232781821,1297
cg10919889,0.08520253700575053,1297
cg01433654,0.08520249063210186,1297
cg20091297,0.08520104213541203,1297
cg23406451,0.08519997396340495,1297
cg01359236,0.0851996552164164,1297
cg04904609,0.08519958975777503,1297
cg08753403,0.0851987666551342,1297
cg25657218,0.08519794236408806,1297
cg22794983,0.08519776031751009,1297
cg01012445,0.0851977455033226,1297
cg24338833,0.08519726507803735,1297
cg21171858,0.08519678070870995,1297
cg11702896,0.08519623670311927,1297
cg13447099,0.08519593356207122,1297
cg09778357,0.0851952353372698,1297
cg03123104,0.08519499986134327,1297
cg03365751,0.08519313074610399,1297
cg04781532,0.08519262609973055,1297
cg09687738,0.08519197962740471,1297
cg14506192,0.08519120373821826,1297
cg01094309,0.08519106119328396,1297
cg15126179,0.08518853378004498,1297
cg14610335,0.08518788308330699,1297
cg11416605,0.08518769223703596,1297
cg26337841,0.08518725228247315,1297
cg07785717,0.08518633590719099,1297
cg19961151,0.08518604204579255,1297
cg04776357,0.0851851223589955,1297
cg26068911,0.08518471731894245,1297
cg11748354,0.08518414326696466,1297
cg17759224,0.0851840277812524,1297
cg17113856,0.08518322378762389,1297
cg04906879,0.08518304641164977,1297
cg20640374,0.08518008602925431,1297
cg24963077,0.08517994065914997,1297
cg13470125,0.0851796832339555,1297
cg04574034,0.08517961352629569,1297
cg21639436,0.08517907615096898,1297
cg05062510,0.08517897735641211,1297
cg16627911,0.08517789678761112,1297
cg13293535,0.08517706561939886,1297
cg25607216,0.08517623904598459,1297
cg14605874,0.08517462680426963,1297
cg23019889,0.08517327268243821,1297
cg18816426,0.0851728021082852,1297
cg13957126,0.08517131195666217,1297
cg03769939,0.08516964272565636,1297
cg06997767,0.08516835143139362,1297
cg06853894,0.08516828710277513,1297
cg16141740,0.08516823217552719,1297
cg18958693,0.085167499172777,1297
cg26534812,0.08516725662221811,1297
cg02309752,0.08516688172024339,1297
cg18181196,0.08516657464698262,1297
cg19876672,0.08516606740904059,1297
cg01471232,0.08516590673592328,1297
cg00584450,0.08516468846423259,1297
cg19879075,0.08516426108285712,1297
cg14227325,0.08516322487475053,1297
cg10706013,0.0851627704481738,1297
cg16713262,0.08516232415684734,1297
cg24527008,0.08516199047526235,1297
cg15383276,0.08516057666270832,1297
cg14006800,0.08516053980339452,1297
cg01532436,0.0851601124678245,1297
cg14535138,0.08515977603070085,1297
cg17920820,0.08515675526900968,1297
cg10072237,0.08515584714376956,1297
cg03502791,0.08515334367373154,1297
cg01573321,0.08515088608377619,1297
cg01927921,0.08515026354478894,1297
cg17254383,0.08514801233227492,1297
cg00510539,0.0851479383080605,1297
cg27125631,0.08514766056406234,1297
cg18076842,0.08514324736399809,1297
cg07682547,0.08514139166038935,1297
cg02833127,0.08514077536475487,1297
cg13519373,0.0851397919489042,1297
cg05372828,0.0851388369737544,1297
cg01426558,0.08513831744197808,1297
cg01337391,0.08513821896479384,1297
cg08169020,0.08513684187508092,1297
cg00265863,0.08513651557673314,1297
cg10270430,0.08513600787039993,1297
cg21440645,0.08513565643114773,1297
cg15059851,0.08513462024525745,1297
cg26246074,0.08513446159861227,1297
cg10024484,0.08513441721824205,1297
cg06979386,0.0851342844669456,1297
cg11238542,0.08513387056113034,1297
cg23404248,0.08513314762968371,1297
cg01473187,0.0851328592867506,1297
cg15235798,0.08513179044648211,1297
cg20884887,0.08513064611779224,1297
cg11833968,0.08512940916807142,1297
cg26303613,0.08512833857224206,1297
cg22093306,0.08512783880994793,1297
cg01670876,0.085125052445682,1297
cg16548911,0.08512473900745493,1297
cg00083616,0.08512423612705478,1297
cg14669379,0.0851240316524785,1297
cg06317507,0.08512374319525431,1297
cg06772717,0.08512334569723526,1297
cg01274753,0.08512311067150391,1297
cg14054842,0.08512168309517743,1297
cg27663936,0.08512158200313308,1297
cg00210249,0.08512129072505603,1297
cg12124767,0.08512122269365058,1297
cg04566037,0.08511881631041096,1297
cg03428503,0.08511624304954335,1297
cg14969646,0.08511443843754796,1297
cg02893619,0.08511397933854636,1297
cg04012535,0.08511360066966389,1297
cg07454595,0.0851134199670805,1297
cg01881971,0.08511249401666532,1297
cg24482314,0.0851119315677003,1297
cg17814175,0.08511076839335649,1297
cg20838818,0.08510924721570756,1297
cg27258696,0.08510863528014762,1297
cg25426807,0.08510830596151964,1297
cg05946694,0.08510812695391407,1297
cg14755690,0.08510812015868446,1297
cg13741394,0.08510763834605939,1297
cg22962982,0.08510734490684499,1297
cg03098629,0.08510653836788556,1297
cg14686645,0.08510633280458263,1297
cg23984446,0.08510587278394072,1297
cg20257553,0.08510392026027441,1297
cg24804145,0.08510346499057544,1297
cg12210914,0.08510343555616035,1297
cg07647717,0.08510132134205034,1297
cg08854266,0.08510076792227361,1297
cg21890551,0.08510022084697864,1297
cg06869039,0.08509845369553837,1297
cg14950134,0.08509780646499843,1297
cg19251656,0.0850972084262899,1297
cg03811319,0.08509448809581463,1297
cg18430044,0.0850940549516509,1297
cg00153707,0.08509365148537901,1297
cg24965356,0.0850934443408285,1297
cg13858611,0.08509300485881138,1297
cg10504573,0.08509235898141779,1297
cg18423626,0.08509235865793513,1297
cg23781310,0.08509151426636519,1297
cg00027637,0.08509127872432226,1297
cg04012053,0.08508778820600721,1297
cg13320585,0.08508719895780004,1297
cg20040364,0.08508690510629702,1297
cg11291003,0.0850851773844773,1297
cg23417523,0.08508469067792362,1297
cg04513006,0.0850845679895309,1297
cg23325413,0.0850842050057054,1297
cg04887807,0.08508387184922805,1297
cg05973305,0.08508313428579739,1297
cg05528899,0.0850831274780276,1297
cg03369247,0.08508275236948376,1297
cg11713619,0.08508231436522332,1297
cg09123760,0.08508195029114674,1297
cg19048950,0.0850814449705655,1297
cg03899412,0.08508141234112959,1297
cg02283735,0.08508003578237977,1297
cg07211292,0.08507987551861612,1297
cg08493294,0.08507926820274328,1297
cg18304696,0.08507904858171841,1297
cg03049691,0.08507773028405656,1297
cg10184431,0.08507745291455293,1297
cg03219658,0.08507723314705551,1297
cg22934939,0.08507637716210739,1297
cg12317414,0.08507602067598855,1297
cg00695177,0.0850741534049354,1297
cg16069079,0.0850738473880639,1297
cg19725903,0.08507381000476485,1297
cg15244965,0.08507322758537567,1297
cg14243817,0.0850731822738125,1297
cg12764532,0.08507156439503558,1297
cg03038520,0.08507106653026403,1297
cg01468579,0.08506958647755805,1297
cg03311134,0.08506950432044413,1297
cg22777433,0.0850670299413975,1297
cg23708763,0.08506416457326077,1297
cg08850264,0.08506403295361864,1297
cg25367912,0.0850617464942599,1297
cg08390877,0.08505971398862006,1297
cg14194263,0.08505750336655574,1297
cg06881898,0.08505581935389281,1297
cg18448949,0.08505340619501395,1297
cg14705695,0.08505257930531712,1297
cg24450112,0.08505224147728169,1297
cg25903497,0.08505142009358174,1297
cg03555881,0.0850514016735287,1297
cg14123034,0.08505135451961804,1297
cg21733531,0.08505084474071267,1297
cg18516557,0.0850501485178216,1297
cg19470290,0.08505000200753005,1297
cg16084133,0.08504989665741874,1297
cg07817739,0.08504967761785287,1297
cg05647567,0.08504953162720602,1297
cg08932256,0.08504572463123461,1297
cg14005025,0.08504500636453102,1297
cg09283548,0.08504405837781445,1297
cg13134916,0.0850422733834802,1297
cg01625222,0.08504170998125479,1297
cg07570498,0.08504096552255268,1297
cg14655569,0.08504088164276657,1297
cg14241748,0.08504060444838465,1297
cg21950155,0.08503994734661666,1297
cg00335715,0.08503976329428058,1297
cg19774425,0.08503965745020009,1297
cg00534215,0.08503854903801666,1297
cg01970427,0.08503759737767902,1297
cg02657828,0.08503666681336036,1297
cg04720794,0.0850356493910499,1297
cg09355008,0.08503519321096897,1297
cg27182133,0.08503515798233563,1297
cg09973284,0.08503502140023526,1297
cg08950364,0.08503333042058886,1297
cg10557907,0.08503306500163443,1297
cg21605283,0.08503274272443578,1297
cg01612158,0.08503259424827897,1297
cg01072388,0.08503254608337887,1297
cg06921176,0.08503192101345322,1297
cg25851651,0.08503185369508887,1297
cg08777992,0.08503110375226769,1297
cg13408605,0.08503059617037004,1297
cg06629999,0.08502948702508106,1297
cg22288316,0.08502877718163981,1297
cg12710648,0.08502853059443038,1297
cg08460041,0.08502633874011244,1297
cg05712748,0.0850250552137739,1297
cg05623815,0.08502423503645082,1297
cg00949980,0.08502411915860336,1297
cg20383637,0.08502338294126066,1297
cg26014538,0.08502296949227904,1297
cg01188578,0.08502188971598566,1297
cg12196570,0.08502160740059589,1297
cg02104138,0.0850212900239426,1297
cg03147324,0.08502128819155025,1297
cg11713658,0.08502076993406932,1297
cg24340898,0.08501968993192474,1297
cg18527241,0.08501903422876325,1297
cg17261708,0.08501568534751656,1297
cg12262378,0.08501558002406712,1297
cg00278392,0.08501497471462122,1297
cg02216535,0.08501342865591954,1297
cg00231504,0.08501292405521879,1297
cg08951271,0.08501269915044835,1297
cg07084627,0.08501169650453565,1297
cg22031873,0.08501148327862079,1297
cg24202381,0.08501042532857603,1297
cg08048194,0.085007326932582,1297
cg17842821,0.08500583381267243,1297
cg04264433,0.08500442507777903,1297
cg19157853,0.08500312534808233,1297
cg02103843,0.0850027425183329,1297
cg09175734,0.08500196463362647,1297
cg25626234,0.08500192309365728,1297
cg09760963,0.08500185917223729,1297
cg15128638,0.08500093512981802,1297
cg10382945,0.08500086775291088,1297
cg22907985,0.0850008592315396,1297
cg01883777,0.08500078648003741,1297
cg03678146,0.08500073164847025,1297
cg12162138,0.0850003521526937,1297
cg14020320,0.08499991594345335,1297
cg16625109,0.08499986990702614,1297
cg26666292,0.08499774678790525,1297
cg18121713,0.08499620302218758,1297
cg22112587,0.08499470152067296,1297
cg07734975,0.08499392694666386,1297
cg08939521,0.08499389929523371,1297
cg18779570,0.08499288670592522,1297
cg22879515,0.08499014746322933,1297
cg09031790,0.08498993768715629,1297
cg26507353,0.08498932736384399,1297
cg23162201,0.08498886505776809,1297
cg15922045,0.0849882273822466,1297
cg11920519,0.08498810420303504,1297
cg03159252,0.0849874898487335,1297
cg17653203,0.08498744112410483,1297
cg16190266,0.08498681200701623,1297
cg03350900,0.0849866814673324,1297
cg04995849,0.08498650411298098,1297
cg02294420,0.08498604202911958,1297
cg10864794,0.08498508700941015,1297
cg23693705,0.08498451866840856,1297
cg04892643,0.08498342138213294,1297
cg26398691,0.084982967710587,1297
cg10369363,0.08498170306281444,1297
cg04149015,0.08498120680816545,1297
cg13027183,0.08498064581095059,1297
cg03052794,0.08497922895860299,1297
cg03730709,0.08497888861821956,1297
cg03187795,0.08497791884663897,1297
cg05513274,0.0849776017471574,1297
cg06738887,0.08497757629795233,1297
cg14428146,0.0849770059136333,1297
cg10702041,0.0849768621328339,1297
cg26912671,0.08497623040678548,1297
cg21390624,0.0849757123673208,1297
cg05483534,0.08497553401941871,1297
cg23366376,0.08497420392577759,1297
cg06808498,0.08497322003636773,1297
cg01946451,0.08497305921232684,1297
cg16611352,0.08497201954986722,1297
cg05457620,0.08497123440962961,1297
cg08639379,0.0849712108915946,1297
cg06113001,0.08497115851066667,1297
cg13811867,0.08497109920548046,1297
cg13648715,0.08497107792307465,1297
cg09852127,0.08496974884159342,1297
cg09581644,0.08496809226841867,1297
cg04041976,0.08496663822056155,1297
cg18853490,0.08496640005492495,1297
cg20608895,0.08496627262467141,1297
cg02872914,0.08496566936896677,1297
cg05111779,0.08496537119730696,1297
cg27558541,0.08496436644656774,1297
cg01251360,0.0849637048959199,1297
cg08043592,0.0849636816360752,1297
cg05488168,0.08496303869050009,1297
cg26462586,0.08496194125212037,1297
cg12127758,0.08496191594728683,1297
cg18849847,0.08496065185902293,1297
cg11468148,0.08495925128366977,1297
cg25017900,0.0849591377350439,1297
cg08717931,0.08495842215983718,1297
cg14631706,0.08495690533080176,1297
cg02010682,0.08495592324868137,1297
cg19494818,0.0849554572581542,1297
cg18614381,0.08495530721632949,1297
cg10717189,0.08495435712191668,1297
cg06179765,0.08495299111037012,1297
cg22941315,0.08495234714436167,1297
cg02909329,0.08495151860764388,1297
cg02495057,0.08494925343025939,1297
cg13732895,0.08494631529780555,1297
cg16682935,0.08494597298129469,1297
cg05603527,0.08494582791427302,1297
cg05062418,0.08494445138745105,1297
cg07273222,0.08494393593469579,1297
cg07365071,0.08494384459586574,1297
cg13675849,0.084943392664029,1297
cg10615150,0.08494338587205673,1297
cg13593284,0.08494294492907467,1297
cg23279335,0.08494231298196583,1297
cg26708483,0.08494086183100055,1297
cg12630714,0.08493967025447081,1297
cg07856155,0.08493876333333508,1297
cg27637326,0.08493817553966637,1297
cg24040155,0.08493758691097536,1297
cg14173736,0.08493750208124856,1297
cg04050824,0.08493716519284564,1297
cg13718418,0.08493675799341582,1297
cg09017928,0.08493567097175408,1297
cg25732104,0.08493536267504348,1297
cg06002687,0.08493484280937202,1297
cg23229016,0.08493362082729472,1297
cg13485366,0.08493345498744104,1297
cg25622154,0.0849314542105786,1297
cg20187173,0.08492819842244614,1297
cg16045677,0.08492791231595825,1297
cg08506654,0.08492666931807935,1297
cg22198397,0.08492642796010968,1297
cg13676449,0.08492565572017458,1297
cg21757617,0.08492469152055032,1297
cg01138020,0.08492448139714404,1297
cg00675313,0.08492385324551618,1297
cg06880420,0.0849238158135423,1297
cg13711238,0.08492158190333077,1297
cg10903903,0.08492146613594768,1297
cg05730038,0.08491999797751251,1297
cg18595065,0.08491971127841463,1297
cg08550523,0.084918452012756,1297
cg26173630,0.08491834637541917,1297
cg23271099,0.08491826108241207,1297
cg07865607,0.08491810485171086,1297
cg15791438,0.08491677368345346,1297
cg20181739,0.08491532730404372,1297
cg17355809,0.0849150209326398,1297
cg27527108,0.0849149249626214,1297
cg21416544,0.08491489983912281,1297
cg17470231,0.08491444500075757,1297
cg16852483,0.08491236509830591,1297
cg27285599,0.08491184684090536,1297
cg27579233,0.08491184364809429,1297
cg12026992,0.08491031196613319,1297
cg22992730,0.08490993324374814,1297
cg03259292,0.08490795318006353,1297
cg07279321,0.08490769791928715,1297
cg01059768,0.08490706573606899,1297
cg18786782,0.08490436068245794,1297
cg01236166,0.08490295205591422,1297
cg15207669,0.0849024213294764,1297
cg01815671,0.08490241840090723,1297
cg07907386,0.08490227961579147,1297
cg14172108,0.08490190189836708,1297
cg02859992,0.08490144780435421,1297
cg22241820,0.08490104410184407,1297
cg11288801,0.08490033326350643,1297
cg24685751,0.08490007005076727,1297
cg15919612,0.08489960977308736,1297
cg05962092,0.08489951448647842,1297
cg14758105,0.08489906529115682,1297
cg09988676,0.08489782736891349,1297
cg12636543,0.08489657749619856,1297
cg00628788,0.0848960560664794,1297
cg21153181,0.08489500892706328,1297
cg22339902,0.08489494176590898,1297
cg08170294,0.0848937114542021,1297
cg23166857,0.08489108636113396,1297
cg18596369,0.08489101979038025,1297
cg19884658,0.08489098112674845,1297
cg02323003,0.08488934918672109,1297
cg26829418,0.08488755080466576,1297
cg23060390,0.08488714364902761,1297
cg19904425,0.08488611477728869,1297
cg21612617,0.08488585856370645,1297
cg14573833,0.0848856358765181,1297
cg09325404,0.08488474704573594,1297
cg13280882,0.0848844848392662,1297
cg20517697,0.08488437506168739,1297
cg21719704,0.08488401983483901,1297
cg04031534,0.08488219681573544,1297
cg02357649,0.08488172452366011,1297
cg11540016,0.08488075295730807,1297
cg15018193,0.08487958798372464,1297
cg09530810,0.08487839136827556,1297
cg27196974,0.08487834374517451,1297
cg22498143,0.08487676355848972,1297
cg26697255,0.08487610488178102,1297
cg24642523,0.08487506232731318,1297
cg02415125,0.08487491179468681,1297
cg14994447,0.084874475821418,1297
cg11065036,0.08487319110114877,1297
cg10064060,0.08487235689031741,1297
cg23073974,0.08487151890730238,1297
cg20764656,0.08487063498359448,1297
cg07333305,0.08486975332410795,1297
cg08578320,0.08486920334952215,1297
cg24151087,0.08486859869031979,1297
cg02508651,0.08486711647018658,1297
cg25733272,0.0848660766086129,1297
cg03124514,0.08486597960126918,1297
cg10941445,0.08486577990938507,1297
cg03888814,0.08486486966003054,1297
cg13423554,0.08486486389892145,1297
cg09019936,0.08486461248301772,1297
cg01530803,0.08486449380516226,1297
cg23671708,0.0848637511767375,1297
cg23173402,0.08486314480299817,1297
cg01828474,0.0848624246552474,1297
cg06843889,0.0848619819125947,1297
cg00478479,0.08486179731917848,1297
cg01555705,0.08486101857871908,1297
cg04247152,0.08486057995327745,1297
cg13549345,0.08486011011143191,1297
cg23663428,0.08486007093263714,1297
cg10156493,0.08485931717150269,1297
cg08092318,0.08485837077475883,1297
cg12767196,0.08485757936390298,1297
cg16937902,0.08485742241784544,1297
cg01653942,0.08485694408640501,1297
cg27180671,0.08485605944151593,1297
cg17768491,0.08485595415777894,1297
cg08886651,0.08485529430640441,1297
cg25326378,0.08485466982027673,1297
cg03463411,0.08485408533897583,1297
cg21775245,0.08485360317392787,1297
cg11732301,0.08485329378692932,1297
cg15093769,0.08485220533574966,1297
cg26258396,0.08485161393373575,1297
cg12261055,0.08485061196556204,1297
cg09834172,0.08485057866850429,1297
cg09524946,0.08485047002037183,1297
cg16679093,0.08484961111749867,1297
cg12040278,0.08484937519043512,1297
cg25249448,0.0848484088097633,1297
cg01366985,0.08484758556145289,1297
cg19596983,0.0848474909437475,1297
cg23907926,0.08484749066843209,1297
cg23221791,0.08484699335736451,1297
cg15348839,0.08484699270859164,1297
cg10467217,0.08484697794709922,1297
cg18250846,0.08484639967105609,1297
cg00513952,0.08484608926795634,1297
cg10666916,0.08484581998207114,1297
cg16469740,0.08484419971275653,1297
cg26869506,0.08484260250979114,1297
cg20411756,0.08484242480273296,1297
cg06193766,0.08484218910539496,1297
cg07631359,0.08484164835429281,1297
cg22685816,0.08484064904517197,1297
cg23390958,0.08483985923276563,1297
cg14143954,0.08483966086370928,1297
cg18150120,0.08483957342850845,1297
cg15951188,0.08483947022178814,1297
cg15689835,0.08483917731685403,1297
cg08015107,0.08483878108052806,1297
cg08124923,0.0848385342843625,1297
cg09632271,0.08483795978855166,1297
cg11791144,0.08483585128631821,1297
cg06147361,0.08483534446429924,1297
cg19651184,0.08483477083175633,1297
cg04317854,0.08483470468959331,1297
cg13040418,0.08483439992857894,1297
cg07903246,0.08483326657097742,1297
cg17755913,0.08483312268870721,1297
cg20551181,0.08483230302309223,1297
cg13631192,0.08483140656331253,1297
cg14857792,0.08483007767237516,1297
cg11176481,0.08482837330254533,1297
cg22778957,0.08482822595142078,1297
cg17861653,0.08482704816971998,1297
cg17197519,0.08482632143176694,1297
cg18860954,0.08482565908013626,1297
cg23553576,0.0848251191540913,1297
cg17191872,0.08482428328414526,1297
cg02601475,0.08482308293370117,1297
cg20646491,0.08482071514576733,1297
cg02987635,0.08482063765460354,1297
cg04585378,0.08481953436708484,1297
cg18425570,0.08481944189035953,1297
cg04913250,0.0848186382400418,1297
cg03684062,0.08481849595937657,1297
cg09480054,0.0848181299342976,1297
cg03928154,0.08481464843073866,1297
cg13106758,0.08481359868420946,1297
cg18926409,0.08481334398733642,1297
cg00758701,0.08481260849629418,1297
cg13487127,0.08481214034573009,1297
cg27151770,0.08481083116068966,1297
cg26502666,0.08481009883375468,1297
cg01057196,0.08480960937364551,1297
cg19299265,0.08480617806190566,1297
cg05845403,0.0848053949256996,1297
cg18848959,0.08480531429350027,1297
cg16829244,0.08480487002563963,1297
cg21348565,0.08480482635272779,1297
cg24940701,0.08480341702142224,1297
cg05888894,0.08480311097926341,1297
cg21727129,0.08480059000649726,1297
cg17960556,0.08480048375927662,1297
cg01789501,0.08479990758523176,1297
cg08470742,0.08479978569458525,1297
cg21205855,0.08479949479874777,1297
cg06820388,0.08479946755179282,1297
cg24335051,0.08479889526042694,1297
cg02242681,0.08479782821390952,1297
cg00737841,0.08479732227852438,1297
cg13519035,0.0847966922956953,1297
cg08783317,0.08479563079303959,1297
cg20127899,0.08479375637613959,1297
cg09678971,0.08479157627999954,1297
cg15584084,0.08478969926187174,1297
cg13470673,0.08478926044409613,1297
cg22293458,0.08478688023274791,1297
cg00463746,0.08478634905364818,1297
cg13686044,0.08478602172171634,1297
cg22737624,0.08478296364306237,1297
cg00381745,0.08478256748855334,1297
cg27312312,0.0847814195976646,1297
cg25067702,0.08477851861955868,1297
cg02033582,0.08477757126984803,1297
cg05897163,0.08477695328403528,1297
cg13278496,0.08477668993144803,1297
cg15963070,0.08477661685992693,1297
cg04191989,0.08477639742189694,1297
cg03188793,0.08477573159027202,1297
cg23234999,0.08477516529302442,1297
cg15133719,0.08477468335056096,1297
cg10279872,0.08477460733939812,1297
cg14289461,0.08477358359195519,1297
cg09333584,0.08477353992063014,1297
cg13462129,0.08477117688754651,1297
cg05019221,0.08476938759967917,1297
cg22344727,0.0847685326009957,1297
cg00215587,0.08476793175705444,1297
cg13580834,0.08476660863553656,1297
cg06489609,0.08476495618119662,1297
cg16640865,0.08476463695106722,1297
cg12047941,0.08476444974053582,1297
cg00901980,0.08476356483406378,1297
cg19155932,0.08476346797157519,1297
cg22868282,0.08476185811752046,1297
cg00982919,0.08475968573744071,1297
cg14482569,0.08475882632700982,1297
cg04071798,0.0847587823578736,1297
cg20555562,0.08475806468732283,1297
cg11082635,0.0847573467766809,1297
cg08815081,0.08475682706625676,1297
cg04494873,0.08475522732056362,1297
cg15356461,0.08475493169407844,1297
cg00208153,0.08475336295664442,1297
cg10142520,0.08475176222210823,1297
cg03257743,0.08475136869343794,1297
cg09773238,0.08475124664227984,1297
cg03381604,0.0847503884156881,1297
cg14731653,0.08475034581762808,1297
cg00157012,0.0847488313540749,1297
cg09514933,0.08474766823371765,1297
cg08287724,0.08474742354111017,1297
cg05112120,0.08474721300610458,1297
cg18311871,0.08474599942016253,1297
cg03289906,0.08474587428378405,1297
cg00562969,0.08474566518221516,1297
cg23034922,0.08474561769989661,1297
cg05573809,0.08474558764126308,1297
cg11062848,0.08474390191008474,1297
cg02815538,0.08474304419016332,1297
cg19613915,0.0847420955801209,1297
cg26841647,0.08474161818938114,1297
cg09781650,0.08474143382743338,1297
cg17284804,0.08474136905229585,1297
cg05703009,0.08474102523122501,1297
cg07143863,0.0847403714002099,1297
cg21620760,0.0847402743281962,1297
cg26112489,0.08473998851492476,1297
cg18082788,0.08473997014402734,1297
cg04921068,0.0847388915955303,1297
cg08837627,0.0847378206101479,1297
cg09796089,0.08473669349149968,1297
cg13979274,0.08473535872154536,1297
cg00861856,0.0847346567191159,1297
cg05963690,0.0847334156172773,1297
cg12492670,0.08473285770307465,1297
cg26751645,0.08473243888573331,1297
cg00302160,0.08473068486231455,1297
cg06624143,0.08473063072060344,1297
cg20264732,0.08473041418076507,1297
cg11012412,0.0847301340987151,1297
cg06613817,0.0847291488902635,1297
cg21045915,0.0847265208858794,1297
cg08166631,0.08472523013755584,1297
cg04272355,0.08472466138352003,1297
cg03506656,0.08472262958535687,1297
cg16210719,0.08472221990144774,1297
cg11362622,0.08472108090199393,1297
cg25161512,0.08471937064989266,1297
cg23186333,0.08471869457631664,1297
cg13164537,0.08471861657112761,1297
cg25928396,0.0847181998327387,1297
cg23217463,0.08471577786638629,1297
cg03047059,0.08471540552596141,1297
cg04075737,0.08471368655595518,1297
cg16523141,0.08471313390354324,1297
cg03294207,0.08471139354496515,1297
cg24516106,0.08470971312872075,1297
cg05331082,0.08470869381917319,1297
cg18264728,0.08470860835352073,1297
cg08033127,0.08470769360688968,1297
cg05967403,0.08470712033705952,1297
cg10622174,0.08470683722355096,1297
cg09321817,0.08470668507425125,1297
cg09157320,0.08470507675015596,1297
cg06462666,0.08470506627012989,1297
cg15517343,0.08470304953663738,1297
cg22974210,0.08470233388882731,1297
cg16305787,0.084701230641025,1297
cg04707217,0.08469938659977705,1297
cg13508175,0.0846992982351345,1297
cg01678084,0.08469870569596671,1297
cg21165221,0.08469799481014025,1297
cg14087796,0.0846971600640013,1297
cg15786900,0.08469591057209672,1297
cg17228232,0.08469560350537897,1297
cg05211192,0.08469242923058018,1297
cg19371339,0.08469169674177604,1297
cg03846881,0.0846898597600905,1297
cg02236847,0.08468816689702113,1297
cg01837198,0.08468816147988256,1297
cg21449150,0.08468814713725474,1297
cg10668926,0.08468801151680472,1297
cg24813176,0.08468720154067791,1297
cg04993279,0.08468525929611154,1297
cg14102055,0.08468474131018261,1297
cg22911831,0.08468445173996109,1297
cg05916545,0.08468407074344714,1297
cg10508760,0.0846835898585032,1297
cg19990785,0.08468079333099217,1297
cg20435238,0.08468031938128984,1297
cg14480531,0.08467970381530524,1297
cg21471546,0.08467927250689677,1297
cg08238568,0.08467762932049178,1297
cg10036013,0.08467657322017258,1297
cg23886662,0.08467613750767389,1297
cg14316583,0.08467607168021074,1297
cg16799111,0.08467583526060671,1297
cg19450479,0.08467578616676469,1297
cg14921416,0.08467518192155299,1297
cg26856289,0.08467411475653008,1297
cg19636302,0.08467339433501367,1297
cg01465364,0.08467192450640476,1297
cg07920930,0.08467163117004131,1297
cg11556846,0.08466883241684148,1297
cg25031824,0.08466798390449898,1297
cg23489384,0.08466677796885183,1297
cg00546757,0.08466582179542176,1297
cg03602321,0.08466535948667026,1297
cg14352362,0.0846632054634997,1297
cg19014335,0.08466237423694783,1297
cg02762063,0.08466199224394966,1297
cg05685741,0.08466094254590395,1297
cg02031603,0.08466038136752724,1297
cg12597309,0.08465967295558224,1297
cg11391665,0.08465966352750393,1297
cg16182447,0.084658403337325,1297
cg04617549,0.08465681580343021,1297
cg23821914,0.08465547246548466,1297
cg15469321,0.08465499289408673,1297
cg24780236,0.08465453089952549,1297
cg04748497,0.08465374277981731,1297
cg23644934,0.08465361982476183,1297
cg10503208,0.08465215606022716,1297
cg27513574,0.08465052674133819,1297
cg01211137,0.08464813022945789,1297
cg08985785,0.08464807240781741,1297
cg10855427,0.0846473851466697,1297
cg07347205,0.08464582526773648,1297
cg03731131,0.08464391466354157,1297
cg03196720,0.08464347194187055,1297
cg09987231,0.0846421856687885,1297
cg13933043,0.08464214727546408,1297
cg05237485,0.08464057513818105,1297
cg06386210,0.08464048291424942,1297
cg15013177,0.08463984294909921,1297
cg01511166,0.08463953373463357,1297
cg22709144,0.08463947343483647,1297
cg05575639,0.08463914593472363,1297
cg05166248,0.08463900374978728,1297
cg24462453,0.08463718528040523,1297
cg12817389,0.08463672472665296,1297
cg11495430,0.08463645867306857,1297
cg00163541,0.08463611030011822,1297
cg13060157,0.08463610646763785,1297
cg03802185,0.08463541042322748,1297
cg07855639,0.08463436410067018,1297
cg22529822,0.08463408314408083,1297
cg10589825,0.08463405136392427,1297
cg08005692,0.08463398694685054,1297
cg18082362,0.08463377935744029,1297
cg22974467,0.08463247388635253,1297
cg13520770,0.0846321248535809,1297
cg24020152,0.08463139087891419,1297
cg11685510,0.08463041875408397,1297
cg25137314,0.08462996046988802,1297
cg23845450,0.08462788957885063,1297
cg00951857,0.08462582522766077,1297
cg02467990,0.08462434193554665,1297
cg13278922,0.08462390815375245,1297
cg21194776,0.08462190048484353,1297
cg25510164,0.08462170955299503,1297
cg02155398,0.08462093042953356,1297
cg24970360,0.08462020449453767,1297
cg26987855,0.08461930848593371,1297
cg06482498,0.08461908781976253,1297
cg10156846,0.08461890661868934,1297
cg20849025,0.08461694195866576,1297
cg04871498,0.0846153468571994,1297
cg09423283,0.0846152615471557,1297
cg25667057,0.08461489566043362,1297
cg03324961,0.08461474296681526,1297
cg09767658,0.0846137983770821,1297
cg03593259,0.08461378519228505,1297
cg14825735,0.08461232919357997,1297
cg02976723,0.08461192527585532,1297
cg05669853,0.08461014691966326,1297
cg09096087,0.08460726378558331,1297
cg04813693,0.08460696986190674,1297
cg03970567,0.08460491924955083,1297
cg16301894,0.08460491884777455,1297
cg21174750,0.08460459115502364,1297
cg13957874,0.08460410865556225,1297
cg22337438,0.08460321490200318,1297
cg21865844,0.08460257426915119,1297
cg09981432,0.08459953659997005,1297
cg06507590,0.08459803116661635,1297
cg22449370,0.08459782424149298,1297
cg00066239,0.08459753053877739,1297
cg06878649,0.08459721867768732,1297
cg26897909,0.08459641970635795,1297
cg21130113,0.08459603914029744,1297
cg01572940,0.08459423867622462,1297
cg27537199,0.08459363199059461,1297
cg09407660,0.08459314613006874,1297
cg26705599,0.08459164887169174,1297
cg22865700,0.08459153858795021,1297
cg19034132,0.08459030866354628,1297
cg09558425,0.08458807611239227,1297
cg07160746,0.08458772743602765,1297
cg23206461,0.0845875937531686,1297
cg16415457,0.08458695700528068,1297
cg00673290,0.08458618589877101,1297
cg02947361,0.08458603240425153,1297
cg16868298,0.08458595355649565,1297
cg05264033,0.08458586843947488,1297
cg14231845,0.08458586588040612,1297
cg27570984,0.08458407688599079,1297
cg02786012,0.08458406503284441,1297
cg26716902,0.08458403456157335,1297
cg10039504,0.08458358538232927,1297
cg17824906,0.08458282400492298,1297
cg03556869,0.08458272923219179,1297
cg12498088,0.08458123987860483,1297
cg26439139,0.08458117025881207,1297
cg16063312,0.08458049476262805,1297
cg02965895,0.08457936643747044,1297
cg13581422,0.08457910726153864,1297
cg17583957,0.08457852449373948,1297
cg18945842,0.08457747276943708,1297
cg08368617,0.08457717760730053,1297
cg11921736,0.08457713293673008,1297
cg07739188,0.08457711702959131,1297
cg27297558,0.08457628549813206,1297
cg09976984,0.08457408042662021,1297
cg15701794,0.08457385849186963,1297
cg00054971,0.08457283455425357,1297
cg03138124,0.08457272140945915,1297
cg13885357,0.08457205285285288,1297
cg09832243,0.08457157062867765,1297
cg22394948,0.08457130609577507,1297
cg10014338,0.0845701840848096,1297
cg03041920,0.08457009635636516,1297
cg04451448,0.0845689353767759,1297
cg04981619,0.08456779609046139,1297
cg18546037,0.08456530009820823,1297
cg00150025,0.08456474371487616,1297
cg05365033,0.08456414176736432,1297
cg07178188,0.08456373706948467,1297
cg09354317,0.08456361901743453,1297
cg03942932,0.0845633990334477,1297
cg22535849,0.0845609866006225,1297
cg17626801,0.08456086858697487,1297
cg07703790,0.08456057655189286,1297
cg09792000,0.08455988933516168,1297
cg23691223,0.08455825971073784,1297
cg08220548,0.08455817078260103,1297
cg14894097,0.08455625658778582,1297
cg11733272,0.08455604309941353,1297
cg08505647,0.08455513682614105,1297
cg16180353,0.08455188003274672,1297
cg00975375,0.0845512680950874,1297
cg18147485,0.08454987218654408,1297
cg25109396,0.08454930109834821,1297
cg18766755,0.08454615282738084,1297
cg11942206,0.08454556999879065,1297
cg04625493,0.08454399383458269,1297
cg08668281,0.08454381071535855,1297
cg25601713,0.08454308785000603,1297
cg12504148,0.08454181729756688,1297
cg03013946,0.08454157399616333,1297
cg04111071,0.08454014419588518,1297
cg09239705,0.08453952416734478,1297
cg17004353,0.08453839795499776,1297
cg06744545,0.08453838255744622,1297
cg19411952,0.0845373864032134,1297
cg06840535,0.08453674842790224,1297
cg20299414,0.08453658635643235,1297
cg11203293,0.08453617412051952,1297
cg17284116,0.08453599065585032,1297
cg04282082,0.0845355458771109,1297
cg04563119,0.08453553498069977,1297
cg09027133,0.0845327388613476,1297
cg01465169,0.08453200819741538,1297
cg11192688,0.08453153304209982,1297
cg08514194,0.08453077221160937,1297
cg12198830,0.08453034740178511,1297
cg01898377,0.08452943337876334,1297
cg05919202,0.0845289507455883,1297
cg14226212,0.08452825215705367,1297
cg07087130,0.08452615010926479,1297
cg04686545,0.08452600179807546,1297
cg01736164,0.08452460127725381,1297
cg00792185,0.08452384132190555,1297
cg11762346,0.08452179953892441,1297
cg01496199,0.08452172449996402,1297
cg27452943,0.08452033528454067,1297
cg01573782,0.08452019732301433,1297
cg10261191,0.08451962741394131,1297
cg18825594,0.08451760287708293,1297
cg07260541,0.0845164588202875,1297
cg12691334,0.08451611422023289,1297
cg05168015,0.08451532731683241,1297
cg04139449,0.08451449941324529,1297
cg14002754,0.08451373272798879,1297
cg05232889,0.08451365171595168,1297
cg17920646,0.08451283990090253,1297
cg08151623,0.08451258739440037,1297
cg15737386,0.08451169109842599,1297
cg22515654,0.08450972310651739,1297
cg19884262,0.0845096194285556,1297
cg21117734,0.08450945247195074,1297
cg25934495,0.08450776685653338,1297
cg19308222,0.08450741315892407,1297
cg09573371,0.08450706820965592,1297
cg11164506,0.08450670304859434,1297
cg17918326,0.08450650803187165,1297
cg15623612,0.08450553427470672,1297
cg07128416,0.0845050665172487,1297
cg03530393,0.08450336213651427,1297
cg25403205,0.08450186439938151,1297
cg03826976,0.08450094898301014,1297
cg21354781,0.08449949836564657,1297
cg14508633,0.08449805323875823,1297
cg09236762,0.08449655232320308,1297
cg00582765,0.08449644949534674,1297
cg10047181,0.08449614325643012,1297
cg19480117,0.08449424615334505,1297
cg04803153,0.08449373714946792,1297
cg05489904,0.08449320649400577,1297
cg04398893,0.0844929176016257,1297
cg01055691,0.0844925163008467,1297
cg11177235,0.0844920973478201,1297
cg05825596,0.08449199486200931,1297
cg11718092,0.08449119623193463,1297
cg00444390,0.08449000929271655,1297
cg15153141,0.08448899381045244,1297
cg20979737,0.08448889752625258,1297
cg23053374,0.0844885516188317,1297
cg26519401,0.08448741040607538,1297
cg15298875,0.08448715401058632,1297
cg09837298,0.08448700404554854,1297
cg07547695,0.08448527285316504,1297
cg19407435,0.0844848918956031,1297
cg17251874,0.08448460858637363,1297
cg20675173,0.08448390722463334,1297
cg08266027,0.08448348543054346,1297
cg23866403,0.08448287392887027,1297
cg25397636,0.08448264082139634,1297
cg05034446,0.08448120318482175,1297
cg22852065,0.0844784995176378,1297
cg06263178,0.08447643414751566,1297
cg14761514,0.08447551439247875,1297
cg24102479,0.08447534269577595,1297
cg24804782,0.08447293005499548,1297
cg01988891,0.08447225679930764,1297
cg02727484,0.08447223999394915,1297
cg00406460,0.08447211947623728,1297
cg02005490,0.0844713617461113,1297
cg17138769,0.08447009480466225,1297
cg24658487,0.0844685168512197,1297
cg02676602,0.08446794865294266,1297
cg16376108,0.08446782444779571,1297
cg11165001,0.08446720845929767,1297
cg10397934,0.08446663395724302,1297
cg03888553,0.08446610410971342,1297
cg15894581,0.08446546316325898,1297
cg03400060,0.0844647594124,1297
cg00147095,0.08446318022774607,1297
cg06320642,0.08446294127410603,1297
cg09361748,0.08446172260947254,1297
cg16739580,0.08446171230127236,1297
cg21929464,0.08445959360122177,1297
cg23061027,0.0844593316274751,1297
cg04525441,0.08445820376578789,1297
cg02298116,0.08445818501701655,1297
cg21983192,0.08445788865360843,1297
cg25606905,0.0844571349744917,1297
cg03025082,0.08445636919857583,1297
cg15484651,0.08445635349857983,1297
cg21830932,0.08445611416895121,1297
cg03917138,0.08445568024233274,1297
cg02075142,0.08445529738982405,1297
cg02782840,0.08445514008933469,1297
cg18017482,0.08445507814844644,1297
cg24669786,0.08445325056116293,1297
cg04296203,0.08445160602188564,1297
cg02901522,0.08445025217578178,1297
cg09013480,0.0844482484194421,1297
cg01915328,0.08444766371122173,1297
cg26489750,0.08444744342093435,1297
cg27342720,0.08444732781944089,1297
cg22430700,0.08444717069062269,1297
cg07768107,0.08444712224500693,1297
cg27314669,0.08444617591151385,1297
cg26338202,0.08444617210199995,1297
cg20324199,0.08444594379299553,1297
cg08250187,0.08444438742572713,1297
cg10865238,0.08444392201440043,1297
cg23250540,0.08444191791733285,1297
cg07367113,0.08444150491455243,1297
cg13202523,0.08444112564862832,1297
cg25037335,0.08443911888524697,1297
cg22174681,0.0844382187456369,1297
cg24306177,0.08443708149492957,1297
cg25264393,0.08443687216379564,1297
cg05080074,0.08443665582454757,1297
cg01883757,0.08443605574229174,1297
cg15598650,0.08443559588819388,1297
cg04523291,0.08443461191242976,1297
cg01572694,0.08443434440139036,1297
cg13563959,0.0844332554352275,1297
cg10581012,0.0844323150943403,1297
cg26695881,0.08443079923247215,1297
cg00795205,0.08443070316170082,1297
cg05312962,0.08442872468035537,1297
cg26060835,0.08442842353791816,1297
cg25762854,0.08442764520030915,1297
cg24537942,0.08442704447914293,1297
cg10625096,0.08442667312395918,1297
cg01660613,0.08442637799669805,1297
cg02134720,0.08442612551885648,1297
cg17807913,0.08442565151370074,1297
cg13609544,0.08442520167182105,1297
cg25447144,0.08442431533322242,1297
cg03927812,0.08442360389673065,1297
cg03536022,0.08442352505799083,1297
cg04527761,0.08442344658895895,1297
cg19291576,0.08442219535003267,1297
cg26375010,0.0844214529344533,1297
cg11887532,0.08441969816916163,1297
cg00242098,0.08441895463475557,1297
cg08188069,0.08441807441583635,1297
cg07616871,0.08441654229999454,1297
cg10672567,0.08441543641736782,1297
cg07028415,0.08441483052702003,1297
cg13863153,0.08441463321780024,1297
cg27268120,0.0844138739825766,1297
cg07075347,0.08441370158541953,1297
cg24404533,0.08441258513019517,1297
cg22078805,0.08441207539788273,1297
cg02048922,0.08441176223116262,1297
cg13905298,0.08441136540886501,1297
cg10252249,0.0844100421792382,1297
cg09028711,0.08441000310574093,1297
cg12706947,0.08440896839470641,1297
cg16087679,0.08440748534292969,1297
cg05838358,0.0844062597579554,1297
cg20735682,0.08440534123610927,1297
cg24632646,0.08440457263575726,1297
cg14508021,0.08440412016688653,1297
cg19384106,0.08440333781292308,1297
cg20460541,0.08440272485949253,1297
cg14252279,0.08440268338462803,1297
cg09430586,0.08440222009552184,1297
cg15392549,0.08440184635071468,1297
cg02183025,0.08440172963730203,1297
cg05519582,0.08440078326828498,1297
cg20347666,0.08439998043207403,1297
cg09294246,0.08439835801395534,1297
cg08700454,0.08439799865395103,1297
cg12040210,0.08439795736075939,1297
cg07085632,0.08439786936351518,1297
cg25504607,0.08439727401336788,1297
cg27280313,0.0843963595991874,1297
cg02525989,0.08439573986634474,1297
cg01539284,0.08439425830049829,1297
cg00997280,0.08439399837010639,1297
cg12027068,0.08439350398433759,1297
cg06650246,0.08439339161877507,1297
cg27110938,0.08439336614721904,1297
cg25697357,0.0843930813271983,1297
cg10132287,0.08439307963445492,1297
cg10794973,0.08439277364462883,1297
cg08915171,0.08439261726277913,1297
cg20661257,0.08439086064791146,1297
cg11385476,0.08439001221018055,1297
cg15215348,0.0843898698426267,1297
cg26224671,0.08438835818488838,1297
cg22474124,0.08438749639155921,1297
cg08659179,0.08438615724371368,1297
cg01671881,0.08438521093319179,1297
cg12701603,0.0843834359254581,1297
cg18913171,0.08438265509817444,1297
cg05994850,0.08438143831995804,1297
cg22079008,0.0843811581710236,1297
cg27311590,0.08438085262721623,1297
cg14412134,0.08437945221092702,1297
cg06537005,0.08437876690947727,1297
cg27366617,0.08437685027880754,1297
cg14926231,0.08437653951934343,1297
cg12030523,0.08437566270089508,1297
cg26622895,0.08437561007172334,1297
cg26349358,0.08437541103183421,1297
cg26967566,0.08437524898587812,1297
cg23475993,0.08437474471095109,1297
cg12156154,0.08437434057623194,1297
cg27560687,0.08437393711665614,1297
cg03604073,0.0843726399351038,1297
cg19831369,0.08437216938483255,1297
cg00111978,0.0843719093811407,1297
cg09388991,0.08437048772565531,1297
cg24602704,0.08437001645788211,1297
cg00583780,0.08436979951805629,1297
cg07288557,0.08436974791586477,1297
cg05265020,0.08436905787878313,1297
cg27114644,0.08436896636237287,1297
cg11870021,0.08436865430678339,1297
cg12694372,0.08436738598385664,1297
cg00558804,0.08436490826080972,1297
cg12193289,0.08436486452403424,1297
cg17344048,0.08436410041470974,1297
cg12228229,0.08436408547283947,1297
cg00108098,0.08436365317439154,1297
cg00632486,0.08436337427494355,1297
cg09427273,0.08436175453169414,1297
cg07700233,0.08436099939479369,1297
cg23404101,0.0843593150808063,1297
cg19840859,0.08435889319208978,1297
cg13857354,0.08435875211006363,1297
cg11170044,0.08435793119173485,1297
cg00352872,0.08435769173718055,1297
cg13655635,0.08435683694078114,1297
cg14130977,0.08435635367013916,1297
cg07380200,0.0843557430734268,1297
cg07159230,0.08435496037961343,1297
cg22300957,0.08435451784390632,1297
cg17606183,0.08435405193188478,1297
cg10338830,0.08435259394543869,1297
cg14240300,0.08435202875429909,1297
cg18941641,0.08435189523165187,1297
cg13523386,0.08435168630488576,1297
cg11224748,0.08435081894554985,1297
cg05492170,0.08435078091578904,1297
cg11586570,0.08434847425718126,1297
cg25444386,0.08434786620050361,1297
cg23605027,0.08434742586136812,1297
cg02754084,0.08434707830879834,1297
cg00336867,0.08434632113252358,1297
cg00744351,0.08434460820979911,1297
cg01068621,0.08434436977735155,1297
cg15233892,0.08434414055121922,1297
cg23718633,0.08434381271370783,1297
cg24635109,0.08434376563338228,1297
cg07904290,0.08434369772328176,1297
cg20830867,0.08434263060501357,1297
cg05035143,0.08434168841894746,1297
cg02389851,0.08434001024502413,1297
cg04792712,0.0843389533735112,1297
cg26026748,0.08433875739060155,1297
cg19852607,0.08433780502898941,1297
cg11910782,0.08433766355447991,1297
cg01459453,0.08433753502929753,1297
cg20896431,0.08433623160856729,1297
cg14113035,0.08433521942251498,1297
cg26307926,0.08433489023117688,1297
cg21033965,0.08433308278511625,1297
cg20505457,0.08433209501144812,1297
cg06641021,0.08433191958602348,1297
cg12277666,0.08432906642675037,1297
cg00688681,0.0843282910628915,1297
cg03824275,0.08432711505990914,1297
cg04162999,0.08432677134515976,1297
cg16657724,0.08432383690215983,1297
cg26970800,0.08432157988095779,1297
cg27094229,0.08432135124087003,1297
cg10314052,0.08432077924356596,1297
cg11721591,0.08432050162454421,1297
cg22863148,0.08432011728693584,1297
cg13060970,0.08431981003690942,1297
cg05977002,0.084318958282427,1297
cg12912758,0.0843181057573719,1297
cg02533058,0.08431775102327271,1297
cg13058710,0.08431768636381318,1297
cg07268332,0.0843164708217648,1297
cg10589949,0.08431530449623711,1297
cg08610987,0.08431525651717642,1297
cg08471713,0.08431509228263848,1297
cg06984903,0.08431401152204082,1297
cg00176888,0.08431393534428697,1297
cg27468419,0.08431371065631538,1297
cg24576535,0.08431322988862514,1297
cg14345572,0.08431322660887938,1297
cg26826183,0.0843131434455168,1297
cg14911766,0.08431233741008543,1297
cg01553613,0.08431097347696948,1297
cg21661983,0.08431015399472086,1297
cg00213052,0.08431014155217981,1297
cg23248615,0.08430900595991414,1297
cg05981651,0.0843087868448188,1297
cg26604895,0.08430861162776443,1297
cg00346985,0.08430827788846448,1297
cg23001905,0.08430810305413244,1297
cg23881099,0.08430601966648721,1297
cg11940285,0.08430419476655912,1297
cg13021619,0.08430242603409946,1297
cg02175873,0.0843013305171062,1297
cg24870096,0.08429835017398452,1297
cg01849065,0.0842981441995995,1297
cg26342985,0.08429732712886123,1297
cg10175155,0.08429668902081183,1297
cg09067029,0.08429492858175025,1297
cg17956563,0.0842944332967952,1297
cg10961733,0.0842943412958056,1297
cg00344422,0.08429423285284998,1297
cg25718735,0.08429294803459064,1297
cg21495715,0.0842908619264795,1297
cg09727050,0.08429031337337106,1297
cg01197294,0.08429030419214517,1297
cg03321349,0.08428957900121314,1297
cg03862854,0.0842895684108369,1297
cg03063015,0.0842885724098065,1297
cg04003952,0.08428736491153749,1297
cg25017403,0.08428728429291055,1297
cg23944251,0.08428689529191237,1297
cg06343745,0.08428661658920031,1297
cg08908987,0.08428625442641996,1297
cg15921887,0.08428611836077582,1297
cg18328579,0.08428435167364873,1297
cg09513990,0.08428371231699097,1297
cg02979457,0.08428361936222561,1297
cg01518225,0.08428336906295189,1297
cg23151000,0.08428327104147083,1297
cg06880028,0.08428205647077244,1297
cg02670903,0.08428153000106414,1297
cg02617898,0.0842809947099068,1297
cg05226607,0.08428071137862311,1297
cg24757778,0.08427992558837788,1297
cg18913923,0.08427960835659504,1297
cg15079652,0.08427597749483501,1297
cg00430036,0.08427564048880433,1297
cg05710997,0.0842726847607259,1297
cg04192879,0.08427229237344108,1297
cg04863005,0.08427198679150044,1297
cg21828432,0.08427195851529826,1297
cg09829382,0.08427157334822116,1297
cg19414302,0.0842707875919389,1297
cg00708598,0.08426954450266114,1297
cg02442572,0.08426909668753207,1297
cg00152946,0.08426848908693504,1297
cg06390585,0.08426778241485294,1297
cg27579501,0.08426734192302271,1297
cg02064499,0.08426707722583004,1297
cg21537187,0.08426623719234583,1297
cg00772959,0.0842660714340755,1297
cg08016257,0.08426554660360425,1297
cg04777551,0.0842647261210836,1297
cg20312916,0.08426464623507102,1297
cg21787063,0.08426320049661434,1297
cg18604823,0.08426236163916331,1297
cg15071854,0.08425944355637091,1297
cg03990139,0.08425527494368557,1297
cg23963984,0.08425449381963104,1297
cg26811568,0.08425427056205184,1297
cg14699728,0.08425287264432914,1297
cg03208489,0.0842518969104645,1297
cg15609387,0.08425113305522117,1297
cg02942766,0.08425023863686817,1297
cg04221877,0.08424813316668917,1297
cg09226596,0.08424690488875997,1297
cg10874644,0.08424665288986594,1297
cg06179228,0.08424643607418464,1297
cg21282630,0.08424641998345174,1297
cg13004792,0.08424630797659804,1297
cg01572696,0.08424624461219365,1297
cg10551329,0.08424597530514766,1297
cg12493906,0.08424510493555976,1297
cg08624093,0.08424392313354828,1297
cg01806741,0.08424366303329597,1297
cg01466491,0.08424228453452692,1297
cg00619561,0.08423993922380582,1297
cg09893305,0.08423938085327043,1297
cg01035931,0.08423909874983526,1297
cg03095773,0.0842384081842317,1297
cg26504021,0.08423777057533047,1297
cg08257212,0.08423361540827251,1297
cg19626725,0.08423311389165959,1297
cg25153233,0.08423267855770931,1297
cg20491573,0.0842317579531931,1297
cg04708790,0.08423068003944545,1297
cg03958038,0.08422991969763044,1297
cg14564793,0.08422724930264847,1297
cg10591797,0.08422687474490514,1297
cg01354782,0.08422591546359712,1297
cg25078444,0.08422570433754878,1297
cg00852921,0.0842252659103406,1297
cg10858103,0.08422482359835018,1297
cg16198723,0.08422232671203699,1297
cg21412456,0.08422102861902112,1297
cg01773689,0.08422059773188911,1297
cg13397939,0.08422054125688061,1297
cg09895325,0.08421671701577235,1297
cg19592185,0.08421669303888168,1297
cg09317928,0.08421651221094761,1297
cg09481404,0.08421535275707087,1297
cg00347775,0.08421386469143627,1297
cg22671798,0.08421309749852575,1297
cg20261440,0.08421278089498105,1297
cg21054521,0.08421244983470542,1297
cg11932091,0.08421200914779675,1297
cg05305760,0.08421185915964752,1297
cg15577634,0.08420948045046306,1297
cg02319354,0.08420918769690162,1297
cg02168584,0.0842085244179824,1297
cg08960045,0.08420801083178114,1297
cg25556008,0.08420798512302546,1297
cg03614193,0.08420692170627522,1297
cg14766620,0.08420688081634925,1297
cg16908740,0.08420684666042577,1297
cg12043145,0.08420628656330237,1297
cg13289364,0.08420593309560503,1297
cg26940122,0.08420579691852659,1297
cg01833470,0.08420537489056601,1297
cg14378057,0.08420514103028925,1297
cg03450734,0.08420473343652518,1297
cg08195424,0.08420431466123202,1297
cg19074779,0.08420404562296124,1297
cg04385765,0.0842030435638213,1297
cg06792952,0.08420054687928863,1297
cg20288916,0.08420021434604821,1297
cg09430518,0.08420006079885747,1297
cg21727032,0.08419793720307667,1297
cg19071452,0.08419749291130071,1297
cg19403029,0.08419611033389168,1297
cg03576411,0.08419609020661128,1297
cg21977075,0.08419405938701002,1297
cg13185972,0.08419313634972325,1297
cg15230985,0.08419187579607473,1297
cg05373962,0.084191650387093,1297
cg15337107,0.0841915509184965,1297
cg11857238,0.08419097427789823,1297
cg14290170,0.08419015812813296,1297
cg21029045,0.08418686196968314,1297
cg17624536,0.08418581022229316,1297
cg07084345,0.08418573251934142,1297
cg05907933,0.08418459082704002,1297
cg02789316,0.08418368728469178,1297
cg03163459,0.08418318666535918,1297
cg18905461,0.08418212069508346,1297
cg09101941,0.08418166605943306,1297
cg07172334,0.08418115663331088,1297
cg14730102,0.08418051416335653,1297
cg23698269,0.0841780834935568,1297
cg09590377,0.0841774933056944,1297
cg15568628,0.08417746138766169,1297
cg20047561,0.08417646885602598,1297
cg09397460,0.08417595365616892,1297
cg24272697,0.08417540513612387,1297
cg08707847,0.08417428858488124,1297
cg12710228,0.0841738078774174,1297
cg22842797,0.08417358655518986,1297
cg19755435,0.08417262708424272,1297
cg03743262,0.08417138083802611,1297
cg26669393,0.08417117197051929,1297
cg12997579,0.08417026203357542,1297
cg26995255,0.08416996569208696,1297
cg11977100,0.08416988338434567,1297
cg16190510,0.08416942951268186,1297
cg05576949,0.08416928884220237,1297
cg24121069,0.08416901626733098,1297
cg03577139,0.08416857751841367,1297
cg17416338,0.08416774986203113,1297
cg16168153,0.0841666690289593,1297
cg17304496,0.08416628062416762,1297
cg21951648,0.0841657633003281,1297
cg17796043,0.08416358718309341,1297
cg20488281,0.08416334341111659,1297
cg24248505,0.08416240475736936,1297
cg24707486,0.08416200341924646,1297
cg01907476,0.08416147057593709,1297
cg13600257,0.0841610607477431,1297
cg23861541,0.08416099377130762,1297
cg19883472,0.0841600707164269,1297
cg04391718,0.08415963527602666,1297
cg03301200,0.08415896331717708,1297
cg02148426,0.0841586564127128,1297
cg01972576,0.08415805419534073,1297
cg17172308,0.08415592310751939,1297
cg21579274,0.08415570919046969,1297
cg05545891,0.08415550226798513,1297
cg12443853,0.08415512943921508,1297
cg02126477,0.08415509469239746,1297
cg21211187,0.08415420393854389,1297
cg00817765,0.08415413823517429,1297
cg01170124,0.08415389604561285,1297
cg09347160,0.08415360490416074,1297
cg24202131,0.08415346364944265,1297
cg00546153,0.08415275030436453,1297
cg20403938,0.08415122970794367,1297
cg13220569,0.08415094126085226,1297
cg21391452,0.08415056618246472,1297
cg01883843,0.08414980241612563,1297
cg00043076,0.08414948781299908,1297
cg04795662,0.08414859923122384,1297
cg02152985,0.08414708298121865,1297
cg06153448,0.08414684239594472,1297
cg11707067,0.0841465175698321,1297
cg12951526,0.0841458038253452,1297
cg06715135,0.08414543576051586,1297
cg21784036,0.08414485317767109,1297
cg12436377,0.08414347421864221,1297
cg13493563,0.0841434214692035,1297
cg12152002,0.08414331502907552,1297
cg11895835,0.08414220856165841,1297
cg06069154,0.08414212662017903,1297
cg05166022,0.08414182293921185,1297
cg01597387,0.08414168537971903,1297
cg25962657,0.08414129924757194,1297
cg08129583,0.08414053741832087,1297
cg17778883,0.08413978337389016,1297
cg01798595,0.0841395791190981,1297
cg25437411,0.08413886975622327,1297
cg20001810,0.08413840780327797,1297
cg01147467,0.0841377350076788,1297
cg17881600,0.08413698693045774,1297
cg16530587,0.08413562218531856,1297
cg06348423,0.08413525048331694,1297
cg12417466,0.08413408777713849,1297
cg09214412,0.08413373518624556,1297
cg23457862,0.08413278179619438,1297
cg01297721,0.08413261759819585,1297
cg14736365,0.08413225215516232,1297
cg08726900,0.08412685423348171,1297
cg13862927,0.08412647541604042,1297
cg01471572,0.08412592164733852,1297
cg13261536,0.08412306448073859,1297
cg24914355,0.08412099430886888,1297
cg14458619,0.08412092327237905,1297
cg05721476,0.08411973978047771,1297
cg04851639,0.08411968204977621,1297
cg09141075,0.08411899500435249,1297
cg01899676,0.08411891621153783,1297
cg01912955,0.08411873011810753,1297
cg26047066,0.08411818263083637,1297
cg19766441,0.08411774362301602,1297
cg06683458,0.08411766468154025,1297
cg09358975,0.08411572426478053,1297
cg13626676,0.08411532750498257,1297
cg18515063,0.08411183841823427,1297
cg22026255,0.08410978401299046,1297
cg18598146,0.08410950130952821,1297
cg00259834,0.08410799986358858,1297
cg18596947,0.08410763767417312,1297
cg02218506,0.08410673326269835,1297
cg19961013,0.0841057668252721,1297
cg03400139,0.08410573846592978,1297
cg13078381,0.08410482177266704,1297
cg27475652,0.08410432455405442,1297
cg17702455,0.08410339540152373,1297
cg05036634,0.08410331209890956,1297
cg13366738,0.08410288231784657,1297
cg14129855,0.08410224523425402,1297
cg10098221,0.08410027629476058,1297
cg00408678,0.08409994585874903,1297
cg26514492,0.08409945633504273,1297
cg03045231,0.08409918453621634,1297
cg10225865,0.08409911325880856,1297
cg17783827,0.08409906322046573,1297
cg15817769,0.08409778736713203,1297
cg16631088,0.08409563107112278,1297
cg23218957,0.08409407347138806,1297
cg23245942,0.08409385325327653,1297
cg03990033,0.08409356760693354,1297
cg00045762,0.08409244662010223,1297
cg10115320,0.08409244421282475,1297
cg03745234,0.08409040414474278,1297
cg19709608,0.08408924540528814,1297
cg21228500,0.08408875235106174,1297
cg04120272,0.08408855714137173,1297
cg00664697,0.08408766052783641,1297
cg17520909,0.08408727189089837,1297
cg14731044,0.08408497758239308,1297
cg07483086,0.08408491886222252,1297
cg07904568,0.08408423553120281,1297
cg14657277,0.08408405305934236,1297
cg12418043,0.08408255905986883,1297
cg02787327,0.08408240468551231,1297
cg16170767,0.08408231785004883,1297
cg10008137,0.08407924489724328,1297
cg01156295,0.08407902327929151,1297
cg12937434,0.0840789386829471,1297
cg17642941,0.08407864202627202,1297
cg07752120,0.08407849369962347,1297
cg20677267,0.08407842290954193,1297
cg04021363,0.08407835963193994,1297
cg11549265,0.08407826738525458,1297
cg03470646,0.08407773262142493,1297
cg00118978,0.08407643207434182,1297
cg16389078,0.08407345846630288,1297
cg06873564,0.08407215645411403,1297
cg01138098,0.08406973632312131,1297
cg03124880,0.08406963942101342,1297
cg16643422,0.08406945374183139,1297
cg17907200,0.08406911197126549,1297
cg22337977,0.0840609049544796,1297
cg01148731,0.08406024412480162,1297
cg11859982,0.08405984184016076,1297
cg05973028,0.08405913958345299,1297
cg18325044,0.08405887571034537,1297
cg06957447,0.08405859097652615,1297
cg20120438,0.0840576596273026,1297
cg06568346,0.08405763363768642,1297
cg19096475,0.08405649854353475,1297
cg26208507,0.08405603243692272,1297
cg16661662,0.08405559987741873,1297
cg14602222,0.08405520005999056,1297
cg26858238,0.08405518413624208,1297
cg05586607,0.08405478149143097,1297
cg23283423,0.08405402445527016,1297
cg18743793,0.08405328106590837,1297
cg12475507,0.08405287532492162,1297
cg19139618,0.0840527137057982,1297
cg22912997,0.08405271274602624,1297
cg14308313,0.08405096872762494,1297
cg17916835,0.08405075972669931,1297
cg21708130,0.08405034359339819,1297
cg00138041,0.0840501840423869,1297
cg00507008,0.08404991755079777,1297
cg12968752,0.08404962946805383,1297
cg00997251,0.08404961190162771,1297
cg11948905,0.0840494233162801,1297
cg05746500,0.08404859516365665,1297
cg15504747,0.08404835725369239,1297
cg14809932,0.08404829726094076,1297
cg03861217,0.08404828278102605,1297
cg08293777,0.0840478599155535,1297
cg23773946,0.0840476305247704,1297
cg13935127,0.084047343272622,1297
cg07242860,0.08404690242780954,1297
cg27316598,0.08404641296971974,1297
cg13918754,0.0840452836033866,1297
cg20689294,0.08404498207334751,1297
cg19443750,0.08404489907195573,1297
cg12280326,0.08404408443482991,1297
cg22379213,0.08404311091236563,1297
cg03604774,0.08404281313889855,1297
cg25015038,0.08404260607692193,1297
cg04635021,0.08404172872098081,1297
cg19193135,0.08404029995304996,1297
cg16282892,0.08403899669217846,1297
cg19542987,0.0840388811502331,1297
cg17709804,0.08403872372945095,1297
cg26531371,0.08403766953458741,1297
cg19190699,0.08403754124112739,1297
cg13702629,0.08403746261030562,1297
cg25778446,0.08403713150838615,1297
cg10655041,0.08403681942790261,1297
cg08195943,0.08403568649289139,1297
cg14106308,0.08403550710464958,1297
cg14137939,0.0840353746735268,1297
cg01699740,0.08403505113040255,1297
cg19285777,0.08403301396051399,1297
cg00090674,0.08403278747915593,1297
cg17935811,0.08403211232149797,1297
cg15244786,0.08403040096494307,1297
cg09188099,0.08403015372355566,1297
cg13069815,0.08402997546459778,1297
cg01270241,0.08402919870847558,1297
cg19375140,0.0840289187986506,1297
cg15033969,0.08402886730138151,1297
cg01165362,0.08402749637255746,1297
cg14009688,0.08402531822915438,1297
cg04858148,0.08402446323913537,1297
cg10839745,0.08402331290053516,1297
cg08781710,0.084022031570541,1297
cg25288140,0.08401978305837277,1297
cg01375075,0.08401971808413358,1297
cg26098401,0.08401851993713647,1297
cg22249612,0.08401783506530608,1297
cg20132775,0.08401715021678949,1297
cg13316472,0.0840168635571178,1297
cg20072442,0.08401568554065596,1297
cg11756095,0.08401491771831625,1297
cg14696458,0.0840146576019306,1297
cg14144366,0.08401420763635059,1297
cg05298458,0.08401396146676834,1297
cg22778797,0.08401292416250239,1297
cg15444185,0.08401269888190027,1297
cg14897263,0.0840116945877745,1297
cg16441388,0.08401099390092909,1297
cg11362310,0.08400985156598395,1297
cg06484146,0.08400977601338452,1297
cg16167166,0.0840087827526741,1297
cg07198345,0.08400608962899159,1297
cg00610310,0.08400586483156423,1297
cg21697381,0.08400581315351277,1297
cg25446460,0.08400579494147026,1297
cg04987734,0.0840051845669259,1297
cg17316649,0.08400337040219437,1297
cg19230025,0.08400277857982202,1297
cg09737314,0.0840021695636497,1297
cg19339179,0.08399822799633377,1297
cg09536336,0.08399619211873799,1297
cg20093339,0.08399481604918696,1297
cg15175143,0.08399440585087835,1297
cg24911113,0.08399351427104804,1297
cg17067544,0.08399320518468176,1297
cg06210630,0.08399299702722987,1297
cg06242243,0.0839923580403566,1297
cg20704442,0.08399222101130374,1297
cg03915432,0.08399180698642056,1297
cg04792216,0.08399123566184707,1297
cg16818395,0.08399118311192372,1297
cg10968958,0.08398735277457842,1297
cg09568355,0.0839873065500274,1297
cg20275928,0.08398717939441874,1297
cg27352715,0.08398642462727021,1297
cg26020695,0.08398612010524194,1297
cg27087243,0.08398580274992706,1297
cg20055101,0.08398562445818958,1297
cg11869007,0.08398553788335039,1297
cg15143788,0.08398551622188843,1297
cg07411420,0.08398541045564764,1297
cg05638689,0.08398522268323605,1297
cg15854847,0.08398454753903083,1297
cg04216575,0.08398451395638273,1297
cg20778547,0.08398408115760597,1297
cg09513276,0.0839837203344023,1297
cg10642330,0.08398356853355415,1297
cg09517033,0.08398279777033249,1297
cg22051964,0.08398110990384072,1297
cg14663451,0.0839806113897009,1297
cg13406145,0.08398049082504985,1297
cg15872458,0.08398008428297377,1297
cg16598679,0.08397970749316669,1297
cg26244646,0.0839794509338389,1297
cg25436634,0.08397882398652705,1297
cg11903133,0.08397809434323679,1297
cg05471495,0.08397796857684697,1297
cg15726154,0.08397767643170068,1297
cg04528771,0.08397730475249629,1297
cg27499850,0.08397600840309977,1297
cg23930711,0.0839752915277156,1297
cg05612673,0.08397475676605426,1297
cg06888460,0.08397455790683844,1297
cg15726055,0.0839720910912608,1297
cg23563234,0.08397145933151307,1297
cg05769153,0.08397049573245804,1297
cg15587792,0.08397046563271043,1297
cg20044923,0.08397003492070859,1297
cg26411747,0.08396892067375256,1297
cg14074117,0.08396850643698686,1297
cg06376715,0.08396788983108033,1297
cg11019134,0.08396619586011991,1297
cg13557594,0.08396589059418783,1297
cg27153327,0.08396344239081405,1297
cg23361275,0.08396324182830152,1297
cg05783139,0.08396304470088595,1297
cg16548780,0.08396215572056964,1297
cg17065850,0.08396205937405227,1297
cg20829967,0.08395902189687982,1297
cg19539556,0.0839583688944032,1297
cg14793826,0.0839578777864915,1297
cg00706570,0.08395537273068066,1297
cg01280881,0.08395532675323972,1297
cg05734456,0.08395504845935794,1297
cg00049709,0.08395418362642248,1297
cg14189782,0.08395352282177276,1297
cg07464977,0.08395182529633749,1297
cg07460010,0.08395170382961475,1297
cg17142183,0.08395152544792212,1297
cg06626750,0.08395087429620038,1297
cg21059878,0.08395064068624652,1297
cg19886853,0.08395050588648083,1297
cg08960448,0.08395000105231543,1297
cg09420637,0.08394972817790945,1297
cg18279094,0.08394890519598541,1297
cg21373156,0.08394816690816354,1297
cg06915321,0.08394732733883423,1297
cg24159253,0.08394644818659702,1297
cg12639192,0.08394636714893816,1297
cg27477277,0.08394417195344928,1297
cg14615128,0.08394295919489353,1297
cg09314421,0.08394244677763898,1297
cg22710065,0.08394121755689918,1297
cg01986648,0.08394105713041128,1297
cg06144361,0.0839406994702287,1297
cg19906534,0.08394051279118636,1297
cg00086346,0.08394034672254186,1297
cg22895083,0.0839388073821597,1297
cg14517810,0.08393784344794747,1297
cg18233931,0.08393771584428444,1297
cg19186105,0.08393728241291754,1297
cg25232795,0.08393689404226568,1297
cg23075506,0.08393671153790544,1297
cg09907228,0.08393518322235854,1297
cg05025071,0.08393435019447001,1297
cg05040360,0.08393322335537634,1297
cg24769381,0.08393186520843643,1297
cg09050670,0.08393089349710287,1297
cg01389386,0.08393070187654825,1297
cg03071582,0.08392986135567565,1297
cg06933370,0.08392963313125978,1297
cg00974255,0.08392942645021462,1297
cg13825930,0.08392779700045278,1297
cg08401938,0.08392450509329169,1297
cg05476522,0.08392260359566978,1297
cg24544177,0.08392095247002357,1297
cg01947066,0.08392075483367264,1297
cg10559351,0.08391808346067675,1297
cg05628616,0.08391532804279081,1297
cg25053386,0.08391490204115634,1297
cg15552158,0.08391214202437727,1297
cg24954210,0.08391110449998274,1297
cg01025774,0.08391057930578305,1297
cg14981532,0.08391040938602984,1297
cg02959759,0.08390939333886988,1297
cg05172122,0.08390890093982134,1297
cg05829696,0.08390873781047231,1297
cg22775789,0.0839081541514208,1297
cg20078807,0.08390804939385188,1297
cg03563169,0.08390778419963066,1297
cg09547025,0.08390697507238193,1297
cg19328828,0.08390646012226564,1297
cg02613827,0.08390541136026317,1297
cg16005540,0.0839045020200671,1297
cg16363586,0.08390425503472981,1297
cg15743985,0.08390244066565561,1297
cg00924017,0.08390196601833722,1297
cg15101392,0.08390183121355976,1297
cg24587175,0.08390172323926859,1297
cg08109646,0.08390159244595347,1297
cg20381372,0.08390055686766146,1297
cg22999786,0.08389752898272373,1297
cg11600734,0.08389591765809568,1297
cg23989673,0.08389583315520383,1297
cg22481770,0.08389472265094362,1297
cg09219280,0.08389430124685882,1297
cg23005885,0.08389217286016876,1297
cg10264012,0.08389201629115825,1297
cg08813888,0.08389192656317901,1297
cg13421412,0.0838912629821974,1297
cg25044651,0.08389041642800707,1297
cg09828575,0.08388922699069762,1297
cg06607919,0.08388903574936013,1297
cg26893231,0.08388764690112549,1297
cg22471075,0.08388591267601775,1297
cg13100962,0.08388417500965659,1297
cg10855276,0.08388321847433658,1297
cg10772304,0.08388145317636833,1297
cg26555531,0.08388097394350083,1297
cg02499925,0.08388074186503461,1297
cg16569309,0.08388008385221496,1297
cg12632411,0.08387955347000337,1297
cg14005246,0.0838790338421321,1297
cg00635343,0.08387829881271266,1297
cg09120722,0.08387806578579876,1297
cg08927006,0.08387737387194465,1297
cg00794881,0.08387672604421756,1297
cg25706683,0.08387671110815259,1297
cg01141459,0.08387659754361149,1297
cg16756589,0.08387601399911232,1297
cg04965987,0.08387382801394111,1297
cg01007458,0.0838735391375505,1297
cg05964212,0.08387332188706298,1297
cg16451358,0.08387328351857004,1297
cg09693588,0.08387282047782707,1297
cg26099834,0.08387249031619598,1297
cg20719980,0.08387194391491218,1297
cg14847045,0.08387165252550871,1297
cg25188165,0.08386998291094128,1297
cg03973705,0.08386975429153759,1297
cg03883784,0.0838694850161319,1297
cg18871253,0.08386809713702108,1297
cg01558110,0.0838667740607611,1297
cg24368848,0.08386599143097419,1297
cg22158769,0.0838659860272943,1297
cg19457763,0.08386550436029214,1297
cg20205188,0.08386538203856436,1297
cg08135718,0.08386492095129888,1297
cg26267666,0.08386421457936366,1297
cg16408784,0.08386402902883108,1297
cg10825530,0.08386360344651972,1297
cg20668221,0.08386268102820799,1297
cg17011134,0.08386226135429248,1297
cg11382082,0.08386217364027776,1297
cg25524464,0.08386112592621159,1297
cg24799460,0.08385952038576883,1297
cg02335804,0.08385939743335881,1297
cg02650512,0.08385875860547631,1297
cg17457014,0.08385769446596356,1297
cg18385254,0.0838571078910493,1297
cg01798375,0.08385682989444637,1297
cg05703230,0.08385601221050062,1297
cg21724239,0.08385600397414311,1297
cg17223866,0.08385504673755978,1297
cg00445405,0.08385360112296375,1297
cg21100077,0.08385339396714053,1297
cg14005725,0.08385226117669498,1297
cg20985269,0.08385223736102929,1297
cg02508204,0.08385207663600647,1297
cg17825572,0.08385181774466752,1297
cg11377642,0.0838516235622842,1297
cg08469215,0.08385105548608568,1297
cg05380808,0.08385071414089451,1297
cg03008515,0.08385039104700803,1297
cg21185686,0.08384895204180665,1297
cg22740492,0.08384725058879358,1297
cg01709766,0.08384718927822274,1297
cg09066326,0.08384661749046618,1297
cg16228086,0.08384552564464715,1297
cg23240617,0.08384443666360819,1297
cg14451382,0.08384391824908567,1297
cg09462575,0.08384310880743423,1297
cg18642369,0.08384146325780795,1297
cg15278262,0.08384138717136497,1297
cg15469709,0.0838405897768569,1297
cg11744006,0.0838401416787406,1297
cg08514311,0.08384002715146555,1297
cg16294641,0.08383869355296691,1297
cg04139007,0.08383860201042262,1297
cg16232530,0.0838381771746165,1297
cg07950803,0.0838363357676481,1297
cg18709904,0.0838355734243677,1297
cg04112100,0.08383548941267399,1297
cg14342850,0.08383501386293667,1297
cg16887183,0.0838345433851409,1297
cg15001215,0.0838335377149185,1297
cg11659652,0.08383283613530057,1297
cg10118717,0.08383269712225438,1297
cg18780769,0.08383260851965077,1297
cg14169333,0.083832586957608,1297
cg20579480,0.08383140217039164,1297
cg06166785,0.08383120858798138,1297
cg18720486,0.08383009340249364,1297
cg14575739,0.08382994961287193,1297
cg17129017,0.0838273924019447,1297
cg12668043,0.08382732207518906,1297
cg05754872,0.08382708636693742,1297
cg15361750,0.08382607377331189,1297
cg14883605,0.08382549065570569,1297
cg03019986,0.08382410018827746,1297
cg17840849,0.08382225993521997,1297
cg09236126,0.08382181174968306,1297
cg21181051,0.08382150682072953,1297
cg18882407,0.08382128516112483,1297
cg01548889,0.08381764515543616,1297
cg00164941,0.08381736485131772,1297
cg13595161,0.08381678929256792,1297
cg23722274,0.08381579009018997,1297
cg22509057,0.08381568519124882,1297
cg17862152,0.08381525982393165,1297
cg24664470,0.0838121669679539,1297
cg19606290,0.08381061583971608,1297
cg13742374,0.08381059504981703,1297
cg23907051,0.0838102435722493,1297
cg27535538,0.08381019564456724,1297
cg11762595,0.08380964314932116,1297
cg20216139,0.08380921098357552,1297
cg26575622,0.0838088806592911,1297
cg04236178,0.08380877786028912,1297
cg02319990,0.0838084272759897,1297
cg16565394,0.08380766377452911,1297
cg16401465,0.08380752076283554,1297
cg22864617,0.08380551969799221,1297
cg12786198,0.08380466540200451,1297
cg07253432,0.0838040581321507,1297
cg17905091,0.0838038421434949,1297
cg13381110,0.08380347507345079,1297
cg10044575,0.08380154707713519,1297
cg05195017,0.0838010482612781,1297
cg13575139,0.08380008976364986,1297
cg08461760,0.08379950318065549,1297
cg19531604,0.08379893014489082,1297
cg04586579,0.08379791817569654,1297
cg15428435,0.08379741721121561,1297
cg22131172,0.08379634147139609,1297
cg26545580,0.08379410703623558,1297
cg04120400,0.08379399029452966,1297
cg19375492,0.08379280138859685,1297
cg06066697,0.08379267973565718,1297
cg27031754,0.08379161228304804,1297
cg15626421,0.08379088306438875,1297
cg22787034,0.08379078065884915,1297
cg11861562,0.08379076180476577,1297
cg23833543,0.08379059484440426,1297
cg20064558,0.08378992226149151,1297
cg11075353,0.08378982088949455,1297
cg01222180,0.08378887300121818,1297
cg24878478,0.08378817869732114,1297
cg11038231,0.08378770092100096,1297
cg08591265,0.0837871798466397,1297
cg24840099,0.083786355528149,1297
cg05279092,0.08378556392584577,1297
cg10213873,0.08378529778523058,1297
cg04147906,0.08378438912450653,1297
cg11003780,0.08378369195109192,1297
cg21287054,0.08378236716429681,1297
cg00428457,0.08378236275181644,1297
cg04842553,0.08377978675916078,1297
cg13393408,0.08377975337427768,1297
cg04258676,0.08377938202214968,1297
cg06784824,0.0837792919563469,1297
cg03625287,0.08377916005706647,1297
cg11067786,0.08377911127739818,1297
cg26210445,0.08377861881078487,1297
cg08617683,0.08377642646314865,1297
cg12544951,0.08377629255338676,1297
cg00576075,0.08377406678319307,1297
cg13318771,0.08377397278483589,1297
cg12762799,0.0837733202597433,1297
cg24260135,0.08377310863955167,1297
cg15123730,0.08377304026636412,1297
cg13654588,0.08377298900111065,1297
cg16891968,0.08377279750921812,1297
cg02739870,0.08377039860757476,1297
cg02717339,0.0837699804677432,1297
cg00250454,0.08376968360983711,1297
cg21461564,0.08376729244855521,1297
cg09864185,0.0837672864766481,1297
cg26352676,0.08376711415118296,1297
cg05342469,0.08376581815821521,1297
cg09789768,0.08376466316047854,1297
cg06745511,0.08376429194219258,1297
cg06423211,0.08376389974391915,1297
cg00215017,0.08376354943886721,1297
cg01655667,0.08376263668341971,1297
cg25896734,0.08376156218456926,1297
cg06825512,0.08376151473003407,1297
cg14588003,0.08375879312720552,1297
cg19791271,0.0837587815227516,1297
cg25818763,0.08375781312953506,1297
cg24149658,0.08375743172811703,1297
cg03445151,0.08375592708813867,1297
cg20141359,0.0837552021691231,1297
cg14185229,0.08375487480877644,1297
cg13515856,0.08375413789439207,1297
cg10596483,0.08375371761595751,1297
cg16074271,0.08375349293278211,1297
cg15023513,0.0837522825543594,1297
cg13862860,0.08375224704773943,1297
cg15036529,0.08375138295812651,1297
cg04810745,0.0837511939327521,1297
cg02930866,0.08375072412368795,1297
cg25874782,0.0837501651226078,1297
cg24402683,0.08374961501061853,1297
cg12336540,0.08374927891529976,1297
cg07545317,0.08374831101364083,1297
cg04037236,0.0837473875000897,1297
cg06159896,0.08374710825269754,1297
cg22994830,0.08374643387461567,1297
cg04293307,0.08374351522235812,1297
cg27531571,0.0837431705490397,1297
cg11307565,0.08374242926592074,1297
cg25762396,0.08374212574979588,1297
cg07145038,0.08374187251388004,1297
cg03625141,0.08374170602306674,1297
cg22513691,0.08374164396592021,1297
cg08496123,0.08373960900783622,1297
cg09178190,0.08373935234739874,1297
cg24505341,0.08373827531926561,1297
cg27177841,0.08373788154100528,1297
cg25707745,0.0837359332594177,1297
cg06830360,0.08373578008955951,1297
cg27484878,0.08373484136554069,1297
cg15244778,0.08373447178372134,1297
cg07610765,0.08373429461183579,1297
cg04217706,0.08373422343515646,1297
cg26325335,0.08373331688746588,1297
cg18409732,0.08373321733272907,1297
cg14761019,0.08373287552483433,1297
cg15763899,0.08373135916470284,1297
cg14563954,0.0837308421873729,1297
cg08025954,0.08372816444602327,1297
cg00676030,0.08372813183201488,1297
cg08148553,0.08372600042243263,1297
cg09990481,0.08372590661930673,1297
cg11845549,0.08372470130860613,1297
cg20469139,0.08372461305948814,1297
cg17431079,0.08372368169074379,1297
cg12835012,0.0837235588351521,1297
cg17177599,0.08372345870840625,1297
cg05167429,0.08372314999837777,1297
cg12433575,0.08372215841469766,1297
cg25937577,0.08372167569837319,1297
cg19825203,0.08372093961305682,1297
cg20373635,0.08372044704219947,1297
cg18384778,0.08371984918272088,1297
cg09289005,0.08371928952131652,1297
cg02856402,0.08371767323690688,1297
cg12757011,0.08371666334352734,1297
cg21756587,0.08371630793337764,1297
cg24338941,0.08371446858649054,1297
cg06962787,0.08371426299626789,1297
cg05698294,0.08371388734471802,1297
cg01492538,0.08371245946551165,1297
cg26470309,0.08371117710512932,1297
cg27313271,0.08370957067375201,1297
cg07998908,0.08370842570513964,1297
cg05245794,0.08370731951335644,1297
cg02764897,0.08370710452182445,1297
cg03817667,0.08370681107530009,1297
cg15064086,0.08370583922750571,1297
cg08423507,0.08370572334692133,1297
cg18089426,0.08370516726026733,1297
cg23629935,0.08370401884151432,1297
cg02711128,0.08370200949100681,1297
cg02882004,0.0837018958561428,1297
cg26603050,0.08370177992142325,1297
cg10010103,0.08370163677286777,1297
cg03890037,0.08370044982534455,1297
cg20856834,0.08369996751228873,1297
cg14920846,0.08369885928261336,1297
cg04145765,0.0836975114865704,1297
cg06801384,0.0836969698186058,1297
cg24360034,0.08369227048046884,1297
cg19285797,0.08369133542229723,1297
cg23820589,0.08369118157782252,1297
cg02335642,0.0836898994158179,1297
cg11007962,0.08368954927507188,1297
cg00524374,0.08368932824342384,1297
cg24656005,0.08368911526447326,1297
cg20962444,0.08368771006577463,1297
cg26155802,0.08368589205426541,1297
cg12075498,0.08368581456820984,1297
cg21741708,0.08368511283796753,1297
cg02553039,0.0836843341078794,1297
cg01558501,0.08368418379049372,1297
cg09851545,0.0836822438322048,1297
cg13985518,0.08368194054668843,1297
cg13546935,0.08368126318380094,1297
cg01829889,0.08368120630483655,1297
cg27655168,0.0836810925360903,1297
cg00178897,0.08368077431301081,1297
cg06450976,0.08368062914421254,1297
cg06771100,0.08368062256913589,1297
cg18791929,0.08368051764665363,1297
cg15203905,0.08368014816311622,1297
cg03221914,0.0836784685475706,1297
cg17897626,0.08367796361973946,1297
cg07802710,0.08367761543400692,1297
cg05859533,0.08367749055924922,1297
cg00077904,0.08367684718152474,1297
cg05544413,0.0836761414947847,1297
cg20423693,0.08367581249051381,1297
cg04684114,0.08367401990499099,1297
cg17310258,0.08367341293720637,1297
cg20210051,0.08367161757026653,1297
cg11492723,0.08367106691174092,1297
cg26511321,0.08367104894900279,1297
cg22918700,0.08367083226232752,1297
cg21866125,0.0836696758555219,1297
cg14602234,0.0836675982782748,1297
cg27576485,0.08366637648822237,1297
cg00343433,0.08366612975954657,1297
cg00593536,0.08366540269393927,1297
cg19590934,0.0836645471217341,1297
cg07594833,0.08366443052916972,1297
cg26999360,0.08366352797817378,1297
cg01634146,0.08366343801222631,1297
cg09169516,0.08366302425151184,1297
cg27183188,0.08366219396983474,1297
cg15651345,0.08366193380978118,1297
cg25671438,0.08366157281647649,1297
cg24003508,0.08366100151427501,1297
cg22677475,0.08365990556533509,1297
cg23748340,0.08365962899967228,1297
cg05017639,0.0836571691541802,1297
cg22586726,0.0836565579724462,1297
cg09077096,0.08365652314243222,1297
cg11382529,0.08365585232594291,1297
cg03835233,0.08365549091596813,1297
cg25288034,0.08365502112118284,1297
cg17080893,0.08365408919735598,1297
cg19215671,0.0836540617156541,1297
cg02701278,0.08365355918826974,1297
cg21831485,0.08365024150954209,1297
cg14975160,0.08364996099910005,1297
cg06684911,0.0836494014257996,1297
cg26019472,0.08364918075191013,1297
cg26012482,0.08364862401236617,1297
cg04804726,0.08364784591086816,1297
cg00554969,0.08364780212969122,1297
cg16071125,0.08364777734980339,1297
cg00344445,0.08364718939822208,1297
cg13033578,0.0836470630883657,1297
cg23737927,0.08364698794291126,1297
cg10994379,0.08364603234930781,1297
cg16587725,0.08364570195210624,1297
cg16746221,0.08364450091223757,1297
cg27098470,0.08364288052191685,1297
cg14328115,0.08364139972643192,1297
cg14166009,0.0836413170181879,1297
cg02001060,0.08364122499477691,1297
cg03894284,0.08364099339010167,1297
cg11103390,0.08364082434505654,1297
cg25950739,0.0836406567836056,1297
cg08457298,0.0836405976318994,1297
cg01010328,0.08364056583436874,1297
cg25173464,0.08363983957176277,1297
cg00297876,0.08363768637308483,1297
cg07537562,0.0836366105787626,1297
cg03505125,0.08363598666636468,1297
cg24528866,0.08363532058803191,1297
cg09044294,0.08363506316005953,1297
cg03082589,0.08363431760006274,1297
cg20772512,0.08363380987089228,1297
cg10132010,0.08363251465282712,1297
cg00103448,0.08363225453462608,1297
cg13216112,0.08363032067053819,1297
cg27085488,0.08363001754019772,1297
cg08386867,0.08362812807283532,1297
cg12011596,0.08362789167417523,1297
cg15752436,0.08362788794129478,1297
cg07013955,0.08362771796189433,1297
cg16292885,0.08362766633943436,1297
cg26037504,0.08362585642091519,1297
cg24421906,0.08362532526204758,1297
cg27012396,0.0836233056326901,1297
cg09156073,0.08362318836316596,1297
cg06716419,0.08362164214117385,1297
cg18486698,0.08362123677528882,1297
cg05239504,0.08362096542137837,1297
cg17392201,0.08361910483402515,1297
cg13384501,0.08361869217487733,1297
cg18580232,0.08361815815310608,1297
cg26058474,0.08361718774458543,1297
cg18996355,0.08361690194833993,1297
cg09184832,0.08361619924152686,1297
cg13822849,0.08361601365063473,1297
cg15716210,0.08361570895918741,1297
cg22338127,0.08361565042950325,1297
cg08332866,0.08361397971104852,1297
cg07102913,0.08361373997980603,1297
cg06452558,0.08361310541074346,1297
cg16681157,0.08361294070916414,1297
cg27384695,0.0836112810688685,1297
cg10278318,0.08361007062067166,1297
cg05346831,0.08360954481367672,1297
cg17809377,0.08360760268676487,1297
cg00164038,0.08360647512364844,1297
cg06730285,0.08360497471168563,1297
cg13921444,0.08360482499128202,1297
cg15397593,0.08360443577132459,1297
cg25755057,0.08360415415045924,1297
cg14159452,0.08360412046610288,1297
cg14698665,0.08360196486250279,1297
cg02271790,0.08360170185599122,1297
cg07419795,0.08360157446460514,1297
cg21171279,0.08360012424100988,1297
cg04347708,0.08359977984868561,1297
cg10684794,0.08359919779773539,1297
cg14936266,0.0835982762869632,1297
cg23644457,0.08359767526291428,1297
cg20296924,0.08359650073744629,1297
cg23882945,0.08359623601253818,1297
cg18443437,0.08359613472420502,1297
cg15922246,0.08359584561565137,1297
cg22137471,0.08359558773354964,1297
cg05321594,0.08359557015697283,1297
cg12060472,0.08359525607977308,1297
cg22229906,0.08359472536815038,1297
cg18809039,0.0835946060174898,1297
cg08143343,0.08359399217583588,1297
cg01428953,0.08359332886441426,1297
cg05985961,0.08359258903092498,1297
cg02363526,0.08359208332679186,1297
cg11670174,0.08359208119062667,1297
cg17720013,0.08359183693475447,1297
cg23218363,0.0835903095069171,1297
cg05413199,0.08359015829672703,1297
cg25885280,0.08358867336262954,1297
cg15339435,0.08358810581007661,1297
cg00101457,0.08358676734555817,1297
cg01237056,0.08358623306571056,1297
cg11060806,0.08358620932574962,1297
cg08695416,0.08358608327677994,1297
cg24057204,0.0835852029096304,1297
cg07698804,0.08358494441802877,1297
cg15189793,0.08358483768804217,1297
cg07963563,0.08358259453895006,1297
cg01738022,0.08358248324531525,1297
cg18720326,0.08358206896360365,1297
cg00658590,0.08357934167071379,1297
cg26154047,0.08357908128594194,1297
cg11838237,0.08357899636411992,1297
cg00665114,0.08357889199493035,1297
cg24361265,0.08357850029642921,1297
cg17789809,0.08357809142828176,1297
cg07353006,0.08357650502933989,1297
cg15711744,0.08357637175657906,1297
cg19235893,0.08357546889094933,1297
cg01281175,0.08357364099078451,1297
cg16246661,0.08357335474938477,1297
cg25738786,0.08357229056819324,1297
cg09199014,0.08357114141303912,1297
cg25180342,0.0835707676388874,1297
cg04039397,0.08357055367999805,1297
cg16843056,0.08357030560185402,1297
cg03699623,0.08357023814173298,1297
cg16854876,0.08356815556886393,1297
cg10024909,0.08356719321250375,1297
cg23705108,0.08356719160579873,1297
cg13556452,0.08356472684090882,1297
cg02468320,0.08356465613571518,1297
cg10214421,0.08356389254726494,1297
cg05243700,0.08356286592952966,1297
cg13655169,0.08356262666595705,1297
cg06749803,0.08355874364205615,1297
cg03455736,0.08355865147177138,1297
cg20852945,0.08355777873869363,1297
cg11855643,0.08355726489213261,1297
cg07854959,0.08355531517534256,1297
cg10578701,0.08355530326295718,1297
cg26618041,0.08355359727901471,1297
cg24939733,0.08355325574352435,1297
cg24115232,0.08355297957310137,1297
cg20608100,0.08355289934718307,1297
cg02071243,0.08355246363796436,1297
cg07210840,0.08355245767695788,1297
cg07501029,0.08355221599350512,1297
cg00944163,0.08355115453930251,1297
cg22888055,0.08355101159948988,1297
cg18894440,0.0835502808548842,1297
cg02886033,0.08355021581517919,1297
cg19872681,0.0835502117648631,1297
cg04044684,0.0835491838284661,1297
cg19332075,0.0835479341076957,1297
cg14291878,0.0835478136692091,1297
cg17356750,0.08354631301151644,1297
cg23990272,0.0835447960291551,1297
cg20954484,0.0835442565363147,1297
cg16549043,0.08354367653508468,1297
cg07060794,0.0835433532560147,1297
cg11630242,0.08354272585666167,1297
cg23024047,0.08354216343181523,1297
cg05057515,0.08354194527182865,1297
cg12566152,0.08354184086506738,1297
cg02397205,0.08354110467276438,1297
cg26547576,0.08353987818016936,1297
cg02892772,0.0835395502353588,1297
cg20551756,0.08353761969570847,1297
cg18133284,0.08353613638669477,1297
cg05891548,0.0835351922502574,1297
cg12586150,0.08353518920706168,1297
cg01684256,0.08353454597942267,1297
cg22010617,0.08353421927463467,1297
cg25876586,0.08353305730197019,1297
cg25726128,0.08353302502001508,1297
cg04697262,0.0835329441855658,1297
cg25888700,0.08353286728716397,1297
cg09967633,0.08353205463798377,1297
cg08792703,0.08353196252958384,1297
cg06875413,0.08352966649587201,1297
cg01716975,0.08352932409814756,1297
cg04852949,0.08352885683697453,1297
cg17801546,0.08352842251694173,1297
cg14103446,0.08352758522247172,1297
cg01213381,0.08352700858843792,1297
cg11223512,0.08352677313109541,1297
cg26149682,0.0835265888865469,1297
cg04265188,0.08352634410349821,1297
cg15148573,0.08352407727342231,1297
cg16333374,0.08352259257932393,1297
cg20452714,0.08352147040611613,1297
cg09132634,0.08352132393708334,1297
cg08094206,0.0835211378323972,1297
cg26905931,0.08352036001477464,1297
cg06092815,0.08351972760514931,1297
cg06307913,0.08351929297417905,1297
cg08206318,0.08351795223829983,1297
cg07913124,0.08351700576656684,1297
cg10572354,0.0835149375055263,1297
cg00378999,0.08351282840127655,1297
cg07159802,0.08351278804459356,1297
cg07338205,0.08351160652219453,1297
cg23348764,0.08350925113726926,1297
cg10344081,0.08350903903018395,1297
cg13568956,0.08350898395944861,1297
cg04204246,0.08350861087256989,1297
cg24367777,0.0835078320485502,1297
cg21250756,0.08350691532181803,1297
cg25033144,0.08350638488057521,1297
cg05152503,0.08350515151839982,1297
cg11935523,0.08350502396048587,1297
cg21362390,0.08350495101955019,1297
cg22481673,0.08350463355944221,1297
cg14324358,0.08350451690161503,1297
cg03983213,0.08350374576966721,1297
cg17783244,0.08350368908452302,1297
cg16391182,0.08350306515102845,1297
cg06377716,0.08350139638938281,1297
cg17923401,0.0834995889467312,1297
cg15131789,0.08349914669740588,1297
cg14547726,0.08349878708361841,1297
cg00679731,0.08349878056930962,1297
cg02984092,0.08349846890782114,1297
cg06427571,0.08349771038261963,1297
cg09615505,0.08349673950809647,1297
cg02318784,0.08349487977821504,1297
cg03115048,0.08349482280063403,1297
cg27581493,0.08349413948936033,1297
cg00095431,0.08349358204064533,1297
cg20587874,0.08349320528903656,1297
cg00644823,0.0834910951243997,1297
cg25416153,0.08349031617740538,1297
cg16509531,0.08349021209372076,1297
cg02330706,0.08349020631737364,1297
cg03538499,0.08349019009471867,1297
cg18777299,0.08348964498544637,1297
cg11526778,0.08348936471233043,1297
cg13873869,0.0834892867794858,1297
cg04690998,0.08348920030030049,1297
cg04065767,0.08348916104804233,1297
cg00618312,0.08348905467799161,1297
cg01851450,0.08348812427142493,1297
cg12094104,0.0834877592293698,1297
cg06410866,0.0834874964230852,1297
cg10120555,0.0834865114520642,1297
cg09981198,0.08348560164768054,1297
cg09736286,0.08348524250866596,1297
cg25284031,0.08348512168637753,1297
cg20009327,0.08348496728020446,1297
cg12214003,0.08348427277882375,1297
cg03882437,0.08348397062365055,1297
cg13435137,0.08348365204766767,1297
cg18472912,0.08348096153388718,1297
cg24427243,0.08347927226682361,1297
cg10415021,0.08347799280243667,1297
cg22763649,0.08347691776728955,1297
cg21778518,0.08347482818259616,1297
cg03280245,0.0834744160744092,1297
cg09438075,0.08347415805657576,1297
cg11314779,0.0834738026792301,1297
cg09297288,0.08347294649590646,1297
cg03217995,0.08347265788410616,1297
cg25950278,0.08347214179036253,1297
cg06374079,0.08347210305649276,1297
cg18330082,0.08347088141071524,1297
cg13546223,0.0834706996494825,1297
cg25682097,0.08347068990903417,1297
cg03804126,0.08346989136416172,1297
cg05695007,0.083468755785365,1297
cg04024481,0.08346831747895664,1297
cg17687367,0.08346778864906157,1297
cg13209739,0.08346610572112634,1297
cg01462353,0.08346610327338339,1297
cg26280179,0.08346609141419142,1297
cg19302210,0.08346599660057846,1297
cg26975476,0.08346572567180571,1297
cg03907390,0.08346571870286701,1297
cg00691123,0.08346528526637279,1297
cg22733608,0.08346444406030756,1297
cg11043571,0.08346307003653486,1297
cg14067101,0.08346255625839338,1297
cg22472360,0.08346226317050365,1297
cg19766471,0.08346218375966558,1297
cg16689434,0.08346186631233846,1297
cg18446336,0.083461764179909,1297
cg14219918,0.0834607993407015,1297
cg24469849,0.08345955790353976,1297
cg22621272,0.08345939947195857,1297
cg06003388,0.08345892485173784,1297
cg19248958,0.0834584813633878,1297
cg21806592,0.08345847292137043,1297
cg11854183,0.08345841806468396,1297
cg25545323,0.08345688931867074,1297
cg00927624,0.08345662810996862,1297
cg27320213,0.08345389668692443,1297
cg14278148,0.0834517738282761,1297
cg03188519,0.08345136476594353,1297
cg18137450,0.08345130343465174,1297
cg03028216,0.08345056214009583,1297
cg26598540,0.08345038282573097,1297
cg19764973,0.08344991593323708,1297
cg16786756,0.08344825493075952,1297
cg15065561,0.08344675094248466,1297
cg16696400,0.08344505957301601,1297
cg06382344,0.0834432576972728,1297
cg11150074,0.08344319523137023,1297
cg13797468,0.08344238074687993,1297
cg09308580,0.08344224764738212,1297
cg02521389,0.0834415536853157,1297
cg01326421,0.0834411531133567,1297
cg03207054,0.08344029687527602,1297
cg12206199,0.08343986611368426,1297
cg09355027,0.08343964640881457,1297
cg08000301,0.08343874581191141,1297
cg02614024,0.08343847304549895,1297
cg22556554,0.08343830434494726,1297
cg20592017,0.08343796564236733,1297
cg22960901,0.08343788066224053,1297
cg19539986,0.08343721125849729,1297
cg11810135,0.08343591052873511,1297
cg01410163,0.08343462428652033,1297
cg11412129,0.08343459244487192,1297
cg13835852,0.0834327248930154,1297
cg02772121,0.08343182053668335,1297
cg17421046,0.08343111284441163,1297
cg16309319,0.08342942132227499,1297
cg27661793,0.08342925216935038,1297
cg16002810,0.08342876082645145,1297
cg02614016,0.08342612151880163,1297
cg10133777,0.08342577241764365,1297
cg20464143,0.08342522834176752,1297
cg11695684,0.0834251167575698,1297
cg26133196,0.08342427051705192,1297
cg18477928,0.08342418472255514,1297
cg09130535,0.08342409920846403,1297
cg14156498,0.08342335576891602,1297
cg24913794,0.08342262614782664,1297
cg13696490,0.08342231455347304,1297
cg01336231,0.08341968408757895,1297
cg24915508,0.08341962046248697,1297
cg23114594,0.08341820353208712,1297
cg01172872,0.0834180318576149,1297
cg15133917,0.08341586130552775,1297
cg19393008,0.08341582241256579,1297
cg05991492,0.08341531654638085,1297
cg16713551,0.08341499744813877,1297
cg10988187,0.08341447762766102,1297
cg01729020,0.08341388136552105,1297
cg20145009,0.08341355429937111,1297
cg27220117,0.08341231818816172,1297
cg01224520,0.08341204502220956,1297
cg06620200,0.0834119457096694,1297
cg04088817,0.0834112200594177,1297
cg13569431,0.08341105196266291,1297
cg21519654,0.08341084062693405,1297
cg03248292,0.08341015293690579,1297
cg17745392,0.0834087821281762,1297
cg12406992,0.0834080574978251,1297
cg23831864,0.08340794981317251,1297
cg03312587,0.0834067833034022,1297
cg02262167,0.0834049963020213,1297
cg10735582,0.08340464382879209,1297
cg20818806,0.0834046269702256,1297
cg10098570,0.08340443981073267,1297
cg14659606,0.0834038485773256,1297
cg24393700,0.08340365201100736,1297
cg03666776,0.08340316819333876,1297
cg03467555,0.0834030679808977,1297
cg14801518,0.08340230469597426,1297
cg16377108,0.08340123681266248,1297
cg06315439,0.08340047945885956,1297
cg12860156,0.0833999534624163,1297
cg26019259,0.08339994334261358,1297
cg25304107,0.0833980741415532,1297
cg11253913,0.08339784473264078,1297
cg04865442,0.08339761211570355,1297
cg01157650,0.08339702413191946,1297
cg08772942,0.08339573689176139,1297
cg07005640,0.08339459417180167,1297
cg04144365,0.08339434294864922,1297
cg24851370,0.08339345986345831,1297
cg06966245,0.08339160808246099,1297
cg00778880,0.08339143029936771,1297
cg16850192,0.08338864606351093,1297
cg26980729,0.08338841274397524,1297
cg05403346,0.08338472104179795,1297
cg19764370,0.08338465345752671,1297
cg06534853,0.08338440680648743,1297
cg07326765,0.08338425820064044,1297
cg10664801,0.0833840769148026,1297
cg26822438,0.08338373872272078,1297
cg17762073,0.08338311612257757,1297
cg21234471,0.08338238867495301,1297
cg14294953,0.08338107884658374,1297
cg03719555,0.08338078990518086,1297
cg02078896,0.08337999529331225,1297
cg16831889,0.08337883299199939,1297
cg01344171,0.08337593030702695,1297
cg08202754,0.08337427660622643,1297
cg19169535,0.08337400041257859,1297
cg14565781,0.08337312519912665,1297
cg10369955,0.0833723211335542,1297
cg08771114,0.08337171399370513,1297
cg01568317,0.08337131589667912,1297
cg05584078,0.08337074150889595,1297
cg01909856,0.08336988504938164,1297
cg20659752,0.08336911782716144,1297
cg00880452,0.0833684977324535,1297
cg01734045,0.08336717518125558,1297
cg05455720,0.0833657624992114,1297
cg15224459,0.08336461993235167,1297
cg11820931,0.08336427445419808,1297
cg15770702,0.08336394530204094,1297
cg01819142,0.08336345878992313,1297
cg17064870,0.0833628931404532,1297
cg19692314,0.08336265128406545,1297
cg10106284,0.08336158641655772,1297
cg10318258,0.08336035999584762,1297
cg05254143,0.08335997835985481,1297
cg10836431,0.08335982986978147,1297
cg15609734,0.08335933251302996,1297
cg18884942,0.08335868550588466,1297
cg01872872,0.08335860852070645,1297
cg20668096,0.08335852784995929,1297
cg23237765,0.08335723654595278,1297
cg03122926,0.08335715727159615,1297
cg07139329,0.08335702344416339,1297
cg11335335,0.08335632697578366,1297
cg20051118,0.08335579888438813,1297
cg24579589,0.08335461872354832,1297
cg07330481,0.08335441187973675,1297
cg17059185,0.08335440701342317,1297
cg26199857,0.08335433241412962,1297
cg09510698,0.08335401600402709,1297
cg07412043,0.0833530193542924,1297
cg26404226,0.08335254568743461,1297
cg11178337,0.08335233526487454,1297
cg23352157,0.08335209133323368,1297
cg24402300,0.0833516839897441,1297
cg08038402,0.08335118403491631,1297
cg04606773,0.08335112301354825,1297
cg20690420,0.08335047955987707,1297
cg24848452,0.08334952829393999,1297
cg17641252,0.08334888272642554,1297
cg10986462,0.0833481404856179,1297
cg19771748,0.08334544745143918,1297
cg01046507,0.08334533131373156,1297
cg04405612,0.08334500571059861,1297
cg20316440,0.08334467931957201,1297
cg02927327,0.08334314187760306,1297
cg23989757,0.08334309685936542,1297
cg20047489,0.08334241696188555,1297
cg13878974,0.08334214815031704,1297
cg11284959,0.08334192753434477,1297
cg26365854,0.08334143220648449,1297
cg17863743,0.08334124308348012,1297
cg00595030,0.08333998288572378,1297
cg06842954,0.08333988365730909,1297
cg18390991,0.08333901832338814,1297
cg09712682,0.08333884937952818,1297
cg21034405,0.08333757129491798,1297
cg00428160,0.08333683870802144,1297
cg27337194,0.08333610165882255,1297
cg19866866,0.08333367683652909,1297
cg01403055,0.08333113531911053,1297
cg27579609,0.08333082177516572,1297
cg12691994,0.08332977096156105,1297
cg14093106,0.08332929386967622,1297
cg06759874,0.08332818444723655,1297
cg03953088,0.08332791806528228,1297
cg10875695,0.08332758503282411,1297
cg09870910,0.08332623913130799,1297
cg03435384,0.08332606029212952,1297
cg05919044,0.08332571925801274,1297
cg00850538,0.08332558265059387,1297
cg18402987,0.08332413080937967,1297
cg17970282,0.08332388598122265,1297
cg13659051,0.0833236551437857,1297
cg14781262,0.08332361821614065,1297
cg03858663,0.08332312417300128,1297
cg16191088,0.08332270643553374,1297
cg01898964,0.0833225983025658,1297
cg03764965,0.08332257757129446,1297
cg05970811,0.08332219947975278,1297
cg10947831,0.08332217105869849,1297
cg10019018,0.08332177205596047,1297
cg15531536,0.08332108701906493,1297
cg13786023,0.08332045244464353,1297
cg13551074,0.08332042559619174,1297
cg17920789,0.08332040662931384,1297
cg19641804,0.0833203523429441,1297
cg06718003,0.08331977000277924,1297
cg10826956,0.08331969217688556,1297
cg01504212,0.08331929872210025,1297
cg14399930,0.08331848494194365,1297
cg21302480,0.08331811533031591,1297
cg18268547,0.08331788393360393,1297
cg02259324,0.08331774663458778,1297
cg10757144,0.08331763677768675,1297
cg22443762,0.08331599864090286,1297
cg20086657,0.08331558112772788,1297
cg13813366,0.0833149714281673,1297
cg17159699,0.08331495888200052,1297
cg19385090,0.08331494230043215,1297
cg22249121,0.0833143454985899,1297
cg16679297,0.08331433706577901,1297
cg00411072,0.08331408115758249,1297
cg07701579,0.08331223115445416,1297
cg00852414,0.08331140743296617,1297
cg15892964,0.08330999880568794,1297
cg16899306,0.08330982253974212,1297
cg05347845,0.08330969689204398,1297
cg11525409,0.08330839631811693,1297
cg13821051,0.08330831249394843,1297
cg09667606,0.08330813047999397,1297
cg02517528,0.0833080224063642,1297
cg22285671,0.08330686165289006,1297
cg06923967,0.08330633935074391,1297
cg06064212,0.0833061123196594,1297
cg18222083,0.08330550651087451,1297
cg01128460,0.08330445495981997,1297
cg13181974,0.08330337454574237,1297
cg27338353,0.08330284937030527,1297
cg19269473,0.08330259814531506,1297
cg22507069,0.08330234525713044,1297
cg18677812,0.08330151279153719,1297
cg10588023,0.08330014268095154,1297
cg16812893,0.08329963839362764,1297
cg16038120,0.08329942213786992,1297
cg12198813,0.08329685079315335,1297
cg07317983,0.08329622158085492,1297
cg02829688,0.08329582578362484,1297
cg22467594,0.08329571513847134,1297
cg19043800,0.08329431331075457,1297
cg08663634,0.08329428227088226,1297
cg17942618,0.08329341408414015,1297
cg12593511,0.08329275169602621,1297
cg05064925,0.08329223960526885,1297
cg06174882,0.08329203786762757,1297
cg03323067,0.08329190095752412,1297
cg04067806,0.08329120013114455,1297
cg06768670,0.08328993600144585,1297
cg22643217,0.0832898931248881,1297
cg10236778,0.08328855249377684,1297
cg10437224,0.0832879404616077,1297
cg13050240,0.08328764017296571,1297
cg02390515,0.08328673256890284,1297
cg23509724,0.08328585767551477,1297
cg05373877,0.08328559963480772,1297
cg14267754,0.08328544406916633,1297
cg03215895,0.08328188190629376,1297
cg01932558,0.08328185051828046,1297
cg04913118,0.08328145050511021,1297
cg10168330,0.08328101580524505,1297
cg20430077,0.08328052703832389,1297
cg18456803,0.08328018060388545,1297
cg04515268,0.08328013862455091,1297
cg16617073,0.08327962600378336,1297
cg09645138,0.08327853916695344,1297
cg23024326,0.0832784576546948,1297
cg20502501,0.08327674761790038,1297
cg05212260,0.08327519535341979,1297
cg15465823,0.08327407536715781,1297
cg10173749,0.0832726684823979,1297
cg17742416,0.08327152696011964,1297
cg02511231,0.0832712529450838,1297
cg26256223,0.0832705050886565,1297
cg04458776,0.08326998579601458,1297
cg03915752,0.08326849563976327,1297
cg03999941,0.08326849360634617,1297
cg20081453,0.08326718984172628,1297
cg09075137,0.08326638065115438,1297
cg21550580,0.08326598828929715,1297
cg24637974,0.08326592252498755,1297
cg00651087,0.08326590979155021,1297
cg09339841,0.08326537778769627,1297
cg23829518,0.0832652162928817,1297
cg12357534,0.08326496221260654,1297
cg15910502,0.08326491808825925,1297
cg27641628,0.08326433015356693,1297
cg09655329,0.08326307420017792,1297
cg26589785,0.08326266894084003,1297
cg02716776,0.08326256873814986,1297
cg26757793,0.08326175220967269,1297
cg19931902,0.08325974133529465,1297
cg00647233,0.08325957955135302,1297
cg18177183,0.08325871365550203,1297
cg10997860,0.08325812914770869,1297
cg17883035,0.08325701200558683,1297
cg06864047,0.08325574385687048,1297
cg18669406,0.08325525000969228,1297
cg22147898,0.0832506187273751,1297
cg27393285,0.08325025176890896,1297
cg08326879,0.0832472613664359,1297
cg00151048,0.08324683932964788,1297
cg02555944,0.08324650759046412,1297
cg03203197,0.0832458324722124,1297
cg00079898,0.08324549570121409,1297
cg04971362,0.08324542510699173,1297
cg04338863,0.08324532635456047,1297
cg14655843,0.08324340686783477,1297
cg09498948,0.08324271617210695,1297
cg00141162,0.08324202740360886,1297
cg12425286,0.08324141290178755,1297
cg13903179,0.08324095372634857,1297
cg04977528,0.08324001117301938,1297
cg10132704,0.08323901214408824,1297
cg22340811,0.08323850668804067,1297
cg26431163,0.08323785615752505,1297
cg06255601,0.08323764098863748,1297
cg03544379,0.08323729448679484,1297
cg18631330,0.08323590900740196,1297
cg02647628,0.08323577963871615,1297
cg13501616,0.08323436684543814,1297
cg01240444,0.08323365122344835,1297
cg12474686,0.08323302408382349,1297
cg06645033,0.08323265130252255,1297
cg11854504,0.08323230947258241,1297
cg15975806,0.08323190788120012,1297
cg10420161,0.08323176532527013,1297
cg01031400,0.08322983596308875,1297
cg00329300,0.08322948415675888,1297
cg22893791,0.0832285609007503,1297
cg13564529,0.08322831929944607,1297
cg19007141,0.08322820480251944,1297
cg02128244,0.0832255832090889,1297
cg15094908,0.08322554290630174,1297
cg18874332,0.08322493219910751,1297
cg24401870,0.08322366541422185,1297
cg06508867,0.08322281601098086,1297
cg04175111,0.08322245906762141,1297
cg06574716,0.08322241680140557,1297
cg11902641,0.08322195784489239,1297
cg11272491,0.08322175725182163,1297
cg18288558,0.08322017023127837,1297
cg05959430,0.08322001507992427,1297
cg14855367,0.08321942905293435,1297
cg10643982,0.08321908170940934,1297
cg11244672,0.08321845218602264,1297
cg06755296,0.08321756681285969,1297
cg09757859,0.08321641886595454,1297
cg21151122,0.08321419695899279,1297
cg02261899,0.08321417021226946,1297
cg14595786,0.08321385385130203,1297
cg01337207,0.0832126014116111,1297
cg01749436,0.0832121937676395,1297
cg01316378,0.08321148395701677,1297
cg02902865,0.08320921844344001,1297
cg18430895,0.08320869564764938,1297
cg05118960,0.0832083369789165,1297
cg16233797,0.08320819339963614,1297
cg26799209,0.08320809726257619,1297
cg05096182,0.08320783952179411,1297
cg16059943,0.08320738730077115,1297
cg15873123,0.08320705529016909,1297
cg07241084,0.0832067901350351,1297
cg01588725,0.08320642036052517,1297
cg08574423,0.08320577625240183,1297
cg13928306,0.08320561884011587,1297
cg04683149,0.08320474025476915,1297
cg12593634,0.08320423435556909,1297
cg23194912,0.08320407147768083,1297
cg04655481,0.0832034626743971,1297
cg16113254,0.08320238301744717,1297
cg27229097,0.08320120329282732,1297
cg07137244,0.08320065322561648,1297
cg02292263,0.08320024165812817,1297
cg02458885,0.08319932340901785,1297
cg21958743,0.08319836336543152,1297
cg07465275,0.08319767654891203,1297
cg07197092,0.08319682938706702,1297
cg16442953,0.08319619006252654,1297
cg04273303,0.08319616893632002,1297
cg11143486,0.08319490604057483,1297
cg00950343,0.08319370193874964,1297
cg09740450,0.0831935403670909,1297
cg17205788,0.08319345003654535,1297
cg24234256,0.08319343658328543,1297
cg06630567,0.08319332184857287,1297
cg01292299,0.08319305809625882,1297
cg03374820,0.08319290679062752,1297
cg26365813,0.08319243088653105,1297
cg17998964,0.08318832546176408,1297
cg00746143,0.08318827919673505,1297
cg00831726,0.08318813535273795,1297
cg22321089,0.08318794356146961,1297
cg01629007,0.08318738583740126,1297
cg21148923,0.08318652919552494,1297
cg13521229,0.08318639783359214,1297
cg05975928,0.08318551592911044,1297
cg20077718,0.08318508472867431,1297
cg01869224,0.08318416333994566,1297
cg27409910,0.08318363656096459,1297
cg23008871,0.08318263854328924,1297
cg07969676,0.08318199642706381,1297
cg10302498,0.08318165991209198,1297
cg18876602,0.08318086486888569,1297
cg11353647,0.08318048395180067,1297
cg05893709,0.08318043739268288,1297
cg08219459,0.08318032933191544,1297
cg09508671,0.08318020113661115,1297
cg14961598,0.08317911880847507,1297
cg01236565,0.08317844286416867,1297
cg17976191,0.08317805908564978,1297
cg14453174,0.08317797229808857,1297
cg11794033,0.08317782604130874,1297
cg06766016,0.0831776262902365,1297
cg22999540,0.08317666140022233,1297
cg26505935,0.08317648264388389,1297
cg03512499,0.08317463767830922,1297
cg00293245,0.08317462021502421,1297
cg01879506,0.08317431128667252,1297
cg19187110,0.08317386408977333,1297
cg23888021,0.0831738000630764,1297
cg20809378,0.08317342308892982,1297
cg09571369,0.08317331371789594,1297
cg19617080,0.08317282083387778,1297
cg12368612,0.0831723264393811,1297
cg08906246,0.08317215588689841,1297
cg16578549,0.08317202910778337,1297
cg01827818,0.08317172609773893,1297
cg13468318,0.08317074921313722,1297
cg07546654,0.08317059389662293,1297
cg00958100,0.0831703030424103,1297
cg04892672,0.08316722086594974,1297
cg19284039,0.08316549534688827,1297
cg14881393,0.08316466565447062,1297
cg21992771,0.08316419090003163,1297
cg21386766,0.08316332112788233,1297
cg01389728,0.08316268583485911,1297
cg01855070,0.0831616774695525,1297
cg24793124,0.08316077223366022,1297
cg12093241,0.08315955040248069,1297
cg10270293,0.08315919528863192,1297
cg25977900,0.08315842666253298,1297
cg02642585,0.08315540960109613,1297
cg20431748,0.08315520899166678,1297
cg14067873,0.0831541304653372,1297
cg16883263,0.08315407257872642,1297
cg12912663,0.0831532650378482,1297
cg26230851,0.08315285964915223,1297
cg08462879,0.08315270155485527,1297
cg13909949,0.08315210167928355,1297
cg20976286,0.083149846305452,1297
cg15952370,0.08314688302050566,1297
cg05223100,0.08314633662653681,1297
cg12323723,0.08314506902228871,1297
cg00075967,0.08314408480890517,1297
cg00333679,0.08314390589578519,1297
cg11385338,0.08314119213295929,1297
cg04652932,0.08314100048635736,1297
cg22914338,0.08314073168241101,1297
cg23556108,0.08314032570148672,1297
cg04337854,0.08313957344845818,1297
cg09308777,0.08313928546992422,1297
cg16944941,0.08313920643935124,1297
cg04251368,0.08313869596164475,1297
cg09065876,0.08313806376233268,1297
cg20438820,0.08313679450899542,1297
cg05420143,0.08313661805789047,1297
cg00563678,0.0831359735013795,1297
cg06224017,0.0831356035587838,1297
cg14239655,0.08313480483750837,1297
cg04606170,0.0831342989770566,1297
cg05690394,0.08313266559333968,1297
cg09387486,0.08313175902423464,1297
cg17251265,0.08313117862878394,1297
cg00040312,0.08313102252015367,1297
cg22775600,0.08312986491069668,1297
cg13289202,0.08312925553167977,1297
cg05366052,0.08312925323237047,1297
cg18234224,0.08312876710903516,1297
cg05283992,0.08312852494440265,1297
cg01668279,0.08312802591665758,1297
cg14591667,0.08312625533379414,1297
cg27353629,0.08312577885438105,1297
cg00256231,0.08312524702970958,1297
cg17850088,0.08312503336703253,1297
cg19757261,0.08312400718110668,1297
cg17022362,0.08312274857403551,1297
cg11855156,0.08312236985391214,1297
cg09277575,0.08312190423155752,1297
cg02638136,0.08312011027777055,1297
cg02501127,0.08311935842937923,1297
cg09121152,0.083119204392757,1297
cg16101077,0.08311777177654758,1297
cg16006841,0.0831177345307599,1297
cg12720921,0.08311538418094219,1297
cg05091238,0.08311522658200349,1297
cg15536663,0.08311461608638332,1297
cg03084184,0.08311424407391615,1297
cg21479786,0.08311271210030846,1297
cg20701404,0.08311173264879354,1297
cg27588093,0.08311058914004421,1297
cg21234082,0.08310956828862809,1297
cg13453847,0.08310953860789244,1297
cg18857759,0.08310928359262754,1297
cg25065716,0.08310917841655846,1297
cg01016662,0.08310829848513523,1297
cg12294118,0.0831075261096646,1297
cg07029411,0.08310668305482038,1297
cg27268352,0.0831059135651066,1297
cg08763351,0.08310566871223113,1297
cg20391126,0.08310219676070946,1297
cg22231483,0.0831019458033958,1297
cg09966430,0.08310129286738521,1297
cg21983531,0.08310114525305295,1297
cg05322916,0.08310061176262301,1297
cg04882216,0.08310024427714746,1297
cg01461824,0.08309792061647525,1297
cg11801481,0.08309779424585984,1297
cg17029721,0.08309703011829234,1297
cg02811156,0.0830960780914051,1297
cg00872984,0.08309371451615585,1297
cg05884053,0.08309169202626562,1297
cg00624939,0.08309092647459637,1297
cg09366796,0.08308920613448104,1297
cg27177554,0.0830888184305097,1297
cg18205205,0.08308349087047007,1297
cg03556243,0.08308318689771554,1297
cg18429742,0.08308296814003957,1297
cg09237790,0.08308212639747425,1297
cg20561863,0.08308098946503062,1297
cg04100395,0.08307969321666234,1297
cg19359983,0.08307964111521582,1297
cg25962639,0.08307945845094933,1297
cg06070263,0.08307860818669868,1297
cg21113554,0.08307828298717185,1297
cg14703224,0.0830772997121498,1297
cg09506081,0.08307680649368321,1297
cg02309355,0.08307498532530355,1297
cg05548130,0.08307390525337444,1297
cg10875499,0.08307224503938117,1297
cg26728709,0.08307162352012049,1297
cg11135108,0.08307116551903931,1297
cg02993352,0.08307112077064338,1297
cg05582397,0.08306970187938084,1297
cg16479539,0.08306871500574801,1297
cg15347108,0.08306830297967999,1297
cg07215822,0.08306824730083445,1297
cg27244773,0.08306801178590512,1297
cg00627029,0.08306744141525693,1297
cg25153755,0.0830673058664014,1297
cg23601521,0.08306697376271793,1297
cg18117367,0.08306649008487402,1297
cg17367472,0.08306642638897438,1297
cg19088141,0.08306628629999063,1297
cg03574571,0.08306614342821977,1297
cg08972582,0.08306586575781821,1297
cg18966597,0.08306581729960885,1297
cg15273575,0.08306567041366986,1297
cg23901918,0.0830634576760463,1297
cg15215978,0.08306266089768899,1297
cg04806664,0.08306222641803312,1297
cg06948492,0.08306156661709649,1297
cg02427831,0.08306146358900593,1297
cg00574742,0.08306101218863665,1297
cg20900312,0.08306075519818912,1297
cg21276022,0.08306065366401205,1297
cg23200020,0.08305981114835892,1297
cg13088556,0.0830592239906291,1297
cg17774851,0.083058022558676,1297
cg02966404,0.08305770781091676,1297
cg12695465,0.08305674883675455,1297
cg23463533,0.08305610265088159,1297
cg18156486,0.08305497961621683,1297
cg12080906,0.08305394451849057,1297
cg15387132,0.08305176642666846,1297
cg18470455,0.08305092737382411,1297
cg27161027,0.08305087484177884,1297
cg21782089,0.08305073482645758,1297
cg12407867,0.08305009932405191,1297
cg27253454,0.08304967557549447,1297
cg15476994,0.08304952017592249,1297
cg00728046,0.0830495119981306,1297
cg04785587,0.08304905328156714,1297
cg10135894,0.08304874513168059,1297
cg23081213,0.08304774528975009,1297
cg01583021,0.08304767795968154,1297
cg11824945,0.0830470970642232,1297
cg25507719,0.08304680474539622,1297
cg18273593,0.08304432718235225,1297
cg02508830,0.08304353703503067,1297
cg25304405,0.08304349406027878,1297
cg21266698,0.08304343690906557,1297
cg18701343,0.08304260613774542,1297
cg02297063,0.08304246576279407,1297
cg24119990,0.08304130035273666,1297
cg05418508,0.08304117993533477,1297
cg23428143,0.08304044184694481,1297
cg03940064,0.08303912721259088,1297
cg18002116,0.08303891174057625,1297
cg23375598,0.08303865698221768,1297
cg15036894,0.08303577100095208,1297
cg11951974,0.08303512623398995,1297
cg08489623,0.0830346450518003,1297
cg22335876,0.08303463904489056,1297
cg21364077,0.0830345990341751,1297
cg13208899,0.08303254520415326,1297
cg16385330,0.08303205594424035,1297
cg07684152,0.08303115027158375,1297
cg02352295,0.08303088699794509,1297
cg21292587,0.08303053220010531,1297
cg03909863,0.08302984838372207,1297
cg02018291,0.08302961433196465,1297
cg03449108,0.08302954357724715,1297
cg18477188,0.08302892099105375,1297
cg13773631,0.08302832951002492,1297
cg03745383,0.0830281155397177,1297
cg11751545,0.08302675814884,1297
cg13338798,0.08302625392071994,1297
cg22903905,0.08302546396393068,1297
cg10709593,0.0830247559831144,1297
cg27296664,0.08302451895417481,1297
cg21655480,0.08302183144670955,1297
cg27491398,0.08302153427929679,1297
cg07477867,0.08302101506481302,1297
cg23148546,0.08301991531260564,1297
cg09715353,0.08301914610584493,1297
cg07634645,0.0830175654844694,1297
cg13647052,0.08301636656576551,1297
cg19115204,0.0830163064097495,1297
cg25623727,0.0830158789288539,1297
cg17571335,0.08301542562206848,1297
cg22422090,0.08301433148506748,1297
cg01128482,0.08301302359191742,1297
cg20397902,0.08301260813212416,1297
cg11356552,0.08301118981317845,1297
cg21063722,0.08301100812504733,1297
cg02210934,0.0830105422627232,1297
cg21280719,0.08301049812804356,1297
cg26125550,0.08300991385001627,1297
cg27645498,0.08300970366336252,1297
cg02203665,0.08300966449162789,1297
cg11141718,0.08300897084661149,1297
cg14074184,0.08300891622342865,1297
cg04309234,0.08300879772478073,1297
cg16020016,0.08300844857334749,1297
cg00302763,0.08300774586314935,1297
cg02583589,0.08300685398311156,1297
cg26512226,0.08300604898570468,1297
cg26937500,0.0830060484581076,1297
cg17242596,0.08300518078543101,1297
cg25584930,0.08300355268111495,1297
cg26913058,0.08300280676145355,1297
cg08230957,0.08300220138799141,1297
cg04300159,0.08300199218677629,1297
cg25262427,0.08300154841763441,1297
cg18772205,0.08300113856005253,1297
cg04171235,0.08300027368009441,1297
cg03507241,0.08299954677624993,1297
cg19724567,0.08299946253801513,1297
cg23919742,0.08299853559639417,1297
cg24927646,0.08299818857506658,1297
cg15992730,0.08299688649659716,1297
cg09845293,0.08299645880035755,1297
cg06925304,0.08299519325157412,1297
cg16293118,0.0829942797024513,1297
cg16580616,0.08299372976176317,1297
cg25683575,0.08299341344499084,1297
cg15742116,0.08299260881923903,1297
cg23245007,0.08299254984526,1297
cg06665391,0.08299216707078488,1297
cg16601494,0.08299135108779303,1297
cg08864645,0.08299098560968454,1297
cg07844442,0.08299060533006924,1297
cg15319032,0.08298935109493161,1297
cg04348201,0.08298698266624732,1297
cg12524428,0.08298666698939772,1297
cg20756026,0.08298505168326825,1297
cg19805005,0.0829842999456819,1297
cg08034867,0.0829816691401779,1297
cg26593521,0.0829801283069781,1297
cg22614759,0.0829783918355187,1297
cg16241932,0.08297789394464727,1297
cg15278109,0.08297745325282713,1297
cg05320944,0.08297594770205152,1297
cg19841740,0.08297583902560857,1297
cg26980477,0.08297459822957398,1297
cg03083146,0.08297209675251987,1297
cg00877037,0.08297194698295529,1297
cg16139517,0.0829716522093954,1297
cg12613618,0.08297096824002495,1297
cg00904580,0.08296963586741163,1297
cg21022732,0.0829685826337363,1297
cg15099418,0.08296834420337412,1297
cg23267550,0.08296784093718024,1297
cg04540442,0.08296756099861574,1297
cg06370094,0.08296648975982224,1297
cg19103219,0.0829635584317362,1297
cg19736900,0.0829631373197332,1297
cg00129811,0.08296266261425658,1297
cg16812352,0.08296230998356113,1297
cg07980777,0.08295627499762198,1297
cg25113157,0.08295626169094558,1297
cg17468459,0.08295557798186476,1297
cg14188840,0.0829554324134838,1297
cg01388054,0.0829542890857361,1297
cg08900821,0.08295369394558774,1297
cg14544583,0.08295359406192193,1297
cg08848462,0.082953119901237,1297
cg20679906,0.08295254041242062,1297
cg19541916,0.08295028232785515,1297
cg07173218,0.08294993143947305,1297
cg12303318,0.08294888001097578,1297
cg02599498,0.08294854111016883,1297
cg20726993,0.08294838599594906,1297
cg07910680,0.08294793865409117,1297
cg01948724,0.08294746743082129,1297
cg02460251,0.08294684301696668,1297
cg01427471,0.08294580551989747,1297
cg11802925,0.08294539813730856,1297
cg20810675,0.08294529641335038,1297
cg14777768,0.0829444541304438,1297
cg19391498,0.08294390793553685,1297
cg18339718,0.08294289432858823,1297
cg15640140,0.0829428932048884,1297
cg04437956,0.08294172391121835,1297
cg16506815,0.08293856398798594,1297
cg25533993,0.08293842406333529,1297
cg00472277,0.0829357037437514,1297
cg02139586,0.08293372440745411,1297
cg14649589,0.08293333815801529,1297
cg00458317,0.08293276407225475,1297
cg20953606,0.08293196751831827,1297
cg06837799,0.08293188392687365,1297
cg03946532,0.08293187548382758,1297
cg14217495,0.08293170281600287,1297
cg09038267,0.08293144569960387,1297
cg12399031,0.08293019773487526,1297
cg14355482,0.08292983664217296,1297
cg13969327,0.08292790253218074,1297
cg13071508,0.08292789442797993,1297
cg00743629,0.08292787443345678,1297
cg19566906,0.08292754048954748,1297
cg03812751,0.08292716542464379,1297
cg20284019,0.08292656009789098,1297
cg16786808,0.08292629830302861,1297
cg09187933,0.08292624791758944,1297
cg21566433,0.08292610652408439,1297
cg25916993,0.08292594641251966,1297
cg19739126,0.08292471270396096,1297
cg16477492,0.08292446102851642,1297
cg19930296,0.0829244519959984,1297
cg17492965,0.08292421055070687,1297
cg13583523,0.0829239853396177,1297
cg05287917,0.0829235534413707,1297
cg06593910,0.08292297026624312,1297
cg14843129,0.08292092511000498,1297
cg19002579,0.08291958176364378,1297
cg25590114,0.08291815779187395,1297
cg14239494,0.08291805696754773,1297
cg07679679,0.0829173679260316,1297
cg14909201,0.08291734684273139,1297
cg20970205,0.08291718297934914,1297
cg06329735,0.08291706621342859,1297
cg19623012,0.0829154545673868,1297
cg10401017,0.082915128654103,1297
cg16567723,0.08291444691473615,1297
cg20495819,0.08291352094948477,1297
cg21658814,0.08291298385207127,1297
cg04181892,0.0829121902779762,1297
cg01408508,0.08291213217900406,1297
cg24764168,0.08291146370515304,1297
cg01071159,0.08291122031746218,1297
cg02344735,0.08291021209720154,1297
cg20641531,0.08290939465379793,1297
cg21834207,0.08290936658129,1297
cg18119192,0.0829064430638715,1297
cg03889251,0.08290639106750897,1297
cg21544713,0.08290533360022628,1297
cg07093091,0.08290484725216246,1297
cg16299636,0.08290474438220019,1297
cg11214001,0.08290425806774515,1297
cg16076328,0.08290371484797837,1297
cg22363368,0.08290303749993316,1297
cg01100951,0.08290271549700123,1297
cg06218285,0.08290244839626018,1297
cg10502121,0.08290200776861234,1297
cg16419441,0.08290132564662486,1297
cg16142957,0.08290117443906614,1297
cg19121056,0.08290058617607446,1297
cg25370416,0.08289874803153297,1297
cg00292896,0.08289820642337797,1297
cg17352045,0.08289738480321926,1297
cg25827524,0.08289734551684796,1297
cg22711009,0.08289626618105927,1297
cg09968461,0.08289560538424146,1297
cg13810385,0.08289330647679527,1297
cg02869459,0.08289059259765426,1297
cg03752087,0.08288961872387945,1297
cg07470639,0.08288960649294666,1297
cg20532937,0.08288954660430581,1297
cg26116485,0.08288860965576435,1297
cg19575208,0.0828885695535059,1297
cg20724476,0.08288730767597874,1297
cg23037411,0.08288587289919608,1297
cg02377704,0.0828849396591472,1297
cg26684131,0.08288386691665695,1297
cg02561482,0.08288309313382455,1297
cg19507256,0.0828825911685947,1297
cg15374924,0.08288223205417722,1297
cg07309576,0.08288169153255615,1297
cg21015470,0.08288111852000524,1297
cg06101900,0.08287973020766859,1297
cg17965712,0.08287857520353194,1297
cg17476320,0.0828782195590457,1297
cg05687834,0.08287704989713832,1297
cg04098052,0.08287684577634297,1297
cg16361867,0.08287675754389937,1297
cg12190613,0.08287639675283959,1297
cg16331599,0.08287638472452452,1297
cg25975690,0.0828748090039717,1297
cg06646218,0.08287426880163568,1297
cg04150893,0.0828702422873479,1297
cg21800193,0.0828701545029048,1297
cg20519483,0.08286958038993758,1297
cg26727666,0.08286871004551954,1297
cg15134456,0.08286853776481315,1297
cg06787924,0.0828679951367558,1297
cg08172479,0.08286736991770968,1297
cg06368590,0.08286713161433763,1297
cg26647771,0.08286656264029801,1297
cg26020069,0.08286636371566608,1297
cg00230584,0.08286630356435035,1297
cg01893629,0.08286465707510626,1297
cg26065057,0.08286312804231533,1297
cg24879335,0.08286282484379513,1297
cg14222229,0.08286195198925876,1297
cg26696260,0.08286178287646806,1297
cg27584013,0.08286013436827025,1297
cg04645545,0.0828598573961846,1297
cg04086834,0.08285907768444678,1297
cg21566177,0.08285835486502635,1297
cg13588483,0.08285817144638191,1297
cg21175761,0.08285772465284647,1297
cg18834729,0.08285733048402802,1297
cg07899076,0.08285607551131438,1297
cg05884870,0.08285565814000201,1297
cg07055879,0.08285465764663422,1297
cg27504369,0.08284980848088677,1297
cg11855682,0.0828487706709794,1297
cg01870834,0.08284868607665363,1297
cg13906813,0.08284853049188418,1297
cg03532263,0.0828482930752284,1297
cg24401557,0.08284828771178172,1297
cg20238105,0.08284791598392227,1297
cg01282174,0.08284762963731843,1297
cg00234370,0.08284737838942333,1297
cg22559013,0.08284569063987057,1297
cg09954189,0.08284513022409223,1297
cg04140663,0.08284496869572887,1297
cg11909137,0.08284353206902623,1297
cg17945323,0.08284349190675583,1297
cg27545697,0.0828433302457649,1297
cg12284789,0.08284271076845706,1297
cg20431250,0.08284241562510189,1297
cg10533069,0.08284238817819586,1297
cg04794430,0.08284204294232728,1297
cg09308942,0.08284200240290251,1297
cg27078140,0.08284197779194974,1297
cg15166523,0.08284193745937557,1297
cg25283465,0.08284190391517457,1297
cg19497444,0.08284120367791287,1297
cg21300361,0.08284085672623936,1297
cg24058145,0.08284036479124457,1297
cg00064255,0.08283952367287031,1297
cg08586669,0.08283865998084161,1297
cg10149870,0.08283860126842668,1297
cg14949292,0.08283820401478742,1297
cg11906444,0.08283798835554113,1297
cg09583024,0.08283728194296525,1297
cg11063877,0.08283624625142011,1297
cg07716222,0.08283597911065282,1297
cg05349089,0.08283556994474672,1297
cg21873275,0.08283520611005069,1297
cg25475742,0.08283475620479652,1297
cg22008551,0.08283351743977352,1297
cg03988374,0.0828329032298662,1297
cg14248084,0.08283232982175792,1297
cg10236239,0.08283137522954552,1297
cg20811755,0.08283124466417269,1297
cg14841965,0.08283066482101609,1297
cg19420604,0.08283055611645568,1297
cg11830096,0.08282818519360302,1297
cg01423916,0.08282794174838656,1297
cg20087093,0.08282770609053094,1297
cg01194765,0.08282760554823698,1297
cg16052388,0.08282746802537821,1297
cg03865667,0.08282663401469205,1297
cg00783553,0.08282659589004826,1297
cg12415687,0.08282595695941103,1297
cg18366169,0.08282560216318613,1297
cg04805181,0.08282535828327305,1297
cg22967396,0.08282396242681107,1297
cg21831463,0.08282367238070842,1297
cg06501832,0.08282322656696404,1297
cg04130557,0.08282245373509262,1297
cg24886708,0.08282220685928346,1297
cg07965640,0.08282133161168827,1297
cg14236389,0.08282079679762022,1297
cg02027735,0.08282003129770535,1297
cg17674726,0.08281996470119868,1297
cg27214730,0.08281909758078665,1297
cg24927800,0.08281872508795962,1297
cg06525453,0.0828174403623268,1297
cg11864566,0.08281702377442629,1297
cg08058560,0.08281326956361257,1297
cg17985029,0.08281233896907952,1297
cg24045498,0.08281204482555976,1297
cg13079429,0.08281125206592749,1297
cg15416279,0.08281032796353918,1297
cg25560696,0.08280905326253973,1297
cg02786062,0.08280794102490965,1297
cg25815024,0.08280732844668831,1297
cg11348701,0.08280712582538752,1297
cg13719885,0.08280681667337267,1297
cg14590070,0.0828067255629869,1297
cg07200490,0.08280661881250206,1297
cg07925835,0.08280471715235194,1297
cg08412936,0.0828044175080328,1297
cg00308560,0.08280441326090127,1297
cg06917617,0.08280409948310946,1297
cg02940714,0.08280352632711327,1297
cg10996258,0.08280334041124124,1297
cg02898721,0.08280263192487664,1297
cg00966763,0.0828022290579605,1297
cg26929163,0.08280191840642565,1297
cg02750262,0.08280138659273058,1297
cg14114322,0.08280129133518105,1297
cg07573078,0.08280124057190852,1297
cg04767174,0.08280076633923758,1297
cg11391618,0.08280066876908587,1297
cg11963233,0.08279900587915051,1297
cg05639246,0.08279865261591737,1297
cg26558591,0.08279783272895314,1297
cg23578733,0.08279701371906978,1297
cg24626659,0.08279627483829607,1297
cg14082127,0.08279615647760205,1297
cg06324373,0.08279291845976397,1297
cg03751967,0.08279226648409704,1297
cg04595372,0.08279209666193871,1297
cg01254303,0.08279175684512291,1297
cg24281267,0.08279064949639153,1297
cg11471772,0.0827900571079363,1297
cg17291136,0.08278942522759314,1297
cg16998223,0.08278839906785623,1297
cg02756683,0.08278820741659731,1297
cg12948116,0.08278589506979916,1297
cg17842016,0.08278551709785631,1297
cg25390165,0.0827850148295528,1297
cg06556702,0.08278499236152631,1297
cg18548950,0.08278456656808225,1297
cg04811592,0.08278440057984571,1297
cg07471943,0.08278417684895831,1297
cg11958644,0.08278294623746715,1297
cg27645544,0.08277949396143083,1297
cg02216247,0.08277921302225527,1297
cg17301216,0.08277845437086445,1297
cg14179581,0.08277829193769562,1297
cg06699422,0.0827781061117353,1297
cg08537794,0.08277754652260438,1297
cg04719903,0.08277659143073493,1297
cg12979844,0.08277655235440165,1297
cg27157482,0.08277533620955713,1297
cg17819053,0.08277522680022906,1297
cg20683445,0.08277514113010487,1297
cg23098661,0.08277488050509768,1297
cg14052044,0.08277478565937024,1297
cg01508045,0.08277474223245726,1297
cg24895497,0.08277381489870028,1297
cg22231101,0.08277333073014942,1297
cg24639117,0.08277218236304718,1297
cg19623751,0.08277176093550312,1297
cg03623968,0.0827716429757411,1297
cg22915373,0.08277163096721202,1297
cg07406191,0.08277157363829232,1297
cg23931734,0.0827710476449322,1297
cg27453237,0.08277015863735121,1297
cg13919358,0.0827700509313965,1297
cg02704158,0.08276978009061339,1297
cg23185753,0.08276844947226536,1297
cg27554973,0.0827684399105364,1297
cg07816271,0.0827684144019995,1297
cg03834116,0.08276786275633113,1297
cg00827893,0.08276702468898262,1297
cg26264314,0.08276686280648632,1297
cg10589443,0.08276647702871658,1297
cg24390913,0.08276427425037457,1297
cg11820270,0.08276402729609894,1297
cg11442173,0.08276336471376783,1297
cg23378142,0.08276113139802788,1297
cg23921534,0.08276070988050047,1297
cg21337717,0.08276046840160561,1297
cg08276171,0.08276029299249357,1297
cg23786209,0.08275937051486201,1297
cg00614805,0.08275926934721223,1297
cg13974838,0.08275877374802654,1297
cg15136913,0.08275832518298568,1297
cg13857678,0.08275719033508647,1297
cg07304760,0.08275704248546284,1297
cg23304647,0.08275637543057518,1297
cg18666454,0.08275525315629756,1297
cg22110922,0.08275448288086001,1297
cg03636488,0.08275367410775492,1297
cg19592277,0.08275320927751173,1297
cg22984769,0.08275308273973148,1297
cg21543589,0.08275282331245831,1297
cg05590982,0.08275265906794294,1297
cg11085304,0.08275210611449568,1297
cg12205433,0.08275127564020907,1297
cg21959618,0.08275085882227484,1297
cg06585233,0.08275065796481677,1297
cg09853648,0.0827491697036653,1297
cg07837085,0.08274868485535578,1297
cg04452092,0.08274794231427818,1297
cg10820551,0.08274714101425346,1297
cg11036359,0.08274617472368817,1297
cg08605991,0.0827456031427718,1297
cg00377074,0.08274490767493041,1297
cg10039988,0.08274324561983831,1297
cg12683730,0.08274133482416252,1297
cg02486364,0.08273851628794077,1297
cg02319318,0.08273807504110535,1297
cg03238702,0.08273784369138515,1297
cg05560435,0.08273760553286397,1297
cg23316253,0.08273732124097573,1297
cg10616795,0.08273731092866851,1297
cg07164791,0.08273666560973486,1297
cg24166129,0.08273640011873395,1297
cg04496895,0.08273423949201719,1297
cg18069144,0.08273315935448428,1297
cg11985480,0.082731808972754,1297
cg04157255,0.08272908432085394,1297
cg09903183,0.08272779615766906,1297
cg09202851,0.08272776846242993,1297
cg01869548,0.08272683496217609,1297
cg25960038,0.08272659233490406,1297
cg05616969,0.08272545860329461,1297
cg04977834,0.08272426687637373,1297
cg01027532,0.08272425632754432,1297
cg08165969,0.08272407871805137,1297
cg01515444,0.08272294746011125,1297
cg02359511,0.08272171346429014,1297
cg16391955,0.08272066736118956,1297
cg05839875,0.08272018386335395,1297
cg04499029,0.08271936074487066,1297
cg19375403,0.08271879156149808,1297
cg23138250,0.0827181714057807,1297
cg14365785,0.08271725502303462,1297
cg09752627,0.08271699017899464,1297
cg01099825,0.08271590110602217,1297
cg00049892,0.08271538612497459,1297
cg08708231,0.08271408259711382,1297
cg22190114,0.08271392336401218,1297
cg24688143,0.0827133182546344,1297
cg23685969,0.08271294005064656,1297
cg07749951,0.08271009894000991,1297
cg01829241,0.0827084548570066,1297
cg14508093,0.08270760832977164,1297
cg23524559,0.08270749878849687,1297
cg02163885,0.08270713418347805,1297
cg02928365,0.08270683377597636,1297
cg21856067,0.08270657394211077,1297
cg22931151,0.08270536780626975,1297
cg23029597,0.0827047283231438,1297
cg13870539,0.08270422620412576,1297
cg03689324,0.08270274902622898,1297
cg05916989,0.0827025433240291,1297
cg08666831,0.0827023467635123,1297
cg11756777,0.08270210328887251,1297
cg00433917,0.08270138688847153,1297
cg08783131,0.08270104168726511,1297
cg27245348,0.08270066452724878,1297
cg21899942,0.08270044439498783,1297
cg19331215,0.08269966997135408,1297
cg02880356,0.08269907316743275,1297
cg15920791,0.08269819065114531,1297
cg09781827,0.08269706627107166,1297
cg15957055,0.0826966173378521,1297
cg23542948,0.08269630301083228,1297
cg02283535,0.08269622675228971,1297
cg09925467,0.08269557875409303,1297
cg10603004,0.08269401562848303,1297
cg25299371,0.0826926893539301,1297
cg04011469,0.08269225605835584,1297
cg11068289,0.08269146304597758,1297
cg20401567,0.08269085006987008,1297
cg09419444,0.08269054468932119,1297
cg21962324,0.08269046483911635,1297
cg07749074,0.08268986906702103,1297
cg27263049,0.08268949327898906,1297
cg06995503,0.08268915320174669,1297
cg08806578,0.0826885461549105,1297
cg18830687,0.08268771589007146,1297
cg10221896,0.08268549115189816,1297
cg09645818,0.08268519652696715,1297
cg15958422,0.0826842320068355,1297
cg10536276,0.08268375043774254,1297
cg06820302,0.08268365136357764,1297
cg23771603,0.0826833600040685,1297
cg23187316,0.08268267949804836,1297
cg27065896,0.08268243730527547,1297
cg03288168,0.08268188589290038,1297
cg07258715,0.0826811225010142,1297
cg20605886,0.08268061988736058,1297
cg05036314,0.08268058112656218,1297
cg14983763,0.08268037422407537,1297
cg02467858,0.08267971777936794,1297
cg26684601,0.08267968750779656,1297
cg06113789,0.08267941426023658,1297
cg02861056,0.08267580188502671,1297
cg18768582,0.08267515899689826,1297
cg18053846,0.08267512722999953,1297
cg21023952,0.08267482139521704,1297
cg22111043,0.08267372044071508,1297
cg00544436,0.08267179755215492,1297
cg13217373,0.0826715004303745,1297
cg01771462,0.0826708718151633,1297
cg21740177,0.08266979793963014,1297
cg02015741,0.0826692224180976,1297
cg26686732,0.08266901307778189,1297
cg04797061,0.08266880945556154,1297
cg24134767,0.08266745394029243,1297
cg08093097,0.08266707257422601,1297
cg04064672,0.08266690996745446,1297
cg21156386,0.08266626857385734,1297
cg16439198,0.08266405719370924,1297
cg03619586,0.08266395352986022,1297
cg03176993,0.08266360622482588,1297
cg02839725,0.08266292666416158,1297
cg26000536,0.08266162679868247,1297
cg24828322,0.08266030289208576,1297
cg08617982,0.08265842532607803,1297
cg07276621,0.08265823812509904,1297
cg16702747,0.08265714363948423,1297
cg11276093,0.08265699267270324,1297
cg09789426,0.08265683183802078,1297
cg00512658,0.08265623235947528,1297
cg23118721,0.0826561397900398,1297
cg00727310,0.08265477750753886,1297
cg11738486,0.08265463345712765,1297
cg10748359,0.08265079954766347,1297
cg04141767,0.08265076776254787,1297
cg09632273,0.0826488565298521,1297
cg23553480,0.08264811918908083,1297
cg15621651,0.08264737831306984,1297
cg23198623,0.08264735439218712,1297
cg13672736,0.08264724050394501,1297
cg11304968,0.08264657016180554,1297
cg01982166,0.08264620673118173,1297
cg18920097,0.08264479157237177,1297
cg08069383,0.08264304910715814,1297
cg06186450,0.08264273336957446,1297
cg12743974,0.08264178215195489,1297
cg07701307,0.08264134859625766,1297
cg23334662,0.08264090954372284,1297
cg05682968,0.08263917799822745,1297
cg17016922,0.08263878162893157,1297
cg05920383,0.08263718531651937,1297
cg00422488,0.08263650404971798,1297
cg02788021,0.08263624844546485,1297
cg14851578,0.08263620369794233,1297
cg19863740,0.08263611729480502,1297
cg04654299,0.08263371955862936,1297
cg18848394,0.0826332101985881,1297
cg08076830,0.0826326790520417,1297
cg09050832,0.08263023672717873,1297
cg02599464,0.0826296424544878,1297
cg06934132,0.08262741830784204,1297
cg24305579,0.0826262831459606,1297
cg12032049,0.08262623259366791,1297
cg11150585,0.0826258278024519,1297
cg14125542,0.08262573588318028,1297
cg01812305,0.08262553336767126,1297
cg07143451,0.08262519089535034,1297
cg00496462,0.08262267224696479,1297
cg09166973,0.08262200707098272,1297
cg05081498,0.08262175171606152,1297
cg21300460,0.08262094939701475,1297
cg11171221,0.0826205020529327,1297
cg01442531,0.08261859091538254,1297
cg07172550,0.0826178715992453,1297
cg04874795,0.08261756955287608,1297
cg02919712,0.08261662928517566,1297
cg09266087,0.08261449516423158,1297
cg00875805,0.08261409539115978,1297
cg07588006,0.08261404705647896,1297
cg12671030,0.0826133950481474,1297
cg04188862,0.0826133856595708,1297
cg12721600,0.0826133009549962,1297
cg09802076,0.08261254722508299,1297
cg22764044,0.08261100196142297,1297
cg09535924,0.08261095916573535,1297
cg22605290,0.0826105297970563,1297
cg13581859,0.08261024447175289,1297
cg21542078,0.08260796163918677,1297
cg05058313,0.08260724790754559,1297
cg01484296,0.08260662389568829,1297
cg12960696,0.08260660937371318,1297
cg01118569,0.08260514555216619,1297
cg24194775,0.08260480845753997,1297
cg21864732,0.08260473602196367,1297
cg04388226,0.08260380859124292,1297
cg11042561,0.08260261857206425,1297
cg15442583,0.08260261325293661,1297
cg01305421,0.08260189275314016,1297
cg19062189,0.08260178089758917,1297
cg00215896,0.08260036825334272,1297
cg18041642,0.08259991171806885,1297
cg14749678,0.08259923592815804,1297
cg15979214,0.08259830830797898,1297
cg04816733,0.08259805784154611,1297
cg15242225,0.08259728892167723,1297
cg10622551,0.08259717731625602,1297
cg13833437,0.08259716399266159,1297
cg27173532,0.08259536495653591,1297
cg05011349,0.08259492513447275,1297
cg19492423,0.08259457802250858,1297
cg03117577,0.08259446432917555,1297
cg18660345,0.08259359163795163,1297
cg06520296,0.08259125090564773,1297
cg07700524,0.0825903242126759,1297
cg25738326,0.08259015845275236,1297
cg26514793,0.08258881867576329,1297
cg12536028,0.08258860784671107,1297
cg25556035,0.08258798149848043,1297
cg11433622,0.0825878480717405,1297
cg26758551,0.08258749842457919,1297
cg05323324,0.08258747564545144,1297
cg03098721,0.08258660954192357,1297
cg12858593,0.08258492332002845,1297
cg08123339,0.08258481535695811,1297
cg19256731,0.08258468604460817,1297
cg04237436,0.08258449242949736,1297
cg06566615,0.08258397213630542,1297
cg17749384,0.08258392393386782,1297
cg07126126,0.08258298884066156,1297
cg02976900,0.08258250653677679,1297
cg04316526,0.08258203681458681,1297
cg24335310,0.0825818051192074,1297
cg23312431,0.08258160021521233,1297
cg00005166,0.08258154012394439,1297
cg02397368,0.0825805227716527,1297
cg02661079,0.08257999413661554,1297
cg26386273,0.0825796879704418,1297
cg23975840,0.08257946285403789,1297
cg03573068,0.08257924399151413,1297
cg01062651,0.08257910287647613,1297
cg17330252,0.0825771053595786,1297
cg16059161,0.08257672336841615,1297
cg04681489,0.0825755411357571,1297
cg06948222,0.0825752616649228,1297
cg14549841,0.08257384309373525,1297
cg14887116,0.08257204574945715,1297
cg05633523,0.08257159251104806,1297
cg04118610,0.08257149480054088,1297
cg19610750,0.08257058201089107,1297
cg19600081,0.08257024826333331,1297
cg16930728,0.08256993204022328,1297
cg01767396,0.0825693525942737,1297
cg11848324,0.08256918483121106,1297
cg00238353,0.08256693528639225,1297
cg07114422,0.08256576826573092,1297
cg06703469,0.08256518530392709,1297
cg04869379,0.0825642666061977,1297
cg03025986,0.08256404598859879,1297
cg16010911,0.08256392211971925,1297
cg13469268,0.08256192064848586,1297
cg02601618,0.08256073200881875,1297
cg11319389,0.08256039211781498,1297
cg03544474,0.08255869348900952,1297
cg21584846,0.08255829851370938,1297
cg07665217,0.08255800733497967,1297
cg23939096,0.08255771145089569,1297
cg08376583,0.08255552112741538,1297
cg16700265,0.08255536076396017,1297
cg16802892,0.08255497760061978,1297
cg22469897,0.08255464104945814,1297
cg23748965,0.08255411529210016,1297
cg03066009,0.08255393652236423,1297
cg25080501,0.08255214086385715,1297
cg06446824,0.08255109399797822,1297
cg03165260,0.08254905497452325,1297
cg17203352,0.08254799684022646,1297
cg20591745,0.08254709855662123,1297
cg08097817,0.08254660949972042,1297
cg07347256,0.08254612830814662,1297
cg20445245,0.0825449204524239,1297
cg16950247,0.08254440045348388,1297
cg00747922,0.08254277266706378,1297
cg02479842,0.08254021267190093,1297
cg09741519,0.08253994352551469,1297
cg14338887,0.08253941101868259,1297
cg15787636,0.08253765044765676,1297
cg27573017,0.0825370356524534,1297
cg05276972,0.08253638201773078,1297
cg03326125,0.08253536449466148,1297
cg06479902,0.08253432827320334,1297
cg26384903,0.08253300167287325,1297
cg25538415,0.08253295809893016,1297
cg03640756,0.08253291057476574,1297
cg12668403,0.08253241552812901,1297
cg09879334,0.0825309749245687,1297
cg13882284,0.08253076172216783,1297
cg06093039,0.0825304694956237,1297
cg02811473,0.08253019304531256,1297
cg25317233,0.08252957629170432,1297
cg00048370,0.08252929973943451,1297
cg12178578,0.08252845050333366,1297
cg21916461,0.08252688334011068,1297
cg07906432,0.08252665250964086,1297
cg01730857,0.08252652782276287,1297
cg10954944,0.08252627503682561,1297
cg20647690,0.0825262191450431,1297
cg23064601,0.08252519196521207,1297
cg18845433,0.08252510834348187,1297
cg03477904,0.08252482471100364,1297
cg18219994,0.08252392874467679,1297
cg04751149,0.08252357556530998,1297
cg13294084,0.08252348268668591,1297
cg22827833,0.08252307334629572,1297
cg12581891,0.08252291532608319,1297
cg21997465,0.08252018589805893,1297
cg27176264,0.08251999393819648,1297
cg05040235,0.08251967059833848,1297
cg04554613,0.08251910910205676,1297
cg01238639,0.08251901481205293,1297
cg17034390,0.0825189215041163,1297
cg00064336,0.08251888216157366,1297
cg14048880,0.08251787457976517,1297
cg08753951,0.08251538962326571,1297
cg11469818,0.08251288622874209,1297
cg20088245,0.08251166983037445,1297
cg20165694,0.08251103025745415,1297
cg01394884,0.08251034131771062,1297
cg11081251,0.08250965070639255,1297
cg14422085,0.08250953928451604,1297
cg20282550,0.08250881011112539,1297
cg01868405,0.0825087755923256,1297
cg16956665,0.08250621076372816,1297
cg06012795,0.08250567231246145,1297
cg10661769,0.08250521555543923,1297
cg06821079,0.08250480118572412,1297
cg01037082,0.0825047839163563,1297
cg00553149,0.08250459018943201,1297
cg16848072,0.08250440391430758,1297
cg07788537,0.08250362828242797,1297
cg00364445,0.0825029138830553,1297
cg07124972,0.08250112792723957,1297
cg09574499,0.08250106029610971,1297
cg21563683,0.08249692288189656,1297
cg09339763,0.0824960285040583,1297
cg14358532,0.08249532375033891,1297
cg21451930,0.08249492901709632,1297
cg22158648,0.08249416776661578,1297
cg11050793,0.08249405526716674,1297
cg19389001,0.08249263955000503,1297
cg21632014,0.08249253375644217,1297
cg23129930,0.08249209992213236,1297
cg17702388,0.08249161798938914,1297
cg06683148,0.0824915872025429,1297
cg20378931,0.08249036541467603,1297
cg21835643,0.08249001095922956,1297
cg05179921,0.08248966448890399,1297
cg01378456,0.08248925828872389,1297
cg14950344,0.0824891758147252,1297
cg03432275,0.08248751322461272,1297
cg01855010,0.08248697873033195,1297
cg27483694,0.08248684027898373,1297
cg25424419,0.08248610773900389,1297
cg26343001,0.08248592747930567,1297
cg13830619,0.0824844818107503,1297
cg14429204,0.08248411556274207,1297
cg02333187,0.0824839430584296,1297
cg19432362,0.08248386158370913,1297
cg05237503,0.08248373855786945,1297
cg25756780,0.08248326865992674,1297
cg13055709,0.08248248415200299,1297
cg17945962,0.08248188859173122,1297
cg06395298,0.08248152994156388,1297
cg13449535,0.0824805562373555,1297
cg18263166,0.08248037940459083,1297
cg09706929,0.0824803754644523,1297
cg00651497,0.08248020215197643,1297
cg14432251,0.08247878634654826,1297
cg17416644,0.08247857259350688,1297
cg26800915,0.08247829972469445,1297
cg26495357,0.08247764535269309,1297
cg19786733,0.082477014315267,1297
cg09013975,0.08247686418646227,1297
cg26426470,0.08247595433216892,1297
cg23884076,0.08247554784748407,1297
cg18241469,0.08247538475645,1297
cg15818671,0.08247536160168079,1297
cg05479618,0.08247481088065114,1297
cg21205771,0.08247418409241491,1297
cg16874580,0.08247392649057267,1297
cg02746725,0.08247345220582111,1297
cg03779374,0.08247289114380887,1297
cg04986899,0.0824720781676484,1297
cg12017635,0.08247183925188523,1297
cg26631454,0.08247133701840811,1297
cg09867290,0.0824706970240538,1297
cg01998089,0.08247053949981686,1297
cg06865642,0.08247043977573243,1297
cg21569398,0.08246930114138301,1297
cg09203312,0.08246905143294797,1297
cg01923514,0.08246898673278952,1297
cg04537185,0.08246844138756637,1297
cg25219728,0.0824682908059492,1297
cg21752660,0.0824667642100978,1297
cg12071888,0.08246632147552539,1297
cg26908356,0.08246513969773134,1297
cg13007207,0.08246412101643436,1297
cg01097384,0.08246165579859954,1297
cg17334536,0.08246134243725947,1297
cg02057917,0.0824599589438619,1297
cg03555276,0.08245951377293681,1297
cg17589284,0.08245931809910761,1297
cg03281139,0.0824578863401049,1297
cg21944224,0.0824561560559659,1297
cg14468481,0.08245584619645943,1297
cg01169021,0.08245553454960436,1297
cg26435575,0.08245369541229229,1297
cg06583576,0.08245363429667318,1297
cg08878368,0.08245284547257847,1297
cg16787431,0.08245143370775543,1297
cg21231262,0.08245016817053005,1297
cg02836965,0.0824496621344653,1297
cg11525052,0.08244901462524634,1297
cg26124503,0.08244895748347209,1297
cg02954987,0.08244890841847316,1297
cg27316130,0.08244827906585922,1297
cg22704788,0.08244817281630626,1297
cg00495201,0.08244776754381516,1297
cg11760500,0.08244723209536103,1297
cg06000610,0.08244715421639698,1297
cg13173045,0.08244670587969957,1297
cg21528718,0.08244642653997719,1297
cg00237268,0.08244577738107883,1297
cg07348263,0.0824453503059972,1297
cg17801930,0.08244521542723093,1297
cg04001520,0.08244512955859856,1297
cg04872399,0.08244478062012903,1297
cg18757155,0.08244476507362922,1297
cg26077062,0.0824438230928067,1297
cg04732303,0.08244169592829448,1297
cg06126494,0.0824413860000528,1297
cg26939946,0.08244136118996653,1297
cg00906973,0.08244123133053627,1297
cg03522247,0.08244090103752133,1297
cg22361413,0.08243967300923055,1297
cg23887948,0.08243894177388422,1297
cg11403739,0.08243849939857362,1297
cg04402122,0.08243783635011492,1297
cg02393699,0.08243723469404224,1297
cg11705954,0.08243697506357184,1297
cg10599693,0.0824356919833988,1297
cg24828316,0.08243544008004605,1297
cg03964696,0.08243514342498326,1297
cg27454064,0.08243446390351161,1297
cg05131347,0.0824340347832293,1297
cg17440909,0.08243262204515606,1297
cg23408990,0.08243239336586083,1297
cg26178657,0.08243141643336915,1297
cg23482747,0.08243112163782829,1297
cg05851730,0.08243092717790551,1297
cg19353326,0.08242868634081996,1297
cg09335713,0.08242689588625743,1297
cg24872173,0.08242674203508338,1297
cg07205203,0.0824265664886927,1297
cg02246055,0.0824262149604249,1297
cg23793961,0.0824256097953508,1297
cg16072192,0.08242445365223698,1297
cg12726120,0.08242443311283942,1297
cg18986956,0.08242366196896694,1297
cg18376288,0.08242343201497662,1297
cg27507827,0.08242225770175082,1297
cg22076160,0.08242115357152627,1297
cg14071524,0.08242070277199834,1297
cg21775122,0.08241952870623162,1297
cg18062721,0.0824194654972426,1297
cg25937230,0.08241938354130438,1297
cg02334722,0.08241909494369488,1297
cg14332049,0.08241907902345891,1297
cg17510121,0.08241735906258596,1297
cg23978242,0.08241723051087321,1297
cg17826043,0.08241722350465147,1297
cg05935520,0.08241666812184989,1297
cg08752080,0.08241604134343322,1297
cg00907288,0.0824156681609107,1297
cg22200736,0.0824156014309233,1297
cg10460168,0.08241497128528025,1297
cg12857407,0.08241411038853846,1297
cg15439725,0.08241405459754966,1297
cg18072756,0.08241175747425611,1297
cg22451923,0.08241151082328502,1297
cg19282250,0.08240907028280597,1297
cg22341513,0.08240901906955259,1297
cg09901035,0.08240875315979718,1297
cg16735881,0.08240825719664774,1297
cg15690623,0.08240685451214538,1297
cg18628371,0.08240614863179326,1297
cg09220326,0.08240553789824334,1297
cg26783146,0.08240498991060016,1297
cg24845998,0.08240316915325896,1297
cg23484159,0.08240297748117958,1297
cg17356733,0.08240267720209099,1297
cg14101976,0.08240196171813849,1297
cg00423030,0.08240189955432549,1297
cg18044044,0.08240038692789978,1297
cg06582394,0.08239937181377222,1297
cg01909364,0.08239921987914794,1297
cg19305488,0.08239921374449878,1297
cg03947814,0.08239904730226055,1297
cg01442068,0.08239817350306416,1297
cg13895771,0.08239735393186609,1297
cg16546503,0.08239679021917493,1297
cg16338313,0.08239661245906549,1297
cg08991742,0.08239517753736672,1297
cg13338454,0.08239516735333019,1297
cg04013650,0.08239444545633129,1297
cg03714522,0.08239428025403309,1297
cg00545229,0.08239399170080985,1297
cg15996480,0.0823938741165411,1297
cg19409579,0.08239337289197454,1297
cg03953704,0.0823930519902335,1297
cg12861622,0.08239302717583633,1297
cg04372674,0.08239301604366493,1297
cg13321745,0.0823928361690201,1297
cg04385220,0.0823920449852785,1297
cg22746681,0.08239162532336033,1297
cg24923516,0.08239144369206003,1297
cg17044356,0.08238991752768632,1297
cg04416111,0.08238966834053316,1297
cg11863854,0.0823890629453094,1297
cg14164099,0.08238904376415114,1297
cg06376520,0.08238824402225373,1297
cg03080147,0.08238771041830509,1297
cg10321156,0.08238724843834343,1297
cg04377609,0.08238577363619776,1297
cg20222562,0.0823848912261051,1297
cg06322557,0.08238478644836111,1297
cg21865249,0.08238443866961373,1297
cg25536739,0.08238212770397804,1297
cg08635403,0.08238171929017835,1297
cg04552470,0.08238100877865406,1297
cg14487805,0.08238045419839601,1297
cg21335556,0.08237762587574571,1297
cg04097078,0.0823766235298165,1297
cg20599451,0.08237662211755914,1297
cg04292301,0.08237557764901365,1297
cg21769093,0.08237545653455342,1297
cg16716449,0.08237535658384915,1297
cg14796305,0.082374946018828,1297
cg20976694,0.08237488536979515,1297
cg14281922,0.0823745569966497,1297
cg25781595,0.08237370330457136,1297
cg06577710,0.082373158059307,1297
cg00273543,0.08237308544724792,1297
cg17178175,0.08237148802931066,1297
cg04586126,0.08237117977936914,1297
cg07739604,0.08237039070308483,1297
cg20934191,0.08236972287884742,1297
cg19270409,0.08236927698111207,1297
cg07337250,0.08236856066122808,1297
cg18839504,0.08236847700478889,1297
cg25287071,0.08236684915966713,1297
cg05766064,0.08236683651232143,1297
cg26317549,0.0823659823106282,1297
cg23031196,0.08236552994197519,1297
cg13591648,0.08236530112004559,1297
cg17640485,0.08236524890132962,1297
cg13922494,0.08236522649847938,1297
cg14417498,0.08236507339275478,1297
cg17745097,0.08236408014028301,1297
cg19770281,0.0823629687791268,1297
cg00834924,0.08236209720368265,1297
cg06026136,0.08236016197588054,1297
cg00907272,0.08235950363571087,1297
cg27119919,0.08235920422113358,1297
cg00893348,0.08235889883927672,1297
cg03661387,0.0823583423269656,1297
cg25174601,0.08235832625316097,1297
cg23960736,0.08235729426483313,1297
cg12352124,0.08235677024343291,1297
cg08149747,0.08235657180588851,1297
cg20927656,0.08235596082556082,1297
cg20597215,0.08235570006470116,1297
cg05555951,0.08235442805920706,1297
cg24460817,0.0823538473258777,1297
cg23111300,0.08235374415297769,1297
cg07908679,0.08235344680226614,1297
cg27243507,0.08235302678556222,1297
cg00675229,0.08235265877774228,1297
cg16130238,0.08235221416172661,1297
cg20706526,0.0823515054695802,1297
cg01724917,0.08235116451576924,1297
cg10442932,0.08235095700742706,1297
cg06781853,0.0823500322436172,1297
cg16915828,0.08234992169023278,1297
cg08242576,0.08234907533042146,1297
cg14517743,0.08234906741529927,1297
cg26286901,0.08234895146744525,1297
cg16462075,0.08234798429163606,1297
cg06301726,0.08234749374348493,1297
cg16925177,0.082346925743214,1297
cg27425459,0.08234273717358603,1297
cg13777717,0.08234183771715697,1297
cg08905895,0.08234183116185792,1297
cg06871999,0.08234156759003097,1297
cg16958939,0.08234147555686189,1297
cg17898925,0.08233990377603209,1297
cg15727925,0.08233946980659229,1297
cg16958668,0.08233892201212367,1297
cg16677019,0.08233858345040102,1297
cg10550245,0.08233831252381896,1297
cg26706676,0.0823377668995472,1297
cg08387014,0.0823370618948242,1297
cg27633941,0.08233693208742288,1297
cg13077031,0.08233674235184046,1297
cg11875582,0.08233657543558753,1297
cg00594099,0.08233641731257324,1297
cg19131647,0.0823363787464384,1297
cg19014419,0.08233608182536704,1297
cg23365739,0.0823349473393209,1297
cg27292389,0.08233437596019266,1297
cg20373012,0.08233415350037826,1297
cg17048233,0.08233368793639378,1297
cg06193628,0.08233364761568893,1297
cg04153551,0.08233354868046955,1297
cg23780731,0.08233343266743076,1297
cg10095777,0.08233331200323418,1297
cg20892260,0.08233225098155941,1297
cg03184588,0.08233195606058012,1297
cg09505746,0.08233175864847836,1297
cg06440087,0.08233076985983384,1297
cg25835568,0.08233002362885333,1297
cg18449048,0.08232921412984806,1297
cg13798585,0.08232920823342876,1297
cg18487916,0.0823289154121275,1297
cg14840848,0.08232830935406396,1297
cg27216899,0.0823280192219693,1297
cg12146763,0.08232740338863337,1297
cg00055771,0.08232316838253267,1297
cg00167913,0.08232207749032175,1297
cg26005196,0.08232169026937625,1297
cg04206967,0.082321529534371,1297
cg23064082,0.08232079078160776,1297
cg15412815,0.08232025020352601,1297
cg20707907,0.08231967352326652,1297
cg24703336,0.08231869002298564,1297
cg16665866,0.08231829595786078,1297
cg27657333,0.0823178925669682,1297
cg17870569,0.08231606990185991,1297
cg11828163,0.08231538222945206,1297
cg16754216,0.08231287232016182,1297
cg07911084,0.0823122996558327,1297
cg21575509,0.082311232965601,1297
cg00157796,0.08231056011520246,1297
cg13194638,0.08231019163044945,1297
cg09179249,0.08230929088719213,1297
cg18497508,0.08230917123075157,1297
cg10276869,0.08230912977905602,1297
cg03691338,0.08230812182592367,1297
cg01074584,0.08230448006842123,1297
cg06874640,0.0823032074217763,1297
cg12597472,0.08230294497845936,1297
cg00441918,0.08230238447616245,1297
cg13428978,0.0823022000937143,1297
cg06153893,0.08230169605805066,1297
cg18703066,0.08229958943663129,1297
cg01264729,0.08229947470240437,1297
cg07668671,0.08229679840947396,1297
cg17208060,0.08229618323010857,1297
cg23719342,0.08229496244917184,1297
cg18582824,0.08229483439547247,1297
cg23899649,0.08229454382056389,1297
cg21473782,0.08229439689417517,1297
cg25960090,0.08229439323428112,1297
cg00773142,0.08229404888738143,1297
cg01061391,0.08229389576415233,1297
cg23639692,0.08229098075982821,1297
cg09100695,0.08229064731084246,1297
cg26507657,0.08229062007814575,1297
cg22918560,0.08229036462995853,1297
cg20084079,0.08228993906675386,1297
cg07920525,0.08228973307591382,1297
cg08112929,0.08228966261458709,1297
cg23251761,0.08228935209140259,1297
cg24369185,0.08228860852538925,1297
cg11529346,0.08228811094348143,1297
cg15724256,0.08228760154888243,1297
cg02775243,0.08228718463506995,1297
cg15912010,0.08228690078402845,1297
cg15564098,0.08228575383139673,1297
cg13052638,0.0822848695652326,1297
cg14239351,0.08228459393999948,1297
cg26186331,0.08228316083603154,1297
cg11351809,0.08228287017302077,1297
cg17378966,0.08228068704262947,1297
cg01558931,0.08228055744506152,1297
cg06855422,0.08228047555720341,1297
cg14003693,0.0822793412782169,1297
cg18199992,0.08227893093070815,1297
cg04195543,0.0822782972487166,1297
cg13506281,0.08227823413425328,1297
cg13224427,0.08227810424064036,1297
cg22812413,0.08227612878509127,1297
cg04753936,0.08227553922325997,1297
cg00902374,0.08227543977750007,1297
cg00903825,0.08227491301030054,1297
cg23475035,0.08227430529683899,1297
cg00424967,0.08227402065763934,1297
cg03774520,0.08227166737982614,1297
cg13698224,0.0822716071345343,1297
cg04560832,0.08227127918264099,1297
cg13577628,0.08227096628686581,1297
cg22991404,0.08227059295050021,1297
cg03632704,0.0822693937123131,1297
cg25247859,0.08226898260894444,1297
cg16236228,0.08226848375305934,1297
cg18932278,0.08226806512808366,1297
cg25661792,0.08226752796539744,1297
cg12573318,0.08226703560518527,1297
cg24302529,0.08226622405101724,1297
cg24699271,0.08226446590355768,1297
cg25254074,0.08226351292619583,1297
cg22514112,0.08226340217336603,1297
cg25542319,0.0822628630528435,1297
cg09062550,0.08226268617837758,1297
cg10869131,0.08226140472511928,1297
cg04569837,0.08226101603552666,1297
cg18733548,0.08226034422640262,1297
cg14298457,0.08225986775170052,1297
cg08373250,0.08225960682251582,1297
cg20686554,0.0822593197800941,1297
cg14187242,0.08225859015269144,1297
cg15093997,0.08225768457509094,1297
cg22700686,0.08225721621320564,1297
cg22028624,0.08225536033818057,1297
cg00835193,0.08225504913920773,1297
cg08415557,0.08225348186752285,1297
cg13488137,0.0822534125489699,1297
cg13378400,0.08225301194417944,1297
cg09610767,0.08225279170975205,1297
cg19526685,0.08225247310875013,1297
cg00522451,0.0822524178543772,1297
cg26509691,0.08225147931245338,1297
cg02632490,0.08224813111598067,1297
cg00347677,0.08224790404351763,1297
cg09929763,0.08224692692932954,1297
cg23098068,0.08224688440989852,1297
cg16339434,0.08224566718745038,1297
cg19289969,0.08224561095274296,1297
cg03803102,0.08224554977202109,1297
cg13061910,0.08224459971787154,1297
cg12656160,0.0822443517928182,1297
cg04660422,0.08224395342973878,1297
cg13364038,0.08224389008588694,1297
cg19132462,0.08224339160527126,1297
cg04828133,0.08224251695609444,1297
cg12405639,0.08224250539142515,1297
cg15056288,0.08224118392156317,1297
cg15600176,0.0822406872727196,1297
cg07497941,0.08223891519093227,1297
cg25494605,0.08223867741203691,1297
cg07862488,0.08223816666198741,1297
cg04904385,0.08223791541022728,1297
cg13066461,0.08223774925918775,1297
cg19593660,0.08223740227604726,1297
cg14617041,0.08223724064276111,1297
cg22534097,0.08223657467948192,1297
cg26722733,0.08223622842607303,1297
cg13443768,0.0822349771284891,1297
cg01006048,0.08223434237597604,1297
cg06496344,0.08223328402087429,1297
cg13866190,0.08223213593358053,1297
cg05833562,0.08223125431407582,1297
cg23254163,0.08222858127316213,1297
cg24050716,0.08222855320286343,1297
cg00044729,0.08222851989842334,1297
cg18779296,0.08222814907596698,1297
cg22341310,0.08222792870053575,1297
cg01789926,0.08222769692977533,1297
cg11114275,0.08222696549655589,1297
cg16219583,0.08222659946852143,1297
cg12999098,0.08222584517472456,1297
cg19877741,0.08222536676131187,1297
cg03431738,0.08222505155656337,1297
cg03037974,0.08222464085844594,1297
cg18863595,0.08222460098943524,1297
cg04291383,0.0822245893646138,1297
cg03535284,0.08222389062800768,1297
cg04838832,0.08222227921217032,1297
cg01006802,0.0822218880425913,1297
cg21711214,0.08222031856150008,1297
cg07747133,0.08221940710014786,1297
cg26215003,0.0822184215693092,1297
cg17677988,0.08221819089871252,1297
cg13990947,0.08221782806242761,1297
cg15904162,0.08221694374730831,1297
cg11666098,0.08221625812708994,1297
cg10092779,0.08221540513406511,1297
cg26940676,0.08221476403032552,1297
cg07787614,0.08221350798365085,1297
cg18593194,0.0822133583971178,1297
cg20076442,0.0822126759731086,1297
cg27318318,0.08221221489300812,1297
cg08594554,0.08221216301859768,1297
cg04294437,0.08221215417594932,1297
cg25039498,0.08221171800347066,1297
cg02806704,0.08221070803125402,1297
cg08184936,0.08220987398455926,1297
cg19324940,0.082208476417645,1297
cg01841050,0.08220789630451322,1297
cg10983484,0.0822075084634164,1297
cg17186418,0.08220734953726166,1297
cg19029904,0.08220701228259432,1297
cg07211768,0.08220588088058745,1297
cg14335429,0.08220575400958743,1297
cg00269800,0.08220573218293065,1297
cg19273756,0.08220518891572129,1297
cg17886420,0.082203737357645,1297
cg22105162,0.08220244740969934,1297
cg01029568,0.08220097944333304,1297
cg02709167,0.08219998658369537,1297
cg06048910,0.08219915824233165,1297
cg04972745,0.08219887367906645,1297
cg05870029,0.08219871570655471,1297
cg06013895,0.08219868477199715,1297
cg17070988,0.082194785151151,1297
cg11104416,0.08219458285205078,1297
cg00997130,0.08219410793383625,1297
cg01627823,0.08219318075006184,1297
cg16565696,0.08219154412470817,1297
cg25023298,0.08219134104731568,1297
cg22346461,0.08218889277188254,1297
cg17598466,0.08218835740840877,1297
cg04821248,0.08218833010081877,1297
cg05245416,0.08218781246492385,1297
cg08563982,0.08218630212229416,1297
cg18022224,0.08218565930961551,1297
cg08524109,0.08218532611310628,1297
cg01180552,0.0821847667524081,1297
cg03119308,0.08218369105317552,1297
cg23328194,0.08218339154234733,1297
cg13823492,0.082182761728892,1297
cg27247252,0.08218164732838756,1297
cg01602345,0.08218004623916347,1297
cg09804496,0.08217967380574755,1297
cg21473142,0.08217936870121484,1297
cg01974478,0.08217852802507361,1297
cg02837825,0.08217815311491222,1297
cg25029446,0.08217696525875776,1297
cg04629424,0.08217666898441278,1297
cg08111922,0.08217661326431136,1297
cg25658612,0.08217658852235804,1297
cg24801023,0.08217622942265074,1297
cg07808761,0.08217587268184849,1297
cg00458932,0.08217537193203983,1297
cg04342483,0.08217524553398908,1297
cg23696618,0.08217474050667267,1297
cg23327896,0.08217436438511233,1297
cg04379522,0.08217419567319068,1297
cg14707353,0.08217373684366724,1297
cg14340840,0.0821725883671573,1297
cg11703139,0.08217225481356533,1297
cg20219053,0.08217209717085056,1297
cg07695835,0.082171473209416,1297
cg03208970,0.082169957816209,1297
cg18890112,0.08216954838061358,1297
cg10978799,0.08216876808860377,1297
cg14247287,0.08216803980297788,1297
cg10243170,0.08216802734173573,1297
cg03709613,0.08216717939979695,1297
cg02133809,0.08216714455610502,1297
cg18632637,0.08216705085871162,1297
cg23026930,0.0821662283673476,1297
cg13387826,0.08216608129370201,1297
cg26603656,0.08216368047282169,1297
cg23968650,0.08216355475224257,1297
cg14684798,0.08216265183351401,1297
cg00842076,0.0821622753356504,1297
cg05861664,0.08216185642301804,1297
cg03308704,0.082160987673152,1297
cg03946671,0.08216005443112367,1297
cg20270653,0.08215987444531109,1297
cg07885629,0.0821591098408293,1297
cg01595870,0.08215908852382442,1297
cg04457069,0.08215858854776148,1297
cg08351100,0.08215785599018166,1297
cg08728495,0.08215691315877488,1297
cg11236841,0.08215673113894717,1297
cg07280936,0.0821566921627912,1297
cg26567385,0.08215582126201779,1297
cg16023304,0.08215405494947933,1297
cg11791526,0.08215356970423723,1297
cg21950605,0.08215352050692132,1297
cg05940001,0.08215314770572424,1297
cg02844593,0.08215296278395434,1297
cg14659930,0.08215230696407161,1297
cg21969116,0.08215224187966286,1297
cg25432792,0.0821521240316947,1297
cg18233544,0.08215196112858603,1297
cg00727675,0.08215148186800164,1297
cg20580833,0.08214973722936245,1297
cg17410650,0.08214936998378136,1297
cg16054907,0.08214843645639913,1297
cg01695406,0.082148392631861,1297
cg20546778,0.0821478812653994,1297
cg26214742,0.08214694396524613,1297
cg12733396,0.08214679244517312,1297
cg07529122,0.08214661690383207,1297
cg00768409,0.08214588542338375,1297
cg06271190,0.08214377997594982,1297
cg04276058,0.0821434066962789,1297
cg24940576,0.08214216686864101,1297
cg17835961,0.08214161855596602,1297
cg00220225,0.08214082675278511,1297
cg25607161,0.08213932544357164,1297
cg07165029,0.08213853725254956,1297
cg05195050,0.08213726981955205,1297
cg17597631,0.08213670147939456,1297
cg25400396,0.08213627807223582,1297
cg11999580,0.08213562598920082,1297
cg26330416,0.08213308827610112,1297
cg02493798,0.08213300177360716,1297
cg16722536,0.08213130792879014,1297
cg26840043,0.08213123724172056,1297
cg04788926,0.08213121419009417,1297
cg06694446,0.08212889222931419,1297
cg03480068,0.0821288147010617,1297
cg08182501,0.08212846578777983,1297
cg01138819,0.08212830043352212,1297
cg15973075,0.0821276678128045,1297
cg07339236,0.08212725977419684,1297
cg10799386,0.08212668866737965,1297
cg04854226,0.08212629195647855,1297
cg01670608,0.08212614846752014,1297
cg26200826,0.08212581554479806,1297
cg20887073,0.08212479073925691,1297
cg19766591,0.08212393611556434,1297
cg24994593,0.08212287331251963,1297
cg00423598,0.08212265956460191,1297
cg24058604,0.08212212722259063,1297
cg16562275,0.08212048861794438,1297
cg07931960,0.08212047777009929,1297
cg23889236,0.0821192371656839,1297
cg14732969,0.08211908176608353,1297
cg27156584,0.08211843627401788,1297
cg00955911,0.08211568072313538,1297
cg25916282,0.08211555793791143,1297
cg00913360,0.0821144287040124,1297
cg14606858,0.08211390599627572,1297
cg26382626,0.08211134465926095,1297
cg20043679,0.08211096945720803,1297
cg00305193,0.08210966103290018,1297
cg01173941,0.08210819732170399,1297
cg06710927,0.0821079702320392,1297
cg25188900,0.08210791121805222,1297
cg02676175,0.08210777324495314,1297
cg27661209,0.0821061045598259,1297
cg12919294,0.08210588278781383,1297
cg24828620,0.08210470318042869,1297
cg08154039,0.08210417079948301,1297
cg11208967,0.0821034882703918,1297
cg07890553,0.08210326851795366,1297
cg18343474,0.08210280366023795,1297
cg12079322,0.08210210218374936,1297
cg11430766,0.08210195017803229,1297
cg18161025,0.08210091686212448,1297
cg13793782,0.0820999307813429,1297
cg02020384,0.08209855949981293,1297
cg18073906,0.08209781172512012,1297
cg03370330,0.08209759412591572,1297
cg05728902,0.08209670785183576,1297
cg20455001,0.08209634163167334,1297
cg17062305,0.08209446549133514,1297
cg14249348,0.0820942370383126,1297
cg18251389,0.0820931448647578,1297
cg26312324,0.08209249054851192,1297
cg04129469,0.08209130884693358,1297
cg01232121,0.08209026927131347,1297
cg11663376,0.08208968801627803,1297
cg03814644,0.08208882149951008,1297
cg10187894,0.082088648246736,1297
cg21913528,0.08208777885058327,1297
cg27502088,0.08208593361627692,1297
cg02789362,0.08208552836392302,1297
cg06947286,0.08208512120587863,1297
cg24345062,0.08208451945182116,1297
cg02022375,0.08208448734265836,1297
cg08259168,0.08208407340712673,1297
cg04503318,0.08208351994422636,1297
cg01346152,0.08208348100962715,1297
cg17569842,0.08208330877248288,1297
cg02030542,0.08208289981291603,1297
cg05648510,0.08207906806144905,1297
cg00297832,0.08207884384213382,1297
cg00221658,0.08207860416882345,1297
cg05179645,0.08207718943420256,1297
cg11737413,0.08207614544756325,1297
cg08668199,0.0820745765846995,1297
cg05600496,0.08207363287249139,1297
cg04517747,0.08207294269548798,1297
cg10201712,0.08207266478530134,1297
cg06163994,0.08207258779361226,1297
cg12627071,0.08207137205948334,1297
cg22677048,0.08207075797934277,1297
cg12157377,0.08206954682724826,1297
cg07059925,0.08206949378256653,1297
cg08845336,0.08206897474711636,1297
cg22029015,0.08206803395274653,1297
cg08968830,0.08206777787911218,1297
cg22426329,0.08206733590343396,1297
cg09508356,0.0820667970387246,1297
cg26315985,0.08206661170648696,1297
cg13413488,0.08206537128748043,1297
cg26590664,0.08206432492794766,1297
cg20120208,0.08206417602078855,1297
cg18150469,0.08206283921185537,1297
cg11075234,0.08206229830296385,1297
cg27097846,0.08206192624772207,1297
cg27512716,0.08206133559610684,1297
cg06430465,0.08206121565598223,1297
cg10432859,0.08206117575165567,1297
cg06823034,0.08206056427873532,1297
cg07201319,0.08206025170642992,1297
cg15554941,0.08205930065135031,1297
cg01350993,0.08205912852171049,1297
cg18892212,0.08205839246783661,1297
cg10413352,0.08205821594905852,1297
cg16751493,0.08205801096951254,1297
cg09438069,0.08205702891763644,1297
cg05892626,0.08205702826261502,1297
cg21760128,0.08205681887197686,1297
cg09555736,0.0820561216565456,1297
cg13640071,0.08205602847421503,1297
cg14265033,0.08205567826521987,1297
cg07834418,0.08205447470867872,1297
cg13141009,0.08205442199872766,1297
cg11354857,0.08205379954497383,1297
cg09073539,0.08205372948711141,1297
cg00287096,0.0820520163677933,1297
cg15694422,0.08205189849023803,1297
cg00770443,0.08205148875711205,1297
cg03018256,0.0820510136697819,1297
cg19341652,0.0820510110400686,1297
cg18606375,0.08205037874805321,1297
cg22677498,0.08204998503872823,1297
cg15009097,0.08204939432620867,1297
cg20986996,0.08204847336218835,1297
cg14071579,0.08204643793328927,1297
cg16871561,0.08204588216666597,1297
cg06417962,0.08204487257907908,1297
cg20649017,0.08204447591356524,1297
cg20249071,0.08204382348278949,1297
cg08883078,0.08204284658303101,1297
cg10305299,0.08204273776821877,1297
cg12813394,0.0820426897572768,1297
cg10138044,0.08204265489267915,1297
cg05162858,0.08204250719587763,1297
cg05289966,0.08204165501586153,1297
cg27109284,0.08204128222242965,1297
cg04697148,0.0820407924957645,1297
cg09344183,0.08203919431930927,1297
cg17842822,0.0820381426135593,1297
cg23082281,0.08203802397996621,1297
cg20218135,0.08203766966851711,1297
cg01126532,0.08203703028311127,1297
cg07792478,0.08203650688823665,1297
cg17397631,0.08203619963444345,1297
cg06436488,0.08203615378834334,1297
cg00049440,0.08203607861248885,1297
cg19324462,0.08203522548349773,1297
cg07595602,0.08203515918919167,1297
cg00009553,0.08203441162095532,1297
cg27352295,0.0820341755009262,1297
cg04255230,0.08203370896725568,1297
cg10803098,0.08203306046296582,1297
cg19806182,0.08203227133792801,1297
cg27086874,0.08203109032620315,1297
cg07304315,0.08203069070969571,1297
cg00839584,0.08203020438314562,1297
cg02765731,0.08202955913771334,1297
cg13667782,0.082029173177462,1297
cg23149454,0.08202875486689482,1297
cg24136671,0.0820282465579456,1297
cg01311360,0.08202706047316516,1297
cg20725013,0.08202682622621882,1297
cg01159194,0.08202681120754263,1297
cg22718050,0.08202678235100788,1297
cg14339410,0.08202559941046622,1297
cg19787076,0.08202454462016118,1297
cg01489756,0.08202259748095148,1297
cg20608259,0.08202202291785066,1297
cg08027484,0.08202184851148123,1297
cg14880184,0.08202111515659027,1297
cg13009608,0.08201932565534464,1297
cg09690483,0.08201904019655543,1297
cg20400592,0.08201873769885154,1297
cg10660965,0.08201849258313532,1297
cg12777520,0.0820183600423275,1297
cg17071957,0.08201748313451657,1297
cg03502002,0.08201743480954628,1297
cg18556834,0.08201595734268255,1297
cg17203447,0.0820137644735146,1297
cg08323299,0.08201362732035225,1297
cg19972648,0.08201334601272386,1297
cg00429523,0.08201253015237553,1297
cg15837531,0.08200967170314594,1297
cg05321361,0.08200949226542814,1297
cg09845914,0.08200944359808598,1297
