sample_id,cohort,platform,file_project,original_column,disease,UMAP1,UMAP2,source
TARGET-20-SJAML045739-09A,TARGET,EPIC,TARGET-ALL-P3,TARGET-20-SJAML045739-09A.Ave_Beta,ALL,-0.8299771,-10.072684,EPIC
TARGET-10-PANYHW-09A,TARGET,EPIC,TARGET-ALL-P3,TARGET-10-PANYHW-09A.Ave_Beta,ALL,-2.525178,-10.028313,EPIC
TARGET-10-PAPGMC-09A,TARGET,EPIC,TARGET-ALL-P3,TARGET-10-PAPGMC-09A.Ave_Beta,ALL,-2.2630444,-10.666791,EPIC
TARGET-15-SJMPAL012427-09A,TARGET,EPIC,TARGET-ALL-P3,TARGET-15-SJMPAL012427-09A.Ave_Beta,ALL,-0.27272397,-8.853076,EPIC
TARGET-20-SJAML016570-09A,TARGET,EPIC,TARGET-ALL-P3,TARGET-20-SJAML016570-09A.Ave_Beta,ALL,-0.69754016,-11.666939,EPIC
TARGET-10-PATGYH-09A,TARGET,EPIC,TARGET-ALL-P3,TARGET-10-PATGYH-09A.Ave_Beta,ALL,-1.0680739,-8.129625,EPIC
TARGET-10-PATBGC-09A,TARGET,EPIC,TARGET-ALL-P3,TARGET-10-PATBGC-09A.Ave_Beta,ALL,-0.848987,-8.251729,EPIC
TARGET-20-SJAML003322-09A,TARGET,EPIC,TARGET-ALL-P3,TARGET-20-SJAML003322-09A.Ave_Beta,ALL,-0.6083849,-11.606771,EPIC
TARGET-20-SJAML045736-09A,TARGET,EPIC,TARGET-ALL-P3,TARGET-20-SJAML045736-09A.Ave_Beta,ALL,-0.6676055,-11.774308,EPIC
TARGET-10-PAPDCR-09A,TARGET,EPIC,TARGET-ALL-P3,TARGET-10-PAPDCR-09A.Ave_Beta,ALL,-2.2991343,-10.514397,EPIC
TARGET-15-SJMPAL012422-09A,TARGET,EPIC,TARGET-ALL-P3,TARGET-15-SJMPAL012422-09A.Ave_Beta,ALL,-2.45476,-10.248963,EPIC
TARGET-20-SJAML045735-09A,TARGET,EPIC,TARGET-ALL-P3,TARGET-20-SJAML045735-09A.Ave_Beta,ALL,-1.3455125,-11.363661,EPIC
TARGET-15-SJMPAL040037-09A,TARGET,EPIC,TARGET-ALL-P3,TARGET-15-SJMPAL040037-09A.Ave_Beta,ALL,0.040801894,-8.767678,EPIC
TARGET-15-SJMPAL016343-04A.2,TARGET,EPIC,TARGET-ALL-P3,TARGET-15-SJMPAL016343-04A.2.Ave_Beta,ALL,-0.80834585,-8.655484,EPIC
TARGET-10-PASJYI-09A,TARGET,EPIC,TARGET-ALL-P3,TARGET-10-PASJYI-09A.Ave_Beta,ALL,-0.48040017,-8.882791,EPIC
TARGET-15-SJMPAL043771-09A,TARGET,EPIC,TARGET-ALL-P3,TARGET-15-SJMPAL043771-09A.Ave_Beta,ALL,-0.69037867,-9.396206,EPIC
TARGET-10-PATGWP-09A,TARGET,EPIC,TARGET-ALL-P3,TARGET-10-PATGWP-09A.Ave_Beta,ALL,-0.79534,-8.365785,EPIC
TARGET-10-PARTPW-09A,TARGET,EPIC,TARGET-ALL-P3,TARGET-10-PARTPW-09A.Ave_Beta,ALL,-1.1995933,-7.996366,EPIC
TARGET-15-SJMPAL012418-09A.2,TARGET,EPIC,TARGET-ALL-P3,TARGET-15-SJMPAL012418-09A.2.Ave_Beta,ALL,-0.75864536,-9.094934,EPIC
TARGET-10-PASHUP-09A,TARGET,EPIC,TARGET-ALL-P3,TARGET-10-PASHUP-09A.Ave_Beta,ALL,-1.3585333,-10.696942,EPIC
TARGET-15-SJMPAL046472-09A,TARGET,EPIC,TARGET-ALL-P3,TARGET-15-SJMPAL046472-09A.Ave_Beta,ALL,-2.3456984,-10.616977,EPIC
TARGET-10-PAPAWY-09A,TARGET,EPIC,TARGET-ALL-P3,TARGET-10-PAPAWY-09A.Ave_Beta,ALL,-2.0201025,-10.766537,EPIC
TARGET-10-PATDKH-09A,TARGET,EPIC,TARGET-ALL-P3,TARGET-10-PATDKH-09A.Ave_Beta,ALL,-2.2600477,-10.41062,EPIC
TARGET-10-PAPIGX-09A,TARGET,EPIC,TARGET-ALL-P3,TARGET-10-PAPIGX-09A.Ave_Beta,ALL,-2.441232,-10.0869,EPIC
TARGET-10-PASJJR-09A,TARGET,EPIC,TARGET-ALL-P3,TARGET-10-PASJJR-09A.Ave_Beta,ALL,-0.661059,-8.647487,EPIC
TARGET-15-SJMPAL003414-04A.1,TARGET,EPIC,TARGET-ALL-P3,TARGET-15-SJMPAL003414-04A.1.Ave_Beta,ALL,-0.884608,-8.556477,EPIC
TARGET-15-SJMPAL016344-09A,TARGET,EPIC,TARGET-ALL-P3,TARGET-15-SJMPAL016344-09A.Ave_Beta,ALL,-0.97916806,-8.395184,EPIC
TARGET-15-SJMPAL046471-09A.3,TARGET,EPIC,TARGET-ALL-P3,TARGET-15-SJMPAL046471-09A.3.Ave_Beta,ALL,-1.1120448,-10.864225,EPIC
TARGET-15-SJMPAL040024-09A.2,TARGET,EPIC,TARGET-ALL-P3,TARGET-15-SJMPAL040024-09A.2.Ave_Beta,ALL,-1.8546705,-11.11553,EPIC
TARGET-15-SJMPAL012421-09A,TARGET,EPIC,TARGET-ALL-P3,TARGET-15-SJMPAL012421-09A.Ave_Beta,ALL,-0.6157669,-8.799511,EPIC
TARGET-10-PAPEWV-09A,TARGET,EPIC,TARGET-ALL-P3,TARGET-10-PAPEWV-09A.Ave_Beta,ALL,-2.2799234,-10.499913,EPIC
TARGET-20-SJAML007112-09A,TARGET,EPIC,TARGET-ALL-P3,TARGET-20-SJAML007112-09A.Ave_Beta,ALL,-1.4868097,-10.989763,EPIC
TARGET-15-SJMPAL012420-09A.1,TARGET,EPIC,TARGET-ALL-P3,TARGET-15-SJMPAL012420-09A.1.Ave_Beta,ALL,-1.2118193,-10.805731,EPIC
TARGET-10-SJBALL004182-09A.3,TARGET,EPIC,TARGET-ALL-P3,TARGET-10-SJBALL004182-09A.3.Ave_Beta,ALL,-2.312125,-10.595894,EPIC
TARGET-15-SJMPAL040037-09A.2,TARGET,EPIC,TARGET-ALL-P3,TARGET-15-SJMPAL040037-09A.2.Ave_Beta,ALL,0.052211784,-8.765245,EPIC
TARGET-10-PANKMB-09A,TARGET,EPIC,TARGET-ALL-P3,TARGET-10-PANKMB-09A.Ave_Beta,ALL,-2.4035087,-10.219789,EPIC
TARGET-10-PASIIY-09A,TARGET,EPIC,TARGET-ALL-P3,TARGET-10-PASIIY-09A.Ave_Beta,ALL,-1.2584901,-7.977687,EPIC
TARGET-20-SJAML045741-09A,TARGET,EPIC,TARGET-ALL-P3,TARGET-20-SJAML045741-09A.Ave_Beta,ALL,-1.4972072,-11.034794,EPIC
TARGET-15-SJMPAL042793-09A.1,TARGET,EPIC,TARGET-ALL-P3,TARGET-15-SJMPAL042793-09A.1.Ave_Beta,ALL,-0.21475255,-8.837946,EPIC
TARGET-20-SJAML045734-09A,TARGET,EPIC,TARGET-ALL-P3,TARGET-20-SJAML045734-09A.Ave_Beta,ALL,-0.7094565,-12.042753,EPIC
TARGET-10-PATHBG-09A,TARGET,EPIC,TARGET-ALL-P3,TARGET-10-PATHBG-09A.Ave_Beta,ALL,-0.83975,-8.725341,EPIC
TARGET-15-SJMPAL016342-09A,TARGET,EPIC,TARGET-ALL-P3,TARGET-15-SJMPAL016342-09A.Ave_Beta,ALL,-1.1247276,-10.945247,EPIC
TARGET-15-SJMPAL046470-09A,TARGET,EPIC,TARGET-ALL-P3,TARGET-15-SJMPAL046470-09A.Ave_Beta,ALL,-2.5879076,-9.957217,EPIC
TARGET-10-PATXKD-09A,TARGET,EPIC,TARGET-ALL-P3,TARGET-10-PATXKD-09A.Ave_Beta,ALL,-2.413849,-10.148988,EPIC
TARGET-10-PATGBY-09A,TARGET,EPIC,TARGET-ALL-P3,TARGET-10-PATGBY-09A.Ave_Beta,ALL,-1.242528,-7.9796133,EPIC
TARGET-15-SJMPAL040037-09A.1,TARGET,EPIC,TARGET-ALL-P3,TARGET-15-SJMPAL040037-09A.1.Ave_Beta,ALL,0.06190916,-8.752592,EPIC
TARGET-10-PASWFN-09A,TARGET,EPIC,TARGET-ALL-P3,TARGET-10-PASWFN-09A.Ave_Beta,ALL,-0.7572374,-8.721926,EPIC
TARGET-20-SJAML007113-09A,TARGET,EPIC,TARGET-ALL-P3,TARGET-20-SJAML007113-09A.Ave_Beta,ALL,-1.3220767,-11.460656,EPIC
TARGET-20-SJAML045740-09A,TARGET,EPIC,TARGET-ALL-P3,TARGET-20-SJAML045740-09A.Ave_Beta,ALL,-1.5238494,-11.105508,EPIC
TARGET-15-SJMPAL040024-09A.3,TARGET,EPIC,TARGET-ALL-P3,TARGET-15-SJMPAL040024-09A.3.Ave_Beta,ALL,-1.8854187,-11.112217,EPIC
TARGET-10-PASFLK-09A,TARGET,EPIC,TARGET-ALL-P3,TARGET-10-PASFLK-09A.Ave_Beta,ALL,-0.8808169,-8.211848,EPIC
TARGET-20-SJAML003320-09A,TARGET,EPIC,TARGET-ALL-P3,TARGET-20-SJAML003320-09A.Ave_Beta,ALL,-0.9536216,-12.253559,EPIC
TARGET-10-PARXLS-09A,TARGET,EPIC,TARGET-ALL-P3,TARGET-10-PARXLS-09A.Ave_Beta,ALL,-1.281147,-7.9463973,EPIC
TARGET-15-SJMPAL012420-09A.2,TARGET,EPIC,TARGET-ALL-P3,TARGET-15-SJMPAL012420-09A.2.Ave_Beta,ALL,-1.2150244,-10.898516,EPIC
TARGET-15-SJMPAL016108-09A,TARGET,EPIC,TARGET-ALL-P3,TARGET-15-SJMPAL016108-09A.Ave_Beta,ALL,-0.8465684,-8.287443,EPIC
TARGET-10-PATRGV-09A,TARGET,EPIC,TARGET-ALL-P3,TARGET-10-PATRGV-09A.Ave_Beta,ALL,-1.4480857,-10.56766,EPIC
TARGET-15-SJMPAL046471-09A.2,TARGET,EPIC,TARGET-ALL-P3,TARGET-15-SJMPAL046471-09A.2.Ave_Beta,ALL,-1.1379257,-10.872565,EPIC
TARGET-10-PARSET-09A,TARGET,EPIC,TARGET-ALL-P3,TARGET-10-PARSET-09A.Ave_Beta,ALL,-0.48352087,-8.871334,EPIC
TARGET-15-SJMPAL012425-09A.3,TARGET,EPIC,TARGET-ALL-P3,TARGET-15-SJMPAL012425-09A.3.Ave_Beta,ALL,-2.5689027,-9.992532,EPIC
TARGET-10-PANYXC-09A,TARGET,EPIC,TARGET-ALL-P3,TARGET-10-PANYXC-09A.Ave_Beta,ALL,-2.458215,-10.142147,EPIC
TARGET-15-SJMPAL042793-09A.3,TARGET,EPIC,TARGET-ALL-P3,TARGET-15-SJMPAL042793-09A.3.Ave_Beta,ALL,-0.2121811,-8.831528,EPIC
TARGET-10-PASRMM-09A,TARGET,EPIC,TARGET-ALL-P3,TARGET-10-PASRMM-09A.Ave_Beta,ALL,-1.2877829,-7.939016,EPIC
TARGET-15-SJMPAL016340-09A,TARGET,EPIC,TARGET-ALL-P3,TARGET-15-SJMPAL016340-09A.Ave_Beta,ALL,-0.94695204,-8.1978445,EPIC
TARGET-15-SJMPAL046466-09A,TARGET,EPIC,TARGET-ALL-P3,TARGET-15-SJMPAL046466-09A.Ave_Beta,ALL,-1.8837894,-10.956645,EPIC
TARGET-10-PARAMR-09A,TARGET,EPIC,TARGET-ALL-P3,TARGET-10-PARAMR-09A.Ave_Beta,ALL,-2.3068519,-10.612645,EPIC
TARGET-15-SJMPAL016447-09A.2,TARGET,EPIC,TARGET-ALL-P3,TARGET-15-SJMPAL016447-09A.2.Ave_Beta,ALL,-0.7301454,-8.401779,EPIC
TARGET-20-SJAML040268-09A,TARGET,EPIC,TARGET-ALL-P3,TARGET-20-SJAML040268-09A.Ave_Beta,ALL,-0.5471179,-10.354353,EPIC
TARGET-15-SJMPAL012417-09A,TARGET,EPIC,TARGET-ALL-P3,TARGET-15-SJMPAL012417-09A.Ave_Beta,ALL,-0.89592737,-8.305371,EPIC
TARGET-10-PARMGY-09A,TARGET,EPIC,TARGET-ALL-P3,TARGET-10-PARMGY-09A.Ave_Beta,ALL,-2.1876016,-10.717901,EPIC
TARGET-15-SJMPAL012424-03A.2,TARGET,EPIC,TARGET-ALL-P3,TARGET-15-SJMPAL012424-03A.2.Ave_Beta,ALL,-2.319726,-10.061773,EPIC
TARGET-10-PASHNK-09A,TARGET,EPIC,TARGET-ALL-P3,TARGET-10-PASHNK-09A.Ave_Beta,ALL,-1.2536728,-7.9764676,EPIC
TARGET-15-SJMPAL012425-09A.1,TARGET,EPIC,TARGET-ALL-P3,TARGET-15-SJMPAL012425-09A.1.Ave_Beta,ALL,-2.5463834,-10.02368,EPIC
TARGET-15-SJMPAL046470-09A.1,TARGET,EPIC,TARGET-ALL-P3,TARGET-15-SJMPAL046470-09A.1.Ave_Beta,ALL,-2.5725386,-9.979138,EPIC
TARGET-15-SJMPAL016447-09A.1,TARGET,EPIC,TARGET-ALL-P3,TARGET-15-SJMPAL016447-09A.1.Ave_Beta,ALL,-0.80232626,-8.336798,EPIC
TARGET-10-PAPIGH-09A,TARGET,EPIC,TARGET-ALL-P3,TARGET-10-PAPIGH-09A.Ave_Beta,ALL,-2.1629453,-10.730075,EPIC
TARGET-10-PANRIM-03A,TARGET,EPIC,TARGET-ALL-P3,TARGET-10-PANRIM-03A.Ave_Beta,ALL,-2.1084423,-10.753569,EPIC
TARGET-15-SJMPAL042793-09A.2,TARGET,EPIC,TARGET-ALL-P3,TARGET-15-SJMPAL042793-09A.2.Ave_Beta,ALL,-0.22765529,-8.84336,EPIC
TARGET-10-SJBALL014146-09A,TARGET,EPIC,TARGET-ALL-P3,TARGET-10-SJBALL014146-09A.Ave_Beta,ALL,-2.4443374,-10.145826,EPIC
TARGET-10-PANJRD-09A,TARGET,EPIC,TARGET-ALL-P3,TARGET-10-PANJRD-09A.Ave_Beta,ALL,-2.3812494,-10.192979,EPIC
TARGET-15-SJMPAL040037-09A.3,TARGET,EPIC,TARGET-ALL-P3,TARGET-15-SJMPAL040037-09A.3.Ave_Beta,ALL,0.031416938,-8.761982,EPIC
TARGET-15-PARWPU-09A,TARGET,EPIC,TARGET-ALL-P3,TARGET-15-PARWPU-09A.Ave_Beta,ALL,-0.44489047,-8.882781,EPIC
TARGET-10-PASZEW-09A,TARGET,EPIC,TARGET-ALL-P3,TARGET-10-PASZEW-09A.Ave_Beta,ALL,-1.2441157,-7.9801273,EPIC
TARGET-15-SJMPAL016448-09A,TARGET,EPIC,TARGET-ALL-P3,TARGET-15-SJMPAL016448-09A.Ave_Beta,ALL,-2.3623044,-10.336177,EPIC
TARGET-10-SJBALL004182-09A.2,TARGET,EPIC,TARGET-ALL-P3,TARGET-10-SJBALL004182-09A.2.Ave_Beta,ALL,-2.3824928,-10.614977,EPIC
TARGET-10-PAPGPJ-09A,TARGET,EPIC,TARGET-ALL-P3,TARGET-10-PAPGPJ-09A.Ave_Beta,ALL,-2.2957947,-10.528282,EPIC
TARGET-10-PATCNI-09A,TARGET,EPIC,TARGET-ALL-P3,TARGET-10-PATCNI-09A.Ave_Beta,ALL,-1.2867827,-8.090146,EPIC
TARGET-15-SJMPAL046471-09A,TARGET,EPIC,TARGET-ALL-P3,TARGET-15-SJMPAL046471-09A.Ave_Beta,ALL,-1.0632241,-10.8020315,EPIC
TARGET-10-SJBALL021816-09A,TARGET,EPIC,TARGET-ALL-P3,TARGET-10-SJBALL021816-09A.Ave_Beta,ALL,-2.4683604,-10.131613,EPIC
TARGET-15-SJMPAL016343-09A,TARGET,EPIC,TARGET-ALL-P3,TARGET-15-SJMPAL016343-09A.Ave_Beta,ALL,-1.507218,-10.909418,EPIC
TARGET-15-SJMPAL046470-09A.2,TARGET,EPIC,TARGET-ALL-P3,TARGET-15-SJMPAL046470-09A.2.Ave_Beta,ALL,-2.5917022,-9.949191,EPIC
TARGET-10-PARPYJ-09A,TARGET,EPIC,TARGET-ALL-P3,TARGET-10-PARPYJ-09A.Ave_Beta,ALL,-1.2106519,-8.026199,EPIC
TARGET-20-SJAML045738-09A,TARGET,EPIC,TARGET-ALL-P3,TARGET-20-SJAML045738-09A.Ave_Beta,ALL,-1.1540467,-10.940771,EPIC
TARGET-10-PAPHGD-09A,TARGET,EPIC,TARGET-ALL-P3,TARGET-10-PAPHGD-09A.Ave_Beta,ALL,-2.356615,-10.264137,EPIC
TARGET-15-SJMPAL012424-03A.1,TARGET,EPIC,TARGET-ALL-P3,TARGET-15-SJMPAL012424-03A.1.Ave_Beta,ALL,-2.3416688,-10.049346,EPIC
TARGET-15-SJMPAL046467-09A,TARGET,EPIC,TARGET-ALL-P3,TARGET-15-SJMPAL046467-09A.Ave_Beta,ALL,-2.2046824,-10.746712,EPIC
TARGET-15-SJMPAL012418-09A.1,TARGET,EPIC,TARGET-ALL-P3,TARGET-15-SJMPAL012418-09A.1.Ave_Beta,ALL,-0.750448,-9.061346,EPIC
TARGET-15-SJMPAL040037-09A.4,TARGET,EPIC,TARGET-ALL-P3,TARGET-15-SJMPAL040037-09A.4.Ave_Beta,ALL,0.0894872,-8.787826,EPIC
TARGET-20-SJAML045742-09A,TARGET,EPIC,TARGET-ALL-P3,TARGET-20-SJAML045742-09A.Ave_Beta,ALL,-0.60387295,-10.683644,EPIC
TARGET-10-PATKVD-09A,TARGET,EPIC,TARGET-ALL-P3,TARGET-10-PATKVD-09A.Ave_Beta,ALL,-1.379785,-10.729467,EPIC
TARGET-15-SJMPAL040024-09A.1,TARGET,EPIC,TARGET-ALL-P3,TARGET-15-SJMPAL040024-09A.1.Ave_Beta,ALL,-1.9071609,-11.127294,EPIC
TARGET-10-SJALL040058-09A,TARGET,EPIC,TARGET-ALL-P3,TARGET-10-SJALL040058-09A.Ave_Beta,ALL,-2.3199887,-10.637514,EPIC
TARGET-10-PASNTZ-09A,TARGET,EPIC,TARGET-ALL-P3,TARGET-10-PASNTZ-09A.Ave_Beta,ALL,-0.85961187,-8.225371,EPIC
TARGET-10-PARXMV-03A,TARGET,EPIC,TARGET-ALL-P3,TARGET-10-PARXMV-03A.Ave_Beta,ALL,-1.2311546,-7.982307,EPIC
TARGET-10-PASRCV-09A,TARGET,EPIC,TARGET-ALL-P3,TARGET-10-PASRCV-09A.Ave_Beta,ALL,-1.3159722,-8.184699,EPIC
TARGET-15-SJMPAL016343-04A.1,TARGET,EPIC,TARGET-ALL-P3,TARGET-15-SJMPAL016343-04A.1.Ave_Beta,ALL,-0.80220956,-8.772156,EPIC
TARGET-10-SJBALL004182-09A.1,TARGET,EPIC,TARGET-ALL-P3,TARGET-10-SJBALL004182-09A.1.Ave_Beta,ALL,-2.3892133,-10.57738,EPIC
TARGET-10-PARUEU-09A,TARGET,EPIC,TARGET-ALL-P3,TARGET-10-PARUEU-09A.Ave_Beta,ALL,-1.2059321,-8.007522,EPIC
TARGET-10-PATALJ-09A,TARGET,EPIC,TARGET-ALL-P3,TARGET-10-PATALJ-09A.Ave_Beta,ALL,-1.0961636,-8.138314,EPIC
TARGET-10-PAPEZX-09A,TARGET,EPIC,TARGET-ALL-P3,TARGET-10-PAPEZX-09A.Ave_Beta,ALL,-2.4880257,-10.095679,EPIC
TARGET-15-SJMPAL012418-09A.3,TARGET,EPIC,TARGET-ALL-P3,TARGET-15-SJMPAL012418-09A.3.Ave_Beta,ALL,-0.69895726,-9.121464,EPIC
TARGET-10-PASZJW-03A,TARGET,EPIC,TARGET-ALL-P3,TARGET-10-PASZJW-03A.Ave_Beta,ALL,-1.2394109,-8.031216,EPIC
TARGET-15-SJMPAL012419-09A.1,TARGET,EPIC,TARGET-ALL-P3,TARGET-15-SJMPAL012419-09A.1.Ave_Beta,ALL,-2.4479737,-9.995142,EPIC
TARGET-20-SJAML045737-09A,TARGET,EPIC,TARGET-ALL-P3,TARGET-20-SJAML045737-09A.Ave_Beta,ALL,-0.22155793,-8.831026,EPIC
TARGET-15-SJMPAL016447-09A.3,TARGET,EPIC,TARGET-ALL-P3,TARGET-15-SJMPAL016447-09A.3.Ave_Beta,ALL,-0.7621807,-8.30778,EPIC
TARGET-10-PARTBP-09A,TARGET,EPIC,TARGET-ALL-P3,TARGET-10-PARTBP-09A.Ave_Beta,ALL,-1.2750293,-7.9570475,EPIC
TARGET-15-SJMPAL012425-09A.2,TARGET,EPIC,TARGET-ALL-P3,TARGET-15-SJMPAL012425-09A.2.Ave_Beta,ALL,-2.5580316,-10.0520115,EPIC
TARGET-10-SJBALL004182-09A,TARGET,EPIC,TARGET-ALL-P3,TARGET-10-SJBALL004182-09A.Ave_Beta,ALL,-2.397654,-10.614775,EPIC
TARGET-10-PAPAJU-09A,TARGET,EPIC,TARGET-ALL-P3,TARGET-10-PAPAJU-09A.Ave_Beta,ALL,-2.4085011,-10.146317,EPIC
TARGET-15-SJMPAL046471-09A.1,TARGET,EPIC,TARGET-ALL-P3,TARGET-15-SJMPAL046471-09A.1.Ave_Beta,ALL,-1.063254,-10.923,EPIC
TARGET-10-PASJLN-09A,TARGET,EPIC,TARGET-ALL-P3,TARGET-10-PASJLN-09A.Ave_Beta,ALL,-1.2569354,-7.9832025,EPIC
TARGET-10-PANWPI-09A,TARGET,EPIC,TARGET-ALL-P3,TARGET-10-PANWPI-09A.Ave_Beta,ALL,-2.3294914,-10.561039,EPIC
TARGET-10-PAPDAU-09A,TARGET,EPIC,TARGET-ALL-P3,TARGET-10-PAPDAU-09A.Ave_Beta,ALL,-1.8867686,-11.16574,EPIC
TARGET-10-SJBALL014594-03A,TARGET,EPIC,TARGET-ALL-P3,TARGET-10-SJBALL014594-03A.Ave_Beta,ALL,-1.8480592,-10.843969,EPIC
TARGET-10-PATFWF-09A,TARGET,EPIC,TARGET-ALL-P3,TARGET-10-PATFWF-09A.Ave_Beta,ALL,-0.8074455,-8.218029,EPIC
TARGET-20-PASJGZ-04A,TARGET,450K,TARGET-AML,TARGET-20-PASJGZ-04A.Ave_Beta,AML,-1.1997377,-12.277936,450K
TARGET-20-PADZCG-09A,TARGET,450K,TARGET-AML,TARGET-20-PADZCG-09A.Ave_Beta,AML,-0.4935446,-10.730307,450K
TARGET-20-PABLDZ-09A,TARGET,450K,TARGET-AML,TARGET-20-PABLDZ-09A.Ave_Beta,AML,-0.45618588,-8.913114,450K
TARGET-20-PANTWV-04A,TARGET,450K,TARGET-AML,TARGET-20-PANTWV-04A.Ave_Beta,AML,-0.7956452,-11.422809,450K
TARGET-20-PASIEP-09A,TARGET,450K,TARGET-AML,TARGET-20-PASIEP-09A.Ave_Beta,AML,-0.9579582,-10.415571,450K
TARGET-20-PANLIR-09A,TARGET,450K,TARGET-AML,TARGET-20-PANLIR-09A.Ave_Beta,AML,-1.0105001,-10.666479,450K
TARGET-21-PARLSL-09A,TARGET,450K,TARGET-AML,TARGET-21-PARLSL-09A.Ave_Beta,AML,-0.4281027,-10.924237,450K
TARGET-20-PASCFW-09A,TARGET,450K,TARGET-AML,TARGET-20-PASCFW-09A.Ave_Beta,AML,-1.2382561,-12.5365505,450K
TARGET-20-PAKSMZ-03A,TARGET,450K,TARGET-AML,TARGET-20-PAKSMZ-03A.Ave_Beta,AML,-0.7636765,-10.763956,450K
TARGET-20-PANDER-09A,TARGET,450K,TARGET-AML,TARGET-20-PANDER-09A.Ave_Beta,AML,-1.3314663,-11.370062,450K
TARGET-20-PASJGZ-03A,TARGET,450K,TARGET-AML,TARGET-20-PASJGZ-03A.Ave_Beta,AML,-1.3009449,-12.337118,450K
TARGET-20-PATKJB-09A,TARGET,450K,TARGET-AML,TARGET-20-PATKJB-09A.Ave_Beta,AML,-0.7623348,-10.966902,450K
TARGET-20-PANYNR-04A,TARGET,450K,TARGET-AML,TARGET-20-PANYNR-04A.Ave_Beta,AML,-1.4015651,-12.157528,450K
TARGET-20-PARUDL-03A,TARGET,450K,TARGET-AML,TARGET-20-PARUDL-03A.Ave_Beta,AML,-1.3034824,-11.454983,450K
TARGET-20-PATIAK-09A,TARGET,450K,TARGET-AML,TARGET-20-PATIAK-09A.Ave_Beta,AML,-1.4092878,-11.538989,450K
TARGET-20-PAECCE-04A,TARGET,450K,TARGET-AML,TARGET-20-PAECCE-04A.Ave_Beta,AML,-0.7310661,-11.562578,450K
TARGET-20-PANNHB-04A,TARGET,450K,TARGET-AML,TARGET-20-PANNHB-04A.Ave_Beta,AML,-0.9448035,-12.367338,450K
TARGET-21-PATKKJ-09A,TARGET,450K,TARGET-AML,TARGET-21-PATKKJ-09A.Ave_Beta,AML,-0.78326845,-8.397704,450K
TARGET-20-PALGKX-04A,TARGET,450K,TARGET-AML,TARGET-20-PALGKX-04A.Ave_Beta,AML,-1.2231556,-12.015057,450K
TARGET-20-PABLDZ-04A,TARGET,450K,TARGET-AML,TARGET-20-PABLDZ-04A.Ave_Beta,AML,-0.5017572,-8.984342,450K
TARGET-20-PAKIWK-09A,TARGET,450K,TARGET-AML,TARGET-20-PAKIWK-09A.Ave_Beta,AML,-0.98338544,-11.024041,450K
TARGET-20-PARUBT-09A,TARGET,450K,TARGET-AML,TARGET-20-PARUBT-09A.Ave_Beta,AML,-1.0691439,-11.446856,450K
TARGET-20-PARBIU-09A,TARGET,450K,TARGET-AML,TARGET-20-PARBIU-09A.Ave_Beta,AML,-0.5984162,-11.625028,450K
TARGET-20-PASCGR-04A,TARGET,450K,TARGET-AML,TARGET-20-PASCGR-04A.Ave_Beta,AML,-0.93440753,-12.378833,450K
TARGET-20-PARFXF-09A,TARGET,450K,TARGET-AML,TARGET-20-PARFXF-09A.Ave_Beta,AML,-0.7194319,-11.0987015,450K
TARGET-21-PAMYMA-09A,TARGET,450K,TARGET-AML,TARGET-21-PAMYMA-09A.Ave_Beta,AML,-0.96063334,-11.009578,450K
TARGET-21-PANVPB-09A,TARGET,450K,TARGET-AML,TARGET-21-PANVPB-09A.Ave_Beta,AML,-0.8233711,-9.0898285,450K
TARGET-20-PASHHH-09A,TARGET,450K,TARGET-AML,TARGET-20-PASHHH-09A.Ave_Beta,AML,-1.3756186,-11.998231,450K
TARGET-20-PARNZW-09A,TARGET,450K,TARGET-AML,TARGET-20-PARNZW-09A.Ave_Beta,AML,-0.45464796,-10.852361,450K
TARGET-20-PAPBEJ-09A,TARGET,450K,TARGET-AML,TARGET-20-PAPBEJ-09A.Ave_Beta,AML,-1.0720261,-12.5678625,450K
TARGET-20-PAPVZK-40A,TARGET,450K,TARGET-AML,TARGET-20-PAPVZK-40A.Ave_Beta,AML,-1.2434789,-11.802949,450K
TARGET-20-PAKERZ-04A,TARGET,450K,TARGET-AML,TARGET-20-PAKERZ-04A.Ave_Beta,AML,-1.0820783,-12.494926,450K
TARGET-21-PASTZK-09A,TARGET,450K,TARGET-AML,TARGET-21-PASTZK-09A.Ave_Beta,AML,-0.8653575,-8.480641,450K
TARGET-20-PAEIKD-04A,TARGET,450K,TARGET-AML,TARGET-20-PAEIKD-04A.Ave_Beta,AML,-0.742281,-11.782735,450K
TARGET-21-PASIGA-09A,TARGET,450K,TARGET-AML,TARGET-21-PASIGA-09A.Ave_Beta,AML,-1.4440622,-11.98131,450K
TARGET-21-PATKBK-03A,TARGET,450K,TARGET-AML,TARGET-21-PATKBK-03A.Ave_Beta,AML,-1.4361395,-12.273307,450K
TARGET-20-PASJTM-09A,TARGET,450K,TARGET-AML,TARGET-20-PASJTM-09A.Ave_Beta,AML,-1.1559995,-12.54452,450K
TARGET-20-PARUBT-40A,TARGET,450K,TARGET-AML,TARGET-20-PARUBT-40A.Ave_Beta,AML,-1.1916575,-11.519354,450K
TARGET-20-PASCGR-03A,TARGET,450K,TARGET-AML,TARGET-20-PASCGR-03A.Ave_Beta,AML,-0.70241743,-11.732288,450K
TARGET-20-PASPLU-09A,TARGET,450K,TARGET-AML,TARGET-20-PASPLU-09A.Ave_Beta,AML,-0.47488788,-10.459005,450K
TARGET-20-PASTTW-09A,TARGET,450K,TARGET-AML,TARGET-20-PASTTW-09A.Ave_Beta,AML,-1.3938609,-12.290479,450K
TARGET-20-PASMHY-03A,TARGET,450K,TARGET-AML,TARGET-20-PASMHY-03A.Ave_Beta,AML,-1.2726928,-11.462465,450K
TARGET-20-PASZLJ-09A,TARGET,450K,TARGET-AML,TARGET-20-PASZLJ-09A.Ave_Beta,AML,-0.60006,-11.275324,450K
TARGET-20-PANDIX-04A,TARGET,450K,TARGET-AML,TARGET-20-PANDIX-04A.Ave_Beta,AML,-0.86012864,-11.16204,450K
TARGET-20-PAEERJ-03A,TARGET,450K,TARGET-AML,TARGET-20-PAEERJ-03A.Ave_Beta,AML,-0.47026864,-10.915934,450K
TARGET-21-PATKWH-09A,TARGET,450K,TARGET-AML,TARGET-21-PATKWH-09A.Ave_Beta,AML,-0.61792463,-10.538535,450K
TARGET-20-PARASV-04A,TARGET,450K,TARGET-AML,TARGET-20-PARASV-04A.Ave_Beta,AML,-0.63229895,-11.653748,450K
TARGET-20-PAKVGI-09A,TARGET,450K,TARGET-AML,TARGET-20-PAKVGI-09A.Ave_Beta,AML,-1.1464725,-12.5991955,450K
TARGET-20-PAKERZ-09A,TARGET,450K,TARGET-AML,TARGET-20-PAKERZ-09A.Ave_Beta,AML,-1.1189603,-12.594099,450K
TARGET-20-PARCCH-03A,TARGET,450K,TARGET-AML,TARGET-20-PARCCH-03A.Ave_Beta,AML,-1.4984856,-12.313626,450K
TARGET-21-PAMXZY-09A,TARGET,450K,TARGET-AML,TARGET-21-PAMXZY-09A.Ave_Beta,AML,-0.70929074,-11.169147,450K
TARGET-21-PARZIA-09A,TARGET,450K,TARGET-AML,TARGET-21-PARZIA-09A.Ave_Beta,AML,-0.824975,-9.264755,450K
TARGET-20-PASVVS-09A,TARGET,450K,TARGET-AML,TARGET-20-PASVVS-09A.Ave_Beta,AML,-1.0923306,-12.050422,450K
TARGET-20-PAEFGT-03A,TARGET,450K,TARGET-AML,TARGET-20-PAEFGT-03A.Ave_Beta,AML,-0.47319877,-10.72102,450K
TARGET-20-PARUCB-04A,TARGET,450K,TARGET-AML,TARGET-20-PARUCB-04A.Ave_Beta,AML,-0.7239805,-9.378242,450K
TARGET-20-PARPDS-04A,TARGET,450K,TARGET-AML,TARGET-20-PARPDS-04A.Ave_Beta,AML,-1.0881318,-11.07662,450K
TARGET-20-PASJIM-09A,TARGET,450K,TARGET-AML,TARGET-20-PASJIM-09A.Ave_Beta,AML,-1.3669817,-12.275607,450K
TARGET-20-PAKTCX-04A,TARGET,450K,TARGET-AML,TARGET-20-PAKTCX-04A.Ave_Beta,AML,-0.8265959,-10.9795475,450K
TARGET-20-PARWXU-04A,TARGET,450K,TARGET-AML,TARGET-20-PARWXU-04A.Ave_Beta,AML,-1.4099557,-9.865323,450K
TARGET-20-PAPBEJ-04A,TARGET,450K,TARGET-AML,TARGET-20-PAPBEJ-04A.Ave_Beta,AML,-1.0237594,-12.537658,450K
TARGET-20-PASLSD-04A,TARGET,450K,TARGET-AML,TARGET-20-PASLSD-04A.Ave_Beta,AML,-1.9632478,-10.167695,450K
TARGET-21-PASNKZ-09A,TARGET,450K,TARGET-AML,TARGET-21-PASNKZ-09A.Ave_Beta,AML,-0.58860135,-8.933151,450K
TARGET-20-PANLIR-04A,TARGET,450K,TARGET-AML,TARGET-20-PANLIR-04A.Ave_Beta,AML,-1.0436379,-10.766317,450K
TARGET-20-PASWLN-04A,TARGET,450K,TARGET-AML,TARGET-20-PASWLN-04A.Ave_Beta,AML,-0.6650254,-9.648787,450K
TARGET-20-PATJHJ-09A,TARGET,450K,TARGET-AML,TARGET-20-PATJHJ-09A.Ave_Beta,AML,-1.7422378,-10.514314,450K
TARGET-20-PAPXRJ-04A,TARGET,450K,TARGET-AML,TARGET-20-PAPXRJ-04A.Ave_Beta,AML,-0.65762323,-11.147112,450K
TARGET-21-PARBTV-09A,TARGET,450K,TARGET-AML,TARGET-21-PARBTV-09A.Ave_Beta,AML,-1.3993262,-12.216532,450K
TARGET-20-PARSAN-09A,TARGET,450K,TARGET-AML,TARGET-20-PARSAN-09A.Ave_Beta,AML,-0.6472625,-10.742829,450K
TARGET-21-PASSLT-09A,TARGET,450K,TARGET-AML,TARGET-21-PASSLT-09A.Ave_Beta,AML,-0.8037884,-8.268425,450K
TARGET-20-PASVYA-04A,TARGET,450K,TARGET-AML,TARGET-20-PASVYA-04A.Ave_Beta,AML,-1.4302819,-12.311085,450K
TARGET-20-PANGDN-04A,TARGET,450K,TARGET-AML,TARGET-20-PANGDN-04A.Ave_Beta,AML,-0.7579712,-11.338149,450K
TARGET-20-PARPDS-09A,TARGET,450K,TARGET-AML,TARGET-20-PARPDS-09A.Ave_Beta,AML,-0.8391348,-9.265992,450K
TARGET-20-PARCEC-03A,TARGET,450K,TARGET-AML,TARGET-20-PARCEC-03A.Ave_Beta,AML,-1.1908884,-11.151255,450K
TARGET-20-PASMGW-04A,TARGET,450K,TARGET-AML,TARGET-20-PASMGW-04A.Ave_Beta,AML,-0.7401869,-11.715267,450K
TARGET-20-PASBBE-09A,TARGET,450K,TARGET-AML,TARGET-20-PASBBE-09A.Ave_Beta,AML,-0.92336124,-10.461672,450K
TARGET-20-PAMYJX-04A,TARGET,450K,TARGET-AML,TARGET-20-PAMYJX-04A.Ave_Beta,AML,-0.3922492,-10.561201,450K
TARGET-20-PASLSD-03A,TARGET,450K,TARGET-AML,TARGET-20-PASLSD-03A.Ave_Beta,AML,-1.9797031,-10.107186,450K
TARGET-20-PARIMT-03A,TARGET,450K,TARGET-AML,TARGET-20-PARIMT-03A.Ave_Beta,AML,-1.3068691,-11.666389,450K
TARGET-20-PANYCG-09A,TARGET,450K,TARGET-AML,TARGET-20-PANYCG-09A.Ave_Beta,AML,-1.1193919,-11.374519,450K
TARGET-20-PASGCE-40A,TARGET,450K,TARGET-AML,TARGET-20-PASGCE-40A.Ave_Beta,AML,-0.69698435,-10.1151085,450K
TARGET-20-PADZCG-04A,TARGET,450K,TARGET-AML,TARGET-20-PADZCG-04A.Ave_Beta,AML,-0.5359117,-10.537714,450K
TARGET-21-PASFJJ-09A,TARGET,450K,TARGET-AML,TARGET-21-PASFJJ-09A.Ave_Beta,AML,-0.5056236,-8.951085,450K
TARGET-21-PASDKZ-03A,TARGET,450K,TARGET-AML,TARGET-21-PASDKZ-03A.Ave_Beta,AML,-0.51429766,-10.575806,450K
TARGET-20-PASTUH-09A,TARGET,450K,TARGET-AML,TARGET-20-PASTUH-09A.Ave_Beta,AML,-0.6349642,-10.741975,450K
TARGET-20-PATJHJ-40A,TARGET,450K,TARGET-AML,TARGET-20-PATJHJ-40A.Ave_Beta,AML,-2.1415567,-10.023861,450K
TARGET-20-PAKTCX-09A,TARGET,450K,TARGET-AML,TARGET-20-PAKTCX-09A.Ave_Beta,AML,-0.5987244,-10.215737,450K
TARGET-20-PASVYL-04A,TARGET,450K,TARGET-AML,TARGET-20-PASVYL-04A.Ave_Beta,AML,-1.2288646,-12.191651,450K
TARGET-20-PAKVGI-04A,TARGET,450K,TARGET-AML,TARGET-20-PAKVGI-04A.Ave_Beta,AML,-1.3128082,-12.130078,450K
TARGET-20-PARNNT-09A,TARGET,450K,TARGET-AML,TARGET-20-PARNNT-09A.Ave_Beta,AML,-0.8566534,-12.120065,450K
TARGET-20-PANLXM-04A,TARGET,450K,TARGET-AML,TARGET-20-PANLXM-04A.Ave_Beta,AML,-0.70920867,-9.758511,450K
TARGET-20-PAMYJX-09A,TARGET,450K,TARGET-AML,TARGET-20-PAMYJX-09A.Ave_Beta,AML,-0.42298454,-10.813661,450K
TARGET-21-PATISD-09A,TARGET,450K,TARGET-AML,TARGET-21-PATISD-09A.Ave_Beta,AML,-0.7053101,-9.349232,450K
TARGET-20-PAMYAS-04A,TARGET,450K,TARGET-AML,TARGET-20-PAMYAS-04A.Ave_Beta,AML,-1.393167,-11.008897,450K
TARGET-20-PASWPD-09A,TARGET,450K,TARGET-AML,TARGET-20-PASWPD-09A.Ave_Beta,AML,-1.12453,-10.7956915,450K
TARGET-20-PARPPY-40A,TARGET,450K,TARGET-AML,TARGET-20-PARPPY-40A.Ave_Beta,AML,-1.2808163,-11.01728,450K
TARGET-20-PASVYA-09A,TARGET,450K,TARGET-AML,TARGET-20-PASVYA-09A.Ave_Beta,AML,-1.4017068,-12.243649,450K
TARGET-20-PANNHB-09A,TARGET,450K,TARGET-AML,TARGET-20-PANNHB-09A.Ave_Beta,AML,-1.4521292,-11.317406,450K
TARGET-21-PATJMY-09A,TARGET,450K,TARGET-AML,TARGET-21-PATJMY-09A.Ave_Beta,AML,-0.6713724,-10.048291,450K
TARGET-20-PAEFGR-04A,TARGET,450K,TARGET-AML,TARGET-20-PAEFGR-04A.Ave_Beta,AML,-1.252245,-11.3431225,450K
TARGET-20-PARSAN-04A,TARGET,450K,TARGET-AML,TARGET-20-PARSAN-04A.Ave_Beta,AML,-0.8082101,-10.676781,450K
TARGET-20-PANLXM-09A,TARGET,450K,TARGET-AML,TARGET-20-PANLXM-09A.Ave_Beta,AML,-0.76112515,-10.421717,450K
TARGET-20-PARYVW-04A,TARGET,450K,TARGET-AML,TARGET-20-PARYVW-04A.Ave_Beta,AML,-0.85368407,-8.357164,450K
TARGET-20-PASCRZ-04A,TARGET,450K,TARGET-AML,TARGET-20-PASCRZ-04A.Ave_Beta,AML,-1.224857,-12.192749,450K
TARGET-20-PASGCE-09A,TARGET,450K,TARGET-AML,TARGET-20-PASGCE-09A.Ave_Beta,AML,-0.9247112,-10.9751005,450K
TARGET-20-PASCRZ-03A,TARGET,450K,TARGET-AML,TARGET-20-PASCRZ-03A.Ave_Beta,AML,-0.7940217,-9.217867,450K
TARGET-20-PARNIA-04A,TARGET,450K,TARGET-AML,TARGET-20-PARNIA-04A.Ave_Beta,AML,-1.322915,-12.239914,450K
TARGET-20-PAMYAS-09A,TARGET,450K,TARGET-AML,TARGET-20-PAMYAS-09A.Ave_Beta,AML,-1.4395721,-11.175177,450K
TARGET-21-PARNAW-09A,TARGET,450K,TARGET-AML,TARGET-21-PARNAW-09A.Ave_Beta,AML,-1.4739107,-12.363708,450K
TARGET-20-PANYCG-04A,TARGET,450K,TARGET-AML,TARGET-20-PANYCG-04A.Ave_Beta,AML,-0.8468528,-9.157798,450K
TARGET-20-PASAUT-03A,TARGET,450K,TARGET-AML,TARGET-20-PASAUT-03A.Ave_Beta,AML,-1.3528353,-12.250862,450K
TARGET-20-PARVAI-03A,TARGET,450K,TARGET-AML,TARGET-20-PARVAI-03A.Ave_Beta,AML,-0.49523452,-10.998743,450K
TARGET-20-PASWAT-04A,TARGET,450K,TARGET-AML,TARGET-20-PASWAT-04A.Ave_Beta,AML,-1.1449496,-12.142833,450K
TARGET-20-PASTUH-04A,TARGET,450K,TARGET-AML,TARGET-20-PASTUH-04A.Ave_Beta,AML,-0.5206695,-10.298988,450K
TARGET-21-PATAIJ-09A,TARGET,450K,TARGET-AML,TARGET-21-PATAIJ-09A.Ave_Beta,AML,-0.8255625,-12.062246,450K
TARGET-20-PAECCE-09A,TARGET,450K,TARGET-AML,TARGET-20-PAECCE-09A.Ave_Beta,AML,-0.7522417,-11.637842,450K
TARGET-20-PANYNR-03A,TARGET,450K,TARGET-AML,TARGET-20-PANYNR-03A.Ave_Beta,AML,-1.3977157,-11.542687,450K
TARGET-20-PASRLS-09A,TARGET,450K,TARGET-AML,TARGET-20-PASRLS-09A.Ave_Beta,AML,-1.4841444,-12.343603,450K
TARGET-20-PARIMT-04A,TARGET,450K,TARGET-AML,TARGET-20-PARIMT-04A.Ave_Beta,AML,-1.3446281,-11.824451,450K
TARGET-20-PARDMG-09A,TARGET,450K,TARGET-AML,TARGET-20-PARDMG-09A.Ave_Beta,AML,-1.2479099,-11.537846,450K
TARGET-20-PARPPY-09A,TARGET,450K,TARGET-AML,TARGET-20-PARPPY-09A.Ave_Beta,AML,-1.4383382,-10.999341,450K
TARGET-20-PARNZW-40A,TARGET,450K,TARGET-AML,TARGET-20-PARNZW-40A.Ave_Beta,AML,-1.2228265,-12.10486,450K
TARGET-21-PATHIU-09A,TARGET,450K,TARGET-AML,TARGET-21-PATHIU-09A.Ave_Beta,AML,-0.6540157,-10.138591,450K
TARGET-20-PAEIKD-09A,TARGET,450K,TARGET-AML,TARGET-20-PAEIKD-09A.Ave_Beta,AML,-1.4221113,-12.102535,450K
TARGET-20-PARWXU-09A,TARGET,450K,TARGET-AML,TARGET-20-PARWXU-09A.Ave_Beta,AML,-1.4487994,-9.90972,450K
TARGET-20-PARUCB-09A,TARGET,450K,TARGET-AML,TARGET-20-PARUCB-09A.Ave_Beta,AML,8.260434,2.1059198,450K
TARGET-20-PARCUK-04A,TARGET,450K,TARGET-AML,TARGET-20-PARCUK-04A.Ave_Beta,AML,-0.98431355,-12.311661,450K
TARGET-20-PARBTC-03A,TARGET,450K,TARGET-AML,TARGET-20-PARBTC-03A.Ave_Beta,AML,-1.4775434,-12.144522,450K
TARGET-20-PANDIX-09A,TARGET,450K,TARGET-AML,TARGET-20-PANDIX-09A.Ave_Beta,AML,-0.51497865,-10.239927,450K
TARGET-21-PASYEJ-09A,TARGET,450K,TARGET-AML,TARGET-21-PASYEJ-09A.Ave_Beta,AML,-0.6918728,-10.9164295,450K
TARGET-20-PAKIWK-04A,TARGET,450K,TARGET-AML,TARGET-20-PAKIWK-04A.Ave_Beta,AML,-0.92204213,-10.730344,450K
TARGET-20-PARSHM-03A,TARGET,450K,TARGET-AML,TARGET-20-PARSHM-03A.Ave_Beta,AML,-1.3177617,-11.557694,450K
TARGET-20-PAEDKB-09A,TARGET,450K,TARGET-AML,TARGET-20-PAEDKB-09A.Ave_Beta,AML,-1.2484803,-11.88941,450K
TARGET-20-PARTAL-04A,TARGET,450K,TARGET-AML,TARGET-20-PARTAL-04A.Ave_Beta,AML,-1.1375955,-11.448109,450K
TARGET-21-PASFHK-09A,TARGET,450K,TARGET-AML,TARGET-21-PASFHK-09A.Ave_Beta,AML,-0.43976694,-9.023853,450K
TARGET-20-PARNIA-09A,TARGET,450K,TARGET-AML,TARGET-20-PARNIA-09A.Ave_Beta,AML,-1.3425674,-12.348561,450K
TARGET-20-PASPLU-04A,TARGET,450K,TARGET-AML,TARGET-20-PASPLU-04A.Ave_Beta,AML,-0.49185804,-10.397766,450K
TARGET-21-PANZLR-09A,TARGET,450K,TARGET-AML,TARGET-21-PANZLR-09A.Ave_Beta,AML,-0.41879013,-10.434819,450K
TARGET-20-PASHBI-09A,TARGET,450K,TARGET-AML,TARGET-20-PASHBI-09A.Ave_Beta,AML,-1.5017854,-11.025777,450K
TARGET-20-PATDHA-04A,TARGET,450K,TARGET-AML,TARGET-20-PATDHA-04A.Ave_Beta,AML,-1.0737351,-11.815276,450K
TARGET-20-PARUWX-09A,TARGET,450K,TARGET-AML,TARGET-20-PARUWX-09A.Ave_Beta,AML,-0.42425647,-10.814237,450K
TARGET-20-PATIAK-04A,TARGET,450K,TARGET-AML,TARGET-20-PATIAK-04A.Ave_Beta,AML,-1.3899181,-11.31305,450K
TARGET-20-PASRTP-09A,TARGET,450K,TARGET-AML,TARGET-20-PASRTP-09A.Ave_Beta,AML,-0.6116237,-10.191133,450K
TARGET-20-PARTAL-09A,TARGET,450K,TARGET-AML,TARGET-20-PARTAL-09A.Ave_Beta,AML,-1.2280743,-11.446796,450K
TARGET-20-PANCSC-04A,TARGET,450K,TARGET-AML,TARGET-20-PANCSC-04A.Ave_Beta,AML,-1.2510648,-11.808997,450K
TARGET-21-PASYWA-09A,TARGET,450K,TARGET-AML,TARGET-21-PASYWA-09A.Ave_Beta,AML,-0.450038,-8.913083,450K
TARGET-20-PANLLX-04A,TARGET,450K,TARGET-AML,TARGET-20-PANLLX-04A.Ave_Beta,AML,-1.1499331,-11.476474,450K
TARGET-20-PANLRE-09A,TARGET,450K,TARGET-AML,TARGET-20-PANLRE-09A.Ave_Beta,AML,-1.3754902,-11.188507,450K
TARGET-20-PADYIR-04A,TARGET,450K,TARGET-AML,TARGET-20-PADYIR-04A.Ave_Beta,AML,-0.78893906,-11.556108,450K
TARGET-20-PAEFGR-09A,TARGET,450K,TARGET-AML,TARGET-20-PAEFGR-09A.Ave_Beta,AML,-1.3506255,-11.454097,450K
TARGET-20-PASJIM-04A,TARGET,450K,TARGET-AML,TARGET-20-PASJIM-04A.Ave_Beta,AML,-1.2891285,-12.22876,450K
TARGET-21-PARHRS-09A,TARGET,450K,TARGET-AML,TARGET-21-PARHRS-09A.Ave_Beta,AML,-0.5852036,-8.922057,450K
TARGET-20-PAPXRJ-09A,TARGET,450K,TARGET-AML,TARGET-20-PAPXRJ-09A.Ave_Beta,AML,-0.56533366,-10.948724,450K
TARGET-20-PARYVW-09A,TARGET,450K,TARGET-AML,TARGET-20-PARYVW-09A.Ave_Beta,AML,-0.9218096,-8.556978,450K
TARGET-20-PASIEJ-09A,TARGET,450K,TARGET-AML,TARGET-20-PASIEJ-09A.Ave_Beta,AML,-0.57514316,-11.162578,450K
TARGET-20-PASVVS-04A,TARGET,450K,TARGET-AML,TARGET-20-PASVVS-04A.Ave_Beta,AML,-0.83988404,-11.71246,450K
TARGET-20-PANLLX-09A,TARGET,450K,TARGET-AML,TARGET-20-PANLLX-09A.Ave_Beta,AML,-0.65609473,-10.398218,450K
TARGET-21-PASFLG-09A,TARGET,450K,TARGET-AML,TARGET-21-PASFLG-09A.Ave_Beta,AML,-0.44467944,-10.497421,450K
TARGET-20-PAEDKB-04A,TARGET,450K,TARGET-AML,TARGET-20-PAEDKB-04A.Ave_Beta,AML,-1.1442415,-11.84686,450K
TARGET-20-PATDHA-09A,TARGET,450K,TARGET-AML,TARGET-20-PATDHA-09A.Ave_Beta,AML,-1.1913531,-11.696586,450K
TARGET-20-PASWPD-04A,TARGET,450K,TARGET-AML,TARGET-20-PASWPD-04A.Ave_Beta,AML,-0.8739154,-10.367908,450K
TARGET-20-PARBIU-04A,TARGET,450K,TARGET-AML,TARGET-20-PARBIU-04A.Ave_Beta,AML,-0.55340564,-11.558725,450K
TARGET-20-PAEFGT-04A,TARGET,450K,TARGET-AML,TARGET-20-PAEFGT-04A.Ave_Beta,AML,-0.4777604,-10.469831,450K
TARGET-20-PASIEJ-04A,TARGET,450K,TARGET-AML,TARGET-20-PASIEJ-04A.Ave_Beta,AML,-0.6944539,-11.370134,450K
TARGET-20-PAEERJ-04A,TARGET,450K,TARGET-AML,TARGET-20-PAEERJ-04A.Ave_Beta,AML,-0.4378088,-10.786211,450K
TARGET-20-PANTNA-04A,TARGET,450K,TARGET-AML,TARGET-20-PANTNA-04A.Ave_Beta,AML,-0.8047876,-9.157718,450K
TARGET-21-PASHMK-09A,TARGET,450K,TARGET-AML,TARGET-21-PASHMK-09A.Ave_Beta,AML,-0.50599617,-11.049191,450K
TARGET-20-PAPXWI-04A,TARGET,450K,TARGET-AML,TARGET-20-PAPXWI-04A.Ave_Beta,AML,-1.2912374,-12.262683,450K
TARGET-21-PASDXR-09A,TARGET,450K,TARGET-AML,TARGET-21-PASDXR-09A.Ave_Beta,AML,-0.5123862,-10.599093,450K
TARGET-20-PARVUA-03A,TARGET,450K,TARGET-AML,TARGET-20-PARVUA-03A.Ave_Beta,AML,-0.4335699,-10.982157,450K
TARGET-20-PARXMP-09A,TARGET,450K,TARGET-AML,TARGET-20-PARXMP-09A.Ave_Beta,AML,-1.1101671,-12.645331,450K
TARGET-20-PARFIW-03A,TARGET,450K,TARGET-AML,TARGET-20-PARFIW-03A.Ave_Beta,AML,-1.5046837,-12.250715,450K
TARGET-20-PANGTF-09A,TARGET,450K,TARGET-AML,TARGET-20-PANGTF-09A.Ave_Beta,AML,-0.67707,-11.612998,450K
TARGET-20-PADYIR-03A,TARGET,450K,TARGET-AML,TARGET-20-PADYIR-03A.Ave_Beta,AML,-1.0207392,-11.697001,450K
TARGET-20-PASGMZ-09A,TARGET,450K,TARGET-AML,TARGET-20-PASGMZ-09A.Ave_Beta,AML,-0.61622787,-10.00863,450K
TARGET-20-PASWLN-09A,TARGET,450K,TARGET-AML,TARGET-20-PASWLN-09A.Ave_Beta,AML,-0.63820887,-9.937699,450K
TARGET-20-PANCSC-09A,TARGET,450K,TARGET-AML,TARGET-20-PANCSC-09A.Ave_Beta,AML,-0.8478302,-10.17612,450K
TARGET-20-PANSJB-09A,TARGET,450K,TARGET-AML,TARGET-20-PANSJB-09A.Ave_Beta,AML,-0.57587326,-10.191836,450K
TARGET-51-PAJMFS-01A,TARGET,450K,TARGET-CCSK,TARGET-51-PAJMFS-01A.Ave_Beta,CCSK,2.3811438,16.105278,450K
TARGET-51-PAKWMM-01A,TARGET,450K,TARGET-CCSK,TARGET-51-PAKWMM-01A.Ave_Beta,CCSK,2.3744304,16.098791,450K
TARGET-51-PALEIR-01A,TARGET,450K,TARGET-CCSK,TARGET-51-PALEIR-01A.Ave_Beta,CCSK,2.3409433,16.065496,450K
TARGET-51-PAEALX-01A,TARGET,450K,TARGET-CCSK,TARGET-51-PAEALX-01A.Ave_Beta,CCSK,2.356667,16.081066,450K
TARGET-51-PAJLWU-01A,TARGET,450K,TARGET-CCSK,TARGET-51-PAJLWU-01A.Ave_Beta,CCSK,2.3493123,16.07281,450K
TARGET-51-PALFYG-01A,TARGET,450K,TARGET-CCSK,TARGET-51-PALFYG-01A.Ave_Beta,CCSK,2.3155346,16.039845,450K
TARGET-51-PALKEI-01A,TARGET,450K,TARGET-CCSK,TARGET-51-PALKEI-01A.Ave_Beta,CCSK,2.3783488,16.10255,450K
TARGET-51-PALLXV-01A,TARGET,450K,TARGET-CCSK,TARGET-51-PALLXV-01A.Ave_Beta,CCSK,2.3489048,16.07326,450K
TARGET-51-PAJPFB-01A,TARGET,450K,TARGET-CCSK,TARGET-51-PAJPFB-01A.Ave_Beta,CCSK,2.3680556,16.092411,450K
TARGET-51-PALFEF-01A,TARGET,450K,TARGET-CCSK,TARGET-51-PALFEF-01A.Ave_Beta,CCSK,2.3246796,16.049778,450K
TARGET-51-PAJNCV-01A,TARGET,450K,TARGET-CCSK,TARGET-51-PAJNCV-01A.Ave_Beta,CCSK,2.36907,16.093294,450K
TARGET-30-PAPSEI-01A,TARGET,450K,TARGET-NBL,TARGET-30-PAPSEI-01A.Ave_Beta,NBL,-9.086086,10.328909,450K
TARGET-30-PASUYG-01A,TARGET,450K,TARGET-NBL,TARGET-30-PASUYG-01A.Ave_Beta,NBL,-10.983887,9.864916,450K
TARGET-30-PAPTAN-01A,TARGET,450K,TARGET-NBL,TARGET-30-PAPTAN-01A.Ave_Beta,NBL,-11.561653,10.143635,450K
TARGET-30-PARACM-01A,TARGET,450K,TARGET-NBL,TARGET-30-PARACM-01A.Ave_Beta,NBL,-11.12996,9.424181,450K
TARGET-30-PAPVXS-01A,TARGET,450K,TARGET-NBL,TARGET-30-PAPVXS-01A.Ave_Beta,NBL,-11.592818,10.16999,450K
TARGET-30-PAMMXF-01A,TARGET,450K,TARGET-NBL,TARGET-30-PAMMXF-01A.Ave_Beta,NBL,-9.079767,10.243672,450K
TARGET-30-PASTKC-01A,TARGET,450K,TARGET-NBL,TARGET-30-PASTKC-01A.Ave_Beta,NBL,-11.419565,10.109823,450K
TARGET-30-PARHYL-01A,TARGET,450K,TARGET-NBL,TARGET-30-PARHYL-01A.Ave_Beta,NBL,-10.157573,10.595063,450K
TARGET-30-PALBFW-01A,TARGET,450K,TARGET-NBL,TARGET-30-PALBFW-01A.Ave_Beta,NBL,-11.363106,10.023482,450K
TARGET-30-PASJYB-01A,TARGET,450K,TARGET-NBL,TARGET-30-PASJYB-01A.Ave_Beta,NBL,-9.531849,10.595639,450K
TARGET-30-PAPUJU-01A,TARGET,450K,TARGET-NBL,TARGET-30-PAPUJU-01A.Ave_Beta,NBL,-10.550096,9.170822,450K
TARGET-30-PAMZMJ-01A,TARGET,450K,TARGET-NBL,TARGET-30-PAMZMJ-01A.Ave_Beta,NBL,-10.2152815,11.171468,450K
TARGET-30-PASGUT-01A,TARGET,450K,TARGET-NBL,TARGET-30-PASGUT-01A.Ave_Beta,NBL,-11.549889,10.806238,450K
TARGET-30-PASNPG-01A,TARGET,450K,TARGET-NBL,TARGET-30-PASNPG-01A.Ave_Beta,NBL,-10.279877,10.707142,450K
TARGET-30-PANRVJ-01A,TARGET,450K,TARGET-NBL,TARGET-30-PANRVJ-01A.Ave_Beta,NBL,-10.568554,10.257476,450K
TARGET-30-PASMDM-01A,TARGET,450K,TARGET-NBL,TARGET-30-PASMDM-01A.Ave_Beta,NBL,-10.535858,9.430872,450K
TARGET-30-PASGPY-01A,TARGET,450K,TARGET-NBL,TARGET-30-PASGPY-01A.Ave_Beta,NBL,-10.328591,10.422314,450K
TARGET-30-PASWFB-01A,TARGET,450K,TARGET-NBL,TARGET-30-PASWFB-01A.Ave_Beta,NBL,-9.003013,10.303583,450K
TARGET-30-PAPVEB-04A,TARGET,450K,TARGET-NBL,TARGET-30-PAPVEB-04A.Ave_Beta,NBL,-10.926836,10.279455,450K
TARGET-30-PAIVMJ-01A,TARGET,450K,TARGET-NBL,TARGET-30-PAIVMJ-01A.Ave_Beta,NBL,-10.376479,11.294833,450K
TARGET-30-PATYIL-01A,TARGET,450K,TARGET-NBL,TARGET-30-PATYIL-01A.Ave_Beta,NBL,-9.924417,10.430278,450K
TARGET-30-PARSHT-01A,TARGET,450K,TARGET-NBL,TARGET-30-PARSHT-01A.Ave_Beta,NBL,-10.503814,10.2684,450K
TARGET-30-PARSBI-01A,TARGET,450K,TARGET-NBL,TARGET-30-PARSBI-01A.Ave_Beta,NBL,-10.804543,10.294024,450K
TARGET-30-PANNMS-01A,TARGET,450K,TARGET-NBL,TARGET-30-PANNMS-01A.Ave_Beta,NBL,-11.569016,10.210449,450K
TARGET-30-PASXIE-01A,TARGET,450K,TARGET-NBL,TARGET-30-PASXIE-01A.Ave_Beta,NBL,-9.04116,10.32931,450K
TARGET-30-PASREY-01A,TARGET,450K,TARGET-NBL,TARGET-30-PASREY-01A.Ave_Beta,NBL,-10.403128,11.160911,450K
TARGET-30-PASHFA-02A,TARGET,450K,TARGET-NBL,TARGET-30-PASHFA-02A.Ave_Beta,NBL,-9.145248,10.444758,450K
TARGET-30-PAPEFE-01A,TARGET,450K,TARGET-NBL,TARGET-30-PAPEFE-01A.Ave_Beta,NBL,-10.500588,10.015822,450K
TARGET-30-PASNEF-01A,TARGET,450K,TARGET-NBL,TARGET-30-PASNEF-01A.Ave_Beta,NBL,-11.461214,10.916681,450K
TARGET-30-PALXTB-01A,TARGET,450K,TARGET-NBL,TARGET-30-PALXTB-01A.Ave_Beta,NBL,-11.154439,9.71317,450K
TARGET-30-PARVLK-01A,TARGET,450K,TARGET-NBL,TARGET-30-PARVLK-01A.Ave_Beta,NBL,-10.519464,10.237807,450K
TARGET-30-PALKXJ-01A,TARGET,450K,TARGET-NBL,TARGET-30-PALKXJ-01A.Ave_Beta,NBL,-10.243158,11.382085,450K
TARGET-30-PAPTLY-01A,TARGET,450K,TARGET-NBL,TARGET-30-PAPTLY-01A.Ave_Beta,NBL,-9.217998,10.359867,450K
TARGET-30-PARSEA-01A,TARGET,450K,TARGET-NBL,TARGET-30-PARSEA-01A.Ave_Beta,NBL,-10.620074,9.033873,450K
TARGET-30-PARGDJ-01A,TARGET,450K,TARGET-NBL,TARGET-30-PARGDJ-01A.Ave_Beta,NBL,-11.361785,11.027163,450K
TARGET-30-PATDWN-01A,TARGET,450K,TARGET-NBL,TARGET-30-PATDWN-01A.Ave_Beta,NBL,-9.266544,10.281134,450K
TARGET-30-PATGLU-01A,TARGET,450K,TARGET-NBL,TARGET-30-PATGLU-01A.Ave_Beta,NBL,-11.209304,9.539855,450K
TARGET-30-PANUIF-01A,TARGET,450K,TARGET-NBL,TARGET-30-PANUIF-01A.Ave_Beta,NBL,-11.492009,10.340545,450K
TARGET-30-PARZCJ-01A,TARGET,450K,TARGET-NBL,TARGET-30-PARZCJ-01A.Ave_Beta,NBL,-10.478271,10.898097,450K
TARGET-30-PASNPG-02A,TARGET,450K,TARGET-NBL,TARGET-30-PASNPG-02A.Ave_Beta,NBL,-10.276524,10.473395,450K
TARGET-30-PASATK-01A,TARGET,450K,TARGET-NBL,TARGET-30-PASATK-01A.Ave_Beta,NBL,-11.571367,10.264431,450K
TARGET-30-PARGKK-01A,TARGET,450K,TARGET-NBL,TARGET-30-PARGKK-01A.Ave_Beta,NBL,-11.237993,9.911273,450K
TARGET-30-PARAMT-01A,TARGET,450K,TARGET-NBL,TARGET-30-PARAMT-01A.Ave_Beta,NBL,-11.098024,10.401065,450K
TARGET-30-PARIRD-01A,TARGET,450K,TARGET-NBL,TARGET-30-PARIRD-01A.Ave_Beta,NBL,-10.417495,10.044963,450K
TARGET-30-PARZIP-01A,TARGET,450K,TARGET-NBL,TARGET-30-PARZIP-01A.Ave_Beta,NBL,-10.202956,10.481697,450K
TARGET-30-PASVRU-01A,TARGET,450K,TARGET-NBL,TARGET-30-PASVRU-01A.Ave_Beta,NBL,-9.065274,10.301318,450K
TARGET-30-PAPCTS-01A,TARGET,450K,TARGET-NBL,TARGET-30-PAPCTS-01A.Ave_Beta,NBL,-9.412801,10.086166,450K
TARGET-30-PALETP-01A,TARGET,450K,TARGET-NBL,TARGET-30-PALETP-01A.Ave_Beta,NBL,-11.101196,9.086003,450K
TARGET-30-PALRIA-01A,TARGET,450K,TARGET-NBL,TARGET-30-PALRIA-01A.Ave_Beta,NBL,-10.297081,10.672071,450K
TARGET-30-PAKINP-01A,TARGET,450K,TARGET-NBL,TARGET-30-PAKINP-01A.Ave_Beta,NBL,-10.823883,10.208648,450K
TARGET-30-PASCLP-01A,TARGET,450K,TARGET-NBL,TARGET-30-PASCLP-01A.Ave_Beta,NBL,-9.02778,10.23242,450K
TARGET-30-PAPTLD-01A,TARGET,450K,TARGET-NBL,TARGET-30-PAPTLD-01A.Ave_Beta,NBL,-11.185794,9.942866,450K
TARGET-30-PASCKI-01A,TARGET,450K,TARGET-NBL,TARGET-30-PASCKI-01A.Ave_Beta,NBL,-10.75321,10.205476,450K
TARGET-30-PASLGS-01A,TARGET,450K,TARGET-NBL,TARGET-30-PASLGS-01A.Ave_Beta,NBL,-10.763042,10.473874,450K
TARGET-30-PAPICY-01A,TARGET,450K,TARGET-NBL,TARGET-30-PAPICY-01A.Ave_Beta,NBL,-10.334932,11.24792,450K
TARGET-30-PALHVD-01A,TARGET,450K,TARGET-NBL,TARGET-30-PALHVD-01A.Ave_Beta,NBL,-11.465291,10.05716,450K
TARGET-30-PAPTLV-01A,TARGET,450K,TARGET-NBL,TARGET-30-PAPTLV-01A.Ave_Beta,NBL,-9.49156,10.681204,450K
TARGET-30-PAPWUC-01A,TARGET,450K,TARGET-NBL,TARGET-30-PAPWUC-01A.Ave_Beta,NBL,-11.031979,8.994343,450K
TARGET-30-PALIIN-01A,TARGET,450K,TARGET-NBL,TARGET-30-PALIIN-01A.Ave_Beta,NBL,-10.5808735,11.117129,450K
TARGET-30-PAPUAR-01A,TARGET,450K,TARGET-NBL,TARGET-30-PAPUAR-01A.Ave_Beta,NBL,-10.99811,8.985338,450K
TARGET-30-PATNKP-01A,TARGET,450K,TARGET-NBL,TARGET-30-PATNKP-01A.Ave_Beta,NBL,-10.1111965,10.389678,450K
TARGET-30-PATCFL-01A,TARGET,450K,TARGET-NBL,TARGET-30-PATCFL-01A.Ave_Beta,NBL,-1.5907423,-12.088008,450K
TARGET-30-PARNTS-01A,TARGET,450K,TARGET-NBL,TARGET-30-PARNTS-01A.Ave_Beta,NBL,-9.981257,10.549879,450K
TARGET-30-PAPUNH-01A,TARGET,450K,TARGET-NBL,TARGET-30-PAPUNH-01A.Ave_Beta,NBL,-9.356314,10.229576,450K
TARGET-30-PAUDDK-02A,TARGET,450K,TARGET-NBL,TARGET-30-PAUDDK-02A.Ave_Beta,NBL,-10.885675,10.283574,450K
TARGET-30-PAITCI-01A,TARGET,450K,TARGET-NBL,TARGET-30-PAITCI-01A.Ave_Beta,NBL,-11.194807,9.73616,450K
TARGET-30-PASNML-01A,TARGET,450K,TARGET-NBL,TARGET-30-PASNML-01A.Ave_Beta,NBL,-10.535343,11.529764,450K
TARGET-30-PAPTIP-01A,TARGET,450K,TARGET-NBL,TARGET-30-PAPTIP-01A.Ave_Beta,NBL,-9.5648985,10.578092,450K
TARGET-30-PASXHE-01A,TARGET,450K,TARGET-NBL,TARGET-30-PASXHE-01A.Ave_Beta,NBL,-11.511854,10.851541,450K
TARGET-30-PASUCB-01A,TARGET,450K,TARGET-NBL,TARGET-30-PASUCB-01A.Ave_Beta,NBL,-9.05179,10.3115635,450K
TARGET-30-PASCUF-01A,TARGET,450K,TARGET-NBL,TARGET-30-PASCUF-01A.Ave_Beta,NBL,-11.554934,10.132342,450K
TARGET-30-PASPER-01A,TARGET,450K,TARGET-NBL,TARGET-30-PASPER-01A.Ave_Beta,NBL,-10.499854,9.403827,450K
TARGET-30-PAPVRN-01A,TARGET,450K,TARGET-NBL,TARGET-30-PAPVRN-01A.Ave_Beta,NBL,-10.722161,9.071264,450K
TARGET-30-PASJZC-01A,TARGET,450K,TARGET-NBL,TARGET-30-PASJZC-01A.Ave_Beta,NBL,-10.346625,11.269492,450K
TARGET-30-PASSWW-01A,TARGET,450K,TARGET-NBL,TARGET-30-PASSWW-01A.Ave_Beta,NBL,-10.651773,11.661059,450K
TARGET-30-PARMFA-01A,TARGET,450K,TARGET-NBL,TARGET-30-PARMFA-01A.Ave_Beta,NBL,-11.578274,10.366266,450K
TARGET-30-PARDIW-01A,TARGET,450K,TARGET-NBL,TARGET-30-PARDIW-01A.Ave_Beta,NBL,-11.100152,9.607903,450K
TARGET-30-PARABN-01A,TARGET,450K,TARGET-NBL,TARGET-30-PARABN-01A.Ave_Beta,NBL,-9.309202,10.437283,450K
TARGET-30-PALSAE-01A,TARGET,450K,TARGET-NBL,TARGET-30-PALSAE-01A.Ave_Beta,NBL,-11.092877,10.745414,450K
TARGET-30-PARKGJ-01A,TARGET,450K,TARGET-NBL,TARGET-30-PARKGJ-01A.Ave_Beta,NBL,-11.750909,10.551683,450K
TARGET-30-PATFXV-01A,TARGET,450K,TARGET-NBL,TARGET-30-PATFXV-01A.Ave_Beta,NBL,-9.088725,10.301957,450K
TARGET-30-PALZRG-01A,TARGET,450K,TARGET-NBL,TARGET-30-PALZRG-01A.Ave_Beta,NBL,-9.973535,10.681652,450K
TARGET-30-PASSRN-01A,TARGET,450K,TARGET-NBL,TARGET-30-PASSRN-01A.Ave_Beta,NBL,-9.2653885,10.249747,450K
TARGET-30-PAIVZR-01A,TARGET,450K,TARGET-NBL,TARGET-30-PAIVZR-01A.Ave_Beta,NBL,-9.067002,10.382621,450K
TARGET-30-PAPBZI-01A,TARGET,450K,TARGET-NBL,TARGET-30-PAPBZI-01A.Ave_Beta,NBL,-9.180769,10.344311,450K
TARGET-30-PARFWB-01A,TARGET,450K,TARGET-NBL,TARGET-30-PARFWB-01A.Ave_Beta,NBL,-11.493077,10.199711,450K
TARGET-30-PASSRS-01A,TARGET,450K,TARGET-NBL,TARGET-30-PASSRS-01A.Ave_Beta,NBL,-11.117291,10.527713,450K
TARGET-30-PANBSP-01A,TARGET,450K,TARGET-NBL,TARGET-30-PANBSP-01A.Ave_Beta,NBL,-10.410539,10.730589,450K
TARGET-30-PARDCK-01A,TARGET,450K,TARGET-NBL,TARGET-30-PARDCK-01A.Ave_Beta,NBL,-11.406235,10.217977,450K
TARGET-30-PAKYZS-01A,TARGET,450K,TARGET-NBL,TARGET-30-PAKYZS-01A.Ave_Beta,NBL,-10.554348,9.262152,450K
TARGET-30-PAPTCR-01A,TARGET,450K,TARGET-NBL,TARGET-30-PAPTCR-01A.Ave_Beta,NBL,-10.560502,8.88457,450K
TARGET-30-PARIKF-01A,TARGET,450K,TARGET-NBL,TARGET-30-PARIKF-01A.Ave_Beta,NBL,-8.952408,10.34125,450K
TARGET-30-PARJVP-01A,TARGET,450K,TARGET-NBL,TARGET-30-PARJVP-01A.Ave_Beta,NBL,-10.605605,11.463487,450K
TARGET-30-PALZZV-01A,TARGET,450K,TARGET-NBL,TARGET-30-PALZZV-01A.Ave_Beta,NBL,-9.018917,10.304542,450K
TARGET-30-PATESI-01A,TARGET,450K,TARGET-NBL,TARGET-30-PATESI-01A.Ave_Beta,NBL,-9.457669,10.301372,450K
TARGET-30-PALEVG-01A,TARGET,450K,TARGET-NBL,TARGET-30-PALEVG-01A.Ave_Beta,NBL,-9.741094,10.3272085,450K
TARGET-30-PAPSKM-01A,TARGET,450K,TARGET-NBL,TARGET-30-PAPSKM-01A.Ave_Beta,NBL,-11.130082,9.115671,450K
TARGET-30-PASWVY-01A,TARGET,450K,TARGET-NBL,TARGET-30-PASWVY-01A.Ave_Beta,NBL,-11.487373,10.732619,450K
TARGET-30-PASFIC-01A,TARGET,450K,TARGET-NBL,TARGET-30-PASFIC-01A.Ave_Beta,NBL,-10.300552,11.291684,450K
TARGET-30-PASBEN-01A,TARGET,450K,TARGET-NBL,TARGET-30-PASBEN-01A.Ave_Beta,NBL,-11.066503,9.153919,450K
TARGET-30-PARMTT-01A,TARGET,450K,TARGET-NBL,TARGET-30-PARMTT-01A.Ave_Beta,NBL,-11.523132,10.699193,450K
TARGET-30-PARVME-01A,TARGET,450K,TARGET-NBL,TARGET-30-PARVME-01A.Ave_Beta,NBL,-11.627775,10.315202,450K
TARGET-30-PASRFS-01A,TARGET,450K,TARGET-NBL,TARGET-30-PASRFS-01A.Ave_Beta,NBL,-11.496276,10.11846,450K
TARGET-30-PAUDDK-01A,TARGET,450K,TARGET-NBL,TARGET-30-PAUDDK-01A.Ave_Beta,NBL,-10.3743515,10.825017,450K
TARGET-30-PANZVU-01A,TARGET,450K,TARGET-NBL,TARGET-30-PANZVU-01A.Ave_Beta,NBL,-11.054286,10.331805,450K
TARGET-30-PAPKXS-01A,TARGET,450K,TARGET-NBL,TARGET-30-PAPKXS-01A.Ave_Beta,NBL,-11.480803,10.645042,450K
TARGET-30-PARACS-01A,TARGET,450K,TARGET-NBL,TARGET-30-PARACS-01A.Ave_Beta,NBL,-11.672371,10.395983,450K
TARGET-30-PATAYJ-01A,TARGET,450K,TARGET-NBL,TARGET-30-PATAYJ-01A.Ave_Beta,NBL,-10.593525,11.578174,450K
TARGET-30-PAPRXW-01A,TARGET,450K,TARGET-NBL,TARGET-30-PAPRXW-01A.Ave_Beta,NBL,-9.091348,10.394289,450K
TARGET-30-PARFRE-01A,TARGET,450K,TARGET-NBL,TARGET-30-PARFRE-01A.Ave_Beta,NBL,-10.175146,11.117459,450K
TARGET-30-PAREGK-01A,TARGET,450K,TARGET-NBL,TARGET-30-PAREGK-01A.Ave_Beta,NBL,-10.230303,10.550105,450K
TARGET-30-PAPBGH-01A,TARGET,450K,TARGET-NBL,TARGET-30-PAPBGH-01A.Ave_Beta,NBL,-9.456691,10.017101,450K
TARGET-30-PASMJG-01A,TARGET,450K,TARGET-NBL,TARGET-30-PASMJG-01A.Ave_Beta,NBL,-10.582621,8.914776,450K
TARGET-30-PATGJU-01A,TARGET,450K,TARGET-NBL,TARGET-30-PATGJU-01A.Ave_Beta,NBL,-10.291003,11.376193,450K
TARGET-30-PANZPV-01A,TARGET,450K,TARGET-NBL,TARGET-30-PANZPV-01A.Ave_Beta,NBL,-10.85867,9.231054,450K
TARGET-30-PANRRW-01A,TARGET,450K,TARGET-NBL,TARGET-30-PANRRW-01A.Ave_Beta,NBL,-11.089017,9.230718,450K
TARGET-30-PARCET-01A,TARGET,450K,TARGET-NBL,TARGET-30-PARCET-01A.Ave_Beta,NBL,-10.704396,8.858044,450K
TARGET-30-PALVUC-01A,TARGET,450K,TARGET-NBL,TARGET-30-PALVUC-01A.Ave_Beta,NBL,-10.43861,11.208102,450K
TARGET-30-PARBAJ-01A,TARGET,450K,TARGET-NBL,TARGET-30-PARBAJ-01A.Ave_Beta,NBL,-10.59382,11.6316395,450K
TARGET-30-PALCBW-01A,TARGET,450K,TARGET-NBL,TARGET-30-PALCBW-01A.Ave_Beta,NBL,-10.5406065,8.895393,450K
TARGET-30-PALNVP-01A,TARGET,450K,TARGET-NBL,TARGET-30-PALNVP-01A.Ave_Beta,NBL,-10.261709,10.513625,450K
TARGET-30-PASXRJ-01A,TARGET,450K,TARGET-NBL,TARGET-30-PASXRJ-01A.Ave_Beta,NBL,-11.009187,9.124424,450K
TARGET-30-PASFRV-01A,TARGET,450K,TARGET-NBL,TARGET-30-PASFRV-01A.Ave_Beta,NBL,-11.42055,10.347029,450K
TARGET-30-PAPZYP-01A,TARGET,450K,TARGET-NBL,TARGET-30-PAPZYP-01A.Ave_Beta,NBL,-9.152836,10.468595,450K
TARGET-30-PARURB-01A,TARGET,450K,TARGET-NBL,TARGET-30-PARURB-01A.Ave_Beta,NBL,-10.17457,10.56928,450K
TARGET-30-PAPVFD-01A,TARGET,450K,TARGET-NBL,TARGET-30-PAPVFD-01A.Ave_Beta,NBL,-11.503088,10.060929,450K
TARGET-30-PATNKP-02A,TARGET,450K,TARGET-NBL,TARGET-30-PATNKP-02A.Ave_Beta,NBL,-10.129476,10.343714,450K
TARGET-30-PATDXC-01A,TARGET,450K,TARGET-NBL,TARGET-30-PATDXC-01A.Ave_Beta,NBL,-11.107858,9.401929,450K
TARGET-30-PASKJX-01A,TARGET,450K,TARGET-NBL,TARGET-30-PASKJX-01A.Ave_Beta,NBL,-11.479792,10.41418,450K
TARGET-30-PAPZFW-01A,TARGET,450K,TARGET-NBL,TARGET-30-PAPZFW-01A.Ave_Beta,NBL,-11.273338,9.932217,450K
TARGET-30-PASZKE-01A,TARGET,450K,TARGET-NBL,TARGET-30-PASZKE-01A.Ave_Beta,NBL,-10.366745,11.297711,450K
TARGET-30-PARCWT-01A,TARGET,450K,TARGET-NBL,TARGET-30-PARCWT-01A.Ave_Beta,NBL,-11.028703,9.604728,450K
TARGET-30-PARRBU-01A,TARGET,450K,TARGET-NBL,TARGET-30-PARRBU-01A.Ave_Beta,NBL,-9.490825,10.661882,450K
TARGET-30-PAPUTN-01A,TARGET,450K,TARGET-NBL,TARGET-30-PAPUTN-01A.Ave_Beta,NBL,-9.281545,10.5982685,450K
TARGET-30-PAPTFZ-01A,TARGET,450K,TARGET-NBL,TARGET-30-PAPTFZ-01A.Ave_Beta,NBL,-9.044834,10.341194,450K
TARGET-30-PAMZSH-01A,TARGET,450K,TARGET-NBL,TARGET-30-PAMZSH-01A.Ave_Beta,NBL,-10.455277,9.840309,450K
TARGET-30-PAPKWN-01A,TARGET,450K,TARGET-NBL,TARGET-30-PAPKWN-01A.Ave_Beta,NBL,-10.126618,10.564475,450K
TARGET-30-PASDZJ-01A,TARGET,450K,TARGET-NBL,TARGET-30-PASDZJ-01A.Ave_Beta,NBL,-10.992046,8.86351,450K
TARGET-30-PALVVH-01A,TARGET,450K,TARGET-NBL,TARGET-30-PALVVH-01A.Ave_Beta,NBL,-10.593411,11.481495,450K
TARGET-30-PARDUJ-01A,TARGET,450K,TARGET-NBL,TARGET-30-PARDUJ-01A.Ave_Beta,NBL,-11.438414,10.029639,450K
TARGET-30-PATFCY-01A,TARGET,450K,TARGET-NBL,TARGET-30-PATFCY-01A.Ave_Beta,NBL,-11.057197,10.00086,450K
TARGET-30-PAMYCE-01A,TARGET,450K,TARGET-NBL,TARGET-30-PAMYCE-01A.Ave_Beta,NBL,-11.500323,9.990057,450K
TARGET-30-PAKZRH-01A,TARGET,450K,TARGET-NBL,TARGET-30-PAKZRH-01A.Ave_Beta,NBL,-10.6062765,11.571385,450K
TARGET-30-PAMNLH-01A,TARGET,450K,TARGET-NBL,TARGET-30-PAMNLH-01A.Ave_Beta,NBL,-11.606289,10.508313,450K
TARGET-30-PAPTLA-01A,TARGET,450K,TARGET-NBL,TARGET-30-PAPTLA-01A.Ave_Beta,NBL,-11.540665,10.1635065,450K
TARGET-30-PASMNT-01A,TARGET,450K,TARGET-NBL,TARGET-30-PASMNT-01A.Ave_Beta,NBL,-11.545202,10.618643,450K
TARGET-30-PAMLNB-01A,TARGET,450K,TARGET-NBL,TARGET-30-PAMLNB-01A.Ave_Beta,NBL,-10.564316,8.961226,450K
TARGET-30-PANRHJ-01A,TARGET,450K,TARGET-NBL,TARGET-30-PANRHJ-01A.Ave_Beta,NBL,-10.181554,10.644818,450K
TARGET-30-PASEGA-01A,TARGET,450K,TARGET-NBL,TARGET-30-PASEGA-01A.Ave_Beta,NBL,-10.596504,9.317283,450K
TARGET-30-PARYNK-01A,TARGET,450K,TARGET-NBL,TARGET-30-PARYNK-01A.Ave_Beta,NBL,-11.1653185,9.327162,450K
TARGET-30-PASWIJ-01A,TARGET,450K,TARGET-NBL,TARGET-30-PASWIJ-01A.Ave_Beta,NBL,-11.408827,10.010405,450K
TARGET-30-PAMZMG-01A,TARGET,450K,TARGET-NBL,TARGET-30-PAMZMG-01A.Ave_Beta,NBL,-9.299532,10.585455,450K
TARGET-30-PAIFXV-01A,TARGET,450K,TARGET-NBL,TARGET-30-PAIFXV-01A.Ave_Beta,NBL,-10.70565,9.426175,450K
TARGET-30-PATBMM-01A,TARGET,450K,TARGET-NBL,TARGET-30-PATBMM-01A.Ave_Beta,NBL,-11.24683,10.17403,450K
TARGET-30-PALKKV-01A,TARGET,450K,TARGET-NBL,TARGET-30-PALKKV-01A.Ave_Beta,NBL,-10.465559,11.069327,450K
TARGET-30-PALUDH-01A,TARGET,450K,TARGET-NBL,TARGET-30-PALUDH-01A.Ave_Beta,NBL,-11.53008,10.733949,450K
TARGET-30-PAPBJE-01A,TARGET,450K,TARGET-NBL,TARGET-30-PAPBJE-01A.Ave_Beta,NBL,-9.07404,10.385575,450K
TARGET-30-PASGAP-01A,TARGET,450K,TARGET-NBL,TARGET-30-PASGAP-01A.Ave_Beta,NBL,-10.579336,9.214952,450K
TARGET-30-PAPZYZ-01A,TARGET,450K,TARGET-NBL,TARGET-30-PAPZYZ-01A.Ave_Beta,NBL,-9.192483,10.539862,450K
TARGET-30-PATYIL-02A,TARGET,450K,TARGET-NBL,TARGET-30-PATYIL-02A.Ave_Beta,NBL,-10.108828,10.384039,450K
TARGET-30-PARHAM-01A,TARGET,450K,TARGET-NBL,TARGET-30-PARHAM-01A.Ave_Beta,NBL,-10.300464,10.62212,450K
TARGET-30-PAPTMM-01A,TARGET,450K,TARGET-NBL,TARGET-30-PAPTMM-01A.Ave_Beta,NBL,-9.645501,10.925948,450K
TARGET-30-PANXJL-01A,TARGET,450K,TARGET-NBL,TARGET-30-PANXJL-01A.Ave_Beta,NBL,-10.742379,9.75184,450K
TARGET-30-PASAZJ-01A,TARGET,450K,TARGET-NBL,TARGET-30-PASAZJ-01A.Ave_Beta,NBL,-11.021924,8.88235,450K
TARGET-30-PARDYU-01A,TARGET,450K,TARGET-NBL,TARGET-30-PARDYU-01A.Ave_Beta,NBL,-8.995974,10.288657,450K
TARGET-30-PANBMJ-01A,TARGET,450K,TARGET-NBL,TARGET-30-PANBMJ-01A.Ave_Beta,NBL,-1.5542754,-12.101824,450K
TARGET-30-PARBLH-01A,TARGET,450K,TARGET-NBL,TARGET-30-PARBLH-01A.Ave_Beta,NBL,-11.156978,9.265849,450K
TARGET-30-PASGAP-02A,TARGET,450K,TARGET-NBL,TARGET-30-PASGAP-02A.Ave_Beta,NBL,-10.694709,11.468461,450K
TARGET-30-PARNNC-01A,TARGET,450K,TARGET-NBL,TARGET-30-PARNNC-01A.Ave_Beta,NBL,-10.547776,11.499637,450K
TARGET-30-PARASL-01A,TARGET,450K,TARGET-NBL,TARGET-30-PARASL-01A.Ave_Beta,NBL,-11.100632,9.121908,450K
TARGET-30-PANUKV-01A,TARGET,450K,TARGET-NBL,TARGET-30-PANUKV-01A.Ave_Beta,NBL,-9.423185,10.295344,450K
TARGET-30-PASNZU-01A,TARGET,450K,TARGET-NBL,TARGET-30-PASNZU-01A.Ave_Beta,NBL,-9.078343,10.230317,450K
TARGET-30-PARBGP-01A,TARGET,450K,TARGET-NBL,TARGET-30-PARBGP-01A.Ave_Beta,NBL,-11.274228,9.903227,450K
TARGET-30-PASHFA-01A,TARGET,450K,TARGET-NBL,TARGET-30-PASHFA-01A.Ave_Beta,NBL,-10.969053,8.861519,450K
TARGET-30-PASCTR-01A,TARGET,450K,TARGET-NBL,TARGET-30-PASCTR-01A.Ave_Beta,NBL,-10.629955,11.572535,450K
TARGET-30-PANWRR-01A,TARGET,450K,TARGET-NBL,TARGET-30-PANWRR-01A.Ave_Beta,NBL,-10.625347,9.487483,450K
TARGET-30-PAMCXF-01A,TARGET,450K,TARGET-NBL,TARGET-30-PAMCXF-01A.Ave_Beta,NBL,-10.592213,9.8881,450K
TARGET-30-PAPTDH-01A,TARGET,450K,TARGET-NBL,TARGET-30-PAPTDH-01A.Ave_Beta,NBL,-10.539906,11.549104,450K
TARGET-30-PARSRJ-01A,TARGET,450K,TARGET-NBL,TARGET-30-PARSRJ-01A.Ave_Beta,NBL,-9.945029,10.461443,450K
TARGET-30-PAIPGU-01A,TARGET,450K,TARGET-NBL,TARGET-30-PAIPGU-01A.Ave_Beta,NBL,-11.572152,10.766648,450K
TARGET-30-PAMZGT-01A,TARGET,450K,TARGET-NBL,TARGET-30-PAMZGT-01A.Ave_Beta,NBL,-10.715901,9.826619,450K
TARGET-30-PASUML-01A,TARGET,450K,TARGET-NBL,TARGET-30-PASUML-01A.Ave_Beta,NBL,-10.317746,11.343243,450K
TARGET-30-PATHKB-01A,TARGET,450K,TARGET-NBL,TARGET-30-PATHKB-01A.Ave_Beta,NBL,-10.232186,11.348915,450K
TARGET-30-PARUXY-01A,TARGET,450K,TARGET-NBL,TARGET-30-PARUXY-01A.Ave_Beta,NBL,-10.725113,9.351433,450K
TARGET-30-PARDVT-01A,TARGET,450K,TARGET-NBL,TARGET-30-PARDVT-01A.Ave_Beta,NBL,-11.119046,10.274655,450K
TARGET-30-PASYLD-01A,TARGET,450K,TARGET-NBL,TARGET-30-PASYLD-01A.Ave_Beta,NBL,-10.680752,9.274801,450K
TARGET-30-PAIXFZ-01A,TARGET,450K,TARGET-NBL,TARGET-30-PAIXFZ-01A.Ave_Beta,NBL,-10.546625,11.553596,450K
TARGET-30-PASPBZ-01A,TARGET,450K,TARGET-NBL,TARGET-30-PASPBZ-01A.Ave_Beta,NBL,-10.6058655,11.650252,450K
TARGET-30-PASCFC-01A,TARGET,450K,TARGET-NBL,TARGET-30-PASCFC-01A.Ave_Beta,NBL,-10.353243,11.329137,450K
TARGET-30-PASYPX-01A,TARGET,450K,TARGET-NBL,TARGET-30-PASYPX-01A.Ave_Beta,NBL,-11.093414,9.8178,450K
TARGET-30-PATHVK-01A,TARGET,450K,TARGET-NBL,TARGET-30-PATHVK-01A.Ave_Beta,NBL,-10.986384,10.128542,450K
TARGET-30-PANYGR-01A,TARGET,450K,TARGET-NBL,TARGET-30-PANYGR-01A.Ave_Beta,NBL,-11.5719185,10.310109,450K
TARGET-30-PASWYR-01A,TARGET,450K,TARGET-NBL,TARGET-30-PASWYR-01A.Ave_Beta,NBL,-9.048183,10.256972,450K
TARGET-30-PARNCW-01A,TARGET,450K,TARGET-NBL,TARGET-30-PARNCW-01A.Ave_Beta,NBL,-11.077501,9.049166,450K
TARGET-30-PANKFE-01A,TARGET,450K,TARGET-NBL,TARGET-30-PANKFE-01A.Ave_Beta,NBL,-10.618893,8.888025,450K
TARGET-30-PARNEE-01A,TARGET,450K,TARGET-NBL,TARGET-30-PARNEE-01A.Ave_Beta,NBL,-9.182867,10.166777,450K
TARGET-30-PAPUWY-01A,TARGET,450K,TARGET-NBL,TARGET-30-PAPUWY-01A.Ave_Beta,NBL,-11.055565,10.210967,450K
TARGET-30-PASXRG-01A,TARGET,450K,TARGET-NBL,TARGET-30-PASXRG-01A.Ave_Beta,NBL,-10.812634,9.921229,450K
TARGET-30-PAIVHE-01A,TARGET,450K,TARGET-NBL,TARGET-30-PAIVHE-01A.Ave_Beta,NBL,-11.3536215,9.994975,450K
TARGET-30-PASFGG-01A,TARGET,450K,TARGET-NBL,TARGET-30-PASFGG-01A.Ave_Beta,NBL,-11.030862,8.943762,450K
TARGET-30-PARBAJ-02A,TARGET,450K,TARGET-NBL,TARGET-30-PARBAJ-02A.Ave_Beta,NBL,-10.313512,10.47685,450K
TARGET-30-PARAHE-01A,TARGET,450K,TARGET-NBL,TARGET-30-PARAHE-01A.Ave_Beta,NBL,-10.966821,10.614721,450K
TARGET-30-PARXLM-01A,TARGET,450K,TARGET-NBL,TARGET-30-PARXLM-01A.Ave_Beta,NBL,-10.529023,11.414718,450K
TARGET-30-PAISNS-01A,TARGET,450K,TARGET-NBL,TARGET-30-PAISNS-01A.Ave_Beta,NBL,-11.349876,10.754646,450K
TARGET-30-PALLJJ-01A,TARGET,450K,TARGET-NBL,TARGET-30-PALLJJ-01A.Ave_Beta,NBL,-10.418259,10.510785,450K
TARGET-30-PAPVEB-01A,TARGET,450K,TARGET-NBL,TARGET-30-PAPVEB-01A.Ave_Beta,NBL,-10.987107,10.043658,450K
TARGET-30-PASTCN-01A,TARGET,450K,TARGET-NBL,TARGET-30-PASTCN-01A.Ave_Beta,NBL,-11.638838,10.259584,450K
TARGET-30-PANLET-01A,TARGET,450K,TARGET-NBL,TARGET-30-PANLET-01A.Ave_Beta,NBL,-11.566831,10.849647,450K
TARGET-30-PATGWT-01A,TARGET,450K,TARGET-NBL,TARGET-30-PATGWT-01A.Ave_Beta,NBL,-9.064142,10.345286,450K
TARGET-30-PARZHA-01A,TARGET,450K,TARGET-NBL,TARGET-30-PARZHA-01A.Ave_Beta,NBL,-10.41523,11.340605,450K
TARGET-30-PARKGJ-01A_1,TARGET,450K,TARGET-NBL,TARGET-30-PARKGJ-01A_1.Ave_Beta,NBL,-11.711719,10.5523,450K
TARGET-30-PALEAC-01A,TARGET,450K,TARGET-NBL,TARGET-30-PALEAC-01A.Ave_Beta,NBL,-10.353584,11.303215,450K
TARGET-30-PATEPF-01A,TARGET,450K,TARGET-NBL,TARGET-30-PATEPF-01A.Ave_Beta,NBL,-11.601735,10.7766285,450K
TARGET-30-PAPHPE-01A,TARGET,450K,TARGET-NBL,TARGET-30-PAPHPE-01A.Ave_Beta,NBL,-11.194326,9.69083,450K
TARGET-30-PARHAM-02A,TARGET,450K,TARGET-NBL,TARGET-30-PARHAM-02A.Ave_Beta,NBL,-10.2460575,10.446936,450K
TARGET-30-PAKGCI-01A,TARGET,450K,TARGET-NBL,TARGET-30-PAKGCI-01A.Ave_Beta,NBL,-10.573903,11.548093,450K
TARGET-30-PARETE-01A,TARGET,450K,TARGET-NBL,TARGET-30-PARETE-01A.Ave_Beta,NBL,-10.058089,10.579586,450K
TARGET-30-PAPEAV-01A,TARGET,450K,TARGET-NBL,TARGET-30-PAPEAV-01A.Ave_Beta,NBL,-10.652013,10.911436,450K
TARGET-30-PARGUX-01A,TARGET,450K,TARGET-NBL,TARGET-30-PARGUX-01A.Ave_Beta,NBL,-10.750809,11.454989,450K
TARGET-30-PAMAFV-01A,TARGET,450K,TARGET-NBL,TARGET-30-PAMAFV-01A.Ave_Beta,NBL,-10.427152,11.035392,450K
TARGET-30-PASXGP-01A,TARGET,450K,TARGET-NBL,TARGET-30-PASXGP-01A.Ave_Beta,NBL,-11.495146,10.781359,450K
TARGET-30-PALFSE-01A,TARGET,450K,TARGET-NBL,TARGET-30-PALFSE-01A.Ave_Beta,NBL,-10.532061,9.273528,450K
TARGET-30-PAKHAV-01A,TARGET,450K,TARGET-NBL,TARGET-30-PAKHAV-01A.Ave_Beta,NBL,-10.401558,11.151754,450K
TARGET-40-PASYUK-01A,TARGET,450K,TARGET-OS,TARGET-40-PASYUK-01A.Ave_Beta,OS,7.355936,2.059225,450K
TARGET-40-0A4HMC-01A,TARGET,450K,TARGET-OS,TARGET-40-0A4HMC-01A.Ave_Beta,OS,15.932358,-8.101168,450K
TARGET-40-PAPXGT-01A,TARGET,450K,TARGET-OS,TARGET-40-PAPXGT-01A.Ave_Beta,OS,15.972799,-8.375962,450K
TARGET-40-PALHRL-01A,TARGET,450K,TARGET-OS,TARGET-40-PALHRL-01A.Ave_Beta,OS,15.643555,-7.7058153,450K
TARGET-40-PANGRW-01A,TARGET,450K,TARGET-OS,TARGET-40-PANGRW-01A.Ave_Beta,OS,16.074091,-8.291409,450K
TARGET-40-PATPBS-01A,TARGET,450K,TARGET-OS,TARGET-40-PATPBS-01A.Ave_Beta,OS,15.894687,-7.824031,450K
TARGET-40-PAUBIT-01A,TARGET,450K,TARGET-OS,TARGET-40-PAUBIT-01A.Ave_Beta,OS,16.10584,-8.068009,450K
TARGET-40-PANPUM-01A,TARGET,450K,TARGET-OS,TARGET-40-PANPUM-01A.Ave_Beta,OS,16.15674,-8.457404,450K
TARGET-40-PAVCLP-01A,TARGET,450K,TARGET-OS,TARGET-40-PAVCLP-01A.Ave_Beta,OS,16.035622,-8.372581,450K
TARGET-40-PATEEM-01A,TARGET,450K,TARGET-OS,TARGET-40-PATEEM-01A.Ave_Beta,OS,15.973418,-8.312265,450K
TARGET-40-0A4HX8-01A,TARGET,450K,TARGET-OS,TARGET-40-0A4HX8-01A.Ave_Beta,OS,16.16378,-8.51976,450K
TARGET-40-PASKZZ-01A,TARGET,450K,TARGET-OS,TARGET-40-PASKZZ-01A.Ave_Beta,OS,16.02044,-7.718881,450K
TARGET-40-PAUTWB-01A,TARGET,450K,TARGET-OS,TARGET-40-PAUTWB-01A.Ave_Beta,OS,15.803991,-8.100378,450K
TARGET-40-0A4I0Q-01A,TARGET,450K,TARGET-OS,TARGET-40-0A4I0Q-01A.Ave_Beta,OS,16.175135,-8.262967,450K
TARGET-40-PAKFVX-01A,TARGET,450K,TARGET-OS,TARGET-40-PAKFVX-01A.Ave_Beta,OS,15.705958,-7.662998,450K
TARGET-40-PASEFS-01A,TARGET,450K,TARGET-OS,TARGET-40-PASEFS-01A.Ave_Beta,OS,9.050286,4.109041,450K
TARGET-40-0A4I42-01A,TARGET,450K,TARGET-OS,TARGET-40-0A4I42-01A.Ave_Beta,OS,15.634849,-7.882611,450K
TARGET-40-PANZZJ-01A,TARGET,450K,TARGET-OS,TARGET-40-PANZZJ-01A.Ave_Beta,OS,16.078646,-8.458054,450K
TARGET-40-0A4I8U-01A,TARGET,450K,TARGET-OS,TARGET-40-0A4I8U-01A.Ave_Beta,OS,16.052822,-8.428995,450K
TARGET-40-PAMJXS-01A,TARGET,450K,TARGET-OS,TARGET-40-PAMJXS-01A.Ave_Beta,OS,15.689951,-7.656864,450K
TARGET-40-0A4HLD-01A,TARGET,450K,TARGET-OS,TARGET-40-0A4HLD-01A.Ave_Beta,OS,15.790108,-7.7692013,450K
TARGET-40-PAMLKS-01A,TARGET,450K,TARGET-OS,TARGET-40-PAMLKS-01A.Ave_Beta,OS,15.793789,-7.943341,450K
TARGET-40-0A4I4E-01A,TARGET,450K,TARGET-OS,TARGET-40-0A4I4E-01A.Ave_Beta,OS,16.145039,-8.423394,450K
TARGET-40-0A4I3S-01A,TARGET,450K,TARGET-OS,TARGET-40-0A4I3S-01A.Ave_Beta,OS,15.60108,-7.531242,450K
TARGET-40-PANVJJ-01A,TARGET,450K,TARGET-OS,TARGET-40-PANVJJ-01A.Ave_Beta,OS,16.212387,-8.03357,450K
TARGET-40-0A4I4M-01A,TARGET,450K,TARGET-OS,TARGET-40-0A4I4M-01A.Ave_Beta,OS,15.902999,-8.075962,450K
TARGET-40-0A4I48-01A,TARGET,450K,TARGET-OS,TARGET-40-0A4I48-01A.Ave_Beta,OS,15.799074,-7.8734813,450K
TARGET-40-PASEBY-01A,TARGET,450K,TARGET-OS,TARGET-40-PASEBY-01A.Ave_Beta,OS,15.912606,-8.690043,450K
TARGET-40-PALECC-01A,TARGET,450K,TARGET-OS,TARGET-40-PALECC-01A.Ave_Beta,OS,15.97967,-8.252348,450K
TARGET-40-PAVDTY-01A,TARGET,450K,TARGET-OS,TARGET-40-PAVDTY-01A.Ave_Beta,OS,15.860131,-8.356393,450K
TARGET-40-PASUUH-01A,TARGET,450K,TARGET-OS,TARGET-40-PASUUH-01A.Ave_Beta,OS,15.87008,-8.146072,450K
TARGET-40-PATMXR-01A,TARGET,450K,TARGET-OS,TARGET-40-PATMXR-01A.Ave_Beta,OS,15.715229,-8.401341,450K
TARGET-40-PANZHX-01A,TARGET,450K,TARGET-OS,TARGET-40-PANZHX-01A.Ave_Beta,OS,15.901298,-8.565258,450K
TARGET-40-PAKZZK-01A,TARGET,450K,TARGET-OS,TARGET-40-PAKZZK-01A.Ave_Beta,OS,15.869085,-7.9408197,450K
TARGET-40-0A4I6O-01A,TARGET,450K,TARGET-OS,TARGET-40-0A4I6O-01A.Ave_Beta,OS,16.224876,-8.103883,450K
TARGET-40-PASRNE-01A,TARGET,450K,TARGET-OS,TARGET-40-PASRNE-01A.Ave_Beta,OS,15.654142,-7.94967,450K
TARGET-40-PALKDP-01A,TARGET,450K,TARGET-OS,TARGET-40-PALKDP-01A.Ave_Beta,OS,15.63758,-7.645381,450K
TARGET-40-PALFYN-01A,TARGET,450K,TARGET-OS,TARGET-40-PALFYN-01A.Ave_Beta,OS,16.042599,-8.336007,450K
TARGET-40-PANMIG-01A,TARGET,450K,TARGET-OS,TARGET-40-PANMIG-01A.Ave_Beta,OS,15.966844,-7.6550055,450K
TARGET-40-PARGTM-01A,TARGET,450K,TARGET-OS,TARGET-40-PARGTM-01A.Ave_Beta,OS,15.738848,-7.802544,450K
TARGET-40-PAVECB-01A,TARGET,450K,TARGET-OS,TARGET-40-PAVECB-01A.Ave_Beta,OS,16.130766,-7.862822,450K
TARGET-40-PASSLM-01A,TARGET,450K,TARGET-OS,TARGET-40-PASSLM-01A.Ave_Beta,OS,15.721449,-7.6930094,450K
TARGET-40-PAUTYB-01A,TARGET,450K,TARGET-OS,TARGET-40-PAUTYB-01A.Ave_Beta,OS,15.913547,-8.750526,450K
TARGET-40-PANGPE-01A,TARGET,450K,TARGET-OS,TARGET-40-PANGPE-01A.Ave_Beta,OS,15.781327,-7.792574,450K
TARGET-40-PASNZV-01A,TARGET,450K,TARGET-OS,TARGET-40-PASNZV-01A.Ave_Beta,OS,15.773732,-8.66323,450K
TARGET-40-PATMIF-01A,TARGET,450K,TARGET-OS,TARGET-40-PATMIF-01A.Ave_Beta,OS,15.877842,-8.157521,450K
TARGET-40-PAPKWD-01A,TARGET,450K,TARGET-OS,TARGET-40-PAPKWD-01A.Ave_Beta,OS,15.87751,-8.789953,450K
TARGET-40-PATAWV-01A,TARGET,450K,TARGET-OS,TARGET-40-PATAWV-01A.Ave_Beta,OS,15.847304,-7.6660223,450K
TARGET-40-PASFCV-01A,TARGET,450K,TARGET-OS,TARGET-40-PASFCV-01A.Ave_Beta,OS,15.979705,-8.126968,450K
TARGET-40-PANSEN-01A,TARGET,450K,TARGET-OS,TARGET-40-PANSEN-01A.Ave_Beta,OS,15.951659,-7.6316185,450K
TARGET-40-PAUYTT-01A,TARGET,450K,TARGET-OS,TARGET-40-PAUYTT-01A.Ave_Beta,OS,15.702698,-7.686202,450K
TARGET-40-PAVALD-01A,TARGET,450K,TARGET-OS,TARGET-40-PAVALD-01A.Ave_Beta,OS,16.141222,-8.488778,450K
TARGET-40-PAKXLD-01A,TARGET,450K,TARGET-OS,TARGET-40-PAKXLD-01A.Ave_Beta,OS,16.12862,-8.431119,450K
TARGET-40-PAUVUL-01A,TARGET,450K,TARGET-OS,TARGET-40-PAUVUL-01A.Ave_Beta,OS,15.686296,-7.7466073,450K
TARGET-40-PAMEKS-01A,TARGET,450K,TARGET-OS,TARGET-40-PAMEKS-01A.Ave_Beta,OS,15.932241,-7.6381354,450K
TARGET-40-PARDAX-01A,TARGET,450K,TARGET-OS,TARGET-40-PARDAX-01A.Ave_Beta,OS,15.761496,-8.580538,450K
TARGET-40-PARFTG-01A,TARGET,450K,TARGET-OS,TARGET-40-PARFTG-01A.Ave_Beta,OS,15.983432,-8.869985,450K
TARGET-40-PAUXPZ-01A,TARGET,450K,TARGET-OS,TARGET-40-PAUXPZ-01A.Ave_Beta,OS,15.842035,-7.664708,450K
TARGET-40-PANXSC-01A,TARGET,450K,TARGET-OS,TARGET-40-PANXSC-01A.Ave_Beta,OS,15.653318,-7.7566133,450K
TARGET-40-0A4I65-01A,TARGET,450K,TARGET-OS,TARGET-40-0A4I65-01A.Ave_Beta,OS,15.815129,-7.978454,450K
TARGET-40-PAPFLB-01A,TARGET,450K,TARGET-OS,TARGET-40-PAPFLB-01A.Ave_Beta,OS,15.824022,-8.020446,450K
TARGET-40-PAPNVD-01A,TARGET,450K,TARGET-OS,TARGET-40-PAPNVD-01A.Ave_Beta,OS,15.947303,-8.862694,450K
TARGET-40-PAPWWC-01A,TARGET,450K,TARGET-OS,TARGET-40-PAPWWC-01A.Ave_Beta,OS,15.954423,-8.756437,450K
TARGET-40-0A4HY5-01A,TARGET,450K,TARGET-OS,TARGET-40-0A4HY5-01A.Ave_Beta,OS,16.032143,-8.454346,450K
TARGET-40-PATKSS-01A,TARGET,450K,TARGET-OS,TARGET-40-PATKSS-01A.Ave_Beta,OS,16.140482,-8.534487,450K
TARGET-40-PATJVI-01A,TARGET,450K,TARGET-OS,TARGET-40-PATJVI-01A.Ave_Beta,OS,16.08509,-8.065892,450K
TARGET-40-0A4I0W-01A,TARGET,450K,TARGET-OS,TARGET-40-0A4I0W-01A.Ave_Beta,OS,16.051662,-7.8445725,450K
TARGET-40-PALKGN-01A,TARGET,450K,TARGET-OS,TARGET-40-PALKGN-01A.Ave_Beta,OS,15.965237,-8.22984,450K
TARGET-40-PALZGU-01A,TARGET,450K,TARGET-OS,TARGET-40-PALZGU-01A.Ave_Beta,OS,15.880965,-8.698773,450K
TARGET-40-0A4I4O-01A,TARGET,450K,TARGET-OS,TARGET-40-0A4I4O-01A.Ave_Beta,OS,15.768075,-7.899441,450K
TARGET-40-PAMRHD-01A,TARGET,450K,TARGET-OS,TARGET-40-PAMRHD-01A.Ave_Beta,OS,15.84902,-8.702294,450K
TARGET-40-0A4HXS-01A,TARGET,450K,TARGET-OS,TARGET-40-0A4HXS-01A.Ave_Beta,OS,16.11534,-8.631162,450K
TARGET-40-PATUXZ-01A,TARGET,450K,TARGET-OS,TARGET-40-PATUXZ-01A.Ave_Beta,OS,15.675259,-7.7232275,450K
TARGET-40-PAMTCM-01A,TARGET,450K,TARGET-OS,TARGET-40-PAMTCM-01A.Ave_Beta,OS,15.895841,-7.9705544,450K
TARGET-40-PALWWX-01A,TARGET,450K,TARGET-OS,TARGET-40-PALWWX-01A.Ave_Beta,OS,15.953137,-7.6361628,450K
TARGET-40-PARKAF-01A,TARGET,450K,TARGET-OS,TARGET-40-PARKAF-01A.Ave_Beta,OS,15.903234,-8.717699,450K
TARGET-40-PAUUML-01A,TARGET,450K,TARGET-OS,TARGET-40-PAUUML-01A.Ave_Beta,OS,15.879855,-7.938242,450K
TARGET-40-PAMYYJ-01A,TARGET,450K,TARGET-OS,TARGET-40-PAMYYJ-01A.Ave_Beta,OS,15.873554,-8.6955595,450K
TARGET-40-PAKUZU-01A,TARGET,450K,TARGET-OS,TARGET-40-PAKUZU-01A.Ave_Beta,OS,15.8820305,-8.6282425,450K
TARGET-40-PAPIJR-01A,TARGET,450K,TARGET-OS,TARGET-40-PAPIJR-01A.Ave_Beta,OS,15.913367,-8.300918,450K
TARGET-40-PAPVYW-01A,TARGET,450K,TARGET-OS,TARGET-40-PAPVYW-01A.Ave_Beta,OS,15.830128,-8.828458,450K
TARGET-40-PATMPU-01A,TARGET,450K,TARGET-OS,TARGET-40-PATMPU-01A.Ave_Beta,OS,15.643504,-7.70558,450K
TARGET-40-0A4I9K-01A,TARGET,450K,TARGET-OS,TARGET-40-0A4I9K-01A.Ave_Beta,OS,16.050621,-8.844921,450K
TARGET-40-PARJXU-01A,TARGET,450K,TARGET-OS,TARGET-40-PARJXU-01A.Ave_Beta,OS,15.8654375,-7.6785707,450K
TARGET-40-PAMHYN-01A,TARGET,450K,TARGET-OS,TARGET-40-PAMHYN-01A.Ave_Beta,OS,15.865107,-8.0638685,450K
TARGET-40-0A4I5B-01A,TARGET,450K,TARGET-OS,TARGET-40-0A4I5B-01A.Ave_Beta,OS,15.77293,-7.946811,450K
TARGET-52-PARECB-01A,TARGET,EPIC,TARGET-RT,TARGET-52-PARECB-01A.Ave_Beta,RT,-6.2136745,3.4294732,EPIC
TARGET-52-PASVDP-01A,TARGET,EPIC,TARGET-RT,TARGET-52-PASVDP-01A.Ave_Beta,RT,-6.529291,3.203184,EPIC
TARGET-52-PAUFVP-01A,TARGET,EPIC,TARGET-RT,TARGET-52-PAUFVP-01A.Ave_Beta,RT,-6.9900637,3.3805935,EPIC
TARGET-52-PATAFT-01A,TARGET,EPIC,TARGET-RT,TARGET-52-PATAFT-01A.Ave_Beta,RT,-6.6076155,2.9472404,EPIC
TARGET-52-PAWFWK-01A,TARGET,EPIC,TARGET-RT,TARGET-52-PAWFWK-01A.Ave_Beta,RT,-6.316686,3.1817775,EPIC
TARGET-52-PARTKH-01A,TARGET,EPIC,TARGET-RT,TARGET-52-PARTKH-01A.Ave_Beta,RT,-6.7164273,2.991934,EPIC
TARGET-52-PAKHTL-01A,TARGET,EPIC,TARGET-RT,TARGET-52-PAKHTL-01A.Ave_Beta,RT,-6.731189,3.4206774,EPIC
TARGET-52-PADWRZ-01A,TARGET,EPIC,TARGET-RT,TARGET-52-PADWRZ-01A.Ave_Beta,RT,-6.794975,3.350187,EPIC
TARGET-52-PATENH-01A,TARGET,EPIC,TARGET-RT,TARGET-52-PATENH-01A.Ave_Beta,RT,-6.925913,3.4749238,EPIC
TARGET-52-PAVDPR-01A,TARGET,EPIC,TARGET-RT,TARGET-52-PAVDPR-01A.Ave_Beta,RT,-6.6601,3.361465,EPIC
TARGET-52-PABKLN-01A,TARGET,EPIC,TARGET-RT,TARGET-52-PABKLN-01A.Ave_Beta,RT,-6.6372013,2.8887455,EPIC
TARGET-52-PAVCKS-01A,TARGET,EPIC,TARGET-RT,TARGET-52-PAVCKS-01A.Ave_Beta,RT,-6.9707017,3.45625,EPIC
TARGET-52-PASXNA-01A,TARGET,EPIC,TARGET-RT,TARGET-52-PASXNA-01A.Ave_Beta,RT,-6.4441147,3.496484,EPIC
TARGET-52-PASDLA-01A,TARGET,EPIC,TARGET-RT,TARGET-52-PASDLA-01A.Ave_Beta,RT,-6.589061,3.341201,EPIC
TARGET-52-PATXKA-01A,TARGET,EPIC,TARGET-RT,TARGET-52-PATXKA-01A.Ave_Beta,RT,-6.6519923,2.9433067,EPIC
TARGET-52-PARRCL-01A,TARGET,EPIC,TARGET-RT,TARGET-52-PARRCL-01A.Ave_Beta,RT,-6.758794,3.2669377,EPIC
TARGET-52-PARGRN-01A,TARGET,EPIC,TARGET-RT,TARGET-52-PARGRN-01A.Ave_Beta,RT,-6.1756544,3.4900095,EPIC
TARGET-52-PADYZI-01A,TARGET,EPIC,TARGET-RT,TARGET-52-PADYZI-01A.Ave_Beta,RT,-6.9073715,3.429596,EPIC
TARGET-52-PASYNF-01A,TARGET,EPIC,TARGET-RT,TARGET-52-PASYNF-01A.Ave_Beta,RT,-6.6460137,3.0949605,EPIC
TARGET-52-PAVYKD-01A,TARGET,EPIC,TARGET-RT,TARGET-52-PAVYKD-01A.Ave_Beta,RT,-6.192626,3.4821591,EPIC
TARGET-52-PAJMRB-01A,TARGET,EPIC,TARGET-RT,TARGET-52-PAJMRB-01A.Ave_Beta,RT,-7.104816,3.3932867,EPIC
TARGET-52-PAVVIT-01A,TARGET,EPIC,TARGET-RT,TARGET-52-PAVVIT-01A.Ave_Beta,RT,-6.8305564,3.3847232,EPIC
TARGET-52-PATYUA-01A,TARGET,EPIC,TARGET-RT,TARGET-52-PATYUA-01A.Ave_Beta,RT,-6.8668838,3.2940056,EPIC
TARGET-52-PATFZZ-01A,TARGET,EPIC,TARGET-RT,TARGET-52-PATFZZ-01A.Ave_Beta,RT,-6.6515536,3.3468213,EPIC
TARGET-52-PAJLRA-01A,TARGET,EPIC,TARGET-RT,TARGET-52-PAJLRA-01A.Ave_Beta,RT,-6.7058043,2.8844995,EPIC
TARGET-52-PAJNER-01A,TARGET,EPIC,TARGET-RT,TARGET-52-PAJNER-01A.Ave_Beta,RT,-6.60991,3.069614,EPIC
TARGET-52-PARKKN-01A,TARGET,EPIC,TARGET-RT,TARGET-52-PARKKN-01A.Ave_Beta,RT,-7.264137,3.0997279,EPIC
TARGET-52-PAKPEW-01A,TARGET,EPIC,TARGET-RT,TARGET-52-PAKPEW-01A.Ave_Beta,RT,-6.7505126,3.366552,EPIC
TARGET-52-PAUDPV-01A,TARGET,EPIC,TARGET-RT,TARGET-52-PAUDPV-01A.Ave_Beta,RT,-6.240052,3.385176,EPIC
TARGET-52-PAREWI-01A,TARGET,EPIC,TARGET-RT,TARGET-52-PAREWI-01A.Ave_Beta,RT,-6.2006636,3.488536,EPIC
TARGET-52-PAUNPA-01A,TARGET,EPIC,TARGET-RT,TARGET-52-PAUNPA-01A.Ave_Beta,RT,-6.8621182,3.191694,EPIC
TARGET-52-PAKLYZ-01A,TARGET,EPIC,TARGET-RT,TARGET-52-PAKLYZ-01A.Ave_Beta,RT,-8.965323,10.415199,EPIC
TARGET-52-PASGCL-01A,TARGET,EPIC,TARGET-RT,TARGET-52-PASGCL-01A.Ave_Beta,RT,-7.097166,3.2246835,EPIC
TARGET-52-PAUCGJ-01A,TARGET,EPIC,TARGET-RT,TARGET-52-PAUCGJ-01A.Ave_Beta,RT,-6.69661,3.4967167,EPIC
TARGET-52-PASNED-01A,TARGET,EPIC,TARGET-RT,TARGET-52-PASNED-01A.Ave_Beta,RT,-7.1006703,3.3229063,EPIC
TARGET-52-PARZBI-01A,TARGET,EPIC,TARGET-RT,TARGET-52-PARZBI-01A.Ave_Beta,RT,-7.0327206,3.3876696,EPIC
TARGET-52-PAKTCT-01A,TARGET,EPIC,TARGET-RT,TARGET-52-PAKTCT-01A.Ave_Beta,RT,-6.734298,3.5357478,EPIC
TARGET-52-PASABD-01A,TARGET,EPIC,TARGET-RT,TARGET-52-PASABD-01A.Ave_Beta,RT,-6.5006957,3.0730615,EPIC
TARGET-52-PASAMZ-01A,TARGET,EPIC,TARGET-RT,TARGET-52-PASAMZ-01A.Ave_Beta,RT,-6.847589,3.4341161,EPIC
TARGET-52-PARUGK-01A,TARGET,EPIC,TARGET-RT,TARGET-52-PARUGK-01A.Ave_Beta,RT,-6.6839666,2.9276495,EPIC
TARGET-52-PAUHAZ-01A,TARGET,EPIC,TARGET-RT,TARGET-52-PAUHAZ-01A.Ave_Beta,RT,-6.358923,3.1664796,EPIC
TARGET-52-PAWDGA-01A,TARGET,EPIC,TARGET-RT,TARGET-52-PAWDGA-01A.Ave_Beta,RT,-7.095846,3.1475685,EPIC
TARGET-52-PATFXW-01A,TARGET,EPIC,TARGET-RT,TARGET-52-PATFXW-01A.Ave_Beta,RT,-6.408214,3.230376,EPIC
TARGET-52-PAEHIP-01A,TARGET,EPIC,TARGET-RT,TARGET-52-PAEHIP-01A.Ave_Beta,RT,-6.903866,3.4004943,EPIC
TARGET-52-PASRHU-01A,TARGET,EPIC,TARGET-RT,TARGET-52-PASRHU-01A.Ave_Beta,RT,-6.362925,3.1491492,EPIC
TARGET-52-PAJNFZ-01A,TARGET,EPIC,TARGET-RT,TARGET-52-PAJNFZ-01A.Ave_Beta,RT,-6.7228255,2.9460294,EPIC
TARGET-52-PAUGYZ-01A,TARGET,EPIC,TARGET-RT,TARGET-52-PAUGYZ-01A.Ave_Beta,RT,-6.4078236,3.1440742,EPIC
TARGET-52-PASXGF-01A,TARGET,EPIC,TARGET-RT,TARGET-52-PASXGF-01A.Ave_Beta,RT,-6.88516,3.3147151,EPIC
TARGET-52-PASILR-01A,TARGET,EPIC,TARGET-RT,TARGET-52-PASILR-01A.Ave_Beta,RT,-6.7603884,3.1077828,EPIC
TARGET-52-PARZRH-01A,TARGET,EPIC,TARGET-RT,TARGET-52-PARZRH-01A.Ave_Beta,RT,-6.1976886,3.4811456,EPIC
TARGET-52-PARIRN-01A,TARGET,EPIC,TARGET-RT,TARGET-52-PARIRN-01A.Ave_Beta,RT,-6.8689146,3.5123985,EPIC
TARGET-52-PARPFY-01A,TARGET,EPIC,TARGET-RT,TARGET-52-PARPFY-01A.Ave_Beta,RT,-6.522855,3.1708627,EPIC
TARGET-52-PASZYE-01A,TARGET,EPIC,TARGET-RT,TARGET-52-PASZYE-01A.Ave_Beta,RT,-6.6722,2.934492,EPIC
TARGET-52-PASADZ-01A,TARGET,EPIC,TARGET-RT,TARGET-52-PASADZ-01A.Ave_Beta,RT,-6.1463623,3.5416772,EPIC
TARGET-52-PATBLF-01A,TARGET,EPIC,TARGET-RT,TARGET-52-PATBLF-01A.Ave_Beta,RT,-6.778683,3.3187509,EPIC
TARGET-52-PAJLWM-01A,TARGET,EPIC,TARGET-RT,TARGET-52-PAJLWM-01A.Ave_Beta,RT,-6.8588176,3.3669004,EPIC
TARGET-52-PAWFBL-01A,TARGET,EPIC,TARGET-RT,TARGET-52-PAWFBL-01A.Ave_Beta,RT,-7.0619464,3.3446434,EPIC
TARGET-52-PAJPHJ-01A,TARGET,EPIC,TARGET-RT,TARGET-52-PAJPHJ-01A.Ave_Beta,RT,-6.7317348,2.9204383,EPIC
TARGET-52-PASGGN-01A,TARGET,EPIC,TARGET-RT,TARGET-52-PASGGN-01A.Ave_Beta,RT,-6.9077697,3.357253,EPIC
TARGET-52-PASWZZ-01A,TARGET,EPIC,TARGET-RT,TARGET-52-PASWZZ-01A.Ave_Beta,RT,-6.706364,3.1325727,EPIC
TARGET-52-PAJMBW-01A,TARGET,EPIC,TARGET-RT,TARGET-52-PAJMBW-01A.Ave_Beta,RT,-6.563914,2.8985324,EPIC
TARGET-52-PAVYDM-01A,TARGET,EPIC,TARGET-RT,TARGET-52-PAVYDM-01A.Ave_Beta,RT,-6.6450057,2.9222836,EPIC
TARGET-52-PASCDH-01A,TARGET,EPIC,TARGET-RT,TARGET-52-PASCDH-01A.Ave_Beta,RT,-6.8175406,3.4738963,EPIC
TARGET-52-PAJNFP-01A,TARGET,EPIC,TARGET-RT,TARGET-52-PAJNFP-01A.Ave_Beta,RT,-6.1336174,3.5517447,EPIC
TARGET-52-PATXEE-01A,TARGET,EPIC,TARGET-RT,TARGET-52-PATXEE-01A.Ave_Beta,RT,-6.815013,3.3144166,EPIC
TARGET-52-PAVITI-01A,TARGET,EPIC,TARGET-RT,TARGET-52-PAVITI-01A.Ave_Beta,RT,-6.703561,3.4169,EPIC
TARGET-52-PATDVL-01A,TARGET,EPIC,TARGET-RT,TARGET-52-PATDVL-01A.Ave_Beta,RT,-6.392941,3.1772025,EPIC
TARGET-52-PAUEKW-01A,TARGET,EPIC,TARGET-RT,TARGET-52-PAUEKW-01A.Ave_Beta,RT,-6.9830275,3.3987377,EPIC
TARGET-50-PAJNNC-01A,TARGET,450K,TARGET-WT,TARGET-50-PAJNNC-01A.Ave_Beta,WT,19.640049,-0.07671875,450K
TARGET-50-PAJMKJ-01A,TARGET,450K,TARGET-WT,TARGET-50-PAJMKJ-01A.Ave_Beta,WT,19.614147,-0.08599989,450K
TARGET-50-PAJMVC-01A,TARGET,450K,TARGET-WT,TARGET-50-PAJMVC-01A.Ave_Beta,WT,9.633228,2.8433034,450K
TARGET-50-PAJMIZ-01A,TARGET,450K,TARGET-WT,TARGET-50-PAJMIZ-01A.Ave_Beta,WT,19.18199,0.6812217,450K
TARGET-50-PAJNUS-01A,TARGET,450K,TARGET-WT,TARGET-50-PAJNUS-01A.Ave_Beta,WT,18.240498,0.03443305,450K
TARGET-50-PAJMSE-01A,TARGET,450K,TARGET-WT,TARGET-50-PAJMSE-01A.Ave_Beta,WT,19.215643,0.21286757,450K
TARGET-50-PAKNRX-01A,TARGET,450K,TARGET-WT,TARGET-50-PAKNRX-01A.Ave_Beta,WT,19.095335,-0.22535384,450K
TARGET-50-PAJLKC-01A,TARGET,450K,TARGET-WT,TARGET-50-PAJLKC-01A.Ave_Beta,WT,19.779121,-0.33805966,450K
TARGET-50-PAJNUP-01A,TARGET,450K,TARGET-WT,TARGET-50-PAJNUP-01A.Ave_Beta,WT,18.810753,-0.38465905,450K
TARGET-50-PAJMEL-01A,TARGET,450K,TARGET-WT,TARGET-50-PAJMEL-01A.Ave_Beta,WT,18.434805,0.05278254,450K
TARGET-50-PAJNTJ-02A,TARGET,450K,TARGET-WT,TARGET-50-PAJNTJ-02A.Ave_Beta,WT,19.080751,-0.39272693,450K
TARGET-50-PAJNBN-01A,TARGET,450K,TARGET-WT,TARGET-50-PAJNBN-01A.Ave_Beta,WT,19.263012,0.696954,450K
TARGET-50-PAJMKI-01A,TARGET,450K,TARGET-WT,TARGET-50-PAJMKI-01A.Ave_Beta,WT,19.416018,0.48803547,450K
TARGET-50-PAJPAU-01A,TARGET,450K,TARGET-WT,TARGET-50-PAJPAU-01A.Ave_Beta,WT,19.532566,0.5202366,450K
TARGET-50-PAJLIP-01A,TARGET,450K,TARGET-WT,TARGET-50-PAJLIP-01A.Ave_Beta,WT,19.665407,-0.022255776,450K
TARGET-50-CAAAAJ-01A,TARGET,450K,TARGET-WT,TARGET-50-CAAAAJ-01A.Ave_Beta,WT,18.223782,0.078124195,450K
TARGET-50-PALEZT-01A,TARGET,450K,TARGET-WT,TARGET-50-PALEZT-01A.Ave_Beta,WT,19.427475,0.20890868,450K
TARGET-50-PAJMEN-01A,TARGET,450K,TARGET-WT,TARGET-50-PAJMEN-01A.Ave_Beta,WT,19.40134,0.4244923,450K
TARGET-50-PAKZFK-01A,TARGET,450K,TARGET-WT,TARGET-50-PAKZFK-01A.Ave_Beta,WT,19.497309,0.41299456,450K
TARGET-50-PAKPDF-01A,TARGET,450K,TARGET-WT,TARGET-50-PAKPDF-01A.Ave_Beta,WT,19.355148,0.36061013,450K
TARGET-50-CAAAAM-01A,TARGET,450K,TARGET-WT,TARGET-50-CAAAAM-01A.Ave_Beta,WT,18.585909,-0.5070507,450K
TARGET-50-PALERC-01A,TARGET,450K,TARGET-WT,TARGET-50-PALERC-01A.Ave_Beta,WT,18.888641,0.47973952,450K
TARGET-50-PAKGED-01A,TARGET,450K,TARGET-WT,TARGET-50-PAKGED-01A.Ave_Beta,WT,19.706678,-0.023110516,450K
TARGET-50-PAJNJJ-01A,TARGET,450K,TARGET-WT,TARGET-50-PAJNJJ-01A.Ave_Beta,WT,18.831469,0.16998842,450K
TARGET-50-PAKECR-01A,TARGET,450K,TARGET-WT,TARGET-50-PAKECR-01A.Ave_Beta,WT,18.649437,-0.5104352,450K
TARGET-50-PAJNZS-01A,TARGET,450K,TARGET-WT,TARGET-50-PAJNZS-01A.Ave_Beta,WT,19.541655,-0.03208827,450K
TARGET-50-PAJMRL-01A,TARGET,450K,TARGET-WT,TARGET-50-PAJMRL-01A.Ave_Beta,WT,19.81103,-0.30053398,450K
TARGET-50-PAJNNR-01A,TARGET,450K,TARGET-WT,TARGET-50-PAJNNR-01A.Ave_Beta,WT,19.565718,0.42050976,450K
TARGET-50-PAJLTH-01A,TARGET,450K,TARGET-WT,TARGET-50-PAJLTH-01A.Ave_Beta,WT,19.70865,-0.20051856,450K
TARGET-50-PALFRD-01A,TARGET,450K,TARGET-WT,TARGET-50-PALFRD-01A.Ave_Beta,WT,19.290722,0.4457094,450K
TARGET-50-PAJNEC-01A,TARGET,450K,TARGET-WT,TARGET-50-PAJNEC-01A.Ave_Beta,WT,19.525099,0.18042819,450K
TARGET-50-PADXAY-01A,TARGET,450K,TARGET-WT,TARGET-50-PADXAY-01A.Ave_Beta,WT,19.55209,-0.13436057,450K
TARGET-50-PAJPHA-01A,TARGET,450K,TARGET-WT,TARGET-50-PAJPHA-01A.Ave_Beta,WT,18.618925,-0.2888111,450K
TARGET-50-PAJNVX-01A,TARGET,450K,TARGET-WT,TARGET-50-PAJNVX-01A.Ave_Beta,WT,9.26596,2.9650238,450K
TARGET-50-PAJMJT-01A,TARGET,450K,TARGET-WT,TARGET-50-PAJMJT-01A.Ave_Beta,WT,18.279526,-0.021441823,450K
TARGET-50-PAKSCC-01A,TARGET,450K,TARGET-WT,TARGET-50-PAKSCC-01A.Ave_Beta,WT,18.730488,0.32461932,450K
TARGET-50-PALKRS-01A,TARGET,450K,TARGET-WT,TARGET-50-PALKRS-01A.Ave_Beta,WT,18.668211,-0.32928523,450K
TARGET-50-PAJMJK-01A,TARGET,450K,TARGET-WT,TARGET-50-PAJMJK-01A.Ave_Beta,WT,18.668476,0.10019761,450K
TARGET-50-PALGVY-01A,TARGET,450K,TARGET-WT,TARGET-50-PALGVY-01A.Ave_Beta,WT,19.130259,0.13980412,450K
TARGET-50-PAJNGH-01A,TARGET,450K,TARGET-WT,TARGET-50-PAJNGH-01A.Ave_Beta,WT,19.130085,-0.18200405,450K
TARGET-50-CAAAAQ-01A,TARGET,450K,TARGET-WT,TARGET-50-CAAAAQ-01A.Ave_Beta,WT,19.485382,0.54670244,450K
TARGET-50-PAKWPM-01A,TARGET,450K,TARGET-WT,TARGET-50-PAKWPM-01A.Ave_Beta,WT,18.771976,-0.37420017,450K
TARGET-50-PAJNVE-01A,TARGET,450K,TARGET-WT,TARGET-50-PAJNVE-01A.Ave_Beta,WT,19.027443,-0.20544152,450K
TARGET-50-CAAAAH-01A,TARGET,450K,TARGET-WT,TARGET-50-CAAAAH-01A.Ave_Beta,WT,19.583282,0.5023528,450K
TARGET-50-PALKCW-01A,TARGET,450K,TARGET-WT,TARGET-50-PALKCW-01A.Ave_Beta,WT,19.442541,0.4950488,450K
TARGET-50-PALLFB-01A,TARGET,450K,TARGET-WT,TARGET-50-PALLFB-01A.Ave_Beta,WT,19.449186,-0.2076238,450K
TARGET-50-PAKRZW-01A,TARGET,450K,TARGET-WT,TARGET-50-PAKRZW-01A.Ave_Beta,WT,18.40936,-0.083283484,450K
TARGET-50-PAKZHF-01A,TARGET,450K,TARGET-WT,TARGET-50-PAKZHF-01A.Ave_Beta,WT,19.47907,0.45844603,450K
TARGET-50-PAJMFY-01A,TARGET,450K,TARGET-WT,TARGET-50-PAJMFY-01A.Ave_Beta,WT,19.220942,0.6368681,450K
TARGET-50-PAJNYT-01A,TARGET,450K,TARGET-WT,TARGET-50-PAJNYT-01A.Ave_Beta,WT,18.437376,0.12172686,450K
TARGET-50-PAKYLT-01A,TARGET,450K,TARGET-WT,TARGET-50-PAKYLT-01A.Ave_Beta,WT,18.52609,-0.58667606,450K
TARGET-50-PAJNAA-01A,TARGET,450K,TARGET-WT,TARGET-50-PAJNAA-01A.Ave_Beta,WT,19.726208,0.26832956,450K
TARGET-50-PAKKNS-01A,TARGET,450K,TARGET-WT,TARGET-50-PAKKNS-01A.Ave_Beta,WT,19.588385,-0.22580902,450K
TARGET-50-PAJPCM-01A,TARGET,450K,TARGET-WT,TARGET-50-PAJPCM-01A.Ave_Beta,WT,19.092451,0.60770375,450K
TARGET-50-PAJLUJ-06A,TARGET,450K,TARGET-WT,TARGET-50-PAJLUJ-06A.Ave_Beta,WT,18.253471,-0.038266607,450K
TARGET-50-PALJIP-01A,TARGET,450K,TARGET-WT,TARGET-50-PALJIP-01A.Ave_Beta,WT,19.77091,-0.25194976,450K
TARGET-50-PAJNZU-01A,TARGET,450K,TARGET-WT,TARGET-50-PAJNZU-01A.Ave_Beta,WT,18.269135,0.0886157,450K
TARGET-50-CAAAAO-01A,TARGET,450K,TARGET-WT,TARGET-50-CAAAAO-01A.Ave_Beta,WT,19.115665,0.6705668,450K
TARGET-50-PALDTE-01A,TARGET,450K,TARGET-WT,TARGET-50-PALDTE-01A.Ave_Beta,WT,19.186089,0.7394831,450K
TARGET-50-PAJLKR-01A,TARGET,450K,TARGET-WT,TARGET-50-PAJLKR-01A.Ave_Beta,WT,19.500826,0.5748791,450K
TARGET-50-PAJPDC-01A,TARGET,450K,TARGET-WT,TARGET-50-PAJPDC-01A.Ave_Beta,WT,19.643888,0.38861907,450K
TARGET-50-CAAAAC-01A,TARGET,450K,TARGET-WT,TARGET-50-CAAAAC-01A.Ave_Beta,WT,19.627937,-0.09098891,450K
TARGET-50-PAJLSP-01A,TARGET,450K,TARGET-WT,TARGET-50-PAJLSP-01A.Ave_Beta,WT,19.319063,0.33605483,450K
TARGET-50-PAKUIT-01A,TARGET,450K,TARGET-WT,TARGET-50-PAKUIT-01A.Ave_Beta,WT,19.03105,-0.28624624,450K
TARGET-50-PAKZER-01A,TARGET,450K,TARGET-WT,TARGET-50-PAKZER-01A.Ave_Beta,WT,18.654766,-0.5021973,450K
TARGET-50-CAAAAS-01A,TARGET,450K,TARGET-WT,TARGET-50-CAAAAS-01A.Ave_Beta,WT,19.720562,-0.19841608,450K
TARGET-50-CAAAAP-01A,TARGET,450K,TARGET-WT,TARGET-50-CAAAAP-01A.Ave_Beta,WT,19.558554,0.53054684,450K
TARGET-50-PAKXXF-01A,TARGET,450K,TARGET-WT,TARGET-50-PAKXXF-01A.Ave_Beta,WT,18.592602,0.34576404,450K
TARGET-50-PADZUB-01A,TARGET,450K,TARGET-WT,TARGET-50-PADZUB-01A.Ave_Beta,WT,19.316849,-0.092845134,450K
TARGET-50-PAJNRL-01A,TARGET,450K,TARGET-WT,TARGET-50-PAJNRL-01A.Ave_Beta,WT,18.95549,-0.15932693,450K
TARGET-50-PAKNXS-01A,TARGET,450K,TARGET-WT,TARGET-50-PAKNXS-01A.Ave_Beta,WT,19.641123,0.34599006,450K
TARGET-50-PAJMLZ-01A,TARGET,450K,TARGET-WT,TARGET-50-PAJMLZ-01A.Ave_Beta,WT,18.95464,-0.20782383,450K
TARGET-50-PALFME-02A,TARGET,450K,TARGET-WT,TARGET-50-PALFME-02A.Ave_Beta,WT,19.764067,-0.3107859,450K
TARGET-50-PAKRVH-01A,TARGET,450K,TARGET-WT,TARGET-50-PAKRVH-01A.Ave_Beta,WT,19.186502,0.498307,450K
TARGET-50-PAJMVU-01A,TARGET,450K,TARGET-WT,TARGET-50-PAJMVU-01A.Ave_Beta,WT,19.743544,-0.26764795,450K
TARGET-50-PAJNCJ-01A,TARGET,450K,TARGET-WT,TARGET-50-PAJNCJ-01A.Ave_Beta,WT,19.522627,0.42092156,450K
TARGET-50-PALFME-01A,TARGET,450K,TARGET-WT,TARGET-50-PALFME-01A.Ave_Beta,WT,19.746315,-0.32160503,450K
TARGET-50-PAJMKN-01A,TARGET,450K,TARGET-WT,TARGET-50-PAJMKN-01A.Ave_Beta,WT,19.752052,0.29251885,450K
TARGET-50-PAJLNJ-01A,TARGET,450K,TARGET-WT,TARGET-50-PAJLNJ-01A.Ave_Beta,WT,18.342403,0.06120149,450K
TARGET-50-PAJPGY-01A,TARGET,450K,TARGET-WT,TARGET-50-PAJPGY-01A.Ave_Beta,WT,18.721966,-0.41292474,450K
TARGET-50-PAKMSV-01A,TARGET,450K,TARGET-WT,TARGET-50-PAKMSV-01A.Ave_Beta,WT,19.025806,-0.10942968,450K
TARGET-50-PAKYFC-01A,TARGET,450K,TARGET-WT,TARGET-50-PAKYFC-01A.Ave_Beta,WT,18.532782,-0.069625564,450K
TARGET-50-CAAAAA-01A,TARGET,450K,TARGET-WT,TARGET-50-CAAAAA-01A.Ave_Beta,WT,19.769218,0.11882825,450K
TARGET-50-CAAAAB-01A,TARGET,450K,TARGET-WT,TARGET-50-CAAAAB-01A.Ave_Beta,WT,18.924267,-0.16085018,450K
TARGET-50-PAKJGM-01A,TARGET,450K,TARGET-WT,TARGET-50-PAKJGM-01A.Ave_Beta,WT,19.33836,0.67599523,450K
TARGET-50-PAJPDN-01A,TARGET,450K,TARGET-WT,TARGET-50-PAJPDN-01A.Ave_Beta,WT,18.616058,0.34737286,450K
TARGET-50-CAAAAL-01A,TARGET,450K,TARGET-WT,TARGET-50-CAAAAL-01A.Ave_Beta,WT,19.145248,0.6619123,450K
TARGET-50-PAKSDG-01A,TARGET,450K,TARGET-WT,TARGET-50-PAKSDG-01A.Ave_Beta,WT,19.018467,0.026505617,450K
TARGET-50-PAEBXA-01A,TARGET,450K,TARGET-WT,TARGET-50-PAEBXA-01A.Ave_Beta,WT,19.416206,-0.046333592,450K
TARGET-50-PAKXWB-01A,TARGET,450K,TARGET-WT,TARGET-50-PAKXWB-01A.Ave_Beta,WT,19.026865,-0.0144243,450K
TARGET-50-PAJNZK-01A,TARGET,450K,TARGET-WT,TARGET-50-PAJNZK-01A.Ave_Beta,WT,19.127287,0.50611556,450K
TARGET-50-PAJLWT-01A,TARGET,450K,TARGET-WT,TARGET-50-PAJLWT-01A.Ave_Beta,WT,18.435524,-0.02465675,450K
TARGET-50-PALDWP-01A,TARGET,450K,TARGET-WT,TARGET-50-PALDWP-01A.Ave_Beta,WT,19.374195,0.56107306,450K
TARGET-50-PAKVET-01A,TARGET,450K,TARGET-WT,TARGET-50-PAKVET-01A.Ave_Beta,WT,19.750256,0.22418322,450K
TARGET-50-PAJMUF-01A,TARGET,450K,TARGET-WT,TARGET-50-PAJMUF-01A.Ave_Beta,WT,18.394178,0.16454546,450K
TARGET-50-PAKFME-01A,TARGET,450K,TARGET-WT,TARGET-50-PAKFME-01A.Ave_Beta,WT,18.493166,-0.074179076,450K
TARGET-50-PAJPDC-02A,TARGET,450K,TARGET-WT,TARGET-50-PAJPDC-02A.Ave_Beta,WT,19.629408,0.44614667,450K
TARGET-50-PAKKSE-01A,TARGET,450K,TARGET-WT,TARGET-50-PAKKSE-01A.Ave_Beta,WT,18.463528,-0.062110122,450K
TARGET-50-PAJNDU-01A,TARGET,450K,TARGET-WT,TARGET-50-PAJNDU-01A.Ave_Beta,WT,18.591982,0.2623868,450K
TARGET-50-PAECJB-01A,TARGET,450K,TARGET-WT,TARGET-50-PAECJB-01A.Ave_Beta,WT,18.455025,0.26842594,450K
TARGET-50-PAKULH-01A,TARGET,450K,TARGET-WT,TARGET-50-PAKULH-01A.Ave_Beta,WT,19.565107,-0.17190474,450K
TARGET-50-PAJMMY-01A,TARGET,450K,TARGET-WT,TARGET-50-PAJMMY-01A.Ave_Beta,WT,18.667284,-0.14701945,450K
TARGET-50-PAJNLT-01A,TARGET,450K,TARGET-WT,TARGET-50-PAJNLT-01A.Ave_Beta,WT,18.666256,0.3735422,450K
TARGET-50-PAKGZX-01A,TARGET,450K,TARGET-WT,TARGET-50-PAKGZX-01A.Ave_Beta,WT,19.073683,-0.06455463,450K
TARGET-50-PAJPAR-01A,TARGET,450K,TARGET-WT,TARGET-50-PAJPAR-01A.Ave_Beta,WT,19.724548,0.10423885,450K
TARGET-50-PAJMXF-01A,TARGET,450K,TARGET-WT,TARGET-50-PAJMXF-01A.Ave_Beta,WT,19.405386,0.42298305,450K
TARGET-50-PALGAZ-01A,TARGET,450K,TARGET-WT,TARGET-50-PALGAZ-01A.Ave_Beta,WT,19.494356,0.5473935,450K
TARGET-50-PAJMFU-01A,TARGET,450K,TARGET-WT,TARGET-50-PAJMFU-01A.Ave_Beta,WT,19.161613,0.66131395,450K
TARGET-50-PAJNCZ-01A,TARGET,450K,TARGET-WT,TARGET-50-PAJNCZ-01A.Ave_Beta,WT,18.609694,0.007544035,450K
TARGET-50-PAJNRH-01A,TARGET,450K,TARGET-WT,TARGET-50-PAJNRH-01A.Ave_Beta,WT,19.003632,0.62804675,450K
TARGET-50-PAEAFB-01A,TARGET,450K,TARGET-WT,TARGET-50-PAEAFB-01A.Ave_Beta,WT,18.848022,-0.25978225,450K
TARGET-50-PAKFYV-01A,TARGET,450K,TARGET-WT,TARGET-50-PAKFYV-01A.Ave_Beta,WT,18.856361,0.5823435,450K
TARGET-50-PALLCK-01A,TARGET,450K,TARGET-WT,TARGET-50-PALLCK-01A.Ave_Beta,WT,19.632662,0.45020044,450K
TARGET-50-PAJLTI-01A,TARGET,450K,TARGET-WT,TARGET-50-PAJLTI-01A.Ave_Beta,WT,19.05091,-0.21193315,450K
TARGET-50-PAKNTW-01A,TARGET,450K,TARGET-WT,TARGET-50-PAKNTW-01A.Ave_Beta,WT,18.439249,0.20391944,450K
TARGET-50-PAJNSL-01A,TARGET,450K,TARGET-WT,TARGET-50-PAJNSL-01A.Ave_Beta,WT,18.841717,0.4913873,450K
TARGET-50-CAAAAR-01A,TARGET,450K,TARGET-WT,TARGET-50-CAAAAR-01A.Ave_Beta,WT,18.273245,0.047092896,450K
TARGET-50-PALGLU-01A,TARGET,450K,TARGET-WT,TARGET-50-PALGLU-01A.Ave_Beta,WT,18.779488,-0.43276784,450K
TARGET-50-PAJLLF-01A,TARGET,450K,TARGET-WT,TARGET-50-PAJLLF-01A.Ave_Beta,WT,18.89776,-0.34539786,450K
TARGET-50-PAJPEW-01A,TARGET,450K,TARGET-WT,TARGET-50-PAJPEW-01A.Ave_Beta,WT,18.560162,-0.2919023,450K
TARGET-50-PAJNTJ-01A,TARGET,450K,TARGET-WT,TARGET-50-PAJNTJ-01A.Ave_Beta,WT,18.931767,-0.3827508,450K
TARGET-50-PALJIP-02A,TARGET,450K,TARGET-WT,TARGET-50-PALJIP-02A.Ave_Beta,WT,19.724102,-0.24432886,450K
TARGET-50-PAJNGH-02A,TARGET,450K,TARGET-WT,TARGET-50-PAJNGH-02A.Ave_Beta,WT,19.266512,-0.18276605,450K
TARGET-50-PAJNAV-01A,TARGET,450K,TARGET-WT,TARGET-50-PAJNAV-01A.Ave_Beta,WT,19.785112,0.13396117,450K
TARGET-50-PAJNZI-01A,TARGET,450K,TARGET-WT,TARGET-50-PAJNZI-01A.Ave_Beta,WT,19.447636,-0.13091326,450K
TARGET-50-PAKNAL-01A,TARGET,450K,TARGET-WT,TARGET-50-PAKNAL-01A.Ave_Beta,WT,18.16898,-0.014681145,450K
TARGET-50-PAJLPX-01A,TARGET,450K,TARGET-WT,TARGET-50-PAJLPX-01A.Ave_Beta,WT,18.805891,-0.44906193,450K
TARGET-50-PAJMEP-01A,TARGET,450K,TARGET-WT,TARGET-50-PAJMEP-01A.Ave_Beta,WT,18.739975,-0.04140526,450K
TARGET-50-PAKMUB-01A,TARGET,450K,TARGET-WT,TARGET-50-PAKMUB-01A.Ave_Beta,WT,18.582998,-0.41264546,450K
TARGET-50-PAJMLI-01A,TARGET,450K,TARGET-WT,TARGET-50-PAJMLI-01A.Ave_Beta,WT,18.840218,-0.26576462,450K
TARGET-50-PAJNCC-01A,TARGET,450K,TARGET-WT,TARGET-50-PAJNCC-01A.Ave_Beta,WT,19.658375,0.35253897,450K
201985320079_R06C01,COMET,EPIC,COMET-RMS,201985320079_R06C01.Ave_Beta,RMS,6.5408583,3.063624,COMET
201985320079_R07C01,COMET,EPIC,COMET-RMS,201985320079_R07C01.Ave_Beta,RMS,6.5435343,3.0551572,COMET
201985320048_R06C01,COMET,EPIC,COMET-RMS,201985320048_R06C01.Ave_Beta,RMS,6.971424,-0.9062452,COMET
201985320048_R07C01,COMET,EPIC,COMET-RMS,201985320048_R07C01.Ave_Beta,RMS,7.0557847,-0.52068305,COMET
201985320048_R05C01,COMET,EPIC,COMET-RMS,201985320048_R05C01.Ave_Beta,RMS,6.6779556,2.974786,COMET
201985320079_R08C01,COMET,EPIC,COMET-RMS,201985320079_R08C01.Ave_Beta,RMS,6.4961157,3.1045513,COMET
201985320110_R01C01,COMET,EPIC,COMET-RMS,201985320110_R01C01.Ave_Beta,RMS,6.4800367,3.122811,COMET
201533620004_R07C01,COMET,EPIC,COMET-RMS,201533620004_R07C01.Ave_Beta,RMS,8.929455,4.442204,COMET
201533520048_R02C01,COMET,EPIC,COMET-RMS,201533520048_R02C01.Ave_Beta,RMS,8.959858,3.2884376,COMET
201533640024_R05C01,COMET,EPIC,COMET-RMS,201533640024_R05C01.Ave_Beta,RMS,9.5728245,4.5009494,COMET
201533620039_R08C01,COMET,EPIC,COMET-RMS,201533620039_R08C01.Ave_Beta,RMS,7.5534654,-0.055776317,COMET
201533640009_R04C01,COMET,EPIC,COMET-RMS,201533640009_R04C01.Ave_Beta,RMS,7.8828163,0.9074581,COMET
201533520026_R08C01,COMET,EPIC,COMET-RMS,201533520026_R08C01.Ave_Beta,RMS,8.470942,-0.30226576,COMET
201533520026_R02C01,COMET,EPIC,COMET-RMS,201533520026_R02C01.Ave_Beta,RMS,9.364067,3.2562766,COMET
201533520040_R07C01,COMET,EPIC,COMET-RMS,201533520040_R07C01.Ave_Beta,RMS,9.421589,3.7610333,COMET
201533640009_R07C01,COMET,EPIC,COMET-RMS,201533640009_R07C01.Ave_Beta,RMS,7.243868,-0.11230103,COMET
201533640009_R02C01,COMET,EPIC,COMET-RMS,201533640009_R02C01.Ave_Beta,RMS,8.142766,0.33457676,COMET
201533620039_R06C01,COMET,EPIC,COMET-RMS,201533620039_R06C01.Ave_Beta,RMS,9.238124,4.5219126,COMET
201533620012_R06C01,COMET,EPIC,COMET-RMS,201533620012_R06C01.Ave_Beta,RMS,9.429927,4.113428,COMET
201985320048_R08C01,COMET,EPIC,COMET-RMS,201985320048_R08C01.Ave_Beta,RMS,7.0129647,-0.83368087,COMET
201533640009_R01C01,COMET,EPIC,COMET-RMS,201533640009_R01C01.Ave_Beta,RMS,7.9640045,0.91694903,COMET
201985320079_R01C01,COMET,EPIC,COMET-RMS,201985320079_R01C01.Ave_Beta,RMS,8.97867,3.4359405,COMET
201985320079_R02C01,COMET,EPIC,COMET-RMS,201985320079_R02C01.Ave_Beta,RMS,6.3659554,3.2396872,COMET
201985320079_R03C01,COMET,EPIC,COMET-RMS,201985320079_R03C01.Ave_Beta,RMS,10.143142,3.6695647,COMET
201533520040_R02C01,COMET,EPIC,COMET-RMS,201533520040_R02C01.Ave_Beta,RMS,7.0470967,-0.71097577,COMET
201985320079_R04C01,COMET,EPIC,COMET-RMS,201985320079_R04C01.Ave_Beta,RMS,7.477378,-0.88605607,COMET
201533620039_R05C01,COMET,EPIC,COMET-RMS,201533620039_R05C01.Ave_Beta,RMS,9.092036,4.4611497,COMET
201533640046_R02C01,COMET,EPIC,COMET-RMS,201533640046_R02C01.Ave_Beta,RMS,7.710471,-0.41713545,COMET
201985320079_R05C01,COMET,EPIC,COMET-RMS,201985320079_R05C01.Ave_Beta,RMS,10.081935,3.5670102,COMET
201533620039_R03C01,COMET,EPIC,COMET-RMS,201533620039_R03C01.Ave_Beta,RMS,9.91828,4.0000577,COMET
201247470016_R02C01,COMET,EPIC,COMET-RMS,201247470016_R02C01.Ave_Beta,RMS,8.066641,-0.79196876,COMET
201247470019_R07C01,COMET,EPIC,COMET-RMS,201247470019_R07C01.Ave_Beta,RMS,9.442909,3.169156,COMET
201247490021_R03C01,COMET,EPIC,COMET-RMS,201247490021_R03C01.Ave_Beta,RMS,10.235739,3.48467,COMET
201247470016_R01C01,COMET,EPIC,COMET-RMS,201247470016_R01C01.Ave_Beta,RMS,7.6754622,1.9141359,COMET
201533520040_R05C01,COMET,EPIC,COMET-RMS,201533520040_R05C01.Ave_Beta,RMS,9.721057,4.130519,COMET
203271750144_R05C01,COMET,EPIC,COMET-RMS,203271750144_R05C01.Ave_Beta,RMS,7.9825788,-0.3560516,COMET
201247490021_R06C01,COMET,EPIC,COMET-RMS,201247490021_R06C01.Ave_Beta,RMS,9.259676,3.2541623,COMET
201172580053_R05C01,COMET,EPIC,COMET-RMS,201172580053_R05C01.Ave_Beta,RMS,7.5047007,-0.7003897,COMET
201172580053_R03C01,COMET,EPIC,COMET-RMS,201172580053_R03C01.Ave_Beta,RMS,9.660736,3.481513,COMET
201247470019_R06C01,COMET,EPIC,COMET-RMS,201247470019_R06C01.Ave_Beta,RMS,8.642603,3.876205,COMET
201172580047_R05C01,COMET,EPIC,COMET-RMS,201172580047_R05C01.Ave_Beta,RMS,9.459372,3.275128,COMET
201172580053_R02C01,COMET,EPIC,COMET-RMS,201172580053_R02C01.Ave_Beta,RMS,7.741563,-0.80924624,COMET
201172580047_R06C01,COMET,EPIC,COMET-RMS,201172580047_R06C01.Ave_Beta,RMS,7.345778,-0.1414245,COMET
201533640031_R04C01,COMET,EPIC,COMET-RMS,201533640031_R04C01.Ave_Beta,RMS,7.2437515,0.05848525,COMET
201533640050_R06C01,COMET,EPIC,COMET-RMS,201533640050_R06C01.Ave_Beta,RMS,7.9476466,1.3688515,COMET
201492570102_R02C01,COMET,EPIC,COMET-RMS,201492570102_R02C01.Ave_Beta,RMS,7.934803,-0.63020444,COMET
201533640009_R05C01,COMET,EPIC,COMET-RMS,201533640009_R05C01.Ave_Beta,RMS,7.3732677,-0.71091765,COMET
201247490021_R05C01,COMET,EPIC,COMET-RMS,201247490021_R05C01.Ave_Beta,RMS,9.169819,3.4063187,COMET
201172580047_R04C01,COMET,EPIC,COMET-RMS,201172580047_R04C01.Ave_Beta,RMS,8.3575,1.6258265,COMET
201247470019_R05C01,COMET,EPIC,COMET-RMS,201247470019_R05C01.Ave_Beta,RMS,10.212614,3.4427755,COMET
201492570224_R07C01,COMET,EPIC,COMET-RMS,201492570224_R07C01.Ave_Beta,RMS,7.4177494,-0.48020983,COMET
201533640023_R06C01,COMET,EPIC,COMET-RMS,201533640023_R06C01.Ave_Beta,RMS,7.363532,-0.10714674,COMET
201492570224_R05C01,COMET,EPIC,COMET-RMS,201492570224_R05C01.Ave_Beta,RMS,9.242205,4.515132,COMET
201172580053_R06C01,COMET,EPIC,COMET-RMS,201172580053_R06C01.Ave_Beta,RMS,6.4869394,3.1200688,COMET
201172580047_R01C01,COMET,EPIC,COMET-RMS,201172580047_R01C01.Ave_Beta,RMS,7.9093866,-0.4271179,COMET
201533640031_R03C01,COMET,EPIC,COMET-RMS,201533640031_R03C01.Ave_Beta,RMS,8.012012,2.5978584,COMET
201533640031_R06C01,COMET,EPIC,COMET-RMS,201533640031_R06C01.Ave_Beta,RMS,7.940088,0.5491927,COMET
201492570224_R08C01,COMET,EPIC,COMET-RMS,201492570224_R08C01.Ave_Beta,RMS,7.4017777,-0.42163518,COMET
201533640042_R04C01,COMET,EPIC,COMET-RMS,201533640042_R04C01.Ave_Beta,RMS,7.868649,-0.4262471,COMET
201533520001_R07C01,COMET,EPIC,COMET-RMS,201533520001_R07C01.Ave_Beta,RMS,6.5405073,3.0623536,COMET
201533640024_R03C01,COMET,EPIC,COMET-RMS,201533640024_R03C01.Ave_Beta,RMS,9.615905,3.4949727,COMET
202163550088_R03C01,COMET,EPIC,COMET-RMS,202163550088_R03C01.Ave_Beta,RMS,8.862819,2.2387352,COMET
201533520026_R06C01,COMET,EPIC,COMET-RMS,201533520026_R06C01.Ave_Beta,RMS,8.45518,3.6913724,COMET
201533620059_R01C01,COMET,EPIC,COMET-RMS,201533620059_R01C01.Ave_Beta,RMS,8.374453,-0.4389153,COMET
201533640024_R07C01,COMET,EPIC,COMET-RMS,201533640024_R07C01.Ave_Beta,RMS,8.423544,2.9143045,COMET
201533520001_R04C01,COMET,EPIC,COMET-RMS,201533520001_R04C01.Ave_Beta,RMS,6.4064026,3.203276,COMET
201533520026_R07C01,COMET,EPIC,COMET-RMS,201533520026_R07C01.Ave_Beta,RMS,6.4630322,3.1375914,COMET
201533520026_R05C01,COMET,EPIC,COMET-RMS,201533520026_R05C01.Ave_Beta,RMS,-6.5151024,3.2876358,COMET
201533520001_R06C01,COMET,EPIC,COMET-RMS,201533520001_R06C01.Ave_Beta,RMS,8.94833,2.2873933,COMET
201533520001_R08C01,COMET,EPIC,COMET-RMS,201533520001_R08C01.Ave_Beta,RMS,9.586346,2.7821639,COMET
201533520001_R03C01,COMET,EPIC,COMET-RMS,201533520001_R03C01.Ave_Beta,RMS,8.038825,2.176504,COMET
201247490021_R02C01,COMET,EPIC,COMET-RMS,201247490021_R02C01.Ave_Beta,RMS,9.160226,2.6455216,COMET
201533520001_R02C01,COMET,EPIC,COMET-RMS,201533520001_R02C01.Ave_Beta,RMS,10.074596,4.2984343,COMET
201533640024_R08C01,COMET,EPIC,COMET-RMS,201533640024_R08C01.Ave_Beta,RMS,8.229667,0.7124614,COMET
201533620012_R08C01,COMET,EPIC,COMET-RMS,201533620012_R08C01.Ave_Beta,RMS,10.186165,3.6140337,COMET
201492570102_R04C01,COMET,EPIC,COMET-RMS,201492570102_R04C01.Ave_Beta,RMS,7.662829,-0.83582205,COMET
201533520040_R04C01,COMET,EPIC,COMET-RMS,201533520040_R04C01.Ave_Beta,RMS,9.35084,4.4378524,COMET
201533640024_R04C01,COMET,EPIC,COMET-RMS,201533640024_R04C01.Ave_Beta,RMS,8.314516,1.998572,COMET
201533640042_R01C01,COMET,EPIC,COMET-RMS,201533640042_R01C01.Ave_Beta,RMS,8.640437,2.435922,COMET
201533620004_R03C01,COMET,EPIC,COMET-RMS,201533620004_R03C01.Ave_Beta,RMS,8.739231,4.0415874,COMET
201247470019_R03C01,COMET,EPIC,COMET-RMS,201247470019_R03C01.Ave_Beta,RMS,9.624638,3.7675548,COMET
201533640031_R05C01,COMET,EPIC,COMET-RMS,201533640031_R05C01.Ave_Beta,RMS,6.7283564,2.9636438,COMET
201533640009_R08C01,COMET,EPIC,COMET-RMS,201533640009_R08C01.Ave_Beta,RMS,7.778007,-0.76916003,COMET
201533620012_R03C01,COMET,EPIC,COMET-RMS,201533620012_R03C01.Ave_Beta,RMS,10.16755,3.6488087,COMET
201533640024_R02C01,COMET,EPIC,COMET-RMS,201533640024_R02C01.Ave_Beta,RMS,7.7509828,0.4644316,COMET
201533620059_R04C01,COMET,EPIC,COMET-RMS,201533620059_R04C01.Ave_Beta,RMS,7.3282447,-0.43860495,COMET
201533620059_R03C01,COMET,EPIC,COMET-RMS,201533620059_R03C01.Ave_Beta,RMS,7.6614094,-0.8832741,COMET
201533620059_R06C01,COMET,EPIC,COMET-RMS,201533620059_R06C01.Ave_Beta,RMS,7.583674,-0.15050532,COMET
201533640046_R07C01,COMET,EPIC,COMET-RMS,201533640046_R07C01.Ave_Beta,RMS,7.5449824,-0.57477504,COMET
201533640046_R08C01,COMET,EPIC,COMET-RMS,201533640046_R08C01.Ave_Beta,RMS,9.5742655,3.7776773,COMET
201533520026_R04C01,COMET,EPIC,COMET-RMS,201533520026_R04C01.Ave_Beta,RMS,9.093284,2.3554788,COMET
201247470019_R02C01,COMET,EPIC,COMET-RMS,201247470019_R02C01.Ave_Beta,RMS,9.97037,4.413705,COMET
201533640042_R05C01,COMET,EPIC,COMET-RMS,201533640042_R05C01.Ave_Beta,RMS,8.689529,3.4095495,COMET
201533640046_R03C01,COMET,EPIC,COMET-RMS,201533640046_R03C01.Ave_Beta,RMS,7.9465823,-0.6254816,COMET
201533640046_R04C01,COMET,EPIC,COMET-RMS,201533640046_R04C01.Ave_Beta,RMS,7.4691415,-0.48249227,COMET
201247470019_R01C01,COMET,EPIC,COMET-RMS,201247470019_R01C01.Ave_Beta,RMS,9.2173815,3.4541414,COMET
201247490021_R08C01,COMET,EPIC,COMET-RMS,201247490021_R08C01.Ave_Beta,RMS,10.166197,3.5565026,COMET
201533520040_R01C01,COMET,EPIC,COMET-RMS,201533520040_R01C01.Ave_Beta,RMS,8.297067,0.7395645,COMET
201533620039_R04C01,COMET,EPIC,COMET-RMS,201533620039_R04C01.Ave_Beta,RMS,8.820532,3.7663019,COMET
201533640046_R05C01,COMET,EPIC,COMET-RMS,201533640046_R05C01.Ave_Beta,RMS,8.07979,0.0021021247,COMET
201533620059_R07C01,COMET,EPIC,COMET-RMS,201533620059_R07C01.Ave_Beta,RMS,7.485477,-0.43306312,COMET
201533640046_R06C01,COMET,EPIC,COMET-RMS,201533640046_R06C01.Ave_Beta,RMS,7.787803,-0.43764412,COMET
201533520026_R03C01,COMET,EPIC,COMET-RMS,201533520026_R03C01.Ave_Beta,RMS,8.23632,2.198546,COMET
201533520040_R03C01,COMET,EPIC,COMET-RMS,201533520040_R03C01.Ave_Beta,RMS,9.179418,2.324163,COMET
201533640050_R03C01,COMET,EPIC,COMET-RMS,201533640050_R03C01.Ave_Beta,RMS,6.5666633,3.0368915,COMET
201533640031_R02C01,COMET,EPIC,COMET-RMS,201533640031_R02C01.Ave_Beta,RMS,7.2428327,-0.1143764,COMET
201533640023_R02C01,COMET,EPIC,COMET-RMS,201533640023_R02C01.Ave_Beta,RMS,7.222725,-0.23733453,COMET
201492570224_R01C01,COMET,EPIC,COMET-RMS,201492570224_R01C01.Ave_Beta,RMS,8.189943,0.121610105,COMET
201172580053_R04C01,COMET,EPIC,COMET-RMS,201172580053_R04C01.Ave_Beta,RMS,9.364087,4.0695534,COMET
201533640042_R03C01,COMET,EPIC,COMET-RMS,201533640042_R03C01.Ave_Beta,RMS,9.208248,4.0226426,COMET
201533640042_R06C01,COMET,EPIC,COMET-RMS,201533640042_R06C01.Ave_Beta,RMS,8.243761,1.7454289,COMET
201533640050_R02C01,COMET,EPIC,COMET-RMS,201533640050_R02C01.Ave_Beta,RMS,6.485291,3.122036,COMET
201492570224_R03C01,COMET,EPIC,COMET-RMS,201492570224_R03C01.Ave_Beta,RMS,6.990353,-0.6612325,COMET
201533640042_R02C01,COMET,EPIC,COMET-RMS,201533640042_R02C01.Ave_Beta,RMS,8.277714,1.0524848,COMET
201492570224_R02C01,COMET,EPIC,COMET-RMS,201492570224_R02C01.Ave_Beta,RMS,7.706386,-0.61067957,COMET
201533640050_R05C01,COMET,EPIC,COMET-RMS,201533640050_R05C01.Ave_Beta,RMS,8.320373,2.2402022,COMET
201533640050_R07C01,COMET,EPIC,COMET-RMS,201533640050_R07C01.Ave_Beta,RMS,7.682972,0.5290727,COMET
201172580053_R01C01,COMET,EPIC,COMET-RMS,201172580053_R01C01.Ave_Beta,RMS,9.930615,3.259533,COMET
204596820024_R02C01,COMET,EPIC,COMET-RMS,204596820024_R02C01.Ave_Beta,RMS,7.4217625,2.10002,COMET
204596820024_R04C01,COMET,EPIC,COMET-RMS,204596820024_R04C01.Ave_Beta,RMS,7.767036,0.55538195,COMET
204596820024_R05C01,COMET,EPIC,COMET-RMS,204596820024_R05C01.Ave_Beta,RMS,7.225694,-0.1738318,COMET
204596820024_R07C01,COMET,EPIC,COMET-RMS,204596820024_R07C01.Ave_Beta,RMS,8.246437,-0.66515243,COMET
204596820035_R02C01,COMET,EPIC,COMET-RMS,204596820035_R02C01.Ave_Beta,RMS,10.202949,4.222825,COMET
204596820035_R06C01,COMET,EPIC,COMET-RMS,204596820035_R06C01.Ave_Beta,RMS,8.862741,4.1785126,COMET
204596820107_R02C01,COMET,EPIC,COMET-RMS,204596820107_R02C01.Ave_Beta,RMS,9.100145,3.3324664,COMET
204596820107_R03C01,COMET,EPIC,COMET-RMS,204596820107_R03C01.Ave_Beta,RMS,7.577378,-0.66814375,COMET
204424040075_R04C01,COMET,EPIC,COMET-RMS,204424040075_R04C01.Ave_Beta,RMS,8.252799,2.2050116,COMET
204424040075_R05C01,COMET,EPIC,COMET-RMS,204424040075_R05C01.Ave_Beta,RMS,9.341074,2.6919613,COMET
201524770049_R02C01,COMET,EPIC,COMET-RMS,201524770049_R02C01.Ave_Beta,RMS,8.680219,2.7420983,COMET
201524770049_R07C01,COMET,EPIC,COMET-RMS,201524770049_R07C01.Ave_Beta,RMS,7.81483,2.242226,COMET
204076530042_R02C01,COMET,EPIC,COMET-RMS,204076530042_R02C01.Ave_Beta,RMS,8.744461,2.855565,COMET
204076530042_R06C01,COMET,EPIC,COMET-RMS,204076530042_R06C01.Ave_Beta,RMS,9.217151,3.9231927,COMET
204424030007_R06C01,COMET,EPIC,COMET-RMS,204424030007_R06C01.Ave_Beta,RMS,-1.2291582,-12.136437,COMET
204424030049_R02C01,COMET,EPIC,COMET-RMS,204424030049_R02C01.Ave_Beta,RMS,7.583963,2.2132878,COMET
204424030049_R05C01,COMET,EPIC,COMET-RMS,204424030049_R05C01.Ave_Beta,RMS,8.076803,2.6902187,COMET
204424030060_R01C01,COMET,EPIC,COMET-RMS,204424030060_R01C01.Ave_Beta,RMS,8.211343,-0.6424223,COMET
204424030060_R02C01,COMET,EPIC,COMET-RMS,204424030060_R02C01.Ave_Beta,RMS,7.3902473,-0.87445855,COMET
204424040112_R02C01,COMET,EPIC,COMET-RMS,204424040112_R02C01.Ave_Beta,RMS,7.879866,-0.010332419,COMET
204424040112_R06C01,COMET,EPIC,COMET-RMS,204424040112_R06C01.Ave_Beta,RMS,7.146042,-0.5155282,COMET
204551190040_R01C01,COMET,EPIC,COMET-RMS,204551190040_R01C01.Ave_Beta,RMS,9.309288,3.3479552,COMET
204551190040_R03C01,COMET,EPIC,COMET-RMS,204551190040_R03C01.Ave_Beta,RMS,9.993778,4.3122444,COMET
204551190047_R08C01,COMET,EPIC,COMET-RMS,204551190047_R08C01.Ave_Beta,RMS,7.3317366,-0.15766537,COMET
204564460107_R02C01,COMET,EPIC,COMET-RMS,204564460107_R02C01.Ave_Beta,RMS,9.328988,3.755421,COMET
204564460107_R03C01,COMET,EPIC,COMET-RMS,204564460107_R03C01.Ave_Beta,RMS,9.523801,4.5133157,COMET
204564460107_R04C01,COMET,EPIC,COMET-RMS,204564460107_R04C01.Ave_Beta,RMS,9.491766,4.48854,COMET
204564460108_R01C01,COMET,EPIC,COMET-RMS,204564460108_R01C01.Ave_Beta,RMS,9.305217,4.557423,COMET
204848060057_R04C01,COMET,EPIC,COMET-RMS,204848060057_R04C01.Ave_Beta,RMS,7.858638,-0.49970013,COMET
204848060057_R06C01,COMET,EPIC,COMET-RMS,204848060057_R06C01.Ave_Beta,RMS,8.244671,-0.4249101,COMET
204848060057_R07C01,COMET,EPIC,COMET-RMS,204848060057_R07C01.Ave_Beta,RMS,8.122956,2.533302,COMET
204848060061_R01C01,COMET,EPIC,COMET-RMS,204848060061_R01C01.Ave_Beta,RMS,8.9502535,3.5262098,COMET
204848060061_R02C01,COMET,EPIC,COMET-RMS,204848060061_R02C01.Ave_Beta,RMS,6.4797506,3.1204798,COMET
204848060061_R04C01,COMET,EPIC,COMET-RMS,204848060061_R04C01.Ave_Beta,RMS,8.371113,-0.4634471,COMET
204848060061_R06C01,COMET,EPIC,COMET-RMS,204848060061_R06C01.Ave_Beta,RMS,7.281356,1.9921796,COMET
204848060063_R01C01,COMET,EPIC,COMET-RMS,204848060063_R01C01.Ave_Beta,RMS,10.141063,4.179652,COMET
204848060063_R07C01,COMET,EPIC,COMET-RMS,204848060063_R07C01.Ave_Beta,RMS,7.534307,2.1070943,COMET
204848060077_R01C01,COMET,EPIC,COMET-RMS,204848060077_R01C01.Ave_Beta,RMS,6.3771014,3.2700682,COMET
204564460107_R05C01,COMET,EPIC,COMET-RMS,204564460107_R05C01.Ave_Beta,RMS,7.760016,0.8638748,COMET
204564460107_R06C01,COMET,EPIC,COMET-RMS,204564460107_R06C01.Ave_Beta,RMS,7.8623676,0.6062967,COMET
204564460107_R07C01,COMET,EPIC,COMET-RMS,204564460107_R07C01.Ave_Beta,RMS,7.937301,-0.012519842,COMET
204564460107_R08C01,COMET,EPIC,COMET-RMS,204564460107_R08C01.Ave_Beta,RMS,7.961593,-0.1256517,COMET
204564460108_R03C01,COMET,EPIC,COMET-RMS,204564460108_R03C01.Ave_Beta,RMS,7.8206987,1.6647642,COMET
204564460108_R04C01,COMET,EPIC,COMET-RMS,204564460108_R04C01.Ave_Beta,RMS,7.7836285,0.44111422,COMET
204564460108_R05C01,COMET,EPIC,COMET-RMS,204564460108_R05C01.Ave_Beta,RMS,7.6117063,-0.71709126,COMET
204848060038_R05C01,COMET,EPIC,COMET-RMS,204848060038_R05C01.Ave_Beta,RMS,8.191519,-0.3133553,COMET
204848060038_R06C01,COMET,EPIC,COMET-RMS,204848060038_R06C01.Ave_Beta,RMS,7.8365326,-0.5312795,COMET
204848060057_R01C01,COMET,EPIC,COMET-RMS,204848060057_R01C01.Ave_Beta,RMS,7.607621,0.76245964,COMET
204848060057_R03C01,COMET,EPIC,COMET-RMS,204848060057_R03C01.Ave_Beta,RMS,7.7691545,-0.8276273,COMET
204848060063_R06C01,COMET,EPIC,COMET-RMS,204848060063_R06C01.Ave_Beta,RMS,6.99253,-0.7239314,COMET
204848060077_R02C01,COMET,EPIC,COMET-RMS,204848060077_R02C01.Ave_Beta,RMS,8.023107,0.485736,COMET
204848060077_R04C01,COMET,EPIC,COMET-RMS,204848060077_R04C01.Ave_Beta,RMS,-0.97860414,-12.395781,COMET
204551190057_R01C01,COMET,EPIC,COMET-RMS,204551190057_R01C01.Ave_Beta,RMS,9.994838,3.9809358,COMET
204551190043_R08C01,COMET,EPIC,COMET-RMS,204551190043_R08C01.Ave_Beta,RMS,9.498159,3.4902685,COMET
204564460049_R01C01,COMET,EPIC,COMET-RMS,204564460049_R01C01.Ave_Beta,RMS,8.239159,2.6998765,COMET
204564460049_R07C01,COMET,EPIC,COMET-RMS,204564460049_R07C01.Ave_Beta,RMS,-0.9988865,-12.344743,COMET
204564460108_R02C01,COMET,EPIC,COMET-RMS,204564460108_R02C01.Ave_Beta,RMS,9.069049,4.4065638,COMET
204848060038_R03C01,COMET,EPIC,COMET-RMS,204848060038_R03C01.Ave_Beta,RMS,9.1771145,4.002261,COMET
204848060038_R04C01,COMET,EPIC,COMET-RMS,204848060038_R04C01.Ave_Beta,RMS,8.613111,3.5324786,COMET
204848060038_R07C01,COMET,EPIC,COMET-RMS,204848060038_R07C01.Ave_Beta,RMS,9.071903,2.9412098,COMET
204848060038_R08C01,COMET,EPIC,COMET-RMS,204848060038_R08C01.Ave_Beta,RMS,8.003934,2.6277444,COMET
204848060057_R05C01,COMET,EPIC,COMET-RMS,204848060057_R05C01.Ave_Beta,RMS,9.28341,4.0450783,COMET
204848060061_R05C01,COMET,EPIC,COMET-RMS,204848060061_R05C01.Ave_Beta,RMS,9.6134,3.6270325,COMET
204848060061_R07C01,COMET,EPIC,COMET-RMS,204848060061_R07C01.Ave_Beta,RMS,9.436078,4.4716563,COMET
204848060061_R08C01,COMET,EPIC,COMET-RMS,204848060061_R08C01.Ave_Beta,RMS,8.993503,3.6941972,COMET
204848060063_R02C01,COMET,EPIC,COMET-RMS,204848060063_R02C01.Ave_Beta,RMS,10.197986,4.253889,COMET
204848060063_R03C01,COMET,EPIC,COMET-RMS,204848060063_R03C01.Ave_Beta,RMS,9.934072,3.755553,COMET
204848060063_R04C01,COMET,EPIC,COMET-RMS,204848060063_R04C01.Ave_Beta,RMS,-0.94641525,-12.331087,COMET
204848060063_R05C01,COMET,EPIC,COMET-RMS,204848060063_R05C01.Ave_Beta,RMS,8.962741,4.0749683,COMET
204848060063_R08C01,COMET,EPIC,COMET-RMS,204848060063_R08C01.Ave_Beta,RMS,10.135195,3.7709668,COMET
204848060077_R03C01,COMET,EPIC,COMET-RMS,204848060077_R03C01.Ave_Beta,RMS,8.918546,4.3617682,COMET
204848240090_R07C01,COMET,EPIC,COMET-RMS,204848240090_R07C01.Ave_Beta,RMS,7.8728085,2.363101,COMET
204848240140_R02C01,COMET,EPIC,COMET-RMS,204848240140_R02C01.Ave_Beta,RMS,9.729112,4.1685243,COMET
204848240140_R03C01,COMET,EPIC,COMET-RMS,204848240140_R03C01.Ave_Beta,RMS,9.411872,4.3472376,COMET
204848060038_R02C01,COMET,EPIC,COMET-RMS,204848060038_R02C01.Ave_Beta,RMS,9.065346,4.1666336,COMET
204848060057_R02C01,COMET,EPIC,COMET-RMS,204848060057_R02C01.Ave_Beta,RMS,7.9882584,2.072991,COMET
204424030014_R05C01,COMET,EPIC,COMET-RMS,204424030014_R05C01.Ave_Beta,RMS,9.087665,3.0665169,COMET
204551190121_R01C01,COMET,EPIC,COMET-RMS,204551190121_R01C01.Ave_Beta,RMS,7.7484226,2.201442,COMET
204551190121_R02C01,COMET,EPIC,COMET-RMS,204551190121_R02C01.Ave_Beta,RMS,7.1966805,-0.6193363,COMET
204551190121_R03C01,COMET,EPIC,COMET-RMS,204551190121_R03C01.Ave_Beta,RMS,9.983761,4.467608,COMET
204551190121_R04C01,COMET,EPIC,COMET-RMS,204551190121_R04C01.Ave_Beta,RMS,7.4618883,2.1772733,COMET
204551190121_R05C01,COMET,EPIC,COMET-RMS,204551190121_R05C01.Ave_Beta,RMS,9.033567,3.956935,COMET
204551190121_R06C01,COMET,EPIC,COMET-RMS,204551190121_R06C01.Ave_Beta,RMS,7.938378,1.4714588,COMET
204848240028_R01C01,COMET,EPIC,COMET-RMS,204848240028_R01C01.Ave_Beta,RMS,9.942322,3.9813488,COMET
204848240028_R02C01,COMET,EPIC,COMET-RMS,204848240028_R02C01.Ave_Beta,RMS,7.925904,-0.769581,COMET
204848240028_R03C01,COMET,EPIC,COMET-RMS,204848240028_R03C01.Ave_Beta,RMS,10.014893,4.157532,COMET
204848240028_R04C01,COMET,EPIC,COMET-RMS,204848240028_R04C01.Ave_Beta,RMS,9.903188,4.4868107,COMET
204848240028_R05C01,COMET,EPIC,COMET-RMS,204848240028_R05C01.Ave_Beta,RMS,9.47258,3.686404,COMET
204848240028_R06C01,COMET,EPIC,COMET-RMS,204848240028_R06C01.Ave_Beta,RMS,10.095174,4.34416,COMET
204848240028_R07C01,COMET,EPIC,COMET-RMS,204848240028_R07C01.Ave_Beta,RMS,8.445771,-0.49454686,COMET
204848240028_R08C01,COMET,EPIC,COMET-RMS,204848240028_R08C01.Ave_Beta,RMS,9.367375,3.7795205,COMET
204848240090_R01C01,COMET,EPIC,COMET-RMS,204848240090_R01C01.Ave_Beta,RMS,7.6753983,-0.4719707,COMET
204848240090_R02C01,COMET,EPIC,COMET-RMS,204848240090_R02C01.Ave_Beta,RMS,9.834316,3.5559638,COMET
204848240090_R03C01,COMET,EPIC,COMET-RMS,204848240090_R03C01.Ave_Beta,RMS,8.948175,4.12029,COMET
204848240090_R04C01,COMET,EPIC,COMET-RMS,204848240090_R04C01.Ave_Beta,RMS,7.7982373,-0.8917122,COMET
204848240090_R05C01,COMET,EPIC,COMET-RMS,204848240090_R05C01.Ave_Beta,RMS,9.169029,3.5010738,COMET
204848240090_R06C01,COMET,EPIC,COMET-RMS,204848240090_R06C01.Ave_Beta,RMS,9.148771,3.6049416,COMET
205125590003_R04C01,COMET,EPIC,COMET-RMS,205125590003_R04C01.Ave_Beta,RMS,8.89904,2.2349877,COMET
205125590003_R05C01,COMET,EPIC,COMET-RMS,205125590003_R05C01.Ave_Beta,RMS,8.848698,2.537294,COMET
205111140064_R07C01,COMET,EPIC,COMET-RMS,205111140064_R07C01.Ave_Beta,RMS,10.058822,3.751313,COMET
205125590001_R01C01,COMET,EPIC,COMET-RMS,205125590001_R01C01.Ave_Beta,RMS,8.000881,0.31325257,COMET
205125590001_R02C01,COMET,EPIC,COMET-RMS,205125590001_R02C01.Ave_Beta,RMS,6.966743,-0.91282004,COMET
205125590001_R06C01,COMET,EPIC,COMET-RMS,205125590001_R06C01.Ave_Beta,RMS,7.198651,-0.8538334,COMET
205125590004_R05C01,COMET,EPIC,COMET-RMS,205125590004_R05C01.Ave_Beta,RMS,8.542168,3.5321374,COMET
205125590004_R06C01,COMET,EPIC,COMET-RMS,205125590004_R06C01.Ave_Beta,RMS,9.023517,4.3707757,COMET
205125590014_R07C01,COMET,EPIC,COMET-RMS,205125590014_R07C01.Ave_Beta,RMS,7.698232,1.3229876,COMET
205125590052_R04C01,COMET,EPIC,COMET-RMS,205125590052_R04C01.Ave_Beta,RMS,9.133197,3.9735894,COMET
205125590052_R05C01,COMET,EPIC,COMET-RMS,205125590052_R05C01.Ave_Beta,RMS,8.895329,4.068556,COMET
205125590053_R01C01,COMET,EPIC,COMET-RMS,205125590053_R01C01.Ave_Beta,RMS,9.849291,3.84626,COMET
205125590053_R02C01,COMET,EPIC,COMET-RMS,205125590053_R02C01.Ave_Beta,RMS,9.908245,3.9706872,COMET
205125590053_R03C01,COMET,EPIC,COMET-RMS,205125590053_R03C01.Ave_Beta,RMS,7.69363,-0.9226385,COMET
204564460105_R08C01,COMET,EPIC,COMET-RMS,204564460105_R08C01.Ave_Beta,RMS,10.077432,4.1347694,COMET
205437180135_R06C01,COMET,EPIC,COMET-RMS,205437180135_R06C01.Ave_Beta,RMS,7.1550713,-0.30825123,COMET
204963470042_R02C01,COMET,EPIC,COMET-RMS,204963470042_R02C01.Ave_Beta,RMS,7.547451,2.162179,COMET
206139120155_R01C01,COMET,EPIC,COMET-RMS,206139120155_R01C01.Ave_Beta,RMS,8.230388,0.5998325,COMET
206139120155_R07C01,COMET,EPIC,COMET-RMS,206139120155_R07C01.Ave_Beta,RMS,9.116128,3.5225756,COMET
206139120155_R08C01,COMET,EPIC,COMET-RMS,206139120155_R08C01.Ave_Beta,RMS,8.969257,2.8745103,COMET
206139120156_R01C01,COMET,EPIC,COMET-RMS,206139120156_R01C01.Ave_Beta,RMS,7.9342937,0.38376135,COMET
206139120156_R02C01,COMET,EPIC,COMET-RMS,206139120156_R02C01.Ave_Beta,RMS,7.8839464,1.4401525,COMET
206139120156_R04C01,COMET,EPIC,COMET-RMS,206139120156_R04C01.Ave_Beta,RMS,7.959965,2.195708,COMET
206139130056_R07C01,COMET,EPIC,COMET-RMS,206139130056_R07C01.Ave_Beta,RMS,8.898688,4.4045033,COMET
206139130056_R08C01,COMET,EPIC,COMET-RMS,206139130056_R08C01.Ave_Beta,RMS,9.38337,3.1270826,COMET
206139130068_R01C01,COMET,EPIC,COMET-RMS,206139130068_R01C01.Ave_Beta,RMS,7.983663,2.21277,COMET
206139130068_R02C01,COMET,EPIC,COMET-RMS,206139130068_R02C01.Ave_Beta,RMS,8.994456,3.4009123,COMET
206144080040_R02C01,COMET,EPIC,COMET-RMS,206144080040_R02C01.Ave_Beta,RMS,8.713447,2.2555234,COMET
206144080040_R03C01,COMET,EPIC,COMET-RMS,206144080040_R03C01.Ave_Beta,RMS,9.426599,2.975504,COMET
206144080040_R05C01,COMET,EPIC,COMET-RMS,206144080040_R05C01.Ave_Beta,RMS,9.609446,3.7399437,COMET
206144080040_R07C01,COMET,EPIC,COMET-RMS,206144080040_R07C01.Ave_Beta,RMS,6.367576,3.2516956,COMET
206144080040_R08C01,COMET,EPIC,COMET-RMS,206144080040_R08C01.Ave_Beta,RMS,9.85269,3.4528024,COMET
206144080100_R01C01,COMET,EPIC,COMET-RMS,206144080100_R01C01.Ave_Beta,RMS,6.4502845,3.1534655,COMET
206144080100_R02C01,COMET,EPIC,COMET-RMS,206144080100_R02C01.Ave_Beta,RMS,8.222974,-0.5270207,COMET
206144080100_R03C01,COMET,EPIC,COMET-RMS,206144080100_R03C01.Ave_Beta,RMS,8.229113,2.208444,COMET
206144080100_R04C01,COMET,EPIC,COMET-RMS,206144080100_R04C01.Ave_Beta,RMS,8.096796,0.22073285,COMET
206144080128_R05C01,COMET,EPIC,COMET-RMS,206144080128_R05C01.Ave_Beta,RMS,8.382282,-0.32728213,COMET
206144080128_R06C01,COMET,EPIC,COMET-RMS,206144080128_R06C01.Ave_Beta,RMS,9.000608,2.4634464,COMET
206144080128_R07C01,COMET,EPIC,COMET-RMS,206144080128_R07C01.Ave_Beta,RMS,8.249122,0.31443915,COMET
206144080128_R08C01,COMET,EPIC,COMET-RMS,206144080128_R08C01.Ave_Beta,RMS,8.146442,0.034526307,COMET
206144080143_R01C01,COMET,EPIC,COMET-RMS,206144080143_R01C01.Ave_Beta,RMS,8.240092,0.16893099,COMET
206144080143_R02C01,COMET,EPIC,COMET-RMS,206144080143_R02C01.Ave_Beta,RMS,7.526628,-0.086486116,COMET
206144080143_R03C01,COMET,EPIC,COMET-RMS,206144080143_R03C01.Ave_Beta,RMS,8.061572,2.2806,COMET
206144080143_R04C01,COMET,EPIC,COMET-RMS,206144080143_R04C01.Ave_Beta,RMS,8.875601,2.2904058,COMET
206144080143_R05C01,COMET,EPIC,COMET-RMS,206144080143_R05C01.Ave_Beta,RMS,9.401863,3.815453,COMET
206144080143_R06C01,COMET,EPIC,COMET-RMS,206144080143_R06C01.Ave_Beta,RMS,7.4333606,-0.6781177,COMET
206144080143_R07C01,COMET,EPIC,COMET-RMS,206144080143_R07C01.Ave_Beta,RMS,10.132009,4.0217876,COMET
206350360134_R08C01,COMET,EPIC,COMET-RMS,206350360134_R08C01.Ave_Beta,RMS,10.039991,4.409265,COMET
206382220036_R03C01,COMET,EPIC,COMET-RMS,206382220036_R03C01.Ave_Beta,RMS,6.998876,-0.8757566,COMET
206382220036_R08C01,COMET,EPIC,COMET-RMS,206382220036_R08C01.Ave_Beta,RMS,7.492895,2.1476307,COMET
206382220044_R06C01,COMET,EPIC,COMET-RMS,206382220044_R06C01.Ave_Beta,RMS,9.375769,3.6366885,COMET
206350360106_R01C01,COMET,EPIC,COMET-RMS,206350360106_R01C01.Ave_Beta,RMS,8.4249115,2.639553,COMET
206350360106_R03C01,COMET,EPIC,COMET-RMS,206350360106_R03C01.Ave_Beta,RMS,8.245585,0.58915603,COMET
206350360106_R05C01,COMET,EPIC,COMET-RMS,206350360106_R05C01.Ave_Beta,RMS,8.215241,-0.59608614,COMET
206359150008_R01C01,COMET,EPIC,COMET-RMS,206359150008_R01C01.Ave_Beta,RMS,9.522347,3.8898752,COMET
206359150008_R02C01,COMET,EPIC,COMET-RMS,206359150008_R02C01.Ave_Beta,RMS,7.5546126,-0.14215976,COMET
206359150008_R03C01,COMET,EPIC,COMET-RMS,206359150008_R03C01.Ave_Beta,RMS,8.605661,2.5619981,COMET
206359150008_R04C01,COMET,EPIC,COMET-RMS,206359150008_R04C01.Ave_Beta,RMS,9.085352,3.4235516,COMET
206359150008_R06C01,COMET,EPIC,COMET-RMS,206359150008_R06C01.Ave_Beta,RMS,9.950929,3.6000655,COMET
206359150008_R07C01,COMET,EPIC,COMET-RMS,206359150008_R07C01.Ave_Beta,RMS,9.945751,4.113014,COMET
206359150008_R08C01,COMET,EPIC,COMET-RMS,206359150008_R08C01.Ave_Beta,RMS,7.652813,-0.8424327,COMET
206359150015_R01C01,COMET,EPIC,COMET-RMS,206359150015_R01C01.Ave_Beta,RMS,8.882948,3.7512445,COMET
206359150015_R02C01,COMET,EPIC,COMET-RMS,206359150015_R02C01.Ave_Beta,RMS,7.663327,-0.8871194,COMET
206359150015_R03C01,COMET,EPIC,COMET-RMS,206359150015_R03C01.Ave_Beta,RMS,9.418096,4.39463,COMET
206359150015_R04C01,COMET,EPIC,COMET-RMS,206359150015_R04C01.Ave_Beta,RMS,9.036639,4.4251313,COMET
206359150015_R05C01,COMET,EPIC,COMET-RMS,206359150015_R05C01.Ave_Beta,RMS,8.008658,0.4412275,COMET
206359150015_R08C01,COMET,EPIC,COMET-RMS,206359150015_R08C01.Ave_Beta,RMS,7.049755,-0.5120864,COMET
206359150054_R02C01,COMET,EPIC,COMET-RMS,206359150054_R02C01.Ave_Beta,RMS,8.405756,2.4189787,COMET
206359150054_R04C01,COMET,EPIC,COMET-RMS,206359150054_R04C01.Ave_Beta,RMS,6.4855375,3.1172643,COMET
206359150054_R05C01,COMET,EPIC,COMET-RMS,206359150054_R05C01.Ave_Beta,RMS,9.397068,4.151199,COMET
206359150054_R06C01,COMET,EPIC,COMET-RMS,206359150054_R06C01.Ave_Beta,RMS,9.364186,4.5795646,COMET
206359150054_R07C01,COMET,EPIC,COMET-RMS,206359150054_R07C01.Ave_Beta,RMS,8.982427,2.1379917,COMET
206359150054_R08C01,COMET,EPIC,COMET-RMS,206359150054_R08C01.Ave_Beta,RMS,9.064211,2.4963205,COMET
206375080011_R01C01,COMET,EPIC,COMET-RMS,206375080011_R01C01.Ave_Beta,RMS,9.624988,3.2380464,COMET
206375080031_R02C01,COMET,EPIC,COMET-RMS,206375080031_R02C01.Ave_Beta,RMS,8.442113,0.64145947,COMET
206375080031_R03C01,COMET,EPIC,COMET-RMS,206375080031_R03C01.Ave_Beta,RMS,8.598119,2.2891743,COMET
206375080031_R05C01,COMET,EPIC,COMET-RMS,206375080031_R05C01.Ave_Beta,RMS,9.774991,3.379471,COMET
206375080031_R06C01,COMET,EPIC,COMET-RMS,206375080031_R06C01.Ave_Beta,RMS,8.346899,2.7088943,COMET
206375080031_R08C01,COMET,EPIC,COMET-RMS,206375080031_R08C01.Ave_Beta,RMS,7.048326,2.7513509,COMET
206375080042_R01C01,COMET,EPIC,COMET-RMS,206375080042_R01C01.Ave_Beta,RMS,8.324691,0.41882014,COMET
206375080042_R02C01,COMET,EPIC,COMET-RMS,206375080042_R02C01.Ave_Beta,RMS,8.480673,0.8156427,COMET
206375080042_R03C01,COMET,EPIC,COMET-RMS,206375080042_R03C01.Ave_Beta,RMS,9.402172,2.9303472,COMET
206375080042_R06C01,COMET,EPIC,COMET-RMS,206375080042_R06C01.Ave_Beta,RMS,8.682319,2.059529,COMET
206375080044_R01C01,COMET,EPIC,COMET-RMS,206375080044_R01C01.Ave_Beta,RMS,7.9972243,2.4342363,COMET
206375080044_R02C01,COMET,EPIC,COMET-RMS,206375080044_R02C01.Ave_Beta,RMS,9.658394,3.4299881,COMET
206375080044_R06C01,COMET,EPIC,COMET-RMS,206375080044_R06C01.Ave_Beta,RMS,6.9966574,-0.883365,COMET
206375080044_R07C01,COMET,EPIC,COMET-RMS,206375080044_R07C01.Ave_Beta,RMS,9.310651,2.6531985,COMET
206375080053_R01C01,COMET,EPIC,COMET-RMS,206375080053_R01C01.Ave_Beta,RMS,6.3892217,3.2406538,COMET
206375080053_R02C01,COMET,EPIC,COMET-RMS,206375080053_R02C01.Ave_Beta,RMS,9.486452,3.8024523,COMET
206375080053_R03C01,COMET,EPIC,COMET-RMS,206375080053_R03C01.Ave_Beta,RMS,8.52247,1.2945013,COMET
206375080053_R04C01,COMET,EPIC,COMET-RMS,206375080053_R04C01.Ave_Beta,RMS,6.3340125,3.304029,COMET
206375080053_R06C01,COMET,EPIC,COMET-RMS,206375080053_R06C01.Ave_Beta,RMS,8.170829,0.7641333,COMET
206375080053_R07C01,COMET,EPIC,COMET-RMS,206375080053_R07C01.Ave_Beta,RMS,9.094839,4.5428987,COMET
206375080053_R08C01,COMET,EPIC,COMET-RMS,206375080053_R08C01.Ave_Beta,RMS,9.931754,4.14558,COMET
206375080054_R01C01,COMET,EPIC,COMET-RMS,206375080054_R01C01.Ave_Beta,RMS,9.312655,3.2544825,COMET
206375080054_R02C01,COMET,EPIC,COMET-RMS,206375080054_R02C01.Ave_Beta,RMS,9.747913,3.325074,COMET
206375080054_R03C01,COMET,EPIC,COMET-RMS,206375080054_R03C01.Ave_Beta,RMS,9.730528,3.6622367,COMET
206375080054_R04C01,COMET,EPIC,COMET-RMS,206375080054_R04C01.Ave_Beta,RMS,9.481676,4.318791,COMET
206375080054_R05C01,COMET,EPIC,COMET-RMS,206375080054_R05C01.Ave_Beta,RMS,9.109054,4.0316195,COMET
206375080054_R06C01,COMET,EPIC,COMET-RMS,206375080054_R06C01.Ave_Beta,RMS,7.0830426,-0.5825287,COMET
206375080054_R08C01,COMET,EPIC,COMET-RMS,206375080054_R08C01.Ave_Beta,RMS,9.196606,3.5302415,COMET
206375080055_R01C01,COMET,EPIC,COMET-RMS,206375080055_R01C01.Ave_Beta,RMS,9.032803,4.0765147,COMET
206375080055_R02C01,COMET,EPIC,COMET-RMS,206375080055_R02C01.Ave_Beta,RMS,7.7804055,2.1774828,COMET
206375080055_R03C01,COMET,EPIC,COMET-RMS,206375080055_R03C01.Ave_Beta,RMS,8.505869,1.9443704,COMET
206375080055_R04C01,COMET,EPIC,COMET-RMS,206375080055_R04C01.Ave_Beta,RMS,8.831361,2.0177276,COMET
206375080055_R05C01,COMET,EPIC,COMET-RMS,206375080055_R05C01.Ave_Beta,RMS,7.7769303,-0.57052684,COMET
206375080055_R06C01,COMET,EPIC,COMET-RMS,206375080055_R06C01.Ave_Beta,RMS,8.381803,0.600241,COMET
206375080056_R01C01,COMET,EPIC,COMET-RMS,206375080056_R01C01.Ave_Beta,RMS,8.688049,3.40343,COMET
206375080056_R02C01,COMET,EPIC,COMET-RMS,206375080056_R02C01.Ave_Beta,RMS,8.67478,2.3910892,COMET
206375080056_R03C01,COMET,EPIC,COMET-RMS,206375080056_R03C01.Ave_Beta,RMS,9.16439,3.8393602,COMET
206375080056_R05C01,COMET,EPIC,COMET-RMS,206375080056_R05C01.Ave_Beta,RMS,9.264561,2.9046202,COMET
206375080056_R07C01,COMET,EPIC,COMET-RMS,206375080056_R07C01.Ave_Beta,RMS,8.490295,3.684601,COMET
206375080056_R08C01,COMET,EPIC,COMET-RMS,206375080056_R08C01.Ave_Beta,RMS,8.621783,4.157888,COMET
206375080058_R06C01,COMET,EPIC,COMET-RMS,206375080058_R06C01.Ave_Beta,RMS,9.421406,3.8561254,COMET
206375080058_R08C01,COMET,EPIC,COMET-RMS,206375080058_R08C01.Ave_Beta,RMS,7.082254,-0.50707763,COMET
206375080068_R01C01,COMET,EPIC,COMET-RMS,206375080068_R01C01.Ave_Beta,RMS,9.609218,4.2436604,COMET
206375080068_R02C01,COMET,EPIC,COMET-RMS,206375080068_R02C01.Ave_Beta,RMS,9.742123,3.7089758,COMET
206375080068_R03C01,COMET,EPIC,COMET-RMS,206375080068_R03C01.Ave_Beta,RMS,9.459763,3.3652415,COMET
206375080068_R05C01,COMET,EPIC,COMET-RMS,206375080068_R05C01.Ave_Beta,RMS,7.8293242,2.2003944,COMET
206375080068_R06C01,COMET,EPIC,COMET-RMS,206375080068_R06C01.Ave_Beta,RMS,9.499654,4.2947497,COMET
206375080068_R07C01,COMET,EPIC,COMET-RMS,206375080068_R07C01.Ave_Beta,RMS,9.5457325,3.0542128,COMET
206375080068_R08C01,COMET,EPIC,COMET-RMS,206375080068_R08C01.Ave_Beta,RMS,7.3244343,-0.22414488,COMET
206382220117_R02C01,COMET,EPIC,COMET-RMS,206382220117_R02C01.Ave_Beta,RMS,8.309148,0.6350168,COMET
206382220117_R03C01,COMET,EPIC,COMET-RMS,206382220117_R03C01.Ave_Beta,RMS,8.664077,1.905847,COMET
206382220117_R04C01,COMET,EPIC,COMET-RMS,206382220117_R04C01.Ave_Beta,RMS,8.194051,0.27027524,COMET
206382220117_R05C01,COMET,EPIC,COMET-RMS,206382220117_R05C01.Ave_Beta,RMS,9.000351,4.3710265,COMET
206382220117_R06C01,COMET,EPIC,COMET-RMS,206382220117_R06C01.Ave_Beta,RMS,8.849732,3.8088763,COMET
206382220117_R07C01,COMET,EPIC,COMET-RMS,206382220117_R07C01.Ave_Beta,RMS,8.43315,-0.3264249,COMET
206382220117_R08C01,COMET,EPIC,COMET-RMS,206382220117_R08C01.Ave_Beta,RMS,8.914325,3.8007185,COMET
206382220119_R01C01,COMET,EPIC,COMET-RMS,206382220119_R01C01.Ave_Beta,RMS,8.443996,1.9790239,COMET
206382220119_R02C01,COMET,EPIC,COMET-RMS,206382220119_R02C01.Ave_Beta,RMS,8.798362,1.9944171,COMET
206382220119_R04C01,COMET,EPIC,COMET-RMS,206382220119_R04C01.Ave_Beta,RMS,8.82591,2.1889694,COMET
206382220119_R05C01,COMET,EPIC,COMET-RMS,206382220119_R05C01.Ave_Beta,RMS,7.9850593,2.219517,COMET
206382220119_R06C01,COMET,EPIC,COMET-RMS,206382220119_R06C01.Ave_Beta,RMS,8.157952,2.2898006,COMET
206382220119_R07C01,COMET,EPIC,COMET-RMS,206382220119_R07C01.Ave_Beta,RMS,8.805356,2.8631146,COMET
206382220119_R08C01,COMET,EPIC,COMET-RMS,206382220119_R08C01.Ave_Beta,RMS,9.561285,4.0811844,COMET
206382220134_R01C01,COMET,EPIC,COMET-RMS,206382220134_R01C01.Ave_Beta,RMS,7.716884,-0.9197517,COMET
206382220134_R02C01,COMET,EPIC,COMET-RMS,206382220134_R02C01.Ave_Beta,RMS,9.228112,3.4697711,COMET
206382220134_R04C01,COMET,EPIC,COMET-RMS,206382220134_R04C01.Ave_Beta,RMS,8.203773,0.5298178,COMET
206382220134_R06C01,COMET,EPIC,COMET-RMS,206382220134_R06C01.Ave_Beta,RMS,8.017717,2.1540973,COMET
206382220134_R07C01,COMET,EPIC,COMET-RMS,206382220134_R07C01.Ave_Beta,RMS,9.138025,4.631943,COMET
206382220134_R08C01,COMET,EPIC,COMET-RMS,206382220134_R08C01.Ave_Beta,RMS,9.486153,3.8402672,COMET
206382220178_R01C01,COMET,EPIC,COMET-RMS,206382220178_R01C01.Ave_Beta,RMS,8.33162,0.7539626,COMET
206382220178_R02C01,COMET,EPIC,COMET-RMS,206382220178_R02C01.Ave_Beta,RMS,8.775381,4.0718436,COMET
206382220178_R03C01,COMET,EPIC,COMET-RMS,206382220178_R03C01.Ave_Beta,RMS,9.853698,4.270766,COMET
206382220178_R05C01,COMET,EPIC,COMET-RMS,206382220178_R05C01.Ave_Beta,RMS,7.202971,2.6544206,COMET
206382220178_R06C01,COMET,EPIC,COMET-RMS,206382220178_R06C01.Ave_Beta,RMS,6.4108086,3.2230186,COMET
206382220178_R07C01,COMET,EPIC,COMET-RMS,206382220178_R07C01.Ave_Beta,RMS,7.3014812,-0.7469497,COMET
206375080058_R02C01,COMET,EPIC,COMET-RMS,206375080058_R02C01.Ave_Beta,RMS,6.482789,3.121652,COMET
205062740141_R03C01,COMET,EPIC,COMET-RMS,205062740141_R03C01.Ave_Beta,RMS,9.372475,2.5500953,COMET
205089030079_R02C01,COMET,EPIC,COMET-RMS,205089030079_R02C01.Ave_Beta,RMS,7.026626,-0.68519276,COMET
205125590054_R03C01,COMET,EPIC,COMET-RMS,205125590054_R03C01.Ave_Beta,RMS,9.061273,2.4034975,COMET
205772280127_R07C01,COMET,EPIC,COMET-RMS,205772280127_R07C01.Ave_Beta,RMS,10.16999,4.180655,COMET
206103060004_R01C01,COMET,EPIC,COMET-RMS,206103060004_R01C01.Ave_Beta,RMS,8.2498455,2.1684396,COMET
206103060040_R04C01,COMET,EPIC,COMET-RMS,206103060040_R04C01.Ave_Beta,RMS,9.226022,3.3491905,COMET
206154070147_R02C01,COMET,EPIC,COMET-RMS,206154070147_R02C01.Ave_Beta,RMS,7.641423,0.4644079,COMET
206154070147_R04C01,COMET,EPIC,COMET-RMS,206154070147_R04C01.Ave_Beta,RMS,8.416156,-0.38027605,COMET
206154070063_R02C01,COMET,EPIC,COMET-RMS,206154070063_R02C01.Ave_Beta,RMS,9.326414,2.7677243,COMET
206154070063_R03C01,COMET,EPIC,COMET-RMS,206154070063_R03C01.Ave_Beta,RMS,8.190458,-0.7258337,COMET
206154070063_R04C01,COMET,EPIC,COMET-RMS,206154070063_R04C01.Ave_Beta,RMS,9.199679,3.862809,COMET
206154070063_R07C01,COMET,EPIC,COMET-RMS,206154070063_R07C01.Ave_Beta,RMS,8.371804,1.9903882,COMET
206154070111_R05C01,COMET,EPIC,COMET-RMS,206154070111_R05C01.Ave_Beta,RMS,9.780213,3.7413292,COMET
206154070111_R07C01,COMET,EPIC,COMET-RMS,206154070111_R07C01.Ave_Beta,RMS,7.5163655,0.07479885,COMET
206250280175_R02C01,COMET,EPIC,COMET-RMS,206250280175_R02C01.Ave_Beta,RMS,7.842565,2.118901,COMET
206430120146_R07C01,COMET,EPIC,COMET-RMS,206430120146_R07C01.Ave_Beta,RMS,8.616696,4.110782,COMET
206430120147_R03C01,COMET,EPIC,COMET-RMS,206430120147_R03C01.Ave_Beta,RMS,7.541288,-0.555448,COMET
206154070146_R06C01,COMET,EPIC,COMET-RMS,206154070146_R06C01.Ave_Beta,RMS,9.33777,2.7363474,COMET
206154070147_R06C01,COMET,EPIC,COMET-RMS,206154070147_R06C01.Ave_Beta,RMS,9.528397,2.7057996,COMET
206154070111_R06C01,COMET,EPIC,COMET-RMS,206154070111_R06C01.Ave_Beta,RMS,7.623005,-0.68082505,COMET
206250280175_R03C01,COMET,EPIC,COMET-RMS,206250280175_R03C01.Ave_Beta,RMS,8.192989,-0.70377487,COMET
206154070147_R05C01,COMET,EPIC,COMET-RMS,206154070147_R05C01.Ave_Beta,RMS,10.071737,3.3842826,COMET
206154070146_R07C01,COMET,EPIC,COMET-RMS,206154070146_R07C01.Ave_Beta,RMS,9.545135,3.789867,COMET
206113360104_R07C01,COMET,EPIC,COMET-RMS,206113360104_R07C01.Ave_Beta,RMS,7.8345623,2.3783283,COMET
205138640043_R07C01,COMET,EPIC,COMET-RMS,205138640043_R07C01.Ave_Beta,RMS,8.100628,0.51315725,COMET
205772280127_R08C01,COMET,EPIC,COMET-RMS,205772280127_R08C01.Ave_Beta,RMS,7.7995486,-0.96132314,COMET
205852220069_R04C01,COMET,EPIC,COMET-RMS,205852220069_R04C01.Ave_Beta,RMS,8.846187,4.181719,COMET
206430120104_R02C01,COMET,EPIC,COMET-RMS,206430120104_R02C01.Ave_Beta,RMS,9.456735,4.482759,COMET
206103060004_R03C01,COMET,EPIC,COMET-RMS,206103060004_R03C01.Ave_Beta,RMS,9.522503,3.7793686,COMET
205852220042_R05C01,COMET,EPIC,COMET-RMS,205852220042_R05C01.Ave_Beta,RMS,9.584254,3.7172987,COMET
206154070072_R06C01,COMET,EPIC,COMET-RMS,206154070072_R06C01.Ave_Beta,RMS,9.542934,3.6655989,COMET
206535560014_R01C01,COMET,EPIC,COMET-RMS,206535560014_R01C01.Ave_Beta,RMS,9.395626,3.3006964,COMET
206535560014_R03C01,COMET,EPIC,COMET-RMS,206535560014_R03C01.Ave_Beta,RMS,10.145072,4.2202544,COMET
206535560014_R04C01,COMET,EPIC,COMET-RMS,206535560014_R04C01.Ave_Beta,RMS,10.254262,3.6976194,COMET
206535560014_R05C01,COMET,EPIC,COMET-RMS,206535560014_R05C01.Ave_Beta,RMS,9.6460285,4.558528,COMET
206535560014_R06C01,COMET,EPIC,COMET-RMS,206535560014_R06C01.Ave_Beta,RMS,8.783568,3.7590146,COMET
206535560014_R07C01,COMET,EPIC,COMET-RMS,206535560014_R07C01.Ave_Beta,RMS,8.167766,-0.7570816,COMET
206535560014_R08C01,COMET,EPIC,COMET-RMS,206535560014_R08C01.Ave_Beta,RMS,7.319987,-0.37762094,COMET
206535560031_R01C01,COMET,EPIC,COMET-RMS,206535560031_R01C01.Ave_Beta,RMS,8.583151,3.6259446,COMET
206535560031_R02C01,COMET,EPIC,COMET-RMS,206535560031_R02C01.Ave_Beta,RMS,9.624997,3.1803713,COMET
206535560031_R03C01,COMET,EPIC,COMET-RMS,206535560031_R03C01.Ave_Beta,RMS,9.989674,4.061414,COMET
206535560031_R04C01,COMET,EPIC,COMET-RMS,206535560031_R04C01.Ave_Beta,RMS,10.177101,3.491194,COMET
206535560031_R05C01,COMET,EPIC,COMET-RMS,206535560031_R05C01.Ave_Beta,RMS,7.548675,0.032314736,COMET
206535560031_R06C01,COMET,EPIC,COMET-RMS,206535560031_R06C01.Ave_Beta,RMS,7.5981307,-0.079486825,COMET
206535560031_R07C01,COMET,EPIC,COMET-RMS,206535560031_R07C01.Ave_Beta,RMS,8.854627,3.5211763,COMET
206535560031_R08C01,COMET,EPIC,COMET-RMS,206535560031_R08C01.Ave_Beta,RMS,9.441841,4.482073,COMET
206535560043_R01C01,COMET,EPIC,COMET-RMS,206535560043_R01C01.Ave_Beta,RMS,9.581767,3.3971696,COMET
206535560043_R02C01,COMET,EPIC,COMET-RMS,206535560043_R02C01.Ave_Beta,RMS,8.681151,2.4536173,COMET
206535560043_R03C01,COMET,EPIC,COMET-RMS,206535560043_R03C01.Ave_Beta,RMS,9.716058,3.5310664,COMET
206535560043_R05C01,COMET,EPIC,COMET-RMS,206535560043_R05C01.Ave_Beta,RMS,9.30979,4.3122153,COMET
206535560048_R02C01,COMET,EPIC,COMET-RMS,206535560048_R02C01.Ave_Beta,RMS,7.8376203,-0.7303342,COMET
206535560048_R03C01,COMET,EPIC,COMET-RMS,206535560048_R03C01.Ave_Beta,RMS,7.493437,-0.77941656,COMET
206535560048_R04C01,COMET,EPIC,COMET-RMS,206535560048_R04C01.Ave_Beta,RMS,8.328166,0.38604018,COMET
206535560048_R05C01,COMET,EPIC,COMET-RMS,206535560048_R05C01.Ave_Beta,RMS,8.557594,2.3220408,COMET
206535560048_R06C01,COMET,EPIC,COMET-RMS,206535560048_R06C01.Ave_Beta,RMS,8.458611,3.5712965,COMET
206535560048_R07C01,COMET,EPIC,COMET-RMS,206535560048_R07C01.Ave_Beta,RMS,7.407343,-0.6184129,COMET
206535560048_R08C01,COMET,EPIC,COMET-RMS,206535560048_R08C01.Ave_Beta,RMS,6.413419,3.2832932,COMET
206537460067_R01C01,COMET,EPIC,COMET-RMS,206537460067_R01C01.Ave_Beta,RMS,10.172399,3.6529293,COMET
206537460067_R02C01,COMET,EPIC,COMET-RMS,206537460067_R02C01.Ave_Beta,RMS,8.537991,3.942074,COMET
206537460067_R03C01,COMET,EPIC,COMET-RMS,206537460067_R03C01.Ave_Beta,RMS,8.29642,0.34896576,COMET
206537460067_R05C01,COMET,EPIC,COMET-RMS,206537460067_R05C01.Ave_Beta,RMS,8.6798725,4.224079,COMET
206537460067_R06C01,COMET,EPIC,COMET-RMS,206537460067_R06C01.Ave_Beta,RMS,8.357446,-0.18965693,COMET
206537460067_R07C01,COMET,EPIC,COMET-RMS,206537460067_R07C01.Ave_Beta,RMS,7.618052,-0.9212744,COMET
206537460067_R08C01,COMET,EPIC,COMET-RMS,206537460067_R08C01.Ave_Beta,RMS,6.5161996,3.0805676,COMET
206537460070_R01C01,COMET,EPIC,COMET-RMS,206537460070_R01C01.Ave_Beta,RMS,9.394703,4.236068,COMET
206537460070_R02C01,COMET,EPIC,COMET-RMS,206537460070_R02C01.Ave_Beta,RMS,8.501148,0.7288502,COMET
206537460070_R03C01,COMET,EPIC,COMET-RMS,206537460070_R03C01.Ave_Beta,RMS,7.9422774,-0.8569162,COMET
206537460070_R04C01,COMET,EPIC,COMET-RMS,206537460070_R04C01.Ave_Beta,RMS,8.049676,-0.12055134,COMET
206537460070_R06C01,COMET,EPIC,COMET-RMS,206537460070_R06C01.Ave_Beta,RMS,8.604319,3.808895,COMET
206537460070_R07C01,COMET,EPIC,COMET-RMS,206537460070_R07C01.Ave_Beta,RMS,7.721077,2.2238991,COMET
206537460070_R08C01,COMET,EPIC,COMET-RMS,206537460070_R08C01.Ave_Beta,RMS,8.286728,-0.53269416,COMET
206537460080_R01C01,COMET,EPIC,COMET-RMS,206537460080_R01C01.Ave_Beta,RMS,8.267434,2.6812875,COMET
206537460080_R02C01,COMET,EPIC,COMET-RMS,206537460080_R02C01.Ave_Beta,RMS,7.700814,-0.21510214,COMET
206537460080_R03C01,COMET,EPIC,COMET-RMS,206537460080_R03C01.Ave_Beta,RMS,9.036625,4.5320654,COMET
206537460080_R04C01,COMET,EPIC,COMET-RMS,206537460080_R04C01.Ave_Beta,RMS,7.8082156,2.2364383,COMET
206537460080_R05C01,COMET,EPIC,COMET-RMS,206537460080_R05C01.Ave_Beta,RMS,8.328031,2.8314893,COMET
206537460080_R06C01,COMET,EPIC,COMET-RMS,206537460080_R06C01.Ave_Beta,RMS,9.1771345,3.427638,COMET
206537460080_R07C01,COMET,EPIC,COMET-RMS,206537460080_R07C01.Ave_Beta,RMS,8.222434,0.018902209,COMET
206537460080_R08C01,COMET,EPIC,COMET-RMS,206537460080_R08C01.Ave_Beta,RMS,8.781442,3.1187813,COMET
206537460083_R01C01,COMET,EPIC,COMET-RMS,206537460083_R01C01.Ave_Beta,RMS,8.525754,3.5046756,COMET
206537460083_R02C01,COMET,EPIC,COMET-RMS,206537460083_R02C01.Ave_Beta,RMS,7.7226896,1.1264378,COMET
206537460083_R03C01,COMET,EPIC,COMET-RMS,206537460083_R03C01.Ave_Beta,RMS,9.082955,2.7428823,COMET
206537460083_R04C01,COMET,EPIC,COMET-RMS,206537460083_R04C01.Ave_Beta,RMS,8.487461,3.736938,COMET
206537460083_R05C01,COMET,EPIC,COMET-RMS,206537460083_R05C01.Ave_Beta,RMS,8.765411,2.0280669,COMET
206537460084_R02C01,COMET,EPIC,COMET-RMS,206537460084_R02C01.Ave_Beta,RMS,8.068111,0.18183817,COMET
206537460084_R04C01,COMET,EPIC,COMET-RMS,206537460084_R04C01.Ave_Beta,RMS,8.843389,3.0229704,COMET
206537460084_R06C01,COMET,EPIC,COMET-RMS,206537460084_R06C01.Ave_Beta,RMS,8.032123,2.2907805,COMET
206537460084_R07C01,COMET,EPIC,COMET-RMS,206537460084_R07C01.Ave_Beta,RMS,-6.5074844,3.2862344,COMET
206537460084_R08C01,COMET,EPIC,COMET-RMS,206537460084_R08C01.Ave_Beta,RMS,8.477149,2.0143037,COMET
206537460085_R02C01,COMET,EPIC,COMET-RMS,206537460085_R02C01.Ave_Beta,RMS,8.87093,2.979406,COMET
206537460085_R03C01,COMET,EPIC,COMET-RMS,206537460085_R03C01.Ave_Beta,RMS,8.49542,2.0177965,COMET
206537460085_R07C01,COMET,EPIC,COMET-RMS,206537460085_R07C01.Ave_Beta,RMS,8.206895,0.21749109,COMET
206537460085_R08C01,COMET,EPIC,COMET-RMS,206537460085_R08C01.Ave_Beta,RMS,7.9081144,2.297726,COMET
206537460099_R01C01,COMET,EPIC,COMET-RMS,206537460099_R01C01.Ave_Beta,RMS,9.785716,3.0634701,COMET
206537460099_R02C01,COMET,EPIC,COMET-RMS,206537460099_R02C01.Ave_Beta,RMS,7.3473315,-0.010721196,COMET
206537460099_R03C01,COMET,EPIC,COMET-RMS,206537460099_R03C01.Ave_Beta,RMS,7.8899655,1.4096986,COMET
206537460099_R04C01,COMET,EPIC,COMET-RMS,206537460099_R04C01.Ave_Beta,RMS,8.478041,-0.45613974,COMET
206537460099_R05C01,COMET,EPIC,COMET-RMS,206537460099_R05C01.Ave_Beta,RMS,9.2306795,2.4341226,COMET
206537460099_R06C01,COMET,EPIC,COMET-RMS,206537460099_R06C01.Ave_Beta,RMS,7.8363986,0.3583007,COMET
206535560073_R01C01,COMET,EPIC,COMET-RMS,206535560073_R01C01.Ave_Beta,RMS,9.248709,3.3255157,COMET
206535560073_R02C01,COMET,EPIC,COMET-RMS,206535560073_R02C01.Ave_Beta,RMS,8.369793,2.2675622,COMET
206535560073_R03C01,COMET,EPIC,COMET-RMS,206535560073_R03C01.Ave_Beta,RMS,9.012653,2.7965932,COMET
206535560073_R04C01,COMET,EPIC,COMET-RMS,206535560073_R04C01.Ave_Beta,RMS,10.033499,4.095966,COMET
206535560073_R05C01,COMET,EPIC,COMET-RMS,206535560073_R05C01.Ave_Beta,RMS,7.165304,-0.7962222,COMET
206535560073_R06C01,COMET,EPIC,COMET-RMS,206535560073_R06C01.Ave_Beta,RMS,7.2709517,-0.15459561,COMET
206535560073_R07C01,COMET,EPIC,COMET-RMS,206535560073_R07C01.Ave_Beta,RMS,9.836275,3.8540123,COMET
206535560073_R08C01,COMET,EPIC,COMET-RMS,206535560073_R08C01.Ave_Beta,RMS,9.057844,2.2939062,COMET
206544450100_R01C01,COMET,EPIC,COMET-RMS,206544450100_R01C01.Ave_Beta,RMS,8.530595,4.0740805,COMET
206544450100_R02C01,COMET,EPIC,COMET-RMS,206544450100_R02C01.Ave_Beta,RMS,10.181164,4.162844,COMET
206544450100_R03C01,COMET,EPIC,COMET-RMS,206544450100_R03C01.Ave_Beta,RMS,7.5775146,-0.6108421,COMET
206544450100_R04C01,COMET,EPIC,COMET-RMS,206544450100_R04C01.Ave_Beta,RMS,8.211944,2.8720715,COMET
206544450100_R05C01,COMET,EPIC,COMET-RMS,206544450100_R05C01.Ave_Beta,RMS,7.71836,-0.9616715,COMET
206544450100_R06C01,COMET,EPIC,COMET-RMS,206544450100_R06C01.Ave_Beta,RMS,9.006988,4.335001,COMET
