cpg_id	beta_variance	n_observed
cg15876513	0.2426399906497465	418
cg25675027	0.24212748559148323	418
cg03888765	0.24190688899730545	418
cg01923549	0.24190561470940722	418
cg03015899	0.24182582396245852	418
cg27611584	0.24172153879725466	418
cg23245800	0.2417167406844995	418
cg21188017	0.2414288316310576	418
cg27452185	0.2411750490617629	418
cg19436016	0.24100729253164588	418
cg20348895	0.24098386056860918	418
cg15790839	0.24081459327909707	418
cg03576123	0.2407876257838403	418
cg06846819	0.2407714894321919	418
cg10925417	0.24064162440243475	418
cg20024953	0.2406332098803252	418
cg16353608	0.24062771422264737	418
cg19601293	0.24057057980839033	418
cg07569018	0.24036738325552987	418
cg18005972	0.24035504799151305	418
cg00650088	0.2403399353461352	418
cg13978767	0.24032553051264194	418
cg05289873	0.24029050739508953	418
cg06900650	0.24026195631652125	418
cg07204739	0.2402350797571216	418
cg05770241	0.24009970565124528	418
cg19640789	0.24009481658560017	418
cg17086759	0.24009327088489807	418
cg15986238	0.2399883975789185	418
cg18831841	0.23995977054062223	418
cg15780870	0.23995789937127307	418
cg16381253	0.23993791812211354	418
cg00872414	0.2399329922590767	418
cg13662851	0.23990374550489285	418
cg05138918	0.23989653209421832	418
cg11910105	0.239821465528204	418
cg11055242	0.23980989428551036	418
cg23884159	0.23972729436499907	418
cg17129028	0.2397238797479146	418
cg03973866	0.23965412111052042	418
cg26769118	0.23964947230624992	418
cg10503298	0.23964372906309078	418
cg17524867	0.23962731803203854	418
cg22694548	0.23961913737732787	418
cg14839905	0.2395529171117703	418
cg02969343	0.23954915976894303	418
cg14586363	0.2394748961750047	418
cg19251573	0.2394514318030903	418
cg10666224	0.23944810600148805	418
cg02414650	0.23943641550367933	418
cg25837207	0.23942987940244873	418
cg16047223	0.23936980209370942	418
cg13455067	0.23936317750648917	418
cg23674904	0.23935272945953553	418
cg05684569	0.23934497164468044	418
cg01305596	0.23932516279328925	418
cg12577695	0.2393138244035914	418
cg16176929	0.2392863073679481	418
cg21433332	0.23928153154117257	418
cg23237976	0.23927432936896073	418
cg26751440	0.2392646698777834	418
cg02787560	0.23925403874635684	418
cg04045327	0.2391986052792246	418
cg17602885	0.23918620718193417	418
cg03620623	0.23918286595715207	418
cg15013257	0.239176959084222	418
cg23349227	0.23916970024376008	418
cg11214430	0.2391661035526938	418
cg19531507	0.23915572613631567	418
cg01724941	0.2391542839642046	418
cg24391931	0.23914758096486197	418
cg19552441	0.239137054847867	418
cg18099632	0.23912112916886824	418
cg08561895	0.23911044544294235	418
cg04296903	0.239098616485058	418
cg05166248	0.23908723400256718	418
cg22795216	0.23908563096136842	418
cg14418275	0.23900280447426342	418
cg05035248	0.23894611124160786	418
cg25551362	0.2389410708699464	418
cg03373490	0.23894024250124932	418
cg20202563	0.2389122841969195	418
cg27417659	0.23886839416055253	418
cg10297430	0.23886234212005933	418
cg00907473	0.23885934950640425	418
cg10632969	0.23885825686062584	418
cg06383648	0.23882591253373558	418
cg23834688	0.23877597596528458	418
cg11972327	0.23875874135879213	418
cg27197524	0.23875546107008958	418
cg05474707	0.23874192519911158	418
cg20679271	0.23873212531250051	418
cg02264195	0.2387172552210145	418
cg08851851	0.2387005862184312	418
cg20741134	0.2386959937742815	418
cg27485530	0.23869565782656438	418
cg27561293	0.2386690676429671	418
cg23500559	0.23864962522823066	418
cg27624702	0.23864808720750072	418
cg23586121	0.23864637705280117	418
cg27598661	0.23864510714779505	418
cg08330572	0.23863516717695146	418
cg22057899	0.2386191297856711	418
cg19976997	0.23861200200105964	418
cg03549024	0.23861158149008307	418
cg26301689	0.23860666520648494	418
cg11817453	0.238598792076667	418
cg25124228	0.23858715831379754	418
cg03760035	0.23857122816105783	418
cg22770088	0.23856736918537616	418
cg13579661	0.2385574595474565	418
cg07729303	0.2385210667026336	418
cg06674436	0.23851991596527186	418
cg02667487	0.23850623166546722	418
cg06947205	0.23848621940320477	418
cg16757605	0.23848553874397838	418
cg08497649	0.23847791102538163	418
cg17561243	0.23847555299165055	418
cg11473189	0.2384583876316186	418
cg07387931	0.23844142974173685	418
cg23645931	0.23843608948328376	418
cg16706374	0.2384318320488883	418
cg16752925	0.2384150610859198	418
cg16186873	0.23840037021346	418
cg00413870	0.23836898922568128	418
cg24534173	0.23836725739796394	418
cg15862271	0.23835648585482216	418
cg18592294	0.2383434528224866	418
cg24965497	0.23834267905931636	418
cg07747923	0.2383394458541742	418
cg00426425	0.23832481179173062	418
cg13359749	0.2383211946408968	418
cg20973421	0.2383184603046098	418
cg10288921	0.2383010718197595	418
cg25411327	0.2383002539342436	418
cg23080013	0.23828995055703825	418
cg01296694	0.23828478747620824	418
cg11363615	0.2382846707327895	418
cg21236379	0.2382813042863144	418
cg21836418	0.238271592961847	418
cg06540149	0.23826611313927387	418
cg26878675	0.23824967593687713	418
cg11709150	0.23821604545774255	418
cg03159563	0.23821168068188553	418
cg20517764	0.2381786752114809	418
cg12208381	0.2381786544422877	418
cg01288350	0.23816907756166794	418
cg09304136	0.23816853231956575	418
cg09138524	0.2381658610963906	418
cg14262490	0.23812743318920288	418
cg23630758	0.23811251800499236	418
cg01036050	0.23808098643177597	418
cg19523618	0.23808005365362292	418
cg06933816	0.23806664279508358	418
cg24524522	0.23805720491263505	418
cg25216538	0.23803332348250553	418
cg10555010	0.238032137050663	418
cg03872804	0.2380292837286236	418
cg20664996	0.23800622586832504	418
cg13959595	0.238005769479134	418
cg19296153	0.23799302785657506	418
cg01449704	0.23797425901525285	418
cg12413602	0.23792362681283896	418
cg09520857	0.23792071379644747	418
cg00145838	0.23791246897224386	418
cg01547142	0.23791229581601223	418
cg20745568	0.23789777037851442	418
cg02190678	0.23788223023906188	418
cg22705204	0.23787953245059443	418
cg11515873	0.23787315629615519	418
cg05597850	0.23786346146546702	418
cg09174502	0.2378581223881136	418
cg00340847	0.2378369240984175	418
cg18024037	0.2378314861905456	418
cg16156434	0.2378306898583003	418
cg24523322	0.23782235022443962	418
cg03633073	0.23782160472301028	418
cg01136335	0.23781224365116535	418
cg03754582	0.23780791328219777	418
cg18496502	0.2378073333818879	418
cg13857689	0.23780012748122903	418
cg17341326	0.23779985911779958	418
cg10802543	0.23779530023984516	418
cg14522847	0.23779180363816713	418
cg21524424	0.23778522345266143	418
cg20255817	0.23777987788472155	418
cg06293719	0.23775727720440668	418
cg14419393	0.2377405605945274	418
cg23702321	0.23774031894372888	418
cg09902913	0.23774000602766965	418
cg00387107	0.23773556451735062	418
cg07591937	0.23771380437806203	418
cg11026874	0.23770946425960707	418
cg19275838	0.2377030926481558	418
cg22830844	0.23769930946510787	418
cg13458561	0.23769303463343275	418
cg14563129	0.2376824648788155	418
cg15670680	0.23768042136124304	418
cg00389036	0.23767210528024224	418
cg26675182	0.23766939581180466	418
cg05972308	0.23766035527301851	418
cg10496614	0.23765768192505965	418
cg01382281	0.23765560982957748	418
cg06937504	0.23763335404265057	418
cg01191815	0.23763146983493788	418
cg17563032	0.23763052785410008	418
cg09414987	0.23762966374341396	418
cg13889221	0.23762819265220783	418
cg05059458	0.23762731888919908	418
cg06817736	0.23762246375147236	418
cg01263854	0.23762085481178394	418
cg05926918	0.23761388859509663	418
cg26963044	0.2376072483074877	418
cg13274775	0.2376029743044962	418
cg17676806	0.23760192711715367	418
cg04735123	0.2375961097464918	418
cg08331344	0.23758226535857022	418
cg13705616	0.23757516487554367	418
cg07281948	0.23756866984077926	418
cg22867117	0.23755622078500813	418
cg21333208	0.23754846897528437	418
cg14949065	0.2375422663366868	418
cg02793262	0.23753785138227013	418
cg20768313	0.23751133241404457	418
cg18753341	0.23751129425639664	418
cg25834632	0.2375041773355203	418
cg16426149	0.23750412140859153	418
cg06560300	0.23750285943347582	418
cg16537589	0.23749406838225018	418
cg18538675	0.23748737632559738	418
cg15257681	0.23746934277841292	418
cg04262392	0.23746926769831891	418
cg07957471	0.2374686654038445	418
cg18205081	0.2374644382534867	418
cg03887092	0.23746427764068187	418
cg06857516	0.23746061748847042	418
cg08106487	0.23745925028816	418
cg09787554	0.2374587841635596	418
cg26861219	0.23745182356343789	418
cg02087101	0.237449310262079	418
cg10043593	0.23744710698758642	418
cg23301539	0.23742502663674672	418
cg11761615	0.23741317672663667	418
cg14684375	0.23741011977408324	418
cg26037170	0.23738055513046988	418
cg06285312	0.23737986218960686	418
cg12203543	0.2373752512971634	418
cg17927889	0.23737308742708435	418
cg04176585	0.23737156423926573	418
cg06571993	0.23736414104830528	418
cg11424017	0.23736051300075733	418
cg25270422	0.23736020866370253	418
cg23069877	0.237359828973124	418
cg03395651	0.23735466878556438	418
cg09943550	0.23733241379978207	418
cg20132862	0.2373208737273497	418
cg01385415	0.23732072998353676	418
cg16656196	0.23731532749221054	418
cg10105259	0.23730460867233016	418
cg04131456	0.23730316806761567	418
cg11686901	0.2372949939769411	418
cg11140305	0.23728777170821005	418
cg14790739	0.23727269026098458	418
cg14977059	0.23726046015293345	418
cg00990635	0.2372523356215826	418
cg01402832	0.2372514862679418	418
cg20382344	0.23722281768965855	418
cg02426307	0.2372168209325868	418
cg07444005	0.23721502598931643	418
cg09691093	0.23720914923915953	418
cg20961939	0.23720325113979399	418
cg08214990	0.23720298123894823	418
cg17339956	0.23719113602283542	418
cg20737072	0.2371838730984585	418
cg09002677	0.23717981905790644	418
cg00633933	0.2371776473245824	418
cg09201525	0.23716865435122045	418
cg17984641	0.23716645364322764	418
cg20108119	0.2371566739002923	418
cg16553338	0.2371558408584556	418
cg02675260	0.23714066009124932	418
cg06233745	0.23713497704282796	418
cg23138608	0.237132937379805	418
cg03935709	0.23712539356660273	418
cg04645063	0.23711954183783723	418
cg23874145	0.23711861321373556	418
cg01083711	0.23711415427320587	418
cg02520729	0.23710347864169426	418
cg19924719	0.23709870841662994	418
cg27393769	0.23709077829128603	418
cg25623174	0.2370902245610586	418
cg08940097	0.23708774275571176	418
cg07738938	0.23708689814123102	418
cg21928783	0.23708620667800845	418
cg12026479	0.2370776819677163	418
cg05297692	0.23706546013170127	418
cg10444528	0.23704479443637805	418
cg15385479	0.23704273075596702	418
cg23546207	0.2370416933749874	418
cg14075645	0.2370391321011732	418
cg08626605	0.23703661972412493	418
cg21581283	0.23702912972289153	418
cg00034650	0.23700847376314213	418
cg16124920	0.23699637080721533	418
cg26016241	0.23698955037232367	418
cg22466812	0.23698915362175946	418
cg11120115	0.2369737668225507	418
cg11762838	0.23697298805931086	418
cg14339867	0.23696581950449713	418
cg01367666	0.23696025006908644	418
cg21097698	0.23695786541746075	418
cg10464529	0.2369578203715518	418
cg13766489	0.23693700680035906	418
cg01606538	0.23692870217623252	418
cg02515033	0.23692159730367907	418
cg24868883	0.23690668618254018	418
cg05209525	0.23690385912114878	418
cg02513392	0.23690276777754884	418
cg14116388	0.23689810250817164	418
cg03093076	0.23689699467983538	418
cg24928433	0.23689495029554924	418
cg10443500	0.23689230435150146	418
cg22352169	0.2368921167392018	418
cg07138878	0.23689112376198387	418
cg04832268	0.23689054456171973	418
cg01099045	0.2368825521149972	418
cg06013127	0.2368684327676649	418
cg03200095	0.2368632539309361	418
cg13902069	0.23686201408444033	418
cg25404678	0.23686185371497556	418
cg13545089	0.23685841233189125	418
cg23520889	0.23684974092160724	418
cg01586072	0.23684810978318138	418
cg04423627	0.23684724172169877	418
cg00405060	0.2368471380082063	418
cg09187098	0.23684643664979418	418
cg16397342	0.23684300586882878	418
cg13686648	0.23682644713094086	418
cg14599857	0.23682187646525626	418
cg10851587	0.2368161157924436	418
cg24153754	0.2368115707017245	418
cg11645098	0.2368094847533401	418
cg04826882	0.2368011221493407	418
cg23423230	0.23678989605054515	418
cg27462820	0.2367874196500146	418
cg11834106	0.23678723816302197	418
cg06743060	0.23678071426711667	418
cg24684816	0.23678024262778632	418
cg13494126	0.23677817474953589	418
cg09169456	0.23677660075127557	418
cg08755156	0.2367665969975067	418
cg02384543	0.23676283693505484	418
cg00356769	0.23675520024260885	418
cg25597140	0.23675258848024783	418
cg00136279	0.2367384546746564	418
cg17546196	0.2367359006754152	418
cg05470468	0.23673552039142756	418
cg00160002	0.23673522103491207	418
cg03790189	0.2367308940751316	418
cg12006733	0.2367283929644997	418
cg10280383	0.23672483211726342	418
cg27297626	0.23670892286409434	418
cg09510128	0.23670733045885833	418
cg14398860	0.23670630080615399	418
cg21509721	0.23670497172639565	418
cg15546282	0.23670412721581832	418
cg04806553	0.23669636705078712	418
cg19946956	0.23669632084922088	418
cg26116980	0.23669234972640785	418
cg22386389	0.2366900916575805	418
cg05523267	0.23668942148733346	418
cg14594859	0.23668070344756711	418
cg19857840	0.23667888458480993	418
cg00946507	0.23667727654355708	418
cg22342925	0.23667387862013492	418
cg14068146	0.23667056430664815	418
cg00150989	0.2366667347992072	418
cg00831672	0.23666223147006243	418
cg17873998	0.23665647849384897	418
cg06870618	0.2366516420215566	418
cg26666703	0.2366419285602549	418
cg18423918	0.23663528456256788	418
cg08717488	0.23662793522567813	418
cg01416906	0.2366251676918577	418
cg20930294	0.23661593487584243	418
cg18951862	0.23661191153901984	418
cg23091699	0.2366116190507713	418
cg16798694	0.23660743673253667	418
cg19364929	0.23659990033686332	418
cg23702945	0.2365940411263879	418
cg14560339	0.23658654098004434	418
cg16760008	0.23658508540809597	418
cg08802770	0.2365778412512989	418
cg21229297	0.2365754363325558	418
cg04643653	0.23657466537533267	418
cg19005991	0.236573327252286	418
cg06884679	0.23656383866532504	418
cg00179532	0.23655744646831364	418
cg26709693	0.23655475874335125	418
cg18505593	0.2365534625101684	418
cg13742952	0.23654780205355683	418
cg00381974	0.23654645788666942	418
cg04990989	0.23654528810273495	418
cg27304144	0.2365443033121963	418
cg01553230	0.23653651732330774	418
cg17744774	0.23653483232331657	418
cg12474748	0.2365326237389209	418
cg03465880	0.23653201604521307	418
cg20532558	0.23653117401684226	418
cg20699463	0.236524824514423	418
cg19843760	0.23652126244338048	418
cg02752958	0.236520411752151	418
cg15369608	0.2365134995891377	418
cg20168823	0.23651143775921124	418
cg15969606	0.2365044757589749	418
cg11180083	0.2364981202625081	418
cg04337959	0.23649576556636878	418
cg08642538	0.2364925613884179	418
cg02796278	0.23649026125120634	418
cg08519949	0.23648287538994894	418
cg05337258	0.23647858935024904	418
cg23419170	0.23647243746817365	418
cg01969834	0.23646843313115576	418
cg09541794	0.23646232097042244	418
cg00274365	0.23645412684992012	418
cg25465606	0.2364503115913379	418
cg09970680	0.2364495431646683	418
cg10782633	0.23644605889863138	418
cg11358549	0.23644556691249186	418
cg06480238	0.23643686493428445	418
cg01473128	0.23642056433431546	418
cg13351114	0.2364192087147157	418
cg03484612	0.23641852050287818	418
cg01353515	0.23639607426064185	418
cg15705062	0.23638505095694884	418
cg03522766	0.23638441838605867	418
cg22092111	0.23638217492646513	418
cg20311251	0.2363786102263656	418
cg01718733	0.23636885752053968	418
cg23253914	0.2363662550255205	418
cg05540617	0.2363552936329839	418
cg05992875	0.2363535168129992	418
cg02403239	0.2363520557652062	418
cg09781304	0.23634832328601596	418
cg06785624	0.23634737681407472	418
cg21627187	0.23634367139419543	418
cg02250241	0.2363360498655326	418
cg12342520	0.236330493555698	418
cg15421701	0.2363302495733858	418
cg05154507	0.23632310990378605	418
cg12423338	0.23632294846148957	418
cg24304658	0.23632062401526358	418
cg05087659	0.23630673904029192	418
cg14082737	0.23630172718510103	418
cg21075237	0.23630028718317328	418
cg17211612	0.2362962208306798	418
cg05129568	0.23629583607644233	418
cg12829687	0.23628903056791806	418
cg21367580	0.2362755607393178	418
cg12253469	0.23627535849043585	418
cg22022973	0.2362625524147675	418
cg10106095	0.23626123033079963	418
cg07433411	0.23625024567331188	418
cg07706515	0.23625001487352587	418
cg02847389	0.2362293099488389	418
cg13114125	0.2362291754249025	418
cg08894381	0.23622618613118218	418
cg24902995	0.23621336795925074	418
cg25636354	0.23620892931079246	418
cg02164332	0.23620869646936518	418
cg17717091	0.23620150059350198	418
cg05655011	0.23619750566987674	418
cg01753731	0.23619176150033558	418
cg04978709	0.23618571023883966	418
cg06538774	0.23618554457835333	418
cg12153709	0.23617087397876177	418
cg03400811	0.23617036381107084	418
cg20378147	0.2361652744003024	418
cg18936378	0.2361595909340914	418
cg12176815	0.2361559717194553	418
cg05227111	0.23615393960365993	418
cg21528273	0.23615370155897925	418
cg24232053	0.23615164568185856	418
cg25297146	0.23614913506920082	418
cg23256140	0.2361480504300849	418
cg00522555	0.23614338351053496	418
cg26862731	0.23613873978048996	418
cg00226265	0.2361380299523321	418
cg02820242	0.23613160169520808	418
cg06161317	0.2361206532647906	418
cg02716147	0.23611930488402094	418
cg06714360	0.23611833818866854	418
cg25637473	0.23611768095109395	418
cg26703128	0.23611059617458346	418
cg25405238	0.23610848888057098	418
cg08123749	0.23610673395752765	418
cg16575694	0.23609981672661715	418
cg27305603	0.2360962067594919	418
cg17352830	0.23609049225709694	418
cg14524775	0.23608446006107695	418
cg03570498	0.2360843296962248	418
cg11369662	0.2360777469765165	418
cg13418804	0.23607752289227582	418
cg26033513	0.23607411276336177	418
cg14385008	0.2360737913349514	418
cg13021479	0.23606946411596438	418
cg18519450	0.23606875162430518	418
cg24576940	0.2360683084862485	418
cg26505371	0.23606556492300546	418
cg14025666	0.236063171967617	418
cg20113693	0.23606147925467846	418
cg05613364	0.23606140973857181	418
cg20065718	0.2360612516953531	418
cg16528272	0.2360608352508411	418
cg26673975	0.23606032607466043	418
cg20467755	0.23605240583858625	418
cg10858196	0.23605181069643766	418
cg27529944	0.2360494930826601	418
cg10004563	0.23603820850138796	418
cg20208523	0.23603012740388735	418
cg16039342	0.2360246117468836	418
cg07265985	0.2360082755425705	418
cg23074601	0.2360050914285883	418
cg00355678	0.23599501778399182	418
cg23757056	0.23599047142658441	418
cg20154489	0.23598639406133243	418
cg02305586	0.23598299400182698	418
cg08656053	0.23597471851719745	418
cg13047869	0.23596204331722548	418
cg05133009	0.2359610484324936	418
cg22934677	0.2359603408039137	418
cg20182983	0.23595304121122276	418
cg23109867	0.2359517965059811	418
cg02463166	0.23594732010358782	418
cg00710721	0.2359430219192924	418
cg25924823	0.235929491200335	418
cg21834982	0.2359207090199896	418
cg05951425	0.2359175587725549	418
cg13292542	0.23591378393144413	418
cg25060949	0.2359067917210889	418
cg13924635	0.2359060591340081	418
cg03299891	0.23590395618281848	418
cg15271942	0.23590157717078294	418
cg10525574	0.23589959984367992	418
cg00213606	0.23589953032828345	418
cg05455876	0.23589509422057928	418
cg22053042	0.23589122911007984	418
cg17893857	0.23589010633955232	418
cg23822700	0.2358888052695258	418
cg27574071	0.2358878845571069	418
cg04530981	0.23587825157224626	418
cg11144217	0.2358781585840151	418
cg15516191	0.23587341717125546	418
cg25770702	0.23587053007631073	418
cg09328083	0.23587025261301506	418
cg11684142	0.23586998635406786	418
cg21768956	0.2358683587204171	418
cg11424674	0.23586683458217694	418
cg00803580	0.235865482892174	418
cg04670766	0.23586535699642874	418
cg03483654	0.23586333411470264	418
cg07550554	0.23586035129306845	418
cg00038239	0.23585855931279526	418
cg26950876	0.23585429841792704	418
cg03543952	0.23585399085173572	418
cg17165158	0.23584561730820916	418
cg07394064	0.23584542577330536	418
cg14406074	0.2358433623289101	418
cg09207578	0.23584074132799626	418
cg23961530	0.2358379634800744	418
cg02642829	0.23583588561472865	418
cg16148858	0.23583257652013043	418
cg24550683	0.23583043258149808	418
cg11731745	0.2358241018775633	418
cg00241650	0.23582290368342176	418
cg21913897	0.23582083862925798	418
cg13735223	0.2358196904820529	418
cg08582182	0.23580982980595266	418
cg25225340	0.23580291974199208	418
cg12984349	0.2358020207507337	418
cg14505980	0.23579980960707678	418
cg17242353	0.23579743937620654	418
cg17026072	0.23579661224932355	418
cg10589018	0.2357932321060897	418
cg21624342	0.23578491739520374	418
cg10199770	0.23577649534123013	418
cg15914316	0.23576989113666108	418
cg04799588	0.23576106059224092	418
cg03217915	0.23574854888784544	418
cg07023532	0.23574709977342917	418
cg06530270	0.23574463883602467	418
cg13975730	0.23574417226051833	418
cg23023126	0.2357433963249866	418
cg14403594	0.23574283520946482	418
cg19388017	0.23574139418444312	418
cg11844358	0.23573905803716064	418
cg26202697	0.23573678784105795	418
cg05161218	0.23573257472438544	418
cg21131054	0.23573207548522485	418
cg11553045	0.2357316643603308	418
cg13425962	0.23572734530597836	418
cg26974276	0.2357272553360718	418
cg08622280	0.23572541948055337	418
cg04744514	0.23572079358182954	418
cg21788443	0.23571789069662819	418
cg20861314	0.23571111850900017	418
cg07040161	0.2357106540581555	418
cg08032088	0.23570878860145028	418
cg05790551	0.23570873596464587	418
cg09214456	0.23570453185799803	418
cg20487025	0.23570393529594988	418
cg15015913	0.2357020581924275	418
cg04031507	0.23570025910540363	418
cg13643966	0.2356980998937502	418
cg03470939	0.23569353890101857	418
cg07204066	0.235692072138838	418
cg22402291	0.2356910482375828	418
cg19517490	0.23568158056232635	418
cg09870721	0.23567806359211527	418
cg04628465	0.235676581833706	418
cg27571057	0.23567178233745545	418
cg24870967	0.2356683866908678	418
cg12044293	0.23566718979010712	418
cg15294361	0.23566678536891386	418
cg12397584	0.235666694008946	418
cg08352032	0.23566117750384336	418
cg19695415	0.2356611635162682	418
cg00548824	0.23565789942101179	418
cg02923888	0.2356572837973329	418
cg22797490	0.23565465888304088	418
cg07944494	0.2356522744951533	418
cg22337169	0.23564755209018104	418
cg01290644	0.23563878275721944	418
cg25414463	0.23563813245295084	418
cg02250553	0.23563777391664584	418
cg24502224	0.23563664083250982	418
cg22985122	0.23563653876147925	418
cg10958086	0.23563452982612706	418
cg04904318	0.23563188230697424	418
cg10547205	0.23562549554125395	418
cg18540349	0.23561951834992345	418
cg10796650	0.23561480839356228	418
cg08337835	0.23561114796947413	418
cg14454796	0.23560762371712793	418
cg24596008	0.2356028223268674	418
cg26974318	0.2356008182592526	418
cg13966609	0.2355999771013772	418
cg15608402	0.23559571602389695	418
cg18673163	0.23559461337524942	418
cg15076663	0.23559352900069933	418
cg08464520	0.23559245882305424	418
cg07693569	0.23559056994231753	418
cg13088465	0.235588655600645	418
cg07340447	0.23558386899117753	418
cg21564965	0.23558141126086668	418
cg16653700	0.2355787141710311	418
cg12372745	0.23557842878957413	418
cg03848676	0.23557653855999308	418
cg19549465	0.23557582313824896	418
cg05541867	0.23557489286945724	418
cg19525780	0.235573976848302	418
cg14454440	0.2355723818775608	418
cg18764372	0.23556504774523385	418
cg22808692	0.2355597936044301	418
cg01567115	0.23555863153544904	418
cg25709738	0.2355465731406966	418
cg16926502	0.23554633539920572	418
cg17181956	0.23554578067569235	418
cg02155287	0.23554433504547687	418
cg17693669	0.2355441862472764	418
cg10220806	0.23553866358688896	418
cg19602374	0.23553802614781866	418
cg10346758	0.2355370127914574	418
cg04400147	0.23553219950053392	418
cg20949223	0.23553007491269876	418
cg09749862	0.23552202845032927	418
cg12371263	0.2355214266565417	418
cg22902939	0.2355172379106023	418
cg05593236	0.23551247916177576	418
cg08604785	0.23551006874674257	418
cg17743939	0.23550774116977446	418
cg23763836	0.23550105993785786	418
cg04777612	0.23550069619578032	418
cg01511465	0.2354997048589931	418
cg22782070	0.23549930945059555	418
cg25473203	0.23549740167132885	418
cg21092828	0.23549392678885941	418
cg16821252	0.2354805600354644	418
cg17217575	0.23547716122679244	418
cg13366654	0.23547646430681934	418
cg24843246	0.23546217366199057	418
cg22785261	0.235451778239756	418
cg27176628	0.2354484189573955	418
cg22581974	0.2354445176962391	418
cg13108533	0.23544102162533265	418
cg01053196	0.23543881917224907	418
cg06950666	0.23543612498827185	418
cg25384089	0.23542833583600206	418
cg25994616	0.23542533730572068	418
cg19697584	0.23541416986699137	418
cg06807993	0.2354108142730266	418
cg21511395	0.23541019513252331	418
cg19338222	0.2354087748552995	418
cg18197866	0.23540654449965667	418
cg09408260	0.23540235338620194	418
cg06689990	0.23540025530604633	418
cg21232767	0.2353948253686477	418
cg05573287	0.2353933911756759	418
cg10752731	0.23538843268386292	418
cg16355511	0.23538779435210222	418
cg12334911	0.23538522709300913	418
cg22158723	0.23538466895164392	418
cg26719943	0.23538050905734914	418
cg22332100	0.23537986300797317	418
cg07064544	0.23537575059019364	418
cg27201457	0.23537331972000075	418
cg22018329	0.23537099653726493	418
cg11300369	0.23536978208699358	418
cg10204951	0.23536787758868113	418
cg08327705	0.23536671271980428	418
cg08734053	0.23536616151717443	418
cg24933115	0.2353634038636707	418
cg09235936	0.23536270171303664	418
cg21856334	0.2353585457158892	418
cg09136099	0.23535402946523415	418
cg14417711	0.23535206520004745	418
cg27565794	0.23534566728765882	418
cg17806999	0.2353404260943965	418
cg23716449	0.23532250054728931	418
cg03997730	0.2353199572217607	418
cg07128379	0.23531919016662634	418
cg16771467	0.2353131556424345	418
cg18644481	0.23531063049893236	418
cg00794209	0.2353020730863118	418
cg08005809	0.23529693547549071	418
cg03710196	0.2352910015859495	418
cg26606899	0.2352763539996355	418
cg09597710	0.23527415000404808	418
cg16323231	0.2352704575797317	418
cg07167632	0.23526954059735591	418
cg18505103	0.23526806152984173	418
cg06873106	0.23526692588853937	418
cg15116677	0.2352643543721313	418
cg23246666	0.23526402256717566	418
cg09636079	0.2352582355844849	418
cg15319502	0.23525689356936788	418
cg04320956	0.2352522704033653	418
cg12753558	0.23525192614012846	418
cg18403285	0.23525135297117308	418
cg05317498	0.23524558222840036	418
cg16739096	0.2352418791804571	418
cg00922825	0.2352416244543713	418
cg25267284	0.23523996407409659	418
cg15607387	0.23523600011040252	418
cg18331249	0.2352343813845154	418
cg15076328	0.23523342039083955	418
cg27226831	0.235228957235836	418
cg01776495	0.23522478758808038	418
cg25527325	0.23522188423140455	418
cg14829271	0.23521900007235852	418
cg03567028	0.23521896191902777	418
cg24372485	0.23521491350135834	418
cg27398283	0.2352142943306425	418
cg07542287	0.23521091741867325	418
cg04145522	0.235207707269178	418
cg00928393	0.235204323818927	418
cg25492363	0.2352026234533191	418
cg25159927	0.23520047452772166	418
cg23921487	0.2351997734430215	418
cg20971159	0.2351933588780578	418
cg01108614	0.23519288007114314	418
cg00686451	0.23519242662310655	418
cg00373376	0.23518594238930662	418
cg13808180	0.23518234949316214	418
cg10564356	0.23517240922749574	418
cg08749286	0.23517109483322884	418
cg09123026	0.23516492806645448	418
cg26573923	0.23516236979606836	418
cg13874287	0.23515832396885414	418
cg08471734	0.23515143887616966	418
cg14155567	0.23514987054441175	418
cg27419119	0.23514799751538218	418
cg01082560	0.23514777158031386	418
cg09220393	0.23514774116156517	418
cg00488734	0.23514742329941707	418
cg00437048	0.23514699316864893	418
cg16729538	0.23514627074414562	418
cg17304713	0.23514596335859933	418
cg05650453	0.2351441674221211	418
cg20355657	0.23514375204147894	418
cg13263691	0.23514233290556727	418
cg13162581	0.23513329854314732	418
cg23797424	0.23513001489510593	418
cg00284420	0.23512618912565264	418
cg12612807	0.23512364533601157	418
cg02332902	0.23512310525198774	418
cg10004976	0.2351214301134663	418
cg08701028	0.23511336478166167	418
cg05396584	0.23511034881939336	418
cg03686950	0.23510998788424162	418
cg22939043	0.2351024313889883	418
cg02213678	0.23510146663129772	418
cg14625425	0.23509697464580318	418
cg19199752	0.23508642573832536	418
cg06857845	0.23508574425417111	418
cg08971334	0.23507313151653622	418
cg23691246	0.23506941507753182	418
cg07071206	0.2350685471586921	418
cg18756954	0.2350633157948949	418
cg22408735	0.23505804604682082	418
cg00148867	0.23505755497425226	418
cg07728485	0.2350528948260467	418
cg11985321	0.23504692794454327	418
cg17498856	0.23503863577020156	418
cg12712270	0.23503858993075946	418
cg11988476	0.2350329469983947	418
cg23740897	0.23502380945332116	418
cg21425003	0.23502349818017956	418
cg11867671	0.2350231046101751	418
cg05968258	0.23502306629265626	418
cg04527260	0.23501747091014558	418
cg13132307	0.2350169767851033	418
cg15922553	0.23501673440196097	418
cg22111009	0.23501324868166376	418
cg06919392	0.23500932632226573	418
cg01141572	0.2350075432494261	418
cg22627940	0.2350074833051183	418
cg13373897	0.23499725607794877	418
cg16108237	0.2349965055013763	418
cg04942655	0.23499641200509477	418
cg09731029	0.23499186004839687	418
cg08816443	0.2349896649590136	418
cg24701867	0.23498835579615077	418
cg16648494	0.23498731122218494	418
cg25279922	0.23498655650673506	418
cg01373879	0.2349833021505678	418
cg08498465	0.23498246062592354	418
cg13424608	0.23498144775353408	418
cg06740354	0.23497935369052705	418
cg17743085	0.23497920012795842	418
cg12598767	0.234973883381348	418
cg23779377	0.23497166250522306	418
cg04397547	0.23497130474235894	418
cg01800442	0.23496953604323972	418
cg07222059	0.23496753471315937	418
cg27441228	0.23496438432099756	418
cg02379684	0.2349601707215196	418
cg00774520	0.234954023355534	418
cg01957751	0.2349485327351077	418
cg00019576	0.2349483149270502	418
cg24803059	0.23494396732078188	418
cg02132702	0.23493508655529124	418
cg06403049	0.23493255066247815	418
cg25191611	0.2349314800234105	418
cg05247780	0.23492944311730746	418
cg20517784	0.23492897726002596	418
cg09702334	0.23492782467092327	418
cg15365028	0.2349277270011566	418
cg02005847	0.23492311957233927	418
cg05141709	0.23491975729992992	418
cg03837724	0.2349187578692929	418
cg14223618	0.2349104135746946	418
cg08620636	0.23490374437933134	418
cg04534503	0.23489938892862078	418
cg14531637	0.23489114165416197	418
cg16385941	0.23488950155296243	418
cg14240735	0.2348867230120752	418
cg09647884	0.23487783536087592	418
cg15188908	0.23486865644940716	418
cg21089646	0.23486856985551183	418
cg20735369	0.23486415285945403	418
cg10125522	0.23486136612908884	418
cg11881562	0.23485707739329167	418
cg17031656	0.2348505144591088	418
cg12371615	0.2348461351302515	418
cg19762797	0.234845795913424	418
cg10313879	0.23484508176152352	418
cg05134013	0.23484430553317845	418
cg13629201	0.23484366680574537	418
cg27277381	0.23484335405445772	418
cg11098525	0.2348419141266206	418
cg27309282	0.23483998888974317	418
cg23980196	0.23483948113105862	418
cg04808658	0.23483780804895255	418
cg23035638	0.2348367519403356	418
cg11337598	0.2348295742695016	418
cg27238852	0.23482398515508168	418
cg11714702	0.23482262796640951	418
cg20560906	0.23481767962524586	418
cg14996929	0.2348166073863658	418
cg07664277	0.23481415208277512	418
cg07221103	0.23481378290601432	418
cg04621795	0.23481359162980825	418
cg20804163	0.2348096311348505	418
cg03788230	0.23480330511411385	418
cg07207053	0.23480277403481845	418
cg24337108	0.2348003282583295	418
cg24046689	0.23479543052051013	418
cg09081892	0.23478983887281146	418
cg02831329	0.23478766732014741	418
cg08694306	0.23478279465816174	418
cg10057853	0.23478003857351773	418
cg05160336	0.23477976340753637	418
cg02135464	0.23477805277270805	418
cg21239572	0.23477690660305484	418
cg06311102	0.23477427379049853	418
cg06133459	0.2347727472746458	418
cg19864539	0.23477235638042743	418
cg00660655	0.23476258620553744	418
cg10842339	0.23476221790103488	418
cg05114486	0.23476171235828303	418
cg23411318	0.23475703531310255	418
cg14073057	0.23474847109547678	418
cg04510807	0.2347482238194855	418
cg06441514	0.2347480993229056	418
cg10155891	0.23474524537330652	418
cg15806038	0.23474448170075202	418
cg02287939	0.23474334550391848	418
cg10859726	0.23474145165071553	418
cg22959474	0.2347318172873508	418
cg00016406	0.2347284660173551	418
cg27056475	0.23472670471602017	418
cg20519277	0.2347188970104504	418
cg06593906	0.23471520246079225	418
cg01848323	0.23470810257921076	418
cg02614683	0.23470766971054874	418
cg06096175	0.2347059885734057	418
cg09038294	0.23470321830352375	418
cg11354472	0.23470193631108655	418
cg04925085	0.23469807247292349	418
cg22346429	0.2346969523017262	418
cg15690475	0.23469407458516714	418
cg09847443	0.2346900242407137	418
cg05424510	0.23468678291407452	418
cg02010324	0.234686099955552	418
cg06440665	0.2346706699238716	418
cg24919342	0.2346660232813274	418
cg21757314	0.23466283699935223	418
cg09869015	0.23466206003114295	418
cg06796515	0.23466129885953493	418
cg20301593	0.23465597265603735	418
cg12215609	0.2346529837272692	418
cg16245035	0.23465026220940463	418
cg15106699	0.23464554283660993	418
cg09996902	0.23464130705195907	418
cg04850875	0.23464022226077888	418
cg01300682	0.2346395656503386	418
cg06036945	0.23463900968874496	418
cg12877020	0.23463848122731412	418
cg05505758	0.23463802764836314	418
cg24540732	0.23463775467233627	418
cg03130936	0.23463676910193546	418
cg18755752	0.234631114345278	418
cg03935244	0.23462919295853873	418
cg26314566	0.23462311387206342	418
cg10632215	0.23461939045202393	418
cg04168590	0.23461507170466112	418
cg11673833	0.23460960957293914	418
cg01339929	0.23460669039143867	418
cg06357549	0.2346055362637573	418
cg18083305	0.23460542786345165	418
cg11795984	0.23460319367028004	418
cg02744699	0.23459749247865352	418
cg12894883	0.23459405742144226	418
cg21725374	0.23459269851716957	418
cg07365623	0.234585647610071	418
cg15268865	0.23458496030668394	418
cg21666768	0.23458485495678238	418
cg17408291	0.2345844674934161	418
cg06135574	0.2345831869180093	418
cg15250771	0.2345807032826813	418
cg00355315	0.23458049714388063	418
cg14343091	0.23457969705385587	418
cg15527356	0.23457885606232262	418
cg09969487	0.23457411578085036	418
cg19339021	0.23457314421722356	418
cg21042749	0.23456767490852815	418
cg21659397	0.23455926887544007	418
cg19985346	0.23455475217475738	418
cg20623552	0.2345498105033837	418
cg27019068	0.23454784502081225	418
cg14763972	0.23454696718831614	418
cg19120251	0.23454413766185003	418
cg27032056	0.2345395827707172	418
cg23844018	0.23453910942158115	418
cg11380881	0.2345376374649987	418
cg14859317	0.2345348740867385	418
cg23212579	0.23453261133626327	418
cg22118112	0.23452248884704877	418
cg21906444	0.23452244034020933	418
cg04895640	0.2345223227703875	418
cg18807843	0.23450948561795668	418
cg24512544	0.23450024547423987	418
cg16430402	0.23449805889428668	418
cg18602928	0.2344906425408482	418
cg06025671	0.23449018078714598	418
cg10113582	0.23448706230529157	418
cg17513542	0.23448507972346136	418
cg07194832	0.23448279245388057	418
cg23064157	0.2344778229711551	418
cg07312954	0.234477516262143	418
cg04142643	0.23446535977227226	418
cg21661680	0.23445884411674037	418
cg08298584	0.23445036643700848	418
cg11103393	0.23444754831376016	418
cg27347309	0.23444704617522827	418
cg19443023	0.23444623812075815	418
cg15356461	0.2344461223524246	418
cg08042487	0.23444574183973324	418
cg03576530	0.234445280198638	418
cg05711251	0.23443262463202885	418
cg24625634	0.2344325460036015	418
cg07124492	0.23442457357920485	418
cg17182946	0.23442248990689657	418
cg24421091	0.2344223953443939	418
cg22780612	0.23442073419068302	418
cg23028840	0.2344196250677153	418
cg13384867	0.23441567085955478	418
cg14499426	0.2344109377965416	418
cg11688548	0.2344100265580907	418
cg13995918	0.2344086104568195	418
cg01142668	0.23440817253774351	418
cg03847052	0.23440767788447264	418
cg13957837	0.23440548752978904	418
cg09375892	0.23440397952271366	418
cg16876192	0.23440188990310923	418
cg10733469	0.23439832792736986	418
cg16593941	0.2343968456829292	418
cg04247530	0.23439613131735448	418
cg05363257	0.23439538701356308	418
cg27648969	0.23439197320692948	418
cg18154642	0.23439079123293333	418
cg10423427	0.2343854963395729	418
cg13169073	0.23438415135962737	418
cg05647756	0.23438371466329008	418
cg16931447	0.23438129049713313	418
cg06018666	0.23437732889711033	418
cg15920131	0.23437629374866187	418
cg07820702	0.2343758776405579	418
cg02480405	0.2343717797099456	418
cg06550018	0.23436977974238984	418
cg00545796	0.2343687276266608	418
cg08524803	0.23436768784584466	418
cg02683114	0.2343655650150135	418
cg17607759	0.23436320531135102	418
cg13356429	0.23436222516910069	418
cg16396153	0.23435879055215186	418
cg01678790	0.23435647681648455	418
cg27096032	0.23435594724837425	418
cg20060185	0.23435592295646637	418
cg11310756	0.2343553567597089	418
cg26216760	0.23435040818732772	418
cg05561386	0.23434984781258517	418
cg05139081	0.23434972327825296	418
cg07723559	0.23434959731692942	418
cg21986781	0.23434866546977448	418
cg02486209	0.2343448332005749	418
cg25568114	0.23434475641036412	418
cg00879606	0.23434423147284575	418
cg00755064	0.23434375181735823	418
cg26273958	0.23434263284207013	418
cg03070534	0.23433846011883389	418
cg14377739	0.23433490949515354	418
cg04099430	0.2343339995219223	418
cg08840616	0.23433164649166413	418
cg18019004	0.234331583250534	418
cg19956494	0.23433045511811545	418
cg03289548	0.23432839947812772	418
cg09867755	0.23432786822879792	418
cg14653814	0.23432177925011313	418
cg22723887	0.2343209261613611	418
cg00160522	0.23431711379257789	418
cg12157941	0.23431392866300196	418
cg17559031	0.23431023273437265	418
cg05729458	0.23430969531850776	418
cg14318489	0.23430761128061395	418
cg24462849	0.23430660082235258	418
cg21878393	0.2343048480952921	418
cg25459170	0.23429923142995318	418
cg27196194	0.23429471910814503	418
cg05689415	0.23429451611063576	418
cg24430642	0.23429448630758307	418
cg08427305	0.23429369493054472	418
cg11676546	0.2342926819139938	418
cg23287722	0.2342916440895791	418
cg18592195	0.23429079109136336	418
cg21474053	0.234290550980591	418
cg07196879	0.23428788225656605	418
cg19775916	0.23428327601416052	418
cg25007487	0.23428251247641407	418
cg01921845	0.23428052983781078	418
cg11227064	0.23427566839426764	418
cg08962167	0.23427447370840904	418
cg10332934	0.2342686878392629	418
cg11252765	0.23426693426442083	418
cg14571130	0.23426591330039068	418
cg01225086	0.234260733167534	418
cg18202502	0.23425982604060983	418
cg23688334	0.23425923953738334	418
cg17859634	0.23425322648763924	418
cg04140971	0.23424908546583278	418
cg13446043	0.2342451120065457	418
cg09555414	0.23424433929289867	418
cg02537268	0.2342384268558382	418
cg05553268	0.2342365794447531	418
cg05453337	0.23423365448579858	418
cg01533689	0.23422966549565655	418
cg18745670	0.23422329900624322	418
cg15021640	0.23422257565739873	418
cg18744021	0.23422037781608876	418
cg21163765	0.2342197211580765	418
cg14688628	0.23421901985062446	418
cg05193282	0.23421529945617015	418
cg23839556	0.2342142894074058	418
cg27408060	0.23421165778913414	418
cg22591964	0.23421000026635594	418
cg12404837	0.23420755658874462	418
cg14470771	0.23420352452302814	418
cg21480464	0.23420321804091912	418
cg13860612	0.23420151202956657	418
cg14301000	0.2341952038672989	418
cg05276408	0.2341939863852141	418
cg23123895	0.2341905869518793	418
cg26574621	0.23418223579308795	418
cg14202491	0.23417879837156128	418
cg05177065	0.23417033951848265	418
cg26723185	0.23416365039665837	418
cg09355190	0.2341634094606194	418
cg21921996	0.23416089883186367	418
cg12484325	0.23415919031771787	418
cg25885449	0.2341550632898259	418
cg00408365	0.2341535687360195	418
cg07117364	0.23414974200653177	418
cg04826355	0.23414703860595307	418
cg00729564	0.2341459920608497	418
cg13333322	0.2341446992425532	418
cg26188814	0.2341432489653618	418
cg25105415	0.23414260421705563	418
cg14551938	0.23413996957669833	418
cg02814163	0.234135037223304	418
cg20592656	0.2341340425982459	418
cg05302825	0.23413108952648545	418
cg09927637	0.23412862818254948	418
cg20356136	0.2341267766303604	418
cg01018726	0.23412561763529788	418
cg11692031	0.23412049783664945	418
cg25937854	0.23411427680806782	418
cg22731204	0.23411267716918618	418
cg12242062	0.23411132312278737	418
cg05172425	0.23411080476700288	418
cg24063645	0.23411019214943396	418
cg10606269	0.23410905386508107	418
cg13149573	0.23410367340120952	418
cg09860783	0.23409860141673122	418
cg23976723	0.23409751988574912	418
cg22735953	0.23409725247128665	418
cg27353308	0.23409590557679727	418
cg08225020	0.23409133404802213	418
cg19005373	0.23408837685374478	418
cg16488953	0.23408812526226444	418
cg18536123	0.23408775578738886	418
cg07276358	0.2340875000555477	418
cg14639822	0.23408610978624114	418
cg18415485	0.23408258786187627	418
cg02025435	0.23408105683461924	418
cg04262179	0.23408055319624865	418
cg09121928	0.23407759451481372	418
cg04704947	0.23407652949004049	418
cg03818569	0.23407367055583617	418
cg01640506	0.2340648202141843	418
cg25982163	0.2340645998404898	418
cg01447429	0.23406113241045182	418
cg01342411	0.2340610168865534	418
cg18664076	0.2340606689272182	418
cg19633487	0.23405972360327093	418
cg02593098	0.23405271959691099	418
cg02281680	0.23405131172346197	418
cg01108400	0.2340492696612749	418
cg21454386	0.2340444972425163	418
cg26583725	0.23404354074040282	418
cg19759366	0.23404047234707243	418
cg07478240	0.2340358479264606	418
cg20436037	0.23403417805496254	418
cg14919203	0.23403198349128604	418
cg01055748	0.23403119492271268	418
cg09653758	0.23402822541391638	418
cg13867669	0.23401699586947228	418
cg20631270	0.23401574402661543	418
cg05651176	0.23401426773992068	418
cg09654908	0.23400931360038904	418
cg00190508	0.23400481730371564	418
cg20671578	0.23399861760211454	418
cg01691989	0.2339983782031687	418
cg05859395	0.2339968105641771	418
cg26004664	0.23399214353841524	418
cg20817752	0.23399087369532404	418
cg02032166	0.2339906350468212	418
cg23909802	0.23399026730939065	418
cg13715001	0.23398872199443566	418
cg27000496	0.23398700955527138	418
cg26791536	0.23398397187945202	418
cg17279652	0.23398238720215783	418
cg18884060	0.23398034877478538	418
cg01717276	0.23397503327002098	418
cg18050295	0.23396884493238856	418
cg04428718	0.23396289833353032	418
cg26406014	0.23396126959260896	418
cg12462858	0.23395850526206052	418
cg24739849	0.23395787696273238	418
cg12794474	0.2339575465609346	418
cg05410102	0.2339571727569443	418
cg23365723	0.23395627609941852	418
cg08076462	0.23395627424702511	418
cg06844209	0.2339542204289213	418
cg08007647	0.23395364913898087	418
cg21186053	0.23395226180118314	418
cg12753366	0.2339518060687939	418
cg26458497	0.23394730223979068	418
cg20153737	0.23394186839204853	418
cg27239168	0.2339387854527529	418
cg18773383	0.2339327662896945	418
cg04399647	0.233932023820928	418
cg05261599	0.2339236801282921	418
cg24420164	0.23392349484576247	418
cg25474442	0.23392293716668242	418
cg26104926	0.2339208106066932	418
cg06760423	0.2339190714004645	418
cg23890910	0.23391567175200656	418
cg11526462	0.2339128445959757	418
cg16283753	0.2339125656476188	418
cg13735557	0.2339029775765957	418
cg21543899	0.23389692926138944	418
cg09611656	0.233895215223389	418
cg27620176	0.2338937624088544	418
cg12275871	0.2338928275772159	418
cg01451203	0.23389222907733445	418
cg12411876	0.2338866819961742	418
cg18137598	0.23388569040712104	418
cg08391848	0.23388314988301573	418
cg17474650	0.23388162611078478	418
cg04570540	0.2338785050556055	418
cg03353885	0.23387417097477603	418
cg10074347	0.23386942343114187	418
cg06520821	0.23386917710289257	418
cg15642772	0.23386690228659787	418
cg10141075	0.23386613495348219	418
cg12044749	0.2338635301697665	418
cg11843948	0.23386239525952793	418
cg04831728	0.23386164027051096	418
cg20299151	0.2338604148653698	418
cg08786136	0.2338597150122683	418
cg25161331	0.23385929772964958	418
cg15456742	0.23385711883905747	418
cg21164697	0.23385348738576636	418
cg04304794	0.23385172155534087	418
cg11937681	0.23385035537283164	418
cg20067575	0.2338431606984666	418
cg21184537	0.23383713535793454	418
cg09784977	0.233836402089509	418
cg07912144	0.23383635758059268	418
cg21963925	0.23383553509444244	418
cg08097929	0.233834505124192	418
cg14413117	0.2338228280557694	418
cg23139173	0.23382250432138602	418
cg09268800	0.23381970223268328	418
cg05051118	0.23381726698434416	418
cg05093254	0.23381297488410202	418
cg11960435	0.23381275671591492	418
cg00711596	0.23380508434684674	418
cg16519433	0.2337974164376318	418
cg08644263	0.2337972923910184	418
cg02036827	0.2337963860664291	418
cg07365857	0.2337936224349165	418
cg22883995	0.23378951796595313	418
cg01880908	0.2337872150433242	418
cg06856329	0.2337825440400479	418
cg13226924	0.23377274674134982	418
cg05191217	0.23377117725766178	418
cg27413539	0.23376849347209538	418
cg24276346	0.23376586536071	418
cg27490465	0.23376511422311988	418
cg16850623	0.23376381455388612	418
cg22673380	0.2337590855062008	418
cg23618269	0.23375367280311263	418
cg11930279	0.2337524121706566	418
cg09528988	0.23375120515593467	418
cg08503913	0.23374901350115163	418
cg03414471	0.23374735889062784	418
cg07351059	0.2337472307238446	418
cg12854762	0.2337379138197685	418
cg27047577	0.23373581298694976	418
cg09796800	0.2337349989486146	418
cg11839944	0.23373454374179473	418
cg06722870	0.23373180126839244	418
cg22654940	0.23373154254688797	418
cg06377362	0.23373090230935606	418
cg26927285	0.23372745832812772	418
cg08882707	0.23372460151277258	418
cg25435338	0.2337236610289362	418
cg02777670	0.23371807277564854	418
cg11459648	0.23371640919988218	418
cg24814191	0.23371127605609177	418
cg23738548	0.2337085196398422	418
cg13590130	0.23370708175493837	418
cg21058973	0.233703193171439	418
cg13938537	0.23370266480873994	418
cg02833016	0.23370115709311498	418
cg09499715	0.2336994747182776	418
cg02491199	0.23369770498175188	418
cg10529812	0.233695710755363	418
cg14789841	0.23368965888540139	418
cg04173864	0.23368393246119654	418
cg18218112	0.23367944710072805	418
cg03002835	0.23367924006745838	418
cg02628002	0.2336786036692926	418
cg26604379	0.23367857237750853	418
cg03477609	0.2336775597884987	418
cg16388674	0.23367658853275833	418
cg11414415	0.233672894663429	418
cg24515054	0.23366925794787824	418
cg12688521	0.23366802088391297	418
cg12219387	0.23366729636930914	418
cg15694117	0.2336665369315447	418
cg17114200	0.23366644128122638	418
cg14154819	0.23366248461974376	418
cg03340135	0.23366229430803206	418
cg00913953	0.23365675305373454	418
cg23719132	0.23364837419025122	418
cg10858327	0.2336441852190336	418
cg24660836	0.23364008361700744	418
cg09215936	0.2336387378399734	418
cg07521889	0.23363697933502628	418
cg07609108	0.23363660794053273	418
cg19599251	0.23363015882339255	418
cg16420310	0.23362713056879356	418
cg02851751	0.23362533459412277	418
cg17246404	0.2336240219505912	418
cg23956190	0.23362338106940797	418
cg02089929	0.23362321829250246	418
cg21942218	0.23362263576678588	418
cg09936845	0.23362022661138726	418
cg07846737	0.23362012222176282	418
cg15834460	0.23361593602036945	418
cg08734194	0.23361425674462702	418
cg26973953	0.2336126741411503	418
cg18532515	0.23361254670336873	418
cg07056645	0.23361121405655336	418
cg01570480	0.2336058237197018	418
cg11276053	0.2335930446928335	418
cg16896890	0.23359291594051987	418
cg07172756	0.23358750069549558	418
cg01311567	0.23358604603480443	418
cg06061449	0.2335832230587125	418
cg20106601	0.23357805667395884	418
cg02802634	0.23357590421975838	418
cg12991127	0.23357215958553937	418
cg06979110	0.23356966402792628	418
cg09887459	0.23356756629323114	418
cg03315432	0.23356353004972497	418
cg01176141	0.23356336625129223	418
cg09394001	0.23356303018185004	418
cg06028804	0.23355425914355601	418
cg01277910	0.2335535103340138	418
cg15838301	0.2335515995096397	418
cg24923860	0.23354934347184528	418
cg02399233	0.23354336795122368	418
cg16334004	0.23353923780478786	418
cg14047494	0.23353827224648765	418
cg19417588	0.2335342066534111	418
cg01794468	0.23353409737828737	418
cg19995595	0.23353110537441338	418
cg13985767	0.2335248646525758	418
cg05788089	0.23352484117060615	418
cg14628942	0.23352110456597586	418
cg26539736	0.2335207859206755	418
cg06746318	0.2335206730096224	418
cg04023872	0.2335206255130616	418
cg14224196	0.23351669356567772	418
cg26428731	0.2335143809211875	418
cg04277319	0.23350521059249052	418
cg10643928	0.23350362072667855	418
cg15889003	0.2335023810591288	418
cg27630540	0.2335006832405949	418
cg14666369	0.23349908269480515	418
cg18832217	0.23349604327382373	418
cg09437523	0.23349154911522826	418
cg24856050	0.2334912146840227	418
cg01814731	0.23348975387449167	418
cg13964192	0.23348678999387532	418
cg14917329	0.23348414767376627	418
cg15385197	0.2334830224678739	418
cg05348188	0.2334808116218322	418
cg19446741	0.23347927906377566	418
cg24033503	0.23347880538254584	418
cg11426703	0.23347823132891468	418
cg08020436	0.23347712685541672	418
cg07733363	0.23347695359449694	418
cg23350296	0.23347610225590307	418
cg21516763	0.2334741435773298	418
cg04724176	0.23347256478769443	418
cg27008780	0.23346985431606695	418
cg19131736	0.23346546437993237	418
cg03500993	0.23346330000764776	418
cg25544164	0.23346305892273514	418
cg11398400	0.23346123964259674	418
cg17991430	0.23345625398936892	418
cg23345930	0.2334562301438243	418
cg22559426	0.2334551013335732	418
cg13419867	0.23345374346363243	418
cg05847755	0.2334491451758709	418
cg26312542	0.23344793892439503	418
cg11950105	0.23344622038128304	418
cg13998712	0.23344455634802025	418
cg15968297	0.23344268335194143	418
cg06644359	0.23343962880112545	418
cg25721452	0.23343782982445266	418
cg09604586	0.23343466377378044	418
cg03072616	0.2334327639325915	418
cg21690391	0.23343139021324177	418
cg14998959	0.23342809478320353	418
cg10268345	0.23342719292725306	418
cg11644402	0.2334271811589491	418
cg26012578	0.23342695547430972	418
cg27385126	0.23342642749513304	418
cg23911097	0.2334171531978516	418
cg19756253	0.23341271598733893	418
cg15637415	0.23340861839404572	418
cg19092105	0.2334019729584425	418
cg01570445	0.23339902887342542	418
cg07010340	0.2333980633707269	418
cg04230253	0.23339470177749888	418
cg19306036	0.23339434221058994	418
cg17717282	0.23339403370361156	418
cg06685304	0.23339130744573977	418
cg09291896	0.2333912489761309	418
cg22693570	0.23338861201799974	418
cg08471814	0.2333880747004963	418
cg04511195	0.2333858490331585	418
cg11059561	0.23338533246651486	418
cg05143869	0.23338509307650393	418
cg08488615	0.23338407234402772	418
cg15177055	0.23338093237240545	418
cg07984614	0.23337800725550847	418
cg08930214	0.233376228147944	418
cg00077281	0.23337476219083406	418
cg16226310	0.23336297701179795	418
cg10766351	0.23335945759755558	418
cg03674841	0.23335692219370086	418
cg16369288	0.23335648697860464	418
cg18120489	0.2333562468863809	418
cg14681176	0.23335413070830852	418
cg27290103	0.23335314512997768	418
cg07838427	0.23334967580629776	418
cg03783555	0.23334751685138158	418
cg05417729	0.23334627240597838	418
cg18796723	0.23334598506234278	418
cg06962421	0.23334012238663213	418
cg21112485	0.23332445187281353	418
cg11832804	0.233323278514171	418
cg10258582	0.23331659088770215	418
cg23896431	0.2333161661685297	418
cg21745873	0.2333161144516609	418
cg25054674	0.23331529067017007	418
cg15471825	0.23331508448960192	418
cg23642875	0.23330805865408197	418
cg11316510	0.23330773064956656	418
cg07080556	0.23330629354646604	418
cg09095341	0.2333050256494913	418
cg12528056	0.23330417474705328	418
cg02020879	0.23330343120836983	418
cg05308391	0.23330317895929636	418
cg14256536	0.23330275747587947	418
cg17330505	0.23330101675301024	418
cg11757945	0.23329461937825613	418
cg22264317	0.23329295984694517	418
cg04604752	0.23329252635056608	418
cg06517965	0.23329189393195474	418
cg19902122	0.233289213208622	418
cg11583751	0.23328759888053832	418
cg20565046	0.23328735827725217	418
cg06859833	0.23328248734685927	418
cg03033930	0.23327571028938676	418
cg07501049	0.23327511524511815	418
cg09514524	0.23327277825604764	418
cg18058596	0.23327213401299904	418
cg26458816	0.23327198036736554	418
cg10847915	0.23326627628602084	418
cg14405773	0.23326436156149155	418
cg02697246	0.23326255455198897	418
cg20952452	0.23326002528741352	418
cg07478335	0.23325808652716357	418
cg24624922	0.2332522847935113	418
cg06379876	0.23325094427535492	418
cg14546712	0.23324920293825374	418
cg02360155	0.23324819185468648	418
cg01048749	0.2332451513678773	418
cg08228596	0.23324170458098617	418
cg16996571	0.23324169570528872	418
cg03136712	0.23323933366597885	418
cg00930306	0.23323872492177047	418
cg21230774	0.2332380973743751	418
cg21789510	0.23323808863107412	418
cg04286878	0.2332377419571962	418
cg16784943	0.23323586035087918	418
cg25528709	0.23323199934148126	418
cg15819109	0.233228855806376	418
cg11663302	0.23322869479411087	418
cg15086746	0.2332274823917662	418
cg15412228	0.23322730568143887	418
cg10359931	0.23322506238399146	418
cg21384883	0.2332247646583064	418
cg12883821	0.23321995172323298	418
cg08214126	0.23321777693169687	418
cg08073667	0.2332177698012987	418
cg22006392	0.23321741384189543	418
cg22901100	0.23321517689866617	418
cg15945867	0.23321437989005256	418
cg01847620	0.23321349180677095	418
cg01044465	0.23320935565429443	418
cg09259182	0.23320917834531382	418
cg18262591	0.2332063011436774	418
cg24710938	0.23320407256183026	418
cg20827346	0.23320177650851023	418
cg00090103	0.2332011714459778	418
cg05014291	0.23320009154040644	418
cg25912870	0.233198591662799	418
cg17943757	0.23319710471285807	418
cg15920621	0.2331908948601999	418
cg00869989	0.2331904057161753	418
cg08922090	0.23318943961185315	418
cg08943906	0.23318837622122046	418
cg24957423	0.23318058953860987	418
cg05782811	0.23318042192807448	418
cg04317076	0.23317958668387015	418
cg08513622	0.23317938926394288	418
cg26188297	0.23317721770027028	418
cg27266381	0.2331753322160728	418
cg17071589	0.2331737137371411	418
cg08876437	0.23317338509831972	418
cg04476876	0.23317282171652592	418
cg13925678	0.23317204152318308	418
cg08276412	0.23316794671104768	418
cg13730859	0.2331604194106447	418
cg24612059	0.23315365697640628	418
cg23273221	0.23315344766878454	418
cg11908202	0.23315219557808203	418
cg07809981	0.2331514080509203	418
cg22617878	0.23314841910810985	418
cg13571576	0.23314258089450204	418
cg11018432	0.2331413977854807	418
cg13614741	0.23313991424185376	418
cg22521333	0.23313750744371442	418
cg02320345	0.2331337988340675	418
cg24721750	0.2331331862192205	418
cg10852876	0.23313210185869096	418
cg26967868	0.2331281868914199	418
cg02803925	0.23312804158309697	418
cg27462497	0.23312755535247476	418
cg20392203	0.23312088186695776	418
cg05340339	0.23312010278771028	418
cg24297873	0.2331186100757218	418
cg01380281	0.23311398532581973	418
cg27320734	0.2331126587343527	418
cg04571944	0.23311241716207898	418
cg02517473	0.23310796300915354	418
cg00500167	0.23310669920077196	418
cg27533201	0.23310575685926113	418
cg14195198	0.23310251601902954	418
cg10642957	0.23310010258282032	418
cg00030466	0.2330974685638283	418
cg08212772	0.23309542797588312	418
cg08363278	0.23309501747487327	418
cg25166168	0.23309066667755748	418
cg07298081	0.23308923099482567	418
cg26450254	0.2330828343584433	418
cg05598886	0.2330827730075505	418
cg00438222	0.23307949037980508	418
cg11992426	0.23307944130697034	418
cg14393609	0.23307894335163062	418
cg13903917	0.23307822411175033	418
cg24136740	0.23306916495687272	418
cg25090742	0.23306747969493863	418
cg23036449	0.23306626306352674	418
cg22416051	0.23306332848483777	418
cg05271536	0.23306220318164264	418
cg15341911	0.23306086777250595	418
cg06220178	0.23305336853737596	418
cg06426011	0.2330526529219881	418
cg05664895	0.2330508518580534	418
cg19590511	0.2330433215729264	418
cg18485070	0.2330383533599274	418
cg08622675	0.2330382128822272	418
cg19266779	0.23303768683853848	418
cg16904243	0.23303603876504972	418
cg19270469	0.23303249631621922	418
cg10246774	0.233028745312133	418
cg03609292	0.23302650911475078	418
cg19882119	0.2330235224586816	418
cg00704299	0.23302290852414623	418
cg04361015	0.23301878165788562	418
cg09288470	0.23301647063184644	418
cg07551054	0.23300551142544243	418
cg08160862	0.23300089346588818	418
cg05570831	0.23300030236233935	418
cg07196216	0.2329966946988475	418
cg11681366	0.23299587509303946	418
cg23617848	0.23299579801721093	418
cg19483861	0.2329939368135959	418
cg25914109	0.23298600929864668	418
cg13603112	0.2329818585622505	418
cg00419855	0.23297759647929372	418
cg13320014	0.23297494290829202	418
cg08526784	0.23297352924142692	418
cg14611757	0.23297234997952962	418
cg25661931	0.23296869352298413	418
cg12449716	0.23296590528570457	418
cg09177238	0.23296210527693917	418
cg09045935	0.2329616375883766	418
cg00007324	0.23295822550128104	418
cg03007121	0.2329572353837855	418
cg09786329	0.23295687905531529	418
cg06647026	0.23295611369907454	418
cg08663109	0.2329534820894628	418
cg17892150	0.23295040400154982	418
cg24447680	0.23294974762813372	418
cg25590335	0.2329460094391118	418
cg23726178	0.2329444804645723	418
cg08268734	0.23294230208552838	418
cg22918120	0.23293823524540885	418
cg02300356	0.23293739120601162	418
cg22687547	0.23293655499875235	418
cg11668770	0.23293226790758226	418
cg26159030	0.23292931981348616	418
cg14462432	0.23292902577184843	418
cg05637065	0.23292901293850723	418
cg19694878	0.23292866181131555	418
cg27004801	0.23292855838965482	418
cg00474840	0.23292828953441272	418
cg19228665	0.23292822734967786	418
cg03031726	0.23292760745217508	418
cg04833819	0.23292754154894682	418
cg02980000	0.2329242746037213	418
cg01595997	0.23292242450158285	418
cg06292124	0.23291195140864743	418
cg13131263	0.23290485716163853	418
cg18671784	0.23290390216753137	418
cg27546908	0.23290327822254717	418
cg22630768	0.23290211672670397	418
cg01398299	0.23290005855083062	418
cg00412239	0.23289952137460387	418
cg14218838	0.2328986458323574	418
cg20422052	0.23289755402812035	418
cg20032789	0.23289726000965852	418
cg14409477	0.23289420403171612	418
cg06459454	0.2328933803919677	418
cg09856153	0.2328892256698778	418
cg19879265	0.2328804140902796	418
cg06785788	0.23288039258061913	418
cg14356272	0.23287666006623328	418
cg09271671	0.23287559869142535	418
cg10662901	0.23287403973045914	418
cg23055552	0.23286908556625635	418
cg09828310	0.23286828058950337	418
cg17124478	0.23286784448782427	418
cg10571824	0.2328649514723949	418
cg03653726	0.23286391323221106	418
cg23730222	0.23286210782861977	418
cg25535708	0.232860952819556	418
cg06498313	0.23286041408492666	418
cg22766368	0.23285901745467488	418
cg09588815	0.2328587980611057	418
cg10547527	0.23285037029397374	418
cg26784106	0.2328467550723769	418
cg06024796	0.2328457853362487	418
cg02343720	0.23284562810525294	418
cg10081138	0.23284493291074032	418
cg01566544	0.23284475499512602	418
cg08426940	0.2328353897948917	418
cg19471291	0.23283329806402867	418
cg19023585	0.2328242275056587	418
cg00825309	0.23282313587542852	418
cg17493839	0.2328230827610187	418
cg10090256	0.23282258716702028	418
cg07259732	0.2328223535979418	418
cg21905990	0.23282157378946405	418
cg08005093	0.2328203013691074	418
cg11910497	0.23281997873854623	418
cg01509715	0.23281954221368065	418
cg21128415	0.2328124591030282	418
cg07045221	0.23280758826080725	418
cg02459271	0.232804209047109	418
cg00612714	0.23279882651293368	418
cg03631743	0.23279704681539312	418
cg22820639	0.2327965888790578	418
cg02374982	0.23279339943372016	418
cg14074830	0.23278804978658973	418
cg14047153	0.2327878653474391	418
cg13934830	0.23278714863805045	418
cg03657244	0.23278451891407256	418
cg00542041	0.23278403112222054	418
cg07962882	0.23278389323923077	418
cg08569253	0.23277980021233494	418
cg26547741	0.23277401609698903	418
cg06492111	0.23277269730303088	418
cg20030796	0.23277034211409509	418
cg02283624	0.23277010922221145	418
cg14210321	0.23276693529140866	418
cg00701992	0.23276582435302193	418
cg06509362	0.23276576842608507	418
cg12090177	0.2327625909370982	418
cg00542775	0.23275913502938214	418
cg13880726	0.23275727218371292	418
cg11397581	0.23275690295672216	418
cg25814743	0.2327567991773666	418
cg23550947	0.23275372338417336	418
cg13476777	0.2327536628059002	418
cg27613473	0.23275158732604143	418
cg15483030	0.23275086315015645	418
cg05485379	0.2327453731835199	418
cg22494081	0.23274303670861965	418
cg11641840	0.23274281764867652	418
cg12205822	0.23273457009573767	418
cg08490589	0.2327251864714473	418
cg17397424	0.23272039230941347	418
cg08643618	0.2327194997082266	418
cg11594683	0.2327184241102817	418
cg13343549	0.2327176569283003	418
cg02674562	0.2327156280662617	418
cg05910633	0.23271177760738201	418
cg03528137	0.2327113384210699	418
cg20586210	0.23270949829945634	418
cg13479148	0.2327089147410935	418
cg19569013	0.232708564629338	418
cg04355077	0.23270411573838035	418
cg11136969	0.2327016298586301	418
cg03403686	0.23270119752946228	418
cg05745100	0.2326967295353621	418
cg00902147	0.23269638638753018	418
cg21225501	0.2326933450952755	418
cg13200354	0.23268875686815982	418
cg21865157	0.23268853255139832	418
cg09308375	0.23268758040589718	418
cg25975165	0.23268720366420367	418
cg13426839	0.23268707531282326	418
cg14127956	0.23268660642773845	418
cg22894589	0.23268634926355755	418
cg00367488	0.23268616741881104	418
cg15627628	0.2326849355152687	418
cg16097069	0.23268328923847595	418
cg15992532	0.23268215416630228	418
cg12528981	0.23267916441703215	418
cg01407254	0.23267741236391656	418
cg12928622	0.23267563006694347	418
cg10445527	0.2326716435391968	418
cg12633739	0.23267132024368198	418
cg02225988	0.23266995970821486	418
cg00554570	0.23266939268383824	418
cg24122283	0.23266904090395485	418
cg07124126	0.2326670946006821	418
cg20638467	0.23266533643778323	418
cg07023563	0.23266395735619322	418
cg13488284	0.2326637510093587	418
cg02828802	0.2326623499200273	418
cg05943731	0.23265990889069407	418
cg19648954	0.2326592049420064	418
cg26583088	0.23265881625688223	418
cg26275898	0.23265866413400083	418
cg25122402	0.23265675409125178	418
cg10085623	0.23265587977148255	418
cg15470261	0.23265512657481102	418
cg02954052	0.2326531276237184	418
cg06259406	0.23265106389713777	418
cg03051577	0.23265004327211533	418
cg13846098	0.23264805560230478	418
cg25512667	0.2326477926353753	418
cg23575124	0.23264680543489022	418
cg13480614	0.23264085099894158	418
cg07067448	0.23264043916757143	418
cg14429394	0.23264023226469444	418
cg03832227	0.23263996881452498	418
cg02602423	0.23263969307153082	418
cg06314643	0.23263103715641487	418
cg24191821	0.2326300186158692	418
cg13225272	0.23262898849205518	418
cg16266007	0.23262878190917416	418
cg19082909	0.23262569544330916	418
cg17947174	0.2326195581043823	418
cg14304073	0.232618678430941	418
cg06160221	0.23261754280396466	418
cg08021120	0.23261640288961574	418
cg01149677	0.23261620248135367	418
cg17552368	0.2326157259701691	418
cg07992594	0.2326118460287546	418
cg10930664	0.23261129568078817	418
cg18867605	0.23261125878325983	418
cg11109027	0.23260448962187186	418
cg19357305	0.23260348114314874	418
cg07222124	0.23260267617421906	418
cg09550697	0.23260027282584927	418
cg21182423	0.23260004453547597	418
cg00525828	0.2325965754717103	418
cg14402574	0.2325957876255489	418
cg14179220	0.2325955670356538	418
cg23320522	0.2325943825431502	418
cg18686833	0.232594215186536	418
cg17287998	0.2325940636851431	418
cg01909845	0.23259097252262628	418
cg00597492	0.23259038664362075	418
cg25247177	0.23258709866272614	418
cg17280995	0.23258535693009802	418
cg21303226	0.23258322047867092	418
cg04669470	0.23257913137680652	418
cg24658280	0.2325770550166469	418
cg21010435	0.2325766093893588	418
cg07449094	0.23257651455076012	418
cg13071306	0.2325748535870048	418
cg23231026	0.23257463780520962	418
cg11450272	0.2325741172776599	418
cg17221683	0.23257356071425975	418
cg05922771	0.23257352244562107	418
cg13715820	0.23257336196862818	418
cg10584587	0.23257260767640728	418
cg03784994	0.23256867730861952	418
cg23406642	0.23256810696829075	418
cg05880944	0.23256551356719854	418
cg26495537	0.2325633439655354	418
cg11800251	0.232561077838714	418
cg06704466	0.23255920210358577	418
cg02394578	0.23255850166433722	418
cg09714356	0.232554872443857	418
cg22214616	0.23255357318489558	418
cg05648345	0.23255313911091438	418
cg06535952	0.23255004439054616	418
cg26728390	0.23254976723301385	418
cg09869144	0.23254810133660003	418
cg19536075	0.23254494978395684	418
cg02064366	0.2325445590323872	418
cg18980210	0.23254404561892691	418
cg05373567	0.2325431680934735	418
cg25828259	0.2325426514040218	418
cg18679487	0.23253781273006058	418
cg07536914	0.2325376532138138	418
cg24902987	0.2325374666999726	418
cg22219795	0.23253701061777235	418
cg19215678	0.23253490038336877	418
cg08637123	0.23253041045995784	418
cg27290274	0.23252532262414216	418
cg26929323	0.23252389903881254	418
cg13666594	0.2325219411516537	418
cg03599658	0.23251966098289956	418
cg04992930	0.23251778764187886	418
cg10473100	0.2325166789509877	418
cg20602417	0.2325164372313757	418
cg26096090	0.23251005846168474	418
cg20541925	0.23250934539948181	418
cg00542545	0.23250781954706476	418
cg16974513	0.2325067053588631	418
cg23210522	0.2325045165099481	418
cg11274148	0.2325040346743414	418
cg15935257	0.23249332482518204	418
cg05282968	0.23249287367291305	418
cg24024505	0.23249260660891044	418
cg26950332	0.23249064017445922	418
cg22281638	0.23248712790875797	418
cg15344492	0.23248494158113822	418
cg26489080	0.23248123697901613	418
cg26641275	0.23247988050605672	418
cg19563062	0.23247963643081107	418
cg03046466	0.23247641144155243	418
cg01666550	0.23247568595167875	418
cg07259651	0.23247557869781307	418
cg00069815	0.23247457234731903	418
cg22255354	0.23247415602085622	418
cg20282303	0.23247258578251934	418
cg07608267	0.23247248179117574	418
cg10182244	0.23247180257553432	418
cg16331972	0.23247113830747318	418
cg14247862	0.2324685845269178	418
cg07858195	0.2324673756483049	418
cg06105987	0.23246567627502912	418
cg08694618	0.23246287339246105	418
cg02519504	0.23246209300291124	418
cg17104099	0.23246110736133585	418
cg08329471	0.23245664578960415	418
cg06890779	0.2324558132015656	418
cg01714160	0.2324546230139875	418
cg07335397	0.2324540688414546	418
cg18133145	0.23245243102980576	418
cg15330419	0.2324435790169753	418
cg18958339	0.23244247533098356	418
cg04985004	0.2324410742299176	418
cg22639352	0.2324407412279104	418
cg05064263	0.23243990840649653	418
cg27608756	0.2324399068469356	418
cg07046047	0.23243797502523358	418
cg24915751	0.232436944788501	418
cg15423797	0.2324360374118771	418
cg25630506	0.23243306204244954	418
cg11740194	0.23243228355753726	418
cg04396454	0.23243023714587527	418
cg24312850	0.2324266144147143	418
cg05661042	0.23242661337494794	418
cg08068630	0.23242628460901005	418
cg17318247	0.23242627501194144	418
cg10501310	0.23241833481349483	418
cg10179072	0.23241750858517202	418
cg03700461	0.23241674997754586	418
cg02715602	0.23241568931902934	418
cg05837235	0.23241534226209346	418
cg15395563	0.23241404365195217	418
cg04242446	0.23241297125053711	418
cg15885953	0.23241167254039594	418
cg10252516	0.23240986482096132	418
cg17279942	0.2324071033012359	418
cg05123067	0.23240567652828847	418
cg15996284	0.23240550566163462	418
cg20116491	0.23240491414952463	418
cg17209507	0.2324031872674352	418
cg03648690	0.23239937001524405	418
cg11759121	0.23239777901661685	418
cg07291317	0.2323948105656272	418
cg03800447	0.23239474198766394	418
cg19614694	0.2323936303357913	418
cg26014413	0.23239211423238942	418
cg09867669	0.23239153458252332	418
cg25440278	0.23238988551055362	418
cg27312391	0.23238446676774097	418
cg06322988	0.23238344519860274	418
cg15777335	0.2323828405666561	418
cg10885956	0.23238277415565803	418
cg09863094	0.23238041590589353	418
cg03854598	0.23237583619407912	418
cg25106572	0.23237381439689475	418
cg19287121	0.23237368826256552	418
cg13996397	0.23237176867338938	418
cg27013765	0.23237060575930546	418
cg24477778	0.23236979901473617	418
cg18364541	0.23236824931209368	418
cg13523014	0.2323671100013787	418
cg20243285	0.23236365504475964	418
cg07132441	0.23236228072307785	418
cg25454298	0.23236011152160588	418
cg12554051	0.23235987159200114	418
cg26624270	0.23235869712747942	418
cg19241352	0.23235754814669496	418
cg07421379	0.23235668114214936	418
cg04686778	0.23235399284945885	418
cg00630237	0.23235013057871734	418
cg13859833	0.23234878389751354	418
cg11842944	0.23234865905344035	418
cg15732530	0.23234315667768587	418
cg14512089	0.23234113714232257	418
cg11768416	0.2323399172878519	418
cg18582965	0.23233746230752905	418
cg11707310	0.23233675102649148	418
cg22949575	0.23233013152864943	418
cg07422408	0.2323258393695039	418
cg20735914	0.2323117897449198	418
cg25729585	0.23231061675029618	418
cg26369133	0.23231009512972722	418
cg23687021	0.2323091834096453	418
cg05632866	0.23230845866025196	418
cg27325462	0.23230764529310005	418
cg18187148	0.23230572597126548	418
cg24620436	0.2323007889578115	418
cg21045636	0.23229276585664313	418
cg15453260	0.23229187724598757	418
cg06858150	0.2322915541699907	418
cg25253636	0.2322902734334241	418
cg15784006	0.2322902055377506	418
cg27215236	0.2322891201117465	418
cg16964535	0.23228433806224644	418
cg25987871	0.23228252743933345	418
cg22066321	0.23228048334917697	418
cg20525229	0.2322791019408214	418
cg16908901	0.2322789966896718	418
cg22795345	0.23227894363554621	418
cg14657116	0.23227721267186788	418
cg13068653	0.23227304733946566	418
cg10817497	0.23227113768205773	418
cg20636319	0.23227010055416364	418
cg25899954	0.23227002784445114	418
cg16583863	0.23226550565898454	418
cg02443732	0.23226276835673143	418
cg00627798	0.23226105110221532	418
cg22066065	0.23226079445621695	418
cg20637405	0.2322604190052445	418
cg00974689	0.2322569241647152	418
cg03426194	0.23225647608564506	418
cg27044641	0.23225564868252863	418
cg00875911	0.23225254545715637	418
cg09052585	0.23224941027208051	418
cg17981943	0.23224842181592703	418
cg03245159	0.23224533724708848	418
cg12230250	0.2322392674046384	418
cg10733080	0.23223913356376902	418
cg18477188	0.2322377876635924	418
cg06932713	0.23223321876365313	418
cg06435511	0.23222837805755808	418
cg13887016	0.23222475090035005	418
cg20499506	0.23222299397805393	418
cg08773029	0.23222293992617635	418
cg09325679	0.2322222010201915	418
cg06069457	0.2322208475575725	418
cg08324759	0.23221526719134175	418
cg15897145	0.23221506228580885	418
cg15241633	0.23221364759492857	418
cg09539239	0.2322124798289829	418
cg07697256	0.23221242481264218	418
cg04539057	0.23221174505448391	418
cg02864619	0.23220895988230567	418
cg19891609	0.2322083467203719	418
cg23114771	0.2322067656705514	418
cg07759042	0.23220636413922285	418
cg12680106	0.23220432181490006	418
cg05218653	0.23220392409510868	418
cg01881136	0.23220357770601044	418
cg01561160	0.23220225454856885	418
cg27571676	0.23220134805519882	418
cg09142414	0.23219656375432782	418
cg12651540	0.23219347820818512	418
cg17331904	0.23219279791059785	418
cg17940805	0.2321865744248049	418
cg12151443	0.23218472291547831	418
cg23238709	0.23218450032009444	418
cg21182599	0.23218326772560308	418
cg01270038	0.23218122225505633	418
cg17339414	0.23217866212668026	418
cg11692435	0.2321772728589616	418
cg15390560	0.2321768639860101	418
cg17317690	0.23217511481815675	418
cg27191834	0.23217353240831431	418
cg09909417	0.23217173274660519	418
cg25156463	0.23217080897127298	418
cg23069923	0.2321689806230736	418
cg14623735	0.23216846424126777	418
cg07316743	0.23216709410935554	418
cg12596613	0.23216600406366997	418
cg22031783	0.23216221542594165	418
cg21131796	0.23216208127548846	418
cg14188969	0.2321589386133623	418
cg18155853	0.23215743961577434	418
cg16715667	0.23215679713841025	418
cg25290992	0.23215651674729948	418
cg02061253	0.23215424431446458	418
cg07993372	0.2321490673985369	418
cg13758347	0.23214688320644322	418
cg18861810	0.23214656811942058	418
cg06406822	0.23213787674103833	418
cg25137365	0.23213741218846748	418
cg12683200	0.2321273858934484	418
cg03371662	0.23212509408262066	418
cg10703481	0.23211951000921244	418
cg25389791	0.23211638841363721	418
cg17653955	0.23211302584607157	418
cg15635503	0.2321121896084119	418
cg00711542	0.23211116237843202	418
cg13645033	0.23210871910631856	418
cg12402427	0.2321082184584679	418
cg05304461	0.23210644180077974	418
cg08198330	0.23210635766915513	418
cg16388071	0.23210455340606823	418
cg19073447	0.23210398188175418	418
cg21222559	0.2321038493809062	418
cg14689317	0.23210349113739406	418
cg03147430	0.2321012201735675	418
cg19861147	0.23209960063825286	418
cg20056914	0.23209930086150127	418
cg03188200	0.23209775464293603	418
cg23968456	0.2320954207229316	418
cg01305849	0.23209496465944798	418
cg21791725	0.23209272736948516	418
cg03935783	0.23208912194574763	418
cg11151524	0.23208894145224357	418
cg13509401	0.23208886016285118	418
cg14837635	0.23208856033944805	418
cg03054424	0.2320863539962632	418
cg26925590	0.23208556179860312	418
cg13910836	0.23208311853963523	418
cg10215766	0.2320807357615252	418
cg07393419	0.2320779995861914	418
cg10347813	0.23207736483170419	418
cg02969873	0.2320771128446569	418
cg11556884	0.2320767030406161	418
cg26851659	0.23207570761454596	418
cg19806833	0.23207487001092808	418
cg17608440	0.23207344388548126	418
cg04397280	0.2320730809600154	418
cg19396363	0.2320729941514565	418
cg16282339	0.2320721259966865	418
cg03610629	0.23207119991019834	418
cg11492063	0.23206952767542566	418
cg18537476	0.23206638545607694	418
cg24641417	0.2320633296276094	418
cg17082727	0.23206092905443768	418
cg04795389	0.2320583054720965	418
cg19901994	0.23205611977593318	418
cg08754095	0.23205571754350787	418
cg25817800	0.23205366544380265	418
cg25918510	0.23205318078193454	418
cg27653399	0.23204781112944273	418
cg25485956	0.23204676464987678	418
cg12193249	0.23204614860294584	418
cg03743753	0.2320440789542117	418
cg21889263	0.2320413433070998	418
cg01521688	0.23203921485067072	418
cg10845886	0.2320379392894628	418
cg02520816	0.23203762797959251	418
cg11961702	0.2320369372553366	418
cg25970447	0.2320336371253074	418
cg11623677	0.2320327732266238	418
cg15213732	0.23202855644993906	418
cg24197734	0.23202375126513708	418
cg06322218	0.23201828936897093	418
cg05663173	0.23201745323304027	418
cg00028757	0.23201717409730352	418
cg02072002	0.23201399437667586	418
cg14645880	0.23201096718175873	418
cg12680957	0.23201079299620536	418
cg03754560	0.2320106877984257	418
cg22308467	0.2320090593443468	418
cg18470468	0.2320059832840815	418
cg23898827	0.2320045746815942	418
cg01315139	0.23200345386492233	418
cg00059240	0.23200207914322146	418
cg24217159	0.23199936358990222	418
cg21057271	0.2319979522046211	418
cg06268327	0.2319969014131184	418
cg18191138	0.2319965372243659	418
cg14969806	0.23198580501179245	418
cg21377260	0.2319856823619921	418
cg20865656	0.2319822086476441	418
cg01415527	0.23198105655576265	418
cg21664614	0.23197786619912042	418
cg21063361	0.23197772810104453	418
cg03466779	0.23197637864410103	418
cg24858417	0.2319741822247076	418
cg01792257	0.23197390858624725	418
cg16117789	0.23197215589550346	418
cg17933107	0.2319710810690285	418
cg22868225	0.2319689707337984	418
cg17701921	0.23196630626992937	418
cg11987316	0.23196171087142403	418
cg03329755	0.23195863224464483	418
cg14524897	0.23195806607118188	418
cg10325536	0.23195676888127675	418
cg02635644	0.2319547686064569	418
cg06651605	0.23195466836807335	418
cg27000161	0.23195358524401483	418
cg02432888	0.23195349660127726	418
cg20249949	0.2319534221567913	418
cg27209278	0.23194550809259354	418
cg27309155	0.23194495925307732	418
cg03108419	0.23194473820603848	418
cg12291586	0.23194460904853711	418
cg27312442	0.23194455883452295	418
cg18875831	0.23194196540070633	418
cg05409818	0.23193967929202045	418
cg26529484	0.2319387540593163	418
cg27297025	0.23193686799360444	418
cg10027422	0.23193598768486343	418
cg00081852	0.23193444519113046	418
cg17742293	0.23193291056309856	418
cg05483131	0.23193114807089368	418
cg05543025	0.23192924423967842	418
cg24810646	0.2319265461570052	418
cg26718707	0.23192498189714153	418
cg02956460	0.2319249017629359	418
cg04725566	0.23192209899852814	418
cg19597652	0.23192168585159248	418
cg18336957	0.23192128656963323	418
cg10983617	0.2319178411032194	418
cg00982641	0.23191721215745534	418
cg09190824	0.2319120262082818	418
cg10006956	0.2319114449757255	418
cg14111334	0.2319090989072958	418
cg05502279	0.23190739755715692	418
cg14483412	0.23190729166926077	418
cg26856871	0.2319062252166377	418
cg04574095	0.23190190950897566	418
cg14696662	0.23190098699541736	418
cg13639451	0.23189205368054006	418
cg16201095	0.2318906188777228	418
cg08613507	0.2318830228882679	418
cg17212008	0.2318818675771073	418
cg16875206	0.23188036819806976	418
cg27143749	0.23187585356687931	418
cg16441144	0.23187310419454682	418
cg10242372	0.23187297748413307	418
cg11917595	0.23187196883659772	418
cg24419520	0.23187072535108372	418
cg13980446	0.2318687598018201	418
cg13617047	0.23186562616304424	418
cg21613549	0.23186538578118718	418
cg00386984	0.23186297780246537	418
cg21499685	0.23186268984647976	418
cg17613810	0.23185497922758558	418
cg20363838	0.23185066707505173	418
cg25995995	0.23185041466576847	418
cg05246403	0.23184968446538948	418
cg19406975	0.23184940430691478	418
cg13441753	0.2318421952243303	418
cg06349762	0.2318410240558789	418
cg25447019	0.23183845047409188	418
cg26687441	0.2318332669342566	418
cg04621455	0.23183078589609757	418
cg08051322	0.23182938436940947	418
cg07416315	0.23182891976429246	418
cg20229989	0.23182823953381862	418
cg27420224	0.23182721534439518	418
cg14523246	0.23182675296108876	418
cg21059665	0.23182667369076995	418
cg03088725	0.23182484723637425	418
cg02933375	0.23181911992764762	418
cg05308744	0.23181807078099928	418
cg09438742	0.2318175498499464	418
cg11360098	0.23181710184531132	418
cg21084119	0.231815145231297	418
cg12640180	0.23181352659979318	418
cg14981422	0.231812953065573	418
cg21498950	0.23181190466734677	418
cg07130416	0.23180834968418168	418
cg17788536	0.2318073350202041	418
cg12028762	0.23180302641683356	418
cg10383396	0.23180229699646604	418
cg23475278	0.23180197031713662	418
cg25074317	0.2317972860590798	418
cg01892567	0.2317895900478996	418
cg25069907	0.2317875298914462	418
cg00074851	0.23178447989595136	418
cg02276763	0.23178277697731273	418
cg17325094	0.231781465939352	418
cg27048388	0.2317806797623385	418
cg24745316	0.23177932468663226	418
cg06535849	0.23177916035777318	418
cg06349717	0.23177891213840832	418
cg05902483	0.2317770706841434	418
cg05007472	0.23177237907769266	418
cg00961127	0.2317723659076228	418
cg18207410	0.23176670522311466	418
cg10172250	0.23176592835291834	418
cg07897659	0.23176537386136659	418
cg27003776	0.23176119163343947	418
cg08587397	0.2317600865263354	418
cg13983301	0.2317588767538851	418
cg27506254	0.23175777683109097	418
cg01410440	0.2317574048761098	418
cg04920535	0.2317564834701369	418
cg11203538	0.23174862007849975	418
cg08403428	0.2317453445424113	418
cg10128659	0.23174252335151663	418
cg07128895	0.23174220943410875	418
cg03647233	0.23174077912840407	418
cg10712687	0.23173948225158786	418
cg00313498	0.23173941840635345	418
cg26349395	0.23172884058018967	418
cg16928293	0.23172853853562955	418
cg22656126	0.23172604440402775	418
cg23675536	0.23172473751149797	418
cg16053281	0.23172157380172956	418
cg15746870	0.2317208948330885	418
cg19800026	0.23171968794096443	418
cg16694180	0.23171965421228413	418
cg07435269	0.23171943639498171	418
cg16964533	0.23171627789343976	418
cg00562750	0.23171361994535453	418
cg01425021	0.2317108639079542	418
cg10933428	0.23170991042940237	418
cg07992519	0.2317080135279056	418
cg06952288	0.23170714119820346	418
cg14040532	0.23170509602418313	418
cg11867666	0.2317045797188311	418
cg00711584	0.23170374330456855	418
cg08104981	0.23170366915369614	418
cg04020211	0.2317009374387992	418
cg23112651	0.2316990649346135	418
cg06087623	0.23169773920636477	418
cg03498038	0.231697647562504	418
cg25630594	0.23169697931261882	418
cg27090289	0.2316954618243087	418
cg05358397	0.23169177439097668	418
cg20853569	0.23168722585691098	418
cg19707379	0.23168541425262223	418
cg03427771	0.23168509603377357	418
cg23847089	0.23168393627659378	418
cg07279214	0.23168132466016259	418
cg03633861	0.23167909532680464	418
cg22049485	0.23167682480586557	418
cg21478921	0.2316751498941583	418
cg19593255	0.23167113593797797	418
cg17420036	0.23166944380713597	418
cg27475586	0.23166717683171037	418
cg07002602	0.23166558904067203	418
cg09536474	0.23166272344333375	418
cg00683655	0.23165997137186975	418
cg00490648	0.23165797399250185	418
cg14447710	0.23165501973737518	418
cg00710249	0.23165120922489515	418
cg26851650	0.231650568790371	418
cg10639613	0.23164992339995855	418
cg15893929	0.23164748919238295	418
cg12359503	0.23164709895229024	418
cg11753771	0.23164613000601772	418
cg00071408	0.23164529507071344	418
cg27550372	0.23164499309947625	418
cg09782726	0.2316382440688479	418
cg10906102	0.2316338772378309	418
cg06372919	0.23163171167889648	418
cg11569374	0.23163103483742584	418
cg21964889	0.23162778171403317	418
cg06950634	0.23162696985784792	418
cg10152624	0.23162417742086897	418
cg13920364	0.23162403783798552	418
cg10966235	0.23162374315433126	418
cg26109897	0.23162339929277515	418
cg12644927	0.2316232854361613	418
cg09596260	0.23162187159635722	418
cg05231478	0.23162054123889678	418
cg02281446	0.23161437064272405	418
cg13556818	0.23161392384196927	418
cg06708390	0.23161244149306606	418
cg10504108	0.2316113156688363	418
cg05601199	0.2316091758989881	418
cg24673955	0.23160586847287395	418
cg01739381	0.2316054047904663	418
cg24782291	0.23160438527104224	418
cg10562681	0.23160023605509547	418
cg04864755	0.231595879465532	418
cg25522232	0.23159487473756615	418
cg19738904	0.23159368469596642	418
cg16372156	0.2315926603327663	418
cg16353049	0.23159262186905213	418
cg26863085	0.2315919852803636	418
cg27217110	0.23159138553600517	418
cg01816411	0.231590684399015	418
cg18315935	0.23159062836297187	418
cg27539858	0.2315881833353953	418
cg15451729	0.23158292958882704	418
cg00882770	0.23157964296918307	418
cg19964809	0.23157656762974294	418
cg03900355	0.23157592080018025	418
cg09760200	0.23157539793405152	418
cg06576079	0.2315743935542306	418
cg23231268	0.23157357952792565	418
cg24140574	0.2315721512897317	418
cg16592491	0.23157080202393787	418
cg01548142	0.23156907223592513	418
cg04897892	0.23156583888822851	418
cg05887749	0.23156424733964223	418
cg14847236	0.23156227092688006	418
cg18222602	0.2315581602439273	418
cg08185061	0.23155800237749516	418
cg03222382	0.23155692627310884	418
cg12361165	0.23155587518069548	418
cg05544715	0.23155537260304554	418
cg07697189	0.23155379274628124	418
cg05705335	0.23155284667628162	418
cg01379400	0.23155282127699045	418
cg25307077	0.2315526642102713	418
cg01720945	0.23155164634279155	418
cg16427698	0.23155110567305712	418
cg26452369	0.23154138568635457	418
cg26307355	0.23154056709662701	418
cg22356839	0.23154017085670203	418
cg12483984	0.23153886757615333	418
cg09373983	0.23153840751880903	418
cg17649599	0.2315346328510229	418
cg14108492	0.231533027923557	418
cg26166817	0.2315319923239954	418
cg18068923	0.23152814195600313	418
cg21941223	0.23152710687858577	418
cg17956530	0.2315253101451819	418
cg01250155	0.2315240269903345	418
cg09225293	0.23152297796871701	418
cg15995704	0.23152120731582576	418
cg11314274	0.231520940644632	418
cg05012516	0.23152032655144372	418
cg08862452	0.23151778472028953	418
cg06314184	0.23151716038073153	418
cg01273613	0.23151385324799145	418
cg07510611	0.2315111718785425	418
cg22432041	0.23150769151627504	418
cg14635160	0.23150666512040816	418
cg19983870	0.2315017757938514	418
cg10489284	0.23150153786542632	418
cg10978983	0.2315014994434156	418
cg14541460	0.23149939445567871	418
cg08322747	0.2314980569113813	418
cg02296145	0.23149769994258673	418
cg14767944	0.23149321129547537	418
cg12900690	0.2314881051187097	418
cg15124343	0.2314864158734123	418
cg25614269	0.23148581416218023	418
cg05043909	0.23148573502822276	418
cg07388482	0.23148358919136086	418
cg01824252	0.23148342033406946	418
cg07508942	0.23148273491961519	418
cg16434156	0.23148082106630977	418
cg00083801	0.23148081609098062	418
cg06857837	0.2314806033089083	418
cg06873315	0.23147955046921648	418
cg08321920	0.2314779049496353	418
cg09863384	0.23147756827798924	418
cg03142856	0.23147719862883315	418
cg18527276	0.2314742572087599	418
cg15198247	0.23147054405224876	418
cg21523812	0.23146557893753925	418
cg26374294	0.2314654854415219	418
cg25223552	0.2314654271320292	418
cg26573492	0.23146398453011896	418
cg21101726	0.23146395598366387	418
cg06835018	0.23146322435494313	418
cg07419396	0.23145480608828667	418
cg17989581	0.23144808985494159	418
cg04741861	0.23144419005720776	418
cg10059178	0.23144318078152465	418
cg15142488	0.2314411664691877	418
cg12198495	0.23143975817323637	418
cg16547081	0.23143831087612973	418
cg21880624	0.2314373616081763	418
cg02698622	0.2314369443963159	418
cg00456593	0.2314326209168161	418
cg21356851	0.23143255551631392	418
cg13089599	0.2314295434226106	418
cg22245494	0.2314269521549589	418
cg07062847	0.23142643212123365	418
cg21472517	0.2314250936205985	418
cg10681137	0.23142501283433378	418
cg09436823	0.23142317362555553	418
cg08906747	0.23142175215390845	418
cg05370471	0.2314184257288339	418
cg22521924	0.23141470909995074	418
cg01753252	0.23141454706744607	418
cg02152290	0.23140699159342623	418
cg04270982	0.23140618116603087	418
cg15528519	0.23140243682482053	418
cg15597136	0.23140224130206483	418
cg14270002	0.23140089769952119	418
cg26075905	0.2313998412050883	418
cg04065880	0.23139984097951424	418
cg05656763	0.23139869902620458	418
cg23646541	0.23139795834921867	418
cg11269212	0.23139466843372025	418
cg00758420	0.231394502372732	418
cg26665209	0.2313936296128877	418
cg13279192	0.23139179243452684	418
cg18456456	0.2313880891512984	418
cg04387739	0.2313879195814607	418
cg10182243	0.23138785710814275	418
cg19426459	0.23138757112682218	418
cg07572348	0.23138653907362486	418
cg14916228	0.231385692349894	418
cg07056289	0.23137777945809015	418
cg03307425	0.2313777246785281	418
cg05413258	0.23137692542863111	418
cg08699640	0.23137492334332477	418
cg01352076	0.2313735853530738	418
cg20724189	0.231373537424152	418
cg03307749	0.23137343283786863	418
cg12247500	0.2313725934271994	418
cg16413428	0.23137015828755322	418
cg17257554	0.23137009230992003	418
cg25161161	0.23136636054375018	418
cg20253172	0.23136209386431209	418
cg26545112	0.23136093475933817	418
cg19504661	0.23136029538257855	418
cg09327694	0.23135980380345972	418
cg23918130	0.23135762751154046	418
cg27434863	0.23135352873505513	418
cg08100536	0.23135220481226837	418
cg11717552	0.2313519569082136	418
cg22136672	0.23135068731261327	418
cg01125214	0.23134829027456028	418
cg17051395	0.2313470919881998	418
cg13798431	0.23134201333893692	418
cg21252280	0.23133846875192546	418
cg01842473	0.2313359515749202	418
cg23306089	0.2313319599369897	418
cg13771378	0.2313275279042924	418
cg12530191	0.23132654040403328	418
cg18502727	0.2313262875936044	418
cg05364072	0.2313250516535347	418
cg14016587	0.23132358911561596	418
cg18807030	0.231319873139277	418
cg15479073	0.23131529511964743	418
cg21657896	0.2313139808235806	418
cg01601999	0.23131383756318113	418
cg15322500	0.23131348500463386	418
cg15077087	0.23131319998998195	418
cg06219351	0.23131300201341534	418
cg04591132	0.2313094337817989	418
cg03228408	0.23130871755150495	418
cg16642517	0.2313067811118125	418
cg03218198	0.23130568628285667	418
cg09227533	0.23130175404905745	418
cg25372722	0.2312989105390235	418
cg09921392	0.2312975633640001	418
cg08679134	0.23129733623758628	418
cg04821387	0.23129662678055815	418
cg08144278	0.23129362338220005	418
cg07341141	0.2312920632657124	418
cg17560070	0.23129149336902372	418
cg11036893	0.23129139268900828	418
cg01879273	0.23129126140664105	418
cg23175428	0.23129023196624615	418
cg05224662	0.23128833760775572	418
cg09234297	0.23128826868715585	418
cg26559250	0.23128514016796767	418
cg16652332	0.23128371441837892	418
cg22131217	0.2312831386226952	418
cg19628771	0.23128115677706976	418
cg10412286	0.23128018176565426	418
cg03000485	0.23127974114471467	418
cg14698794	0.23127922242797863	418
cg05684665	0.2312788607224126	418
cg10239600	0.23127880793793815	418
cg17400609	0.2312777972961366	418
cg18398930	0.2312757832473266	418
cg23299476	0.231260505553969	418
cg23395165	0.2312581097242763	418
cg24861253	0.2312580564073458	418
cg12152420	0.23125602842612272	418
cg10032110	0.2312553209639303	418
cg13082654	0.23125250967453256	418
cg22702833	0.23125170455498867	418
cg04337538	0.23125070899145084	418
cg15048972	0.23124672401068716	418
cg25484712	0.23124629351256817	418
cg20204701	0.23124473086744818	418
cg26426162	0.23124439217185344	418
cg05188358	0.2312438308749625	418
cg00457258	0.23124259974377548	418
cg00409636	0.23124238743142583	418
cg26994253	0.23124165348947165	418
cg10118784	0.23124119755813682	418
cg02695704	0.23124105724940208	418
cg24274164	0.23123911572488723	418
cg09633140	0.2312325410783869	418
cg08866814	0.23123165440951687	418
cg05293502	0.2312315307234234	418
cg26834624	0.2312292849943772	418
cg24359671	0.23122836769622865	418
cg09275921	0.23122728500368636	418
cg07146558	0.23122607583723795	418
cg04872075	0.23122605298172838	418
cg11129982	0.23122086980730755	418
cg10816243	0.2312199177859061	418
cg10754777	0.2312166644705819	418
cg21429725	0.2312159616880381	418
cg22886393	0.23121554128370977	418
cg04213845	0.23121547013049107	418
cg02400611	0.23121538278666673	418
cg25179686	0.23121537297421554	418
cg01735558	0.2312146478299175	418
cg27521684	0.23121450133818652	418
cg08983966	0.2312127253803783	418
cg11025757	0.23121107737629354	418
cg08952239	0.23121007151667988	418
cg03746964	0.23120915829123648	418
cg00972522	0.23120011021039527	418
cg21201494	0.23119757685863335	418
cg22700036	0.2311967068898955	418
cg15822010	0.23119624074826156	418
cg14559799	0.2311939921047406	418
cg08455111	0.2311939714865829	418
cg15707332	0.23119384914154978	418
cg24676740	0.2311932174124782	418
cg04290133	0.2311926780614781	418
cg00118712	0.23119195823721206	418
cg19539224	0.23118961693882728	418
cg17609111	0.23118935241733876	418
cg24185124	0.23118621556472516	418
cg14923398	0.23118569099084527	418
cg16577247	0.23118538808024663	418
cg25612752	0.23118276263998272	418
cg04591563	0.2311799383174305	418
cg00530568	0.23117932817729292	418
cg06972615	0.23117267099382366	418
cg11540553	0.23117158511738994	418
cg02359773	0.23116838616406318	418
cg11192877	0.23116656678275652	418
cg21620087	0.23116617070354026	418
cg26804360	0.23116429383291395	418
cg01017397	0.23116392534693947	418
cg18980554	0.2311638553697113	418
cg09299390	0.2311625429052697	418
cg10788674	0.23115816533842554	418
cg00152646	0.2311553656416441	418
cg04700823	0.23115477305308416	418
cg12010544	0.23115150854289396	418
cg03569524	0.23114710190836898	418
cg13976544	0.23114709793018737	418
cg05372597	0.2311461812175524	418
cg18317492	0.23114423674582196	418
cg10136166	0.23114349753929514	418
cg24408776	0.23114218585769386	418
cg19209269	0.23114181466363137	418
cg26342907	0.23114175492418917	418
cg02537309	0.2311395872183384	418
cg11115134	0.2311383941722224	418
cg12370175	0.2311372508014846	418
cg02517519	0.23113658771508555	418
cg04735960	0.23113440125085297	418
cg18235167	0.23113367445414165	418
cg22647065	0.2311322072260931	418
cg17124430	0.23113168458792463	418
cg10702755	0.23113139883809777	418
cg25095934	0.23112921155181843	418
cg06521088	0.2311285832685883	418
cg25940827	0.23112772572850618	418
cg05887513	0.23112771229644855	418
cg21810245	0.23112747954349475	418
cg04279832	0.2311253601461479	418
cg18729130	0.231123422036045	418
cg11017923	0.23112076700201956	418
cg10099518	0.23111915070845354	418
cg20684718	0.23111864323457454	418
cg04226092	0.23111741919797854	418
cg22655988	0.2311156189723947	418
cg00715343	0.23111022318069738	418
cg21893154	0.23110785788289964	418
cg03290511	0.23110738868216565	418
cg13998281	0.23110661604247942	418
cg10627737	0.2311049375162295	418
cg16448399	0.23110283690005848	418
cg14594696	0.23110005670651484	418
cg00674415	0.23109900487572116	418
cg26828131	0.23109887614897387	418
cg13214005	0.2310960766026585	418
cg25503497	0.23108995089380327	418
cg07772128	0.23108881921135782	418
cg13413387	0.23108786453544017	418
cg15166058	0.23108384997750994	418
cg07294717	0.23108118038795905	418
cg03592411	0.23108099689344655	418
cg24586870	0.23107780411035025	418
cg13980079	0.2310765496509273	418
cg07792858	0.23107502408341954	418
cg14116561	0.23107126075981313	418
cg25310447	0.23106931245460435	418
cg07135408	0.23106711493575394	418
cg25617307	0.23106670279204342	418
cg01816814	0.231066646704254	418
cg23098168	0.23106609130093508	418
cg10992527	0.2310645094994174	418
cg16012536	0.23106395305406408	418
cg24649269	0.23106333860580733	418
cg10706293	0.2310599985337848	418
cg10318197	0.23105918420051327	418
cg05678789	0.23105530067049793	418
cg24876492	0.23105473691734152	418
cg08714895	0.23105421670977136	418
cg12982893	0.23104906129223735	418
cg03246954	0.2310469747975787	418
cg01759672	0.2310462757504562	418
cg05324014	0.23104130058908992	418
cg10509185	0.23103882228771183	418
cg12699044	0.23103604968606145	418
cg26224791	0.2310340700593427	418
cg23897377	0.23103124341533335	418
cg04919811	0.2310306494949549	418
cg05360371	0.2310292043049634	418
cg05752653	0.2310240070368832	418
cg17243540	0.2310206644848256	418
cg04961397	0.23101817975813668	418
cg19936614	0.231015355972247	418
cg17276794	0.2310145051478267	418
cg21553700	0.23101380194668147	418
cg18015844	0.23101226618370907	418
cg02654923	0.23101164065452004	418
cg06187344	0.2310094447244518	418
cg21553283	0.23100846930732427	418
cg24501315	0.23100815908255626	418
cg22586192	0.23100727350880668	418
cg10650987	0.23100578022244034	418
cg10299941	0.23100566006635323	418
cg21890309	0.23100500561296997	418
cg03196627	0.2310043658534792	418
cg07925615	0.23100435581773154	418
cg24107899	0.23100330440258288	418
cg00422714	0.23100042953481595	418
cg24002071	0.23099903196811591	418
cg03628871	0.23099835269442912	418
cg21577007	0.23099823135335257	418
cg00243187	0.23099741155667816	418
cg11745755	0.2309973487233211	418
cg26008260	0.2309946276468233	418
cg14697425	0.23099378125757986	418
cg01698145	0.23099135541585245	418
cg00459351	0.23099128818444326	418
cg05460425	0.2309881081174764	418
cg20447301	0.23098711128550622	418
cg09467078	0.2309836643158742	418
cg04747957	0.2309814819356242	418
cg26796793	0.23097967133214567	418
cg02225054	0.23097708578161782	418
cg08455021	0.23097526916767683	418
cg07622575	0.23097307560148633	418
cg10427811	0.23097018565598812	418
cg26733331	0.2309690736625258	418
cg16467854	0.23096762663393183	418
cg03693714	0.2309637877468484	418
cg02228420	0.23096329244559208	418
cg01967073	0.23095885076306732	418
cg06100967	0.23095849812529362	418
cg26101170	0.23095764903884267	418
cg14965611	0.23095761422429475	418
cg17519011	0.23095577405429174	418
cg11642797	0.23095518928082595	418
cg25827936	0.2309534001094685	418
cg03674224	0.2309513109847647	418
cg27554347	0.23095079585612863	418
cg07997195	0.23095042490005618	418
cg15537990	0.2309480592181457	418
cg06765579	0.23094345872137811	418
cg14499933	0.2309425354295946	418
cg00487848	0.23094144567752822	418
cg08666152	0.2309409908283524	418
cg15532408	0.23094027585895555	418
cg07805940	0.23093899317996072	418
cg18898690	0.2309369334318856	418
cg22672282	0.23093584226292588	418
cg13725599	0.23093387362207896	418
cg22752869	0.23093165782044453	418
cg20804581	0.2309307868637411	418
cg06819865	0.23093070798257861	418
cg17501712	0.23092956020630764	418
cg27336518	0.23092929950377947	418
cg13836954	0.23092772503791828	418
cg15626629	0.23092481079320595	418
cg26674331	0.23092454645820007	418
cg03591123	0.23092405792715945	418
cg00646185	0.23092305683479478	418
cg14941975	0.23092070668878426	418
cg06529996	0.2309199535378546	418
cg09351623	0.23091302277010292	418
cg17866044	0.2309100336119618	418
cg06449623	0.23090988378882762	418
cg19421371	0.23090873443772064	418
cg02695267	0.2309070492735744	418
cg15744869	0.23090195654160967	418
cg08202708	0.23090147052515206	418
cg19419389	0.2309011234724797	418
cg02920514	0.23089850155793645	418
cg08266619	0.23089770704403564	418
cg02052242	0.23089582670969688	418
cg25588480	0.2308946180885896	418
cg13552315	0.23089432622676384	418
cg00745731	0.23089277779009396	418
cg14587902	0.2308921169976303	418
cg00352560	0.23088901125158595	418
cg10192265	0.23088722588338687	418
cg20378837	0.2308840744729616	418
cg16851437	0.23088237501117959	418
cg14897843	0.23088185417964477	418
cg27043159	0.2308798401049456	418
cg05289496	0.23087912084182818	418
cg13416893	0.23087869760092763	418
cg11784742	0.23087818981963573	418
cg16581085	0.23087720415473567	418
cg03851192	0.23087675733602156	418
cg16975316	0.2308758672281513	418
cg11025118	0.23087545721838706	418
cg09582314	0.23087433038299854	418
cg23450399	0.2308712445836315	418
cg16825211	0.23087114673611842	418
cg17846497	0.23087048606713337	418
cg26876001	0.230870048755818	418
cg15730967	0.2308665313668631	418
cg24760768	0.23086606790642505	418
cg08409804	0.23086588124899332	418
cg17187595	0.23086375481852345	418
cg04419012	0.2308631948959828	418
cg13846960	0.23086174344203436	418
cg22275765	0.23086131635664012	418
cg02941580	0.23086026060916404	418
cg00011460	0.23085889130836867	418
cg04953292	0.23085820237902224	418
cg20259594	0.2308549986327732	418
cg08693424	0.2308536611664273	418
cg03372659	0.23085001090365243	418
cg26766985	0.23084862589604363	418
cg27310827	0.2308467921132553	418
cg09911016	0.23084212303464346	418
cg04928049	0.2308371422200347	418
cg00409552	0.2308365425671552	418
cg21580588	0.2308359578311217	418
cg04737166	0.23083419072790162	418
cg08641003	0.23083325237341623	418
cg26653052	0.23083253492610548	418
cg27444290	0.2308313143583221	418
cg06444161	0.23083084358918568	418
cg01061697	0.23082964326806243	418
cg01233786	0.2308264628568749	418
cg18463580	0.23082592361067325	418
cg03697509	0.23081721570515923	418
cg25519281	0.23081642023928914	418
cg20714708	0.23081534557635605	418
cg25399267	0.23081396190254944	418
cg24385450	0.23081367581731463	418
cg22571278	0.2308115909356633	418
cg09187740	0.2308093641742108	418
cg16123421	0.23080706119996866	418
cg25840179	0.23080692119034849	418
cg27083891	0.2308068610694428	418
cg13419400	0.23080481807415518	418
cg05706173	0.23080437907189835	418
cg01693174	0.23080165367433023	418
cg10494257	0.23080068073200724	418
cg26698744	0.2307996110507259	418
cg18545655	0.23079788386484107	418
cg24682801	0.23079771264974663	418
cg27049096	0.23079548119303578	418
cg18389845	0.23079104939518644	418
cg00861411	0.23078945041922647	418
cg18103236	0.23078941031261854	418
cg16999122	0.2307888758559986	418
cg24090908	0.23078848296937995	418
cg26873457	0.23078827570917373	418
cg00162921	0.2307877158680798	418
cg03313451	0.23078528558387845	418
cg12548057	0.23078474277902017	418
cg13564933	0.23078191111195073	418
cg08757721	0.23078146749325676	418
cg07482826	0.2307811575658619	418
cg01275006	0.23077825267279742	418
cg27053785	0.23077786385464552	418
cg12062537	0.23077672247520772	418
cg00147216	0.23077664036316445	418
cg21270593	0.23077447455209602	418
cg13376306	0.23077274040296472	418
cg04770433	0.23077265859170537	418
cg10831684	0.23077205729062053	418
cg21204139	0.230766387715136	418
cg18606700	0.23076509296939723	418
cg26786172	0.2307639855635135	418
cg05310784	0.2307623959854879	418
cg05997116	0.23076091093020829	418
cg19840493	0.23075722325786738	418
cg19463982	0.23075578354321027	418
cg24979558	0.2307544256319006	418
cg26605046	0.23075211879948762	418
cg20308204	0.23074637438820048	418
cg12195230	0.23074223445201045	418
cg24913168	0.23073496768764953	418
cg13224075	0.23073333819947822	418
cg13320898	0.23073069648393996	418
cg11068784	0.23073029713540116	418
cg21757740	0.23072762450545634	418
cg12517318	0.23072711312259456	418
cg08927260	0.23072670282345434	418
cg24009439	0.2307248548745262	418
cg04130656	0.23072245795265317	418
cg22988768	0.23072220282171116	418
cg01272937	0.2307196099919462	418
cg24938752	0.23071907074024584	418
cg05607388	0.23071832054368518	418
cg07976816	0.23071829839921404	418
cg10464656	0.23071411677828674	418
cg21637015	0.2307121262897793	418
cg11305135	0.23071091509960093	418
cg13661094	0.23071081176867078	418
cg25683963	0.23070828077116085	418
cg02008951	0.23070825757021374	418
cg02845274	0.23070558095577284	418
cg13901539	0.2307040639490574	418
cg11229797	0.23070402481080066	418
cg20435464	0.23070323108723295	418
cg08609037	0.2307016259721847	418
cg20306425	0.2306982057849188	418
cg26442107	0.23069722317225042	418
cg04239911	0.23069487950405426	418
cg25816814	0.2306941966762406	418
cg25178784	0.2306935014109593	418
cg18250135	0.23069349332989714	418
cg02552868	0.2306933257338533	418
cg16270079	0.23069281151968957	418
cg24425531	0.23069137880074309	418
cg06820907	0.2306910802692013	418
cg03718254	0.23068807195666244	418
cg19812400	0.23068452075164625	418
cg20000946	0.23068237862491997	418
cg17624832	0.2306818726112288	418
cg24299143	0.23068126126027708	418
cg12491805	0.2306784319654681	418
cg22939524	0.2306784298345493	418
cg22301664	0.23067840426662273	418
cg17410974	0.23067689957780144	418
cg05424527	0.23067649468945228	418
cg18070630	0.23067412102587587	418
cg27099880	0.23067392050752886	418
cg18077249	0.23067262009905257	418
cg19790877	0.23066998503371558	418
cg24412939	0.2306681788752163	418
cg08160891	0.23066752043122468	418
cg05625955	0.2306674458604696	418
cg07348339	0.23066581582050197	418
cg11410726	0.23066380762539915	418
cg17057098	0.23066251168839136	418
cg14970386	0.2306612165756062	418
cg17032565	0.2306599205213277	418
cg05019381	0.23065448146682607	418
cg26792576	0.230653467210819	418
cg19763291	0.23065288579327625	418
cg24689794	0.23064704658792712	418
cg03631459	0.23064692681283092	418
cg12280692	0.23064523904713563	418
cg19923417	0.23064394328359214	418
cg16828585	0.23064383601726748	418
cg08942080	0.23064262307079128	418
cg11168432	0.2306420443965251	418
cg17607620	0.23064200881774044	418
cg05913925	0.23064094845871336	418
cg22631918	0.23064091878781404	418
cg12861193	0.23063544252516846	418
cg08452456	0.23063491517947993	418
cg17880371	0.23063084081681287	418
cg04265957	0.23062903610960142	418
cg06705004	0.23062781155955958	418
cg05991342	0.23062671216388567	418
cg19147804	0.23062663489573362	418
cg19803550	0.23062375591193704	418
cg09869286	0.23062300459229543	418
cg27244082	0.23062000595397456	418
cg01896656	0.2306196776094784	418
cg07664760	0.23061488045698803	418
cg05247799	0.2306120566320045	418
cg02973843	0.23061129232548816	418
cg11580575	0.23060898288764556	418
cg16617758	0.23060669753677132	418
cg06860288	0.2306059122774579	418
cg20618448	0.23060536774341125	418
cg11302515	0.2306046356743723	418
cg10924857	0.23060327273462905	418
cg21292301	0.23060316402360279	418
cg13914990	0.23059842361023847	418
cg26102082	0.2305973997269518	418
cg00639517	0.23059722879451125	418
cg04915281	0.23059676226719408	418
cg18769421	0.2305962108325604	418
cg14778721	0.23059396470068663	418
cg00110724	0.2305923859599957	418
cg12335414	0.230592353150375	418
cg14969015	0.2305914096290582	418
cg12931616	0.2305879841778748	418
cg02662604	0.23058782914578396	418
cg24589334	0.23058465009698376	418
cg25198326	0.2305826943928873	418
cg07930257	0.23058210538847185	418
cg07402411	0.2305809103421474	418
cg06542580	0.23057892044047315	418
cg10634317	0.23057890028077993	418
cg22260982	0.23057883571665844	418
cg21226273	0.23057770699789829	418
cg18114708	0.23057653808495585	418
cg08336687	0.23057506948252277	418
cg13990976	0.230572463000403	418
cg15190747	0.23057157400100056	418
cg23237856	0.23056998932181283	418
cg26911267	0.2305675413784786	418
cg01449677	0.23056532483781328	418
cg06233328	0.23056444554977068	418
cg02144266	0.23056327095097734	418
cg27298526	0.2305607869573334	418
cg13314057	0.2305603739401282	418
cg23441673	0.23055952243942138	418
cg05678191	0.2305587043907879	418
cg09563228	0.230556891596756	418
cg15057747	0.2305547148695662	418
cg12650267	0.23055361659564091	418
cg12446642	0.23055248498021452	418
cg14220678	0.230548135236438	418
cg18675616	0.2305446496639021	418
cg00022059	0.2305431348322613	418
cg19216660	0.2305424771498878	418
cg01014438	0.2305410032730516	418
cg26394008	0.2305388112412267	418
cg07346603	0.2305361668379707	418
cg08030934	0.23053443791543207	418
cg07049323	0.23053148598996848	418
cg02737517	0.23052907395681999	418
cg14024126	0.23052846988855694	418
cg04909259	0.23052737260544606	418
cg19287714	0.23052571163599264	418
cg19719329	0.23052501592153385	418
cg17367545	0.23052490012329607	418
cg01007350	0.2305248538990497	418
cg12112229	0.23052379080942623	418
cg05639624	0.23052354608200737	418
cg13037081	0.23052338921357232	418
cg05338724	0.2305189001687012	418
cg19719355	0.2305175819586945	418
cg09266881	0.2305157089271228	418
cg04791242	0.23051467087000033	418
cg11711015	0.23051365049065015	418
cg00016238	0.23051276158397696	418
cg00931124	0.23050813722011784	418
cg11282220	0.23050790800592025	418
cg00107914	0.23050706164510476	418
cg15578948	0.23050700256686993	418
cg16419019	0.2305066309511846	418
cg21163327	0.23050494834058238	418
cg12514963	0.23050269068722268	418
cg10576032	0.23049942954160638	418
cg07805959	0.23049903259298574	418
cg01113012	0.23049779097040354	418
cg03357006	0.2304955187240643	418
cg21382589	0.23049525165819185	418
cg20478327	0.2304946506785982	418
cg00339430	0.23049270976352362	418
cg27008843	0.23048802685717062	418
cg25915919	0.23048780092803414	418
cg02672592	0.2304867937540282	418
cg01813877	0.23047563607806182	418
cg03681679	0.23047555365816733	418
cg25438683	0.23047407507377587	418
cg15022051	0.23047360886304577	418
cg02383651	0.23047340911500377	418
cg08468299	0.2304728779780413	418
cg26803868	0.23047086264716554	418
cg11198097	0.23046844031122002	418
cg16841189	0.2304682881773591	418
cg06698598	0.23046799334748444	418
cg08376117	0.23046779074690985	418
cg06430465	0.23046603918385042	418
cg21258377	0.23046459910449504	418
cg26604191	0.23046171631966705	418
cg17848002	0.2304610494132164	418
cg04346228	0.23045987993266437	418
cg09145778	0.2304598394441699	418
cg05565277	0.23045948468476438	418
cg26537561	0.23045615594230734	418
cg20104243	0.23045325553319473	418
cg02519772	0.2304527417897838	418
cg13465645	0.23045229155919347	418
cg10501210	0.23044979752115669	418
cg24309040	0.23044476755042576	418
cg03790022	0.23044004081690092	418
cg14430286	0.23043834310265326	418
cg00164462	0.23043508756158215	418
cg24395045	0.2304333639990015	418
cg10549338	0.23043336337123982	418
cg18749563	0.2304321636865492	418
cg01877967	0.23043156735819123	418
cg23104930	0.23043125462488873	418
cg08430886	0.23043111096309848	418
cg09126038	0.23043094217599439	418
cg03522743	0.23042904470400397	418
cg18293441	0.23042623437654564	418
cg13461718	0.23042485955959427	418
cg13489279	0.2304235369487457	418
cg16477196	0.2304186643758218	418
cg13681781	0.23041775484953825	418
cg12437197	0.23041708606078626	418
cg17971086	0.23041614097599883	418
cg22934785	0.23041499715374736	418
cg00632358	0.23041157447116012	418
cg15816084	0.23041135587000877	418
cg09848445	0.23041068333754586	418
cg09061454	0.23040830302063925	418
cg07498426	0.23040678723039876	418
cg26395608	0.23040606294143992	418
cg06839483	0.23040604052108785	418
cg00512425	0.23040530005378115	418
cg11829371	0.23040257542677897	418
cg17091733	0.2303979985971086	418
cg11317705	0.23039791362423195	418
cg13992493	0.23039705196187732	418
cg04838627	0.23039639802722275	418
cg09017279	0.23038770459042068	418
cg08274876	0.23038746485323927	418
cg04482075	0.2303856631931836	418
cg23323712	0.23038452518884475	418
cg05909553	0.23038327370507145	418
cg17703087	0.2303829351602396	418
cg06458124	0.23038178487825725	418
cg25717351	0.23038131781355484	418
cg11872186	0.23038113604353352	418
cg24050519	0.2303804081145136	418
cg27311866	0.23038038162108343	418
cg14258857	0.23037757250872593	418
cg24365088	0.23037707843345534	418
cg00318519	0.23037618450283323	418
cg12925355	0.23037552499347255	418
cg25230902	0.23037139316034522	418
cg21916557	0.23036947115219777	418
cg21613957	0.23036751972755848	418
cg13741078	0.23036156106716624	418
cg02828564	0.23036042752884509	418
cg00119557	0.23035753885388005	418
cg19756726	0.23035639577590797	418
cg20592144	0.23035587241111344	418
cg00367532	0.2303550031475331	418
cg16950088	0.23035356583784738	418
cg05459469	0.23035312846561887	418
cg13846997	0.2303522815787695	418
cg18809991	0.2303517384716739	418
cg11378778	0.2303515914010511	418
cg00778228	0.2303514396508051	418
cg22000938	0.23035114699343986	418
cg10476962	0.23034731223162525	418
cg23976985	0.2303464596214979	418
cg04311557	0.23034642933406244	418
cg08817497	0.23034498085670058	418
cg10593459	0.23034459582306602	418
cg15714599	0.23034397922006195	418
cg26617938	0.2303437853225811	418
cg02617981	0.23034282047795498	418
cg23070780	0.23034264915129876	418
cg16446845	0.2303400002568446	418
cg22412150	0.2303390503077521	418
cg12206403	0.23033882743475734	418
cg27391497	0.23033467154581266	418
cg20633276	0.2303328456338788	418
cg22660933	0.2303313349543099	418
cg19338197	0.23033006122044652	418
cg25104118	0.23032975125752758	418
cg16993108	0.23032923674094513	418
cg25002056	0.23032644048449502	418
cg09320337	0.23032639879710537	418
cg12439527	0.23032440923867245	418
cg22137270	0.23031924457222513	418
cg14053318	0.23031778857964105	418
cg09624953	0.23031732094023774	418
cg03043709	0.23031412023748482	418
cg26103810	0.23031037733352788	418
cg11147740	0.23031030570116184	418
cg12338127	0.230308675906715	418
cg02084758	0.23030675032013204	418
cg13047067	0.23030368281856603	418
cg26967566	0.2302996080118083	418
cg06293369	0.23029927126424032	418
cg05552184	0.23029552086551291	418
cg26338199	0.2302936378214771	418
cg00669119	0.23028953748212744	418
cg08236045	0.23028564240426702	418
cg23330543	0.23028507533365947	418
cg22979546	0.23028423480100585	418
cg22216757	0.23028217297449527	418
cg05742082	0.23028012598573155	418
cg13113642	0.2302800867369404	418
cg08720211	0.23027996863300085	418
cg12482334	0.23027971164909564	418
cg08661450	0.2302791204525545	418
cg08845329	0.23027874003507914	418
cg20691436	0.23027705406955104	418
cg07237653	0.23027640835369304	418
cg22745355	0.23027419334966198	418
cg16318947	0.2302731170445746	418
cg17573151	0.2302726806510667	418
cg11183227	0.2302725960081618	418
cg05498413	0.23027196654429277	418
cg03582371	0.23027169753425636	418
cg19171175	0.23027069773546696	418
cg03649353	0.23026994350259666	418
cg26477257	0.23026890404673683	418
cg02294758	0.23026733480983463	418
cg15420683	0.23026705242313755	418
cg08480854	0.23026434722719252	418
cg19014245	0.23026379243077544	418
cg02476339	0.23026310790849505	418
cg15866928	0.23026301833497062	418
cg10560689	0.2302621720050429	418
cg11182893	0.23026002850961777	418
cg22653345	0.2302589392696625	418
cg12411476	0.23024796448348833	418
cg12146232	0.23024493215253328	418
cg19431009	0.23024449446523315	418
cg15495091	0.23024441814332644	418
cg17410603	0.230241223436481	418
cg17003376	0.2302411114874698	418
cg05286348	0.23023956472117177	418
cg08561530	0.23023919003258084	418
cg11371879	0.23023594525594476	418
cg20144521	0.2302333144098802	418
cg09806900	0.23023280534709542	418
cg08602382	0.23023274079583672	418
cg26571926	0.2302311644654034	418
cg13465292	0.23023069989893696	418
cg20231444	0.23022945655040078	418
cg04142249	0.23022926841663455	418
cg16670155	0.2302251184697902	418
cg02486355	0.23022243598404807	418
cg06934023	0.23022146702314233	418
cg26698781	0.2302210335797504	418
cg08538186	0.23021761434443394	418
cg13112562	0.23021651947353688	418
cg24873695	0.23021573212712096	418
cg12303232	0.2302151359477558	418
cg26464626	0.2302149931601173	418
cg18449003	0.23021478968334938	418
cg23076474	0.2302142968885748	418
cg00810914	0.23021217418551343	418
cg15245520	0.230205265560337	418
cg24616795	0.23020456341863343	418
cg22955491	0.23020311762192083	418
cg07943548	0.2301997232009738	418
cg03960382	0.23019898810672107	418
cg02205657	0.23019659724259123	418
cg02965892	0.23019200508275436	418
cg21883848	0.23019195658026656	418
cg07615875	0.23019139367088115	418
cg08934799	0.23019107534220642	418
cg08447380	0.23019085602395917	418
cg10015802	0.23018674103008432	418
cg15945785	0.23018393400512221	418
cg26652666	0.2301833248393007	418
cg02089487	0.23018281126376314	418
cg22376366	0.23018177752883967	418
cg23317910	0.2301808945256626	418
cg11839036	0.23017398680056037	418
cg14559147	0.23017261750064721	418
cg23284292	0.2301720089818875	418
cg13953735	0.23017162870608626	418
cg17582733	0.23017089260814416	418
cg17198772	0.2301665561234688	418
cg15111822	0.2301659659067991	418
cg27403117	0.23016569787193933	418
cg22969669	0.23016478259342132	418
cg24743200	0.2301646998700828	418
cg16120501	0.23016331485008545	418
cg03269045	0.23016232484072477	418
cg07134887	0.23016137376996046	418
cg11125823	0.23015878662910824	418
cg09327836	0.2301583197135111	418
cg13261536	0.2301558729845367	418
cg02885519	0.2301551059996246	418
cg06313241	0.23015508792570039	418
cg10132104	0.23015470304009442	418
cg05658214	0.23015192287391503	418
cg00139389	0.23015164183868556	418
cg05233079	0.2301505981990269	418
cg19122260	0.23015015908341319	418
cg15180964	0.23014964043309644	418
cg02369448	0.2301485092194329	418
cg20841389	0.2301473268942859	418
cg25934700	0.2301472430241607	418
cg00773370	0.2301449597010589	418
cg26158235	0.23014473394507143	418
cg26997553	0.23014328713107648	418
cg08728613	0.23014288738105343	418
cg13709882	0.2301423678674449	418
cg16897264	0.23014039173260428	418
cg00347938	0.23013972692947626	418
cg11640740	0.23013920309086275	418
cg18334332	0.23013739868758626	418
cg09977852	0.2301355309570206	418
cg11406216	0.2301332638067756	418
cg07028389	0.2301330925569483	418
cg06733925	0.23013238628692068	418
cg02375347	0.23012997068095317	418
cg14188185	0.2301292200616515	418
cg04396312	0.23012884803625774	418
cg24124424	0.23012799334107623	418
cg14448086	0.23012463293720048	418
cg09827826	0.23012422299688756	418
cg19431293	0.2301232923705799	418
cg01472951	0.23012299211885168	418
cg21022949	0.23012143242505506	418
cg01378512	0.2301208688351549	418
cg14462307	0.23012002978626633	418
cg02942598	0.23011999330881264	418
cg24633745	0.2301199109431111	418
cg02824818	0.2301168490051075	418
cg08200420	0.23011656406276465	418
cg26237126	0.2301134459118873	418
cg20660860	0.23011043657887362	418
cg05977230	0.2301059039273382	418
cg02688867	0.23010580612499631	418
cg22467470	0.23010380906373626	418
cg02901753	0.2301030745734743	418
cg19866325	0.23010156136814258	418
cg14696444	0.2301001147718774	418
cg17566718	0.2300943204618868	418
cg22702056	0.23009330905397377	418
cg00628041	0.23009059784542324	418
cg08329647	0.23008617688959201	418
cg14783283	0.2300859927780795	418
cg23012683	0.2300851490546818	418
cg27641266	0.23008466550474327	418
cg17241926	0.2300839899908978	418
cg12906270	0.23008030270765686	418
cg18798086	0.23007941407619795	418
cg22932313	0.23007861509605657	418
cg01089838	0.2300779127045242	418
cg05990008	0.2300731327535323	418
cg14342106	0.23007236635630993	418
cg10379287	0.23007186615996073	418
cg01011276	0.2300707631041017	418
cg09282336	0.23006690188608764	418
cg01595804	0.23006502514696958	418
cg00049691	0.2300598985466535	418
cg21919790	0.23005946976671376	418
cg03819614	0.23005893926746257	418
cg10234282	0.23005805791261558	418
cg02559817	0.23005711427034642	418
cg13618100	0.23005630687125384	418
cg19554037	0.23005279219560076	418
cg03731348	0.23005213740844926	418
cg02368583	0.2300511263555164	418
cg14616881	0.230049300613147	418
cg23987846	0.23004828981621003	418
cg01895333	0.23004776793929843	418
cg27101452	0.23004698330895362	418
cg16773043	0.23004364705949953	418
cg06720768	0.2300436003354316	418
cg25367206	0.23004320667777664	418
cg10172459	0.23004086400830048	418
cg25767901	0.23003982023178918	418
cg25729807	0.23003822465076743	418
cg26536460	0.23003785693076312	418
cg10533694	0.23003423450697474	418
cg25319248	0.2300340638420227	418
cg21592241	0.23003329505237277	418
cg27066067	0.2300313456105062	418
cg18581292	0.23003080473465023	418
cg17867823	0.23002750785358528	418
cg12319871	0.23002676591546967	418
cg21384857	0.23002599239264296	418
cg25478712	0.23002598497860954	418
cg12496599	0.23002421392161068	418
cg27156649	0.23002202405993755	418
cg21871213	0.2300217945748129	418
cg22529900	0.23002004683986424	418
cg17519479	0.23001877907790402	418
cg16607197	0.23001671721082775	418
cg05099145	0.23001616030211477	418
cg02094810	0.23001579317717913	418
cg20929387	0.23001370422344214	418
cg01862549	0.23000837005322775	418
cg11003199	0.23000816497559926	418
cg00077898	0.23000682870756792	418
cg20878780	0.23000004601766283	418
cg26924321	0.2300000357824702	418
cg25735398	0.22999716033562304	418
cg06768288	0.22999690954094515	418
cg00015930	0.22999435324086523	418
cg16900589	0.22999398751436972	418
cg02627286	0.2299902129615587	418
cg14684116	0.22999016176149117	418
cg25261181	0.22998809947589885	418
cg03013188	0.22998739686979666	418
cg11778258	0.2299863024011056	418
cg17937497	0.22998597970549353	418
cg03513571	0.22998507385378433	418
cg00066925	0.22998225133917263	418
cg10107671	0.22997989466348287	418
cg12997867	0.22997951824697893	418
cg21314813	0.22997223089046429	418
cg01565220	0.22997113445001244	418
cg02973417	0.2299707507105901	418
cg06516720	0.2299691725319025	418
cg26315617	0.22996827775340367	418
cg03336586	0.22996612023671248	418
cg03536745	0.2299655454401601	418
cg12750446	0.22996234207130092	418
cg02069008	0.2299564289838164	418
cg18634709	0.22995520390491467	418
cg26965718	0.2299548971653969	418
cg08806578	0.22995470279327507	418
cg01669394	0.2299542469327414	418
cg00124836	0.2299540229912949	418
cg08285882	0.22995340096078168	418
cg13642149	0.22995289158658194	418
cg02490942	0.22995159850520897	418
cg15444560	0.2299510798273579	418
cg01036732	0.22995001916602703	418
cg08351911	0.2299474506224298	418
cg13579574	0.22994661994244667	418
cg02255236	0.22994604380322695	418
cg15457314	0.22994455046135287	418
cg16138775	0.2299423404001074	418
cg07089834	0.2299417518664019	418
cg23671189	0.22994018786974776	418
cg15115604	0.22993880364633518	418
cg00312872	0.2299383923637157	418
cg11143131	0.22993506771170014	418
cg16191360	0.2299338588742495	418
cg06332339	0.22993317314807493	418
cg23617947	0.2299318553503981	418
cg19131343	0.22992931220063217	418
cg04466022	0.2299279181271283	418
cg01583514	0.22992699215514237	418
cg16337457	0.22992231388585666	418
cg27573606	0.229922239172856	418
cg14926083	0.22991736120384715	418
cg01477015	0.229916758104846	418
cg14777509	0.2299161101759034	418
cg23942289	0.2299140784375863	418
cg05877222	0.22991375683479032	418
cg04854162	0.2299130603294448	418
cg07518196	0.22991160995654197	418
cg27040976	0.22990856503983853	418
cg07063294	0.22990758277221915	418
cg27210852	0.22990738068570682	418
cg01909551	0.22990529476068422	418
cg24003898	0.22990511551792	418
cg23205949	0.22990241563233088	418
cg23270726	0.2298970481458613	418
cg23221431	0.22989644753352617	418
cg11852646	0.22989535482594176	418
cg03100494	0.22989533884644073	418
cg17156558	0.2298948365220127	418
cg02600973	0.22989429233883482	418
cg08605840	0.22989188980534392	418
cg19916330	0.22989078784732783	418
cg03498228	0.22988993854274306	418
cg05349646	0.22988970327226288	418
cg00033371	0.22988913065958697	418
cg12702304	0.2298873065953414	418
cg17202706	0.22988683789237996	418
cg24422283	0.22988560595304924	418
cg02893779	0.22988399268592746	418
cg17233160	0.22988183080551405	418
cg00581595	0.22988152039628817	418
cg25333386	0.22988075511352554	418
cg00749498	0.22987822660261353	418
cg11796095	0.2298771466953628	418
cg13581036	0.22987634621937553	418
cg01531569	0.2298749722705923	418
cg25919075	0.22987452121190288	418
cg10542208	0.22987364342423447	418
cg00150012	0.22987337339528885	418
cg09612163	0.22987308191687875	418
cg06958453	0.2298722899580866	418
cg07063572	0.22987221841634708	418
cg14158690	0.2298684481105225	418
cg26427818	0.22986673819659373	418
cg07796745	0.2298662031607265	418
cg09888620	0.229864510121935	418
cg04067428	0.22986381182397456	418
cg09432775	0.22986356382689663	418
cg03423221	0.22986113723090976	418
cg17522332	0.22985904324693915	418
cg00418037	0.22985813200440214	418
cg03588299	0.2298574268499945	418
cg21725496	0.22985671517602185	418
cg21550585	0.22985193753742006	418
cg17838182	0.22985179384063367	418
cg16888838	0.22984845912029486	418
cg02693289	0.22984595377169634	418
cg20457891	0.22984572001098375	418
cg19865159	0.22984533516890104	418
cg02827731	0.2298448728243368	418
cg03955927	0.22984478086076365	418
cg22051776	0.22984467448917278	418
cg26663063	0.22984350706533538	418
cg09578614	0.22984043799680687	418
cg21035402	0.22983963220892525	418
cg00822989	0.22983957019138765	418
cg05425023	0.22983774931043047	418
cg05866545	0.2298375225266193	418
cg01616967	0.2298362715495319	418
cg09720205	0.2298329928231705	418
cg06773963	0.22983275447178741	418
cg04207286	0.22982933345451936	418
cg24274272	0.2298285053052744	418
cg19608824	0.22982848966585395	418
cg07618159	0.22982813474595057	418
cg00166722	0.22982760717880557	418
cg20210637	0.22982711705313613	418
cg06545038	0.22982223510945662	418
cg12551635	0.22982207477191235	418
cg19301992	0.22982100883846077	418
cg14796474	0.22981985931004925	418
cg04353660	0.22981846122303917	418
cg15762348	0.22981734730186093	418
cg07542864	0.2298153360388487	418
cg21055576	0.2298133914842803	418
cg10620993	0.22981214398276953	418
cg20233206	0.2298095269556055	418
cg07949777	0.22980679300754783	418
cg09644238	0.22980662493542753	418
cg08462942	0.2298065314908727	418
cg14008571	0.2298065271749281	418
cg10876737	0.22980144382703624	418
cg24634009	0.22980117143729445	418
cg24716664	0.22980036654783909	418
cg07999738	0.22979945583949357	418
cg19746719	0.22979491032915786	418
cg03448241	0.2297922072616528	418
cg04260258	0.22979103871823575	418
cg16715632	0.2297898022198114	418
cg19889934	0.2297893120651074	418
cg13800349	0.22978780560461878	418
cg06310131	0.22978216029676896	418
cg19160040	0.22978188681774991	418
cg21332138	0.22978098244966527	418
cg18411237	0.22978067915153236	418
cg14595558	0.22977803282170617	418
cg09003527	0.22977713398612112	418
cg08888203	0.22977548684152796	418
cg02633153	0.22977355512704598	418
cg14774511	0.2297705590427074	418
cg27173677	0.2297697611067398	418
cg08117431	0.22976955506865737	418
cg06222392	0.22976920477202925	418
cg04554753	0.22976753317603332	418
cg21566635	0.229767116433093	418
cg03106090	0.22976655828510767	418
cg14368954	0.22976616489503754	418
cg00946243	0.22976280435534963	418
cg13600755	0.22976132619522352	418
cg05740106	0.22975953482690173	418
cg18401451	0.22975947441870073	418
cg16075775	0.22975643131882584	418
cg08004698	0.229756351692164	418
cg24883607	0.22975510054483217	418
cg07520430	0.22975470173969242	418
cg04453552	0.22975262538069507	418
cg12216054	0.22975052337475504	418
cg26630902	0.22974951269467028	418
cg09302776	0.22974756351970252	418
cg10367296	0.2297465190919821	418
cg09515665	0.22974532040293288	418
cg10192483	0.2297450432786075	418
cg08994336	0.2297442560273297	418
cg27078600	0.22974188051524108	418
cg14272009	0.22974108555338546	418
cg07529621	0.22973858549292864	418
cg15704358	0.22973852389976893	418
cg25518571	0.22973788719515645	418
cg07592809	0.22973738221875056	418
cg07697227	0.2297347031820723	418
cg12986485	0.2297337385247308	418
cg08945711	0.22973341140876455	418
cg05951907	0.22973219961576105	418
cg17380475	0.2297315512123165	418
cg13734953	0.229731365577404	418
cg18588835	0.2297295392917486	418
cg02090308	0.22972713135228434	418
cg12192797	0.22972697934147407	418
cg15793573	0.22972439681030335	418
cg07748154	0.22972134502156324	418
cg12670403	0.22971835652620642	418
cg23475112	0.22971739165541924	418
cg10872780	0.22971669007291579	418
cg27116577	0.22971561218685604	418
cg26276352	0.22971412418955087	418
cg24755515	0.22971348995553825	418
cg23840860	0.2297128919429317	418
cg02511939	0.2297126861776748	418
cg09757003	0.2297122879020031	418
cg21980954	0.22970948005292838	418
cg10670260	0.2297092037031374	418
cg04330389	0.2297087086038133	418
cg08520423	0.2297082141853324	418
cg07493520	0.2297055737059718	418
cg26824508	0.22970556702115208	418
cg00042478	0.22970531327641291	418
cg18059215	0.2297025477124602	418
cg16582649	0.22970219146855186	418
cg05520500	0.22970194476937883	418
cg11199448	0.22970094797313825	418
cg14833228	0.2297000960886493	418
cg10053187	0.22969944203565784	418
cg23366979	0.2296974112753043	418
cg16626466	0.2296971093266286	418
cg18072522	0.2296962321161473	418
cg04419871	0.22969582079017486	418
cg25652824	0.22969414040885147	418
cg08931682	0.22969158827901834	418
cg10147348	0.22969009744543153	418
cg22913585	0.2296880584608302	418
cg21452432	0.22968596935138938	418
cg12856760	0.22968530776005677	418
cg12414009	0.22968050200364362	418
cg11396712	0.22967549377416255	418
cg03146005	0.22967450219577015	418
cg18055780	0.22967051391458418	418
cg14768519	0.22966603043248218	418
cg14914442	0.22966565027146071	418
cg03981727	0.2296634453610973	418
cg03897412	0.22966271634510216	418
cg13639452	0.22966205242619603	418
cg14794786	0.22966111345517443	418
cg11692073	0.2296577625392249	418
cg14993871	0.2296568039260548	418
cg07108512	0.22965638221460974	418
cg19312314	0.2296562412769136	418
cg10455503	0.22965577872172954	418
cg23870769	0.22965539763366705	418
cg15284129	0.22965169450706846	418
cg19497325	0.22965132418134332	418
cg26933314	0.22965089000475544	418
cg14438434	0.22964792448422522	418
cg27582173	0.22964732305577554	418
cg03246584	0.22964637013970182	418
cg10204707	0.22964501816626065	418
cg23778285	0.22964448655988629	418
cg12967384	0.229643772681001	418
cg27432864	0.22964322662796763	418
cg24679317	0.22964261897536614	418
cg07754143	0.22964236491134982	418
cg01957900	0.22964234875559436	418
cg26757376	0.22964172300627156	418
cg12315032	0.22963946670003546	418
cg17390817	0.22963687646980996	418
cg16782493	0.22963558997486555	418
cg15131024	0.229633176217753	418
cg02774486	0.22963239934197074	418
cg06602821	0.2296313244573332	418
cg27133496	0.22962775424126516	418
cg18474185	0.22962749338986668	418
cg00454856	0.22962487506186743	418
cg23900228	0.22962411373569097	418
cg13995599	0.22962306515964417	418
cg05865451	0.22962186429605524	418
cg23000066	0.2296217249008453	418
cg18909596	0.22962127479383485	418
cg16826333	0.22962121237299615	418
cg06276084	0.22962081313990312	418
cg03928653	0.22961957088910454	418
cg14633268	0.2296189998603969	418
cg13514951	0.22961702108303023	418
cg08454917	0.22961513457067964	418
cg08472341	0.2296149608360264	418
cg23839891	0.2296121475673646	418
cg15898267	0.22960955994746338	418
cg22455892	0.22960891129867408	418
cg19453893	0.2296073902187796	418
cg10532523	0.22960660023718935	418
cg19464247	0.2296055101100311	418
cg26320555	0.22960135540072252	418
cg00151906	0.22960053907544992	418
cg10752421	0.22959970781278877	418
cg10471030	0.22958962221850027	418
cg05827313	0.22958880926337555	418
cg06350196	0.22958871012713497	418
cg25754733	0.2295852792837861	418
cg13323391	0.22958362477205485	418
cg23714773	0.22958321685097663	418
cg21026624	0.22958297981246562	418
cg06801994	0.2295817835581126	418
cg00410883	0.2295813192775285	418
cg11977919	0.22958120495632844	418
cg12542094	0.22957994666289325	418
cg24399111	0.22957898187175468	418
cg11319760	0.2295763550568668	418
cg10786087	0.2295732038890205	418
cg22211784	0.2295716006024799	418
cg00390337	0.22956727946941288	418
cg02645450	0.2295670270016172	418
cg24605830	0.22956642586838155	418
cg10809622	0.22956575288436065	418
cg12019990	0.22956394469545963	418
cg22979615	0.22956361572613826	418
cg19297971	0.22956361162630404	418
cg24426733	0.22956254706117463	418
cg12040834	0.22956184044790384	418
cg01244571	0.22956145917389328	418
cg13572172	0.2295601809091783	418
cg23950925	0.2295600323208687	418
cg07732693	0.2295593140981306	418
cg11490865	0.22955867664614174	418
cg14861857	0.2295583365774216	418
cg19465798	0.22955763397649775	418
cg27249906	0.22955726147489128	418
cg19558049	0.22955565589600646	418
cg11447335	0.22955516332987583	418
cg22549787	0.22955491407747852	418
cg04808813	0.22955287578308212	418
cg08211068	0.2295518856548146	418
cg02988171	0.22955168702075265	418
cg14139875	0.22954884497223008	418
cg23634193	0.22954830152971203	418
cg22949170	0.22954635280013094	418
cg03615921	0.2295399977813032	418
cg09821493	0.22953810914493722	418
cg22674064	0.22953794308367517	418
cg03535253	0.229535252724822	418
cg20489453	0.2295333868801931	418
cg13298070	0.2295333543348708	418
cg14897995	0.2295322718101294	418
cg10378989	0.22953200784671715	418
cg22028036	0.22952744686284132	418
cg12353589	0.22952686634164368	418
cg06106265	0.22952152533485404	418
cg21658616	0.22952083448148358	418
cg19087643	0.22952045508823796	418
cg22857025	0.22951918786353326	418
cg00889004	0.22951917557311297	418
cg05123031	0.22951733720718517	418
cg26796513	0.2295171282855489	418
cg02769478	0.22951582153201425	418
cg26453360	0.22951540622335573	418
cg22796013	0.22951442584638307	418
cg07880408	0.22951381924285869	418
cg13355574	0.22951380826685525	418
cg06482904	0.22951079072324204	418
cg02715689	0.22951063885720638	418
cg12628990	0.22951013607580126	418
cg18594033	0.2295066132354157	418
cg17860747	0.22950639769414682	418
cg12893044	0.2295049773584303	418
cg08489432	0.22950442503995452	418
cg04685813	0.22950186007884163	418
cg20557710	0.22950100867051365	418
cg01848728	0.22950048309564944	418
cg23957118	0.22949955432849528	418
cg11229230	0.2294937422615425	418
cg19830626	0.22949267491202682	418
cg04892552	0.2294925636542779	418
cg18878441	0.22949047731789557	418
cg08848088	0.22949027334009572	418
cg24601355	0.22948869531525082	418
cg27484662	0.22948665819991307	418
cg04289959	0.22948574070991698	418
cg27493466	0.22948482436116713	418
cg20934323	0.22948328745483657	418
cg23365178	0.22947547235068097	418
cg15598754	0.22947544846540335	418
cg03332810	0.22947535871008726	418
cg23843389	0.22947261758693613	418
cg23194712	0.22947149365465144	418
cg03899721	0.22946863920537194	418
cg18390621	0.22946848475676135	418
cg00863271	0.229464748227381	418
cg07641839	0.2294631727512323	418
cg00477990	0.2294613970709447	418
cg14647876	0.22946123749176095	418
cg01986757	0.22945953460714363	418
cg24787593	0.2294586486771072	418
cg07548512	0.229456879214799	418
cg01736389	0.22945552595428756	418
cg13591673	0.229455218371452	418
cg04391811	0.2294551623517899	418
cg03439958	0.22944777804143252	418
cg13680844	0.22944759253437477	418
cg16648952	0.22944754500372605	418
cg03431368	0.22944744939339562	418
cg05579025	0.22944580581914778	418
cg16678545	0.22944401594543307	418
cg15998961	0.22944270200260103	418
cg21484964	0.2294412131908962	418
cg17282060	0.22943819246865707	418
cg09567735	0.22943462511215593	418
cg27165867	0.22943416772105749	418
cg18772858	0.22943390718731332	418
cg25913970	0.22943293905101053	418
cg27398230	0.2294327050199963	418
cg18179145	0.22943115403244324	418
cg22557771	0.22943040559741856	418
cg07557801	0.22943030193301606	418
cg03667641	0.2294287814771359	418
cg21726250	0.22942667898854166	418
cg12601118	0.22942587550213756	418
cg03119215	0.229425651844989	418
cg20513080	0.2294218378931289	418
cg06523707	0.22942132291050793	418
cg07699931	0.22941786635330938	418
cg21560819	0.2294163738576497	418
cg18424841	0.2294158124272608	418
cg05077452	0.229413621815154	418
cg00132509	0.22941361902878443	418
cg04765131	0.22941336503364115	418
cg26042618	0.2294126230812893	418
cg07892163	0.2294119544260719	418
cg23467747	0.2294118663051947	418
cg13117369	0.22941170248807205	418
cg04166520	0.22941094046733485	418
cg18896796	0.2294072913605623	418
cg20853001	0.22940721282842125	418
cg17083940	0.22940354863768617	418
cg07125336	0.22939946280321866	418
cg02065141	0.22939852438393843	418
cg19410378	0.2293980205579731	418
cg06467025	0.22939718836407275	418
cg25416230	0.2293965119529612	418
cg23035192	0.22939645148774152	418
cg05369582	0.22939621657858686	418
cg16193196	0.22939562191141086	418
cg21743914	0.22939559471826113	418
cg19911372	0.2293953574780771	418
cg23924448	0.2293946024378119	418
cg11754374	0.2293934270232149	418
cg01849466	0.2293928980404277	418
cg19440506	0.22939201260912584	418
cg17159680	0.22939151494747642	418
cg11453364	0.22938853627372618	418
cg27344022	0.22938790407979126	418
cg00219792	0.2293870747819357	418
cg20341238	0.22938539388957047	418
cg11239366	0.2293853423744614	418
cg19830849	0.22938318345978012	418
cg17144164	0.22938168839972078	418
cg00092565	0.22938106516696613	418
cg27560831	0.22938084825470756	418
cg24346808	0.22938040221367628	418
cg27320983	0.22937741790572155	418
cg13062344	0.22937716226529836	418
cg12278631	0.22937281017985178	418
cg20710386	0.22937181781829177	418
cg09801621	0.22936954280781824	418
cg18280125	0.22936953909558097	418
cg19815871	0.2293672933488808	418
cg16720203	0.22936610677222655	418
cg00020340	0.22936588135011748	418
cg25686891	0.2293658672159758	418
cg12859720	0.22936361974058259	418
cg14043593	0.22936146446909875	418
cg10538929	0.2293609993185184	418
cg23933399	0.2293595796728934	418
cg16187069	0.22935915203307383	418
cg22979083	0.22935736652513156	418
cg10387337	0.22935457413188648	418
cg06701627	0.22935369571035494	418
cg09053902	0.2293535319961212	418
cg23513252	0.22935226911624595	418
cg16856213	0.22935063245278653	418
cg14434995	0.2293499821044901	418
cg06491573	0.2293493189898525	418
cg08722200	0.22934927355545365	418
cg12703710	0.22934810055116508	418
cg15495741	0.22934673041231	418
cg02454364	0.22934612956603834	418
cg14675963	0.22934561034028675	418
cg02257048	0.22934345379505972	418
cg25299214	0.22933961736376937	418
cg17817067	0.22933877317707374	418
cg09484303	0.22933743152890135	418
cg02951274	0.22933693323669188	418
cg23856280	0.22933616587281414	418
cg16185152	0.22933106908345371	418
cg08373403	0.22933028976052314	418
cg22580292	0.22933020499895648	418
cg19318889	0.22932814976920615	418
cg22001208	0.22932432798421157	418
cg04440724	0.22932292488147477	418
cg18277682	0.22931806306982308	418
cg04967009	0.22931786828219866	418
cg26729372	0.2293177970844217	418
cg08010530	0.22931417680301555	418
cg22050897	0.2293131683777991	418
cg10246581	0.2293130615997664	418
cg24407065	0.2293129617240925	418
cg09436067	0.22931253483569278	418
cg02362620	0.2293092594565989	418
cg16035921	0.22930803148749604	418
cg04787069	0.2293073684958943	418
cg24840182	0.2293069547919279	418
cg13511708	0.22930292843086786	418
cg18887969	0.2293014288079156	418
cg23996000	0.22930070716765588	418
cg03072849	0.2292964266079341	418
cg10711095	0.22929492976295396	418
cg18074957	0.2292945465595275	418
cg03079937	0.22929392387529515	418
cg04124789	0.2292937411814208	418
cg10810860	0.22929283053671976	418
cg01414886	0.2292926888173878	418
cg19781251	0.22929191422300382	418
cg10216151	0.22929190445863595	418
cg19112357	0.22929044957738046	418
cg02178630	0.22928897214882119	418
cg06781788	0.22928869350441952	418
cg02809895	0.22928826713006248	418
cg03243768	0.22928747128628452	418
cg03158606	0.22928633107425622	418
cg10887359	0.22928562438277053	418
cg10056635	0.22928442983233807	418
cg19753373	0.22928337402342466	418
cg03169557	0.22928179724882325	418
cg15835454	0.22928126948064564	418
cg16270472	0.22928062830739496	418
cg04200026	0.2292801014462735	418
cg17496877	0.22927765048901405	418
cg19970338	0.22927706924725624	418
cg04001704	0.22927634678570316	418
cg08409983	0.22927591595575095	418
cg20090482	0.22927523617736187	418
cg06956805	0.2292741615590667	418
cg22259698	0.22927402105901196	418
cg23703216	0.22927284322202374	418
cg05809578	0.22927120767817563	418
cg24599017	0.22926987862357187	418
cg14341834	0.22926978275421672	418
cg16236970	0.2292662746460981	418
cg18684905	0.22926610441082926	418
cg03320521	0.22926563043296175	418
cg10063037	0.2292646827118075	418
cg20618742	0.2292635592883117	418
cg23229155	0.22926191620381364	418
cg18717226	0.2292616934197432	418
cg06070493	0.22925950133499112	418
cg14532188	0.22925622037611132	418
cg03170796	0.2292542972305899	418
cg14022322	0.22925334075551718	418
cg20221020	0.22925126915222702	418
cg13327785	0.22924872463778495	418
cg07018106	0.2292478565745315	418
cg19601664	0.22924637864832842	418
cg15235614	0.22924442767440878	418
cg04093159	0.2292432267521136	418
cg18594782	0.2292425610237655	418
cg14008008	0.22924037801658526	418
cg22125220	0.22923675571671792	418
cg03933026	0.2292329087583307	418
cg10744928	0.22923261942194256	418
cg02666566	0.22923165814564594	418
cg26198107	0.22922993191741015	418
cg17527371	0.22922965837349646	418
cg27301596	0.22922843841034207	418
cg20699960	0.22922721295611306	418
cg03152602	0.22922605069323979	418
cg15753644	0.22922468409286845	418
cg12501004	0.22922456943579875	418
cg25258258	0.22922320977874572	418
cg06368293	0.22922292955371026	418
cg20977426	0.2292190538233068	418
cg09721995	0.22921874747021045	418
cg11985341	0.22921733345165435	418
cg14305139	0.22921724432059667	418
cg20949306	0.22921503610329638	418
cg15385814	0.22921374531454652	418
cg20798164	0.2292109329638982	418
cg14168621	0.22921045711496388	418
cg13596910	0.22920962834385647	418
cg07171237	0.22920715453142465	418
cg25900150	0.22920433021439698	418
cg15814675	0.22920387685245266	418
cg10838270	0.22920377415147458	418
cg26844954	0.2292013883633651	418
cg23223544	0.2292013309486531	418
cg01515732	0.22920008150962604	418
cg14890922	0.22919953706690704	418
cg21705461	0.22919704694582232	418
cg09213403	0.2291965414250335	418
cg18823904	0.2291962479763074	418
cg06823965	0.22919623086718932	418
cg26616078	0.22919603045748368	418
cg14707722	0.2291955687313024	418
cg08627608	0.22919490610749943	418
cg19890156	0.22919485494632075	418
cg09776718	0.2291908936195662	418
cg20489239	0.22919055144445533	418
cg04133685	0.2291890492494356	418
cg08271996	0.22918831832776904	418
cg23530031	0.22918798575458085	418
cg11833660	0.22918758662341387	418
cg21996149	0.2291849161031617	418
cg10246772	0.22918452599658698	418
cg20078054	0.22918254479614558	418
cg01693863	0.22918231639499242	418
cg12062310	0.22918179588732016	418
cg05409391	0.22918102142098137	418
cg06422464	0.22917979101798916	418
cg19679854	0.22917889028744967	418
cg20900036	0.22917816470645977	418
cg25225517	0.22917775357689396	418
cg04653469	0.2291756053821129	418
cg07876434	0.22917440489577104	418
cg21064505	0.22917349253624084	418
cg04815835	0.22917324580723655	418
cg25575458	0.2291727357627127	418
cg26258226	0.22917169180326624	418
cg21331417	0.22917021008894903	418
cg17212065	0.22916983731173984	418
cg12251919	0.22916954937526224	418
cg06088639	0.2291691082075334	418
cg06582663	0.22916795977500135	418
cg10190055	0.22916560218830606	418
cg12245706	0.22916443924494456	418
cg00593773	0.2291621512790891	418
cg12888113	0.2291617063507759	418
cg01518344	0.22916162156031222	418
cg11740348	0.229161083615519	418
cg03627705	0.2291594800410298	418
cg25678070	0.2291580330686017	418
cg09466235	0.22915752729918226	418
cg22625953	0.2291571979095089	418
cg17431490	0.2291566277340149	418
cg20706316	0.22915596757246498	418
cg05808237	0.22915399279782087	418
cg23561371	0.22915382393941897	418
cg23541019	0.2291473079914398	418
cg12645891	0.22914707683648436	418
cg24428851	0.22914636013934353	418
cg19056833	0.22914489872509106	418
cg18724778	0.2291411220779414	418
cg06766857	0.2291408322710273	418
cg27649897	0.22913979008975655	418
cg00223477	0.22913899663503007	418
cg23338753	0.22913885040882642	418
cg06943547	0.2291378990445692	418
cg21010753	0.2291276330767614	418
cg27392802	0.22912725005594448	418
cg19601653	0.2291271035366202	418
cg09181981	0.2291270957687363	418
cg09870026	0.22912690104990371	418
cg21131493	0.22911814068537023	418
cg09235385	0.22911632887144542	418
cg06024623	0.22911541685520073	418
cg08214693	0.2291144936777074	418
cg14388982	0.22911399346853506	418
cg06477444	0.22911279693223818	418
cg02586949	0.22911218317037604	418
cg08659721	0.22911105154167016	418
cg12064201	0.22910987203222827	418
cg21585100	0.22910925633690551	418
cg16560432	0.22910891023443675	418
cg01290450	0.2291081510425654	418
cg07890573	0.22910656341710353	418
cg15128510	0.22910619076644878	418
cg20255933	0.22910560885114795	418
cg02773337	0.22910409263804718	418
cg12427264	0.22910402291772455	418
cg01452125	0.22910251514430205	418
cg27309098	0.22910124651480662	418
cg24274979	0.22910068804645747	418
cg26513930	0.22909252557193333	418
cg10644226	0.22909240112604895	418
cg20365053	0.22909201479288568	418
cg04272112	0.2290920082904977	418
cg13251533	0.22909160336449447	418
cg24680078	0.2290895248875325	418
cg05983723	0.22908948521511	418
cg15213689	0.2290844359208685	418
cg04933640	0.22908289657557218	418
cg13495038	0.22908241752884914	418
cg13235388	0.22908046197260595	418
cg27049129	0.2290787769752953	418
cg15894619	0.22907872601548507	418
cg19405229	0.22907754166377586	418
cg11371204	0.2290770732841686	418
cg14047548	0.22907706801555888	418
cg08279444	0.22907656645800334	418
cg23416307	0.22907227428037408	418
cg27187669	0.22907130417890822	418
cg18391131	0.22907079335087058	418
cg01684722	0.22906821504998567	418
cg24474622	0.22906776421404318	418
cg05826576	0.22906751511063628	418
cg07207833	0.2290650977007182	418
cg04289508	0.2290639051333722	418
cg03508817	0.2290634420525362	418
cg05899064	0.2290621858375103	418
cg22149014	0.22905939336651773	418
cg01694276	0.2290590999937931	418
cg09106154	0.22905779998225914	418
cg09238312	0.2290544479975122	418
cg18119644	0.22905276116959158	418
cg09603710	0.2290516030820962	418
cg24923678	0.22905095114308774	418
cg08924619	0.22905088871129584	418
cg15699386	0.2290502876819881	418
cg11403706	0.2290497168805561	418
cg01495521	0.2290472182037497	418
cg22007633	0.22904651323616454	418
cg13444005	0.22904512944996938	418
cg10239991	0.2290428563037776	418
cg03558676	0.2290422418126699	418
cg03772408	0.2290418070405789	418
cg05459838	0.22903684727759197	418
cg01649317	0.22903061835941196	418
cg27183456	0.2290292113234271	418
cg11486094	0.22902619543660163	418
cg07804973	0.2290255305488035	418
cg19981151	0.2290234699629052	418
cg19567168	0.2290224741296464	418
cg15620404	0.2290203713934454	418
cg25013095	0.22901991158790838	418
cg21292909	0.22901726284467802	418
cg26424817	0.22901493465282305	418
cg16775939	0.22900863527510637	418
cg04037372	0.22900834858135297	418
cg07706680	0.22900789559422918	418
cg25600823	0.229005966185192	418
cg07531037	0.22900484376151645	418
cg00374382	0.22900460168791753	418
cg18885289	0.22900321717616576	418
cg20387695	0.22900271170302888	418
cg08779067	0.22900264815331667	418
cg26434800	0.22900148631645562	418
cg13495025	0.22900110753362868	418
cg01832260	0.2290010509440179	418
cg13312036	0.22900034361531532	418
cg06892439	0.22900012430892272	418
cg04508332	0.22899809616558894	418
cg17078355	0.2289970847135161	418
cg02009485	0.22899630027949544	418
cg20946044	0.22899578378074437	418
cg16325394	0.2289948289478428	418
cg18065597	0.228993478425107	418
cg17979173	0.2289925139978903	418
cg17933427	0.22898976724294845	418
cg06856570	0.2289896268371699	418
cg16489931	0.22898810746919687	418
cg08410422	0.22898790829410856	418
cg20219172	0.22898665687284953	418
cg03998588	0.22898454412455158	418
cg09634744	0.22898344346181723	418
cg16709691	0.22898322064141843	418
cg17608529	0.22898017354465292	418
cg01787955	0.22897765767165715	418
cg24780845	0.22897539827357444	418
cg20399842	0.22897522913311236	418
cg06847006	0.22897218194121727	418
cg26062476	0.22897217399203892	418
cg13906874	0.22897140930287216	418
cg01351925	0.22896949654316295	418
cg01058266	0.22896647248041538	418
cg18519460	0.2289657712705089	418
cg03301063	0.22896438657155224	418
cg13412514	0.2289643864032288	418
cg24027596	0.2289637502523369	418
cg26606393	0.22896335009423435	418
cg13489501	0.22896015169446532	418
cg08976316	0.2289590574054674	418
cg05098880	0.22895273306532773	418
cg08684959	0.22895256783870374	418
cg04246521	0.22895157608520894	418
cg07343187	0.228949466897234	418
cg04530976	0.2289459771091891	418
cg23886643	0.22894491472082532	418
cg20147233	0.22894368096510917	418
cg00678356	0.22894192979081845	418
cg18698699	0.2289416476591201	418
cg22789318	0.22894133954088955	418
cg00167301	0.22893958921096214	418
cg10294252	0.22893541283252927	418
cg27625562	0.2289345129377277	418
cg24175522	0.22893449909199043	418
cg00810529	0.2289326038723885	418
cg06093070	0.2289323481063217	418
cg00692100	0.22892949750032401	418
cg06790661	0.22892916630771498	418
cg14052728	0.22892913566209966	418
cg23930681	0.2289254361835463	418
cg15701254	0.22892426044754963	418
cg09133154	0.22892211970722048	418
cg13823144	0.2289193149853775	418
cg25499012	0.22891873953686476	418
cg09898318	0.22891743340567836	418
cg14353391	0.22891578524326228	418
cg00735632	0.228914599866818	418
cg16650443	0.22891348316086896	418
cg25467851	0.22891194490914926	418
cg10925420	0.22891126574714157	418
cg24890103	0.22891118948817385	418
cg14578866	0.22891054764658822	418
cg25967975	0.2289100271784257	418
cg17008770	0.22890983368321294	418
cg22320727	0.2289098312229745	418
cg00758217	0.22890900002751824	418
cg08414809	0.22890789452189686	418
cg09403392	0.22890419016341904	418
cg26506779	0.22890289495562433	418
cg13492600	0.22890160350632116	418
cg01144768	0.22890113798467585	418
cg18492997	0.22890048663926998	418
cg05590948	0.22890027466486026	418
cg26932690	0.22889992980789015	418
cg19305696	0.22889895402506583	418
cg23286105	0.22889864551303132	418
cg12276604	0.2288977717056336	418
cg21881756	0.22889478217693277	418
cg00734311	0.22889282581737538	418
cg00177657	0.2288925737019332	418
cg23415176	0.2288924623379453	418
cg08863775	0.2288911062961584	418
cg16534196	0.22888967097952834	418
cg13242624	0.22888744606384487	418
cg10918016	0.22888623636655914	418
cg01031100	0.22888376935994376	418
cg26702498	0.2288833747455516	418
cg10835823	0.2288803020409615	418
cg22715788	0.22887954272285216	418
cg20325032	0.2288777771914214	418
cg03579384	0.22887737341048592	418
cg13649020	0.22887732006705844	418
cg06586197	0.22887554846857705	418
cg26246744	0.22887542355204785	418
cg04057033	0.22887534690818584	418
cg19533231	0.22887456399944917	418
cg26812421	0.22887419295917266	418
cg11311395	0.22887393155836794	418
cg15391375	0.2288711930864097	418
cg26655004	0.22887017566670495	418
cg16409109	0.22886792024722755	418
cg07452777	0.2288662014498095	418
cg13101431	0.2288657644042743	418
cg04561883	0.2288646575796916	418
cg02443148	0.22885988789317438	418
cg11546537	0.22885891167164196	418
cg13242861	0.2288570573746823	418
cg19361181	0.2288564990931043	418
cg20303917	0.22885643408998443	418
cg26474937	0.22885600586620827	418
cg06064991	0.22885531505832166	418
cg17710676	0.22885323922582823	418
cg14356262	0.22885024646773724	418
cg25327122	0.22885010274592787	418
cg26348259	0.22884980657085935	418
cg24001314	0.22884770424957582	418
cg08214688	0.2288463627291263	418
cg18978880	0.22884623881100752	418
cg03105520	0.22884500411678899	418
cg01689616	0.22884377058146765	418
cg15244076	0.22884279563603932	418
cg09470905	0.22884015516232697	418
cg09579722	0.2288386667529138	418
cg08369295	0.2288382687070927	418
cg07300660	0.2288381495743512	418
cg11360648	0.22883554394836686	418
cg23656224	0.2288355262789691	418
cg17511933	0.2288340157430221	418
cg25193157	0.22883339756891807	418
cg09782746	0.2288331333979512	418
cg10370961	0.2288327991982422	418
cg17260124	0.2288316182888165	418
cg13730735	0.22882816706577905	418
cg05928975	0.2288267117435149	418
cg25103726	0.22882633989279608	418
cg26317006	0.22882609804909793	418
cg10243591	0.22882583231627185	418
cg11715095	0.22882504498266093	418
cg13618137	0.22882495536230213	418
cg01854803	0.2288246620571354	418
cg25355645	0.22882411080989967	418
cg23785882	0.22882096391302323	418
cg12704737	0.228820719262113	418
cg10386261	0.22882062339729614	418
cg22263434	0.22882002960137557	418
cg09078081	0.22881874660251056	418
cg24415118	0.22881857899960212	418
cg25085716	0.22881792220655223	418
cg18246056	0.22881534075010895	418
cg13898470	0.22881354821944422	418
cg14969320	0.22881251794097818	418
cg11484403	0.2288118520106087	418
cg20879362	0.22881078217015646	418
cg13817725	0.22880983982309525	418
cg07463633	0.22880926801678597	418
cg08788729	0.22880887379663173	418
cg11755819	0.2288081751828979	418
cg09093409	0.22880781525863017	418
cg27201775	0.2288073066381376	418
cg21666957	0.22880716350298363	418
cg06615999	0.22880629665247593	418
cg14717314	0.22880624620344855	418
cg22769517	0.22880455364118338	418
cg11815790	0.2288043802855714	418
cg15660352	0.22880431039258148	418
cg07649862	0.2288041027149387	418
cg25137715	0.22880175941187703	418
cg00512917	0.2287994444713393	418
cg06478173	0.22879800075653325	418
cg06376992	0.22879783927232797	418
cg12302189	0.22879746863866052	418
cg21559622	0.22879536275889636	418
cg05749517	0.22879413746727853	418
cg26370372	0.22879373624814459	418
cg15014069	0.22879288406511733	418
cg11428189	0.22879137364681842	418
cg16709058	0.2287906069216294	418
cg24710104	0.22878960308477714	418
cg20318619	0.22878929572436457	418
cg04554725	0.22878905965647428	418
cg00822255	0.2287866896755579	418
cg19496639	0.2287861237243904	418
cg22762745	0.22878104553373713	418
cg08479136	0.22878024965173577	418
cg11557069	0.22877999283455677	418
cg07823492	0.22877998791092785	418
cg17827271	0.22877939801367977	418
cg22454060	0.2287785181305189	418
cg13887095	0.2287774133853794	418
cg15063150	0.22877659074921772	418
cg06042673	0.2287731828346098	418
cg10873486	0.2287720055059681	418
cg04758296	0.22877064745877884	418
cg07834314	0.2287687636353593	418
cg01074643	0.22876771788545006	418
cg06572904	0.22876662494601044	418
cg21074096	0.2287636164407502	418
cg00711327	0.22876183260355415	418
cg00702835	0.22876120052837773	418
cg07974853	0.22875970113214988	418
cg10354134	0.2287574564205676	418
cg00782772	0.22875699698761076	418
cg13367929	0.22875620400363805	418
cg10011018	0.2287547555074561	418
cg01953429	0.2287544356727827	418
cg11536673	0.22875375596989672	418
cg03559389	0.2287513923753454	418
cg13466901	0.22874956807422228	418
cg03353779	0.22874943637606865	418
cg08787964	0.22874824953911632	418
cg27010688	0.22874655724890833	418
cg06065245	0.22874625653393657	418
cg26593722	0.2287440727410378	418
cg12219838	0.22874296027529692	418
cg25006511	0.22874253738548037	418
cg14998914	0.22874207835062071	418
cg15825532	0.22874182293191722	418
cg09990813	0.22874092246722294	418
cg17775727	0.22873885786654358	418
cg06006633	0.22873872952145644	418
cg19307543	0.228738328838479	418
cg18492115	0.22873601184541398	418
cg20927547	0.22873516879384978	418
cg13396661	0.22873438080719452	418
cg15743292	0.2287341677556457	418
cg18353597	0.22873399659335378	418
cg02910002	0.22873351746741355	418
cg15164144	0.22873304561649488	418
cg09068169	0.22873080415285146	418
cg21359049	0.22873039205421755	418
cg07498013	0.22872969199437496	418
cg07763473	0.22872922962272696	418
cg19265913	0.2287287328219962	418
cg26176158	0.22872869861288272	418
cg14338526	0.22872648770032092	418
cg18752987	0.22872475109305376	418
cg27062341	0.22872387666907346	418
cg03730941	0.2287220638023805	418
cg00446087	0.2287199489316602	418
cg12142497	0.22871925995951353	418
cg23719850	0.2287189054354652	418
cg05540133	0.22871576722344783	418
cg11146539	0.22871470906130875	418
cg05385477	0.2287144033382413	418
cg16783517	0.22871219214019775	418
cg12793681	0.2287089773480458	418
cg17091056	0.22870832523528872	418
cg22148999	0.22870539748565552	418
cg04477515	0.2287050708654217	418
cg13521944	0.2287049821583468	418
cg03496525	0.22870495341962663	418
cg09672796	0.22870456486817306	418
cg03036422	0.22870288282020493	418
cg06370205	0.2287014661085452	418
cg08602888	0.2287010746012269	418
cg20788022	0.2287003781109644	418
cg15520955	0.2286998756361275	418
cg26040952	0.22869838906161477	418
cg20281882	0.22869711164246886	418
cg13309510	0.2286931428598476	418
cg13187433	0.22869311432096195	418
cg03007601	0.22869196479477194	418
cg13208899	0.2286918478434216	418
cg27034885	0.228691496153148	418
cg26272616	0.22869136522433728	418
cg08465577	0.22868946417351851	418
cg24688939	0.22868891679713524	418
cg25818713	0.2286880870714164	418
cg21856634	0.22868687180937955	418
cg25456186	0.22868596128535476	418
cg02075970	0.2286855048176188	418
cg14946011	0.22868210652050489	418
cg24190377	0.22868021059071694	418
cg12101626	0.22867756462707137	418
cg18930533	0.22867616547401262	418
cg24586376	0.22867576515498364	418
cg02778813	0.22867536842471903	418
cg25414597	0.22867505903738494	418
cg09154933	0.22867212727824288	418
cg12771165	0.22867195506991853	418
cg09973791	0.22866982758288165	418
cg12923203	0.22866931093962128	418
cg21393135	0.22866901271824783	418
cg17364377	0.22866625875372257	418
cg10246881	0.2286662032328415	418
cg22097599	0.22866507037526024	418
cg26243623	0.2286642335893764	418
cg04206484	0.22866254519256513	418
cg01573921	0.2286592592817728	418
cg06103812	0.22865920910071247	418
cg23001930	0.22865908546613736	418
cg08092588	0.22865775904977234	418
cg12337683	0.22865628023694642	418
cg05599337	0.2286542514017561	418
cg21300382	0.22865374220959434	418
cg12857785	0.2286531250117238	418
cg15200994	0.22865134320699382	418
cg22455392	0.22865088398892094	418
cg04071689	0.22864902713371416	418
cg11466523	0.22864869588542838	418
cg18772025	0.2286484982004821	418
cg21409561	0.2286471129441375	418
cg22749736	0.22864698259283137	418
cg22063614	0.2286438307479329	418
cg12565579	0.22864247581374697	418
cg26566283	0.2286423224598539	418
cg22752049	0.22864065079916457	418
cg12836313	0.2286382259424834	418
cg00418913	0.22863650561417453	418
cg04908586	0.22863609792519102	418
cg02840535	0.22863342499761952	418
cg14160020	0.22863272101148824	418
cg22182415	0.22862985483381829	418
cg07283601	0.2286273514460015	418
cg06768079	0.228625675419781	418
cg22535790	0.22862545725147435	418
cg09768100	0.22862485874878935	418
cg07967277	0.22862375521646738	418
cg01453157	0.22862364022954798	418
cg17827583	0.22862137436763436	418
cg02542872	0.22862114128949942	418
cg03621084	0.2286199608087741	418
cg22866267	0.22861893289127724	418
cg14065720	0.22861830698110638	418
cg14115200	0.22861782145707976	418
cg05070690	0.22861766945869627	418
cg21297259	0.22861651656252624	418
cg26915558	0.2286164678147918	418
cg16643777	0.22861606401707588	418
cg10834734	0.22861335920810738	418
cg15646359	0.22861313436356168	418
cg13748340	0.2286121638899939	418
cg05897008	0.2286119011432382	418
cg24137511	0.22861135818183229	418
cg06662140	0.2286112970501799	418
cg10819951	0.22861059986872345	418
cg10242486	0.22861034646253103	418
cg05866214	0.228610160147857	418
cg23149573	0.22860943960610344	418
cg07420799	0.22860733433166378	418
cg10976778	0.2286064915997224	418
cg20733846	0.22860497546740388	418
cg14309394	0.22860490702928737	418
cg19136454	0.22860449063158117	418
cg14205576	0.2286025148357097	418
cg14411929	0.2286021018317967	418
cg12596645	0.22859919046148683	418
cg01904634	0.22859892541707608	418
cg19760464	0.22859631532072117	418
cg19721055	0.2285959128183202	418
cg12579612	0.2285956985921399	418
cg07602740	0.22859555431725476	418
cg16842291	0.22859470795291514	418
cg16538295	0.2285945004638911	418
cg18058647	0.22859436686507567	418
cg10165842	0.22859419507381315	418
cg09432136	0.22859260240458182	418
cg09169454	0.22859154915478683	418
cg13703737	0.2285895770215743	418
cg09939303	0.22858878101102462	418
cg08651124	0.22858674378989163	418
cg25857976	0.2285865437351617	418
cg10308611	0.22858459205694104	418
cg19815917	0.22858403322652793	418
cg02817925	0.2285817878432202	418
cg07499066	0.22858110513131943	418
cg15894808	0.22858085751452453	418
cg18173185	0.22857730896089634	418
cg00953201	0.22857556875841584	418
cg00427834	0.22857480785701867	418
cg12089204	0.22857381751927328	418
cg23196783	0.22857329250123118	418
cg24118877	0.2285732552032199	418
cg16576106	0.22857224231652074	418
cg13504346	0.22857189290195642	418
cg05290231	0.2285712076156211	418
cg15951061	0.22857043684258704	418
cg13496790	0.22857000377181647	418
cg21947444	0.22856896763410567	418
cg18069095	0.2285662046993896	418
cg03515246	0.22856266705632775	418
cg09677823	0.2285618192449392	418
cg10361281	0.22856160679342757	418
cg21087016	0.22856130092040636	418
cg24999013	0.22855940213114975	418
cg09532113	0.2285584153565134	418
cg10780234	0.22855794987713665	418
cg11995577	0.22855706378844362	418
cg12382480	0.22855562602801932	418
cg05691996	0.22855373653530928	418
cg04885377	0.22855241661894918	418
cg07178278	0.22855168315072388	418
cg17557119	0.2285512047754331	418
cg20124933	0.22854973346151522	418
cg08586216	0.22854941761894587	418
cg07918620	0.22854881190896492	418
cg00630892	0.2285467098193911	418
cg20784947	0.22854576410278274	418
cg02928052	0.22854531876566725	418
cg00180470	0.2285452512157843	418
cg19559668	0.2285442760612886	418
cg02579140	0.22854410947784773	418
cg09410317	0.2285432128811594	418
cg19076690	0.22854065251270625	418
cg08791874	0.22854001785352795	418
cg17226399	0.22853976487899796	418
cg08034818	0.2285388790523442	418
cg19944840	0.2285351834440682	418
cg01172114	0.2285346730616485	418
cg25007781	0.22853308486261473	418
cg15880498	0.22853156321515403	418
cg09146892	0.22852608212556413	418
cg19318150	0.22852539077506748	418
cg09074755	0.22852330185671482	418
cg01521567	0.228523174779002	418
cg14172454	0.22851898276995644	418
cg10769017	0.22851668810358056	418
cg07744547	0.22851607661552117	418
cg13090058	0.22851470169465138	418
cg15679799	0.2285145710556	418
cg13784276	0.22851447986316883	418
cg17554162	0.22851412091793366	418
cg23786701	0.2285130081441868	418
cg03329747	0.2285116274306802	418
cg13491213	0.2285076999465748	418
cg26182224	0.22850667828959098	418
cg06023357	0.22850666362050928	418
cg27638963	0.22850643031535575	418
cg16735094	0.2285062058474236	418
cg14864276	0.2285046922049319	418
cg24833387	0.22850438901891398	418
cg15312358	0.22850438259184358	418
cg17281993	0.22850279922930491	418
cg24471922	0.22850149020402247	418
cg00563300	0.22850140291176962	418
cg20603964	0.22850089780504543	418
cg11113333	0.22850076710558612	418
cg15465343	0.22849979051482955	418
cg15347156	0.22849966584700743	418
cg08373023	0.22849941509758762	418
cg26524306	0.22849923578968648	418
cg09695261	0.2284982546130811	418
cg01277300	0.22849817673483847	418
cg03086097	0.22849638709690517	418
cg12159837	0.22849553016139598	418
cg18450199	0.22849403212626743	418
cg18475668	0.22849367909937868	418
cg15159420	0.2284935312520726	418
cg14368592	0.22849332465589448	418
cg24206697	0.22849303645956262	418
cg06421238	0.22849082640281537	418
cg14703032	0.2284892846366784	418
cg05820157	0.22848644438712024	418
cg05396350	0.2284861352246746	418
cg06632821	0.2284858667633585	418
cg06891282	0.22848234582661417	418
cg05664039	0.22848005827549703	418
cg17789464	0.22847836129528004	418
cg16483611	0.22847822215709587	418
cg27248364	0.22847814685802792	418
cg03929531	0.2284778537324999	418
cg00446595	0.22847700291476414	418
cg06516331	0.22847640298548044	418
cg05612325	0.22847516291038003	418
cg08288795	0.22847452785762495	418
cg03695448	0.2284734012020479	418
cg11057604	0.22847248423979932	418
cg24315049	0.22847245148068415	418
cg12525219	0.22847163127170333	418
cg26894968	0.2284715828878705	418
cg13608874	0.22847144105843334	418
cg18219878	0.2284693152286355	418
cg14056656	0.22846793839828033	418
cg03904534	0.2284665405333487	418
cg17565303	0.22846625375291574	418
cg05810363	0.22846581147224967	418
cg23534341	0.22846554440098069	418
cg17673769	0.22846365100625576	418
cg16127366	0.22846349805270427	418
cg11767442	0.22846233294114296	418
cg21617494	0.22846073613119602	418
cg02991118	0.2284599145552672	418
cg02227969	0.22845658957306	418
cg24401363	0.22845628195673534	418
cg10187384	0.2284545638477634	418
cg17196946	0.2284539844018252	418
cg18230627	0.22845362054801582	418
cg15073112	0.2284523124845988	418
cg20159278	0.2284518630920036	418
cg17180938	0.2284514148925846	418
cg02013146	0.22844936348338032	418
cg24172167	0.2284445899552945	418
cg02871210	0.2284437803607729	418
cg24849726	0.22844364484677585	418
cg08110610	0.22844334084218026	418
cg07912402	0.22844252782380778	418
cg14588512	0.22844111262590117	418
cg23476885	0.2284404623896299	418
cg16889990	0.228439751782229	418
cg06709178	0.22843921573191367	418
cg23168555	0.22843562727375336	418
cg21008928	0.22843534784753958	418
cg20119495	0.22843514211702506	418
cg17398057	0.22843400179395965	418
cg11813834	0.22843386161952778	418
cg27191554	0.22843264994149598	418
cg15341824	0.22843163704645045	418
cg14485103	0.22843061228596037	418
cg24634565	0.22843010487943327	418
cg13560919	0.22842976272481888	418
cg22157769	0.22842262994997198	418
cg18809729	0.22842214140224468	418
cg12841650	0.2284217060215205	418
cg08744878	0.2284214200668008	418
cg02198617	0.22841952907667878	418
cg00146612	0.22841815566286	418
cg15222509	0.22841709283355371	418
cg12631105	0.22841665513526213	418
cg04272708	0.22841546172077576	418
cg13506224	0.22841531518291153	418
cg05729309	0.22841514803397242	418
cg26345259	0.22841476749519538	418
cg26475180	0.22841412318815899	418
cg22659681	0.22841318257926713	418
cg14276258	0.22841245392817303	418
cg22824635	0.22841211183394905	418
cg23904442	0.22841085578010709	418
cg16655424	0.22840919848096886	418
cg27274377	0.22840809599398554	418
cg18300770	0.22840758949325687	418
cg17766055	0.2284057937047832	418
cg20635419	0.2284047200360748	418
cg14245471	0.2284025085801262	418
cg25862072	0.22840224526239417	418
cg25813748	0.22840019100088085	418
cg09032487	0.2283981664701019	418
cg18210329	0.22839727632665394	418
cg04264864	0.22839550141818132	418
cg02081198	0.22839404080924305	418
cg13067348	0.22839333887870014	418
cg25513760	0.22839302514017756	418
cg17533797	0.22839226063268264	418
cg18648997	0.22838909334915322	418
cg06186330	0.2283881544097576	418
cg03779412	0.22838800524501365	418
cg12231960	0.2283877908626899	418
cg18712806	0.22838628422052606	418
cg00432495	0.2283852389359188	418
cg06184906	0.22838510021909117	418
cg00802484	0.22838493386327222	418
cg04115185	0.22838432742257028	418
cg08311803	0.22838403871003154	418
cg05801066	0.22837681291596595	418
cg10653000	0.22837634427171827	418
cg13760252	0.22837590801324514	418
cg20625447	0.22837110508050715	418
cg11667387	0.2283706991586277	418
cg00434991	0.22837008667643963	418
cg12650985	0.2283690451167683	418
cg12564913	0.2283689199511158	418
cg02776514	0.22836836974527613	418
cg12589947	0.22836792793836008	418
cg07532183	0.2283643797690388	418
cg16256719	0.22836227524806157	418
cg00209398	0.22836196189596442	418
cg01971435	0.22836075489025928	418
cg10007534	0.2283592438707961	418
cg14575155	0.2283584923767349	418
cg09203029	0.22835737217325522	418
cg01533057	0.228356359434185	418
cg13978028	0.22835402408619332	418
cg20872698	0.22835343040762102	418
cg25059070	0.22835317267227057	418
cg13659360	0.22835184112823148	418
cg22677065	0.22834925205837595	418
cg03311134	0.22834880712494207	418
cg00413852	0.2283478746754332	418
cg03533051	0.22834718918344923	418
cg18433109	0.22834557616383744	418
cg10883177	0.22834554824121098	418
cg14298269	0.22834489869221022	418
cg20246820	0.22834326104511535	418
cg06687992	0.22834199158675403	418
cg21154964	0.22834192050223914	418
cg00007036	0.22834167935911703	418
cg07249433	0.22834058319569348	418
cg24039778	0.22833980643271018	418
cg16671651	0.2283383523888332	418
cg16961923	0.2283377261104919	418
cg14994483	0.22833703362144672	418
cg13900349	0.22833691620888855	418
cg11553795	0.22833690183385408	418
cg12260801	0.2283357327698131	418
cg01688416	0.2283355413558103	418
cg27258812	0.22833499728212786	418
cg23066057	0.22833490926475836	418
cg22256865	0.22833359839659184	418
cg15468154	0.22833236062312992	418
cg04711338	0.22833235005044036	418
cg13831388	0.22833108686631204	418
cg20073412	0.22833071612994343	418
cg02896432	0.22833071040442227	418
cg23311252	0.2283307048517444	418
cg26350803	0.22833041853287248	418
cg26827702	0.22833007938184743	418
cg26932586	0.22833001891675847	418
cg24211779	0.2283299946224892	418
cg25597267	0.22832917980739842	418
cg19254793	0.22832795860071087	418
cg23087358	0.2283267458099551	418
cg11819469	0.228326272703878	418
cg02162339	0.22832597652376263	418
cg01939450	0.22832488824904906	418
cg19855402	0.2283241365781855	418
cg07539997	0.22832407382519956	418
cg03332897	0.22832403514838656	418
cg22344661	0.22832359902130214	418
cg24013618	0.2283232076315965	418
cg21839972	0.22832249195920465	418
cg23608779	0.22832171529494066	418
cg05310260	0.22832060955026603	418
cg24394643	0.22831967837314596	418
cg15024633	0.22831923257143244	418
cg24793128	0.22831811882158068	418
cg19554454	0.22831497538647624	418
cg10490202	0.22831374336426244	418
cg12424762	0.22831345104609177	418
cg11203756	0.2283094778418382	418
cg26254473	0.22830484483159755	418
cg26997026	0.22830483849862993	418
cg02242345	0.22830442141423768	418
cg27336177	0.22830417134879563	418
cg09324735	0.2283022194973232	418
cg21876001	0.22830048173694792	418
cg20258768	0.22830013439464322	418
cg16685990	0.22830009936445517	418
cg09485063	0.22829871404608976	418
cg19854763	0.22829754453163253	418
cg22714290	0.2282966418129934	418
cg19199483	0.2282957138607095	418
cg01018360	0.2282893921112546	418
cg25945449	0.22828759299593493	418
cg14918019	0.2282868216706251	418
cg04286677	0.22828655640070855	418
cg13360609	0.2282853636547078	418
cg02591564	0.2282834206475428	418
cg19307042	0.22828219459150723	418
cg05471949	0.22828056958816648	418
cg25980689	0.22828046394824025	418
cg01050810	0.2282798127289898	418
cg17207346	0.2282776003537116	418
cg25392634	0.2282772359546229	418
cg18244874	0.2282767685330384	418
cg02206823	0.22827637523521782	418
cg15241549	0.22827615258967096	418
cg01754232	0.22827480843537484	418
cg20521220	0.22827477965869145	418
cg05125051	0.22827448781912194	418
cg07611351	0.22827309297376686	418
cg14477263	0.22827197867002932	418
cg13266326	0.2282709290958493	418
cg16090149	0.228270757620397	418
cg25721366	0.2282691868146241	418
cg22238489	0.22826173244872974	418
cg26624794	0.2282597983731958	418
cg19036490	0.2282597692427212	418
cg00774155	0.22825671132351613	418
cg25502245	0.22825397651513718	418
cg17812026	0.22825368148790084	418
cg04284660	0.22825259702916773	418
cg22707563	0.22825064465981612	418
cg16867003	0.22824922296263264	418
cg15770585	0.2282464769601803	418
cg07529658	0.22824430049380484	418
cg22828340	0.22824371812696415	418
cg17619053	0.22824344016957507	418
cg14242024	0.22824285532313612	418
cg08223945	0.22824271762982512	418
cg09348230	0.2282425842038374	418
cg16409970	0.22824251398934786	418
cg01346252	0.2282422539553817	418
cg16439118	0.2282414386414688	418
cg23448774	0.22824120600064468	418
cg02574861	0.22824103481389435	418
cg11265433	0.22824098178451732	418
cg27655145	0.2282350970191788	418
cg25273619	0.22823275070264107	418
cg21351483	0.22822943060200393	418
cg04588969	0.22822744086674782	418
cg23007409	0.22822709735794772	418
cg06053417	0.2282260536481216	418
cg17563937	0.22822471995441193	418
cg00435469	0.2282243647422956	418
cg12405087	0.22822303479384293	418
cg04759567	0.22822261706801436	418
cg26105660	0.22822197995162508	418
cg05122969	0.22822046024259465	418
cg23917918	0.22822014757087267	418
cg24841511	0.22821929025289192	418
cg18596686	0.22821807066798472	418
cg07503662	0.2282166710258693	418
cg12337559	0.2282159792332374	418
cg01145653	0.2282151585275033	418
cg06063209	0.228214784414776	418
cg08024109	0.22821428983277658	418
cg03894119	0.22821397094730883	418
cg27414863	0.22821299659769737	418
cg14833008	0.22821139074051258	418
cg10365469	0.22820826063511854	418
cg20775044	0.22820819797406808	418
cg16705165	0.2282078621101149	418
cg03004323	0.22820724570108894	418
cg07143158	0.22820666334844272	418
cg15500478	0.22820662098767855	418
cg21787835	0.22820647408257028	418
cg11207081	0.22820567056552635	418
cg00321775	0.22820379027948076	418
cg13775978	0.2282025545460247	418
cg06644844	0.2282012178545434	418
cg14496909	0.22820021282091885	418
cg13587236	0.22819890661219375	418
cg18057128	0.22819672667908328	418
cg20967343	0.22819557853950875	418
cg04066316	0.22819317236622946	418
cg09381294	0.228192972709519	418
cg08048970	0.2281881440566176	418
cg02517488	0.22818685441387768	418
cg22804352	0.2281847134728088	418
cg05851505	0.22818361093783932	418
cg12800586	0.2281835225265811	418
cg12181579	0.22818293365745698	418
cg00350519	0.22818128792967812	418
cg08246323	0.22818001458320086	418
cg19651246	0.22817877625611072	418
cg12078820	0.22817845118805258	418
cg20389911	0.2281775256862607	418
cg13139787	0.2281765995030014	418
cg12818656	0.2281740826132017	418
cg26156154	0.22817117503630238	418
cg03265579	0.2281710840049883	418
cg25695424	0.22817030595685764	418
cg22575458	0.22817030507525826	418
cg24630516	0.22817013428536262	418
cg17667773	0.22816894354310008	418
cg07437385	0.22816866912296094	418
cg10354726	0.22816814875111743	418
cg21215961	0.22816771819645837	418
cg20401541	0.22816578146844743	418
cg01018665	0.22816520855507666	418
cg13243638	0.22816514960472825	418
cg20181600	0.2281647158188417	418
cg02354388	0.2281608934643374	418
cg07481380	0.22815997460596252	418
cg03277925	0.2281593573838698	418
cg19732653	0.2281590823554926	418
cg02422265	0.22815901681701345	418
cg06288632	0.22815740541521481	418
cg16389560	0.22815630021836963	418
cg03023935	0.2281535720152213	418
cg21971896	0.22815294247330598	418
cg21736089	0.22814438536485274	418
cg00239272	0.2281427059668358	418
cg13474004	0.2281425473034875	418
cg06180614	0.22814186058236471	418
cg15662986	0.22814160116915874	418
cg12350783	0.22814159721571095	418
cg21504793	0.228141034566943	418
cg07834408	0.22813997468872904	418
cg02823457	0.22813994879672383	418
cg13982541	0.2281377031043709	418
cg00386925	0.2281372663832633	418
cg10438977	0.2281357897403833	418
cg11967563	0.22813463401739503	418
cg16643261	0.2281312752808224	418
cg22435912	0.2281312065002504	418
cg27437510	0.22813078402748346	418
cg00242858	0.22813068452689345	418
cg03582827	0.22813059116987516	418
cg12656902	0.22813047983034243	418
cg13473894	0.22812991917200134	418
cg26116495	0.2281250961806921	418
cg10834827	0.22812451559602573	418
cg07605988	0.22812320369333952	418
cg02695116	0.22812280779069802	418
cg13037550	0.22812211644873057	418
cg26209812	0.2281208261957156	418
cg24090529	0.2281206348923021	418
cg25230043	0.22812026302060456	418
cg17779994	0.2281199642582074	418
cg08049120	0.22811983754436355	418
cg05881416	0.22811834756536742	418
cg15901715	0.22811784652635073	418
cg12691523	0.22811720332790464	418
cg08701134	0.2281170321537489	418
cg25357022	0.2281166785890136	418
cg23230445	0.22811492350548493	418
cg02090418	0.2281146901031035	418
cg03618215	0.22811418989151183	418
cg09184945	0.22811377742187638	418
cg22032283	0.2281134325847151	418
cg09062356	0.2281131072486364	418
cg09800974	0.22811215351482828	418
cg16760892	0.2281120679173528	418
cg10047291	0.228111041626759	418
cg10075733	0.22811103763061785	418
cg07638882	0.22811004685662817	418
cg12617712	0.22810920411970156	418
cg22294057	0.22810860352464443	418
cg08105585	0.2281077640940693	418
cg11886880	0.22810386267065957	418
cg08858723	0.22810281070000485	418
cg19127365	0.228102076458906	418
cg12301869	0.22810183166110778	418
cg23369334	0.22810099103589385	418
cg01414542	0.22810089009635431	418
cg23257365	0.22810075533501695	418
cg17420619	0.22810054264445917	418
cg00143321	0.22809940042343763	418
cg03910605	0.22809937989739762	418
cg26171489	0.22809851045510948	418
cg15149712	0.22809846977040135	418
cg04906467	0.2280963297500709	418
cg05341109	0.22809621375458397	418
cg14312941	0.22809326632074065	418
cg18599162	0.22809267553401286	418
cg26697474	0.22809050439329065	418
cg14211117	0.2280889953294625	418
cg14409406	0.22808859815406096	418
cg02903852	0.22808796538977644	418
cg04101363	0.2280874097380465	418
cg20449283	0.22808719400069744	418
cg13544966	0.22808655029885738	418
cg03299064	0.22808603510988834	418
cg22206745	0.2280857105056807	418
cg03719475	0.22808510352525171	418
cg11677960	0.22808394954646508	418
cg23958118	0.2280830601888601	418
cg05350612	0.22808274537369458	418
cg05869392	0.2280817868108658	418
cg08884539	0.22808132466263958	418
cg03827764	0.22807945625354867	418
cg03548062	0.22807815429275022	418
cg20370839	0.2280781399094554	418
cg20937101	0.22807776271344612	418
cg05728337	0.22807711806193356	418
cg17891735	0.2280765569412579	418
cg06367102	0.22807517769803476	418
cg06620397	0.22807403383525718	418
cg25768673	0.22807349098897195	418
cg25595664	0.22807300012885592	418
cg14020326	0.2280712940461261	418
cg04729768	0.22806971310908294	418
cg14314458	0.22806785319725612	418
cg13632729	0.22806781678528854	418
cg13434374	0.2280675039106209	418
cg04873153	0.22806562768138663	418
cg06854150	0.22806111353132005	418
cg00120157	0.2280605744065903	418
cg16539640	0.22806014137917	418
cg22053796	0.22805779654548358	418
cg26873115	0.22805691643610035	418
cg12652449	0.22805609275855734	418
cg15997374	0.22805568777644525	418
cg00146249	0.22805565463771985	418
cg18848985	0.22805487265731367	418
cg08015702	0.2280524157780103	418
cg17020497	0.22805223291150645	418
cg05107228	0.2280509546528579	418
cg06203137	0.22805030092179207	418
cg15966877	0.22805010835139414	418
cg15599805	0.22805001655319584	418
cg20839522	0.22804991064705254	418
cg27398535	0.22804921571358874	418
cg11903177	0.228049146279921	418
cg13091717	0.22804869842012948	418
cg12165240	0.22804840892039463	418
cg18464160	0.2280445562581054	418
cg19522829	0.2280430525540077	418
cg13050556	0.22804111276656108	418
cg26037974	0.22804061073571733	418
cg19306958	0.22803937148180678	418
cg17150363	0.22803878016323478	418
cg20848924	0.22803869598038892	418
cg01335658	0.22803755345506183	418
cg16184737	0.22803549802237408	418
cg14090880	0.22803549495561728	418
cg27412039	0.2280313429469746	418
cg26286937	0.2280305023864274	418
cg13113121	0.2280287751334572	418
cg05003973	0.22802791872853326	418
cg26522334	0.228026911869654	418
cg03374231	0.22802579521264102	418
cg13378272	0.2280255143980322	418
cg11817057	0.22802485624284974	418
cg25259564	0.22802439536402164	418
cg26707398	0.22802408260182652	418
cg21566513	0.22802269323383492	418
cg17774956	0.22802195920424345	418
cg20612642	0.22802138790374257	418
cg03466951	0.2280211932901922	418
cg12858900	0.22802111558973878	418
cg21251258	0.22801951406422089	418
cg21233879	0.22801890348678658	418
cg07936660	0.22801739785556138	418
cg09598773	0.2280173037749016	418
cg23659957	0.22801683030938413	418
cg14798745	0.2280137683285055	418
cg21337175	0.2280131182856253	418
cg24429081	0.2280113871293903	418
cg22748539	0.2280093036998492	418
cg00054564	0.2280089126838384	418
cg23959712	0.22800321676623186	418
cg24406937	0.2280019969997257	418
cg21614133	0.22800118907249528	418
cg24740515	0.22799979423153913	418
cg12120491	0.22799749952254084	418
cg11330329	0.22799667377022953	418
cg14699932	0.22799660325283028	418
cg16983778	0.22799641267747106	418
cg14304626	0.22799579104356182	418
cg25207052	0.22799550146195913	418
cg00129549	0.2279946963686589	418
cg05767272	0.22799459963821106	418
cg20706636	0.22799437438881368	418
cg18906324	0.22799410267827858	418
cg02314166	0.2279937462231159	418
cg07444898	0.22799342671786796	418
cg14844541	0.2279920711484767	418
cg20777482	0.22799199808455295	418
cg13737650	0.2279918274753658	418
cg07166333	0.22798990320791637	418
cg04998094	0.22798762551378646	418
cg07933197	0.22798635345474358	418
cg11925103	0.2279845056042352	418
cg13226232	0.22798437171664354	418
cg12152315	0.22798148320129397	418
cg18163155	0.22798107333152998	418
cg26832552	0.22798010942682326	418
cg05033936	0.2279799549062781	418
cg09484870	0.22797980085522554	418
cg09726174	0.22797772063001356	418
cg16027110	0.2279755568871084	418
cg24791880	0.2279746426272357	418
cg25315148	0.22797349465597608	418
cg26350759	0.22797327257713582	418
cg08533865	0.22797273675656302	418
cg10785912	0.22797241433368579	418
cg03628122	0.2279723743135495	418
cg08261073	0.22797181181928633	418
cg25379390	0.22797175912558962	418
cg01926972	0.22797151285888606	418
cg15524162	0.22797134677408856	418
cg04432275	0.22797124766556887	418
cg13108197	0.2279710063355962	418
cg18171565	0.22797037534886092	418
cg08746254	0.22797016682315047	418
cg25887619	0.22796993693495027	418
cg05780020	0.22796925013653194	418
cg01880321	0.22796873333757506	418
cg03736058	0.22796720901438625	418
cg19009685	0.22796630028986814	418
cg27402782	0.22796323120588086	418
cg20113888	0.22796301079322967	418
cg10911030	0.22796132189083249	418
cg15188808	0.22796071283714253	418
cg01117269	0.22795707016080458	418
cg05231763	0.22795636747794676	418
cg14983865	0.22795629538864223	418
cg25108478	0.22795622539269048	418
cg13830486	0.22795614913272974	418
cg01006231	0.22795506251950254	418
cg14491169	0.22795446431276126	418
cg03461781	0.2279533555373961	418
cg16584396	0.2279526602201836	418
cg07440979	0.2279516690217292	418
cg19111712	0.227951425347929	418
cg02381965	0.22795068240729746	418
cg19395519	0.2279490075111862	418
cg20889899	0.22794895758535677	418
cg26504749	0.22794883858915338	418
cg23600517	0.22794866904044966	418
cg08461457	0.22794823114174256	418
cg25197802	0.22794748216502303	418
cg17805291	0.22794677783437733	418
cg11885201	0.2279462582242232	418
cg08209184	0.2279439226409866	418
cg25692002	0.22794390038875367	418
cg12898170	0.22794336449980834	418
cg14903202	0.22794321388673153	418
cg20490386	0.2279431985071583	418
cg23227149	0.22794318284984577	418
cg13576505	0.22794259837913533	418
cg08978399	0.227940089798848	418
cg17806437	0.2279399761965033	418
cg01462184	0.2279397197786945	418
cg10308275	0.22793949536739555	418
cg03665571	0.22793850899016166	418
cg00737916	0.22793843632707608	418
cg24134071	0.22793678132481895	418
cg01023734	0.22793406898494142	418
cg23975846	0.22793313247683672	418
cg04142017	0.22793226485348947	418
cg16754059	0.22793204956144683	418
cg16334098	0.22793143909896438	418
cg10382494	0.22792969493854007	418
cg12777367	0.22792964690363524	418
cg03553640	0.22792906987108136	418
cg27269196	0.22792847728577798	418
cg26787244	0.22792486652111218	418
cg25728994	0.22792483191627574	418
cg23457316	0.2279240577111477	418
cg09914207	0.22792329567858832	418
cg01733459	0.22792149699007508	418
cg16224521	0.22792138766974576	418
cg09357151	0.22792039941220635	418
cg10894205	0.22791992072118136	418
cg08001552	0.22791523047664	418
cg19911158	0.22791438959630633	418
cg18397073	0.2279141804148849	418
cg16449606	0.2279139699145077	418
cg08742194	0.22790787318086578	418
cg09628877	0.22790659883446243	418
cg03454669	0.22790597323594095	418
cg11091909	0.22790552242874645	418
cg01811920	0.22790493553899063	418
cg26535650	0.22790420752850454	418
cg09416023	0.2279024495315946	418
cg02581146	0.22790201730815832	418
cg17738743	0.22790146526594982	418
cg00337157	0.22790003829532493	418
cg12815916	0.2278999279273898	418
cg24461063	0.22789894914382733	418
cg25624478	0.22789812811456858	418
cg08552167	0.22789812357506598	418
cg14990430	0.2278977834074136	418
cg00477721	0.22789669717240763	418
cg02505267	0.22789640530533434	418
cg06991560	0.22789601118743671	418
cg04707348	0.22789308372616518	418
cg24651966	0.22789291006879578	418
cg19978770	0.22789189695405182	418
cg06362078	0.22789107647886633	418
cg23245486	0.22789071245105688	418
cg02951883	0.22789007660156335	418
cg09358422	0.22789006657088637	418
cg24140841	0.22788841898416498	418
cg09878994	0.22788461868238521	418
cg21091378	0.22788333570817873	418
cg11606466	0.22788319041928742	418
cg01599094	0.22788244870095065	418
cg06947694	0.2278821850455711	418
cg26038441	0.22788183539323514	418
cg19641007	0.22788160283153613	418
cg08799551	0.22788104665061404	418
cg05827468	0.22788075956040463	418
cg01441308	0.22788070714001865	418
cg06056563	0.22787934327376827	418
cg12217804	0.2278790952412228	418
cg23231666	0.2278788195399033	418
cg20875182	0.2278773116617021	418
cg19012704	0.2278770769807414	418
cg06051201	0.22787631916381648	418
cg01068102	0.22787602180517139	418
cg04578183	0.22787512579255426	418
cg06935363	0.22787367460278007	418
cg18097325	0.22787355922907224	418
cg01318154	0.22787077615005236	418
cg09095924	0.22787061939883402	418
cg08140548	0.22786545228714888	418
cg22533762	0.22786519208495978	418
cg06172235	0.22786478469909527	418
cg10016803	0.22786409487615897	418
cg24028958	0.22786317068471973	418
cg13883397	0.22786296435642128	418
cg20091114	0.22786273120914405	418
cg06026117	0.22786223898921326	418
cg14712390	0.22785925984552277	418
cg18009040	0.22785914248219327	418
cg11033688	0.22785863247051497	418
cg01309896	0.22785781828505616	418
cg06361072	0.22785754394837196	418
cg11882355	0.22785701784894005	418
cg04845625	0.22785689561923472	418
cg23474801	0.22785582047003392	418
cg02622601	0.22785533439620426	418
cg11633280	0.22785525903051837	418
cg06634717	0.22785371870888135	418
cg11449408	0.2278529023485382	418
cg21516614	0.2278505340607074	418
cg26591066	0.22785051356184163	418
cg06238892	0.22784997226164364	418
cg23256480	0.22784931637865918	418
cg21377403	0.227845018566618	418
cg22054328	0.2278441052095207	418
cg00008819	0.22784363100027036	418
cg01131289	0.2278424834221158	418
cg11913489	0.2278407690422041	418
cg19831935	0.22783869405248602	418
cg13514637	0.2278386223980324	418
cg26046953	0.2278385051670453	418
cg23397523	0.22783789220985484	418
cg09399972	0.22783661463064717	418
cg22978493	0.22783600252276032	418
cg06826886	0.22783522741682688	418
cg01652078	0.2278346400532731	418
cg09805030	0.22783391519846455	418
cg10411126	0.2278326536921981	418
cg00073968	0.22783099256222467	418
cg00499201	0.22783038183912782	418
cg18040502	0.22782996636969227	418
cg21650510	0.22782985789036442	418
cg00994936	0.22782955784258727	418
cg00510025	0.2278286630105134	418
cg02099699	0.22782842447870547	418
cg27462322	0.22782767363632772	418
cg22609849	0.227825531037992	418
cg01929192	0.227822858390285	418
cg23123359	0.22782273314029117	418
cg19416623	0.22782118863220335	418
cg04611087	0.22782051499160524	418
cg06014083	0.2278204496649376	418
cg17565051	0.2278197118454587	418
cg03052915	0.2278193915096292	418
cg16661234	0.227819072452892	418
cg15651819	0.2278177036935514	418
cg08584230	0.22781658906418328	418
cg05174710	0.2278165633650147	418
cg16773115	0.22781629526072217	418
cg03605066	0.22781463850523484	418
cg15961716	0.22781382819481685	418
cg16318827	0.22781186128545938	418
cg09136815	0.22780967239539723	418
cg00245808	0.22780848625994488	418
cg06893302	0.22780812113238308	418
cg06977371	0.22780690957281793	418
cg17836449	0.22780600947253946	418
cg25809434	0.22780576723583223	418
cg03309962	0.2278029717920595	418
cg27462837	0.22780287832543014	418
cg06696911	0.22780282609893487	418
cg09762115	0.22780262999725678	418
cg07327417	0.22780196970568162	418
cg24097241	0.2277998417597273	418
cg15357639	0.22779968743041648	418
cg01141269	0.22779945545907312	418
cg10013493	0.22779858253396856	418
cg20293609	0.2277975143911098	418
cg11967457	0.22779729378990107	418
cg15229917	0.22779644538124502	418
cg18449956	0.22779568540909143	418
cg04684637	0.22779441331830994	418
cg03560712	0.227793244187375	418
cg09847626	0.22779309408576887	418
cg19430622	0.22779130709085993	418
cg12465250	0.22778894756536122	418
cg18435498	0.2277887031161615	418
cg02753269	0.2277878165074156	418
cg02910344	0.22778767822358642	418
cg13762887	0.22778526047865372	418
cg02474193	0.22778477445654832	418
cg00066153	0.22778178250992515	418
cg13082038	0.22778135776246353	418
cg19536104	0.2277803809874478	418
cg05617300	0.22778033731105163	418
cg11797763	0.2277798940317259	418
cg08390010	0.2277791167798176	418
cg20599320	0.2277785273898701	418
cg19667082	0.22777761202945496	418
cg01665432	0.22777631044666	418
cg26100137	0.22777580770752193	418
cg07334926	0.22777352158076627	418
cg16573836	0.22777323962671056	418
cg18973586	0.22777311815956036	418
cg11959894	0.2277728164651028	418
cg11691853	0.22777183909944912	418
cg03057855	0.22777170190946852	418
cg23186787	0.2277705685076756	418
cg02575675	0.22776861988854605	418
cg01224386	0.2277682903384017	418
cg15049933	0.22776710954017834	418
cg00156588	0.22776620842142284	418
cg27536151	0.22776521003193198	418
cg26435502	0.2277649227416411	418
cg26353421	0.2277648281255769	418
cg00197993	0.22776417268360477	418
cg06965198	0.22776226012105394	418
cg00448891	0.22776101978668936	418
cg14216870	0.22776084762235302	418
cg09936609	0.22776028520321837	418
cg17219656	0.2277601011723142	418
cg08734237	0.22775979512666045	418
cg12843542	0.22775928102714815	418
cg09860396	0.2277584466106705	418
cg12806654	0.2277581711547911	418
cg14857063	0.22775715505643782	418
cg20361429	0.22775661128166588	418
cg14824984	0.22775573685753955	418
cg10285897	0.22775516422819148	418
cg08133327	0.22775479455931538	418
cg08882927	0.2277546905225529	418
cg25215565	0.2277539634597304	418
cg18527919	0.2277525257400835	418
cg14496401	0.22775132765650818	418
cg06767059	0.22775107359789096	418
cg06302393	0.22775033867058941	418
cg08782169	0.22775024745812975	418
cg13427320	0.22774832674915058	418
cg10558129	0.22774776467951388	418
cg14345464	0.22774635230113832	418
cg04463816	0.22774456092983708	418
cg17268775	0.22774394641983217	418
cg16140321	0.22774218187283318	418
cg16374972	0.22774019059526948	418
cg19046793	0.22773970597933169	418
cg02283353	0.227738705588039	418
cg15189757	0.22773666429702957	418
cg26368737	0.22773650697865927	418
cg16229161	0.22773548932529905	418
cg06413196	0.22773438046931746	418
cg05965353	0.22773242748257475	418
cg24151858	0.22773070451447225	418
cg14404980	0.22773038119816472	418
cg03871104	0.22772905736601784	418
cg09862845	0.227728733332716	418
cg07571637	0.22772527975245993	418
cg01649350	0.2277244835743378	418
cg04870174	0.22772310860583614	418
cg23817011	0.22772223297381478	418
cg12298955	0.22772149036782943	418
cg08858160	0.227719794118104	418
cg02616625	0.22771963087919678	418
cg01564943	0.22771941830800274	418
cg17403046	0.2277193074947738	418
cg09480289	0.22771885315558102	418
cg20190112	0.22771878884063468	418
cg24986058	0.2277186137863066	418
cg04726730	0.2277185047475099	418
cg16362594	0.22771848539983328	418
cg06565378	0.2277183784770515	418
cg03978521	0.2277149201593439	418
cg22811668	0.22771448264623323	418
cg16917068	0.22771285444873673	418
cg19951766	0.22771255180624814	418
cg24301844	0.227711264473397	418
cg20782252	0.22771052344254525	418
cg10592494	0.22771008745828789	418
cg17409593	0.22770978904925582	418
cg08151648	0.22770812592444692	418
cg00211855	0.22770786721748432	418
cg27128883	0.22770555009897547	418
cg00070908	0.227705322895895	418
cg05049160	0.22770382849549664	418
cg05189253	0.2277029328301065	418
cg13250024	0.2276989447023742	418
cg18188891	0.22769638585548144	418
cg07088555	0.22769564407157822	418
cg15089794	0.22769491855457016	418
cg07918170	0.22769391277552997	418
cg22437895	0.22769325435258234	418
cg01082422	0.22769259172122988	418
cg05264881	0.2276912170888842	418
cg20294810	0.22769073262772857	418
cg16421619	0.22768988193881445	418
cg21601370	0.22768868077775592	418
cg04024822	0.22768788862141454	418
cg24935452	0.22768719495584958	418
cg27382860	0.22768712015861298	418
cg26469302	0.22768513259231518	418
cg13316719	0.22768350099156656	418
cg06452462	0.22768344831840193	418
cg11684740	0.2276830604313538	418
cg00829753	0.227682519735364	418
cg09723184	0.2276822976348105	418
cg02531277	0.22768210061079333	418
cg24162465	0.22768102515620348	418
cg20384325	0.22768065218590183	418
cg27169263	0.2276789295279944	418
cg10774480	0.22767892641688708	418
cg07982082	0.2276783114968971	418
cg01468921	0.22767584625323678	418
cg25031460	0.22767515627704077	418
cg14117481	0.2276748025140365	418
cg12296552	0.2276745133922627	418
cg17127816	0.22767445069822373	418
cg18968256	0.2276732208431921	418
cg03711964	0.2276715335740381	418
cg12131438	0.22766770478233742	418
cg04283000	0.2276646745161643	418
cg21067524	0.22766446601142803	418
cg02368177	0.22766341008234656	418
cg01961134	0.22766150608588337	418
cg09789939	0.22766135057742973	418
cg22336993	0.22766126257816494	418
cg10516465	0.22765897392283244	418
cg25028079	0.22765677252109096	418
cg00685746	0.22765566910866075	418
cg17281719	0.22765516177148373	418
cg01949920	0.22765494477155077	418
cg20152152	0.22765434641235746	418
cg12164713	0.2276542033895863	418
cg10195415	0.22765415483021628	418
cg24319774	0.22765384057331903	418
cg21782900	0.22765349883784702	418
cg00446065	0.22765156557476585	418
cg13117960	0.22765080573898047	418
cg06556068	0.22765067784336968	418
cg19945819	0.22764955660822006	418
cg25103905	0.22764870745734506	418
cg23801338	0.22764846932165064	418
cg25849038	0.22764782036524528	418
cg24919011	0.22764686222309824	418
cg19610267	0.22764480433304587	418
cg09911554	0.22764422573184181	418
cg05485756	0.22764349428122735	418
cg10533978	0.2276411647405605	418
cg05540639	0.22764080870056388	418
cg10447644	0.22763899245736813	418
cg19770748	0.2276377998827328	418
cg25934548	0.22763654563721852	418
cg05306943	0.22763543209079556	418
cg18867912	0.22763534008241068	418
cg00106093	0.2276350262182868	418
cg19322445	0.2276333390809718	418
cg14156529	0.22763211908442413	418
cg07008885	0.22763189657135102	418
cg15460739	0.2276311175778449	418
cg05330262	0.22762620038488474	418
cg01851970	0.22762619145740384	418
cg09577425	0.22762532649530376	418
cg25881014	0.2276246154169898	418
cg20941823	0.22762348992318313	418
cg07833971	0.2276225123322145	418
cg20238681	0.2276217835058763	418
cg06578230	0.22762134236813686	418
cg09094964	0.22762131430479518	418
cg10097323	0.22762079901792842	418
cg05194316	0.227620797004286	418
cg11811391	0.227620560658851	418
cg13340085	0.22761918982338458	418
cg26965151	0.2276190759875295	418
cg09228454	0.2276184944855361	418
cg13528621	0.2276182601085222	418
cg07506503	0.22761446515837813	418
cg25268312	0.22761412453281138	418
cg15287403	0.22761283809189944	418
cg22538475	0.22760263931490665	418
cg21731862	0.22760250041512953	418
cg01825065	0.22759707842537127	418
cg08844364	0.22759628198962673	418
cg06894464	0.22759416962769305	418
cg07831731	0.2275922057511785	418
cg21621910	0.22759185364133577	418
cg18829541	0.22759112612955237	418
cg21073664	0.22759060332253844	418
cg00034425	0.22759018650320303	418
cg00320091	0.2275878505276882	418
cg21842944	0.22758646543487718	418
cg17285931	0.22758617708154272	418
cg25179218	0.2275857490146472	418
cg18608197	0.22758542355786465	418
cg02162901	0.22758409520591943	418
cg21165491	0.22758396938311296	418
cg00129232	0.2275837828320762	418
cg00632403	0.227583269423636	418
cg03451395	0.22758313132768793	418
cg02889418	0.22758311668531325	418
cg02181228	0.2275830105611157	418
cg03761716	0.22758228236201095	418
cg02506421	0.22758177302890178	418
cg14074881	0.22758087374715646	418
cg12955483	0.22757815800540893	418
cg01851968	0.2275778743898513	418
cg27641072	0.2275776924935562	418
cg24196053	0.2275771839048441	418
cg27426447	0.22757671923937062	418
cg17238176	0.2275764715155792	418
cg17106462	0.2275755798889689	418
cg04223524	0.2275754536328928	418
cg05338912	0.22757506697038682	418
cg25689459	0.2275744918256032	418
cg24449795	0.22757333914879083	418
cg06032855	0.22757092595977302	418
cg00296894	0.22756990546464595	418
cg03965764	0.22756954849033875	418
cg04987232	0.22756923971393866	418
cg12557168	0.22756823611182664	418
cg11947423	0.22756436517007086	418
cg20128772	0.22756305272446606	418
cg03455408	0.22756273232071447	418
cg19067747	0.22756218367267766	418
cg20609063	0.22756100779584196	418
cg13456321	0.22756099339592045	418
cg20539116	0.22755760597078967	418
cg17236668	0.22755466531528146	418
cg11933712	0.22755448543635262	418
cg21501705	0.22755406825200616	418
cg19315453	0.22755405510737967	418
cg12572770	0.227553692132633	418
cg01304095	0.22755211370779904	418
cg06265123	0.2275515961338367	418
cg06787151	0.22755070845735126	418
cg13158990	0.22754852881546742	418
cg14284797	0.2275482749910494	418
cg02310165	0.2275479868534473	418
cg23652026	0.22754736676014536	418
cg16085493	0.2275470636076041	418
cg12815722	0.22754681976322336	418
cg24838949	0.227545049521772	418
cg12964929	0.2275446846192684	418
cg07644190	0.2275446273459661	418
cg03890628	0.22754342855294196	418
cg16730557	0.22754336404955272	418
cg22141780	0.2275403473784425	418
cg15219014	0.227539732465792	418
cg08869401	0.22753726866293278	418
cg26426582	0.22753673762858695	418
cg12039910	0.22753636408997888	418
cg26058289	0.2275346975584982	418
cg13995193	0.2275340096757895	418
cg24006582	0.2275329547084193	418
cg14756202	0.2275329481308011	418
cg21692735	0.22752930102109095	418
cg09515287	0.22752865666502053	418
cg21954156	0.2275256084056105	418
cg15061612	0.22752559832597333	418
cg24012465	0.22752450827806484	418
cg19478343	0.22752436277504884	418
cg08994789	0.22752424191327325	418
cg03060590	0.22752262965273745	418
cg20346661	0.22752166348652325	418
cg25690202	0.22752111580261278	418
cg10692302	0.2275205341738883	418
cg08257663	0.22752042150298774	418
cg03677025	0.22751915051901483	418
cg19637686	0.22751878069555495	418
cg10600326	0.2275140355029691	418
cg26251854	0.22751371365970194	418
cg13131577	0.22751356128424502	418
cg21726327	0.2275134653501882	418
cg00794364	0.22751337502602342	418
cg10201874	0.22751312618486522	418
cg00764545	0.2275127612630821	418
cg13012649	0.22751264988903805	418
cg06502165	0.22751126278789674	418
cg11098004	0.2275107101604741	418
cg21326642	0.22750741447975928	418
cg17198200	0.22750735248595105	418
cg06273950	0.22750730937645272	418
cg14002226	0.22750704783042047	418
cg24346858	0.22750534637969755	418
cg24553728	0.2275045159966619	418
cg13283877	0.22750360069721198	418
cg10115203	0.22750349674190903	418
cg27380724	0.22750313307225406	418
cg17313456	0.2275012192239606	418
cg04231541	0.22750045746169048	418
cg10047182	0.22749991348796286	418
cg14014269	0.2274983324404095	418
cg04949934	0.2274973606274877	418
cg25060388	0.22749672112269204	418
cg02511363	0.22749655004479832	418
cg08944874	0.22749602917047243	418
cg27086813	0.22749507033205318	418
cg05781826	0.22749357812222631	418
cg02645905	0.22749259584343767	418
cg18004371	0.2274916714110712	418
cg11041876	0.22749162144273535	418
cg03369668	0.2274913711145476	418
cg10304084	0.22749122699260452	418
cg21938795	0.22749032210784947	418
cg15765223	0.22748893345755006	418
cg21728844	0.22748658071482003	418
cg07824742	0.2274862001745319	418
cg10502904	0.22748559760063555	418
cg09353832	0.22748385353255957	418
cg07002198	0.22748270798753797	418
cg14231704	0.227482560692339	418
cg00827745	0.22748248758372966	418
cg05403431	0.22748196858574926	418
cg05867360	0.227481492407874	418
cg19216851	0.22748081571732587	418
cg18063808	0.2274805125583309	418
cg16008631	0.22748043409476976	418
cg01521080	0.22747983553295673	418
cg03352242	0.22747958261879528	418
cg20977037	0.2274787224010115	418
cg27140982	0.22747853055406997	418
cg22740925	0.22747645901452146	418
cg00033551	0.22747461070384728	418
cg17583499	0.22747382909476965	418
cg13485703	0.22747265848134293	418
cg18337575	0.2274716382427638	418
cg22851683	0.22747018158659055	418
cg08150755	0.22747016291794658	418
cg01179268	0.22747008005353592	418
cg12100302	0.2274700587635518	418
cg27270830	0.22746953700475606	418
cg11420192	0.22746887253265552	418
cg21627017	0.22746828497690674	418
cg26122004	0.22746697880549557	418
cg01823830	0.2274649761943161	418
cg08706405	0.2274647180539603	418
cg14895576	0.22746386832798535	418
cg03099043	0.2274633346147869	418
cg08329752	0.22746316970662206	418
cg22078211	0.22746192592718534	418
cg08767743	0.227461774761598	418
cg19456275	0.22745876755243757	418
cg19780308	0.2274573540236024	418
cg12864541	0.22745717464103102	418
cg03333149	0.22745715121746762	418
cg08855249	0.227456881325938	418
cg02884826	0.22745624351468316	418
cg10407935	0.2274560798221794	418
cg08178991	0.22745591500116324	418
cg25005135	0.22745565775702195	418
cg01422260	0.22745556638358538	418
cg05539370	0.22745537513939637	418
cg20656975	0.22745492405046341	418
cg07784653	0.22745402150692753	418
cg24811125	0.227452478889575	418
cg26661089	0.22745201816477742	418
cg17138030	0.22745165455884675	418
cg13026550	0.22745162710071667	418
cg15986671	0.2274512686286555	418
cg00301461	0.22745114525174445	418
cg23087239	0.2274510329415562	418
cg02375706	0.2274503853103696	418
cg14157019	0.22744984468769378	418
cg22043652	0.22744977907100566	418
cg02485003	0.22744840611447192	418
cg10967280	0.22744830153469306	418
cg19650856	0.22744689895531733	418
cg03653229	0.22744562232354104	418
cg07469546	0.22744526359184933	418
cg19890168	0.22744498338046581	418
cg15575834	0.22744469247765836	418
cg12952519	0.22744215533215534	418
cg09196893	0.22744206609458179	418
cg11284599	0.22744178004834167	418
cg12067928	0.22744135704984073	418
cg09499844	0.22744075955314688	418
cg26955337	0.2274398200209819	418
cg01943983	0.22743964466197095	418
cg00081019	0.22743933708313616	418
cg00922420	0.22743929267859372	418
cg01278093	0.22743818753991943	418
cg13316375	0.22743818377126865	418
cg18246991	0.22743742107821158	418
cg13849219	0.22743708398246504	418
cg27638453	0.2274367823695295	418
cg25359299	0.22743677936414936	418
cg00362839	0.22743521155033594	418
cg18183817	0.2274341975233543	418
cg06031853	0.2274341546020398	418
cg13064317	0.22743139055705805	418
cg10785099	0.2274305647131998	418
cg23180020	0.22742984259936289	418
cg22409500	0.22742957569141553	418
cg18170545	0.22742920609599632	418
cg04214710	0.22742721361983778	418
cg22290849	0.22742714884077891	418
cg00157562	0.22742662331446872	418
cg12149986	0.22742621311290148	418
cg11712893	0.22742586855566127	418
cg22922037	0.2274247182640413	418
cg26723331	0.22742369010883198	418
cg07760269	0.2274226034147381	418
cg16743903	0.2274223607306208	418
cg14883190	0.22742194388505707	418
cg03821727	0.22742194197471563	418
cg24247495	0.2274218576813404	418
cg22228129	0.22742011932441622	418
cg04077707	0.22741973056695336	418
cg04199621	0.22741723009153472	418
cg09450771	0.22741692860887072	418
cg02876211	0.2274167856832602	418
cg04556515	0.22741221406695508	418
cg23167035	0.22741208487475836	418
cg22010909	0.22741057371772969	418
cg13295719	0.2274097962000392	418
cg16438722	0.227409240572932	418
cg21534584	0.22740920208150056	418
cg27555525	0.22740867214711194	418
cg17282027	0.2274075683775893	418
cg04989813	0.22740577848200463	418
cg22816911	0.22740442640452074	418
cg27608806	0.22740439975678745	418
cg26444640	0.2274034150182101	418
cg16895086	0.22740333670724538	418
cg10346077	0.22740202927036088	418
cg14508854	0.22740147835240698	418
cg24814380	0.2273997956072578	418
cg10702113	0.22739913663672073	418
cg11304524	0.2273973309694045	418
cg25232397	0.22739673658893772	418
cg00885474	0.2273940088409001	418
cg00853233	0.22739064186110913	418
cg02776867	0.2273887722083143	418
cg17602198	0.22738856181682943	418
cg13982318	0.2273883870404975	418
cg02158822	0.22738791922664384	418
cg16537164	0.22738692077646616	418
cg05608508	0.22738668994378833	418
cg00393546	0.22738628692052512	418
cg02579469	0.22738625101167795	418
cg14724719	0.2273858809345889	418
cg03517712	0.2273858166568895	418
cg08291049	0.22738549770370975	418
cg06243084	0.22738514799839973	418
cg06885583	0.22738452902046832	418
cg11948988	0.22738452205479345	418
cg02440590	0.22738416637315723	418
cg10842588	0.22738393973181578	418
cg14044874	0.22738122409046574	418
cg19541247	0.22737985679929051	418
cg12093851	0.2273798445813742	418
cg17640620	0.22737889680252246	418
cg03958956	0.2273783793531282	418
cg16383237	0.22737775553530196	418
cg21101883	0.22737733869386878	418
cg23463786	0.2273762006220338	418
cg22942245	0.22737469300946445	418
cg17338133	0.2273740403048069	418
cg16182077	0.2273738598307517	418
cg06681381	0.22737269404984656	418
cg11609668	0.22737010657549142	418
cg02714462	0.22736953832946677	418
cg18030260	0.2273694483694847	418
cg00850612	0.227369407796533	418
cg09548897	0.2273688151857487	418
cg07470095	0.22736692283313298	418
cg00810752	0.22736572870865343	418
cg20402747	0.2273648471378033	418
cg08873940	0.22736407294039632	418
cg20352971	0.2273612054556798	418
cg00605240	0.22736048294576136	418
cg08974463	0.22736035259404738	418
cg17341113	0.22735931451954258	418
cg00572212	0.2273583632355228	418
cg00741469	0.22735781297283694	418
cg12606455	0.227357436138505	418
cg02116251	0.22735738542041992	418
cg24238995	0.22735730873683072	418
cg14853657	0.22735613720050665	418
cg16223967	0.2273559486124869	418
cg27095847	0.2273557318733046	418
cg12209329	0.2273556527381951	418
cg13925890	0.22735503823102274	418
cg10784273	0.22735471099770926	418
cg04102793	0.2273541992529212	418
cg23178048	0.22735354632881866	418
cg16796164	0.22735286527551873	418
cg12882804	0.2273513280636111	418
cg17074173	0.2273495949828984	418
cg18554732	0.2273490293231103	418
cg16401490	0.2273487313473281	418
cg18733230	0.22734828630116594	418
cg04596075	0.22734811069571012	418
cg20364187	0.22734804098635156	418
cg24702814	0.22734632030158206	418
cg21596913	0.2273461017577749	418
cg12078956	0.22734534020674535	418
cg20818528	0.22734515692643661	418
cg09561303	0.22734356788571267	418
cg06736160	0.227343041450718	418
cg01189813	0.227342409711894	418
cg25007827	0.22734086574033202	418
cg15864387	0.2273399680870068	418
cg15612330	0.22733980317956146	418
cg18344811	0.2273396420445771	418
cg10119040	0.22733851642642272	418
cg12541511	0.2273384953726861	418
cg20143114	0.22733389825769662	418
cg27038179	0.22733280254727886	418
cg26250093	0.22733175106881504	418
cg03430864	0.2273314267919908	418
cg12075964	0.22733029537653027	418
cg14156842	0.22733026503292925	418
cg05575961	0.2273288209972506	418
cg27514224	0.22732867680612032	418
cg16747903	0.2273279386455453	418
cg02281006	0.2273268710562682	418
cg20600051	0.2273264500532818	418
cg16438182	0.22732440316883792	418
cg06231680	0.22732259449405767	418
cg10151624	0.22732190304785985	418
cg02889961	0.22732154836107185	418
cg17175411	0.22732097921818029	418
cg24539060	0.22732082834222125	418
cg00863493	0.22731971350238955	418
cg13749070	0.2273186644711116	418
cg26803802	0.22731672607452016	418
cg22090419	0.22731548601837764	418
cg16415815	0.22731510480245132	418
cg23630250	0.2273150642550452	418
cg10258761	0.22731334813597337	418
cg10098058	0.22731257203018332	418
cg14487665	0.22731202302578268	418
cg24705708	0.2273116122909217	418
cg13109654	0.22731017844820195	418
cg20530246	0.22730970550905114	418
cg02455836	0.2273090579808546	418
cg03251324	0.22730792187315682	418
cg20241059	0.22730784477315408	418
cg12186840	0.22730638235495712	418
cg08707110	0.22730571266918717	418
cg22811817	0.2273052345675619	418
cg03060214	0.22730483344180594	418
cg27531642	0.22730462344116134	418
cg08477264	0.22730426481928453	418
cg10533159	0.22730415649803815	418
cg16406141	0.22730412081373877	418
cg12484783	0.22730307408930311	418
cg23723762	0.22730168252832714	418
cg23005405	0.22729986784708295	418
cg10257821	0.22729961855891015	418
cg09646197	0.22729869583634457	418
cg14213814	0.22729761424413025	418
cg05224203	0.2272962471723527	418
cg14928893	0.22729416017060938	418
cg03034934	0.22729122380929942	418
cg16264214	0.2272911869287095	418
cg18074751	0.22729079283257705	418
cg13669883	0.22729026079322553	418
cg20444525	0.22728936073339365	418
cg00235173	0.22728898870310726	418
cg06870531	0.22728671619262902	418
cg15810296	0.2272855048180485	418
cg22173019	0.22728506293672873	418
cg27545742	0.2272831942406091	418
cg06962326	0.22728263003774057	418
cg02908258	0.22728254348512303	418
cg12571434	0.2272813811276988	418
cg23808182	0.2272810772087024	418
cg04774811	0.22727839604474337	418
cg17459023	0.22727818184705162	418
cg10998818	0.22727786510915093	418
cg14448765	0.22727778870703352	418
cg06522703	0.22727688493526876	418
cg24839282	0.22727423469764507	418
cg10521094	0.22727122292450905	418
cg24795395	0.22727100334383135	418
cg02411493	0.22727077476563395	418
cg23229568	0.22726968075699702	418
cg26138746	0.22726946593950273	418
cg15724923	0.2272694374091239	418
cg01118401	0.22726832107447453	418
cg27396760	0.22726773625355456	418
cg13200474	0.22726729714700541	418
cg03722643	0.22726679338960418	418
cg21812703	0.22726540834964773	418
cg07213482	0.2272652483886289	418
cg08607266	0.22726465745218402	418
cg07903280	0.22726427966618726	418
cg25409944	0.22726345698688763	418
cg15267890	0.22726107231418027	418
cg19849151	0.2272591685918512	418
cg08262303	0.22725694578996952	418
cg11411884	0.22725598472664663	418
cg11357787	0.2272559774839698	418
cg21498220	0.2272556331480792	418
cg04422618	0.22725537947332058	418
cg06334172	0.2272551324081002	418
cg03896357	0.2272539681739988	418
cg08198704	0.22725370224196975	418
cg06297356	0.22725092568947744	418
cg00624949	0.22725030365959845	418
cg26545339	0.22724884898088038	418
cg02446170	0.22724865159357258	418
cg11908072	0.22724828716250356	418
cg05876496	0.22724690231964154	418
cg17152316	0.2272462587621072	418
cg16012589	0.2272462027058427	418
cg01699430	0.22724585276362774	418
cg05634071	0.227243257668789	418
cg17216758	0.227243033035911	418
cg01968683	0.22724261724287742	418
cg03443590	0.22724187809827695	418
cg05338165	0.2272416126184464	418
cg25937114	0.2272413887297711	418
cg13502514	0.22724072150852348	418
cg10115087	0.22724031505012185	418
cg09911485	0.22724016705305236	418
cg21449444	0.22723996406376634	418
cg08977118	0.22723984688660753	418
cg14808360	0.22723830641203296	418
cg04307297	0.2272372231943914	418
cg06575876	0.22723673820552873	418
cg19711602	0.22723671137981144	418
cg14156957	0.22723536222663132	418
cg14059988	0.2272347483907729	418
cg01835232	0.22723391732268974	418
cg12194832	0.22723387856431737	418
cg15566393	0.2272335906952849	418
cg02991011	0.2272331183177271	418
cg19998819	0.22723286771236448	418
cg03004830	0.227232536702073	418
cg05051950	0.22723144899087813	418
cg19967421	0.22723134405738762	418
cg04905981	0.227229584801577	418
cg24605341	0.22722632221347522	418
cg17974418	0.22722588090551304	418
cg16800724	0.2272248920092894	418
cg19768068	0.22722435634567753	418
cg25411368	0.22722431871503693	418
cg09747054	0.2272242009583025	418
cg25604819	0.22722365823469654	418
cg04608004	0.22722327876389867	418
cg04136445	0.2272202851457806	418
cg05397886	0.22721961328239543	418
cg13279019	0.22721949055602703	418
cg16782174	0.22721719158173656	418
cg12661256	0.2272170013791145	418
cg20585358	0.2272166316530221	418
cg10730425	0.22721595674938042	418
cg20590175	0.2272159273730439	418
cg08239565	0.2272131792987846	418
cg02329844	0.22721182565057174	418
cg10798164	0.22720835753751475	418
cg02087416	0.2272083563542268	418
cg03390183	0.22720833819442954	418
cg17065758	0.22720502817807176	418
cg23863896	0.22720351717057746	418
cg14181009	0.22720210649485054	418
cg26836800	0.22720194223272966	418
cg24293214	0.2272011219101694	418
cg10200168	0.22719991291846778	418
cg00538558	0.22719859067529108	418
cg22988458	0.2271980709581689	418
cg07370828	0.22719614870001217	418
cg18558744	0.2271926340292931	418
cg07131201	0.2271924984768764	418
cg09443553	0.2271907744333508	418
cg15729325	0.22719024835548496	418
cg22112825	0.2271884807976798	418
cg13083037	0.22718846407741114	418
cg06681008	0.22718807513233713	418
cg13468804	0.22718744973268878	418
cg05992185	0.2271868683162782	418
cg13954965	0.22718668240247566	418
cg23858591	0.2271862262948755	418
cg06301582	0.22718581825066766	418
cg26507455	0.227184266754211	418
cg08892416	0.22718348547216047	418
cg17189985	0.22718259482430672	418
cg01219549	0.2271822191880745	418
cg27127351	0.22718145961436947	418
cg01483505	0.22717984854248707	418
cg14192207	0.22717893999941108	418
cg08888410	0.2271787658934353	418
cg21188906	0.2271786040672103	418
cg08286428	0.22717833646412533	418
cg00771108	0.22717667832017385	418
cg26832427	0.22717647390856235	418
cg09247981	0.22717604178370393	418
cg04321919	0.22717510010336556	418
cg10447951	0.22717454926395766	418
cg05306637	0.22717448433466822	418
cg02878821	0.22717282936654146	418
cg23875171	0.22717257016624096	418
cg05993512	0.22717129235559344	418
cg18563561	0.22716941702701463	418
cg16199907	0.22716912579907775	418
cg23949969	0.2271678502197228	418
cg11617144	0.22716646532892837	418
cg19609099	0.22716607614808468	418
cg02370931	0.22716541993637043	418
cg05556923	0.2271654195743829	418
cg14531093	0.22716385058460942	418
cg21177216	0.2271631756026715	418
cg05475904	0.22716275385265233	418
cg09489249	0.2271623284234432	418
cg15827617	0.2271622947621043	418
cg06146502	0.22716105954303117	418
cg20415246	0.22716063946191245	418
cg05714579	0.2271605784173939	418
cg10139037	0.22715891239784616	418
cg18761997	0.22715821430699923	418
cg09180512	0.2271571402337609	418
cg24892217	0.22715612657259687	418
cg11314104	0.22715461231350778	418
cg16110314	0.22715356634559453	418
cg18005217	0.2271521011981084	418
cg00458454	0.22715111979418995	418
cg24138866	0.22715065370110962	418
cg01118653	0.2271503928027333	418
cg21163044	0.22714985694621906	418
cg03163982	0.2271498541067532	418
cg09412087	0.22714958704146776	418
cg25078649	0.22714916245632782	418
cg01251849	0.22714831232620905	418
cg17138028	0.22714769908584695	418
cg23956748	0.22714750023494862	418
cg00399940	0.22714673552199502	418
cg08890981	0.22714654807693319	418
cg24128708	0.2271463422022739	418
cg18576851	0.22714565783134757	418
cg18982445	0.227145651270996	418
cg22795583	0.22714460170093986	418
cg27324804	0.22714450188963226	418
cg07202598	0.22714443465639306	418
cg09613616	0.2271434549284563	418
cg00077307	0.22714287289393348	418
cg15485247	0.22714207690668503	418
cg08426951	0.2271415645069868	418
cg14519134	0.2271400718554755	418
cg18566114	0.2271399036868446	418
cg12695644	0.22713988810287886	418
cg24310924	0.22713962427084666	418
cg13445279	0.22713931040041577	418
cg12512213	0.22713901180593768	418
cg00812634	0.2271384020930823	418
cg14701797	0.22713702066312014	418
cg22193447	0.22713667885664038	418
cg03214053	0.22713627889365154	418
cg18625949	0.22713587116014425	418
cg26057682	0.22713474920527416	418
cg00334293	0.22713423442420067	418
cg11088211	0.22713297102454272	418
cg20306534	0.22713283477553015	418
cg01742177	0.2271322292875464	418
cg12103219	0.22713176965264592	418
cg15728549	0.22713013847805416	418
cg14458783	0.22712951211821078	418
cg19928101	0.22712659001018243	418
cg03467047	0.2271260700066503	418
cg27123106	0.22712473477131132	418
cg00151676	0.2271245611365308	418
cg14659011	0.22712414942122186	418
cg23159110	0.22712319124288902	418
cg07008701	0.22712306426769227	418
cg23842695	0.22712270874404197	418
cg25682815	0.22712174288839357	418
cg08437437	0.22712094251750556	418
cg21207731	0.22712087951145657	418
cg06902001	0.22711895154881112	418
cg14655360	0.22711703767177333	418
cg02690686	0.22711644277437626	418
cg02638856	0.22711599627869603	418
cg12053136	0.22711516323714417	418
cg05274945	0.22711267752426362	418
cg20001067	0.22711192250559015	418
cg15864771	0.22711181693600146	418
cg18421711	0.2271096892672459	418
cg04746240	0.22710953995286629	418
cg12975709	0.22710907311844347	418
cg13871495	0.22710883345485022	418
cg04221596	0.22710828217875192	418
cg10317445	0.2271063381268718	418
cg05281959	0.22710545216342298	418
cg16718999	0.22710460778219527	418
cg19271031	0.22710422459571522	418
cg27287973	0.22710268393687785	418
cg25515639	0.2271025615296832	418
cg22247792	0.22710232556144339	418
cg07117068	0.22710123055381123	418
cg14661475	0.22710031983796625	418
cg15558969	0.2271000647966193	418
cg21655083	0.2270994068071043	418
cg20588703	0.22709865958386977	418
cg00021786	0.22709758229749114	418
cg26764764	0.22709695180838757	418
cg21350445	0.22709628766387885	418
cg26891598	0.22709469957248318	418
cg22497014	0.22709391500310275	418
cg24281764	0.2270928873832677	418
cg07774476	0.22709288522271734	418
cg16881698	0.22709067885875697	418
cg14626671	0.22708954648179158	418
cg06782041	0.227089146019844	418
cg11269793	0.22708891852738297	418
cg18075761	0.22708749746712978	418
cg00267373	0.22708544560011337	418
cg05800641	0.22708403454928774	418
cg00798796	0.22708400035339102	418
cg08857194	0.22708354187453697	418
cg01348128	0.22708234910402267	418
cg14213971	0.2270818257540559	418
cg02500806	0.22708117517489712	418
cg01058879	0.22707944339670258	418
cg27145238	0.22707830112968108	418
cg15331131	0.2270774125671572	418
cg03612190	0.22707572883010102	418
cg11806123	0.22707510909176823	418
cg02307074	0.22707479482131337	418
cg05652090	0.22707411268862612	418
cg25586244	0.22707121339217975	418
cg01869761	0.227070925909535	418
cg22678065	0.2270704548501189	418
cg03597690	0.22706991994446574	418
cg04884232	0.22706985437796853	418
cg27421618	0.2270684615627671	418
cg13716208	0.22706795319233586	418
cg16265012	0.22706648358139306	418
cg11999707	0.22706529355034766	418
cg26982271	0.22706528377209234	418
cg04696109	0.22706288576478384	418
cg25052374	0.22706178244659844	418
cg14427471	0.2270617096970848	418
cg12522049	0.22706131654205158	418
cg02538976	0.22706108333320332	418
cg12422539	0.22705962878329333	418
cg06978461	0.22705925403300647	418
cg19732319	0.22705886502386258	418
cg08626004	0.2270583374285272	418
cg06194157	0.22705833161178277	418
cg05515350	0.22705827719459282	418
cg12901650	0.22705768773118168	418
cg21033440	0.22705689901283665	418
cg23393196	0.22705636095846551	418
cg14638384	0.2270553245922674	418
cg17473778	0.22705512578397288	418
cg26636835	0.22705417980701825	418
cg15972516	0.22705358290191355	418
cg14878842	0.2270525189493508	418
cg07286491	0.22705100106069814	418
cg25319188	0.2270501813465246	418
cg11848748	0.22704923467675697	418
cg04120407	0.22704881640886326	418
cg09430145	0.22704815642804724	418
cg11738164	0.22704761930948392	418
cg04745079	0.22704736249620044	418
cg02341605	0.2270465729510397	418
cg21661864	0.22704642749448775	418
cg12059940	0.22704631963232194	418
cg07461658	0.22704581435332313	418
cg13495918	0.22704525751843505	418
cg06641889	0.22704435038966778	418
cg13592565	0.2270440398575044	418
cg19648908	0.22704313356411654	418
cg14476630	0.2270421371668463	418
cg14455541	0.22704156563783465	418
cg03031073	0.22704067599059657	418
cg03162683	0.22704030342374865	418
cg25759087	0.22704020686366194	418
cg22101354	0.22703988200212036	418
cg08111857	0.22703985487616488	418
cg08532724	0.22703893497868058	418
cg08031810	0.22703721795038387	418
cg20117447	0.22703681483146396	418
cg13703866	0.2270358164401161	418
cg06926306	0.227034806263507	418
cg13967723	0.2270342626571837	418
cg03286391	0.22703352369768032	418
cg06956652	0.22703211781058646	418
cg13211795	0.2270319736362404	418
cg15329124	0.2270296972486946	418
cg04044465	0.22702815132001045	418
cg26191724	0.22702727414005952	418
cg05429123	0.22702665461839294	418
cg06399427	0.2270266293814982	418
cg09655876	0.2270258263890448	418
cg08874487	0.22702567993252049	418
cg00535785	0.22702490443880438	418
cg10689055	0.22702447481995863	418
cg00369677	0.22702345344060704	418
cg03235320	0.2270226948546014	418
cg18581191	0.22702232701214983	418
cg21171954	0.22702091374611225	418
cg17849156	0.2270202521376348	418
cg19297537	0.22702002813612815	418
cg06286135	0.22701811376538522	418
cg15081358	0.22701721706508174	418
cg19159086	0.22701656684496438	418
cg12475142	0.22701594878430437	418
cg01192693	0.22701574629367072	418
cg07698125	0.22701488236683726	418
cg14581135	0.22701351321192853	418
cg22625440	0.2270106100988473	418
cg19716727	0.22701036349507525	418
cg19333389	0.22700945304488448	418
cg21593231	0.2270094171857238	418
cg21514356	0.22700893541634898	418
cg15887420	0.22700892532073288	418
cg22791904	0.22700698061450397	418
cg05962033	0.2270060504117981	418
cg12437832	0.2270047409560212	418
cg23430209	0.22700406247028046	418
cg14440794	0.2270023040716387	418
cg21808087	0.22700081717506637	418
cg24656218	0.2270000014078399	418
cg10024484	0.22699873799475848	418
cg03335232	0.22699763038371995	418
cg04484826	0.22699758020204142	418
cg05479262	0.22699683535273282	418
cg20134355	0.22699655519795134	418
cg26369050	0.22699633576989875	418
cg09975562	0.22699421649165105	418
cg07172637	0.22699361481359656	418
cg25959580	0.22699334102685836	418
cg18509773	0.226992996284444	418
cg11245186	0.2269917490229731	418
cg02565647	0.2269916427959871	418
cg00944666	0.22699143930566024	418
cg04251489	0.22699045209787436	418
cg01825148	0.22699038763765625	418
cg25090472	0.22698884000251393	418
cg00357671	0.22698879445970294	418
cg21525142	0.226987936621195	418
cg00332951	0.22698607809210877	418
cg01915888	0.22698534478259869	418
cg05727180	0.2269851933997815	418
cg03298034	0.22698348271646454	418
cg01480054	0.22698183875509906	418
cg22298236	0.2269813015195937	418
cg24141991	0.22698009177455963	418
cg10761372	0.22697960800620015	418
cg24274995	0.22697865030101189	418
cg06173857	0.22697844682787757	418
cg02531033	0.22697814606590647	418
cg06204623	0.2269770745111307	418
cg02629369	0.2269765904186086	418
cg14350318	0.2269761225203372	418
cg08333708	0.22697587839382796	418
cg06445873	0.22697584184030897	418
cg11767651	0.22697577672358163	418
cg02118390	0.22697559224030822	418
cg14783646	0.22697528585050786	418
cg20894884	0.22697527042550475	418
cg21242663	0.2269724799141591	418
cg08923025	0.22697162048043487	418
cg13712385	0.2269715930290097	418
cg11599887	0.22696958542987597	418
cg23098912	0.22696904813957883	418
cg04721557	0.22696846721397226	418
cg09788788	0.22696801742864792	418
cg12109019	0.22696783755425123	418
cg07340020	0.226967628436318	418
cg06007434	0.226967472917959	418
cg20181739	0.22696741097246442	418
cg24803912	0.22696594087472743	418
cg25273340	0.22696546588401947	418
cg10778880	0.22696456519330258	418
cg08964174	0.2269628294349726	418
cg27103642	0.22696146459717698	418
cg03748858	0.2269594783164566	418
cg10529638	0.22695928550679842	418
cg26570541	0.22695854535572657	418
cg23431697	0.2269571178197441	418
cg25361175	0.22695581642420087	418
cg07472191	0.22695372805572953	418
cg08207662	0.22695365144143323	418
cg08313040	0.22695239943904708	418
cg07283060	0.2269521551101294	418
cg05636891	0.22695204029631239	418
cg09168326	0.22695102039894388	418
cg21839808	0.22695100198954501	418
cg03435677	0.22694822432414458	418
cg22274244	0.22694794338076496	418
cg14157917	0.22694748335504275	418
cg26190483	0.2269459492679052	418
cg22940273	0.22694592655007328	418
cg25415546	0.22694478237599064	418
cg13071660	0.2269441204372764	418
cg25375029	0.22694382667720048	418
cg04145553	0.22694369597505987	418
cg13198885	0.22694368381272018	418
cg01389088	0.22694319481499192	418
cg25801387	0.22694270530095956	418
cg12576332	0.2269422694878349	418
cg14016125	0.2269421693836693	418
cg17393272	0.22694131204573528	418
cg00291329	0.22694025461002185	418
cg14986340	0.22693787804744014	418
cg16647364	0.22693636435009015	418
cg03854265	0.22693603014274663	418
cg14878009	0.22693542846516596	418
cg26605774	0.22693519239229715	418
cg17118025	0.22693457692102123	418
cg10788213	0.2269335015381038	418
cg08299687	0.22693317137415728	418
cg21310731	0.22693280274221858	418
cg02799582	0.22693275972605778	418
cg18172051	0.22693272067559617	418
cg06412917	0.22693214866779435	418
cg17422464	0.2269301058487785	418
cg04710198	0.22692994153985024	418
cg23022656	0.22692950468618847	418
cg07550313	0.22692908237564324	418
cg09382618	0.22692887356235258	418
cg22704399	0.22692878439803657	418
cg09663237	0.2269286047799517	418
cg00782697	0.22692836652661633	418
cg04288241	0.22692577362014657	418
cg02828441	0.2269247886126425	418
cg24162777	0.2269235551279502	418
cg23843398	0.22692308023381533	418
cg14843380	0.22692075300121267	418
cg02737171	0.226920442744778	418
cg25249207	0.22691950849726222	418
cg11977760	0.22691872536971125	418
cg23736106	0.22691802818027965	418
cg13334352	0.2269180022711695	418
cg26381718	0.2269179607330788	418
cg02549170	0.22691765624925622	418
cg01119718	0.22691729166442517	418
cg14686709	0.22691405398397047	418
cg19105143	0.22691388062571416	418
cg09865026	0.22691376660685025	418
cg07699237	0.22691326445987678	418
cg03573975	0.22691177425883466	418
cg10801192	0.22691125844440946	418
cg11024119	0.22691014262897433	418
cg05356782	0.2269100908453249	418
cg06699669	0.22690886108246197	418
cg16185661	0.2269075595222141	418
cg05997278	0.22690739462282836	418
cg07733567	0.22690698510697652	418
cg01536436	0.2269068898827201	418
cg03348760	0.22690675817455105	418
cg07256668	0.2269064324945786	418
cg02635837	0.226906421744367	418
cg26042514	0.22690621416231835	418
cg07589903	0.22690613581816108	418
cg27100472	0.2269047717862092	418
cg13049785	0.2269021098131578	418
cg09602408	0.2269012042053429	418
cg11839327	0.22689989478128225	418
cg08132025	0.22689985081076108	418
cg25810695	0.2268997536442852	418
cg00797490	0.22689962981260559	418
cg25383871	0.22689943476716515	418
cg16069940	0.22689915134392927	418
cg21253112	0.2268986972690738	418
cg25897494	0.2268970286170279	418
cg23403256	0.22689558466716944	418
cg10534417	0.22689494838402594	418
cg16292200	0.22689477825996812	418
cg17081408	0.22689422464348513	418
cg23952578	0.2268938523125473	418
cg20795965	0.22689191039738602	418
cg01239268	0.22689154640336118	418
cg06136617	0.22689143523773017	418
cg27163061	0.22689138107092863	418
cg15634139	0.22689102028820035	418
cg15818905	0.22689085038051018	418
cg06072950	0.22689021951107963	418
cg15318814	0.22688977284871437	418
cg08873152	0.22688956023362958	418
cg14745383	0.22688891705114184	418
cg26360004	0.22688845240876115	418
cg02570682	0.22688741732955728	418
cg15639390	0.22688737316255583	418
cg13320597	0.2268861529755956	418
cg02633657	0.2268853115089172	418
cg00032173	0.22688525231750886	418
cg23051282	0.22688484094231717	418
cg05693218	0.22688463126762293	418
cg10076181	0.2268846045351894	418
cg08484668	0.22688440207723193	418
cg23468479	0.2268841420141525	418
cg24481802	0.2268831757701409	418
cg20688475	0.22688261176053148	418
cg03498175	0.2268817007246604	418
cg01212848	0.22688138212583317	418
cg02459557	0.22688119868828757	418
cg00473624	0.22687978470820075	418
cg25876186	0.2268790186548774	418
cg13388615	0.2268780931113717	418
cg11101081	0.2268773329473055	418
cg18005337	0.22687625269517447	418
cg19319102	0.22687547574250908	418
cg02369879	0.22687492096716497	418
cg18595911	0.2268741268890466	418
cg26339240	0.2268736096748668	418
cg23736728	0.22687295250213155	418
cg09001642	0.22687261048948337	418
cg18482593	0.22687242634774651	418
cg01343922	0.2268699114582037	418
cg04535829	0.22686916390701914	418
cg02592416	0.2268682346153872	418
cg02774045	0.22686818871116993	418
cg09508870	0.2268679066753669	418
cg10822435	0.22686740822533802	418
cg19084059	0.22686737449968097	418
cg24194194	0.22686676063702965	418
cg05456210	0.22686569234628914	418
cg07940971	0.22686552878375577	418
cg01782683	0.226863799221279	418
cg03266158	0.22686370721192228	418
cg05663905	0.22686326139017937	418
cg23674647	0.22686251789010853	418
cg03605029	0.22686127751075616	418
cg25210023	0.22686065949499448	418
cg03389793	0.22686047909125037	418
cg17170649	0.22685972490867698	418
cg21874005	0.22685940859148382	418
cg06568373	0.2268587971125083	418
cg18037489	0.2268585693202207	418
cg15212038	0.22685821126169034	418
cg25154424	0.226858160836146	418
cg03664901	0.22685807609903458	418
cg16783412	0.22685669240242717	418
cg18762252	0.2268526554587513	418
cg03553245	0.22685205877992953	418
cg17584333	0.22685137706185912	418
cg03960390	0.22685031594346972	418
cg27227497	0.22684927899183877	418
cg26381048	0.22684887020938202	418
cg09044186	0.2268486661332158	418
cg15783427	0.22684858534339827	418
cg23555471	0.2268479861921657	418
cg01984656	0.22684787411185617	418
cg26456999	0.22684776521047847	418
cg27193021	0.22684727623886497	418
cg16641529	0.22684703566841222	418
cg12628905	0.226845952387913	418
cg03136779	0.22684537765869078	418
cg04020999	0.2268451864136708	418
cg11406388	0.2268443322445674	418
cg14833732	0.2268432701916502	418
cg16613349	0.2268431070528424	418
cg06258529	0.2268418247839153	418
cg10522765	0.22684135784924084	418
cg01661768	0.22684030326748122	418
cg05208086	0.22683740022054308	418
cg18762825	0.22683689356826092	418
cg17597249	0.22683669726625186	418
cg20460709	0.22683466582869458	418
cg24831879	0.22683382626162957	418
cg26223536	0.2268331235257499	418
cg00626693	0.22683282104090774	418
cg12568595	0.2268323688340762	418
cg16010385	0.22683217625906826	418
cg27390229	0.22683194202472778	418
cg14758740	0.22683152430996809	418
cg21045147	0.22683134732499566	418
cg09254350	0.22682935538488705	418
cg22822893	0.2268288380755407	418
cg19279080	0.22682882023466333	418
cg23685856	0.2268280990208197	418
cg22198823	0.22682805377844859	418
cg06036818	0.2268279799257872	418
cg24865495	0.2268277419647588	418
cg21864563	0.22682740972079424	418
cg01841868	0.22682659961354948	418
cg21040542	0.22682579368996364	418
cg17978331	0.22682468581473803	418
cg20574550	0.2268242361356324	418
cg13541552	0.2268242029484476	418
cg11598716	0.22682365565857265	418
cg23935593	0.22682141162671413	418
cg18196463	0.22682107879486554	418
cg03243595	0.226820813305196	418
cg13947088	0.22682032947269973	418
cg01561108	0.2268201507537031	418
cg17904068	0.22681855775041826	418
cg09925408	0.22681820144521764	418
cg21834001	0.22681615971332653	418
cg13431108	0.22681610631949786	418
cg09283157	0.22681587533304176	418
cg00747650	0.22681557933377872	418
cg00832105	0.226813693349694	418
cg08716217	0.22681327459269748	418
cg12387859	0.22681318656174218	418
cg03897436	0.22681283713439587	418
cg07767718	0.22681253719164096	418
cg20289531	0.22681252663613666	418
cg23614413	0.2268121554560224	418
cg03370644	0.22681147083506784	418
cg22891012	0.22681050227773797	418
cg12253911	0.2268097540085889	418
cg13042950	0.22680974213650357	418
cg22499215	0.2268095824349682	418
cg17316428	0.2268083242553553	418
cg23714660	0.22680666642026892	418
cg19434199	0.2268059265515278	418
cg00489988	0.22680556743207259	418
cg07676657	0.22680406168040285	418
cg06113665	0.22680115800692643	418
cg27378486	0.22680046399453016	418
cg09028748	0.22680033407173122	418
cg15798873	0.2268000346640068	418
cg24216294	0.2267996935369286	418
cg16823009	0.2267993214177414	418
cg03717570	0.22679817113958473	418
cg06224832	0.22679788808711202	418
cg21167817	0.22679764231134988	418
cg26663560	0.22679747172852305	418
cg00775242	0.22679685018875828	418
cg00382227	0.22679680881297318	418
cg16023661	0.2267965356844056	418
cg01839217	0.2267958950845697	418
cg03538708	0.2267956012562001	418
cg08961996	0.22679541280705254	418
cg07727358	0.22679467814334603	418
cg00575227	0.22679454460721435	418
cg13737776	0.22679301040226701	418
cg14945696	0.226792913720879	418
cg00036263	0.22679290219555184	418
cg09841884	0.22679280414832334	418
cg13454570	0.2267922015939378	418
cg09574049	0.22679218033834442	418
cg14337472	0.2267921510556203	418
cg26311699	0.2267919823907167	418
cg05883219	0.226791246262155	418
cg23699237	0.22679104517214035	418
cg14510371	0.2267907436651491	418
cg05821771	0.22679051692992178	418
cg09739037	0.2267897601079922	418
cg21402453	0.22678763276581418	418
cg07343122	0.22678754123695133	418
cg02399458	0.22678585430453468	418
cg06058998	0.22678387288195903	418
cg21384009	0.2267833959692714	418
cg15071696	0.22678182678306538	418
cg13026522	0.22678013423956536	418
cg04380800	0.22678004523809994	418
cg08921185	0.22677980775477746	418
cg05813032	0.2267796068999156	418
cg21333147	0.22677913529205745	418
cg04697598	0.2267787662027777	418
cg25176883	0.2267785223935464	418
cg03402693	0.22677816441570636	418
cg01914744	0.22677807271869282	418
cg08362144	0.22677802083866216	418
cg06366611	0.22677787157881857	418
cg06175036	0.22677725814894575	418
cg06867543	0.22677681644426234	418
cg04781741	0.22677667120728043	418
cg24732555	0.2267758733282516	418
cg06769094	0.22677512511233588	418
cg05399852	0.22677284956446347	418
cg19027545	0.2267720527858803	418
cg21380181	0.22676994125992908	418
cg20760609	0.22676978142337104	418
cg02330686	0.22676951252277247	418
cg05115532	0.22676856993264488	418
cg17956964	0.22676856500648931	418
cg16017429	0.22676803872666365	418
cg18253799	0.22676707158948262	418
cg22833169	0.22676677361512937	418
cg05273429	0.22676579015277784	418
cg10295247	0.22676396086962752	418
cg23722105	0.22676391576594643	418
cg13530679	0.22676315773369826	418
cg07876450	0.22676048440813973	418
cg15891644	0.22676017213739635	418
cg15060598	0.2267594089666622	418
cg03482411	0.2267588117151184	418
cg06531767	0.22675858859527806	418
cg05139301	0.2267577620326978	418
cg19393699	0.2267576899161023	418
cg17774001	0.22675720217937645	418
cg06478993	0.22675627322659034	418
cg23009161	0.22675588055308013	418
cg15835382	0.22675577400368305	418
cg15569089	0.2267555119670523	418
cg00881381	0.22675452901574933	418
cg07364396	0.22675444989248203	418
cg17625029	0.22675323265530198	418
cg17469240	0.22675277184589449	418
cg19046933	0.22675253604556295	418
cg04221387	0.2267525035404377	418
cg09301471	0.22675148680635154	418
cg00556319	0.22675065693210372	418
cg00828798	0.22674660646289047	418
cg00502209	0.22674651150203817	418
cg21499918	0.2267464630097425	418
cg06017234	0.22674599811841273	418
cg11130223	0.22674449707759317	418
cg27118937	0.22674109475245205	418
cg15120527	0.22674051311319837	418
cg04694889	0.2267399720559519	418
cg04792644	0.22673966963030628	418
cg12803091	0.22673886663677495	418
cg05217033	0.22673779278748357	418
cg05300717	0.22673766264732345	418
cg02495552	0.2267368800544765	418
cg05423712	0.226736011508393	418
cg06913229	0.22673522629036258	418
cg26874015	0.22673395997690632	418
cg01607297	0.22673381744299473	418
cg01886004	0.22673337603234842	418
cg11204593	0.22673240008692072	418
cg14378364	0.2267314340784173	418
cg08674833	0.22672903849596493	418
cg09380000	0.2267281808618299	418
cg11303519	0.22672662242325956	418
cg10797231	0.22672538694635494	418
cg00864551	0.22672525092425103	418
cg22835941	0.22672524395701557	418
cg03997167	0.22672502843211767	418
cg21449360	0.22672428587078725	418
cg13007824	0.226724149064915	418
cg12554954	0.2267241006430102	418
cg12657380	0.22672391336105	418
cg19866673	0.22672364148478702	418
cg23289957	0.22672349325435362	418
cg03252258	0.2267204516959653	418
cg10242544	0.22672026320509356	418
cg01974195	0.22671888219560915	418
cg10684251	0.22671852035431836	418
cg20955328	0.22671767462891962	418
cg05890616	0.22671740896208487	418
cg23282561	0.2267174061972605	418
cg10868736	0.22671726895810712	418
cg24673026	0.2267171320436697	418
cg10571401	0.2267166726358099	418
cg08662894	0.22671630650607918	418
cg27175470	0.2267156158737651	418
cg06350432	0.22671559001544672	418
cg24205289	0.2267147004112731	418
cg01477838	0.22671389094147795	418
cg21824017	0.2267097120968073	418
cg24954665	0.22670942467430694	418
cg06553368	0.22670922517128633	418
cg26521476	0.22670901574261443	418
cg02668055	0.2267029904598279	418
cg15921773	0.22670171261589583	418
cg13366601	0.2267014360716738	418
cg05533326	0.22670131424265308	418
cg23640757	0.22670126405206772	418
cg05499189	0.22670068208836763	418
cg26690525	0.22669989245283095	418
cg15394998	0.22669902739748835	418
cg02870151	0.22669711818560206	418
cg25088009	0.226697050645828	418
cg06845079	0.22669582314151346	418
cg23877147	0.22669514513015002	418
cg25291780	0.2266949138223434	418
cg16045595	0.2266946734444453	418
cg20649847	0.22669325325850342	418
cg15913725	0.22669258694848396	418
cg26971585	0.22669130867257142	418
cg18046357	0.2266896420801029	418
cg23794594	0.22668869543493197	418
cg14986362	0.22668606888507703	418
cg04755409	0.22668606164004618	418
cg25233302	0.22668582824164799	418
cg17152477	0.22668382929331082	418
cg03355147	0.22668337471003347	418
cg22768615	0.2266803124613685	418
cg09210336	0.2266797932334119	418
cg08553153	0.22667969710846037	418
cg02264570	0.22667947237812905	418
cg27051815	0.22667943158280177	418
cg23213744	0.22667930733314906	418
cg20911304	0.22667854745727078	418
cg03691455	0.22667770740157753	418
cg19627653	0.22667760171869294	418
cg24514230	0.22667666842903442	418
cg10799668	0.22667580801477905	418
cg21752670	0.22667576658378288	418
cg23583742	0.22667381106547796	418
cg01170758	0.22667335906312586	418
cg10185835	0.2266730247540441	418
cg00108617	0.2266726128814067	418
cg03990732	0.22667221855136582	418
cg27197021	0.2266711340832366	418
cg03386811	0.226669899811244	418
cg16194968	0.22666967647461592	418
cg24709463	0.2266691902205905	418
cg19620972	0.22666823997890578	418
cg24990808	0.22666664138786757	418
cg18097155	0.22666655770015653	418
cg11185191	0.2266660857518256	418
cg26601431	0.22666523837605043	418
cg14328761	0.2266643161965416	418
cg19743308	0.2266642674361266	418
cg25402979	0.2266638071948122	418
cg01889684	0.22666354353883347	418
cg16925009	0.22666292597366602	418
cg08917356	0.22666225559787084	418
cg23577562	0.22666216741007403	418
cg09952564	0.22666079178431667	418
cg23540020	0.22666076824303724	418
cg12841734	0.22666034208581184	418
cg07888040	0.22666021069647052	418
cg08484479	0.2266599766744541	418
cg10518155	0.22665965846265898	418
cg13218032	0.2266585988595247	418
cg19282928	0.22665855703187512	418
cg04740558	0.22665785789301424	418
cg23610994	0.22665710853199936	418
cg27513886	0.22665595273110817	418
cg20974424	0.22665533437105354	418
cg20211272	0.2266552230342606	418
cg06909921	0.22665514993807503	418
cg02870956	0.22665440228647193	418
cg08350962	0.22665397373969545	418
cg14037107	0.22665377165530706	418
cg27197186	0.2266529875015915	418
cg01222190	0.22665243333441012	418
cg12557697	0.22665241292857663	418
cg14650175	0.2266520836014928	418
cg07208650	0.22665129554052388	418
cg07329049	0.22664988026248772	418
cg26450010	0.22664930444274042	418
cg02917399	0.22664902055851474	418
cg24569018	0.22664876714092597	418
cg16390418	0.22664801315031755	418
cg17409989	0.22664712956258548	418
cg02313829	0.22664536852482992	418
cg18778733	0.22664249654440133	418
cg02608491	0.22664031809791224	418
cg02938407	0.2266397031391546	418
cg16826473	0.2266396765116207	418
cg22082745	0.2266393976120857	418
cg09279942	0.22663914313505462	418
cg18031746	0.22663881281847092	418
cg09839355	0.22663843246293627	418
cg24478926	0.22663762259216447	418
cg02827029	0.22663756143554364	418
cg20705804	0.22663671617301154	418
cg09629753	0.22663661693684545	418
cg12352622	0.22663609053946793	418
cg05764704	0.22663574055458874	418
cg19441128	0.2266352169124703	418
cg02091562	0.22663422886662526	418
cg06176440	0.226634161414819	418
cg00923230	0.22663404032786275	418
cg00360267	0.2266339073662259	418
cg27343133	0.22663376902097096	418
cg05807304	0.22663351560622413	418
cg11648441	0.2266329891754275	418
cg21978855	0.2266326438090701	418
cg01361261	0.22663159102050853	418
cg24774898	0.22662939310316535	418
cg01301117	0.2266288291390219	418
cg02103891	0.22662588321106064	418
cg01928145	0.22662577370234877	418
cg23576338	0.22662533895118903	418
cg19928739	0.22662457976358688	418
cg04137467	0.22662369985668923	418
cg20284834	0.22662180971263704	418
cg20669731	0.22662028270153542	418
cg21384021	0.22661904959868154	418
cg23134513	0.22661830011695525	418
cg02952972	0.22661751005461314	418
cg05384282	0.22661736207387162	418
cg11210004	0.2266168408729467	418
cg00855398	0.22661643727618913	418
cg14250089	0.2266145203135893	418
cg20467378	0.22661414960776988	418
cg23837804	0.22661370934060138	418
cg17947992	0.226613187956932	418
cg22740710	0.22661287839662242	418
cg13238049	0.22661257629614284	418
cg27309229	0.2266119882679597	418
cg01471910	0.2266103490632093	418
cg14593237	0.22660965988277382	418
cg23565137	0.22660855712259112	418
cg04986610	0.22660850464635882	418
cg26177544	0.2266083934785053	418
cg08929612	0.22660819887715297	418
cg16102793	0.22660786023842067	418
cg06137032	0.22660671663927295	418
cg12817154	0.22660557076770094	418
cg15893339	0.22660465182001915	418
cg09281891	0.226604100861137	418
cg20266372	0.22660387134059903	418
cg09293286	0.226603798062479	418
cg10310111	0.22660193012188057	418
cg04423431	0.22660134649987218	418
cg23182783	0.22660126729067218	418
cg15602036	0.22660112691905707	418
cg00050224	0.22660100388076346	418
cg24910189	0.22660044370474325	418
cg21145523	0.22660036594638902	418
cg08643998	0.22659807827617356	418
cg11796907	0.22659802277201707	418
cg19641266	0.22659665583152003	418
cg13898051	0.22659607509910262	418
cg13350140	0.22659555716976718	418
cg14312590	0.2265936118264648	418
cg06934468	0.22659325456875556	418
cg26441910	0.22659303333976263	418
cg18857340	0.22659177860357912	418
cg10783050	0.22659168336014757	418
cg18520576	0.22659115315193804	418
cg06646332	0.2265909373667698	418
cg00668592	0.22659014627367816	418
cg12005649	0.2265889900309587	418
cg03648022	0.2265887718626279	418
cg10880177	0.2265883925969505	418
cg23950875	0.2265879480716197	418
cg15963551	0.22658690060862013	418
cg00969815	0.2265866668914747	418
cg24575638	0.22658527694611524	418
cg02008936	0.2265849246021659	418
cg08481985	0.2265847550031711	418
cg19556599	0.22658374860012917	418
cg13027177	0.2265837005703291	418
cg16268034	0.22658360779833742	418
cg08819023	0.22658316361237654	418
cg13669410	0.22658205362645079	418
cg13002957	0.22658111286008284	418
cg12178287	0.22658100364450662	418
cg04600411	0.22658099732411593	418
cg00263677	0.226580886837142	418
cg17304566	0.22658048782538528	418
cg02514529	0.22657915085219216	418
cg19612504	0.22657846655205116	418
cg15810304	0.22657753235295286	418
cg04958192	0.22657742396078726	418
cg22157015	0.22657731769152895	418
cg02407638	0.22657635422853717	418
cg24819354	0.22657599095199718	418
cg03870360	0.22657551791193928	418
cg21161093	0.22657506206649997	418
cg27017251	0.22657459779042757	418
cg07553046	0.22657381596450502	418
cg26151355	0.22657314701307252	418
cg24560898	0.22657148426769463	418
cg03234023	0.22657141707451783	418
cg04486940	0.2265711623034873	418
cg06940574	0.22656994911783535	418
cg15071417	0.22656798804866857	418
cg16982163	0.22656770558064912	418
cg19980431	0.22656693471833853	418
cg15627457	0.22656693416685864	418
cg21952005	0.2265668688928781	418
cg10737412	0.2265662535212501	418
cg00611913	0.22656601150821584	418
cg14448434	0.22656402787709026	418
cg11659330	0.2265624675078267	418
cg23272378	0.22655862570219268	418
cg07751039	0.22655752563779544	418
cg03923966	0.226554951083684	418
cg05031455	0.2265543382452477	418
cg14786959	0.2265541349455109	418
cg15495409	0.22655162723085429	418
cg02652959	0.2265512845719665	418
cg23927832	0.2265506531564266	418
cg08844859	0.22655041817951005	418
cg14623698	0.22655004728472714	418
cg03119442	0.22654838898528504	418
cg02432274	0.22654809962796782	418
cg16386425	0.226547392363157	418
cg17764946	0.22654672974662754	418
cg27546981	0.22654598786631044	418
cg00091589	0.22654486371823218	418
cg07922827	0.22654378490759666	418
cg26573797	0.22654346153806648	418
cg11703683	0.22654334164578385	418
cg16784566	0.22654196463842222	418
cg10249098	0.22654182406959766	418
cg00592944	0.22654149408397006	418
cg25136408	0.2265401862531444	418
cg06807303	0.2265381269771635	418
cg26540808	0.22653785860573433	418
cg20630915	0.22653764074436922	418
cg25428929	0.22653696092430603	418
cg06896529	0.22653677010680567	418
cg22596411	0.22653638989712102	418
cg15299654	0.22653618261530545	418
cg06177106	0.22653504394338822	418
cg04885799	0.22653497380457072	418
cg26650651	0.2265340539330638	418
cg11865882	0.22653388669319796	418
cg14730223	0.22653174870607876	418
cg02481497	0.2265314821171901	418
cg09058471	0.22653113564988153	418
cg03515543	0.2265306707727844	418
cg04697482	0.22653027321994426	418
cg16094526	0.22653014180321165	418
cg12615914	0.2265296376867237	418
cg10296614	0.22652899733203022	418
cg09598386	0.2265284132272803	418
cg25200416	0.22652794771526383	418
cg00100397	0.22652752833484532	418
cg12914694	0.22652713653475695	418
cg07925619	0.22652703756759238	418
cg19039765	0.2265266368025064	418
cg17449969	0.22652439603518584	418
cg18796438	0.2265236334300265	418
cg14498460	0.22652233189481627	418
cg21403912	0.22652142294799724	418
cg04788956	0.22652107021949133	418
cg15830682	0.22652038877552166	418
cg12362404	0.2265200712278995	418
cg23930257	0.22651802372628177	418
cg18057692	0.22651524808553727	418
cg21585819	0.22651485381485742	418
cg22063222	0.2265143815042933	418
cg26396721	0.22651433851341982	418
cg21461745	0.22651433016822559	418
cg23059376	0.2265137554687219	418
cg20313298	0.226513554352134	418
cg20277282	0.2265134257270656	418
cg16956691	0.2265125053478697	418
cg26530604	0.2265118828154466	418
cg09207068	0.22651169828434592	418
cg09941769	0.22651078801959496	418
cg11295761	0.2265093775577607	418
cg11569621	0.22650879332553595	418
cg01455197	0.22650810550387188	418
cg04763917	0.2265075002985617	418
cg24565395	0.22650684414679276	418
cg08744476	0.226506531047009	418
cg06566039	0.2265058649010296	418
cg24523635	0.22650542955175468	418
cg07152549	0.22650469220492897	418
cg23355015	0.22650435649776987	418
cg25067877	0.22650409188788212	418
cg23262123	0.22650389006503377	418
cg12937299	0.22650324149455117	418
cg16991298	0.2265032113064303	418
cg15679432	0.2265031046457744	418
cg24310421	0.22650122853259483	418
cg01028572	0.22649984763204556	418
cg03259038	0.22649853202375633	418
cg15996592	0.22649777504603016	418
cg18361730	0.22649777093951068	418
cg10391823	0.22649775747788078	418
cg15658577	0.22649740622929607	418
cg07812059	0.22649714789344202	418
cg06986584	0.22649699446941055	418
cg07500659	0.22649687868879495	418
cg15754198	0.22649606250124732	418
cg18752363	0.22649547666004718	418
cg09610311	0.22649513554504835	418
cg05114984	0.22649508626023815	418
cg03421482	0.22649439956099243	418
cg05667101	0.2264939463908718	418
cg19720058	0.22649297112413327	418
cg22016870	0.22649259080750553	418
cg05972770	0.22649202734099044	418
cg05889979	0.2264917647666206	418
cg08071595	0.2264907878931926	418
cg24517944	0.2264907467788582	418
cg13222945	0.22649003155032496	418
cg11952478	0.2264899645669782	418
cg04555248	0.22648945913859372	418
cg10789161	0.22648944048215666	418
cg02598077	0.22648856537309095	418
cg00418550	0.22648741381404294	418
cg10108591	0.22648709523475596	418
cg09948345	0.22648703574540346	418
cg03012642	0.22648649329052634	418
cg18727782	0.22648626346750209	418
cg00005644	0.22648519878737178	418
cg25382652	0.226485093524121	418
cg10515125	0.2264849725387412	418
cg09291982	0.2264842541502432	418
cg10665181	0.2264827906883123	418
cg09415231	0.2264823355799202	418
cg04845176	0.22648226413253136	418
cg10386914	0.22648186384223581	418
cg04571418	0.2264809231931738	418
cg05903223	0.22647978623397405	418
cg23830414	0.22647888223774598	418
cg09656511	0.2264780828162038	418
cg13282068	0.22647806227734793	418
cg09768859	0.22647434590640647	418
cg03190633	0.2264741495516946	418
cg00049400	0.22647409295063883	418
cg17644690	0.22647179337499976	418
cg01536712	0.22647140913664732	418
cg11988128	0.2264706108264693	418
cg11004222	0.22647035774097513	418
cg09276707	0.22647001866358557	418
cg15129562	0.22646942018043242	418
cg09244477	0.22646934949601782	418
cg07124832	0.22646691202800867	418
cg12040935	0.22646638143502593	418
cg08693792	0.22646627108477255	418
cg25386676	0.2264643999089559	418
cg06290817	0.22646180878984626	418
cg02428532	0.2264610257072719	418
cg15860595	0.22646079714606857	418
cg06201287	0.22645970031816653	418
cg07867133	0.22645821357575227	418
cg09469318	0.22645754022975012	418
cg22191803	0.22645623410138974	418
cg12404505	0.226456029806837	418
cg16689907	0.22645575533698586	418
cg14622533	0.22645442732272805	418
cg19591135	0.22645408794272767	418
cg13829439	0.22645406474513166	418
cg07812848	0.22645399099624244	418
cg00738309	0.22645378015985645	418
cg01239428	0.22645365816777913	418
cg27248622	0.22645300186599587	418
cg00046571	0.22645280616519564	418
cg13447317	0.2264527999706002	418
cg09775121	0.2264527234135985	418
cg26516004	0.2264519552294401	418
cg01840115	0.22645140277196388	418
cg06757994	0.22645104790902865	418
cg13663170	0.22645102430048647	418
cg09387486	0.22645059302738824	418
cg03484438	0.2264502382324684	418
cg23321005	0.22644995678983054	418
cg14414541	0.22644907324722824	418
cg17364872	0.2264472944598697	418
cg08537300	0.22644677865059631	418
cg17950646	0.22644668754237732	418
cg01353065	0.22644650009759096	418
cg07815027	0.22644603543075495	418
cg17433294	0.2264424577009309	418
cg00827008	0.22644241318571345	418
cg27379520	0.2264417941668853	418
cg01362581	0.22644159060794972	418
cg15160081	0.22644121530870032	418
cg23305108	0.22644032548006868	418
cg15613340	0.226439998189133	418
cg13381660	0.22643986266440166	418
cg26975459	0.2264397320652757	418
cg14601050	0.22643971409102367	418
cg18121939	0.22643928301184985	418
cg27609554	0.22643825718971128	418
cg16586559	0.22643443296664764	418
cg06690825	0.22643401427057744	418
cg02390813	0.22643295726852675	418
cg12086850	0.22643231214722123	418
cg14274204	0.22643196983038713	418
cg16390850	0.22643185836635502	418
cg14824950	0.22643172818339163	418
cg23649190	0.22643140504093293	418
cg27547841	0.2264310108196329	418
cg18651291	0.2264304950641612	418
cg06600911	0.22642939186557592	418
cg00272484	0.2264291723020286	418
cg08627327	0.22642892038774792	418
cg08359861	0.22642715406026223	418
cg12253136	0.2264260196445832	418
cg03973301	0.22642551369458658	418
cg12030328	0.2264243292926595	418
cg10916215	0.2264239924176405	418
cg01888920	0.2264220014315116	418
cg20677157	0.2264215170198148	418
cg19173824	0.22642120862081436	418
cg11222173	0.226420769498288	418
cg19424820	0.22642067611332659	418
cg19294448	0.22642009816116357	418
cg19786799	0.22641899992380263	418
cg16515964	0.22641799376650507	418
cg03126713	0.22641593988350414	418
cg25430111	0.22641507085332524	418
cg18944558	0.2264150344563381	418
cg16145071	0.22641425226642084	418
cg15894653	0.22641399274420726	418
cg07118485	0.22641336849241633	418
cg11890453	0.22641334498784213	418
cg07758428	0.22641123340782632	418
cg10185853	0.2264112073467776	418
cg13774505	0.22641030979762813	418
cg25164292	0.22640949280385708	418
cg18619924	0.2264081331112364	418
cg13200664	0.22640774194827692	418
cg15940454	0.22640716142677877	418
cg01283124	0.22640453427131285	418
cg05512684	0.22640323457952743	418
cg23468137	0.22640127753404948	418
cg22591465	0.22639977994247443	418
cg13494954	0.22639954420721015	418
cg06271893	0.22639817575365978	418
cg15628409	0.22639463829951098	418
cg16668678	0.22639194739681712	418
cg25371449	0.22639166530873497	418
cg03940643	0.22639119747415684	418
cg01215038	0.22639047926458006	418
cg16638748	0.22639042626589334	418
cg02178081	0.22638978121449177	418
cg15290619	0.2263889878430647	418
cg03119618	0.22638888264352255	418
cg13823188	0.22638746510291444	418
cg14137021	0.22638545384563394	418
cg10890087	0.22638514994077394	418
cg23092381	0.22638313256305495	418
cg21903221	0.22638301022052115	418
cg08484123	0.22638295746517476	418
cg04950423	0.22638263967956299	418
cg06445561	0.2263826173879665	418
cg21098437	0.2263821464110115	418
cg25391814	0.22638122877819217	418
cg02679815	0.22637927017666779	418
cg09954729	0.2263788150068351	418
cg20536180	0.22637774724597012	418
cg15851294	0.22637749154525008	418
cg19974598	0.2263765938215766	418
cg05201324	0.226376279761775	418
cg02720925	0.22637524197164083	418
cg15629235	0.22637481660313444	418
cg02196385	0.22637450046141813	418
cg10554639	0.2263743107947826	418
cg00180722	0.22637361446232201	418
cg18569825	0.22637352915306727	418
cg16278728	0.22637277942993655	418
cg00901946	0.22637211441764604	418
cg01274916	0.22636980416566965	418
cg10457436	0.22636971796601074	418
cg11380092	0.22636914124160323	418
cg11161755	0.22636845721461013	418
cg09238162	0.2263682007444268	418
cg26896991	0.22636626491823186	418
cg12425380	0.22636578797927973	418
cg25536510	0.2263648957705498	418
cg24208325	0.22636479488275113	418
cg08397828	0.22636471844419162	418
cg22841286	0.22636401032355277	418
cg11598715	0.22636397697419136	418
cg20289529	0.2263630958871919	418
cg22220310	0.22636252164130968	418
cg09273212	0.22636135733573043	418
cg11617484	0.22636126961947203	418
cg02544775	0.2263610172188519	418
cg13585961	0.2263604453431334	418
cg14018247	0.22635971335771368	418
cg18670075	0.2263595543958944	418
cg07081418	0.2263591583057874	418
cg18973457	0.22635861717245878	418
cg15919105	0.22635829360392323	418
cg09976716	0.22635804216077862	418
cg17274072	0.22635607014915796	418
cg10701000	0.22635460297693763	418
cg07651874	0.22635450311026112	418
cg10075405	0.2263544954276888	418
cg05932822	0.2263538248567339	418
cg22377182	0.226353151270968	418
cg19123465	0.22635258148949133	418
cg18870751	0.22635234769350418	418
cg13751265	0.22635176388296038	418
cg16323422	0.22635112306461447	418
cg11809802	0.22635090094413446	418
cg19358805	0.22634995614216985	418
cg23158699	0.22634878400981276	418
cg27578760	0.22634758264363997	418
cg17476389	0.22634744265801	418
cg22542229	0.22634524183988386	418
cg08053214	0.22634435879620587	418
cg12573747	0.22634327703140203	418
cg22975920	0.22634267217636134	418
cg12254911	0.2263422148654601	418
cg26631751	0.22634076584846663	418
cg18024260	0.2263405127822828	418
cg27650212	0.22633957193235357	418
cg11662871	0.22633939904568337	418
cg25616787	0.22633925491571702	418
cg20638450	0.22633901496938355	418
cg08772345	0.22633898815221493	418
cg18043426	0.22633804694807166	418
cg15950413	0.22633797023410618	418
cg06758132	0.22633711672803325	418
cg20512924	0.2263361370844408	418
cg23154658	0.2263349634977129	418
cg18701807	0.22633313632825494	418
cg11800361	0.2263326902768614	418
cg21948674	0.2263324685013616	418
cg15085989	0.22633133988684542	418
cg02112608	0.22633126789735694	418
cg19701224	0.22633068317658245	418
cg10780525	0.22632946439337	418
cg23519397	0.22632868038836662	418
cg08453263	0.22632672331743686	418
cg12190404	0.22632621141396925	418
cg14100211	0.22632384792399013	418
cg05856974	0.2263226008297141	418
cg05057230	0.22632251270360107	418
cg16499907	0.2263224150100465	418
cg20071189	0.22632144286140998	418
cg24220897	0.22632088499419128	418
cg27569045	0.2263190299755645	418
cg25376657	0.22631874130420576	418
cg13654135	0.22631838989265765	418
cg09672570	0.226316132230351	418
cg25665880	0.22631474792013362	418
cg05868580	0.2263143921721714	418
cg23411226	0.22631324704301126	418
cg00523532	0.22631271972012	418
cg22399111	0.22631267980837372	418
cg11211870	0.22631179924391948	418
cg27104275	0.2263108828313777	418
cg00147762	0.2263106271591667	418
cg27633819	0.22631034410605613	418
cg22009062	0.22630990908107215	418
cg02823137	0.22630963499354867	418
cg16491185	0.22630950207908665	418
cg13323878	0.2263092483142894	418
cg09845761	0.22630729310805225	418
cg06950479	0.22630712220843074	418
cg26808779	0.22630642744207694	418
cg10369539	0.22630629337109454	418
cg09663219	0.22630562712436952	418
cg03226526	0.22630455489934792	418
cg21511976	0.22630420341135285	418
cg20900676	0.2263041609420163	418
cg08111966	0.22630337842690992	418
cg10469422	0.22630335306262106	418
cg00213643	0.2263031202110375	418
cg12292584	0.2263022975711691	418
cg03241502	0.22630211839454592	418
cg14517771	0.2263013797684769	418
cg26627956	0.22629992948527738	418
cg14529891	0.22629846324644107	418
cg05056979	0.22629707181021824	418
cg16290064	0.22629693542079515	418
cg04196933	0.22629679967004737	418
cg24350011	0.22629637737422598	418
cg22730626	0.22629487802110285	418
cg20703481	0.22629461118904448	418
cg02619656	0.22629354581633793	418
cg05917311	0.2262914906048062	418
cg01072588	0.22629140753949878	418
cg08098951	0.22629132101382082	418
cg18800402	0.2262911970772682	418
cg14642467	0.22629084298322158	418
cg27264018	0.22629032384411346	418
cg26204383	0.22628844573664142	418
cg09452078	0.22628676437429343	418
cg19598859	0.22628627773308815	418
cg25294104	0.22628492712160161	418
cg13862633	0.2262848609287688	418
cg10089457	0.22628462514199485	418
cg26082320	0.2262842677034013	418
cg14569812	0.2262841320002631	418
cg27381418	0.22628355536891528	418
cg13793510	0.22628348731420503	418
cg19426572	0.22628281234456613	418
cg21809623	0.22628235084461923	418
cg10398761	0.2262818044534386	418
cg27332063	0.22628142194845727	418
cg24148557	0.2262813998927647	418
cg23112563	0.22628042023204203	418
cg14978172	0.2262802980740969	418
cg26494884	0.22627938074475054	418
cg25964517	0.22627917810426412	418
cg26404416	0.22627854782965715	418
cg21226170	0.22627837352720578	418
cg26579673	0.22627788911098748	418
cg09393362	0.22627668024408784	418
cg05407433	0.22627660521185625	418
cg21722700	0.2262764865265048	418
cg05146330	0.22627379572908077	418
cg07817988	0.22627354618564371	418
cg14023762	0.22627322823451682	418
cg14286776	0.22627288173647309	418
cg17985656	0.2262727455542083	418
cg05480046	0.22627207221111167	418
cg05669157	0.22627074686426585	418
cg21198455	0.22627047887682605	418
cg17016890	0.22626942742417322	418
cg04627849	0.2262690479860909	418
cg09444108	0.22626895259474572	418
cg09160171	0.22626834865259324	418
cg23825570	0.22626785505867134	418
cg14518464	0.22626606547242634	418
cg27066543	0.22626563949363973	418
cg09631939	0.22626485151468112	418
cg25124816	0.22626402983955213	418
cg11672144	0.22626274077324937	418
cg18864358	0.22626236735103464	418
cg04586563	0.22626131083992032	418
cg12373657	0.22626118162496178	418
cg21095286	0.22626107179231256	418
cg15874657	0.22626106271250085	418
cg13569700	0.22626030909018574	418
cg05786361	0.22625953432160267	418
cg24498114	0.22625939117662897	418
cg07048592	0.2262586736966508	418
cg09920531	0.22625759476733356	418
cg01072766	0.22625752414341108	418
cg06434454	0.22625646827495222	418
cg23571839	0.22625435667605887	418
cg04462567	0.22625386460321703	418
cg19931035	0.2262534701993328	418
cg20164068	0.22625295404376577	418
cg04964562	0.22625267609854746	418
cg24631609	0.22625266278019426	418
cg04733649	0.22625178902492352	418
cg03347739	0.22625144968273397	418
cg10544611	0.226251120677741	418
cg23300245	0.2262510743970715	418
cg20071305	0.22625078652926692	418
cg12351595	0.22625075852017656	418
cg07381887	0.22625069078023535	418
cg22120509	0.2262501970361746	418
cg15041373	0.22624963898769107	418
cg04877750	0.22624825917458705	418
cg03199260	0.22624788370157736	418
cg02059297	0.22624774623274896	418
cg03283104	0.22624677767565296	418
cg12265369	0.22624625641111623	418
cg00345792	0.22624599985658192	418
cg12563935	0.22624568566307662	418
cg09882209	0.2262432272580702	418
cg13697578	0.22624252403378928	418
cg16681083	0.22624241021463767	418
cg16100355	0.2262422213187324	418
cg02089452	0.2262419685411216	418
cg02770683	0.22624175170057043	418
cg21599426	0.22624126351890336	418
cg04411052	0.2262411397201214	418
cg22385596	0.22623927637795369	418
cg02066874	0.22623788579545948	418
cg05185738	0.22623726693898966	418
cg02384338	0.2262344374018931	418
cg11935055	0.2262338409326093	418
cg24443795	0.22623246882485318	418
cg11593799	0.2262323214967345	418
cg06838096	0.22623220280049697	418
cg24505127	0.22623178795620208	418
cg04286195	0.22623139969765238	418
cg18773722	0.2262304361277333	418
cg15842160	0.22622995279289776	418
cg22829309	0.22622989319577622	418
cg01665013	0.22622982730066596	418
cg07497933	0.2262289886320528	418
cg14538751	0.22622858765712678	418
cg26916576	0.22622730224941176	418
cg15375596	0.22622719997286198	418
cg27104778	0.2262265118804064	418
cg00446003	0.22622571949876583	418
cg04888849	0.22622540155318407	418
cg22599477	0.22622515208649543	418
cg00435098	0.226224570219313	418
cg12970927	0.2262227079291805	418
cg05570739	0.22622135325380194	418
cg21821755	0.2262205387631155	418
cg03220319	0.22622034144648714	418
cg24801244	0.22621977698890888	418
cg13262670	0.22621948235956343	418
cg03236122	0.2262180394540236	418
cg02908816	0.2262166020632323	418
cg08103377	0.22621631267157258	418
cg16054278	0.22621619093605302	418
cg19776806	0.22621595573747358	418
cg02076388	0.22621414567355183	418
cg10002185	0.2262135660481692	418
cg00111335	0.22621318471693547	418
cg10642247	0.2262109276457678	418
cg03306967	0.226210267685195	418
cg09663566	0.22621025898370212	418
cg11368147	0.22621024579101218	418
cg13393809	0.22621015914726722	418
cg23735973	0.2262095355447143	418
cg26782539	0.22620929730834533	418
cg13416188	0.22620775380023023	418
cg21221545	0.2262071062383525	418
cg16004390	0.22620646652195375	418
cg25946714	0.22620643253647021	418
cg10544510	0.22620539146032448	418
cg21487690	0.2262047956677931	418
cg04746406	0.2262042227996725	418
cg02606627	0.22620279864541085	418
cg09965557	0.22620242091699347	418
cg24029715	0.2262023671703526	418
cg09662922	0.22620078845622993	418
cg13086424	0.22620071054008148	418
cg23401418	0.22620003198209968	418
cg20427090	0.22619946060722482	418
cg15020863	0.22619917118818242	418
cg13409148	0.22619790226839812	418
cg08725904	0.22619771393133772	418
cg09186667	0.22619685046286522	418
cg00665867	0.22619678620993544	418
cg19179667	0.2261949052283372	418
cg03627333	0.22619459513977902	418
cg06178754	0.22619439440313308	418
cg24928830	0.22619435433513865	418
cg00696368	0.2261942350805305	418
cg13052214	0.22619415032025594	418
cg13592780	0.22619365673614483	418
cg06672699	0.2261933190653789	418
cg22103266	0.2261928048691859	418
cg10290200	0.22619266049820225	418
cg12017057	0.22619131823379265	418
cg02020757	0.22618978450112875	418
cg12395150	0.22618961713556793	418
cg12661525	0.22618832934643185	418
cg21397693	0.22618773612051454	418
cg17256817	0.22618770983565492	418
cg05345888	0.22618759294856292	418
cg09988752	0.22618722326023294	418
cg02081925	0.22618714049908112	418
cg02544684	0.22618688167022188	418
cg16822777	0.22618636590548363	418
cg03662254	0.22618630502601622	418
cg07079354	0.2261854862506662	418
cg03237431	0.22618435377172194	418
cg05150368	0.22618399752652793	418
cg08550094	0.22618076045368365	418
cg17830211	0.22618030243063464	418
cg00103011	0.22618023576272678	418
cg25409794	0.22617957403900643	418
cg23065882	0.226178300243916	418
cg20840416	0.22617770351990513	418
cg24096143	0.22617768827924534	418
cg24460625	0.22617736491577484	418
cg07537836	0.2261767435216297	418
cg04463719	0.22617630734305996	418
cg15871994	0.22617617831633205	418
cg12943264	0.22617565040370982	418
cg18367858	0.22617559980615856	418
cg20495179	0.22617528862798184	418
cg04484064	0.22617503426460445	418
cg01598639	0.22617277079809953	418
cg09675853	0.2261700602716088	418
cg00734895	0.22616952924499092	418
cg02328545	0.22616886589928464	418
cg03743678	0.2261688225772637	418
cg04236651	0.2261687777092694	418
cg16279999	0.22616714803264534	418
cg22129402	0.22616663258584727	418
cg12213541	0.2261656888187517	418
cg18167759	0.22616431472853274	418
cg11836473	0.22616425074790295	418
cg18199807	0.2261641882752072	418
cg25730666	0.22616408403519347	418
cg06361744	0.22616255933679102	418
cg17523148	0.22616199676704693	418
cg05193662	0.2261610498246915	418
cg08419373	0.22616104187874286	418
cg16118747	0.22616095279723522	418
cg04801085	0.22616043027013005	418
cg02284814	0.2261603048346365	418
cg11456412	0.22615981183154357	418
cg20910249	0.2261597900296812	418
cg02462326	0.22615507928044015	418
cg14410298	0.2261547181410325	418
cg09255480	0.22615464427431514	418
cg21585640	0.22615358049756462	418
cg00355963	0.22615340893768152	418
cg03913989	0.22615299628928104	418
cg00628919	0.2261528432207957	418
cg27442017	0.22615214986280577	418
cg07755740	0.226150544422518	418
cg09848218	0.22615029006007725	418
cg26160492	0.2261493062556813	418
cg07414462	0.22614901639173762	418
cg16679386	0.226148899167572	418
cg17035395	0.22614785097538573	418
cg06282829	0.22614755175785406	418
cg17820473	0.22614569968482787	418
cg09124636	0.22614521991423725	418
cg16183122	0.22614510619068628	418
cg23671128	0.2261449717729101	418
cg06332484	0.2261449209383006	418
cg04265227	0.22614245394012195	418
cg14375786	0.22614117364029404	418
cg14141068	0.22614075806114406	418
cg07362164	0.22614036189257025	418
cg02898500	0.22614030989665337	418
cg26186879	0.22613933582959544	418
cg01143247	0.22613880165025016	418
cg07309513	0.22613864492878014	418
cg08859635	0.22613814964135098	418
cg21496803	0.22613689832955144	418
cg12746519	0.22613635569044177	418
cg00065385	0.2261359831524035	418
cg05946684	0.22613532533967368	418
cg05058069	0.22613458349395926	418
cg25314706	0.22613440047044667	418
cg20187418	0.22613409884959032	418
cg08392123	0.2261339304741842	418
cg15923548	0.22613344407605332	418
cg12968548	0.22613317440606415	418
cg11423481	0.22613288436950493	418
cg23842153	0.22613144545265126	418
cg21417093	0.22613119143334368	418
cg23753201	0.22613005493407376	418
cg16625402	0.22612977928585323	418
cg27101602	0.22612905689862683	418
cg21452471	0.22612848296914456	418
cg23360656	0.2261283306285353	418
cg16487573	0.22612768466714503	418
cg00236270	0.2261270097626798	418
cg15324978	0.22612698206123658	418
cg08502973	0.2261267511666968	418
cg11276203	0.22612667146186888	418
cg01822102	0.22612553080135886	418
cg19517108	0.2261252287130394	418
cg08216050	0.22612287729755706	418
cg05236768	0.22612253165695323	418
cg05253716	0.22612218718161364	418
cg06636244	0.22612155629205163	418
cg06487538	0.2261178909629986	418
cg19714454	0.22611763705852894	418
cg01009828	0.22611485999162634	418
cg03367315	0.22611424597662683	418
cg03993837	0.22611355102756772	418
cg08134592	0.22611314203875657	418
cg16363447	0.22611297653649556	418
cg24369891	0.22611071521019574	418
cg15199489	0.22611026821778263	418
cg26113951	0.22610918279510864	418
cg24929966	0.22610917340116451	418
cg00255752	0.22610889690740035	418
cg04683265	0.226105949505167	418
cg03303276	0.22610491869120591	418
cg04220881	0.22610481537476307	418
cg09678388	0.2261033904404694	418
cg04997885	0.22610318012969002	418
cg16563938	0.22610207644228802	418
cg01739161	0.22610115970099612	418
cg11494962	0.22610097178987434	418
cg24151528	0.22610096379197098	418
cg09732368	0.22610015757883795	418
cg07540917	0.22609978534480174	418
cg10129190	0.22609967884030124	418
cg08920458	0.22609953303494196	418
cg03371414	0.22609809244528026	418
cg15724159	0.2260973240761883	418
cg21576904	0.22609693288097937	418
cg07033710	0.22609666010032123	418
cg10259985	0.22609645369241585	418
cg13725898	0.2260950984380972	418
cg03466237	0.2260945702997255	418
cg00830283	0.22609313499059738	418
cg26463699	0.22609243600705245	418
cg23260105	0.22609207994308309	418
cg07159469	0.22609207765563136	418
cg11550068	0.2260915830500924	418
cg01696784	0.22609120374851518	418
cg14426249	0.22609111156965084	418
cg16428322	0.2260905323627687	418
cg08491150	0.2260889680296824	418
cg15309232	0.22608893618943587	418
cg06932776	0.2260886160132836	418
cg10856238	0.22608763691505826	418
cg14843200	0.22608645057077317	418
cg11360931	0.2260855504821143	418
cg19445651	0.2260853600399167	418
cg08625192	0.22608515217440883	418
cg25469351	0.22608504430807427	418
cg00640315	0.22608464992737357	418
cg17575314	0.22608417218353688	418
cg07477246	0.22608394432224505	418
cg04592353	0.22608393057943155	418
cg03702675	0.22608362326728143	418
cg04484334	0.2260826417523354	418
cg17245633	0.22608250557316992	418
cg06004018	0.22608238641136932	418
cg18575346	0.2260818712318928	418
cg10908944	0.2260813665899133	418
cg15401244	0.22608071543901173	418
cg15096465	0.22607976822236014	418
cg03678357	0.22607961109502658	418
cg13022763	0.22607931345632237	418
cg07315168	0.2260792467902812	418
cg09232289	0.2260785073903971	418
cg21418104	0.22607806876068207	418
cg14981034	0.22607750967618703	418
cg10081518	0.22607649439521887	418
cg25533519	0.22607630748474236	418
cg10054150	0.22607578957050622	418
cg24345423	0.2260755564534869	418
cg22850968	0.22607439898192683	418
cg16701523	0.22607404651404514	418
cg14524553	0.2260714439923158	418
cg22038027	0.22607119772220707	418
cg09849532	0.22606964837855392	418
cg00156947	0.22606946822686408	418
cg05814351	0.22606938128737653	418
cg03195732	0.2260689955502358	418
cg06382090	0.2260680543487388	418
cg01778842	0.226066872638298	418
cg07105774	0.22606611762685763	418
cg16573251	0.22606547217678735	418
cg21827163	0.2260627070849433	418
cg02492410	0.22606263252913605	418
cg02710346	0.2260605736685437	418
cg19299193	0.22606054392766284	418
cg12850546	0.22605924398910313	418
cg00691940	0.2260588174164567	418
cg03147761	0.2260579919132651	418
cg24000316	0.22605679095144637	418
cg24171613	0.2260564355957384	418
cg20417583	0.22605629287591597	418
cg18460805	0.22605572773255214	418
cg07723598	0.22605572285417785	418
cg25219318	0.22605535460494391	418
cg19794345	0.2260553484154962	418
cg01831527	0.22605522206049866	418
cg25265824	0.22605377520115014	418
cg10843796	0.22605335433181942	418
cg04509048	0.2260533202432997	418
cg25155053	0.22605299795226838	418
cg00597684	0.22605269120236404	418
cg17374635	0.22605261944105662	418
cg25222493	0.2260502685066673	418
cg01819910	0.22604954220594092	418
cg21954459	0.22604910327787284	418
cg20625967	0.2260468481929811	418
cg15853814	0.2260453448714232	418
cg11352600	0.22604352603137728	418
cg17538036	0.2260434661201758	418
cg13589913	0.22604335211821233	418
cg15178631	0.22604254642384872	418
cg00239420	0.2260422311950898	418
cg16402835	0.2260413363622443	418
cg08561825	0.22604131233691052	418
cg22033754	0.22603670723568253	418
cg00773359	0.2260363652989957	418
cg05439614	0.2260359016382588	418
cg17753370	0.22603581619204963	418
cg02006610	0.22603499398582755	418
cg26151477	0.22603476795153907	418
cg02385739	0.22603237256992145	418
cg03562788	0.22603213250795273	418
cg13822122	0.22603202225353936	418
cg02545556	0.22603197939841008	418
cg04621042	0.2260312916594409	418
cg07077705	0.2260306843258925	418
cg21889982	0.2260292082791477	418
cg26553263	0.22602772360201684	418
cg01448194	0.22602659662887017	418
cg07865391	0.22602581293070714	418
cg05068635	0.22602526619782548	418
cg05722705	0.22602382418274455	418
cg17258605	0.22602286397049515	418
cg04105968	0.2260227649524939	418
cg20418774	0.2260226322118005	418
cg21350392	0.22602208448937322	418
cg14053828	0.22602171541311084	418
cg15116227	0.2260209014199952	418
cg19221500	0.22602064574119982	418
cg21148160	0.22602061733238082	418
cg18194483	0.22602031094673208	418
cg21000132	0.2260202597204863	418
cg16275118	0.22601969357877907	418
cg26146302	0.22601968212808893	418
cg12289914	0.22601826709389655	418
cg12347444	0.2260171163323897	418
cg03567656	0.22601697138434623	418
cg00566642	0.22601690429888713	418
cg25440309	0.22601640380354024	418
cg23689404	0.22601599482393525	418
cg01515508	0.22601566657739278	418
cg01943577	0.22601489043683792	418
cg09970552	0.2260145732008509	418
cg25700789	0.2260143798009865	418
cg24283270	0.22601285351761563	418
cg21368352	0.2260127815308922	418
cg03621319	0.22601271408494525	418
cg18087625	0.22601236511616588	418
cg13687935	0.22601159758400585	418
cg17970936	0.2260102679024236	418
cg06876404	0.22600837630740778	418
cg08701479	0.22600836039719605	418
cg13369763	0.22600790994763956	418
cg13176083	0.2260058560278618	418
cg03997458	0.22600515744790073	418
cg19564264	0.22600512653079496	418
cg21038620	0.22600439232700295	418
cg06375328	0.22600332479415927	418
cg02909969	0.22600302148692272	418
cg26515337	0.22600225417312383	418
cg14853080	0.2260017412319777	418
cg04528808	0.22600172763324775	418
cg09562655	0.226000876590847	418
cg05734877	0.22600071256460524	418
cg04559485	0.22600063053484834	418
cg25014937	0.22599916063780698	418
cg24176376	0.2259980794651386	418
cg13722999	0.22599748532943076	418
cg11990308	0.22599675052844015	418
cg01740686	0.22599660576793582	418
cg17180390	0.22599503184533548	418
cg10390671	0.22599492628692888	418
cg13546043	0.22599314835072912	418
cg17630294	0.22599203810266139	418
cg26746896	0.22599192358385284	418
cg07123811	0.22599181589301653	418
cg16142906	0.22599106357696622	418
cg18422105	0.2259910535994231	418
cg06442865	0.22599079669915764	418
cg22230584	0.22599024003299736	418
cg08442149	0.22598883750472512	418
cg00650977	0.22598879794912757	418
cg25211006	0.2259884516355374	418
cg14938097	0.22598773869746464	418
cg03214005	0.2259868124462926	418
cg22251211	0.22598664276101163	418
cg25851018	0.22598649898644244	418
cg01432945	0.22598500668204724	418
cg05654197	0.22598359428000284	418
cg13671128	0.22598306781268154	418
cg13781938	0.22598139166142756	418
cg09929650	0.2259798840886243	418
cg08618693	0.22597922337169193	418
cg07706607	0.2259789561545905	418
cg14038695	0.22597890043489477	418
cg16914674	0.2259788853940584	418
cg14514160	0.225978865405127	418
cg01227027	0.22597866717400142	418
cg04704247	0.22597707893893176	418
cg04752954	0.2259769812790827	418
cg02743895	0.22597659930664782	418
cg09635763	0.22597650204961034	418
cg06826449	0.22597574191709782	418
cg14593366	0.2259757302565151	418
cg21808111	0.22597560410367112	418
cg24508547	0.2259753056463434	418
cg17388810	0.2259753012356622	418
cg07931962	0.2259734106992751	418
cg00068377	0.22597227486017551	418
cg09685420	0.22596997688903364	418
cg03168501	0.22596969698175892	418
cg19621814	0.22596903064475773	418
cg03378463	0.22596879260739602	418
cg13025376	0.2259687720585836	418
cg05789359	0.22596818360788004	418
cg09085220	0.22596732600965994	418
cg22200443	0.22596680740344186	418
cg08253494	0.22596559334183508	418
cg26566224	0.2259654850860235	418
cg02665399	0.22596303712735827	418
cg04089817	0.2259591754928877	418
cg13457101	0.22595873274610023	418
cg01785719	0.22595787612993035	418
cg15108134	0.22595776171993961	418
cg26300028	0.2259575147690067	418
cg20490773	0.22595696152507466	418
cg03856401	0.22595654811330804	418
cg16960573	0.22595649262780848	418
cg20464951	0.2259548216317814	418
cg02880256	0.2259537137105528	418
cg01558195	0.22595370913436966	418
cg08160937	0.2259511364540709	418
cg11464842	0.2259503845446077	418
cg00959308	0.2259497785674917	418
cg05451092	0.22594863100592344	418
cg19004243	0.22594829795411167	418
cg02679208	0.22594774922501093	418
cg05141695	0.22594734473192324	418
cg10664618	0.2259470786208217	418
cg26952362	0.22594607650954893	418
cg14610776	0.22594512295609903	418
cg02059813	0.2259443997905365	418
cg26080331	0.22594418370680652	418
cg04935598	0.2259434267047541	418
cg21580538	0.22594322176196954	418
cg15277535	0.22594321271676504	418
cg14041264	0.2259424288076276	418
cg01228352	0.22594220349741337	418
cg08738124	0.22594140706942947	418
cg02562005	0.22593944401329727	418
cg20283716	0.2259393705744865	418
cg27525155	0.22593908262439288	418
cg01928910	0.22593902015067385	418
cg00630420	0.22593764287622273	418
cg02478369	0.22593748005534955	418
cg19853077	0.22593709075380913	418
cg23291071	0.22593697648114996	418
cg15223713	0.22593686886822315	418
cg11565042	0.22593665645983488	418
cg08162498	0.22593626029207572	418
cg25452299	0.22593571922778827	418
cg14174857	0.2259351743489289	418
cg00097020	0.225935091438434	418
cg25155080	0.22593497329354217	418
cg16961168	0.22593446835023734	418
cg01086369	0.22593409473419868	418
cg02972093	0.2259334449055911	418
cg22923523	0.22593322016159556	418
cg08747416	0.2259322127744315	418
cg08236836	0.22593213375062857	418
cg19369438	0.22593201593391235	418
cg00891429	0.22593197802737167	418
cg02631718	0.22593164437714597	418
cg14311538	0.22593061148240984	418
cg14483381	0.2259305392474686	418
cg15200915	0.22592994350420584	418
cg16791218	0.22592954925435427	418
cg00450252	0.22592934066297993	418
cg00111463	0.22592839854236396	418
cg00951204	0.22592832048100742	418
cg01597117	0.22592720067329006	418
cg15255720	0.2259265473160111	418
cg13377942	0.22592647570889643	418
cg00396981	0.22592598413570675	418
cg07101684	0.22592473820579712	418
cg02178020	0.22592472728775403	418
cg06404238	0.22592222455215563	418
cg10063295	0.22592137656381936	418
cg24317190	0.22592137208961174	418
cg00938859	0.2259209417966355	418
cg09511662	0.2259205970882981	418
cg25885024	0.2259203604254059	418
cg06743410	0.22592035623217455	418
cg01407728	0.22592015208597283	418
cg16412789	0.22591994285599917	418
cg06422525	0.22591972579852854	418
cg14642259	0.22591859208821605	418
cg16774566	0.2259180817965795	418
cg17925329	0.22591766683204606	418
cg07329447	0.2259168823430179	418
cg13937654	0.225916359706433	418
cg00409012	0.2259150831216201	418
cg18486850	0.22591363274204856	418
cg16383187	0.22591297163635127	418
cg23956844	0.22591235333839166	418
cg11647891	0.22591220409064441	418
cg09660548	0.2259119891371367	418
cg24749860	0.22591160486237732	418
cg18960983	0.2259110320238102	418
cg07039975	0.22591083131143228	418
cg19096967	0.22590956587248157	418
cg24842993	0.22590952872042075	418
cg05730769	0.22590908674620283	418
cg18887079	0.22590857503296022	418
cg24793584	0.22590818621074463	418
cg12218774	0.22590803520067912	418
cg26498623	0.22590708132648796	418
cg13868109	0.22590657182959295	418
cg09251600	0.22590647318279924	418
cg13662628	0.2259061928997285	418
cg17921484	0.2259060524746514	418
cg03550864	0.22590525746057477	418
cg05825578	0.22590288060566258	418
cg09184385	0.22590100731073898	418
cg14833439	0.22590082811470696	418
cg10194870	0.2259001833705049	418
cg13904936	0.22589995040444152	418
cg26728043	0.22589952573872776	418
cg23296665	0.22589925812629108	418
cg05667401	0.2258965322825471	418
cg10585263	0.22589633775725912	418
cg16525045	0.22589580339237603	418
cg07931756	0.22589490374154506	418
cg23438064	0.2258945655023932	418
cg02060039	0.22589431189093453	418
cg04657620	0.22589385617149949	418
cg02160374	0.22589185151548288	418
cg24038033	0.22589127487432456	418
cg05104876	0.22589109897013063	418
cg02115397	0.22588971408787306	418
cg18082680	0.2258892972912032	418
cg16654079	0.22588884423998404	418
cg04732858	0.22588866713582173	418
cg23794932	0.22588848234960193	418
cg27588646	0.22588811077039753	418
cg07890827	0.22588805274507884	418
cg11227912	0.22588793175223168	418
cg04157308	0.22588724879659156	418
cg07389500	0.22588665714309725	418
cg22355607	0.22588531056169858	418
cg20271893	0.22588486094484184	418
cg16965769	0.2258840825768365	418
cg22851092	0.22588398268736143	418
cg05229381	0.2258839787506487	418
cg26324017	0.22588335708442758	418
cg18390724	0.22588283061456724	418
cg18112555	0.22588172110768123	418
cg18532267	0.2258816064012704	418
cg23885512	0.22588048540196826	418
cg03956294	0.22588035982245996	418
cg04245568	0.22588021649787793	418
cg00391945	0.22587962791176336	418
cg15361373	0.22587961129718984	418
cg08114091	0.22587952941454936	418
cg17254176	0.22587925637198408	418
cg26970905	0.22587895695517884	418
cg09196456	0.2258788882897195	418
cg18392391	0.22587792424789338	418
cg12564755	0.22587757048567864	418
cg11244640	0.2258763330418978	418
cg11151021	0.2258754787304565	418
cg15345547	0.22587228149039493	418
cg00616650	0.22587217246131436	418
cg09540803	0.22587127875747923	418
cg03859739	0.2258705237526824	418
cg18293546	0.22587052248026687	418
cg21441730	0.22587041723732737	418
cg09447681	0.22586983541094816	418
cg24725185	0.2258689172048795	418
cg20690695	0.2258686993831426	418
cg00402828	0.22586848643402538	418
cg23784160	0.22586839839085485	418
cg07744536	0.22586800947504215	418
cg15992346	0.2258658656467284	418
cg06147156	0.22586554102184256	418
cg10345980	0.22586534954183643	418
cg02194532	0.2258647646631669	418
cg09121934	0.2258644255393451	418
cg07632571	0.2258638665890616	418
cg24306398	0.22586369047274046	418
cg10772923	0.22586360581603446	418
cg13466487	0.22586326797445788	418
cg05791870	0.22586322651485	418
cg03146079	0.22586316913714097	418
cg09441736	0.2258630576655575	418
cg09728627	0.22586295384834604	418
cg19282236	0.225862886621156	418
cg02971779	0.22586235870976953	418
cg12505230	0.2258617779350503	418
cg00982548	0.2258610092860779	418
cg04148884	0.22586088119084471	418
cg25729401	0.2258573918906683	418
cg20162822	0.22585665458230764	418
cg23970824	0.2258559729821108	418
cg19190487	0.22585509514685492	418
cg26058609	0.22585491466875637	418
cg24720636	0.2258548739366691	418
cg18509846	0.2258540612255444	418
cg15955277	0.2258532419171439	418
cg20067831	0.2258523679978343	418
cg14370079	0.22585195435962355	418
cg20278383	0.22585055353900538	418
cg24747835	0.22584975116938083	418
cg02278766	0.22584910519246165	418
cg18812904	0.22584905117901674	418
cg03855388	0.2258479905191038	418
cg20642462	0.2258471405903021	418
cg05277491	0.22584703852835383	418
cg13614822	0.22584672605651954	418
cg03782858	0.2258459690110627	418
cg08967744	0.22584456365059408	418
cg12314682	0.2258432256165487	418
cg09102147	0.22584316236141994	418
cg05743982	0.2258425124142822	418
cg25365214	0.22584241137902156	418
cg17513477	0.22584225889881104	418
cg01430270	0.22584161017463575	418
cg08190828	0.2258411151052129	418
cg24558718	0.22584045027313474	418
cg23801396	0.22584038443138416	418
cg19170036	0.22583850075509426	418
cg02673453	0.22583840201583769	418
cg27559197	0.22583753654226504	418
cg22364200	0.22583696477131324	418
cg14907914	0.2258366075736622	418
cg24001138	0.22583657195213183	418
cg13994049	0.22583575212617724	418
cg08464008	0.22583548189499095	418
cg26237426	0.22583545877242497	418
cg23308950	0.22583470232976696	418
cg25682009	0.22583452208025057	418
cg18828816	0.22583433637215244	418
cg17585089	0.2258337877062198	418
cg10493295	0.22583253572731576	418
cg24780086	0.22583240094851675	418
cg18537930	0.2258315488030047	418
cg12890768	0.22583092083035677	418
cg16549374	0.22583077323857248	418
cg13656518	0.22583049807092398	418
cg09861496	0.22583046154139325	418
cg19344093	0.22583026118683355	418
cg07497190	0.22582961310222263	418
cg23628720	0.22582793701990023	418
cg04127867	0.22582780385744136	418
cg23939932	0.22582769604058217	418
cg14219485	0.22582635090474576	418
cg26328483	0.2258250743092637	418
cg00013993	0.22582465672334115	418
cg11716836	0.2258238045530013	418
cg08894960	0.22582247038811332	418
cg02090137	0.22582180808175648	418
cg02376880	0.22582160095587045	418
cg02030454	0.22582037154853252	418
cg21178840	0.22582030105937034	418
cg22953477	0.22582008719436833	418
cg04934595	0.22581994314464607	418
cg02939598	0.2258183003615489	418
cg09366966	0.2258170293283194	418
cg13199131	0.22581557010023842	418
cg08172037	0.225815451721413	418
cg24031597	0.2258145501551364	418
cg22766120	0.22581365221610028	418
cg04787073	0.22581325608165778	418
cg08301115	0.2258131530314884	418
cg26675523	0.22581230746612266	418
cg08567021	0.2258115546258852	418
cg16292885	0.22581102699706956	418
cg14305701	0.22581102482744772	418
cg14085500	0.2258102654960814	418
cg17803523	0.2258096203564583	418
cg25793333	0.22580955947609066	418
cg16709254	0.22580894860562742	418
cg00532451	0.22580880302102535	418
cg01859528	0.22580875830710456	418
cg21780589	0.22580832771093856	418
cg19811365	0.22580800760485656	418
cg24713676	0.2258074646252372	418
cg10509188	0.225807042489169	418
cg16356655	0.22580594843986238	418
cg04014595	0.2258056823689994	418
cg23785781	0.22580499897627226	418
cg13223858	0.22580444952856546	418
cg21960381	0.22580400486929955	418
cg12580801	0.22580215251309443	418
cg10637643	0.2258019748945171	418
cg03067362	0.22580071538841587	418
cg24865887	0.2257998096434089	418
cg14093391	0.22579967138549759	418
cg06667316	0.22579843167538946	418
cg18715709	0.2257979999935221	418
cg00415119	0.22579682431574052	418
cg14015885	0.2257968013420007	418
cg15093769	0.2257965690326705	418
cg12284235	0.22579601033660404	418
cg17602102	0.22579508153235892	418
cg07313340	0.22579430764812955	418
cg08239933	0.22579410024246	418
cg11031225	0.22579360142672503	418
cg01000642	0.22579346063892955	418
cg02416361	0.2257918666847208	418
cg17715469	0.22579075788352002	418
cg18673825	0.22579039365051318	418
cg18034092	0.22579035098743055	418
cg00521935	0.22579011919919695	418
cg00257103	0.22578963060894608	418
cg07167619	0.22578913879805113	418
cg17557398	0.2257888302520339	418
cg13458812	0.22578630841136033	418
cg00629117	0.2257862413411339	418
cg08336138	0.22578593720719703	418
cg07747994	0.22578447536184884	418
cg00597139	0.22578430405890687	418
cg09198031	0.2257833476393402	418
cg05988219	0.2257821413385533	418
cg09706721	0.22578155777412	418
cg26608235	0.22577893220133136	418
cg04382920	0.22577853734257494	418
cg25058954	0.22577832477776358	418
cg11217367	0.2257765310003108	418
cg13287519	0.22577626588147723	418
cg00645431	0.2257754749730222	418
cg18269546	0.22577353188747892	418
cg01365900	0.22577250007457264	418
cg21313270	0.22577160562649856	418
cg02402630	0.2257713352821279	418
cg07789359	0.22577124954208297	418
cg16856264	0.22577050762924666	418
cg11661215	0.22577029769474577	418
cg07334509	0.225769779849747	418
cg09012402	0.22576877480517368	418
cg01679924	0.22576746780918436	418
cg05085504	0.22576733397481313	418
cg04768745	0.2257670049352707	418
cg05848866	0.2257669730610774	418
cg23877021	0.22576649977259008	418
cg02703850	0.22576540100447515	418
cg02078844	0.22576518892028252	418
cg04204002	0.22576513831408695	418
cg01029934	0.2257633068491699	418
cg05130971	0.2257630824841098	418
cg06869114	0.22576279507548738	418
cg00037314	0.2257626772111664	418
cg25353752	0.22576242257826304	418
cg07815367	0.2257605139026487	418
cg21915360	0.22576031729765128	418
cg20147960	0.22575909110013928	418
cg06954476	0.22575892703246864	418
cg12699722	0.225758324347532	418
cg00071605	0.2257580748408739	418
cg20968070	0.22575756319764545	418
cg02271380	0.2257573485521359	418
cg00680014	0.2257570815697604	418
cg00240378	0.2257570105704355	418
cg24631112	0.22575696044758822	418
cg24245305	0.22575639028007516	418
cg14611247	0.225754640589295	418
cg14615537	0.22575353296406045	418
cg11035933	0.2257527625665925	418
cg23218473	0.2257526302001426	418
cg25595691	0.22575037915942278	418
cg24429923	0.22574953042288587	418
cg06715663	0.22574890998134944	418
cg01849852	0.2257488013872971	418
cg20467217	0.22574794532343212	418
cg16106421	0.22574791507569472	418
cg20740967	0.2257462307842089	418
cg24848920	0.2257437448552717	418
cg15984782	0.22574365710368682	418
cg17556612	0.2257435070501551	418
cg27182321	0.22574345568614324	418
cg14691330	0.2257433736455269	418
cg00661109	0.22574160133697233	418
cg03376062	0.22574064315054368	418
cg12740267	0.2257399640130469	418
cg12817260	0.2257399545788975	418
cg17350435	0.22573917046831402	418
cg15804231	0.2257391506308984	418
cg16756309	0.22573898136792564	418
cg00358451	0.22573862067814424	418
cg27268316	0.2257382898053825	418
cg18792131	0.22573828355290168	418
cg15601195	0.22573743338541793	418
cg25215170	0.22573642326704338	418
cg24698761	0.22573626941503705	418
cg00201978	0.2257356290839619	418
cg07088949	0.22573377922939178	418
cg14258335	0.22573261527471375	418
cg23833352	0.22573238062157464	418
cg06332637	0.22573135111450482	418
cg03171502	0.22572924387697915	418
cg22083335	0.22572848186796238	418
cg25112736	0.22572812330167086	418
cg14917072	0.2257280107590491	418
cg25807671	0.22572755096302435	418
cg06867822	0.2257271483262881	418
cg18605905	0.22572671683457995	418
cg23513095	0.22572652379747257	418
cg03991659	0.22572612066653808	418
cg06976634	0.22572392945980732	418
cg15823423	0.22572391761226165	418
cg21396595	0.2257234945704116	418
cg14419389	0.2257233660423652	418
cg05023214	0.22572330499357796	418
cg19256819	0.22572307615503726	418
cg05319389	0.22572279395552367	418
cg14160194	0.22572245275735642	418
cg07794770	0.22572069185530189	418
cg20343098	0.22572022129592909	418
cg05171227	0.22571965155257318	418
cg23197945	0.22571947571018722	418
cg08062174	0.22571833770971175	418
cg25077328	0.22571794450878344	418
cg06333650	0.22571728471978897	418
cg21978694	0.22571713624359213	418
cg20358061	0.22571711524459293	418
cg01014437	0.22571635690197672	418
cg24822402	0.22571630382349486	418
cg02764006	0.2257156195085868	418
cg23630741	0.22571475269109426	418
cg01206728	0.22571456342195534	418
cg04613165	0.22571426354935903	418
cg21555471	0.22571398588460667	418
cg24302354	0.2257130918632452	418
cg16634971	0.22571239573001012	418
cg07742193	0.2257112359698407	418
cg15488660	0.2257112077545138	418
cg05296099	0.22571087351652097	418
cg05701548	0.22571051190228852	418
cg02578535	0.22571026293626612	418
cg22322867	0.22571004339300285	418
cg10424406	0.22570970304033977	418
cg03025986	0.22570835108833592	418
cg16874389	0.2257079806101576	418
cg19103535	0.22570645986820273	418
cg03573123	0.22570605631155133	418
cg01491004	0.22570490980439756	418
cg18896032	0.22570345497831465	418
cg11179082	0.22570339358816865	418
cg14205362	0.22570312980473092	418
cg11263675	0.22570272417650883	418
cg02827643	0.2257026755625842	418
cg15466530	0.22570190257726455	418
cg23219046	0.2257013410578004	418
cg04724190	0.22570131721449677	418
cg25644252	0.22570084912297583	418
cg05890154	0.22570055300604555	418
cg06963346	0.22570024883385098	418
cg21289555	0.22569888116925718	418
cg08424446	0.2256985938745337	418
cg10385721	0.225698479640269	418
cg18714782	0.22569832217618277	418
cg06904408	0.22569799926929698	418
cg12737854	0.22569719473714323	418
cg02634861	0.22569641594928355	418
cg17652770	0.22569609260682347	418
cg19546700	0.22569484784392208	418
cg00261325	0.2256948382190273	418
cg07720645	0.22569417361962782	418
cg18801197	0.22569338309070683	418
cg18600131	0.22569246069944965	418
cg00115364	0.22569219856211298	418
cg17409673	0.22569215453283867	418
cg05688136	0.2256921106861013	418
cg17603288	0.22569127690898128	418
cg09885756	0.22569123582349343	418
cg01882426	0.22569079711721768	418
cg22544867	0.22569052564105466	418
cg22111818	0.22568961650622707	418
cg22145805	0.22568885117357967	418
cg18599322	0.2256884231507472	418
cg10816323	0.22568836721974814	418
cg19739338	0.22568828720873746	418
cg15648444	0.22568811913294182	418
cg03484267	0.2256880252999377	418
cg07019442	0.2256866601772947	418
cg26907031	0.2256866393860311	418
cg11601519	0.22568635133556642	418
cg23496687	0.2256863270008721	418
cg15129163	0.22568568757479926	418
cg14608758	0.2256856460006182	418
cg12220491	0.22568509325732675	418
cg03374557	0.22568459760942253	418
cg10805509	0.22568452447695284	418
cg12513847	0.22568428347569058	418
cg24873310	0.22568414154237415	418
cg18868372	0.2256840235816073	418
cg05824333	0.225683512253784	418
cg07273224	0.22568351077038912	418
cg06879508	0.2256828711821133	418
cg08066645	0.22568244841396237	418
cg16651606	0.22568134034323206	418
cg13053914	0.2256812771008076	418
cg03316628	0.22568124897555436	418
cg20781238	0.2256806286484326	418
cg05059868	0.2256800920253347	418
cg25344330	0.22567921716641592	418
cg13704483	0.22567908721258043	418
cg24859375	0.22567884383927148	418
cg17975314	0.22567839527857114	418
cg01315092	0.22567828850788127	418
cg10788107	0.2256779844482327	418
cg20843598	0.2256775694152966	418
cg02961326	0.2256771210567838	418
cg17091399	0.22567498125936225	418
cg11691038	0.22567437096959028	418
cg09098904	0.22567273383969724	418
cg24052284	0.2256725151598635	418
cg21178851	0.22567246009105754	418
cg08673584	0.22567148844568882	418
cg06180896	0.22567068488334366	418
cg01305537	0.22567057042672503	418
cg15612085	0.2256705573157883	418
cg07353895	0.2256705343191016	418
cg15771128	0.22566991230825142	418
cg06233301	0.22566886017809198	418
cg13934553	0.22566883619291306	418
cg05186704	0.22566845985966513	418
cg07768372	0.22566840911227523	418
cg20147389	0.22566784871414639	418
cg20333904	0.22566663463244585	418
cg07580128	0.2256660820506831	418
cg24551396	0.22566457954494867	418
cg06922161	0.22566246260303646	418
cg20569482	0.2256623706168065	418
cg23632389	0.22566200667553432	418
cg12806067	0.22566160382037528	418
cg00703453	0.22566146396979622	418
cg07269819	0.2256590697799273	418
cg27394987	0.2256586940964926	418
cg26074539	0.2256584382238765	418
cg20632978	0.2256574929024053	418
cg05638059	0.22565746093119507	418
cg14130908	0.22565675240116082	418
cg01328158	0.22565580120840564	418
cg10293297	0.22565482001838758	418
cg07694386	0.22565476699193043	418
cg02310424	0.2256546440027841	418
cg27548644	0.22565437041870964	418
cg27436190	0.22565329428159922	418
cg22535628	0.22565304512524473	418
cg03484218	0.225652815372603	418
cg08036471	0.22565193489816737	418
cg09143319	0.22565186571603416	418
cg27112062	0.2256510213951345	418
cg05616434	0.22565092881246485	418
cg21065876	0.22565074567017723	418
cg05884115	0.22565072042233583	418
cg13636890	0.2256504521722289	418
cg13437341	0.22564970395353792	418
cg03877418	0.22564881627732633	418
cg09062638	0.22564861453993315	418
cg21820609	0.22564841532536353	418
cg09372386	0.22564764447428387	418
cg10730399	0.22564736541772623	418
cg04836151	0.22564635795150995	418
cg20950033	0.22564602275483966	418
cg16126877	0.2256457190078756	418
cg20006553	0.22564507228150354	418
cg15294013	0.22564506870352408	418
cg01786109	0.22564411839551696	418
cg11241133	0.22564354855313548	418
cg09742952	0.22564216037887813	418
cg16612690	0.22564197538269318	418
cg25655324	0.22564083718956138	418
cg02863087	0.2256402902738757	418
cg11627806	0.2256398978231378	418
cg04946721	0.22563966972398475	418
cg24015037	0.22563961719865072	418
cg17520979	0.22563955966860666	418
cg01232947	0.22563903449257844	418
cg08054217	0.22563872638856755	418
cg10815129	0.22563821260462172	418
cg01927550	0.22563799205817575	418
cg09962925	0.22563745328029977	418
cg07449730	0.22563632388448	418
cg21285062	0.22563533660189727	418
cg23260502	0.225634927509364	418
cg27047459	0.22563467314391522	418
cg01911440	0.22563437691119934	418
cg04016621	0.2256341859322137	418
cg12819747	0.22563399040992999	418
cg10294190	0.22563363722248536	418
cg07938030	0.2256331403531437	418
cg27394656	0.22563289709936968	418
cg09594770	0.22563187481527866	418
cg02447733	0.22563160326722148	418
cg08355109	0.22563137388899893	418
cg19221532	0.22563099238416323	418
cg17311649	0.22563024844350724	418
cg05816298	0.2256301807005809	418
cg14141451	0.2256298467603262	418
cg22085380	0.2256286535415407	418
cg13305027	0.2256286343824916	418
cg15194902	0.22562830236251127	418
cg18615402	0.22562798400226416	418
cg23376390	0.22562771446556615	418
cg15701404	0.22562627021294984	418
cg18794122	0.2256259303059542	418
cg16536399	0.22562533731922985	418
cg13489197	0.225624748655623	418
cg09230661	0.2256246047727848	418
cg03255246	0.22562324575203094	418
cg21905026	0.22562244988614633	418
cg24793173	0.22562241420392767	418
cg04836794	0.22562232562393553	418
cg03005781	0.22562199270335379	418
cg17128320	0.2256212932668583	418
cg02902489	0.2256210857674133	418
cg00912247	0.2256198472072047	418
cg11043760	0.2256195309121147	418
cg26916609	0.22561830321056653	418
cg07306685	0.22561818850825238	418
cg15578804	0.2256179098059121	418
cg03288429	0.22561758495944764	418
cg12924936	0.22561716235502202	418
cg07987705	0.22561706881585203	418
cg01977756	0.2256160056208276	418
cg24432120	0.2256155732041109	418
cg07393508	0.22561469075481771	418
cg25028189	0.2256146862909604	418
cg12944146	0.22561434158187188	418
cg16217343	0.22561248998412511	418
cg19509327	0.22561234006413033	418
cg02897008	0.22561086419682858	418
cg14296480	0.225610693339592	418
cg19120695	0.2256097087189936	418
cg09326529	0.2256091299589417	418
cg00590639	0.22560893281667882	418
cg22673901	0.22560668403857756	418
cg22896075	0.2256061442792501	418
cg13978599	0.2256048587158942	418
cg12223283	0.22560447326660119	418
cg10985281	0.2256030406822454	418
cg01929367	0.22559980345061265	418
cg26241650	0.22559931496249044	418
cg10655492	0.22559912632255064	418
cg07428430	0.22559785579368224	418
cg18671057	0.22559744580924104	418
cg27133532	0.2255968086095488	418
cg24202640	0.22559576070894688	418
cg01783406	0.22559570438898327	418
cg09715958	0.22559526695428125	418
cg14463114	0.2255950402025358	418
cg02130354	0.2255909726065255	418
cg04833876	0.22559005471691146	418
cg18124009	0.22558978528899934	418
cg02642178	0.2255895663786221	418
cg00206853	0.22558902048168522	418
cg00634136	0.22558862279083933	418
cg06535551	0.22558800616142038	418
cg14083403	0.2255879761821008	418
cg18202014	0.22558693008517336	418
cg20030817	0.22558668670190044	418
cg16992641	0.22558655070948505	418
cg14461974	0.22558625894935389	418
cg14540528	0.2255861705458504	418
cg10891939	0.2255856991908446	418
cg06830268	0.22558512269569267	418
cg03111576	0.22558366215147002	418
cg23836931	0.22558295942817055	418
cg25090152	0.22558209649026875	418
cg22957142	0.22558158369284106	418
cg15951953	0.22558129366813218	418
cg04136781	0.22558083150351044	418
cg16935060	0.2255805328998724	418
cg06757180	0.22558020808936033	418
cg05125875	0.22557915356543043	418
cg24552067	0.22557911797701044	418
cg20413993	0.22557896909993602	418
cg18655583	0.225578739666165	418
cg21298743	0.22557731802387426	418
cg08115957	0.22557683955727137	418
cg00614242	0.2255760167551129	418
cg00691273	0.22557539447634167	418
cg20081151	0.22557534727105877	418
cg24530527	0.22557411401601835	418
cg02423659	0.22557393625607855	418
cg18557261	0.22557360226527176	418
cg04314609	0.2255722856729246	418
cg08419479	0.22557159031899002	418
cg06288911	0.22557144991678899	418
cg21726593	0.22557101375413455	418
cg23262827	0.22557031271725936	418
cg23423738	0.22556927718124034	418
cg13881452	0.2255688329726678	418
cg22054102	0.22556801606747387	418
cg15405429	0.22556686431627976	418
cg00313865	0.22556670806770499	418
cg12015279	0.2255666122796083	418
cg10118998	0.22556659439691337	418
cg00232044	0.22556597433743644	418
cg01259104	0.22556434037161696	418
cg07960162	0.2255640344135773	418
cg14752451	0.22556354384462565	418
cg12209313	0.22556349373375825	418
cg03359102	0.22556345755732127	418
cg07797033	0.22556325798518012	418
cg14758012	0.22556256351488693	418
cg11496226	0.2255615762864102	418
cg20977198	0.22556141343802444	418
cg08868202	0.22556101041587723	418
cg03131177	0.22556051582674458	418
cg11825756	0.2255604462971263	418
cg26267700	0.2255602784106611	418
cg16391866	0.22556006130654677	418
cg01536615	0.22555998572119398	418
cg20828292	0.2255599181556032	418
cg03769788	0.22555851345838604	418
cg18196829	0.22555829392167398	418
cg25394452	0.22555794265535908	418
cg07563765	0.2255577638318085	418
cg13728376	0.2255572863516213	418
cg18124252	0.22555583531468443	418
cg00083084	0.22555504060087037	418
cg24309213	0.22555502017426093	418
cg26869506	0.22555440478677327	418
cg03220670	0.2255529942630429	418
cg26619384	0.22555272835012577	418
cg21162192	0.22554855252191994	418
cg11369686	0.22554826049005	418
cg16594878	0.22554814335320136	418
cg12541575	0.22554803691617958	418
cg03903268	0.2255479502067145	418
cg07124045	0.2255472531470667	418
cg12891689	0.22554687250738525	418
cg26821848	0.22554660739453242	418
cg13768347	0.22554651995539668	418
cg11258489	0.22554582701594136	418
cg13821602	0.22554540426638198	418
cg07197585	0.2255434034779532	418
cg20794512	0.22554315562028684	418
cg19790493	0.22554106793946765	418
cg17857080	0.225540024491311	418
cg13763287	0.22553828767538053	418
cg13795336	0.22553788987948922	418
cg26504188	0.22553649030408468	418
cg04635277	0.2255362751416861	418
cg06730678	0.22553527227816117	418
cg23774717	0.22553519327730429	418
cg22057816	0.22553416527005044	418
cg01591573	0.22553356847393227	418
cg19603885	0.22553307123084332	418
cg08294038	0.22553293763267154	418
cg08703375	0.22553250041188835	418
cg13502382	0.22553240850624703	418
cg27224037	0.22553230696183013	418
cg23475109	0.22553074996496392	418
cg13439505	0.22553065191443075	418
cg00518998	0.22553028158961075	418
cg10506057	0.22553019729908	418
cg18818288	0.22553011017453162	418
cg05048108	0.22552972399810106	418
cg24544309	0.22552959565046493	418
cg04162034	0.22552949270282338	418
cg16635392	0.22552942795790765	418
cg23844154	0.22552919669478108	418
cg24974704	0.22552892063329932	418
cg14092014	0.22552809635288704	418
cg08781934	0.22552800537965237	418
cg01669517	0.22552734757055165	418
cg25719199	0.22552603530422596	418
cg12637786	0.22552330183591476	418
cg25998813	0.2255229677732177	418
cg19225438	0.22552259915888914	418
cg01115568	0.2255224084915328	418
cg21950459	0.22552098177751104	418
cg19093376	0.22552094991482707	418
cg15349620	0.22551974365423202	418
cg07442905	0.22551849841271174	418
cg01732472	0.22551822800511592	418
cg21089065	0.22551792295007392	418
cg08253104	0.22551703306065385	418
cg18650626	0.22551588211319654	418
cg02973823	0.22551585216931147	418
cg00048066	0.22551566434864684	418
cg06236737	0.2255155274043901	418
cg03419232	0.22551503945930293	418
cg10011015	0.2255147605423103	418
cg23681687	0.22551469837507718	418
cg04636406	0.22551453143776573	418
cg18528621	0.2255144245972701	418
cg08605906	0.22551358720392078	418
cg19239692	0.22550905597181267	418
cg05242533	0.22550869586070918	418
cg17880604	0.2255085789420894	418
cg14695947	0.22550829626624203	418
cg14400246	0.22550717222954095	418
cg14879397	0.22550659347959406	418
cg13939462	0.22550652336948743	418
cg17806989	0.22550644874911138	418
cg06692211	0.22550559677701135	418
cg06782344	0.22550393597993396	418
cg17549398	0.22550363940521154	418
cg21703813	0.22550273001719606	418
cg17644488	0.22550227929002517	418
cg24743149	0.22550200678822044	418
cg08602214	0.22550160555127421	418
cg13799005	0.22550139053358048	418
cg14088090	0.2255002067205155	418
cg27321533	0.22550017821751653	418
cg19225031	0.22549998561925813	418
cg05293206	0.22549944608969844	418
cg04661591	0.22549939039141859	418
cg24580056	0.22549863850594465	418
cg21163392	0.22549772479659994	418
cg04573767	0.22549770430662658	418
cg03859929	0.22549666532574084	418
cg24366191	0.22549610487519442	418
cg16138453	0.22549560991568443	418
cg19573208	0.22549535598615741	418
cg14949630	0.22549491367753244	418
cg24958064	0.22549478707702428	418
cg01363869	0.22549400861836255	418
cg23487149	0.22549279469159744	418
cg17309297	0.22549247125157604	418
cg13764850	0.22549229594011563	418
cg26501777	0.22549173792390348	418
cg10789535	0.22549158242539422	418
cg07902662	0.22549101901011462	418
cg02513202	0.2254907402472409	418
cg19668990	0.22549072285805186	418
cg26948064	0.2254904390960007	418
cg12603441	0.22549023396679266	418
cg23591125	0.22549014960718167	418
cg16797514	0.22548709027189298	418
cg20977192	0.22548682465201803	418
cg22491459	0.22548573683481551	418
cg11905824	0.22548499963445676	418
cg22935551	0.2254847188029166	418
cg27176938	0.22548338026153422	418
cg25689129	0.22548326911819644	418
cg01946824	0.2254826397857118	418
cg14196395	0.22548222199531426	418
cg14578247	0.22548191847257482	418
cg09526129	0.22548111103383867	418
cg08805863	0.2254793701635471	418
cg12397768	0.2254778361646529	418
cg03722357	0.22547749689763374	418
cg16692211	0.22547661187481607	418
cg18934713	0.2254762543563566	418
cg00205665	0.22547580250733226	418
cg27394817	0.22547471872912667	418
cg20521165	0.2254745327735829	418
cg26862836	0.22547367997175005	418
cg13672348	0.22547333350095503	418
cg23615262	0.22547266452505926	418
cg10279254	0.2254724786054614	418
cg16759096	0.22547091041652062	418
cg06967455	0.22547076213562633	418
cg24724561	0.22547017572939052	418
cg22908574	0.22546926227630806	418
cg20983954	0.22546898744732072	418
cg01136606	0.22546770419239687	418
cg13371407	0.22546741546463067	418
cg03967229	0.22546701865867377	418
cg25755450	0.22546617242153752	418
cg27147762	0.2254642256067651	418
cg01861647	0.2254640780808245	418
cg03889617	0.22546362730250824	418
cg15619820	0.22546337322686344	418
cg19008692	0.22546320955123267	418
cg05031236	0.22546285935958368	418
cg01824933	0.22546279293496996	418
cg09732283	0.22546222160581764	418
cg16717740	0.2254615081157724	418
cg21103250	0.22546101619807676	418
cg18481587	0.22546083957350888	418
cg08465526	0.22546013120292369	418
cg02825610	0.22545993317282306	418
cg23230910	0.22545822351052403	418
cg23419897	0.22545607163435802	418
cg25821878	0.22545603102561046	418
cg16195430	0.22545583033266597	418
cg14981610	0.22545579184069373	418
cg14560496	0.2254554867676627	418
cg03689181	0.2254548090684144	418
cg08891367	0.22545459813109764	418
cg23481995	0.22545435841988185	418
cg23327734	0.22545371131853628	418
cg17140361	0.22545357778211486	418
cg21388325	0.2254528132075254	418
cg13573245	0.2254519224067781	418
cg00205058	0.22544997838841835	418
cg12258471	0.22544945385708798	418
cg08698523	0.22544937470883933	418
cg23215896	0.22544929780592687	418
cg19754560	0.22544884422866798	418
cg22039839	0.22544777073331934	418
cg17485016	0.22544734289720528	418
cg07981355	0.22544733881312792	418
cg10703338	0.22544729580910045	418
cg08512806	0.2254465603304954	418
cg26525457	0.22544627152018196	418
cg09649135	0.22544573230662374	418
cg01783462	0.2254446687740625	418
cg04766529	0.22544447633788461	418
cg18722618	0.22544433133997233	418
cg02254581	0.22544358162582792	418
cg15247839	0.2254425255373195	418
cg27551618	0.2254421601302279	418
cg24872425	0.22544175396055513	418
cg15382051	0.22544131824862848	418
cg05112987	0.2254410192298786	418
cg02020072	0.22543971396792484	418
cg13661059	0.22543951802594658	418
cg15691822	0.22543946420196478	418
cg14010305	0.22543913420990203	418
cg13778564	0.2254389363928191	418
cg10752575	0.22543811227579943	418
cg12595697	0.2254379418201029	418
cg15360662	0.2254373447419859	418
cg25003674	0.22543721165752992	418
cg23303311	0.22543463799513885	418
cg19420102	0.22543352511252168	418
cg15079404	0.22543337204505007	418
cg17822282	0.2254333227953756	418
cg04023651	0.22543328182709685	418
cg17814479	0.22543313197498455	418
cg19376223	0.22543020939496136	418
cg26463500	0.22542941436855993	418
cg13888639	0.22542804608221417	418
cg14414203	0.22542802881417245	418
cg19629899	0.22542799370436933	418
cg14533609	0.2254276886542695	418
cg07265976	0.22542689615801767	418
cg14710449	0.2254262545618811	418
cg08235947	0.2254258636840454	418
cg16053005	0.22542517411222004	418
cg13918314	0.22542478351876438	418
cg06505319	0.22542446363547328	418
cg19210140	0.22542393504879282	418
cg07480448	0.2254236588792158	418
cg01800538	0.22542350141050763	418
cg06426689	0.22542347940660612	418
cg17469359	0.22542265061954786	418
cg20980303	0.22542257508818533	418
cg16606005	0.22542052128763634	418
cg24451257	0.2254201829532222	418
cg19126169	0.22541997278839546	418
cg25623774	0.22541962993205555	418
cg07748913	0.2254191628471795	418
cg17902007	0.2254188667747043	418
cg04803424	0.2254184963440201	418
cg03481620	0.22541638488329588	418
cg26311420	0.22541623413933268	418
cg19636550	0.2254157354046359	418
cg21462970	0.22541563314275206	418
cg18359985	0.22541551998187123	418
cg22033732	0.22541538916618392	418
cg00775906	0.22541464361682803	418
cg21865501	0.2254143379469309	418
cg20569070	0.22541428728454221	418
cg03114711	0.2254132816041842	418
cg20975287	0.2254130433670262	418
cg05881436	0.22541232220692878	418
cg07224531	0.2254120503191239	418
cg27205159	0.22541172625686068	418
cg21660452	0.22541153084130075	418
cg05622550	0.22541096293445906	418
cg05379891	0.2254108731119776	418
cg17467067	0.22541050431159543	418
cg24290948	0.22541024969311932	418
cg23758478	0.22541006789958934	418
cg27125505	0.22540717328203586	418
cg08796240	0.22540541026706962	418
cg22864250	0.22540536151735754	418
cg25839853	0.22540488692732155	418
cg27373220	0.225404671190914	418
cg17917518	0.2254043206346013	418
cg21288259	0.22540406916780703	418
cg03358468	0.22540397381451624	418
cg00449997	0.22540352704604893	418
cg14285937	0.2254034460099834	418
cg06338552	0.2254020032751559	418
cg03776857	0.22540150235234857	418
cg17299156	0.22540090047744604	418
cg18755950	0.2254007139004784	418
cg05563462	0.22539903047194768	418
cg09911010	0.22539895179755945	418
cg16664589	0.2253981459893318	418
cg24663215	0.2253977973022231	418
cg03308076	0.22539690494200654	418
cg04665696	0.22539388857993994	418
cg17861150	0.22539325307489366	418
cg05022030	0.22539321002298512	418
cg00926267	0.2253922755299621	418
cg03863756	0.225391868603143	418
cg21437732	0.22539164268823098	418
cg05730992	0.22539139577574754	418
