cpg_id	beta_variance	n_observed
cg04915566	0.19174537229432048	628
cg03278514	0.17222085029732087	628
cg14216068	0.17095096179253982	628
cg09966895	0.17027275420504367	628
cg18670236	0.16984621116904414	628
cg08944961	0.1690035610791621	628
cg05687083	0.1679233557573589	628
cg03003434	0.16741610346526026	628
cg16663891	0.16687348452858647	628
cg08101036	0.1666889849754319	628
cg04206484	0.1649375465868282	628
cg09450197	0.16482234910009208	628
cg26256263	0.16443175920066877	628
cg16440978	0.16424370889672693	628
cg27641239	0.16309163329663162	628
cg00921266	0.16226591727674483	628
cg06225923	0.16199283806291287	628
cg01288184	0.16186286934929944	628
cg26579713	0.1616741368433	628
cg15319576	0.16118505420285922	628
cg24463471	0.1611264659692644	628
cg13030790	0.16100705869019877	628
cg14398860	0.16092933852196845	628
cg08779777	0.16047589320596634	628
cg16017089	0.16030548180512183	628
cg21410293	0.16025781316796395	628
cg09344348	0.16011313154570828	628
cg11838152	0.15979167431029284	628
cg16973527	0.15913098058459335	628
cg19735250	0.15833966947270373	628
cg00011616	0.1581105003780383	628
cg04892182	0.15791995001948717	628
cg11804789	0.15786983572543106	628
cg14461974	0.15781663521158246	628
cg16087093	0.15740902539110263	628
cg06888746	0.15720522160030126	628
cg17127769	0.15715939743864293	628
cg20408776	0.1570879298060049	628
cg27436995	0.15692997004826004	628
cg02803819	0.156812135931394	628
cg25574765	0.15650817900668146	628
cg15320905	0.15634204624428688	628
cg02026204	0.15602543438643884	628
cg05350360	0.1557110046546062	628
cg06607764	0.15564647083293223	628
cg08075204	0.15560786380408775	628
cg15014975	0.1555449039862059	628
cg10511890	0.1555266606571234	628
cg01733904	0.1553785610185207	628
cg16492341	0.1549217835208702	628
cg03188064	0.15489010402430387	628
cg03636930	0.15476298914223857	628
cg03315407	0.15460436774474184	628
cg11223933	0.1536922545264213	628
cg13408086	0.15347982873867222	628
cg22164298	0.1534680598674802	628
cg02983911	0.15329663116057157	628
cg19653345	0.15326626488809558	628
cg16236270	0.15314474715064097	628
cg20820767	0.1531277447419343	628
cg19486070	0.1530982516016673	628
cg04822621	0.15294539231213194	628
cg14556909	0.15286745763340126	628
cg02597698	0.15286557182485966	628
cg26671477	0.15285018592731275	628
cg08052292	0.15282418276370552	628
cg10673833	0.1527347041326586	628
cg01519261	0.15270599046035044	628
cg14418802	0.15265523958858718	628
cg07917150	0.15259824298634683	628
cg11599864	0.15252081576894477	628
cg11055493	0.15245789406309698	628
cg25666403	0.1524281594865855	628
cg06615719	0.15242542221850536	628
cg17469359	0.15239661839791507	628
cg18049182	0.1522850517390194	628
cg12480053	0.15224455434149647	628
cg18555277	0.15222256773842158	628
cg25373595	0.1520605014196756	628
cg15818715	0.15180402505081703	628
cg26769700	0.15179688916866413	628
cg15129183	0.15170227171907952	628
cg01407254	0.15162961904944544	628
cg12050271	0.15155316298372387	628
cg24859722	0.15144128471587498	628
cg20693607	0.15141730760231048	628
cg09638208	0.15137763956888056	628
cg17036418	0.15132419500017175	628
cg18982286	0.1513237667283623	628
cg09804503	0.1509864011932338	628
cg21465176	0.1509814854544017	628
cg14716990	0.15093740255547433	628
cg10505610	0.15092386681329775	628
cg21617353	0.15083296886785977	628
cg08219218	0.15042087656934466	628
cg24973993	0.15041332719645023	628
cg13507084	0.15039543568270727	628
cg21879102	0.15005984742560702	628
cg24006721	0.14998538329526942	628
cg15380291	0.14993606687024807	628
cg27317046	0.14991203652095952	628
cg04778178	0.14982766890821866	628
cg07078958	0.14982010970247495	628
cg12305431	0.1496408172107307	628
cg02947862	0.14961204984300547	628
cg15760474	0.14950891109793318	628
cg27656658	0.14947894252462496	628
cg00039801	0.14918290376831234	628
cg15550100	0.14917100769035063	628
cg11528914	0.1491395710526015	628
cg08879470	0.14910233348043428	628
cg17472800	0.1489745667377062	628
cg12661316	0.1489288945465559	628
cg18881778	0.14891767690674382	628
cg06879394	0.14882935300360697	628
cg25428929	0.14880956983605087	628
cg02627455	0.1487564242117538	628
cg18103859	0.14872956465569326	628
cg25913612	0.14870827127466635	628
cg01916088	0.14866858995101614	628
cg23004031	0.14866284073837632	628
cg05797854	0.1486332623579354	628
cg02933362	0.14861800687444973	628
cg23612220	0.14856339780721178	628
cg23401796	0.14854941282685657	628
cg27132471	0.14853028828514378	628
cg20267580	0.14847356612855733	628
cg26097051	0.1483875794996503	628
cg02522196	0.1483068629784039	628
cg07380416	0.14828383211815338	628
cg10331073	0.14825106191840953	628
cg09625259	0.1482432104694364	628
cg09231843	0.1482002439543189	628
cg10536349	0.14818045270527191	628
cg26953293	0.14816512629650425	628
cg23497683	0.14814242714072923	628
cg19256813	0.14809143601461489	628
cg19811337	0.14780101611764837	628
cg16509569	0.14752161301735384	628
cg01712428	0.1474548813494872	628
cg07593977	0.14742277138394017	628
cg00916635	0.14735841977993305	628
cg05864326	0.14734713513304307	628
cg01552275	0.147187912469537	628
cg07946977	0.14718647961597414	628
cg24749672	0.14717733393679944	628
cg12192582	0.14703363780803524	628
cg12589143	0.14698768076927995	628
cg26401673	0.14698344403867047	628
cg06183267	0.1469775099861214	628
cg11465213	0.14697510230089794	628
cg07996594	0.1469591094875606	628
cg14083015	0.14672252667454355	628
cg03844372	0.14669414199268585	628
cg19669385	0.14662177321996034	628
cg26232412	0.1464517840643027	628
cg25490145	0.14643106818101603	628
cg12609829	0.1463796128414394	628
cg21270847	0.14630699585721926	628
cg14516100	0.14620931709500462	628
cg22962123	0.14608283549673476	628
cg07532353	0.1460425538472315	628
cg01903374	0.14593908678680778	628
cg27596297	0.145813880270305	628
cg26842802	0.14577219683710707	628
cg18117039	0.14563464533944936	628
cg12534147	0.14561775732987672	628
cg18473137	0.14557065033961403	628
cg23352695	0.14547524450022659	628
cg23130731	0.14543595997280717	628
cg21376733	0.14536751708285756	628
cg14251009	0.14529093142339888	628
cg14424070	0.14504862486882036	628
cg15775406	0.14491561154010502	628
cg18717967	0.1448803449902825	628
cg16406967	0.14476496875246447	628
cg15391590	0.1447340593278978	628
cg24301930	0.14469623125204967	628
cg26598899	0.14465171213083167	628
cg25095032	0.1446465383682296	628
cg20744163	0.14463393646315326	628
cg21455600	0.1446002133691895	628
cg04540383	0.14459847611992127	628
cg26484108	0.14448911797551972	628
cg18052713	0.1444784217358625	628
cg20202112	0.14441406215234093	628
cg20840795	0.14437915533817952	628
cg18620571	0.14435958831008408	628
cg16445596	0.14435490136984647	628
cg23774717	0.14434845006182725	628
cg24591770	0.1443482588627834	628
cg23158189	0.14429476066466734	628
cg04786142	0.1442926832459972	628
cg13488556	0.14425270474324559	628
cg07388969	0.1441989604417176	628
cg23235142	0.14418210951253863	628
cg16748008	0.1440974109002988	628
cg10565187	0.14401098209809474	628
cg12944530	0.1439620037192598	628
cg15443535	0.14384414808650484	628
cg11948766	0.14381944712637643	628
cg25620901	0.14381053152842155	628
cg03252313	0.14379528773399625	628
cg24452821	0.14377088099089164	628
cg13480549	0.1437624030968387	628
cg07357279	0.143669155343467	628
cg06172942	0.14364727460265247	628
cg06436185	0.14355004837001373	628
cg03548062	0.14347487062766734	628
cg11257728	0.1434500669901566	628
cg10501093	0.143374756920319	628
cg01666796	0.14336901837589328	628
cg08070327	0.14335114490031847	628
cg15517113	0.14327530016900614	628
cg24896021	0.14324924697314995	628
cg07355507	0.143224074761569	628
cg21556281	0.14315967349019681	628
cg01688536	0.14308745494950348	628
cg05404698	0.14306172680506457	628
cg10590292	0.14300652156893906	628
cg16823466	0.14290229180659614	628
cg13840520	0.14287295608370604	628
cg01514538	0.1428680698546684	628
cg11423130	0.14281923149820858	628
cg20806180	0.14281117536957133	628
cg08251901	0.1427230864285149	628
cg14013695	0.142706490715262	628
cg23314972	0.1426932258737642	628
cg06633978	0.14269001919410262	628
cg26297005	0.14267480611882927	628
cg09684846	0.14267032317834744	628
cg04224025	0.1426514210042183	628
cg02792168	0.1426345019736146	628
cg11721464	0.14258259709421872	628
cg18680977	0.1425649069516966	628
cg01044293	0.14252856583396856	628
cg25747192	0.14251306898741564	628
cg16783349	0.14250089510218505	628
cg23586595	0.1424945621856849	628
cg22897615	0.14248809410198318	628
cg02914427	0.1424559637225396	628
cg03013917	0.14239175207851362	628
cg14462124	0.14238569591322525	628
cg25451702	0.14236537393798754	628
cg17504394	0.14231072845147189	628
cg15982700	0.1423003517585489	628
cg15822765	0.14227665509356807	628
cg16997642	0.14226048064984045	628
cg13702536	0.1422499855495618	628
cg08808042	0.14221935030995975	628
cg12526923	0.1422091422556903	628
cg14845962	0.14215458858605518	628
cg10134833	0.14215288051233765	628
cg03447908	0.14210116727429073	628
cg04671971	0.14201850104961095	628
cg12015737	0.1419753480464358	628
cg14531663	0.14194294966843463	628
cg10907866	0.14190096346870823	628
cg13574390	0.14189388200400624	628
cg25581330	0.14181390185559017	628
cg08621624	0.14179701233780423	628
cg03650119	0.14177956477944398	628
cg03494648	0.14176273891042615	628
cg05968369	0.14175273775378186	628
cg05649108	0.14174774918240693	628
cg18126802	0.14174393047973988	628
cg19589060	0.1417114576032284	628
cg16034168	0.1417053777862523	628
cg25999637	0.14170386429343518	628
cg02044895	0.14163810160486956	628
cg03306486	0.1416325215781665	628
cg14574910	0.14153109514515105	628
cg20476019	0.14151995316790839	628
cg15077193	0.14148371814861932	628
cg03772020	0.14147583157020688	628
cg04597393	0.1414320864282867	628
cg21299491	0.14141033929897284	628
cg07860918	0.14140889444652655	628
cg05890550	0.14138274530706732	628
cg19758173	0.14137524322647438	628
cg13493526	0.1413609485975006	628
cg27196131	0.14135657129986645	628
cg12856760	0.1413556100772987	628
cg26518861	0.14131278612690903	628
cg04477010	0.14131267687310822	628
cg18700133	0.14130644925351793	628
cg24660635	0.1411873188401228	628
cg15613420	0.14112574462283245	628
cg00944421	0.1411164333098548	628
cg24504194	0.1410926046545462	628
cg01122302	0.1410733156898389	628
cg06215107	0.14106053853039818	628
cg22900057	0.14099298564235893	628
cg04011338	0.14095216894695117	628
cg01412419	0.1409388354000755	628
cg01952913	0.14091956651479892	628
cg06776201	0.14091410815360275	628
cg20293650	0.1408881344757581	628
cg19797516	0.1408868621847613	628
cg26668129	0.1408713538886442	628
cg05109569	0.14084274108117356	628
cg07942135	0.1408162784345163	628
cg13502125	0.14078536335159814	628
cg03373714	0.1407712693278943	628
cg10689175	0.1407348596771176	628
cg19999161	0.1407319675433121	628
cg02523640	0.14071951387499826	628
cg03758011	0.1406515629607209	628
cg16026813	0.14059157301184677	628
cg25588389	0.1405825521376346	628
cg26427109	0.14058163572046362	628
cg01323381	0.1405443550202078	628
cg22727783	0.1404886900563124	628
cg18356785	0.14047449073705742	628
cg01089914	0.1404396620160013	628
cg06064964	0.1404294766826455	628
cg02035605	0.14041818670609885	628
cg01940181	0.14041800144098765	628
cg18972013	0.14041439321475024	628
cg03467405	0.14041213812162667	628
cg25017223	0.140408660390875	628
cg25416067	0.14038864493587364	628
cg26127662	0.14035633912316176	628
cg05867499	0.14034257851998577	628
cg08006672	0.14029039134515203	628
cg24637044	0.14027939028874675	628
cg09292244	0.1402637937046175	628
cg03653399	0.14025075444038304	628
cg00681462	0.1402499714611134	628
cg26986871	0.14024983811920694	628
cg08436089	0.14019631939540975	628
cg03322979	0.1401625563328925	628
cg04212021	0.14008553684613362	628
cg20373544	0.1400638048591317	628
cg16329658	0.14006130666032934	628
cg18952026	0.14004409542515683	628
cg03649649	0.14001457373503073	628
cg12538674	0.14000939523441494	628
cg18530568	0.13999988330654928	628
cg27377213	0.13996168855334057	628
cg13737221	0.13994921098939225	628
cg23614811	0.13993281005754174	628
cg12313892	0.1399224795033604	628
cg26863534	0.13990853113374294	628
cg00767000	0.13987625917136054	628
cg23507945	0.13985405769336712	628
cg06380123	0.1398391693156637	628
cg03308399	0.13983633659998645	628
cg19200589	0.1398291108656879	628
cg01987702	0.13982152913275475	628
cg08075452	0.13978097967813236	628
cg22136363	0.13960790994659428	628
cg24895142	0.1395464446468014	628
cg17892259	0.13953939670324012	628
cg18384097	0.1395173846183579	628
cg04951371	0.13948920763028347	628
cg27202779	0.13945982136442908	628
cg24360871	0.13945892973552287	628
cg07028929	0.1394588060702417	628
cg07420137	0.13939575072817184	628
cg14651518	0.13933719593068644	628
cg15731035	0.13931083375134412	628
cg01681367	0.139288534748152	628
cg03840259	0.13928741687920784	628
cg05906024	0.13927664942224294	628
cg26457248	0.1392749820395749	628
cg09257635	0.13926254089997442	628
cg24879782	0.13924796265952338	628
cg07450210	0.1392339162160398	628
cg03729251	0.13919256661575943	628
cg20852226	0.13917166224930208	628
cg19643053	0.13914302937330741	628
cg19725343	0.13913826912366206	628
cg18243760	0.13913758640876805	628
cg25217276	0.13912246020694646	628
cg26273417	0.13908806104081017	628
cg08055663	0.13908529397659436	628
cg26402660	0.13906010324289644	628
cg03027227	0.13905757256747364	628
cg24459792	0.13903869960318588	628
cg23093496	0.13898642038091213	628
cg21398280	0.13898631867131456	628
cg19503640	0.1389796809761532	628
cg11452329	0.13895967544914795	628
cg10919664	0.13890988757383022	628
cg03763508	0.13889575642577362	628
cg23521140	0.13887389812615358	628
cg20670679	0.13886556570052078	628
cg02053964	0.1388518520305435	628
cg07165066	0.13881538666636306	628
cg06183338	0.13879125363128558	628
cg25730564	0.1387893606340349	628
cg07297896	0.13876628625815635	628
cg12085101	0.1387506933792853	628
cg18723409	0.13874464616888948	628
cg26635451	0.13874192530641477	628
cg05403469	0.13873674692478177	628
cg25508319	0.13873656148312374	628
cg01017395	0.13873480989692705	628
cg24145118	0.1387030111460001	628
cg21986027	0.1386705023735893	628
cg16555504	0.13863144940555788	628
cg00804179	0.13862251150229848	628
cg02779037	0.13859860750157732	628
cg21406271	0.13859183848406023	628
cg13682333	0.13857309770223472	628
cg25023596	0.1385623539443887	628
cg07119472	0.13854988544090752	628
cg26112797	0.13853292921214672	628
cg13878116	0.13852811324851333	628
cg10959820	0.13851853142845919	628
cg02220418	0.13851702963325774	628
cg01735558	0.13850727772224214	628
cg22789318	0.1385011782892243	628
cg02794695	0.13845909489508318	628
cg12177677	0.1383803655182162	628
cg04115185	0.13837474152001855	628
cg09866569	0.13837298117216634	628
cg11030264	0.13836801717933045	628
cg04798016	0.13836459956480163	628
cg20098854	0.13835918744107822	628
cg03339668	0.13834740604703383	628
cg22747480	0.1383294765545678	628
cg14864148	0.13831359858725512	628
cg02527886	0.13825893970085223	628
cg03009240	0.13825102438468703	628
cg15881332	0.1382332250750677	628
cg08846870	0.13823046359017024	628
cg02458237	0.13816931634173307	628
cg07127888	0.13816094348473257	628
cg14108567	0.1381414394364075	628
cg06679494	0.13810652783396354	628
cg13214190	0.13810208468608182	628
cg22687244	0.13809640519025496	628
cg13300273	0.13804774273852896	628
cg05608541	0.1379863815440306	628
cg01964852	0.13795506153588374	628
cg25539045	0.13794511213814098	628
cg03263730	0.1378939493769441	628
cg19793499	0.1378788454330185	628
cg09655403	0.1378762038019186	628
cg04484550	0.13786324547884402	628
cg00431187	0.1378610586177213	628
cg10317717	0.1378582419676454	628
cg17936488	0.13785665779240325	628
cg00557947	0.13781709981628962	628
cg09902229	0.13779335487137806	628
cg21164509	0.13774500821203295	628
cg11303839	0.13764880947073324	628
cg15477363	0.13764340444907341	628
cg08443845	0.13760363567603032	628
cg07316846	0.1375599314430575	628
cg11829371	0.13754219275743573	628
cg07654934	0.13753745024165637	628
cg02534659	0.1375140338396739	628
cg15496763	0.13750593056095067	628
cg16394018	0.1374980970408311	628
cg23714773	0.13748725941414852	628
cg10416814	0.13746659715593146	628
cg07389710	0.13744772067591451	628
cg25714956	0.13740687291489156	628
cg11977716	0.1373841550484024	628
cg24128590	0.13738278683894706	628
cg22987448	0.13738152431502146	628
cg16096176	0.13736014413076686	628
cg09461420	0.13735469777962356	628
cg14689537	0.13734555860201522	628
cg00405688	0.1373311312906616	628
cg27638284	0.13732204751999788	628
cg25025181	0.1372957605181418	628
cg14418633	0.13729314490707184	628
cg13706058	0.13729203415453983	628
cg21730858	0.1372788345819191	628
cg08866991	0.13723167579638626	628
cg24128998	0.13722408258382313	628
cg18020955	0.13722229782547166	628
cg01912298	0.13720442154805773	628
cg18553223	0.13717247627711157	628
cg02501155	0.1371712141728163	628
cg11876013	0.1371628790298111	628
cg00611789	0.13713621287639405	628
cg11334870	0.1370380295096989	628
cg15046675	0.1370335071066769	628
cg19986012	0.1370255709303398	628
cg08135406	0.13690112591270986	628
cg19683821	0.13688353484418586	628
cg18812904	0.13684017617656194	628
cg24757533	0.13677476219823398	628
cg23168425	0.13674875593011426	628
cg07431286	0.13673198725969657	628
cg04184716	0.13665787162749138	628
cg03606269	0.13665476158129086	628
cg08047457	0.1366513025572073	628
cg10690919	0.13663844380831797	628
cg20070852	0.13663515271975907	628
cg11802899	0.13660877984637892	628
cg02344527	0.13659933022340007	628
cg27284288	0.13658876984352147	628
cg26116495	0.13658107889315252	628
cg10530767	0.13650977891314692	628
cg19262637	0.13647854843599902	628
cg17266581	0.13647853056425724	628
cg01062942	0.1364523378890778	628
cg13775050	0.13638208103721117	628
cg08898155	0.13635074280894	628
cg08041408	0.13629296598797674	628
cg12889538	0.1362866824055064	628
cg09527362	0.13626482623683345	628
cg24098131	0.13623823020308795	628
cg07153966	0.13623361428389447	628
cg07294785	0.13623253405763833	628
cg07349094	0.13622634840295716	628
cg02698900	0.13622541093442544	628
cg13456960	0.13619355992958176	628
cg14035860	0.13613826812665697	628
cg00702647	0.13613065645993447	628
cg04514047	0.1361264137407917	628
cg12885302	0.13609136785913845	628
cg12033619	0.13606640246366258	628
cg18856478	0.13604611757083634	628
cg11726648	0.13602571168869368	628
cg25588348	0.1360170941098206	628
cg01251835	0.1360113907614563	628
cg08320659	0.13600333446416443	628
cg08828819	0.1359770439030647	628
cg08105834	0.13597655238913273	628
cg01951274	0.13593887190143022	628
cg14904662	0.13592456830094785	628
cg11552829	0.1359235738519634	628
cg16792302	0.1359017115521431	628
cg21188037	0.13590077894408087	628
cg04122873	0.1358963773588986	628
cg10418626	0.13586182516560727	628
cg25834768	0.13582048482776882	628
cg18002126	0.1357447309009237	628
cg11629220	0.13570167211329537	628
cg16053005	0.1356966186482213	628
cg18908499	0.13569543664015835	628
cg18440839	0.13569065794217972	628
cg13213810	0.13565779721493756	628
cg18047662	0.1356352411192403	628
cg15172734	0.13562832848127054	628
cg09329079	0.13562471662406955	628
cg18499201	0.13560973422729905	628
cg26354493	0.135606320951381	628
cg05258935	0.135581025275043	628
cg10329345	0.1355484962195827	628
cg23120601	0.13554759474704847	628
cg14386061	0.13552389839068768	628
cg23298862	0.13552294987637512	628
cg07795766	0.13552051260419903	628
cg12229555	0.1355192162901352	628
cg26958524	0.1354884554291721	628
cg16668359	0.13546619507867164	628
cg22961212	0.13542343636269683	628
cg09721739	0.13541962418305092	628
cg13547712	0.1354081383106014	628
cg13488570	0.13539756321507815	628
cg06545268	0.13534364994326759	628
cg09354037	0.13534332941047256	628
cg12982531	0.1353225787711574	628
cg00025591	0.13531431208340872	628
cg27121870	0.1353124462878288	628
cg00849267	0.1353085494889463	628
cg21554552	0.13530212606229117	628
cg13821008	0.1353012429361139	628
cg01516851	0.13529771533366225	628
cg13947167	0.1352967734158783	628
cg11931596	0.13528615157140897	628
cg19088635	0.13528310914637076	628
cg05626376	0.1352826806767368	628
cg10062193	0.13528239024940103	628
cg18610205	0.13523676418277442	628
cg17552357	0.1352257223719664	628
cg14451276	0.13521683326591155	628
cg10255237	0.13520455488701338	628
cg00037681	0.13518536338376125	628
cg22328895	0.13518379846638362	628
cg13555415	0.13514961217149635	628
cg07295362	0.1351463385926604	628
cg11610925	0.13514576198615869	628
cg16450309	0.13512181145726282	628
cg16411361	0.13510314293995151	628
cg23669081	0.1350266477979487	628
cg04027043	0.13497120919130728	628
cg03851965	0.134927835102782	628
cg07890238	0.13490958944213238	628
cg18438793	0.13489959636409538	628
cg20151476	0.1348748309498931	628
cg26725201	0.13486854014566443	628
cg15485247	0.13484616825618262	628
cg26289436	0.134838521447811	628
cg05671385	0.13476815673489417	628
cg18403361	0.1347658554394175	628
cg08928696	0.1347319287090381	628
cg20071744	0.1347300003612449	628
cg09313745	0.13472710336074856	628
cg01631215	0.13471568591533595	628
cg11733245	0.13468463148647702	628
cg15030949	0.13461974180001302	628
cg14434062	0.13460547050216426	628
cg02609279	0.13459354873498075	628
cg18231184	0.13457445704192994	628
cg20817131	0.13450486556525582	628
cg02767633	0.134460026890451	628
cg17800708	0.13444783160212737	628
cg00319661	0.1344131691073876	628
cg24889694	0.13440204934037794	628
cg26115633	0.1343850639303695	628
cg26363363	0.13436821320707443	628
cg11053632	0.13436764260875783	628
cg10559416	0.13435895134277376	628
cg02961934	0.13434983329576572	628
cg19214097	0.13434892930673975	628
cg12134633	0.1343413050406905	628
cg09981407	0.13433221257338535	628
cg05592035	0.13433097603515312	628
cg03517776	0.134316278471515	628
cg14757228	0.1342476477382943	628
cg27097992	0.13423173524189005	628
cg03004860	0.1342315764116333	628
cg03352106	0.13421561751452848	628
cg14088196	0.13421123128096557	628
cg17229698	0.13421011940370062	628
cg03760457	0.13420148641950036	628
cg00929376	0.13419440372236624	628
cg16037981	0.13417442111505	628
cg14207539	0.1341558926741107	628
cg25923345	0.13412037179999592	628
cg05749728	0.13409351495833927	628
cg02346790	0.13406137900637372	628
cg21097354	0.13406117118374458	628
cg17479501	0.1339796330603092	628
cg09140114	0.1339771408919334	628
cg09556826	0.13397231253980735	628
cg14644001	0.13394990837740678	628
cg06385087	0.13391651141719155	628
cg27387888	0.13388959812799495	628
cg14546128	0.13388012571579005	628
cg03498081	0.13387722569493954	628
cg19119609	0.13387456372288098	628
cg17182817	0.13386283079653022	628
cg13951697	0.13381498271819092	628
cg05563515	0.13380635454748097	628
cg15219228	0.13378050147898968	628
cg01517680	0.13377060057074233	628
cg16508068	0.13372977022180696	628
cg21031128	0.1337038473694584	628
cg07832674	0.13369248894166408	628
cg19749538	0.13367813683115437	628
cg07409418	0.1336518692064756	628
cg07124687	0.13362419219203805	628
cg22779972	0.13354080760164488	628
cg17455155	0.13352924587595993	628
cg12587213	0.13352111591243582	628
cg08669718	0.1335088312295899	628
cg26365847	0.1334714779512799	628
cg14266527	0.13342676516511046	628
cg18675097	0.13341602334822222	628
cg10213875	0.13339341495538187	628
cg00463577	0.13336668361984544	628
cg01483139	0.1333206034289824	628
cg21538684	0.1333051843174762	628
cg21424703	0.13326844873595145	628
cg16252110	0.13326287028621536	628
cg22798223	0.1332419133821791	628
cg25594119	0.1332348177425302	628
cg13786863	0.13322238489430094	628
cg00242035	0.13322128449173787	628
cg13442386	0.13320817818027347	628
cg07646467	0.13314387466098082	628
cg22663872	0.1331325596571188	628
cg00318947	0.13313084645509835	628
cg15169940	0.13309280509998783	628
cg09787089	0.13309114148327833	628
cg09137125	0.1330891517089041	628
cg05796838	0.13306885805799884	628
cg03701930	0.1330629856081813	628
cg13220900	0.13305896023342045	628
cg20944964	0.13302060564519702	628
cg04007726	0.13300945192088662	628
cg18670846	0.13296870268054067	628
cg24107163	0.13295751049953572	628
cg15483084	0.13289474649837277	628
cg25470148	0.13288512023617077	628
cg22986569	0.13287114504199382	628
cg13593391	0.13285220258596203	628
cg14552732	0.13282966798366008	628
cg25499397	0.13280574448954086	628
cg05542681	0.13280297675647865	628
cg16642284	0.1327981807893271	628
cg02326386	0.13279205631085006	628
cg20170223	0.13278604811892525	628
cg16301599	0.13278182556071788	628
cg09798023	0.132727706205333	628
cg22871947	0.13272360178468035	628
cg16049391	0.13271109020106428	628
cg09735908	0.13268268307554154	628
cg07425646	0.13266916767885356	628
cg27122888	0.13265565354437386	628
cg13172549	0.13264095377549742	628
cg14161589	0.13262759698186732	628
cg15070677	0.1325966968283286	628
cg17342469	0.13257976098701607	628
cg11795854	0.13257904327076941	628
cg19021985	0.13256833303535753	628
cg14658493	0.13255182374683244	628
cg03616722	0.13254837940186148	628
cg18913890	0.1324753509043076	628
cg00017461	0.13246416126680358	628
cg03979258	0.13244878935314186	628
cg20042908	0.13243760165113683	628
cg14884828	0.13242763028285004	628
cg00759427	0.13239822381420147	628
cg02119494	0.1323924126122816	628
cg16163382	0.13236285097732553	628
cg10589396	0.13233383612245764	628
cg09926389	0.1323263354625323	628
cg24742298	0.132304532317625	628
cg22216196	0.13229440245873153	628
cg04908380	0.1322923066717672	628
cg07209071	0.13228584965297188	628
cg26132947	0.1322542523037798	628
cg18650219	0.13224445504020277	628
cg13906823	0.13223734582684604	628
cg21770800	0.13223034873819606	628
cg20591728	0.13222956688906123	628
cg16911583	0.13221388105867765	628
cg23204968	0.13217823471436035	628
cg06833110	0.1321580559574118	628
cg25150021	0.13211513381473627	628
cg27089768	0.1321001541069987	628
cg22350070	0.13209929450074537	628
cg09115646	0.1320483573646588	628
cg09059945	0.1319911915933047	628
cg14891209	0.131962104935204	628
cg00240653	0.1319132129880069	628
cg12512771	0.1319097324224881	628
cg14484973	0.1319023501732121	628
cg11213574	0.1318724575497176	628
cg06745083	0.13187107551269722	628
cg08436738	0.1318384959190946	628
cg02075410	0.13182232474083644	628
cg04900186	0.13181477619081983	628
cg17276853	0.13180661637573426	628
cg25902889	0.13177864855652122	628
cg02081019	0.13177665212605139	628
cg19252956	0.13172847323270392	628
cg07113653	0.13172676981166487	628
cg02886375	0.13171301224013016	628
cg20425130	0.13170678011984244	628
cg25139229	0.13169956790560167	628
cg04167096	0.131684843586924	628
cg20095609	0.1316772353580321	628
cg02583618	0.13166603199142835	628
cg09946623	0.13165604128985758	628
cg12676534	0.1316302235078434	628
cg00928596	0.13162925648830093	628
cg03436397	0.13162701615391587	628
cg24299136	0.13162555867736653	628
cg03519577	0.1316129096528172	628
cg12968041	0.13160334398864681	628
cg13818424	0.13159730825313692	628
cg20446334	0.1315898356233554	628
cg10285466	0.1315833236422948	628
cg04520169	0.1315817940207751	628
cg03866192	0.13157753312067433	628
cg21939215	0.13154162016812504	628
cg18205668	0.13152608491049195	628
cg16124975	0.13152607139867767	628
cg03653601	0.1315240716767453	628
cg03228145	0.13151692186284386	628
cg20504007	0.13149015219368348	628
cg08657654	0.13148132865825768	628
cg16547579	0.13147680224677544	628
cg17861863	0.13146566846662194	628
cg03475293	0.1314576677309549	628
cg03650946	0.13145125181905926	628
cg00057966	0.13143163591742657	628
cg00197993	0.1314289220427325	628
cg01924952	0.1314125594955267	628
cg03130248	0.13140965188169243	628
cg06569139	0.13139380744797408	628
cg10408284	0.1313913064292934	628
cg25449441	0.13137031625926246	628
cg06619621	0.13136800991359027	628
cg21367811	0.13135508640073096	628
cg00532477	0.13131503048520396	628
cg21134232	0.13126763148115805	628
cg23740652	0.13125926787490866	628
cg11314598	0.1312281345874532	628
cg02580005	0.13121810160606262	628
cg26845390	0.1311922756642635	628
cg10249637	0.13118954953142253	628
cg08180229	0.1311659740464944	628
cg02956248	0.131161894263715	628
cg23013029	0.1311433510155891	628
cg10660253	0.13112736098453603	628
cg17489690	0.13112674990120163	628
cg09316306	0.13112451656248414	628
cg08767044	0.13112376932513825	628
cg01817067	0.1311235249350723	628
cg23322933	0.1311206423127889	628
cg21935981	0.13106247829976045	628
cg02548132	0.1310456248023723	628
cg17043230	0.13103561341380765	628
cg04633922	0.1310211686611149	628
cg03087897	0.13099926242192295	628
cg06911744	0.13095371398450628	628
cg10982443	0.130944417527103	628
cg09799983	0.1309328542024492	628
cg00438740	0.13093036958747245	628
cg03549705	0.13092842114912967	628
cg26156321	0.13089620877238856	628
cg01518723	0.1308879398730614	628
cg06537894	0.13088432014475404	628
cg25132782	0.1308834021477234	628
cg20274267	0.13086620713063168	628
cg00250454	0.1308572969709183	628
cg18316974	0.13084312088340475	628
cg16527477	0.1308335289107735	628
cg07992457	0.1308104487078049	628
cg05997414	0.13081004438679078	628
cg04850731	0.1308085832924677	628
cg21399057	0.13080754291295515	628
cg01168833	0.13080123001816435	628
cg05979766	0.1307751139308791	628
cg21908110	0.13077400399318498	628
cg17831791	0.13076295885753306	628
cg01604601	0.13074498474162316	628
cg09007841	0.1307257272344427	628
cg03943218	0.1307163034660383	628
cg16402452	0.13071103391501537	628
cg14872762	0.13061987981857964	628
cg25508679	0.13059372287540533	628
cg09068128	0.13058934142329512	628
cg27369096	0.1305783509603673	628
cg05283521	0.13057684082690163	628
cg05130816	0.13057233534750726	628
cg23108931	0.13056756364179928	628
cg22945413	0.13055843092293434	628
cg10956857	0.1305531045636164	628
cg09580822	0.1305223096326943	628
cg04154027	0.13051990971544042	628
cg22480783	0.13051068689045572	628
cg13997975	0.1304579646431348	628
cg12664749	0.1304332400437589	628
cg02744249	0.13040164725673314	628
cg04523661	0.1303924760685093	628
cg20827128	0.13038770982594486	628
cg27636310	0.13037894955306606	628
cg13102133	0.1303731094734989	628
cg20058937	0.13037142112107092	628
cg01571001	0.13033936197880952	628
cg09721047	0.13032612822730355	628
cg07585069	0.13032566820157998	628
cg14071324	0.13032345063855638	628
cg09937500	0.130311757789843	628
cg19432886	0.1303072559270398	628
cg06658404	0.13030675318863372	628
cg05297854	0.1302900305666236	628
cg20631820	0.13027727483100193	628
cg21130374	0.13027674594975153	628
cg26010734	0.13027611918226803	628
cg04058685	0.13027584353536534	628
cg24999105	0.13027420923736605	628
cg01215742	0.13024268150435891	628
cg11492886	0.13023119853958903	628
cg20853771	0.1302135708140482	628
cg19174643	0.13018883197755352	628
cg10563645	0.13017117606139478	628
cg08264805	0.13016191809709438	628
cg02371376	0.1301423621397805	628
cg10244666	0.13009361098345745	628
cg18803104	0.13007837861382404	628
cg16747164	0.13006975696848672	628
cg19759481	0.13006426441319985	628
cg17459215	0.1300538216741161	628
cg13716585	0.13004426330558388	628
cg13945749	0.13003541141943536	628
cg07906828	0.13002823344922348	628
cg03576469	0.13001822904073562	628
cg20974609	0.13001757021876748	628
cg18177414	0.1300028758676282	628
cg00041575	0.13000021115755145	628
cg26287822	0.12998219791333776	628
cg05068848	0.12996645281494165	628
cg19467964	0.1299398032018637	628
cg01175550	0.12993541438456638	628
cg09386073	0.12991761037791427	628
cg23279355	0.1299168045000396	628
cg14583973	0.12991579634200986	628
cg01405040	0.12988578909082185	628
cg20069407	0.1298773391480229	628
cg04963424	0.12987026617968106	628
cg25117523	0.12985350162462564	628
cg27100370	0.12984713005775236	628
cg03242471	0.12983826482138128	628
cg10002860	0.12983413481794975	628
cg14195925	0.12982913061931328	628
cg09302922	0.12982191762186673	628
cg05353884	0.12981146646855418	628
cg14696311	0.1298102584197235	628
cg13668207	0.12980538163804395	628
cg08394412	0.1297786624009507	628
cg20821566	0.12977006141280356	628
cg16658931	0.12976117168906975	628
cg02248486	0.1297607911256023	628
cg16119522	0.1297084535858905	628
cg13643452	0.12969728856857132	628
cg23418968	0.1296963158101607	628
cg25938025	0.12968978567338935	628
cg19640821	0.1296665166973025	628
cg16752592	0.12966532242853668	628
cg06526980	0.1296646342996368	628
cg13512268	0.12965270834663326	628
cg06401532	0.12963899065331966	628
cg05391892	0.12963409666012043	628
cg04423493	0.1296165533202429	628
cg07522913	0.12958695909516146	628
cg10946576	0.12956654675338036	628
cg02657012	0.12956201156527614	628
cg25366140	0.12955713952670678	628
cg23733384	0.129549807025245	628
cg08640619	0.1295283411798949	628
cg10933691	0.12952722364725272	628
cg05146544	0.12951103324868848	628
cg07092896	0.1295016877157178	628
cg07810039	0.12949921505091644	628
cg07242540	0.1294960707069	628
cg02768721	0.12949012040095276	628
cg26904406	0.1294726273076427	628
cg24799830	0.1294631281701767	628
cg15167871	0.12946270694428552	628
cg05992600	0.1294566237540723	628
cg24486037	0.12945024540218392	628
cg18237047	0.1294246058046596	628
cg22262702	0.12941514448562694	628
cg20232662	0.12940622936209592	628
cg17771150	0.12940039668348519	628
cg18064754	0.12934836569580918	628
cg24783510	0.1293402759327255	628
cg00040268	0.12933200818784174	628
cg23244761	0.12932935308513732	628
cg11528328	0.12931776224489422	628
cg26273310	0.12931283250273273	628
cg08338478	0.12928129939825572	628
cg10739715	0.12927635505763577	628
cg09658497	0.12926871288652703	628
cg13929734	0.12924744572264069	628
cg02391713	0.12924079015385373	628
cg17933722	0.1292199304384809	628
cg01884681	0.12921917010884226	628
cg23230584	0.12917876377146614	628
cg11435506	0.12917651487080467	628
cg21506509	0.12916810030322462	628
cg25277723	0.12916139086241268	628
cg13996522	0.12915521046111023	628
cg23192683	0.12915319766299407	628
cg26796518	0.1291161767253827	628
cg02628561	0.1290886670082262	628
cg08527124	0.1290609461260756	628
cg15442907	0.1290534207114242	628
cg27452922	0.12904491599098133	628
cg14962509	0.12901187405863757	628
cg11062158	0.12901167623413073	628
cg12468774	0.1290089142557825	628
cg10568066	0.12899917765676905	628
cg11403907	0.12899764219067295	628
cg20674007	0.1289922138476112	628
cg19266387	0.1289883116142826	628
cg01140660	0.12898230750951634	628
cg04194674	0.1289735011526073	628
cg24836826	0.1289544829705307	628
cg23517999	0.12895252034861543	628
cg18337363	0.12893709751478702	628
cg08520743	0.1289101822218987	628
cg09129067	0.12888466630191542	628
cg01382502	0.12887814260427227	628
cg27597459	0.12887515353147183	628
cg24526103	0.12887206283051666	628
cg26371345	0.12887194573541094	628
cg09450024	0.12886704161431933	628
cg17589883	0.1288417049547509	628
cg05130485	0.1288292772358055	628
cg12910797	0.12882863055580987	628
cg27025137	0.1288270159586446	628
cg14798653	0.1288265740049094	628
cg22510134	0.12882434133280146	628
cg18173726	0.12881093993649773	628
cg06787669	0.12880816469771428	628
cg23462772	0.12880325455019456	628
cg20667480	0.12877028640701327	628
cg03744842	0.12874894929514724	628
cg19458020	0.12874204304931397	628
cg00460589	0.12872814195795276	628
cg21233003	0.12872793768469762	628
cg11774399	0.1287266785149644	628
cg20542619	0.12871812044348607	628
cg15415945	0.12870778050797155	628
cg13436110	0.128662029557354	628
cg08136020	0.128642998467614	628
cg08164294	0.12861350845432756	628
cg09153080	0.12859790538834281	628
cg07616879	0.12856376089699662	628
cg18855030	0.12856173655775427	628
cg10925082	0.12855371527090984	628
cg18454133	0.12854866637880277	628
cg06573604	0.12854473535006625	628
cg14160518	0.1285191574044291	628
cg03171924	0.1285041329164058	628
cg00903584	0.1284865737444016	628
cg22568423	0.12848259576530613	628
cg14082893	0.12845496906659415	628
cg23226249	0.12844238644127517	628
cg23427653	0.12844088434779238	628
cg24121069	0.12841918184658935	628
cg22620090	0.12839883611265615	628
cg05760765	0.12839747745732158	628
cg08584759	0.1283843006667754	628
cg05596756	0.12838376936645646	628
cg14358570	0.12838359517296297	628
cg24835948	0.12837488543718317	628
cg23211949	0.12836699025847673	628
cg18910298	0.12835252976581293	628
cg21076680	0.12834783895296842	628
cg03131724	0.12834246949592426	628
cg24095120	0.12834141188732184	628
cg08409113	0.12833296345027334	628
cg12798524	0.12833161021330497	628
cg01549227	0.12830433754587875	628
cg02670123	0.12829695690896692	628
cg24810836	0.12829632090206497	628
cg27215100	0.12829463194098867	628
cg04777091	0.12829166010524057	628
cg27082921	0.1282672408310323	628
cg02899346	0.1282666170819917	628
cg25765104	0.12824671210434624	628
cg18361975	0.12824348769855284	628
cg13075951	0.12822882917061174	628
cg14709691	0.12821529873595403	628
cg18991240	0.1282085089855885	628
cg01135464	0.12820037456235295	628
cg06614044	0.1281948614402697	628
cg22187354	0.12818735869291917	628
cg00868875	0.12817324638525449	628
cg03819089	0.1281717411249175	628
cg06830450	0.1281611362846869	628
cg05227215	0.1281604956208286	628
cg08189615	0.12815637339051575	628
cg14494721	0.12814996553976538	628
cg24595510	0.12813364198252003	628
cg10795659	0.12811730536476257	628
cg09533868	0.12809838093558434	628
cg22912095	0.12808436898933495	628
cg27416863	0.1280760518083387	628
cg12024826	0.12806138983206017	628
cg21197336	0.12805497215234535	628
cg26682407	0.12803924999293143	628
cg01856529	0.12803828997530817	628
cg01134643	0.12802931743509735	628
cg18278899	0.12801174269618282	628
cg05758978	0.12799814428067838	628
cg23631759	0.12799725056248834	628
cg10400707	0.12799324502925283	628
cg18043882	0.12798768824983875	628
cg13319446	0.1279821046365622	628
cg11523350	0.127969835456881	628
cg22969524	0.1279662824250627	628
cg14485744	0.1279608183183037	628
cg11479419	0.12796038325148076	628
cg16061668	0.1279470258801596	628
cg02871891	0.1279460168959654	628
cg12835118	0.12793574361164162	628
cg21429615	0.1279182245429059	628
cg03032552	0.12788452376371257	628
cg07787632	0.12788054205115884	628
cg09462696	0.1278796943251757	628
cg22915945	0.12787529485582957	628
cg21587238	0.12786618624739396	628
cg02029841	0.12785115158712573	628
cg26296101	0.1278477181809426	628
cg15013801	0.12784659257748332	628
cg11945824	0.12784623818251684	628
cg09652526	0.1278455610242502	628
cg26346210	0.12784087659746612	628
cg02282631	0.12783658614392818	628
cg06351537	0.12783184106404982	628
cg06568438	0.12783005415704005	628
cg13990355	0.12782850730852502	628
cg12643917	0.12782172275147552	628
cg22807732	0.12780925282667888	628
cg11914795	0.12778679285923406	628
cg15720089	0.1277801257296175	628
cg01250212	0.12777847818704893	628
cg11956442	0.12777542134797965	628
cg27349333	0.12777425895125627	628
cg16644023	0.12776391901540968	628
cg00893471	0.12775133302828487	628
cg00765705	0.1277058963047202	628
cg11986756	0.1276870933962439	628
cg19813015	0.12768071206758458	628
cg16177732	0.12766697541315547	628
cg19836199	0.12766650142110528	628
cg20994929	0.1276351861119393	628
cg05343739	0.12763390698152643	628
cg08621957	0.1276323311568464	628
cg16707227	0.1276246933374276	628
cg12133423	0.12761724355393894	628
cg15414638	0.12761582302594326	628
cg24683222	0.12760040694693525	628
cg19592277	0.12758952691310887	628
cg08480068	0.12758596932625335	628
cg06294470	0.12755704547675945	628
cg13480738	0.12755585150129023	628
cg26769927	0.12755506824646745	628
cg09717471	0.12754220390233573	628
cg09993145	0.1275347038292125	628
cg15087907	0.12753387077429545	628
cg10095954	0.12750824184387144	628
cg12934366	0.12750427221402041	628
cg26026748	0.12749624873890814	628
cg22436753	0.1274842860001496	628
cg07874011	0.12748205324039952	628
cg06786372	0.12747979623197292	628
cg00025044	0.12747486549284587	628
cg17922998	0.12747296280630527	628
cg03462322	0.12746729594600387	628
cg18518916	0.12746423107340898	628
cg20686446	0.12745195757235864	628
cg12602405	0.1274471737510921	628
cg26126295	0.1274424580907353	628
cg17953701	0.12742582845282743	628
cg23485307	0.12741357068077147	628
cg14029686	0.12741181207529592	628
cg14265043	0.1274113878461829	628
cg21245816	0.12740867213608317	628
cg26643476	0.12739535815670155	628
cg16250868	0.12738277815336288	628
cg10794257	0.12738160871812032	628
cg23454797	0.12737559105485685	628
cg00764217	0.12737506577829177	628
cg05109049	0.12737221496002055	628
cg26479374	0.1273694956901293	628
cg18320356	0.12735987226346815	628
cg08892613	0.1273505927920137	628
cg19830983	0.12734751134724076	628
cg05500783	0.12734740158120644	628
cg10359157	0.12733409432914788	628
cg01081584	0.127333695010169	628
cg04090745	0.1273333461633946	628
cg27059698	0.12730626989424443	628
cg03930313	0.12730553648035164	628
cg08407014	0.12730455159431806	628
cg06267617	0.1272950679976348	628
cg08771171	0.12729270347780405	628
cg10229594	0.12725468987298333	628
cg04515533	0.1272522652160118	628
cg10542975	0.12724807485650952	628
cg27482619	0.12722683644528326	628
cg12116027	0.12722176892478373	628
cg08699206	0.127215953206259	628
cg12086464	0.1272113028383325	628
cg10616974	0.12720063711078833	628
cg23916896	0.1271969861939479	628
cg14441948	0.1271942607176877	628
cg13007502	0.12719133549135847	628
cg05101437	0.1271811586025669	628
cg21167532	0.12717315564486953	628
cg13952840	0.12716136216418758	628
cg13008977	0.1271321712514738	628
cg25200152	0.12710575571611554	628
cg19829353	0.12710437014880321	628
cg09233429	0.1271003373348307	628
cg06385583	0.12706363083555267	628
cg15037541	0.12706359775823012	628
cg17738521	0.12704499849460277	628
cg19780308	0.127038893216795	628
cg18419977	0.12702076405002147	628
cg01578164	0.12700840041060726	628
cg02738156	0.12700535933085483	628
cg11316131	0.12700127144078024	628
cg18146737	0.12699069007896124	628
cg12072028	0.1269433502518913	628
cg13492337	0.1269404000792514	628
cg23495453	0.12692981470555825	628
cg15164702	0.12691996214942292	628
cg00450164	0.12691774971996422	628
cg23014425	0.12691629476418093	628
cg08954277	0.12691445890657305	628
cg09850478	0.12691084014960757	628
cg12635602	0.126898937037049	628
cg16924010	0.12689564395723268	628
cg05861567	0.12688467225849218	628
cg00400827	0.12686081714594766	628
cg03961510	0.12685810966490718	628
cg00770754	0.1268504375614385	628
cg18132787	0.12685042199366647	628
cg12806892	0.12682763448882334	628
cg11674130	0.1268235562374549	628
cg02964065	0.1268121196216026	628
cg08274637	0.1267930567685881	628
cg09451320	0.12677993406498936	628
cg16807961	0.12677616567776184	628
cg01864230	0.12676901330322937	628
cg23702610	0.12675436751664212	628
cg24137774	0.12673047712705943	628
cg02486855	0.1267282454324507	628
cg17509039	0.12672653595605365	628
cg14315334	0.12672651079089153	628
cg13096701	0.1266989017049585	628
cg04587220	0.12668499022496518	628
cg19670883	0.1266839256681218	628
cg11394600	0.12668220174739472	628
cg18069290	0.1266621046350339	628
cg07254421	0.12664598288326454	628
cg21839211	0.1266386567067127	628
cg04254487	0.1266218874807547	628
cg22210627	0.12661279392640615	628
cg23723410	0.12660850668402182	628
cg27571329	0.12660796141347597	628
cg19170881	0.12659892696439595	628
cg07143623	0.1265927556326096	628
cg15384598	0.12656819056400237	628
cg03459656	0.126567294779386	628
cg04743654	0.12655231291527747	628
cg00403616	0.12654731427059746	628
cg04863892	0.1265429586462365	628
cg21101720	0.1265387712291016	628
cg23412777	0.126532070039178	628
cg00118342	0.12652190741135994	628
cg18966688	0.12652005429063887	628
cg11944462	0.1265189033352503	628
cg10426234	0.12649443032590468	628
cg21163347	0.1264851866764862	628
cg19908556	0.1264842388929191	628
cg12251895	0.12646823259031975	628
cg05525106	0.12646110879808528	628
cg13166748	0.1264602919287705	628
cg09316954	0.12645783178745007	628
cg22465479	0.12645606365985368	628
cg07682037	0.12645496389340705	628
cg22798849	0.12645362578111904	628
cg00945443	0.1264464447309558	628
cg15255946	0.12644493339365065	628
cg06750897	0.12644309473845128	628
cg24407133	0.12642960337678	628
cg12221318	0.12642950642418294	628
cg22522598	0.12641379775650963	628
cg11550234	0.12641284191119428	628
cg08288130	0.12639430480422992	628
cg18698788	0.12639161722894107	628
cg02945385	0.12638638644745806	628
cg26869615	0.12638515423196778	628
cg06916001	0.1263726188969988	628
cg05006473	0.1263714407885001	628
cg15874481	0.12636867836303756	628
cg21439763	0.12636856422307052	628
cg09761040	0.12635885317967305	628
cg16222491	0.12635390767124144	628
cg05868413	0.12634850219285415	628
cg19129687	0.12634666147924956	628
cg07474842	0.12634173991951075	628
cg21857598	0.12633371240613495	628
cg26696260	0.126327237950433	628
cg08486269	0.12630314128153702	628
cg18991601	0.12629868978077885	628
cg22171993	0.12628875117014798	628
cg25830696	0.126287704471375	628
cg12242373	0.1262806746749584	628
cg23519637	0.126272271730353	628
cg12353452	0.12625854565482314	628
cg06977014	0.1262417540162903	628
cg16325826	0.1262388457778334	628
cg17680089	0.126200291958978	628
cg04458924	0.12617718852036613	628
cg25362585	0.12616266772379223	628
cg15554421	0.12615902265610895	628
cg17801840	0.12613405974721426	628
cg08513622	0.1261286795567758	628
cg20821442	0.12612842292409687	628
cg03555710	0.12610160862761577	628
cg12905252	0.12609418763217792	628
cg17173816	0.12599446168101885	628
cg15123730	0.12599146875414896	628
cg06130360	0.12597784370913526	628
cg03179291	0.12597412105525882	628
cg07354583	0.12597240030396922	628
cg12283393	0.12597182780951283	628
cg06506863	0.12597127193043203	628
cg25495650	0.12593989014788867	628
cg20341504	0.1259396702700254	628
cg22235407	0.12593410028717775	628
cg00083659	0.12592996590769653	628
cg02665578	0.125926001406567	628
cg11239720	0.12591744702262564	628
cg11962640	0.1259011574239789	628
cg05589784	0.12589814842117636	628
cg02852670	0.12588182059137248	628
cg13996510	0.12588084838618233	628
cg27169860	0.12587690300270443	628
cg03262260	0.12586819442264452	628
cg15573664	0.1258553257497147	628
cg18601714	0.12584231347225888	628
cg06778183	0.125839189855558	628
cg03860256	0.12583544995293575	628
cg24161057	0.12583320029036205	628
cg16579981	0.12583208539306118	628
cg09853238	0.1258196085467007	628
cg23936031	0.12580669250898383	628
cg19236493	0.12579076148158863	628
cg11632592	0.125781960464394	628
cg19827875	0.12577734936174317	628
cg14913777	0.12577382947999882	628
cg10899768	0.12576713977133291	628
cg01602621	0.12573404115886588	628
cg25718467	0.12572030741623996	628
cg21007509	0.12571012663824999	628
cg18696027	0.12570270107055104	628
cg06518838	0.12570128213659637	628
cg09250149	0.12569404332038114	628
cg21937377	0.12569165462848975	628
cg26194251	0.12566970301865638	628
cg17943647	0.12566102052377853	628
cg11589567	0.12565672299459957	628
cg26736232	0.1256453097048321	628
cg23964724	0.12564187445916777	628
cg21398469	0.1256389708947594	628
cg02483043	0.12563141071624484	628
cg10626816	0.12561044384021897	628
cg05142677	0.12558961593468818	628
cg23072161	0.12558133493537046	628
cg25351606	0.12556769365970052	628
cg26092675	0.1255588390061375	628
cg08586426	0.12555025973805972	628
cg02367850	0.12554165844516	628
cg18641463	0.12552865636362687	628
cg12499235	0.12552693669583603	628
cg10096519	0.12550662336386487	628
cg15480897	0.1255005735841584	628
cg18582260	0.1254998898136257	628
cg16366262	0.12549464837211388	628
cg15255390	0.12544450990885764	628
cg12550726	0.125442717768172	628
cg16945186	0.12543085405162796	628
cg15888463	0.12542054822016843	628
cg14567043	0.12542009479437488	628
cg08718050	0.12539535411966202	628
cg02776283	0.12539488349724298	628
cg25503999	0.12536654697230298	628
cg20079298	0.12536554246260434	628
cg15258980	0.12533558646558624	628
cg04441857	0.12532006860990674	628
cg24243629	0.1253145019849615	628
cg14840782	0.12531072210446403	628
cg19907776	0.12530296295937335	628
cg15197135	0.12529109009830253	628
cg03081691	0.12528654768649738	628
cg05453358	0.12527505949778805	628
cg05169846	0.12526653544512883	628
cg15922174	0.1252657251464624	628
cg02693607	0.12524585167008653	628
cg26118759	0.12524546077604684	628
cg11173579	0.12524194705245906	628
cg21201830	0.1252402072533107	628
cg27492458	0.12524018126310066	628
cg21302651	0.12523964906050847	628
cg23192403	0.1252389871104544	628
cg26238936	0.12521871156786807	628
cg14503441	0.125207632262052	628
cg08632388	0.1252009885436741	628
cg13402298	0.12520075647131518	628
cg18959478	0.12519770787480838	628
cg24529814	0.12519233640977398	628
cg16560389	0.12518988874007997	628
cg08285768	0.12517904348234793	628
cg00096328	0.12517691908497117	628
cg03077671	0.12517359367472902	628
cg02852025	0.12516766037482488	628
cg14534144	0.12515692026646347	628
cg16385758	0.12515618360532488	628
cg18430152	0.1251559878852388	628
cg21012788	0.12514623808419734	628
cg23055236	0.12513919995995193	628
cg26437842	0.1251070923585264	628
cg04848682	0.12509041946863003	628
cg04923174	0.1250775047554154	628
cg07679948	0.12507194306465352	628
cg24192660	0.12506177095196322	628
cg03263514	0.12506134713540276	628
cg27566403	0.125058415130042	628
cg22513455	0.12505588401836637	628
cg04683210	0.1250276745692484	628
cg10836110	0.12502078475368145	628
cg00050482	0.12501977541386206	628
cg02587606	0.12501575705740137	628
cg00626702	0.12499110096376251	628
cg13313598	0.12497636678541205	628
cg22156300	0.12496877605583512	628
cg24113818	0.12496758619970855	628
cg07359545	0.12496454830418668	628
cg15140902	0.1249483601720868	628
cg03712403	0.12493653761218115	628
cg08283130	0.12492918441423786	628
cg14932408	0.12492773164911558	628
cg17616537	0.1249171746241528	628
cg09074856	0.1249080218931227	628
cg00466116	0.12487820052680276	628
cg21977234	0.12487212321805363	628
cg04874286	0.12486872517873476	628
cg24217894	0.12485604594425284	628
cg17438030	0.12484730221219664	628
cg08757862	0.12483855493195781	628
cg24471254	0.12483234822100547	628
cg09319828	0.12483075543342947	628
cg06822690	0.12478477486125122	628
cg19439043	0.12478128786747691	628
cg15660418	0.12475880159896904	628
cg07959068	0.12475420262216452	628
cg27468976	0.12474852420683719	628
cg08013331	0.12474444465787382	628
cg08732352	0.12473587914688883	628
cg16714154	0.12472179953810075	628
cg23087108	0.12470817593163158	628
cg18836485	0.12469044261355003	628
cg17213699	0.12468743758159406	628
cg05835726	0.12468562177686984	628
cg19846609	0.12467245429504292	628
cg22675660	0.12466090531003202	628
cg07489413	0.12464577238335606	628
cg18395917	0.12464345689491652	628
cg11796442	0.12464139283713807	628
cg02363593	0.12463167359831345	628
cg10861751	0.124630228272951	628
cg06177568	0.12462443972860265	628
cg06130714	0.12460878817182897	628
cg13045555	0.12460008723614141	628
cg01782059	0.12459293280369688	628
cg26942432	0.12458488666362383	628
cg26203383	0.12458319205759155	628
cg25844605	0.12458203835327311	628
cg07095908	0.12457615088266843	628
cg25127852	0.12457522567697837	628
cg00777121	0.1245724211907448	628
cg04904609	0.1245615176342656	628
cg13639451	0.12456150430409552	628
cg23782616	0.12456140460549511	628
cg04639421	0.12456116255254546	628
cg25984601	0.12453436832921583	628
cg06582782	0.12452940354031333	628
cg14862207	0.12452507036249695	628
cg01613817	0.1245233692307795	628
cg19664945	0.12451464197811268	628
cg19320803	0.12448214229494195	628
cg20236089	0.12447605292782704	628
cg21773220	0.1244643040857788	628
cg07928086	0.12445627972050102	628
cg23543318	0.12445135188590442	628
cg05860111	0.1244443426556737	628
cg08542351	0.1244172443065657	628
cg20576162	0.12441674054569249	628
cg02925367	0.12441252395723841	628
cg21937128	0.12439954238616235	628
cg16945633	0.12439499715855115	628
cg03653573	0.12439132979911197	628
cg27198931	0.12438549948597233	628
cg24127748	0.12436670277936634	628
cg20814095	0.12435313220399566	628
cg05136737	0.12435234034135922	628
cg25123566	0.12434850287998092	628
cg00173005	0.12434785115484243	628
cg25506432	0.12434442561473291	628
cg25426302	0.12433798609248659	628
cg16667631	0.12432907753690264	628
cg13187009	0.12428329262560045	628
cg26216618	0.12427615491290517	628
cg09510202	0.12427541662038918	628
cg22129545	0.12426891595683401	628
cg01012713	0.12424573530265562	628
cg02616418	0.12423763966274293	628
cg01370449	0.12423378513869762	628
cg25426743	0.12423164842011081	628
cg26522157	0.12422903975691435	628
cg22734058	0.1242241765332715	628
cg21210531	0.12421538161431893	628
cg07291100	0.12420870588212607	628
cg23115390	0.12419609505792617	628
cg03548857	0.12419445191665635	628
cg24250588	0.12419290526628288	628
cg13822849	0.12419081673886476	628
cg03828193	0.12418758599531371	628
cg03233624	0.1241797103107328	628
cg07828472	0.12416693682866459	628
cg21017569	0.12415442404989571	628
cg08274633	0.1241497874784725	628
cg14189142	0.12414595964959296	628
cg20092531	0.12413480581489916	628
cg19826026	0.12412329530700242	628
cg09065714	0.12412186897885927	628
cg08637514	0.1241146997411133	628
cg25066665	0.12411151779873289	628
cg00650809	0.12411096721616488	628
cg18945842	0.12409464217635638	628
cg10880177	0.12409250778911685	628
cg03290977	0.12408821597759229	628
cg25885042	0.12407653390633361	628
cg01407235	0.1240723765576621	628
cg16567723	0.12407084357218767	628
cg04696181	0.12406386158909388	628
cg03598731	0.12405111699512589	628
cg08847614	0.12402789169340683	628
cg24901637	0.12402588077894203	628
cg13903070	0.12402452302375186	628
cg13777287	0.12402088555970203	628
cg16511229	0.12398710789471817	628
cg13189207	0.12398544761154215	628
cg11449860	0.12397290747216905	628
cg11508406	0.12397001141442926	628
cg26741686	0.1239693307424081	628
cg24621599	0.12394023984534741	628
cg27262236	0.12393835204721884	628
cg07391913	0.12392932377043958	628
cg01071314	0.12392316284435373	628
cg21912308	0.12391877509674765	628
cg09682213	0.12391441977022954	628
cg15718581	0.12390903890434743	628
cg19410609	0.12390285475179652	628
cg01439568	0.12390136265484375	628
cg12626589	0.12388755321427655	628
cg12280664	0.12387403507305161	628
cg03750587	0.12387230422790235	628
cg15006175	0.12386252166137204	628
cg09247692	0.12386030524492686	628
cg26065909	0.12384561152241141	628
cg10477592	0.12384254494017755	628
cg15724945	0.12379891709408833	628
cg12196045	0.12376464966673242	628
cg11986813	0.12375793528671877	628
cg13588403	0.12374722686242093	628
cg25449484	0.12374199839079808	628
cg01714284	0.12373817228403344	628
cg24679453	0.12371922416504227	628
cg21002957	0.12371507125044315	628
cg15262728	0.12370546038129565	628
cg20151221	0.12370488237394506	628
cg10026775	0.12370189039772922	628
cg12967164	0.12370179316971519	628
cg08141395	0.12368965934476264	628
cg06516502	0.12366526762986285	628
cg21920221	0.12366508418662109	628
cg19997179	0.12365632241343505	628
cg07099331	0.12365570596789524	628
cg16708623	0.12365253286732497	628
cg19333963	0.12364806652779531	628
cg17349352	0.12364006012750955	628
cg11492536	0.12363359884394054	628
cg14819504	0.12363310273090768	628
cg08402365	0.12361759788934737	628
cg00054971	0.12361527787688648	628
cg18878432	0.1236106279401264	628
cg09451427	0.12361018454386977	628
cg02000808	0.12360053985121397	628
cg13781678	0.12359926919776729	628
cg02320543	0.12359763900641743	628
cg00580562	0.12359637491178405	628
cg11806439	0.12358901443399342	628
cg01803928	0.12358425125621453	628
cg23831898	0.12358400525657687	628
cg02583740	0.1235820967706035	628
cg19048532	0.12356792265723743	628
cg02766845	0.1235567962896741	628
cg10652915	0.12355650172132837	628
cg19105122	0.12354567660706413	628
cg14239515	0.12354101427871864	628
cg13114921	0.1235359560528117	628
cg27345924	0.12352902624469689	628
cg27005749	0.12352541529959307	628
cg22978940	0.12350736026769893	628
cg01429859	0.1234971817003706	628
cg10150530	0.12348505220992656	628
cg01693138	0.12347892817572695	628
cg14463995	0.12347244267636157	628
cg14671764	0.1234582868705768	628
cg00779313	0.12344623729708137	628
cg15616358	0.12344346437460932	628
cg06984848	0.12343603288556379	628
cg15555527	0.12341975599067084	628
cg27661315	0.12341771411918617	628
cg26962618	0.1234170640512332	628
cg01530482	0.12341552659525923	628
cg11351779	0.123412353219784	628
cg09245302	0.12339804420605027	628
cg11960708	0.1233938078959641	628
cg04832450	0.12339013741225918	628
cg03331474	0.12338571018964567	628
cg11105292	0.12338365606557966	628
cg10129154	0.1233773779458644	628
cg11290182	0.12336153150945883	628
cg07126525	0.12336112468633559	628
cg18297196	0.12335953341560785	628
cg16427033	0.12334065952395012	628
cg05539509	0.12333423863935322	628
cg10278915	0.12332676072291548	628
cg25602756	0.12332235750256543	628
cg22598885	0.12331575770448872	628
cg22772747	0.12331517724692542	628
cg13399952	0.1233111461715587	628
cg03262885	0.12328447176721741	628
cg22506548	0.12328036787939567	628
cg07959070	0.12326705054806303	628
cg00912247	0.12326489871252844	628
cg04638655	0.12325834243559541	628
cg02395846	0.12325167420355879	628
cg22507723	0.12323832201249629	628
cg16465280	0.12323428829596372	628
cg13912307	0.12320351595703052	628
cg06828143	0.12319877554134112	628
cg24040595	0.12319840440723745	628
cg06759993	0.12319623863052029	628
cg16035036	0.12319078283724344	628
cg12736877	0.1231809513843809	628
cg13058457	0.12315957811078013	628
cg11073811	0.12315892855949659	628
cg07048527	0.1231478052186028	628
cg17113029	0.12314591851439358	628
cg21040133	0.12314400846695409	628
cg16017889	0.12314311846139303	628
cg19414598	0.12313328891216216	628
cg22886323	0.12312600579375516	628
cg05088820	0.12312545218252086	628
cg21953891	0.12312230122677142	628
cg14237903	0.12310870386285566	628
cg03487027	0.12310753188910034	628
cg14095720	0.12310542950282233	628
cg11878331	0.12309965893487293	628
cg22614142	0.12309510369498108	628
cg19960420	0.12309250535012475	628
cg09835085	0.12308432115850534	628
cg24231558	0.12308251163111861	628
cg13067553	0.12308079731114782	628
cg20737382	0.123078181771332	628
cg07933078	0.12305988506154719	628
cg13972706	0.1230580986236891	628
cg18684142	0.12305763525357247	628
cg00610577	0.1230539414823918	628
cg14564351	0.12305291130478563	628
cg16628066	0.12304888492844705	628
cg01167615	0.12303498766008486	628
cg17454920	0.12301717113398708	628
cg09417355	0.12301690446462221	628
cg27051129	0.12301587277378784	628
cg08214423	0.12301508353877996	628
cg06363417	0.12300779521679817	628
cg12479878	0.12300367079022054	628
cg12924936	0.12300160922905873	628
cg12245706	0.12299979201815503	628
cg04989278	0.12299815131338354	628
cg15569052	0.12299038430596843	628
cg23055217	0.12298684127539233	628
cg07405182	0.12298305890281644	628
cg09568647	0.12297247518636265	628
cg25251204	0.12297060027258594	628
cg26881307	0.12296695587895343	628
cg25353450	0.12295563183894062	628
cg24553862	0.12294789307650766	628
cg04541368	0.12293846858340157	628
cg24140132	0.12293445702735467	628
cg02788013	0.12292311826311689	628
cg18843856	0.1229171814008278	628
cg11176159	0.1228825752015692	628
cg05979232	0.12288187258244826	628
cg11982525	0.12287760585684132	628
cg04245402	0.12286737980535878	628
cg26681770	0.12285925691540048	628
cg08911368	0.12284040210502162	628
cg08379738	0.12283850997125562	628
cg20584841	0.12283663896388594	628
cg24467337	0.12283177257244804	628
cg27411547	0.12279968993718049	628
cg17277615	0.12279699119795812	628
cg15642854	0.12278256785221126	628
cg11784799	0.1227711321723926	628
cg07031797	0.12277102823358743	628
cg24152976	0.12276996782579497	628
cg16625671	0.12275800033577641	628
cg09108394	0.12274977409328469	628
cg15202102	0.12274767453586714	628
cg26353287	0.1227372637853738	628
cg25296938	0.12273379080861505	628
cg07620562	0.12273130866146603	628
cg00895834	0.12271903910048465	628
cg16179125	0.12271814394133482	628
cg21250721	0.12271064671951401	628
cg07015525	0.12270773335264379	628
cg01663696	0.1227034408417001	628
cg00400448	0.12270139366548577	628
cg04964617	0.12268921593626045	628
cg12011343	0.12268399936631291	628
cg14830003	0.12268151978696024	628
cg14557787	0.1226706298902226	628
cg16017979	0.12266922013368842	628
cg16151362	0.12265034954346044	628
cg04115680	0.12264501277024069	628
cg23497569	0.12264278780337898	628
cg10186733	0.12262456956547782	628
cg06489037	0.12261632945636988	628
cg12578486	0.12261521481143209	628
cg06496728	0.12261370047467095	628
cg00415011	0.1226091648614524	628
cg17626960	0.12260423132545539	628
cg05697726	0.1226029667715986	628
cg00933696	0.12258301915295194	628
cg13387113	0.12255976720722392	628
cg07917546	0.12255923305733701	628
cg18621299	0.12255600934844324	628
cg22254463	0.12253653644942858	628
cg08126875	0.12252137784513506	628
cg26328924	0.12251985142303079	628
cg02840535	0.12250421541585244	628
cg23313665	0.12248849000305911	628
cg23963984	0.1224848972008897	628
cg04117530	0.12247939840381039	628
cg14449180	0.12247400363035876	628
cg14701108	0.12247039348688582	628
cg10665891	0.12246819592167801	628
cg01063813	0.1224550120311847	628
cg06970451	0.12245376135572056	628
cg10239638	0.12244534267214785	628
cg16982073	0.12244278899920791	628
cg04031093	0.12243878742759129	628
cg24485957	0.12243852464328976	628
cg06606949	0.12243796931477635	628
cg12309653	0.12243776199467449	628
cg10193711	0.12243480522241709	628
cg13661519	0.12242325455132363	628
cg05745631	0.12241765839242977	628
cg05979457	0.12239655158363727	628
cg19992633	0.12239298575026014	628
cg11238995	0.12238540660535738	628
cg03465028	0.12238491407594061	628
cg21308365	0.12238068695356111	628
cg01723148	0.1223751197227455	628
cg04117801	0.1223685669650407	628
cg20141398	0.12234829556120413	628
cg17696044	0.12234767511049277	628
cg23958704	0.12234199344014002	628
cg16348820	0.1223416969966637	628
cg26872028	0.1223259482863614	628
cg24030630	0.12232345426605373	628
cg07922606	0.12232025900568966	628
cg03880987	0.12231895624963529	628
cg10481202	0.12231637926962396	628
cg15645309	0.12231472304286367	628
cg03858703	0.12231319521530687	628
cg08447324	0.12230935028141944	628
cg02261543	0.12230857233156539	628
cg14213814	0.12228643878181034	628
cg07355189	0.12228394346842614	628
cg12118246	0.12228082433136636	628
cg01321962	0.12227920115407187	628
cg17069068	0.12227230119117877	628
cg03402369	0.12227053553219097	628
cg09642408	0.12226220546989397	628
cg00969405	0.12225531673835371	628
cg17759224	0.12224534853382327	628
cg09469665	0.1222358396039902	628
cg18030133	0.12223246056954326	628
cg16005540	0.122229501436047	628
cg14557185	0.12222020662256224	628
cg06699564	0.12221488414666046	628
cg26630171	0.12221325973447553	628
cg09678939	0.12219796901012436	628
cg07302677	0.12219116848316675	628
cg07208425	0.12218842556499449	628
cg17432857	0.1221839981474287	628
cg21429725	0.12218152076715261	628
cg19285525	0.12217495986074434	628
cg08876274	0.12217114573136317	628
cg24956533	0.12216987996625939	628
cg12803754	0.12216405191709223	628
cg17315014	0.12215586315100146	628
cg26386273	0.1221502638468781	628
cg00994629	0.12214839273113803	628
cg09774932	0.12213749614764302	628
cg16674860	0.1221343481068031	628
cg00982958	0.12211824477476046	628
cg05206120	0.12210714495825392	628
cg01720337	0.12210613648323473	628
cg21749794	0.12210323783108393	628
cg23870181	0.1220989411271613	628
cg07138437	0.1220949797972449	628
cg06996147	0.1220888226829222	628
cg17372758	0.12206138834729963	628
cg16321975	0.12205087624900543	628
cg12129480	0.12203457511430815	628
cg17975443	0.12201601775324347	628
cg26023748	0.12201527179258459	628
cg20225999	0.12201328777312731	628
cg17527673	0.12200244865805521	628
cg25882256	0.12199412742413104	628
cg01876338	0.12199327149873956	628
cg18404706	0.12198890077759389	628
cg17076592	0.12198321929618877	628
cg27067781	0.12195315061545234	628
cg27289662	0.12193507895946709	628
cg15825304	0.12193228735045408	628
cg21236153	0.12193181029573166	628
cg24366211	0.12192858897938387	628
cg21855211	0.12192537353299476	628
cg21205392	0.12191654673436175	628
cg13912027	0.12191242181581219	628
cg00831222	0.12190884104465585	628
cg09272225	0.12189885373305143	628
cg21049397	0.12188072414944945	628
cg20480642	0.12187975802828549	628
cg17814481	0.12187835733751681	628
cg14636922	0.12187408870059929	628
cg02274103	0.12186336517864338	628
cg24730892	0.1218599870121615	628
cg05164449	0.12184791976652609	628
cg00510718	0.12183180997160686	628
cg08663213	0.12182817934172185	628
cg26453169	0.12182781621080846	628
cg25863289	0.12181645886719322	628
cg10673740	0.12181251138648555	628
cg23681745	0.12180827409140266	628
cg00723994	0.12180461980904445	628
cg12428514	0.12180080308889477	628
cg09416512	0.1217697402669985	628
cg22155724	0.12174983242550227	628
cg19817912	0.1217323011467275	628
cg00005740	0.12173204729288545	628
cg13761321	0.12172604038035056	628
cg04482762	0.12172247943612535	628
cg10661191	0.12171757212879863	628
cg17750254	0.12170196168746444	628
cg11083416	0.12170188347901491	628
cg22284422	0.12169715072488685	628
cg15812586	0.12169568513946694	628
cg23681599	0.12169363910158382	628
cg18599843	0.12169306898667354	628
cg18705773	0.12169179053290376	628
cg12563935	0.12168904390428648	628
cg06186155	0.12168805145643269	628
cg13712197	0.12168651765502358	628
cg03260621	0.12167586048721923	628
cg18144593	0.1216747603174908	628
cg24965248	0.12167240672730151	628
cg27083484	0.12166192451404562	628
cg02876276	0.12165503291607682	628
cg01963754	0.12163481608589441	628
cg22051964	0.12161450299437987	628
cg06782204	0.12161373066221601	628
cg06000732	0.12161117044580261	628
cg11942594	0.12160984548087489	628
cg18034737	0.12159068453044686	628
cg17980184	0.12158215797536326	628
cg24126768	0.1215774150620344	628
cg11544522	0.12157505086162551	628
cg21238257	0.12156862440978933	628
cg12288473	0.12156629865262364	628
cg25404758	0.12156529574354868	628
cg10474881	0.12155978517380245	628
cg01961086	0.12154980094970441	628
cg08463297	0.12153163377936166	628
cg01180479	0.1215296319283819	628
cg16476991	0.12152743124082102	628
cg09564361	0.12152048609433727	628
cg13427361	0.12151988639636391	628
cg24103651	0.12150638806275194	628
cg13934406	0.12150316211007996	628
cg20333292	0.12150098842852458	628
cg06936290	0.12149640187950908	628
cg11536940	0.12148784714859365	628
cg09433910	0.12148331902813561	628
cg16577356	0.12147930564127854	628
cg24787755	0.1214714581456599	628
cg04370442	0.12145955436480255	628
cg06943912	0.12145776850164935	628
cg10336039	0.12143809182747645	628
cg12974599	0.12143156596512722	628
cg13879455	0.12143097900985178	628
cg13153009	0.12140700210571476	628
cg13759674	0.12138054176201866	628
cg00151251	0.12137873361631374	628
cg15905656	0.12137769931729975	628
cg03536885	0.12137695610956412	628
cg06623935	0.12136956243409494	628
cg22821981	0.12136704147853916	628
cg20342105	0.12136493258922526	628
cg07735920	0.12136093778909801	628
cg09880291	0.1213603064909155	628
cg20294304	0.12135606684437944	628
cg02582848	0.12135423091661901	628
cg14824386	0.12135397633896135	628
cg27555092	0.12134843776946938	628
cg16662846	0.12134048329241054	628
cg25598890	0.12133859431705812	628
cg03185655	0.12133168655181903	628
cg14710465	0.12132840753504709	628
cg11459773	0.12131798865543736	628
cg12922492	0.12130023060386191	628
cg22009464	0.12130019418571111	628
cg15139596	0.12129924532421904	628
cg08806632	0.12129693710420025	628
cg07351675	0.12129250836946764	628
cg21092324	0.12129082597840268	628
cg20783697	0.12128193698017131	628
cg21106461	0.1212765697182806	628
cg25008444	0.12125577407231924	628
cg17008486	0.12125245264517825	628
cg01064265	0.1212523927359653	628
cg05522011	0.12125090385329024	628
cg26075184	0.12124393246279591	628
cg19675731	0.12122580670544975	628
cg07274406	0.12121649540994844	628
cg17726692	0.12121222504825613	628
cg13412834	0.12120262464342985	628
cg05141014	0.12119609436796458	628
cg09982773	0.12118465289945327	628
cg23021796	0.1211797094257468	628
cg25745246	0.12117066107853175	628
cg18254356	0.12116999986485907	628
cg03683087	0.12116877886605745	628
cg00401797	0.1211653400059094	628
cg06332304	0.12115676871258046	628
cg26427090	0.12114528294940735	628
cg14023394	0.12113905218249693	628
cg13816042	0.12113823272948365	628
cg22185879	0.12112167999520149	628
cg14333338	0.1211145618505858	628
cg09414535	0.12110973021509619	628
cg06274159	0.12109829134650968	628
cg04147497	0.12109613613038717	628
cg01054110	0.12109051764881304	628
cg13323489	0.12108271905790634	628
cg19310786	0.12106421450132965	628
cg02772995	0.12106190739282817	628
cg04098585	0.12106052075383647	628
cg14824921	0.12105940780006591	628
cg09410512	0.12105800096518637	628
cg14645880	0.12105595526492496	628
cg24889708	0.12105120220922383	628
cg01794103	0.12103631900008699	628
cg23429794	0.12103435954276498	628
cg09424006	0.12103333234361194	628
cg19519319	0.1210224883281332	628
cg20695297	0.12102204166000355	628
cg07065759	0.12101102767939292	628
cg13496041	0.12101025833145379	628
cg00375608	0.12099397115331989	628
cg00852603	0.12099082069290995	628
cg10902396	0.12098429713202641	628
cg02794358	0.12097850877433297	628
cg04142864	0.12097766927294754	628
cg00918181	0.12097154177783495	628
cg03969902	0.12095530917404237	628
cg19023876	0.12094714217975105	628
cg00943287	0.12093734012072238	628
cg22210337	0.12092663161187589	628
cg01997629	0.12092455017029807	628
cg23248729	0.12091482963859174	628
cg03001333	0.1209141953469964	628
cg11737334	0.12090735431907998	628
cg06418871	0.12090682164393046	628
cg14106719	0.12090286430518754	628
cg21769117	0.12090207316998874	628
cg19825759	0.12089238741624908	628
cg06766016	0.12088196178167754	628
cg18448746	0.12087085205539727	628
cg20566840	0.12084992113268728	628
cg18705155	0.12083223931473763	628
cg19092981	0.1208282047265668	628
cg26287345	0.12082648076073162	628
cg00569276	0.1208219161928368	628
cg00314029	0.120820231821723	628
cg15788537	0.12080682513817842	628
cg16245261	0.12080628130639862	628
cg20435485	0.12080384383268888	628
cg16327891	0.12080263335678385	628
cg12161959	0.12080029856954805	628
cg04494750	0.12078632106456622	628
cg01076704	0.12078272887113406	628
cg16379283	0.12077143447227653	628
cg18476766	0.1207696015828072	628
cg21376799	0.12075984762986469	628
cg04213841	0.12074969735941304	628
cg02794451	0.12074804120399002	628
cg00044796	0.12073481252413373	628
cg04470054	0.12072799429670156	628
cg02050376	0.12072331153756455	628
cg26311782	0.12072036354220306	628
cg12085265	0.1207189077359061	628
cg25486143	0.12070253230681996	628
cg06303238	0.1206992939409991	628
cg24545961	0.12069745694520942	628
cg04373435	0.12069057201033473	628
cg13100190	0.12068630753169154	628
cg01070987	0.12067912578774595	628
cg20893031	0.12067243729447935	628
cg05678526	0.1206700884616344	628
cg00487187	0.12065928434117573	628
cg01754267	0.12065580769891657	628
cg06493963	0.12065478500592403	628
cg16481280	0.12065158002494078	628
cg12451530	0.12064914151581496	628
cg16668651	0.12064791861198304	628
cg24602704	0.1206364192306687	628
cg16653138	0.12063535413552015	628
cg18188739	0.12063352882948775	628
cg22801799	0.12062551022430873	628
cg07382943	0.12062231635721787	628
cg05950572	0.12061951051455272	628
cg04330597	0.1206118112244059	628
cg15279308	0.1206083268257771	628
cg19850024	0.12060304904259789	628
cg17399362	0.12060103311368664	628
cg09015973	0.12060064041702051	628
cg05638439	0.12059530430503101	628
cg23991274	0.12059290216616289	628
cg20685713	0.12059168051630553	628
cg21747271	0.12057374403140708	628
cg03449867	0.1205725762545273	628
cg09636715	0.12056957701852719	628
cg12506930	0.12056115806229381	628
cg13685129	0.12055145051669275	628
cg22870307	0.12054983251752732	628
cg26135388	0.12054760716646079	628
cg08049853	0.12054142598678919	628
cg12194832	0.12053476363582866	628
cg26075742	0.12053288823813985	628
cg02892357	0.12053047984201018	628
cg22124221	0.12052375601512863	628
cg13790288	0.12051907490207359	628
cg23184518	0.12051879202263496	628
cg04134748	0.1205176316632432	628
cg15450139	0.12051527686095076	628
cg16836311	0.12051071871896918	628
cg01439631	0.12050609576330612	628
cg12253437	0.1204926830371702	628
cg23691894	0.12049004834412119	628
cg25432336	0.12048274234267783	628
cg02372856	0.12047835511408189	628
cg03885270	0.12047406563422194	628
cg00502099	0.12046623347029636	628
cg23762915	0.12046247854005049	628
cg17209188	0.12044464937986293	628
cg20017590	0.12044295318121556	628
cg06159269	0.12044165354858824	628
cg06055229	0.12043661212730397	628
cg13443733	0.12043602799023623	628
cg15700197	0.12043505585124836	628
cg04716021	0.12043425489123524	628
cg24008957	0.12042639944517619	628
cg18363918	0.12042571492139575	628
cg23605961	0.12041729642909656	628
cg14132388	0.12041711133937397	628
cg02480675	0.1204156138570969	628
cg13578134	0.1204043810120713	628
cg04747036	0.12040362492388937	628
cg07810733	0.12040169220226454	628
cg01567509	0.12040087978640873	628
cg24691453	0.12040038505879896	628
cg20749792	0.12040023953716245	628
cg01512532	0.12039874535732414	628
cg26800883	0.1203956906341685	628
cg24631845	0.12039463806019807	628
cg21679391	0.12039004448084067	628
cg19018155	0.12038744799397183	628
cg04035064	0.12038568942647071	628
cg20885782	0.12038316881877532	628
cg03660502	0.12037143823648626	628
cg15645203	0.12037114202054494	628
cg20765408	0.1203706482750676	628
cg26349474	0.12036843865728972	628
cg04189187	0.12035166041084047	628
cg01973456	0.12034889538980514	628
cg15768226	0.12034717811855614	628
cg25332238	0.12034623744374617	628
cg14014955	0.12034410286545957	628
cg16273943	0.1203304011089395	628
cg17207559	0.12031822739647102	628
cg06786238	0.12031341780494359	628
cg08791424	0.12031271216435802	628
cg22796922	0.12031169884909634	628
cg25267258	0.12030597843151913	628
cg12434681	0.12029778987753081	628
cg13028819	0.12029372159131008	628
cg26187313	0.12029197356312754	628
cg20007021	0.12028698544426702	628
cg14632485	0.12028118261207832	628
cg09484541	0.12027978435360975	628
cg09187505	0.12027385742653163	628
cg26360026	0.12026063584712005	628
cg18725573	0.12026035314717054	628
cg05633523	0.12025987638361552	628
cg15194531	0.12024894771647324	628
cg16322121	0.1202474776413926	628
cg12688240	0.12024421285818421	628
cg10436257	0.12023824804399835	628
cg01612440	0.12023199574063181	628
cg06809252	0.12023061323048867	628
cg17199181	0.1202287503127975	628
cg05901462	0.12022230508541965	628
cg18640250	0.1202197865737715	628
cg05346286	0.12021631360652549	628
cg08915171	0.12020881406737138	628
cg25882380	0.1202061259361612	628
cg05164634	0.1202037228816633	628
cg19239041	0.12019978222967098	628
cg11354105	0.1201850353695848	628
cg05036656	0.1201845674969424	628
cg15035133	0.12018080876268533	628
cg11391335	0.12016730215840088	628
cg20750832	0.12015498307736494	628
cg05582979	0.12014911199752701	628
cg06925984	0.12014781376206618	628
cg00282706	0.12014114013043126	628
cg14085715	0.12013499187909352	628
cg16315106	0.12012695018487446	628
cg20345556	0.12012292670846847	628
cg00253379	0.12012288006450714	628
cg19805005	0.1201113686041376	628
cg10712561	0.12010488447298565	628
cg26183708	0.12010248543592816	628
cg17220278	0.12009498106883332	628
cg24290574	0.1200851110333776	628
cg22720392	0.12008299535153649	628
cg01612247	0.12007845327888511	628
cg23401601	0.12007739695515768	628
cg03514660	0.12007289211207794	628
cg17485838	0.12007048111252708	628
cg17235897	0.12006633690159196	628
cg24092340	0.12006160698386076	628
cg26047066	0.12004906863252374	628
cg12472603	0.12004782745590314	628
cg08786003	0.12004127111986213	628
cg16761754	0.12003023204852559	628
cg11157235	0.12001734571308509	628
cg26394055	0.12001665613993057	628
cg19478079	0.12001633272417334	628
cg27058497	0.12001277113194758	628
cg18847598	0.1200084909202419	628
cg07599144	0.1199995543423161	628
cg07886100	0.11999756271305478	628
cg01334831	0.11999673201848846	628
cg03995122	0.1199896836766595	628
cg27526549	0.1199843840244735	628
cg26158194	0.11998007385329296	628
cg09368075	0.11997928638206484	628
cg24195796	0.11997643440535394	628
cg07855465	0.11996973711229195	628
cg20073153	0.11996966560615305	628
cg11850468	0.11996628719371799	628
cg26504110	0.11996563241728725	628
cg00015530	0.11996509841095604	628
cg03302259	0.11995584125322012	628
cg10714510	0.11995530374243563	628
cg00951204	0.11995086356641049	628
cg21944234	0.11994680066785596	628
cg10220068	0.1199358402403809	628
cg22754866	0.11992566179972597	628
cg05860190	0.11992504874865789	628
cg11696200	0.1199186200132853	628
cg24046475	0.1199168612043568	628
cg03795157	0.11991360455285693	628
cg00430895	0.11991225510662257	628
cg22097249	0.11990790212830421	628
cg04250451	0.11990682851281875	628
cg24274579	0.1199044768302936	628
cg03331514	0.11989840520881237	628
cg11347582	0.11989675628697785	628
cg13941760	0.11989331502161474	628
cg24075175	0.11988406913938074	628
cg17919152	0.1198739442440594	628
cg08847856	0.11987229959093759	628
cg22238122	0.11987122835265268	628
cg10613224	0.11984541373823315	628
cg10491452	0.11983497660589337	628
cg15728692	0.11982722200238649	628
cg14472366	0.11982250854943716	628
cg01056242	0.11981100260444805	628
cg14974749	0.11979136681346925	628
cg15250073	0.11977406527250617	628
cg05483731	0.11977352578138051	628
cg23874373	0.11977050503051762	628
cg20688917	0.11976298236579486	628
cg15839431	0.11975830403405058	628
cg00806644	0.11975815858963923	628
cg00042882	0.1197547382990555	628
cg18502142	0.11975166810207524	628
cg09261593	0.11974304675257097	628
cg19369955	0.11973682692339632	628
cg09990852	0.11970945252616708	628
cg02306995	0.1197049981141754	628
cg09632273	0.11969858651287768	628
cg27366766	0.11969850847070862	628
cg09900436	0.11969537720348919	628
cg20663831	0.11969532219532338	628
cg16890093	0.11969481290348455	628
cg26357596	0.11969167769572275	628
cg05809668	0.11969019076333867	628
cg06728252	0.11968511599083756	628
cg12574576	0.11968129207253281	628
cg13340765	0.11967787274969774	628
cg25326509	0.11966812367428353	628
cg08308801	0.11966686153770797	628
cg03822198	0.11965962391592763	628
cg10009968	0.11965842042248898	628
cg09920172	0.11965748424617567	628
cg02611419	0.11965549701979677	628
cg01201797	0.11965439353436896	628
cg20255370	0.11964200910138695	628
cg07253384	0.1196398995790301	628
cg26218269	0.11962700862591491	628
cg03432814	0.11962637081725236	628
cg06412669	0.11962127390233745	628
cg20372886	0.11961580530814331	628
cg22685807	0.11961534773756463	628
cg08573687	0.11961219350228941	628
cg23197862	0.11960947215903789	628
cg19635505	0.11960926856562026	628
cg26068160	0.11959412957818061	628
cg05383910	0.11958236446344728	628
cg01323777	0.11957768377589198	628
cg02590401	0.1195768444591753	628
cg10280963	0.11957385272407794	628
cg01727145	0.11957151148894396	628
cg08927844	0.11955232672089244	628
cg07768107	0.11955073598472368	628
cg23336695	0.11953996883223966	628
cg21178979	0.11952500638915253	628
cg16927606	0.11951222984003479	628
cg04379703	0.11950969190971353	628
cg13378013	0.11950803181123892	628
cg08599635	0.11950721043099866	628
cg16139202	0.1195059399046643	628
cg19853565	0.11949554267946585	628
cg04917446	0.11948994983988082	628
cg22132788	0.1194845015937177	628
cg15985184	0.11947899598779216	628
cg04275695	0.11946210624461959	628
cg19645616	0.11946085257925337	628
cg20268992	0.11945510114066266	628
cg03896589	0.11945497442978803	628
cg07618453	0.11945043985331427	628
cg02504820	0.11944880392276064	628
cg17545346	0.11943462632503724	628
cg02677609	0.11941270019996791	628
cg25727025	0.11940290001599085	628
cg05492818	0.11940168165026266	628
cg12389461	0.11939872789147887	628
cg03698145	0.11938673637617975	628
cg12444736	0.1193796587194593	628
cg02702444	0.11937430660286069	628
cg19968840	0.1193740914087545	628
cg06898293	0.11936777301025658	628
cg11505113	0.11936659929361773	628
cg13732582	0.11936330355060412	628
cg09715545	0.11935359832483589	628
cg06272010	0.11934187636375912	628
cg26340968	0.11933954912484196	628
cg02118390	0.11933401857912351	628
cg25927444	0.11932998651161744	628
cg03421236	0.1193283771908914	628
cg16127573	0.11932455836774206	628
cg25388800	0.1193230457036254	628
cg02978201	0.11932104822495584	628
cg27090784	0.11931759514562701	628
cg23971987	0.11931598242546104	628
cg07498879	0.11931081730265727	628
cg18437209	0.11931001882918621	628
cg08467371	0.11930825025146019	628
cg15168000	0.11930804372027004	628
cg20965469	0.1193013666679294	628
cg25460281	0.11930105845111061	628
cg05650238	0.11930027400109211	628
cg10080732	0.1192921318842905	628
cg20462242	0.11928805955607558	628
cg09763644	0.11928458944246545	628
cg19260084	0.1192748196582443	628
cg25567805	0.11926504758563744	628
cg08894487	0.11926300126955006	628
cg14684854	0.11925717879240488	628
cg03421195	0.1192458507649865	628
cg14617041	0.11923965515429885	628
cg25556122	0.11922964308925432	628
cg07959477	0.11922901426395055	628
cg11009590	0.11922604262819979	628
cg08569180	0.11921551333489974	628
cg13710662	0.11921101367842274	628
cg04351205	0.11921006251859445	628
cg23189410	0.11918499577732625	628
cg24637035	0.11917911039363602	628
cg12937413	0.11917737619145535	628
cg09176893	0.11917440588111966	628
cg23019886	0.11915549336264489	628
cg25652742	0.11915230014273703	628
cg24854181	0.11915184522141459	628
cg07086674	0.11914677607679555	628
cg13401893	0.11914515871084014	628
cg06811300	0.11913477441401976	628
cg22876812	0.11912481121532312	628
cg08478151	0.11912384068089507	628
cg23731272	0.11912343062439373	628
cg15188398	0.1191228809298463	628
cg05931423	0.11912138856427407	628
cg16455444	0.11911443762799473	628
cg14444376	0.11911429751577912	628
cg23986590	0.11911127489783085	628
cg09991306	0.11910151088027016	628
cg13414270	0.11909397281025444	628
cg06768599	0.11909272089958284	628
cg17578639	0.11908245568578169	628
cg22842855	0.11907439642549289	628
cg22396632	0.11906695495528036	628
cg22193912	0.1190568635005034	628
cg11624708	0.11905307180046365	628
cg17503200	0.11904906254402042	628
cg26645432	0.11903560229074936	628
cg05288172	0.11902729595625519	628
cg01037523	0.11901966950991208	628
cg19149132	0.11901135256057332	628
cg11290720	0.11900271010222677	628
cg16608652	0.11899983460074703	628
cg02574073	0.11898261152128248	628
cg13071185	0.11897371761161254	628
cg11945668	0.11897219357662153	628
cg14429919	0.11895612328589183	628
cg02686793	0.1189532333444463	628
cg20286956	0.11894726178468454	628
cg02882530	0.11894108135169368	628
cg11865119	0.11891506637305971	628
cg17516271	0.11891232100638205	628
cg12161887	0.11890572223677104	628
cg05712010	0.11890237577386997	628
cg01446627	0.11888411110852481	628
cg25165932	0.1188820928429632	628
cg27388680	0.11887606271843973	628
cg05115862	0.11887483238996477	628
cg24668061	0.11887452032119239	628
cg03096975	0.11886040345154353	628
cg11541601	0.1188601351587264	628
cg07809831	0.11885526133698232	628
cg06715136	0.1188538861466209	628
cg03225787	0.11884968850092437	628
cg17067993	0.11884476110146219	628
cg06959596	0.11884179247653559	628
cg18587137	0.11883449708452548	628
cg03569637	0.11882849069902152	628
cg01232969	0.11882139960636484	628
cg16617817	0.1188199828029255	628
cg15258447	0.11881826690725061	628
cg06937717	0.11881596878473988	628
cg09837977	0.1188011234694937	628
cg18832247	0.11879979427612691	628
cg14196395	0.1187949937458258	628
cg06922599	0.11879268616066174	628
cg01125214	0.118787361515027	628
cg08580187	0.11878644976385921	628
cg27624162	0.11877983478336311	628
cg24923931	0.11877902628847375	628
cg03122201	0.1187785808422604	628
cg16144799	0.11873068524073324	628
cg13293524	0.1187265165251673	628
cg07592723	0.11872070672694046	628
cg10728351	0.11871599849700104	628
cg16901361	0.11871139790188184	628
cg08944029	0.11870769972624104	628
cg16488021	0.11870364596741748	628
cg02329038	0.11868570264579203	628
cg02571636	0.11868484131764856	628
cg11214507	0.11868396025051928	628
cg27357306	0.11868143379746648	628
cg18537730	0.11867954761831456	628
cg14693090	0.11867824417351125	628
cg16990168	0.11867461515539265	628
cg07383757	0.11866302021028158	628
cg01815783	0.11866033320655683	628
cg06446408	0.11865607888911828	628
cg04423188	0.118642718244581	628
cg22367549	0.11864180023419543	628
cg13485248	0.11863776118478819	628
cg15384383	0.11863718331867215	628
cg16483840	0.1186172336487254	628
cg06734406	0.11860753429534526	628
cg11420667	0.11859526126339859	628
cg22330763	0.11858959864100896	628
cg20992181	0.11858446342453094	628
cg20172627	0.11857225608682741	628
cg07490070	0.11856960596708094	628
cg03248767	0.11856875627315028	628
cg03994959	0.11856716164439568	628
cg19812944	0.11856189014089957	628
cg10606127	0.11855358057752069	628
cg03855338	0.11855072750422241	628
cg07137244	0.11854724212229228	628
cg02286662	0.11854027101180048	628
cg05529816	0.11853750562466753	628
cg13591783	0.11853720800753037	628
cg10257870	0.11852629647193194	628
cg10494981	0.11852226795072485	628
cg03383886	0.11851881040944068	628
cg02927682	0.11851180444452764	628
cg24203758	0.11850909042487123	628
cg10214640	0.11850623384527548	628
cg05830220	0.11850257297081479	628
cg23921031	0.11850117402864785	628
cg17294136	0.11849321483783662	628
cg18630178	0.11848810203672594	628
cg24671734	0.11848283620737599	628
cg17637045	0.1184704432021998	628
cg21004490	0.11846808024589789	628
cg25762679	0.11846323694033895	628
cg10224806	0.11846171422017737	628
cg02357751	0.11846085496404196	628
cg15737177	0.1184587343254686	628
cg01207684	0.11845176442955663	628
cg01663968	0.11843287051509885	628
cg05828005	0.11841439096371795	628
cg14175690	0.11841356170820386	628
cg08167951	0.1184130451589269	628
cg23300486	0.1184099345441828	628
cg22592142	0.11839836114207877	628
cg18992570	0.11839705153332969	628
cg23995446	0.11839257362258737	628
cg07061032	0.11839151091021105	628
cg09300114	0.11839111693331464	628
cg13450266	0.11838562189946922	628
cg06363485	0.11837724795422305	628
cg16707506	0.11836022402448715	628
cg26915924	0.11834780067789066	628
cg07749597	0.11833990506300637	628
cg07729842	0.11833739282029293	628
cg18837947	0.11833179001218724	628
cg03962794	0.11832871751252638	628
cg20935363	0.11832721680842623	628
cg22659049	0.1183247088691542	628
cg05390968	0.11831715666377352	628
cg18515872	0.11831509174274543	628
cg22797031	0.11830940369887054	628
cg04605980	0.11830543188570472	628
cg09451413	0.11830481530554635	628
cg21095673	0.11829898884687337	628
cg02225720	0.11829656301130947	628
cg02237342	0.11828861635154714	628
cg23117647	0.11827963398559233	628
cg11252953	0.11827884847956488	628
cg16993754	0.11827679441425071	628
cg23387569	0.11827376855387109	628
cg04564000	0.1182704174585158	628
cg11728747	0.11826843716810859	628
cg02691002	0.11826620552820222	628
cg03526459	0.11826608464828625	628
cg15877096	0.11824745553572286	628
cg07403350	0.11824530304733422	628
cg08958549	0.11823914668562666	628
cg01832325	0.11823729418111553	628
cg03338209	0.11822958484904822	628
cg23791011	0.11822487076923452	628
cg19518104	0.1182202612869031	628
cg06520521	0.11821838253826022	628
cg13525071	0.11821720004883812	628
cg01963224	0.118214897754193	628
cg11471802	0.1182063513682316	628
cg10609310	0.11820474705509443	628
cg11779113	0.11819927711310718	628
cg03852144	0.11819526763357036	628
cg06130354	0.11819362022093849	628
cg01041405	0.11819088068090242	628
cg17328839	0.11818503668129576	628
cg05641535	0.11818411883145538	628
cg02362978	0.11818128904043487	628
cg27391627	0.1181730762160067	628
cg13067635	0.1181690678869709	628
cg09013220	0.1181450882509738	628
cg21418534	0.11813411554153785	628
cg22453183	0.118122437413819	628
cg18056695	0.1181121258245057	628
cg01051524	0.11810939753526012	628
cg13572892	0.11810663589561354	628
cg10416958	0.11810571137102008	628
cg12243980	0.11810380462627706	628
cg07641284	0.11810027955529206	628
cg24547253	0.11809943628340358	628
cg14539363	0.11809193544440516	628
cg12060499	0.11808940560046988	628
cg00037457	0.11808828678019742	628
cg25792518	0.1180880634750221	628
cg13401703	0.11808453298476251	628
cg13739417	0.1180787509665516	628
cg26676468	0.11805870479837027	628
cg25889035	0.11805857416384247	628
cg03090969	0.118056794170106	628
cg21584831	0.11805679322966445	628
cg14020052	0.11805587401772458	628
cg03673694	0.1180556590302097	628
cg12707135	0.11805078194926226	628
cg01681098	0.1180443514093284	628
cg14171460	0.11803995692932118	628
cg18997124	0.11803712325017562	628
cg14385738	0.11803162343768647	628
cg01239735	0.11803075411536257	628
cg02330501	0.11802326083689363	628
cg09488203	0.11802316079290325	628
cg21929564	0.11802192846698029	628
cg16516712	0.11801856159305663	628
cg08972954	0.11800226559409518	628
cg10043155	0.11800057011679205	628
cg07458509	0.11799771079967161	628
cg13924715	0.11799531884888964	628
cg17178220	0.11799045665059738	628
cg01862641	0.11798826958125691	628
cg08944086	0.11798744860552512	628
cg05804047	0.11798717125930375	628
cg03900314	0.11797861399849335	628
cg07537095	0.11796799799856594	628
cg15665792	0.1179631325448251	628
cg14635955	0.11796206637232381	628
cg17257554	0.11795359003217298	628
cg05369623	0.11795175813735251	628
cg12091936	0.11795105280910856	628
cg06034527	0.11794690421936549	628
cg27411712	0.11793168817731559	628
cg17868538	0.11793031018319083	628
cg02506248	0.1179297059251948	628
cg05471495	0.11792670574973191	628
cg14391148	0.11792547417375399	628
cg10775039	0.11791549871082035	628
cg20424335	0.11791312530023318	628
cg23545828	0.11791083072006608	628
cg08616663	0.1179040766855444	628
cg17279125	0.11790385121299446	628
cg13065507	0.1179001267641237	628
cg25499543	0.11789648533253311	628
cg20160351	0.11789359390889581	628
cg08375222	0.11789332864381513	628
cg06555959	0.11788864168551827	628
cg07572773	0.11787669809514786	628
cg13626582	0.11787222930779567	628
cg07748255	0.11785759142434932	628
cg02582213	0.11785347320338285	628
cg13466694	0.1178509734685027	628
cg06358671	0.11785038477519372	628
cg22198853	0.11784643425791785	628
cg20161965	0.11783775666272397	628
cg24958342	0.11783132551064418	628
cg17400476	0.11783041965358299	628
cg15943038	0.11783024013745302	628
cg18108818	0.11782995865938106	628
cg07453440	0.11782781069969478	628
cg19872463	0.11782735646326264	628
cg24609101	0.11782655496906097	628
cg20691507	0.11782245211362531	628
cg11706729	0.11782128375408146	628
cg12542255	0.11782099295536211	628
cg04360793	0.11781940005260588	628
cg11389868	0.11781884117066588	628
cg02846841	0.11781541274717397	628
cg15095922	0.11781511960619023	628
cg25307332	0.11781424619072958	628
cg06850787	0.11781115553274013	628
cg20138186	0.11780830985192176	628
cg18566313	0.11779838518097818	628
cg19522050	0.1177970353199915	628
cg00387964	0.11779421590163605	628
cg04911005	0.11779336158704229	628
cg18113826	0.11779291639535838	628
cg25494075	0.11779072076986857	628
cg04525002	0.11778751576844793	628
cg14654833	0.11777862488226754	628
cg11699265	0.11777366031792241	628
cg17869960	0.11775986553108347	628
cg13068215	0.11775175726441084	628
cg06690831	0.11774113602638131	628
cg02184673	0.11773641506551633	628
cg24691891	0.11772470313405084	628
cg15341866	0.11772254638986182	628
cg10253847	0.1177213195673586	628
cg16654610	0.11772000303616748	628
cg18652683	0.11771583691047732	628
cg06259612	0.11771536597796181	628
cg11490944	0.11771507152307625	628
cg18637383	0.11771007435403436	628
cg13401014	0.11770680630871677	628
cg19247310	0.11769924090558065	628
cg00085434	0.1176931596027535	628
cg25392692	0.11768811216895458	628
cg06950952	0.1176873870792415	628
cg11732226	0.11768509091731283	628
cg15817769	0.11766889437852762	628
cg12967050	0.11766663350604101	628
cg17612681	0.11766417399403203	628
cg13924510	0.11766384564157084	628
cg00266592	0.11766375966030673	628
cg24965479	0.11765805176599631	628
cg06213468	0.11765231095564013	628
cg27413563	0.11764092064927364	628
cg16409012	0.11763796653749678	628
cg25278663	0.117633477467943	628
cg09514933	0.1176239855857239	628
cg19192626	0.1176091455483664	628
cg20878925	0.11760705232590146	628
cg01375262	0.11760403359996932	628
cg16045459	0.11759557401534984	628
cg02694427	0.11759369075225126	628
cg14987431	0.11759197312500946	628
cg14464551	0.11758856215192781	628
cg01740135	0.11758825311624399	628
cg05234121	0.11758690424155996	628
cg21561492	0.11758610053708166	628
cg09323727	0.11758181667995124	628
cg00524708	0.11757395228701056	628
cg05501426	0.11756360632458607	628
cg21040094	0.11756262222554581	628
cg09739398	0.11756020843287812	628
cg04017276	0.11754817565755818	628
cg06613817	0.1175477400950441	628
cg23079012	0.11754674336596138	628
cg12503473	0.11754297179113699	628
cg09272748	0.11754217342018014	628
cg11679455	0.11753891568894581	628
cg24166457	0.11753759616897463	628
cg04909854	0.11753749919816942	628
cg02642958	0.1175344483494421	628
cg16450577	0.1175328363459821	628
cg01419136	0.11752538850161098	628
cg26307871	0.11752237311971456	628
cg08973950	0.11752121795624282	628
cg01657186	0.11751712591190261	628
cg01981433	0.11751514633148114	628
cg09307431	0.11751182787154457	628
cg06758255	0.11750457939953196	628
cg03422583	0.11750450637053866	628
cg23810282	0.11750018401403325	628
cg05865746	0.11749520209545583	628
cg03354554	0.11749340522845353	628
cg20441135	0.1174903338118361	628
cg00830285	0.11748307101631325	628
cg19118533	0.1174674385638477	628
cg06181286	0.11746133025838645	628
cg18482112	0.11746073233708568	628
cg00320288	0.11746039453448981	628
cg26483229	0.1174557770709124	628
cg03750478	0.11745125026500042	628
cg06745511	0.11744441585783402	628
cg18126557	0.11743782340615522	628
cg06167221	0.11743755982781257	628
cg10172584	0.11742686820221931	628
cg10658197	0.11742386933786073	628
cg05153345	0.11741928009673958	628
cg20386316	0.1174181501132793	628
cg09784335	0.11741125852443288	628
cg12715811	0.11740786658469848	628
cg10526277	0.117407142189636	628
cg20399011	0.11740540287902884	628
cg10940462	0.11740500087086067	628
cg11155924	0.11739879732360747	628
cg19111459	0.11738583685590578	628
cg05068987	0.11738473420676439	628
cg01196788	0.11737053480763202	628
cg06261059	0.11736311753531964	628
cg14133850	0.11736228841074148	628
cg12697139	0.1173605663384234	628
cg20671415	0.11735288458217324	628
cg04617948	0.11734574110053567	628
cg17493885	0.11732997305684834	628
cg26087625	0.11732477544499226	628
cg08264481	0.11732171266298808	628
cg18207999	0.11731571841106903	628
cg26248066	0.11731425051870523	628
cg00655552	0.11730968144018694	628
cg25469418	0.11730740091697783	628
cg15026998	0.11730217619057756	628
cg21913335	0.11729026390239655	628
cg02477838	0.11728589434996972	628
cg25003697	0.11727961816443955	628
cg25045893	0.11726836953298675	628
cg17058383	0.11726727765043618	628
cg12675571	0.11726356030422086	628
cg00166343	0.1172631661905138	628
cg18781988	0.11726102690861823	628
cg18422587	0.1172594709374642	628
cg04703620	0.11724614098341588	628
cg08867549	0.11724551460270655	628
cg06340704	0.11724041564593457	628
cg19726343	0.11722668737643752	628
cg12734023	0.11721562211951247	628
cg02147681	0.11720937833223238	628
cg13800491	0.11720511917876228	628
cg04408104	0.11720096831533869	628
cg03875496	0.11719181248505955	628
cg07114009	0.11718423301987879	628
cg01331772	0.11718111268764386	628
cg13910651	0.11717505200013573	628
cg17589633	0.11716986289860709	628
cg03296248	0.1171632254397813	628
cg08612011	0.1171625809845204	628
cg05874732	0.11716132460057829	628
cg02705958	0.11715871618888984	628
cg24064594	0.11715802461323307	628
cg03309253	0.11715666163340539	628
cg02139853	0.1171554910807282	628
cg06217769	0.11714161312849	628
cg14496753	0.1171392645672783	628
cg20271692	0.11713354339355272	628
cg23753807	0.11712297803742747	628
cg17033333	0.11712277770326326	628
cg10578007	0.11712216227935349	628
cg23068939	0.11711634089572276	628
cg19623624	0.11711365970185211	628
cg02900990	0.11711179237982211	628
cg22058452	0.11710586103516116	628
cg18181229	0.11710491505145126	628
cg12879425	0.11710436178932929	628
cg19880790	0.11710284066965546	628
cg15780398	0.11709972241000777	628
cg07788437	0.1170995880359319	628
cg16017420	0.11709159549586001	628
cg23377551	0.11708950338032932	628
cg22779651	0.11708794612906509	628
cg00459623	0.117080779486932	628
cg14826683	0.11707980951113395	628
cg08311343	0.11707749654018189	628
cg05168012	0.11706789708915627	628
cg26782833	0.11706649506250144	628
cg19018201	0.1170591856639685	628
cg06902698	0.1170459475021285	628
cg22151713	0.11704534378926718	628
cg13020870	0.1170359969387536	628
cg20560283	0.11702904032797673	628
cg13022624	0.1170285114161913	628
cg00990020	0.11702831153620086	628
cg07244095	0.1170246862457969	628
cg04314711	0.1170223514599382	628
cg05716270	0.11702118077712878	628
cg05270106	0.1170114751659328	628
cg13597051	0.11700979769481623	628
cg06206801	0.11700819120098188	628
cg14185860	0.11700679021659782	628
cg04266474	0.11699888910498973	628
cg21574271	0.11699801771333157	628
cg03804255	0.1169973128089346	628
cg24888257	0.11699401595090139	628
cg15469871	0.11699258654996456	628
cg06138714	0.1169915520678389	628
cg26814987	0.11699113209250814	628
cg21936464	0.11697851952906124	628
cg13341982	0.11697834315348693	628
cg03326215	0.1169755950104241	628
cg26925463	0.11697283886212373	628
cg14457782	0.11694508960315503	628
cg14189678	0.11694382061630855	628
cg17348479	0.11693919322783536	628
cg25551714	0.11693746844091113	628
cg14602220	0.11693590847401497	628
cg22684370	0.11693357085783307	628
cg00747922	0.1169334842752725	628
cg18087306	0.11692952209409324	628
cg22756386	0.11692232692008142	628
cg26051413	0.11692194696799865	628
cg14678774	0.1169209814170657	628
cg03886558	0.11690784600635795	628
cg10082647	0.11690565969048156	628
cg04424119	0.11689635778519475	628
cg19603134	0.11689284067266356	628
cg15168615	0.11688882928675687	628
cg04804542	0.11688626188262141	628
cg05627029	0.1168832998848099	628
cg00253248	0.11688084022941289	628
cg08893692	0.11687342350808887	628
cg20107996	0.11687164249042556	628
cg25241559	0.11685565283142679	628
cg08923160	0.11685192914294246	628
cg07112337	0.11685143035343651	628
cg11476737	0.11684356704037516	628
cg02541592	0.11684156002463403	628
cg11920453	0.11683938310963043	628
cg27285720	0.11682615151082551	628
cg18147048	0.11681391160954746	628
cg13555354	0.11680029702585928	628
cg08230483	0.11679678921095321	628
cg22658846	0.11679616590875364	628
cg15744134	0.11679022687917529	628
cg13858127	0.11678796607964537	628
cg02059176	0.11678475757644208	628
cg22853588	0.11677977195620032	628
cg04951104	0.11677723630263925	628
cg10083258	0.11677155167481806	628
cg12788467	0.11676979126847681	628
cg19266671	0.11676181037298997	628
cg00778190	0.11675212033685747	628
cg18010718	0.11674702295327621	628
cg05901765	0.11674606753912198	628
cg11588197	0.11674499217277118	628
cg13617155	0.11674031607320118	628
cg02280532	0.11673972313343844	628
cg26967566	0.11673927442659998	628
cg20784259	0.11673481460664992	628
cg23053506	0.1167282880616976	628
cg02287007	0.11672332374630007	628
cg04312620	0.1167143956570385	628
cg12451631	0.11670736248882796	628
cg25561762	0.11669844685945724	628
cg05892626	0.11669604320473559	628
cg17838697	0.11669165728559927	628
cg17178291	0.11669039268284026	628
cg27228136	0.11668257208946585	628
cg04686230	0.1166812641289082	628
cg00317585	0.1166799592118139	628
cg12633154	0.11667554835350763	628
cg06816350	0.1166744501670462	628
cg14498592	0.11667234130923276	628
cg25203310	0.11667207421387382	628
cg22286382	0.11664527432547683	628
cg19465159	0.1166442571304952	628
cg12871285	0.11663804702087943	628
cg03032497	0.11663032195013878	628
cg13303464	0.11662458196912812	628
cg03736789	0.11661165133395468	628
cg21032008	0.11660707366739437	628
cg27441486	0.11660605144393718	628
cg16689761	0.11659910278464292	628
cg24744430	0.11659318085282522	628
cg13341668	0.1165872256356284	628
cg16066354	0.11658583894502819	628
cg07106394	0.1165842812820742	628
cg07248223	0.11658190126686774	628
cg11180921	0.11657909365849436	628
cg10380328	0.11657238799988362	628
cg12408990	0.11656803248045022	628
cg14236413	0.11656779837809905	628
cg17702388	0.11656678146494737	628
cg22635491	0.11656483588009225	628
cg19219778	0.116563367791119	628
cg12128839	0.11655530997483651	628
cg25590826	0.11655445807340759	628
cg05305434	0.11654311149612495	628
cg07371589	0.11654268856332037	628
cg24126180	0.11653713391176773	628
cg14789659	0.1165201317166065	628
cg18410316	0.11651866218009638	628
cg12519676	0.11651233068468864	628
cg06591011	0.11650270102451554	628
cg27628340	0.11649357203284427	628
cg27197651	0.11649122485707683	628
cg04026354	0.11648840728117477	628
cg21152753	0.11648145675111213	628
cg07929646	0.11647094692047327	628
cg22584618	0.11645943533868927	628
cg16410524	0.11645347645895734	628
cg13393408	0.1164507153487716	628
cg00852595	0.11644895319396617	628
cg07333191	0.11644768408913489	628
cg13558774	0.11642501944269384	628
cg19788186	0.11641780565603549	628
cg21587006	0.11641302040439111	628
cg03714619	0.11641163726405429	628
cg13280788	0.11639519247275998	628
cg06246357	0.1163920320715123	628
cg22027471	0.1163904051599346	628
cg15065877	0.11638893577330259	628
cg15538809	0.11637673320410288	628
cg26885268	0.11637369769013486	628
cg14395444	0.11637233780593606	628
cg08668790	0.11637080827081944	628
cg17171259	0.11636764162819338	628
cg01657574	0.11636731453304164	628
cg07870914	0.11636716759616442	628
cg20100910	0.11636231862632576	628
cg08077673	0.11635312151232025	628
cg00512404	0.11634749879242301	628
cg18698431	0.11634705288503627	628
cg14519356	0.11634665698117436	628
cg02019574	0.11634612378213119	628
cg15474402	0.11634558148012464	628
cg09174502	0.11634467426895179	628
cg02534072	0.11633820540395468	628
cg13051263	0.11633668174716005	628
cg19822110	0.11633618998305834	628
cg02532700	0.11632906471777604	628
cg01413054	0.11632834940373638	628
cg20137991	0.11632488855310447	628
cg08313420	0.11631159867636992	628
cg25628701	0.1162985562204466	628
cg18922994	0.11629270548919018	628
cg17551002	0.11629048686166371	628
cg16730652	0.1162904376936576	628
cg18566515	0.11628910672797052	628
cg03207666	0.11628684851059101	628
cg02709032	0.11628189744264567	628
cg13506158	0.11628182469989334	628
cg04531756	0.11627121649145694	628
cg24610561	0.11627014765884358	628
cg23052776	0.11626827117143512	628
cg23143210	0.11626691019450841	628
cg26947626	0.11626109468073118	628
cg00883831	0.11625919692624204	628
cg06908618	0.1162561928453193	628
cg02101812	0.11625451148537322	628
cg05002602	0.11625367173428541	628
cg20321706	0.11625046141766632	628
cg27127608	0.1162496442496018	628
cg06819251	0.1162399974749791	628
cg08918576	0.11623971125254973	628
cg13940908	0.11623735448278166	628
cg06272916	0.11623597462614237	628
cg11219400	0.11623377456747569	628
cg19506623	0.11623219624462477	628
cg24284741	0.1162321403919731	628
cg26019295	0.11621626501674737	628
cg14202791	0.11621276432010655	628
cg16112880	0.11621146247562367	628
cg27573308	0.1162073391995469	628
cg00363080	0.11620353952734777	628
cg07062336	0.11620344848576214	628
cg09574499	0.1162023116960278	628
cg04543938	0.11619268633946297	628
cg15028507	0.11619145215005006	628
cg03799283	0.11618423310294276	628
cg27395066	0.11618266883540496	628
cg23829024	0.11618263401289158	628
cg15761405	0.11618162171045329	628
cg20492034	0.11617326385059618	628
cg25695610	0.11616708242867348	628
cg25594736	0.11616552030741217	628
cg23518497	0.11616465909028967	628
cg17533927	0.11616340674850267	628
cg17002851	0.11616296027905612	628
cg26161261	0.11615886583662649	628
cg21572599	0.11615339934457336	628
cg22049858	0.1161497538203659	628
cg16565901	0.11614924974783858	628
cg02286091	0.11614476203916338	628
cg26781166	0.11614378140085785	628
cg11212178	0.11613505989321096	628
cg15864691	0.1161307366350442	628
cg03651886	0.1161206375296212	628
cg09337852	0.11612025714402976	628
cg00954841	0.11611642467709682	628
cg15205441	0.11611583704817074	628
cg18418051	0.11611201154677883	628
cg26010877	0.11610723461834066	628
cg02085507	0.11610709061334196	628
cg05199874	0.11610327324821798	628
cg03170036	0.11609261799843551	628
cg09034795	0.1160880158634211	628
cg19610529	0.11608366463739142	628
cg24764793	0.116082023315734	628
cg02131155	0.11607804405396563	628
cg04872689	0.11607276203358002	628
cg27504195	0.11607141152321215	628
cg04005059	0.11606975767708044	628
cg26818197	0.11606601443816877	628
cg25230235	0.11606495197712385	628
cg06224832	0.11606432380609455	628
cg15230985	0.11606423470963295	628
cg07804749	0.11606408196177476	628
cg05973084	0.11606201607762873	628
cg18628646	0.11605615770699418	628
cg11499091	0.11605556113718968	628
cg17884698	0.11605401213074981	628
cg04232282	0.11605350512967869	628
cg22952142	0.11604179303308451	628
cg24628744	0.11603654132104746	628
cg12718582	0.11603360537159318	628
cg01851874	0.11603300468572592	628
cg02469838	0.11603060537045509	628
cg09173621	0.11602994525093502	628
cg21245875	0.11602471949991588	628
cg06154633	0.116023554342016	628
cg04227892	0.11602266208810796	628
cg27152890	0.11601807320861668	628
cg26648203	0.11601176567482024	628
cg12810626	0.11601132538010778	628
cg22601108	0.11600923641349392	628
cg06508623	0.11600415644675366	628
cg03234702	0.1160031881306958	628
cg24114813	0.11600270835538898	628
cg10299976	0.11600199366494543	628
cg25045219	0.11600155109901211	628
cg00150025	0.11600046537124103	628
cg10548978	0.11599122767481973	628
cg12797828	0.11597536057640762	628
cg16549043	0.11596888073323461	628
cg03841136	0.11596826644244146	628
cg15224459	0.11596685253411626	628
cg08578641	0.1159629937984896	628
cg17211761	0.11596226373699234	628
cg18091245	0.11596174158795525	628
cg10428938	0.115952850517991	628
cg25023095	0.11594943649056894	628
cg07310406	0.11594271692731448	628
cg19640007	0.11593833020518363	628
cg21908129	0.11593180872081571	628
cg26402555	0.11592831055117486	628
cg22800743	0.11592285075153586	628
cg09804858	0.11591889840072295	628
cg05113927	0.11590525718194333	628
cg06040034	0.1158994402390578	628
cg06720660	0.11589918052583298	628
cg12911496	0.11589820604719331	628
cg07096763	0.11589663609591463	628
cg07834574	0.11589560716145264	628
cg08305551	0.11589540630681074	628
cg04249522	0.11589529113323266	628
cg05952379	0.11589248572847094	628
cg00816406	0.11588682466051847	628
cg15844191	0.11588226147835717	628
cg09596958	0.11587810282257208	628
cg02837536	0.11587704683260436	628
cg07376033	0.11586737074242742	628
cg14476487	0.1158622539989631	628
cg13941474	0.11585995760255446	628
cg20393620	0.11585543795520747	628
cg00332882	0.11585304324486223	628
cg07412315	0.11585201400148229	628
cg19378036	0.11584606423709606	628
cg14246568	0.11584518925755716	628
cg08009265	0.11583475805735716	628
cg13928485	0.115815699278081	628
cg00912772	0.11581546881131094	628
cg02609337	0.11581044724013734	628
cg22276811	0.11580978611448475	628
cg12360935	0.11580895614341546	628
cg11342198	0.11580493160469563	628
cg03280108	0.1158022190544884	628
cg01408860	0.11580094065477664	628
cg12966367	0.11579506781754892	628
cg02544383	0.11579505703147128	628
cg07591442	0.11578947280881263	628
cg15539944	0.11578285477729261	628
cg17247026	0.11577040316271614	628
cg15936366	0.11575670350863593	628
cg09449150	0.11575294239318054	628
cg01569440	0.11575161555458063	628
cg15262954	0.1157446125764332	628
cg04060128	0.11573773592511805	628
cg16398761	0.11573564483734666	628
cg05322273	0.11573528595188914	628
cg15292446	0.1157336524643573	628
cg19928955	0.11573090605451242	628
cg08206267	0.11571798145607523	628
cg08132573	0.11571588641850422	628
cg07048519	0.11571395960063513	628
cg09728333	0.11568459817395005	628
cg23839891	0.1156829787002393	628
cg12153755	0.11567980302447434	628
cg26395694	0.11566541625101773	628
cg26669897	0.11566231865971277	628
cg01867320	0.11566149188641611	628
cg16698281	0.11565824533195831	628
cg11677683	0.11565821234434892	628
cg05083033	0.11565775435026164	628
cg16653901	0.11565508598767937	628
cg03020503	0.11565450829199361	628
cg16099687	0.11564896456481089	628
cg03799405	0.11564806922030108	628
cg20663376	0.1156473344473277	628
cg06016911	0.11563618976066975	628
cg05101821	0.11562950344695089	628
cg25181170	0.1156247395233328	628
cg01687040	0.11562053927402377	628
cg11966450	0.11560338128029618	628
cg05234326	0.11559849856749055	628
cg26802026	0.11559753740445378	628
cg11241663	0.1155967341842174	628
cg22797514	0.11559054208138997	628
cg01074657	0.11558866491599182	628
cg09491536	0.11558588845306861	628
cg08155109	0.11558576618989519	628
cg17334266	0.11558200824922665	628
cg13618741	0.11558195341402178	628
cg16905004	0.11557962852586595	628
cg19443920	0.11557364154254929	628
cg25953692	0.11557336417888031	628
cg22128724	0.11557320011038691	628
cg08667128	0.11557245086711215	628
cg18061197	0.1155672012369876	628
cg15084543	0.11556377008471252	628
cg22093306	0.11556363738850578	628
cg20781216	0.11555813013640609	628
cg25599924	0.11554753381633343	628
cg10591771	0.11554574752392804	628
cg02668055	0.11554445426078735	628
cg20659435	0.11553795148009996	628
cg26166854	0.11553019268578035	628
cg22282405	0.11552951851566648	628
cg13763345	0.11552385558462785	628
cg00971613	0.11552154872443313	628
cg07189962	0.11551829260085694	628
cg22705959	0.11551436310642055	628
cg23732629	0.11551149554150392	628
cg25192717	0.11550631712155507	628
cg07349815	0.11549498676203465	628
cg24180162	0.11549304790272091	628
cg00582562	0.11549079592338093	628
cg02903822	0.11548610619339614	628
cg12702981	0.11547607765642351	628
cg16409977	0.11547376143679403	628
cg14911521	0.1154727786519491	628
cg20485084	0.11547104111127698	628
cg21167612	0.1154654639427371	628
cg23114964	0.11546440716113349	628
cg19913426	0.11546412714506527	628
cg16662451	0.11546115586840106	628
cg00033165	0.11546024990082634	628
cg13587802	0.11545166594764422	628
cg10572465	0.1154442025701588	628
cg20340716	0.1154425514733961	628
cg19025461	0.11543726189188569	628
cg05919685	0.11542609245966032	628
cg24023916	0.11542594881263762	628
cg18888655	0.11541428668554066	628
cg05254518	0.11540942584766811	628
cg09410389	0.1154024526192412	628
cg07249730	0.11538680940843676	628
cg24829483	0.11538667433432925	628
cg19669785	0.1153859001366	628
cg06100608	0.11538560524298058	628
cg15757853	0.11538289157584125	628
cg26180191	0.11538090194549233	628
cg12287936	0.11537114268385423	628
cg23289024	0.11536854558994042	628
cg24788034	0.11536387970757617	628
cg01727408	0.11536324372506557	628
cg18366919	0.11535927081662778	628
cg10784273	0.11535805583606629	628
cg03390187	0.11535637578847469	628
cg06686742	0.11535179408378521	628
cg22053945	0.11535143285221616	628
cg09993319	0.11534523875828945	628
cg25258233	0.11534255535085419	628
cg11479380	0.11534155837926097	628
cg19240678	0.115338658152629	628
cg25799059	0.11532089153725883	628
cg13757081	0.11531870469443462	628
cg19981828	0.1153180460611804	628
cg25826404	0.11531757677597163	628
cg19354017	0.1153076898511512	628
cg19663795	0.11528799532269673	628
cg21718735	0.11524987608380827	628
cg04205412	0.11524006228384442	628
cg04156293	0.11523529645684899	628
cg03985360	0.11523377866667586	628
cg23076537	0.11522209026986822	628
cg00160262	0.1152170278815125	628
cg15254671	0.11521337752968511	628
cg08693490	0.11521099169407775	628
cg06013494	0.11520922130300798	628
cg00913949	0.1152074747354229	628
cg23954880	0.11520543755751084	628
cg00272971	0.11519136987999501	628
cg11919577	0.11518634488371754	628
cg18285377	0.11518454590669913	628
cg15279364	0.11518316684380783	628
cg17221738	0.11517751776598886	628
cg23826980	0.11517592487856704	628
cg22980156	0.1151758446645878	628
cg26837644	0.1151732065252084	628
cg19653212	0.11517300860736433	628
cg23061396	0.1151724670595814	628
cg14893857	0.11517246004706017	628
cg09023624	0.11517055332542359	628
cg18890112	0.11516465911844323	628
cg01057656	0.11516065199823401	628
cg03274456	0.1151550406465941	628
cg24873592	0.11514627820415196	628
cg20142213	0.11513939831863595	628
cg14398113	0.11513891641219587	628
cg11565786	0.11513590058620515	628
cg04566826	0.11513564208379568	628
cg14185547	0.11513443684086194	628
cg15735417	0.11513269643800228	628
cg21163429	0.11512803508606095	628
cg16995742	0.11511958242078746	628
cg00860321	0.11511386748042318	628
cg05603527	0.11511155073916648	628
cg14042889	0.11510963811740962	628
cg09753013	0.11510957838202107	628
cg03334072	0.11510934912595713	628
cg10147797	0.11510687590465277	628
cg05630111	0.11510037342347418	628
cg24412662	0.115098930209863	628
cg08577953	0.11509865479230053	628
cg16594913	0.11509446431782516	628
cg24375409	0.11509188126316705	628
cg18899777	0.11508421383136186	628
cg25384897	0.11507516283920333	628
cg08792812	0.1150669185384324	628
cg15356461	0.115065213767578	628
cg13943068	0.11506394774178325	628
cg02961707	0.11506171405706314	628
cg24092939	0.11505522046588823	628
cg06526872	0.11505167566028907	628
cg13682735	0.1150511822918231	628
cg21576886	0.11505027620355121	628
cg14181576	0.11504131790727493	628
cg05825053	0.11503247688024182	628
cg21361094	0.115026360969531	628
cg07061298	0.11502125562878926	628
cg13423554	0.11501836731222995	628
cg17438636	0.11501401563827762	628
cg13857678	0.11501135198539894	628
cg13487445	0.11500342334551317	628
cg10439246	0.11500080828621143	628
cg17581065	0.11499944165740515	628
cg21301805	0.11498191173696787	628
cg01883635	0.1149799037851513	628
cg00672214	0.11497821170271627	628
cg15619820	0.11497505738494579	628
cg14223001	0.11496859880926319	628
cg00584026	0.11496453676717122	628
cg16434331	0.11495858847265444	628
cg13630560	0.11495821573403253	628
cg20985082	0.1149551191930625	628
cg07336350	0.11494968699794977	628
cg14832904	0.11494856422824995	628
cg10388307	0.11494825959389349	628
cg25814293	0.11494039869583406	628
cg18693141	0.11492992895926801	628
cg21130926	0.11491329712089648	628
cg14106308	0.11491085641829962	628
cg22549870	0.11490644807574842	628
cg05878390	0.11490523168220335	628
cg25433760	0.11489033446197788	628
cg18011916	0.11488378343814681	628
cg20000866	0.1148813943827591	628
cg02384546	0.11488031055483383	628
cg23359665	0.11487867327313232	628
cg17033499	0.11487452358980632	628
cg09866275	0.11487002640833535	628
cg16277139	0.1148692798188361	628
cg18276112	0.1148682290787153	628
cg02250291	0.1148529885891933	628
cg19706515	0.11485056994347137	628
cg00462107	0.11484249287106571	628
cg10900537	0.11484001523321163	628
cg04202465	0.11483741413035398	628
cg04859102	0.11483632858369175	628
cg25734089	0.11483606781067168	628
cg21282282	0.11483102311742371	628
cg10004481	0.11482687154605115	628
cg21238609	0.11482520625348236	628
cg11738604	0.11482417568691189	628
cg25626472	0.11482327066324036	628
cg11781335	0.11482264126671438	628
cg01149192	0.11482202902264965	628
cg01493728	0.11482049863564775	628
cg24440658	0.1148125044184149	628
cg00404923	0.1148112841800158	628
cg15320474	0.11481021893176557	628
cg20061654	0.11480262645035283	628
cg20026673	0.1147948182700399	628
cg01730970	0.11479259614316889	628
cg23397741	0.1147908257020183	628
cg03171003	0.11479015735176401	628
cg18159323	0.11478460500154308	628
cg23491743	0.1147821198959762	628
cg24200165	0.11478020473123188	628
cg10898335	0.11477594954674536	628
cg19172487	0.11477555750037816	628
cg10752190	0.11476981320938567	628
cg04934031	0.11475366268479131	628
cg09869729	0.11475133580490632	628
cg20336172	0.11474472358151655	628
cg25578176	0.11474159650072585	628
cg11157172	0.11473922934547182	628
cg07843390	0.11473723706811631	628
cg05934682	0.11473394625779004	628
cg12065779	0.1147337177818195	628
cg19563307	0.11473344154871884	628
cg27213872	0.11472824389559455	628
cg22863920	0.11472760547824393	628
cg19744936	0.11472378644414744	628
cg11236641	0.11472124676834278	628
cg26893605	0.11471552624924658	628
cg11323985	0.11471323536852543	628
cg09077096	0.11470948524990132	628
cg04016730	0.11470938332201147	628
cg22609785	0.11470928833029823	628
cg21004982	0.11470515631929956	628
cg24606807	0.11470495503469874	628
cg18470427	0.1147034549544283	628
cg04499514	0.11470275226124121	628
cg04332442	0.11470223777425728	628
cg22538355	0.1147022122129181	628
cg00927226	0.11469746560742738	628
cg08540215	0.114695608074603	628
cg14517355	0.11469068233091248	628
cg21272897	0.11468955179820842	628
cg25733272	0.11468901431166845	628
cg26229752	0.11468858445501873	628
cg08905753	0.11468780843867848	628
cg09893570	0.1146872799018433	628
cg05067125	0.11468074109758139	628
cg04864807	0.11467502235131594	628
cg07777652	0.11467483222125702	628
cg13023646	0.11467415896236785	628
cg02461114	0.11464740984789451	628
cg06915226	0.11464537173142642	628
cg18433109	0.11464035527662125	628
cg17969683	0.11463727454295924	628
cg26549701	0.11463540536786429	628
cg01539849	0.11463137290749326	628
cg17017317	0.11462904959317238	628
cg14359824	0.1146251368375058	628
cg10463299	0.11462251620090183	628
cg02324432	0.11462006547032538	628
cg08276645	0.11461048020424364	628
cg04436634	0.11460764699844223	628
cg07787634	0.11460612456481545	628
cg22982093	0.11460363756186562	628
cg02673417	0.11460054425231692	628
cg03280245	0.11459441033107964	628
cg27036341	0.11459434066531227	628
cg05209917	0.11458555476313043	628
cg14491761	0.11458553704359642	628
cg00558804	0.11458319338035505	628
cg08500417	0.11458312970429207	628
cg12018098	0.11457726923133088	628
cg04800503	0.1145761371137686	628
cg19651184	0.11457476053869092	628
cg10632770	0.11457438602446385	628
cg17274742	0.1145574363317059	628
cg13973436	0.114541064149554	628
cg14761019	0.11454088172523197	628
cg07909128	0.11453838503060798	628
cg08738571	0.11453741831765252	628
cg20454002	0.11453469238260039	628
cg13791841	0.11453008855339303	628
cg16324958	0.11452641373556263	628
cg24902339	0.11452280538497733	628
cg17560015	0.11452232863955175	628
cg15878317	0.11451684455339702	628
cg15286094	0.11451621193446163	628
cg15585183	0.11451472109433458	628
cg08147813	0.11451401669640038	628
cg27358154	0.1145121818850709	628
cg20663852	0.11450666483790575	628
cg13261825	0.11450446056227864	628
cg07347049	0.1145005245614964	628
cg16604126	0.11449514124755356	628
cg23797100	0.11449455015370433	628
cg08907436	0.11448979295620254	628
cg08368617	0.114488307470499	628
cg09125300	0.11448543934638808	628
cg09571376	0.114481273199521	628
cg04685228	0.11447831262569846	628
cg16314254	0.11447692950771643	628
cg04838832	0.11447447333738198	628
cg26924392	0.11447157738889857	628
cg18675847	0.11447157718298151	628
cg18486815	0.11447065210573965	628
cg02605601	0.1144654126600747	628
cg01583485	0.11445017080820985	628
cg23749482	0.11444834313190391	628
cg11907477	0.11444486733978759	628
cg24685134	0.11444251833246435	628
cg06352750	0.11444087413831852	628
cg11917579	0.11444007712271115	628
cg22686132	0.11443922327356193	628
cg03214697	0.11443832146754652	628
cg12273284	0.11443156695111617	628
cg15646741	0.11442995175292991	628
cg20487608	0.1144226443321979	628
cg19071452	0.11441407379424862	628
cg08199758	0.11441186669992182	628
cg06530563	0.11440855104541542	628
cg04785083	0.1144028480872917	628
cg16760130	0.11440283091708969	628
cg00685622	0.11440042920696636	628
cg01279219	0.11439449707636923	628
cg03398002	0.11439186044066252	628
cg23848712	0.11439182238567097	628
cg09150064	0.11439140970138917	628
cg06884470	0.11438995612075287	628
cg22677475	0.11438976679263796	628
cg03577157	0.11438792432205638	628
cg07531268	0.11437871485246404	628
cg11202686	0.11437410493826544	628
cg12492087	0.11437266786191119	628
cg14240060	0.11436973790929006	628
cg06711259	0.1143678070125943	628
cg14608770	0.11436449725472697	628
cg08580380	0.11436312771609608	628
cg23063647	0.11436132687642217	628
cg19911430	0.11436091499790951	628
cg21453378	0.11435716525748413	628
cg08675117	0.11435690654855729	628
cg09238199	0.11435642591255338	628
cg15635633	0.11435179856708311	628
cg12019614	0.11434567160518068	628
cg01620164	0.11434379232818714	628
cg06721393	0.11433566243008078	628
cg00809164	0.11432824682667478	628
cg09719124	0.11432780281106503	628
cg18045100	0.11432633169267459	628
cg21531300	0.1143226063196065	628
cg18082788	0.11432114321464093	628
cg21687740	0.11431468252060684	628
cg14312334	0.11430038402728865	628
cg01957585	0.11429980031476622	628
cg20064139	0.11429448588776403	628
cg22691986	0.11428217482663361	628
cg19978312	0.11427598727956201	628
cg23466491	0.1142719371791418	628
cg26534847	0.11426718635942573	628
cg26546884	0.11426390142680398	628
cg11007962	0.11425775794311921	628
cg19192280	0.11425118773792926	628
cg08289700	0.11424951731595528	628
cg04623371	0.1142480984047162	628
cg07915896	0.1142440289719146	628
cg01214458	0.11424063222495778	628
cg11716270	0.11423475029628308	628
cg17126555	0.11423284745846018	628
cg06143732	0.11423253651697829	628
cg25895948	0.11422768413487819	628
cg15368264	0.1142246803190601	628
cg25857471	0.11422453068923288	628
cg22278033	0.11421201312137014	628
cg20536041	0.1142062772240432	628
cg08461097	0.114205397689046	628
cg11052202	0.11420520159321051	628
cg18121224	0.11419748747633984	628
cg05042749	0.11419613633706913	628
cg12434944	0.11419522300956128	628
cg02658043	0.11418940162885838	628
cg21750915	0.11418407255321816	628
cg05520500	0.11418324916924344	628
cg14020824	0.11418259818354076	628
cg10158821	0.11417889029076028	628
cg02268561	0.11417528467513038	628
cg14136420	0.1141742506582415	628
cg21917448	0.11417392289687245	628
cg14510967	0.11417228536186674	628
cg05811904	0.11417123257309342	628
cg13733615	0.11416610278923117	628
cg14613540	0.11416484047739914	628
cg23568643	0.11416289363708934	628
cg22825473	0.11416265717072008	628
cg26058731	0.11416131994419387	628
cg09290705	0.11416083711107824	628
cg22466678	0.1141537081681904	628
cg19196335	0.11415288246651223	628
cg07580591	0.11415264164580116	628
cg27255329	0.11414837997714006	628
cg18044543	0.11414405869500094	628
cg12659883	0.11414342244415074	628
cg00356131	0.11414325493644811	628
cg19695507	0.11413489454902553	628
cg05647929	0.11413263213954894	628
cg03750567	0.1141246805738703	628
cg03155112	0.11411912384715162	628
cg00026290	0.11411832127643592	628
cg08363684	0.1141172423254877	628
cg20031845	0.11411557764728428	628
cg22928386	0.11411427870237809	628
cg06800235	0.11410579392367937	628
cg12297819	0.11410576163903074	628
cg13287247	0.11410558105391358	628
cg04005969	0.11410220960375281	628
cg21773297	0.11410146697907253	628
cg04425617	0.11409867188746697	628
cg22605290	0.11409796756182045	628
cg26929547	0.1140963262358593	628
cg13992402	0.11409612990332174	628
cg26872907	0.1140938740290026	628
cg14473145	0.11409272188046118	628
cg18749015	0.11409227771868051	628
cg22990967	0.11409201444444	628
cg25164886	0.11409183175311699	628
cg24441810	0.11408632524977011	628
cg01724456	0.11407833225853209	628
cg10249224	0.11407811013135699	628
cg03321196	0.11406851921307076	628
cg09015921	0.1140662432669034	628
cg12754571	0.11405927221486578	628
cg16454852	0.11404903016873857	628
cg15046123	0.11404897598573216	628
cg14972576	0.11404725243951747	628
cg24676071	0.11404212874696729	628
cg19858214	0.11403946647277635	628
cg24126967	0.1140318143768144	628
cg25739715	0.11403167065969388	628
cg10949007	0.1140298952619195	628
cg17964844	0.11402195447587618	628
cg09144964	0.11401789779589205	628
cg05287480	0.11401780688762686	628
cg06670039	0.11401297842853819	628
cg17605084	0.11400978707732964	628
cg26117778	0.11400825962865785	628
cg25219728	0.114007587221362	628
cg06567829	0.11399814703618666	628
cg14515791	0.11399628505572379	628
cg27569446	0.1139951257884616	628
cg25099095	0.11399261095221017	628
cg20945738	0.11399200211314359	628
cg17680823	0.11398966462003829	628
cg25320388	0.11398859583267106	628
cg10911287	0.11398766610487276	628
cg03901660	0.1139864239885583	628
cg11830096	0.11398275996487961	628
cg17196051	0.11397582133843354	628
cg00017826	0.11397435446440318	628
cg05106191	0.11397174722018955	628
cg14487292	0.11396690838208999	628
cg16217803	0.1139668958936661	628
cg08117745	0.11396527008796642	628
cg00601836	0.11396165377914516	628
cg22293458	0.11396104128967638	628
cg24838240	0.1139570690156897	628
cg12414174	0.11395204873664391	628
cg07499032	0.11393928595853436	628
cg26678765	0.11393441819597278	628
cg19416795	0.11393338674551967	628
cg18662228	0.1139278059408447	628
cg21167817	0.11392669398888572	628
cg11975793	0.11391533436936518	628
cg10400081	0.11390368084929067	628
cg21609154	0.11390258986448676	628
cg03272225	0.11390019701769927	628
cg09387486	0.11389704139460916	628
cg07904475	0.11389670323668347	628
cg08474521	0.11389220135101408	628
cg25800500	0.11388952202490407	628
cg20699274	0.11388109206942887	628
cg11113066	0.11388016105317145	628
cg20531550	0.11387561795007811	628
cg03698716	0.1138751061541024	628
cg10107725	0.11386818328244125	628
cg00776174	0.11386772586078386	628
cg20223392	0.1138561050328662	628
cg14999168	0.11385035531784918	628
cg03186333	0.11384350853803249	628
cg07184316	0.11383726804221062	628
cg04601228	0.11383618413733879	628
cg17737409	0.11383565473364832	628
cg13427748	0.11383351001314734	628
cg05267204	0.11383039767432962	628
cg11748187	0.11382642683499217	628
cg21830459	0.11382420401469273	628
cg03240301	0.11382290948373552	628
cg14181940	0.11382095912497167	628
cg20452714	0.11381664446116077	628
cg21914290	0.11381538835899851	628
cg02689640	0.11381522436258673	628
cg24642064	0.11379111032561329	628
cg14235846	0.11378315165872198	628
cg25866143	0.11378235603036232	628
cg02900183	0.11378129315684243	628
cg01543184	0.11377213439973427	628
cg15084433	0.11376803377334915	628
cg19788250	0.11376791240925765	628
cg05330472	0.11374171972982516	628
cg25113157	0.1137385299513827	628
cg04259326	0.11373788163200133	628
cg19533977	0.11373434314958131	628
cg10964944	0.11373340911579599	628
cg11757040	0.11373280163795926	628
cg00317837	0.11372884692949606	628
cg00925802	0.11372358680182357	628
cg08254842	0.11371660781189996	628
cg12512013	0.1137153101152622	628
cg16847637	0.11371199316445979	628
cg23928165	0.11371087099437796	628
cg05878887	0.11370869372224657	628
cg14397696	0.11370734320396716	628
cg05621339	0.11370693159901438	628
cg19311470	0.11370442564217806	628
cg00999988	0.11370012708126248	628
cg11165158	0.1136956090548181	628
cg25980637	0.11369319257334229	628
cg25106707	0.11368562058016607	628
cg02529544	0.11368259103028605	628
cg06640593	0.11368120249636166	628
cg16695758	0.11367985358770707	628
cg01070161	0.11367523140451335	628
cg01324474	0.11367261364871867	628
cg26469099	0.11366790243675234	628
cg14599823	0.11366736789153709	628
cg00931644	0.11366154230875197	628
cg24923430	0.11365494482089289	628
cg12187586	0.11364581749676116	628
cg04639241	0.1136414568650504	628
cg02804240	0.1136408145557094	628
cg08687948	0.11363516942414287	628
cg17808195	0.11363237721246505	628
cg26010218	0.1136222483556871	628
cg12802570	0.11362148455831378	628
cg06255601	0.11361602793000584	628
cg25461290	0.11360885962625206	628
cg09667289	0.1135978045463491	628
cg05658107	0.11359403474990132	628
cg09533869	0.11358792304414525	628
cg25976672	0.11358784565783703	628
cg22510376	0.1135872464193784	628
cg20709110	0.113583838240252	628
cg13780718	0.11357740825216106	628
cg16985288	0.11357341236415502	628
cg24177393	0.11356867534187748	628
cg03638781	0.11356613364824947	628
cg16385330	0.11356542853549884	628
cg25608078	0.11356517600287652	628
cg22029587	0.11356321502736905	628
cg23514619	0.1135600236210491	628
cg13080565	0.1135562962531402	628
cg16711011	0.11355521812578645	628
cg21663431	0.11355313871096784	628
cg15200418	0.11355037799405904	628
cg03127558	0.11354772296839633	628
cg00513941	0.11354273195169559	628
cg13241681	0.11354255974536609	628
cg06816156	0.11354049224088109	628
cg00860354	0.1135395028343259	628
cg18851100	0.11353665173911498	628
cg16393012	0.11353597694811839	628
cg03510186	0.1135346116722907	628
cg01306747	0.11352913869463166	628
cg07696842	0.11352913573402312	628
cg04507071	0.11352722497835177	628
cg12109823	0.11352004279119857	628
cg01144086	0.11351716677031665	628
cg10855427	0.11350930494981942	628
cg12937186	0.1135062188299531	628
cg08355260	0.11350555675388313	628
cg23969554	0.11350529308551499	628
cg19247654	0.11350205270992153	628
cg01857748	0.11350149675758336	628
cg19119945	0.11349801905783677	628
cg00515954	0.1134909976906201	628
cg18918390	0.1134816135830955	628
cg10709708	0.11348063074391718	628
cg17157894	0.11347246733031563	628
cg20120438	0.11347183496558785	628
cg16246661	0.1134690593162132	628
cg14703829	0.11346756698149196	628
cg25007799	0.11346605310922614	628
cg26067760	0.11346256518947309	628
cg17454094	0.11345832064321248	628
cg23331981	0.11345419937343582	628
cg04889800	0.11345376011511626	628
cg16826739	0.11344600478723338	628
cg11081894	0.1134403247301507	628
cg21463262	0.11343087700457194	628
cg05767720	0.11342982642223767	628
cg21312148	0.11342766857146475	628
cg14299115	0.11342678391356026	628
cg16617366	0.11342624415536418	628
cg11232245	0.11342359211133948	628
cg10156493	0.11341609858386142	628
cg02395917	0.11341013315392134	628
cg08461339	0.11340632598846945	628
cg25961432	0.11340606126753547	628
cg16328394	0.11340209333105272	628
cg08465307	0.11340082891021411	628
cg16306670	0.11339542181651341	628
cg10546219	0.11339119692074393	628
cg08969950	0.11338980019113493	628
cg03259564	0.1133842321414128	628
cg06787924	0.11338419340431793	628
cg08826839	0.1133816997830771	628
cg00675891	0.11337459099581298	628
cg13631075	0.11337264500394667	628
cg00028211	0.11336860844888835	628
cg02095697	0.11335037817868615	628
cg24713667	0.1133499162116286	628
cg16233472	0.11334467847887725	628
cg14543508	0.11333717472132906	628
cg10506844	0.1133349284030443	628
cg02851435	0.11332951933171509	628
cg05667107	0.11332878472427305	628
cg27405400	0.11332608218021276	628
cg06617636	0.11331853064794656	628
cg02730139	0.11331504328687314	628
cg05016408	0.11331459160855356	628
cg17648080	0.11331046285027693	628
cg27645259	0.11331016454168097	628
cg04683516	0.11331012934963092	628
cg27214730	0.11330778524934204	628
cg11119760	0.1133062604061072	628
cg07251141	0.11330491897250061	628
cg05968904	0.11329967977188533	628
cg00421089	0.11329916192511169	628
cg10776061	0.11329814373164615	628
cg11371748	0.11329514316938241	628
cg24390932	0.11329211784666154	628
cg18285337	0.11329061236132063	628
cg15385853	0.11328928897963214	628
cg24599270	0.11328669461413415	628
cg06804411	0.11328475181914649	628
cg01760027	0.11328423554760639	628
cg15862394	0.11327999318759388	628
cg06447424	0.11327871440865728	628
cg11533881	0.11327611484728488	628
cg08703872	0.11327506493845113	628
cg03665853	0.11326955812232625	628
cg02005600	0.11326227808262712	628
cg09550083	0.11325793574223586	628
cg22679813	0.11325460858150194	628
cg02510802	0.1132426441447793	628
cg25132230	0.1132368471512406	628
cg17606183	0.11322983387575197	628
cg25401210	0.11322912757973874	628
cg10553204	0.11322904874615164	628
cg21557724	0.11322856660432207	628
cg05238917	0.11322362990762966	628
cg13213009	0.11321156593428486	628
cg14171369	0.11321108270351771	628
cg10142520	0.11321028364090807	628
cg05487954	0.11319471030942124	628
cg01263942	0.11319245284817059	628
cg01231125	0.11318939251391907	628
cg25839439	0.11318931037402674	628
cg10393744	0.11318337779262935	628
cg00663077	0.11317343242074432	628
cg09544728	0.1131710003925015	628
cg19478539	0.11316922194462004	628
cg21725878	0.11316603139371856	628
cg11582018	0.11316365934749811	628
cg03392753	0.11316081274598999	628
cg23038594	0.1131588519781605	628
cg16785381	0.11314746807061785	628
cg01927921	0.11314282127234826	628
cg18615133	0.11313687067585107	628
cg04340430	0.11313186928269015	628
cg09969277	0.1131303338108251	628
cg08641881	0.11313020572315075	628
cg24018174	0.11312908610168954	628
cg04192879	0.11312842083073257	628
cg19317600	0.11312625097960691	628
cg14809932	0.11312155210376951	628
cg05171197	0.11312023592873394	628
cg22550229	0.11311731982653131	628
cg14269096	0.11311706834385249	628
cg10103850	0.1131102812949672	628
cg13800802	0.11310789869581461	628
cg26130488	0.11310638652878593	628
cg26153054	0.11310346635733781	628
cg14870156	0.11310299775148583	628
cg09670128	0.11309565950062582	628
cg14345676	0.11308990095304639	628
cg06002516	0.11308803670641321	628
cg23725323	0.11308643101354271	628
cg00211403	0.11307991062549855	628
cg23900681	0.1130688405932404	628
cg06431681	0.11306633174941932	628
cg18595065	0.1130659161037742	628
cg24113266	0.11306563580696455	628
cg14796305	0.11305101667099951	628
cg09458566	0.11305022234352624	628
cg10194729	0.1130469934716487	628
cg08557179	0.11304368256323863	628
cg20484352	0.11303761956808026	628
cg12468255	0.1130363822607962	628
cg26180255	0.11303509365674419	628
cg15962744	0.11303001562314854	628
cg03250947	0.11302199490369441	628
cg24103040	0.1130121334198532	628
cg09719342	0.11301101923813694	628
cg25967031	0.11301011135668554	628
cg03575666	0.11300936918046922	628
cg07159758	0.11300116506334928	628
cg04126261	0.11300097477129362	628
cg27331292	0.1129886695225901	628
cg15701794	0.11298628673809658	628
cg18058230	0.11298474467169925	628
cg26337070	0.11298351204618559	628
cg03301582	0.11298112749673384	628
cg10409981	0.11298015178601192	628
cg00744351	0.11297323189143499	628
cg06875413	0.11296674837394766	628
cg12357534	0.1129594910610826	628
cg23732608	0.1129581561702036	628
cg14519350	0.11295624146056865	628
cg22008490	0.1129518848743798	628
cg26855801	0.1129516571283268	628
cg23766724	0.11294423994149061	628
cg24262376	0.11293957562573378	628
cg12265878	0.11293955928668495	628
cg09583041	0.11293189582468136	628
cg27117509	0.11292508381079408	628
cg04645150	0.11292351095381181	628
cg17083685	0.11292037209420674	628
cg14822754	0.11292034809226842	628
cg05511778	0.11291234970984987	628
cg16331599	0.11290810717744171	628
cg26066361	0.11290698571828606	628
cg19020855	0.11290631390263134	628
cg02413187	0.11290579878696103	628
cg26125690	0.11289788178284482	628
cg24065270	0.11289513977468274	628
cg06963109	0.11289434218386706	628
cg01209296	0.11289273117522408	628
cg18755094	0.11287911181826848	628
cg18202080	0.1128684905027893	628
cg01502466	0.11286647550988482	628
cg01584389	0.11286133791304181	628
cg23101649	0.11285680924135155	628
cg11505661	0.11285185273296061	628
cg14882311	0.11284966297325211	628
cg21334513	0.11284854938366964	628
cg12314682	0.11284765142416708	628
cg15928106	0.1128379246825455	628
cg02169391	0.11283039948623741	628
cg16983159	0.11283018661145755	628
cg17674042	0.11282740261858024	628
cg09156207	0.11282645229455313	628
cg11285912	0.11282628510443765	628
cg21785034	0.11280772109789183	628
cg24480810	0.11280717358519088	628
cg08473240	0.11280179216948821	628
cg12152384	0.11279941742322891	628
cg07573366	0.11279131173646512	628
cg05050042	0.11278034901620548	628
cg25644740	0.11277962269487901	628
cg11267879	0.11277150889367715	628
cg23089272	0.11276965480785195	628
cg04322572	0.1127689796349049	628
cg01068601	0.11276751015619374	628
cg24272697	0.11276385811235795	628
cg21775245	0.11276029198323528	628
cg00045607	0.11275959991674739	628
cg05204104	0.11275596131556437	628
cg04118910	0.11275531911370212	628
cg02331910	0.11275405746790243	628
cg26816432	0.11275011713789684	628
cg09640300	0.11274877465043781	628
cg00159523	0.11274404134262545	628
cg26104072	0.11273508112180905	628
cg07919443	0.1127313181770958	628
cg19378416	0.11272799200124248	628
cg17242351	0.11272455535260245	628
cg08390172	0.11272444508495397	628
cg21492127	0.1127234928129977	628
cg10801060	0.1127172477113087	628
cg01832712	0.11271704615436162	628
cg04546205	0.11271626895045456	628
cg13292636	0.11271102990736759	628
cg16627786	0.11270986547287373	628
cg21155834	0.11270961270392044	628
cg17924044	0.11270950317416106	628
cg18776945	0.11270605574183529	628
cg22331159	0.1127058601189686	628
cg13550401	0.11269784155010659	628
cg18645081	0.1126966773433502	628
cg01424562	0.1126944252982299	628
cg10767420	0.11269016583352068	628
cg24704593	0.1126867666512561	628
cg04695732	0.11268466178922551	628
cg07671477	0.11268140159991369	628
cg27295342	0.11268074447997589	628
cg06872172	0.1126776509854549	628
cg19964761	0.1126711503513777	628
cg17601191	0.11266897259853048	628
cg24631102	0.11266825934873007	628
cg08061524	0.11266672833611968	628
cg02954903	0.11266153398333684	628
cg17143192	0.11265938129804334	628
cg19005210	0.11265820565220075	628
cg26521129	0.1126462867235146	628
cg03124514	0.11264580082501308	628
cg26120787	0.1126457350418833	628
cg20826709	0.11264262972148914	628
cg14781778	0.11264220278136008	628
cg26870725	0.11263840647436639	628
cg25950112	0.11263763355056042	628
cg24465224	0.11262612782267406	628
cg23770265	0.11261866868667791	628
cg15626350	0.11261644271951213	628
cg05004142	0.1126163925209116	628
cg20555562	0.11261507427944423	628
cg03742629	0.11261488585628915	628
cg19463256	0.11261394240659561	628
cg08859309	0.11260784451449479	628
cg06066587	0.11260751385345374	628
cg00905220	0.11260664687613631	628
cg00084770	0.11260406512009039	628
cg15754594	0.11259933665833022	628
cg09285851	0.11259753272737003	628
cg18633600	0.11259691471276148	628
cg02394186	0.11258798807949005	628
cg07893738	0.11258560620207653	628
cg25929664	0.11257968082007755	628
cg03026373	0.11257837041424384	628
cg05833351	0.11257471994310941	628
cg01987353	0.11256904020824912	628
cg26894484	0.11256375401603202	628
cg01409709	0.11255942859152346	628
cg05576619	0.11255941897466316	628
cg12434889	0.11254801031007838	628
cg19391924	0.11254503864354254	628
cg14431024	0.11254358617293636	628
cg00694520	0.11254334253060505	628
cg22824635	0.11253841767927508	628
cg18809126	0.11253569179775241	628
cg04221650	0.11253298967878744	628
cg13551535	0.11253211271507008	628
cg23634477	0.11253150040883442	628
cg16291699	0.1125226765109939	628
cg26992028	0.1125112800563699	628
cg07290269	0.1125110497422395	628
cg08441803	0.11250963866039024	628
cg00223767	0.11250736653056015	628
cg22578425	0.11249568196081167	628
cg12618270	0.11249382359114607	628
cg04896832	0.1124911013241551	628
cg07438452	0.11248875288633275	628
cg27499850	0.11248758095581446	628
cg11615395	0.11248743716759858	628
cg06604249	0.11248459280621734	628
cg09501959	0.11248157330556335	628
cg00428457	0.11247951381456195	628
cg24694549	0.11247379430451065	628
cg09742465	0.11247024700928271	628
cg04921315	0.11246854650758453	628
cg07547765	0.11246825956969922	628
cg20691608	0.11246808998045801	628
cg06744585	0.11246386291761637	628
cg16581738	0.1124569820192709	628
cg07039404	0.11244967267804562	628
cg23520688	0.11244892369603166	628
cg04268624	0.1124473652323191	628
cg20706526	0.11244465845423635	628
cg15507690	0.11244219957478513	628
cg24318032	0.11243937641337731	628
cg26280326	0.11243857822232883	628
cg04223553	0.11243112701753905	628
cg27131953	0.11242666972566381	628
cg18420599	0.11242177433593897	628
cg18770446	0.1124166400983524	628
cg03043127	0.11241571787711885	628
cg21999471	0.11241394048192563	628
cg01367992	0.1124136752910237	628
cg21842920	0.11241238682527124	628
cg11532431	0.11240966892267752	628
cg23943268	0.11240949448442697	628
cg20318166	0.11240775792171862	628
cg05279229	0.11240733909793044	628
cg25535435	0.11240375042488904	628
cg07381806	0.11240171324245685	628
cg01843506	0.11239997242165473	628
cg16580985	0.11239466569398435	628
cg11650763	0.11239111752730613	628
cg13104713	0.11238792488589228	628
cg07099073	0.11238791904032652	628
cg09606470	0.11238494048269981	628
cg15356966	0.11237840552374459	628
cg14658964	0.11237742245397087	628
cg00593773	0.11237613869213342	628
cg22531266	0.11237598362138337	628
cg23627062	0.11237105166078865	628
cg26198107	0.11236786144840089	628
cg19320816	0.11236221012421144	628
cg15122439	0.11235347223169592	628
cg16262559	0.11234456344829946	628
cg16297011	0.11234154783393437	628
cg18457597	0.11233699142113995	628
cg09648467	0.11233568431372126	628
cg00899400	0.11233544916720822	628
cg24820672	0.11233406730514454	628
cg27224791	0.11233286330787223	628
cg06347083	0.11232223071461278	628
cg26055747	0.11231836250215105	628
cg02315271	0.11230901537943244	628
cg03110310	0.11230900489676687	628
cg07048608	0.11230550973518477	628
cg04406111	0.1123029412895169	628
cg19108747	0.11230280040848278	628
cg00325125	0.11230096202563475	628
cg09392827	0.11229767322144563	628
cg25479788	0.11229676736217363	628
cg04086097	0.11229370583203924	628
cg09893947	0.11229120892958844	628
cg01032675	0.1122888974604962	628
cg23109344	0.11228354939571666	628
cg07198752	0.11228135844835219	628
cg26977256	0.11228045378630558	628
cg12874792	0.11227912834599318	628
cg26254345	0.11227576512140366	628
cg09225457	0.11227362584997189	628
cg02393479	0.11226979526882325	628
cg25385940	0.11226637654550556	628
cg16851482	0.11226617856852522	628
cg18650670	0.11225982254153213	628
cg00444740	0.11225768284326565	628
cg10549986	0.11225705361650473	628
cg06783429	0.11225074656191333	628
cg19660531	0.11224753874726551	628
cg10786876	0.11223649573628258	628
cg15025103	0.11223539698821591	628
cg03310376	0.11222606592867443	628
cg04552555	0.11222273747981268	628
cg02000275	0.11222087118187735	628
cg25014026	0.11220713554315759	628
cg19380793	0.11220612529722934	628
cg04017036	0.11220575082138382	628
cg23076870	0.11219846246732051	628
cg07455789	0.11219078393921084	628
cg27292389	0.11218465502702046	628
cg04358957	0.11218381313343057	628
cg02833614	0.11217463343935347	628
cg12165841	0.11217237216502834	628
cg21614638	0.11217198625781338	628
cg06593906	0.11217177117241639	628
cg07175255	0.11216855373213208	628
cg27093637	0.112163007235343	628
cg25276700	0.11216249686016228	628
cg18631798	0.11216237350760405	628
cg22910462	0.1121601573267223	628
cg13806292	0.11215898392932236	628
cg22369786	0.11214504855004614	628
cg01694488	0.11213916343334071	628
cg23049458	0.11213872100624139	628
cg14672084	0.11213542121717668	628
cg05965387	0.11213174945571563	628
cg03172657	0.1121304710992243	628
cg19974227	0.1121296064187134	628
cg09501687	0.11212445698422982	628
cg13007207	0.11211843790990533	628
cg25923609	0.11211808548989896	628
cg19567168	0.11211483558535762	628
cg21484940	0.11211421525278426	628
cg03718183	0.11210892511413997	628
cg01970427	0.11210864150070915	628
cg24389585	0.11210760359412958	628
cg02335804	0.11210713427173422	628
cg00943384	0.11210178034695406	628
cg15059065	0.11209534556672637	628
cg10268509	0.11209455329183304	628
cg12939777	0.11209337363441074	628
cg18522931	0.1120897359513876	628
cg13689411	0.11208536433576305	628
cg01817364	0.1120816576878729	628
cg24951880	0.11208058192571374	628
cg06618764	0.11207803872676497	628
cg23206461	0.11207519636561142	628
cg20714968	0.11207255628046905	628
cg13331196	0.11206929837235774	628
cg13797425	0.11206889595830553	628
cg18413131	0.11206806071692191	628
cg12253175	0.11206713342248073	628
cg15096829	0.11206705694027644	628
cg19044229	0.11206661192711914	628
cg14802502	0.11206486824656761	628
cg13883721	0.11206245161063239	628
cg04717485	0.11206117024192666	628
cg06059810	0.11206086520022734	628
cg13979562	0.11206044723364894	628
cg03962421	0.1120596418119322	628
cg16084014	0.11205786517796848	628
cg27219362	0.11205484062619708	628
cg10557683	0.11205386551509314	628
cg00208274	0.11205295853124886	628
cg21086153	0.11205290876095242	628
cg07949720	0.11204945484831502	628
cg17678039	0.11204623955032925	628
cg16068038	0.11204277507891602	628
cg08223235	0.11204127552347237	628
cg08327367	0.11203813478738028	628
cg20820107	0.11203483399063588	628
cg16543094	0.112019774401377	628
cg00461578	0.11201259294549076	628
cg23854488	0.11200986372072934	628
cg26429674	0.11200759107646868	628
cg10517290	0.11199185804679873	628
cg22855020	0.11198971522925147	628
cg15293629	0.11198670827932355	628
cg02098752	0.11198539641492433	628
cg02408311	0.11197911933304211	628
cg17227257	0.11197830972083861	628
cg25859670	0.11197287772414727	628
cg25147193	0.11196693841685304	628
cg00466334	0.11196176239261885	628
cg18703066	0.11196106032070646	628
cg06830360	0.11195812842699238	628
cg26608486	0.11195506469815186	628
cg15888472	0.11195469222742871	628
cg05374271	0.11194875847271417	628
cg25593159	0.11194720669088543	628
cg16796151	0.11194714773753167	628
cg03972071	0.11194478748136619	628
cg20427318	0.11194441943567196	628
cg12689832	0.11193767726644835	628
cg06710981	0.11193527320209679	628
cg05579037	0.11193269246694776	628
cg27340001	0.1119305921165154	628
cg26004771	0.11192716753221937	628
cg15493618	0.11192642526424956	628
cg04847275	0.11192291018779255	628
cg20303075	0.11192129196918266	628
cg12747056	0.11191787372752438	628
cg08072862	0.11191243076769969	628
cg09149672	0.11191076114428333	628
cg25513853	0.1118965005600768	628
cg06545761	0.11189561680139926	628
cg16458866	0.1118951407193409	628
cg02693505	0.11189115999480909	628
cg20000602	0.1118811183691184	628
cg12968732	0.11187717593449806	628
cg24964368	0.11187670386331694	628
cg16793199	0.11187497679307906	628
cg20309703	0.11186938684953071	628
cg26683005	0.11186701641677815	628
cg18571045	0.11186036338491451	628
cg24693436	0.11185421356879938	628
cg01834856	0.11185260173886527	628
cg24890103	0.11185215740848692	628
cg15624376	0.11185116489045	628
cg01749464	0.11184140989636349	628
cg09503596	0.11183938169728666	628
cg15296664	0.11183587713724502	628
cg01996116	0.11183093205799646	628
cg18944752	0.11182375844124548	628
cg26689203	0.11182090398017538	628
cg03463994	0.11182038059184235	628
cg15242225	0.11181882961384573	628
cg21229570	0.11181835944576113	628
cg12389346	0.11181157801147423	628
cg10532489	0.11180625621094492	628
cg08614334	0.11180555122273661	628
cg26681847	0.11180185555269356	628
cg14670938	0.11179594692503433	628
cg19083007	0.11179546551554981	628
cg14058329	0.11179491355266763	628
cg16580937	0.11179482874070434	628
cg04522310	0.1117900068018317	628
cg12606911	0.11178220976859135	628
cg04080282	0.11178182814766224	628
cg07580128	0.11178058693838666	628
cg14643892	0.11177875363289425	628
cg01171786	0.11176953698279207	628
cg24115681	0.11176462779253193	628
cg13933043	0.11175928771270738	628
cg08775835	0.11175893384101931	628
cg21453840	0.11175725902113709	628
cg04493778	0.111756789819624	628
cg12452800	0.11175552390347415	628
cg09331409	0.1117548656275488	628
cg20325547	0.11175286237054327	628
cg18259504	0.1117506897020843	628
cg07581811	0.11174404534441204	628
cg15322542	0.11174127630092556	628
cg12082271	0.11173634850294067	628
cg18357696	0.11173373149453278	628
cg27100140	0.11171842319209493	628
cg16487097	0.11171836397519253	628
cg09287650	0.1117126901558757	628
cg12466610	0.11170967451990355	628
cg12718519	0.11170401058276208	628
cg02876925	0.11170367039902476	628
cg16999994	0.11170217590053713	628
cg25365014	0.11169684226472618	628
cg25500795	0.11169362129303492	628
cg10784341	0.1116888620909132	628
cg23776522	0.11168591314554027	628
cg18188328	0.11168439043171757	628
cg21464565	0.11168061002234575	628
cg14875327	0.1116793692344542	628
cg14965368	0.11167491744585001	628
cg08546016	0.11166788307229736	628
cg03174407	0.11166777569922157	628
cg24579851	0.11166327211398863	628
cg12390895	0.11166293281145608	628
cg20268352	0.11166101964970737	628
cg14112997	0.11166050543946951	628
cg04915044	0.11165867235666421	628
cg15711727	0.1116562733783068	628
cg02606058	0.11165348065104352	628
cg01556275	0.1116533952072106	628
cg03103919	0.11164856699151787	628
cg09447621	0.11164843430746352	628
cg18275589	0.11164597290683681	628
cg10961323	0.11164338325762516	628
cg04131969	0.11163636331272342	628
cg13376953	0.11163631613128258	628
cg10954469	0.11163122567102776	628
cg17862447	0.11163017250512425	628
cg24002183	0.11162811407370851	628
cg19196826	0.11162771956147241	628
cg09962458	0.11162728542090083	628
cg19940225	0.11161861420438221	628
cg08611810	0.111606976818728	628
cg14768245	0.11160625880335048	628
cg21144941	0.11160498725577811	628
cg06420903	0.11160132068349743	628
cg16210718	0.11159279322801413	628
cg18884942	0.11159260742558869	628
cg27543960	0.11158420054487322	628
cg20812370	0.11158377441066619	628
cg11724511	0.11158367435518501	628
cg08696316	0.11158282301139788	628
cg25420614	0.11158034511002579	628
cg03918756	0.1115792219791813	628
cg02973693	0.11157781736182204	628
cg23093664	0.11157373932452885	628
cg19839825	0.11156798454256839	628
cg24479552	0.11156574865723659	628
cg22163631	0.11156081311380642	628
cg12047941	0.11155965263573414	628
cg03415617	0.11155140585109172	628
cg17542385	0.11155087885348464	628
cg27570984	0.11154887868545493	628
cg17526103	0.11153594638637077	628
cg26572770	0.11152945471531495	628
cg17754782	0.11152347795189677	628
cg00142036	0.11151753088189555	628
cg27099991	0.11151712618368198	628
cg09169117	0.11150597617034469	628
cg01295339	0.11150544699444856	628
cg10539898	0.1115031299012765	628
cg02831419	0.11150310483027887	628
cg07617759	0.11150236938906194	628
cg14509902	0.11150181074853435	628
cg18537930	0.11149736204826477	628
cg04487296	0.11149724828120011	628
cg14462553	0.11148634428016846	628
cg20935165	0.11148288659099684	628
cg27092191	0.111482678051738	628
cg19734433	0.11148006130151597	628
cg23325963	0.11146812851735649	628
cg23594345	0.11146673234567572	628
cg15358549	0.11146637691214645	628
cg27485223	0.11146420269640855	628
cg25001102	0.11145756740715429	628
cg01420159	0.11145747945676326	628
cg12748890	0.11145444776467336	628
cg12157364	0.11145188778559453	628
cg04202892	0.11144551453880996	628
cg06153925	0.11144541378122647	628
cg24631579	0.11144401946124005	628
cg14476745	0.11144330672657088	628
cg27049766	0.11144148869118806	628
cg17496661	0.11144069574091126	628
cg19541916	0.11143993035218544	628
cg17870484	0.11143673255444025	628
cg22320365	0.11143435897754697	628
cg12324144	0.11142939138861419	628
cg15916160	0.11142820994024888	628
cg06080948	0.11142664902236418	628
cg12176783	0.1114165255290746	628
cg26980477	0.1114100908893389	628
cg07222861	0.11140688078779315	628
cg16320159	0.11140422284124843	628
cg09370877	0.11140396092698468	628
cg07094847	0.11140390921634447	628
cg12105899	0.11140229883650499	628
cg13962347	0.1114005752162778	628
cg08511485	0.11139972307130444	628
cg21696827	0.11139836409598353	628
cg03015672	0.11139816433488264	628
cg02344606	0.11139735428091369	628
cg25015733	0.11139554098661592	628
cg03730946	0.11139334820283747	628
cg06262280	0.11139014496460958	628
cg07752095	0.11138807888547686	628
cg19947463	0.11138389769211116	628
cg12030523	0.11137787816620087	628
cg13100449	0.1113730952671872	628
cg15486123	0.11136194791656456	628
cg22621867	0.11136110923817893	628
cg12669543	0.11135190643769438	628
cg04259904	0.11134905743806056	628
cg15488009	0.11134659665159968	628
cg17214381	0.11134006999336069	628
cg21499949	0.11133795698085752	628
cg10500702	0.11133343432163134	628
cg03164070	0.11133183589563378	628
cg24202448	0.11133162066328009	628
cg03438101	0.11132943700193154	628
cg22148297	0.11131754596775625	628
cg27078890	0.11131574524087887	628
cg26173773	0.11131332568082647	628
cg03662014	0.11131303583245811	628
cg20845639	0.11131258566479463	628
cg20495819	0.11131145796634004	628
cg20759047	0.11130973463377603	628
cg07341609	0.1113094824611501	628
cg06847624	0.11130821719678888	628
cg13063274	0.1113076712053539	628
cg08398691	0.11130620487193182	628
cg19402236	0.11130352780291253	628
cg12603560	0.11130133762916983	628
cg09247979	0.11129672242585481	628
cg13508904	0.11129568796957279	628
cg02452944	0.11129548294905023	628
cg12035325	0.11128901322189463	628
cg17219660	0.111285907832819	628
cg09200260	0.11128497345066776	628
cg24335070	0.11128226054128873	628
cg02351655	0.11127841156902346	628
cg14492599	0.11127598030244368	628
cg13038847	0.11127508301853473	628
cg04943879	0.11126581492852178	628
cg20595457	0.11126343818669926	628
cg13739115	0.1112628701923199	628
cg05042938	0.11126008380936475	628
cg11132534	0.111253299716179	628
cg24484802	0.11125271181196539	628
cg24453604	0.1112492842530991	628
cg20080878	0.11124774183020958	628
cg25477497	0.11124583881344827	628
cg22894896	0.11124572879046596	628
cg00216138	0.11124486565083663	628
cg09892104	0.11123175076198566	628
cg23657179	0.11122767342232609	628
cg07643942	0.11122695433486784	628
cg04518186	0.111218896352762	628
cg11152825	0.1112159285255574	628
cg08817507	0.11121132955839286	628
cg13184736	0.11121119022609555	628
cg19482885	0.11121025977453713	628
cg06357748	0.11120269586488984	628
cg03565777	0.11119815554371557	628
cg00664697	0.11119003716564474	628
cg14119936	0.11118589485035618	628
cg10840277	0.11118249871535374	628
cg26750742	0.11117403159247252	628
cg03223894	0.11117385205008651	628
cg02751808	0.11117210612272332	628
cg11062778	0.11116533899161601	628
cg16441044	0.11116486791286961	628
cg25188165	0.11116059439302334	628
cg21823426	0.11115655345910339	628
cg09856068	0.11114694521880647	628
cg09142829	0.1111344832940698	628
cg23078268	0.11113248895457914	628
cg18352935	0.1111258381876658	628
cg17374433	0.11112497699325621	628
cg11801524	0.11112454334591693	628
cg23726802	0.11111995682311229	628
cg12741994	0.11110798138805084	628
cg12591668	0.11110362360192402	628
cg18323589	0.1111013323876478	628
cg11589885	0.1110993400434801	628
cg02200642	0.11109601371107641	628
cg20928777	0.11107000500464775	628
cg27186013	0.11106818066631674	628
cg01835695	0.11106693877092767	628
cg15207662	0.11106040057417066	628
cg03745491	0.11105945405155457	628
cg03801183	0.11105324567480082	628
cg03719155	0.11105242595032122	628
cg20789483	0.11104113755848549	628
cg20298668	0.11103764947249864	628
cg25034991	0.11103536735916736	628
cg09157302	0.11103328671015258	628
cg09932747	0.11103274849785733	628
cg13353152	0.11103247852947254	628
cg23623252	0.11102855358270569	628
cg11749672	0.1110266941360866	628
cg20864214	0.1110220865050408	628
cg23238315	0.11101921776717977	628
cg22537334	0.11100546170733303	628
cg11944110	0.1109976440456914	628
cg01928411	0.11099668046174138	628
cg02189760	0.11099653608349003	628
cg24260135	0.11099644567252076	628
cg01414185	0.11099610769813606	628
cg01021196	0.11099357738452661	628
cg07703462	0.1109902163526765	628
cg01744331	0.11098905939204784	628
cg22616255	0.11098670580719522	628
cg22026255	0.11098487984835742	628
cg01138020	0.11098277382093658	628
cg16881676	0.11098140884385266	628
cg15534052	0.11098056085463065	628
cg24946253	0.11098005028571156	628
cg09923954	0.1109740943003289	628
cg14525270	0.1109732725323454	628
cg17508991	0.11096594931033259	628
cg14666564	0.1109650514327856	628
cg06195280	0.11096004517132202	628
cg21175761	0.11095544042553668	628
cg24129115	0.11095317345806346	628
cg20468939	0.110953128108842	628
cg21273275	0.11095163533653064	628
cg26978172	0.11094846475794296	628
cg24874003	0.11094454636026924	628
cg01984854	0.11094432984067515	628
cg02533339	0.11094329544904136	628
cg08101739	0.11094191192498687	628
cg11418607	0.11094109802091878	628
cg22610655	0.11093617410706552	628
cg07455963	0.11093580608023279	628
cg01991752	0.11093559197676472	628
cg10682957	0.1109328808580064	628
cg20707230	0.1109316319446231	628
cg19787076	0.11093099753864288	628
cg05403689	0.1109249131307048	628
cg08948808	0.11092473015130222	628
cg13742526	0.11092011230554148	628
cg13283952	0.1109185291252694	628
cg00172603	0.11091783623037049	628
cg18072038	0.11091437710781799	628
cg02099418	0.11091279657500364	628
cg04865531	0.1109097429687615	628
cg15129663	0.1109094765393096	628
cg14533523	0.11090939372274919	628
cg16112162	0.11090725633458823	628
cg03841065	0.11090617491373755	628
cg25820257	0.11090478736634789	628
cg11593729	0.1109047510928664	628
cg23264016	0.1109008858825305	628
cg20403557	0.11090082600240855	628
cg00631329	0.11089861016273045	628
cg10592478	0.11089711531601887	628
cg25487405	0.11089604323834273	628
cg26891645	0.11089576954972385	628
cg12769599	0.11089472131733985	628
cg09684112	0.11089260559750042	628
cg12422539	0.11089103803821387	628
cg16534867	0.11088894742611854	628
cg12659114	0.11088671328564331	628
cg15643428	0.11088662170266472	628
cg12472449	0.11088629052625637	628
cg16354520	0.11088579171015386	628
cg14078100	0.11088341553666026	628
cg02297709	0.1108830565005127	628
cg00237606	0.11087657688699976	628
cg00199007	0.11087541019936048	628
cg07598464	0.11087499438484794	628
cg23309843	0.11087359694630206	628
cg13284614	0.11087336303808537	628
cg00073384	0.11087076257096562	628
cg26875626	0.11087017342489508	628
cg26118821	0.11086800390865212	628
cg26839512	0.11086314704036176	628
cg10411272	0.11085896739069856	628
cg11028769	0.11085647140365607	628
cg16795830	0.11085636275459332	628
cg13544946	0.11085179563628705	628
cg08889776	0.11085084458959954	628
cg15818671	0.11084935249232497	628
cg22702857	0.11084821391816768	628
cg12246472	0.1108440569612053	628
cg20668096	0.11084001854494319	628
cg15073784	0.11083803320752367	628
cg19284039	0.11083752962936239	628
cg22104242	0.11083723784553046	628
cg03278271	0.11083065229808942	628
cg14276584	0.11082861544696582	628
cg21763405	0.11082340467271756	628
cg14478713	0.11081731432774311	628
cg23549534	0.1108169676157304	628
cg07277017	0.11081570637697791	628
cg24402880	0.11081130359190139	628
cg18285788	0.11080895854633202	628
cg08563299	0.11080764648219066	628
cg14188840	0.11080721271992952	628
cg14394692	0.11080711494781328	628
cg09838262	0.11080550694869085	628
cg00815484	0.11080106973370568	628
cg12478578	0.11079967421519693	628
cg19407023	0.11079474253201071	628
cg11062848	0.11079438486350929	628
cg22588983	0.11079269449406681	628
cg00429523	0.11079094455486516	628
cg26603050	0.11078958195805064	628
cg16814483	0.11078738761442489	628
cg15840418	0.11078499017460303	628
cg20438820	0.11078405735905261	628
cg16516405	0.11078137402794003	628
cg02710534	0.11077805491158532	628
cg27280313	0.11077070421790453	628
cg19888509	0.1107706762828031	628
cg21421270	0.11077038626805968	628
cg24480379	0.11076999500228624	628
cg09929238	0.11076671350697592	628
cg08775137	0.11076662203954313	628
cg21124375	0.1107639336240814	628
cg19617355	0.11076084808244185	628
cg19827346	0.11075863856956586	628
cg23548163	0.11075842341357234	628
cg03147324	0.11075201522320116	628
cg15064086	0.11075051633387337	628
cg09471204	0.11074843527110878	628
cg08198470	0.11074804331411786	628
cg20040306	0.11073986419903897	628
cg08267250	0.11072967817068932	628
cg10549753	0.1107286235148719	628
cg07254413	0.11071936284175843	628
cg10996039	0.1107145016154544	628
cg02852791	0.11071356520760026	628
cg02879438	0.11071254149784243	628
cg19899972	0.11071194054687755	628
cg01247454	0.11070986632227064	628
cg23901918	0.11070752952743013	628
cg14078714	0.11070607431070534	628
cg21808635	0.11070363867202015	628
cg19814116	0.11070156838865694	628
cg27606396	0.1106985921940711	628
cg08273740	0.11069677931228622	628
cg17122157	0.11069591210506502	628
cg04236639	0.11069532337183702	628
cg10040116	0.11068609889739378	628
cg04223044	0.11068558706753187	628
cg18658151	0.1106852004406833	628
cg11442173	0.11068222745082229	628
cg10140454	0.11067967496776787	628
cg01467417	0.11067780378321859	628
cg09973676	0.1106706342280438	628
cg06389019	0.11067023035966261	628
cg13750214	0.11066974214592046	628
cg09646983	0.1106648863275434	628
cg09897970	0.11066484289342449	628
cg17454283	0.11065592525253937	628
cg24831051	0.11065160643604305	628
cg15760556	0.11064754688572237	628
cg10546210	0.11064602286419994	628
cg06025456	0.11064522591550525	628
cg02005490	0.11064427205665217	628
cg20005074	0.11064032767621146	628
cg02561912	0.1106341988146114	628
cg26594335	0.11063187474391575	628
cg11611856	0.11063124044058886	628
cg14557064	0.11062965583190126	628
cg16265717	0.1106213217111347	628
cg04073265	0.11062026500072353	628
cg10906729	0.11061694019692568	628
cg08710911	0.11060954961505975	628
cg14706475	0.11060894797616819	628
cg00842076	0.11060591188468652	628
cg25486618	0.1105974274697698	628
cg24539848	0.11059593643715798	628
cg14995475	0.11059327416549214	628
cg19949776	0.11059189469743119	628
cg26268145	0.11058721523061935	628
cg08905080	0.11058671848355045	628
cg25947489	0.11057781940464331	628
cg03083146	0.11057761413022027	628
cg00278517	0.11057670785632301	628
cg01800061	0.11057573065988596	628
cg14260073	0.11056827382137349	628
cg10402698	0.11056565395452195	628
cg11598403	0.11055982021536065	628
cg05005343	0.11055865688637648	628
cg05774141	0.1105563254854331	628
cg06249421	0.1105553139041559	628
cg10016364	0.11055228516937754	628
cg12282588	0.11054819477748642	628
cg16057401	0.11054128972602378	628
cg01156295	0.11053344314285851	628
cg03426023	0.11052920548020703	628
cg02716776	0.11052890198799509	628
cg00171729	0.11052704794252477	628
cg24769398	0.11051934678488912	628
cg03467087	0.11051084586363258	628
cg03219968	0.11051068439890621	628
cg26764244	0.1105094752723508	628
cg12814070	0.11050863392165614	628
cg20972677	0.11050629807163331	628
cg06214997	0.11050463430908633	628
cg11214001	0.11050132661347567	628
cg15613534	0.1104998317495684	628
cg03089651	0.11049304167646148	628
cg20288565	0.11048931303166248	628
cg27494164	0.11048910507389681	628
cg11784298	0.11048581638849833	628
cg12497187	0.1104824007805646	628
cg19784880	0.11048077983994042	628
cg18887230	0.11047661263616837	628
cg04772948	0.11047362200390848	628
cg24796546	0.11046807096637212	628
cg26314924	0.11046688303870666	628
cg26878870	0.11046524100598568	628
cg11354603	0.11046299241109486	628
cg15469321	0.11046168490474606	628
cg03754403	0.11045558446265782	628
cg13104257	0.11044814986899831	628
cg12817908	0.11044723000455547	628
cg03748603	0.11044664939535445	628
cg03190513	0.1104443715523509	628
cg27634344	0.11044080836644449	628
cg13581832	0.11044018424416724	628
cg03234186	0.11043671839445504	628
cg10439431	0.11043096032717031	628
cg11822932	0.1104265731602797	628
cg18161327	0.110425762763673	628
cg23484159	0.1104252021217636	628
cg18698799	0.11042370314488342	628
cg09256683	0.11042264162220755	628
cg25736251	0.11042208478876608	628
cg15209921	0.1104209699773831	628
cg10068417	0.11042008613720189	628
cg11957130	0.11041823685390884	628
cg23082387	0.11041690339014469	628
cg17983657	0.11041655691105373	628
cg13414654	0.11041543968121958	628
cg22178238	0.11041033570146858	628
cg01316378	0.11040963233028955	628
cg07918545	0.11040943683550145	628
cg21104965	0.11040126346948659	628
cg18184071	0.11039401398162468	628
cg08276755	0.11039055201698433	628
cg02317832	0.11039049013855051	628
cg10052782	0.11038883731386442	628
cg09317554	0.11037956284023032	628
cg11002258	0.11037950733503543	628
cg06422039	0.11036901955965103	628
cg07716663	0.11036664576405504	628
cg14794480	0.11036304926551688	628
cg10540626	0.11036042667832663	628
cg13977827	0.1103602580570811	628
cg09471455	0.11035605809078541	628
cg12349571	0.11035591930397032	628
cg12222881	0.11034907166160585	628
cg22878535	0.1103490542945808	628
cg03422446	0.11034725161284403	628
cg14725733	0.11034337031099989	628
cg26620356	0.11034163552675386	628
cg20223322	0.11033947365688151	628
cg07363212	0.1103393395167217	628
cg16282618	0.1103355220623648	628
cg24347498	0.11033524872636458	628
cg07189366	0.11033223775126932	628
cg19082359	0.11033144799373557	628
cg02210967	0.11033098438241812	628
cg22550446	0.11032968015458866	628
cg03297901	0.11032777440723829	628
cg19904122	0.11032537712621143	628
cg19511748	0.11032310966928482	628
cg10162820	0.11031894329704717	628
cg04515001	0.1103176533059915	628
cg25934495	0.11031610282728	628
cg00592643	0.11031515475294232	628
cg09832911	0.1103036436398186	628
cg02092141	0.11029451083258296	628
cg21721807	0.110293902812022	628
cg26516200	0.11028936181307289	628
cg14372753	0.11028849081954434	628
cg08732300	0.110283179839537	628
cg09367901	0.11027437046949395	628
cg13236409	0.11027301157575686	628
cg12315391	0.11027127443632695	628
cg03447361	0.11027107736352773	628
cg21514164	0.11027090434361944	628
cg11244672	0.11026945534980664	628
cg14129329	0.11026708006683622	628
cg01959730	0.11026666009781869	628
cg21958090	0.11026629696503532	628
cg03699843	0.11026337011783399	628
cg21115691	0.11026167415303254	628
cg03635766	0.11026156452633187	628
cg27507261	0.11025933366834997	628
cg04561804	0.11025929263036238	628
cg08433504	0.11025725963315167	628
cg08834350	0.11025132133178478	628
cg23849826	0.11024867333804805	628
cg24981593	0.11024851066909125	628
cg03981286	0.1102473652155036	628
cg20655369	0.11024335424680703	628
cg06837799	0.1102416057354404	628
cg25982880	0.11024094899369402	628
cg20090283	0.11023886063043609	628
cg09743950	0.11023870322503809	628
cg17297238	0.11023532241577327	628
cg10854092	0.11023409141981774	628
cg01073837	0.11023064496330973	628
cg23762632	0.11022601678431954	628
cg23850913	0.11021964051533736	628
cg27024127	0.11021796517628102	628
cg08003402	0.11021700499131498	628
cg02037475	0.11021260320985063	628
cg03494429	0.11021038923591232	628
cg04221877	0.11020910254307081	628
cg21899942	0.11020829423359177	628
cg17443668	0.1102071338605613	628
cg02490934	0.11020438574256858	628
cg27421291	0.11020428984439856	628
cg08037985	0.11019595977701047	628
cg24114556	0.11019469318803493	628
cg24280832	0.11019020448143818	628
cg25178500	0.11018984883832278	628
cg10919344	0.11018856830006984	628
cg27553971	0.1101884530124792	628
cg06417570	0.11018463254305055	628
cg13165140	0.11018347777508963	628
cg04473654	0.11018268820136956	628
cg24017800	0.11017763269821942	628
cg22853713	0.110176245384625	628
cg22388260	0.11017379870822033	628
cg15645660	0.11017169008919375	628
cg14514991	0.11017077883147536	628
cg22619549	0.1101699721913022	628
cg17995197	0.11016679275729126	628
cg27175943	0.11016623963282979	628
cg06145336	0.11016437347801983	628
cg10509626	0.11016211804352355	628
cg24483493	0.11016201876655762	628
cg09363068	0.1101585038063666	628
cg14482968	0.11015795096456776	628
cg05202347	0.11015767818077937	628
cg02351674	0.11015248245353204	628
cg16852369	0.11015080708582264	628
cg08863830	0.11014478575103295	628
cg03349020	0.11014476843621561	628
cg22488367	0.11014181786119853	628
cg12415687	0.11013295990602567	628
cg17233090	0.11013288866987031	628
cg04628320	0.11012762376386401	628
cg01780171	0.11012420686183971	628
cg17918270	0.1101129569647164	628
cg22119676	0.11011292756028024	628
cg22022067	0.11011043373386226	628
cg00981443	0.11010952922177936	628
cg06443678	0.11010931399860024	628
cg13483447	0.11010723473671674	628
cg07054687	0.11010640350482437	628
cg06173663	0.11010538799368158	628
cg10290679	0.11010109879126523	628
cg06820822	0.11010019647740066	628
cg08956474	0.11010018069703989	628
cg08457421	0.11009661746644639	628
cg04173586	0.11009377119149588	628
cg08926365	0.11009049148753663	628
cg21216015	0.11008662653450577	628
cg23841470	0.11008573759011692	628
cg21475610	0.11007376922423343	628
cg05589489	0.11006972344193569	628
cg19254118	0.11006816681567666	628
cg24935345	0.11006684811933093	628
cg14164044	0.11006530715916513	628
cg20818407	0.11004556251180497	628
cg17717169	0.11004516449014451	628
cg09795973	0.11004038944091288	628
cg23087153	0.11003400081930836	628
cg10273135	0.11002842196642137	628
cg19925204	0.11002440365089643	628
cg00857907	0.11001854745570183	628
cg12593511	0.11001742338133813	628
cg26547698	0.11001324214996838	628
cg20727434	0.11000894093654522	628
cg01093028	0.11000844405704091	628
cg22708150	0.11000595494764659	628
cg05651243	0.11000587702558451	628
cg07199834	0.11000300035055882	628
cg20464719	0.1099902707134775	628
cg00370589	0.10997961053994543	628
cg02783887	0.10997165894670033	628
cg09553242	0.10996960906872089	628
cg14829155	0.1099673546359543	628
cg24691042	0.10996457280114755	628
cg13929328	0.10995922756776152	628
cg05674928	0.10995674423356247	628
cg08202754	0.10995378628097158	628
cg01889143	0.10994881064480959	628
cg08367801	0.10994667827829713	628
cg07504977	0.10994627277548424	628
cg22930986	0.10994583094501681	628
cg10098570	0.10994455248275825	628
cg13325904	0.1099440608621251	628
cg12498801	0.10994383410869896	628
cg04002235	0.10993799816360608	628
cg00727675	0.10993629120248566	628
cg17611074	0.10993565942980144	628
cg27053299	0.10993393210343139	628
cg25147158	0.10993013607217944	628
cg23176316	0.10992140586113891	628
cg04435975	0.10991925856361845	628
cg10917547	0.10991817912847551	628
cg07110405	0.10991457262683674	628
cg14573411	0.10991250283728685	628
cg25580782	0.10991205908920926	628
cg17514485	0.10990964240864518	628
cg00916899	0.10990094572318942	628
cg24950947	0.10989893493775699	628
cg21992400	0.10989823811541022	628
cg06330323	0.10989650343710083	628
cg05353872	0.10989334904228187	628
cg03115048	0.10989124330830652	628
cg06335867	0.1098800739103494	628
cg04667114	0.10987634901691679	628
cg22777433	0.10986779389514514	628
cg03432275	0.10986762787136714	628
cg00658743	0.10985936282646314	628
cg11084334	0.10985375761440558	628
cg13786163	0.10985328722673843	628
cg04273573	0.10985124673708518	628
cg26463699	0.10984952265773773	628
cg19824242	0.10984689065570924	628
cg26827533	0.10984651993185326	628
cg01844321	0.10984418256980033	628
cg22234930	0.10984116570916241	628
cg22386583	0.10983797012208746	628
cg21898046	0.10983317001257084	628
cg13096007	0.10983302192647186	628
cg18766033	0.10982899822004033	628
cg11222217	0.1098266981210137	628
cg20285723	0.10982653891202121	628
cg19213744	0.10982464245394163	628
cg17662493	0.1098244367493787	628
cg20761840	0.10982249057682097	628
cg14481208	0.1098194799810337	628
cg03654273	0.10981883458776937	628
cg01204927	0.10981602117156464	628
cg17384889	0.10981585086708107	628
cg17429236	0.10981359182146433	628
cg05950877	0.10981016465564569	628
cg21565960	0.10980900111426303	628
cg22782873	0.10980845241378134	628
cg15212455	0.1098042255907139	628
cg21291759	0.1097993160069482	628
cg01884549	0.10979824596658874	628
cg26253184	0.10979671368330252	628
cg02764093	0.10979324403338353	628
cg20722637	0.10979228607204183	628
cg02025737	0.10978997644737262	628
cg10378735	0.1097852627066504	628
cg01812305	0.10977635436219713	628
cg26836479	0.10977568938025833	628
cg01164202	0.10977108845820915	628
cg13749548	0.10977055303688824	628
cg11184109	0.10976582353507408	628
cg27180671	0.10976525676392437	628
cg11092487	0.1097608509310477	628
cg08453008	0.1097546393981712	628
cg01950524	0.10974963471648291	628
cg11228682	0.10974766908420447	628
cg10237854	0.1097457134116624	628
cg00428160	0.10974562952425604	628
cg04029933	0.10974427285940203	628
cg14011327	0.10974296035991471	628
cg11387340	0.10974097947708816	628
cg24033278	0.10972891878653074	628
cg26897909	0.1097283678665496	628
cg05613116	0.10972694929781518	628
cg18578263	0.10972596174852417	628
cg03062944	0.10971960689944199	628
cg07597386	0.10971882286705031	628
cg24380059	0.10971681545248191	628
cg02010763	0.10970781804624463	628
cg19449565	0.10970775869163224	628
cg14787880	0.10970276386537886	628
cg25405962	0.10970211170577343	628
cg02520212	0.10970008043941071	628
cg01268824	0.10969528951445032	628
cg08720028	0.10969263713897995	628
cg07691306	0.10968402521179424	628
cg12710648	0.10967998410861765	628
cg22507154	0.10967983321931682	628
cg10936879	0.10967814741031101	628
cg04122918	0.10967770778049873	628
cg19205041	0.10967670581332223	628
cg09548084	0.10966924318558588	628
cg16444641	0.10966879878329855	628
cg07136254	0.10966757658633319	628
cg16208643	0.10966517783960228	628
cg14651435	0.10966406448548532	628
cg12062672	0.10966364615888241	628
cg02202923	0.10966336076465011	628
cg04907595	0.10966130813543687	628
cg23803868	0.1096596777582069	628
cg07087130	0.10965726156928829	628
cg08663890	0.1096525476225857	628
cg14776998	0.10965221613521814	628
cg24007926	0.10965034066774099	628
cg06755555	0.10964900430991792	628
cg13789303	0.1096465731712378	628
cg05046589	0.10964593074050916	628
cg06899985	0.10964244419194485	628
cg14341177	0.10964101649018432	628
cg23217575	0.10963698415741296	628
cg06193597	0.10962971917110956	628
cg24369989	0.10962709624578912	628
cg07385778	0.10962661881721941	628
cg10246141	0.10962034142417401	628
cg20103054	0.10961991816082378	628
cg16603374	0.10961873034375541	628
cg06360976	0.10961507140403748	628
cg07855242	0.10961469071412433	628
cg10812236	0.10960301358399538	628
cg03831289	0.10959525087413313	628
cg01252526	0.10959374270873015	628
cg08605991	0.10959371759942399	628
cg22304519	0.10958805683626965	628
cg26101485	0.10958450321742128	628
cg22361413	0.10958351651166653	628
cg08498747	0.10958318085869423	628
cg22495388	0.10958130627360879	628
cg08610901	0.1095807738154333	628
cg04656051	0.10957927542706375	628
cg07088950	0.10957858389808545	628
cg17740140	0.10957778530032655	628
cg00697286	0.10957723011748405	628
cg25028855	0.10957556104182928	628
cg16668520	0.1095574129161973	628
cg00118783	0.1095569932643343	628
cg23924647	0.10955529977857643	628
cg06752054	0.10955349494484992	628
cg26531231	0.10955242431673753	628
cg25718735	0.10954729559960863	628
cg05384663	0.10954503038864782	628
cg02811156	0.10953635912486592	628
cg23948811	0.10953575023147011	628
cg16937769	0.10953408201722373	628
cg08775230	0.10953346626986032	628
cg27065717	0.10953313901155293	628
cg07894516	0.10952883700516647	628
cg10827488	0.10952572072248001	628
cg24599709	0.10952190769119152	628
cg03018931	0.10951818870563357	628
cg13166642	0.10951802824455803	628
cg20268857	0.1095164242274127	628
cg23214755	0.10951519075475707	628
cg27239168	0.10951417424114374	628
cg05737535	0.10950534741491136	628
cg00713400	0.10950232725676312	628
cg14684798	0.10949741376895566	628
cg26807432	0.10949352912280025	628
cg27268556	0.10949328392680749	628
cg15693299	0.10949069438935277	628
cg13180315	0.1094900157554479	628
cg14409083	0.1094856341759131	628
cg06068085	0.10948379104965461	628
cg10296410	0.10948325752560543	628
cg07328565	0.10948203244959287	628
cg06041067	0.10947991068846191	628
cg02762634	0.10947989172694739	628
cg08499861	0.10947969078620973	628
cg12222588	0.10947596792120168	628
cg02183025	0.10947538815839575	628
cg06356785	0.10947390397389462	628
cg22793129	0.10947083054348222	628
cg09511177	0.1094667964305116	628
cg23687466	0.10946500502023643	628
cg07489502	0.10945851222678615	628
cg05871254	0.10945595682785286	628
cg00587301	0.10944787869619299	628
cg08139247	0.10944605900230335	628
cg08967106	0.10944416305498349	628
cg09180702	0.10944082907232339	628
cg05274316	0.1094395783026183	628
cg06990967	0.1094323495837154	628
cg10605246	0.10943144743281363	628
cg03769939	0.10943143160505242	628
cg21451930	0.10942860175073321	628
cg07266046	0.1094259804974338	628
cg09411910	0.1094256539200045	628
cg05629195	0.10942297174042459	628
cg06242102	0.10941923879794141	628
cg02006647	0.10941450666342178	628
cg08550523	0.10941317994989858	628
cg01327202	0.10940715924580396	628
cg15952487	0.1094058235588242	628
cg19584547	0.10940279236548028	628
cg01208318	0.10940171849296787	628
cg06698795	0.10939813521819003	628
cg06068897	0.1093966020745018	628
cg15687600	0.10939443476177851	628
cg19602694	0.10939016794078726	628
cg07128654	0.10938659119156646	628
cg24453580	0.10938452404551895	628
cg12925682	0.10937909529031492	628
cg19155735	0.10937769438496259	628
cg00035636	0.10937487603748561	628
cg16640865	0.1093646076547374	628
cg00636427	0.10936440527820712	628
cg10405729	0.10936379888136699	628
cg05387269	0.10936333096667117	628
cg26923863	0.10936066513676956	628
cg06520331	0.10935682510414138	628
cg09942166	0.10935582968992646	628
cg06204948	0.10935406515436766	628
cg09476130	0.10935395069508075	628
cg16431233	0.10935343352097243	628
cg05886546	0.1093528327750842	628
cg26825573	0.10935087010406874	628
cg18712792	0.10935033903041225	628
cg10421194	0.10934588060353964	628
cg26193427	0.10934494735410372	628
cg00407393	0.10934192836722889	628
cg20949700	0.10934080464650997	628
cg23173307	0.10933929232806323	628
cg27181375	0.10933529890029875	628
cg14211915	0.10933008219292728	628
cg03387289	0.10932946792754461	628
cg08106339	0.10932709883380953	628
cg20644754	0.10932610247258634	628
cg19542849	0.10932370132149455	628
cg02369450	0.10931389144678733	628
cg13417891	0.10931153539989669	628
cg08082810	0.10931027659015047	628
cg26315984	0.1093094262116327	628
cg16361302	0.10930851243780187	628
cg26883963	0.1093078920289054	628
cg15811427	0.10930718772039891	628
cg13055709	0.10930632407309337	628
cg05852231	0.10930451897094616	628
cg18437792	0.10930262459721385	628
cg17031773	0.10929977831384785	628
cg01977762	0.10929633148368856	628
cg11702085	0.10929182221020878	628
cg12861170	0.10928716604734984	628
cg18201077	0.10928692340774698	628
cg06692785	0.10928235311572193	628
cg04297995	0.10928007204495505	628
cg23404330	0.10927969624544326	628
cg00030466	0.1092676402636995	628
cg04887172	0.10926458692332003	628
cg16204989	0.10925982276861695	628
cg18185178	0.10925866431005499	628
cg24864161	0.10925747159437044	628
cg13680362	0.10925742594378621	628
cg17130457	0.10925588534192793	628
cg02004499	0.10925491670280413	628
cg20223237	0.10923963239901768	628
cg19632836	0.1092313270258074	628
cg06299284	0.10923098080327755	628
cg19856499	0.1092299226719263	628
cg24334512	0.10922991240455102	628
cg06246114	0.10921791083353022	628
cg12041830	0.10921667613573363	628
cg23435915	0.10921496633148098	628
cg18093120	0.10921248533451502	628
cg18447419	0.10921164812836442	628
cg16330195	0.10921070898720159	628
cg22265605	0.10920208445886764	628
cg00482162	0.10920010791895612	628
cg05499890	0.1091986451726995	628
cg10855978	0.10919854923453495	628
cg20847580	0.1091972302522711	628
cg25461801	0.10919393703435862	628
cg01654327	0.109190981589464	628
cg24963077	0.10919090046377422	628
cg01161204	0.1091887520277249	628
cg22757535	0.1091858302463517	628
cg16613938	0.10918067558875466	628
cg11906781	0.10917584893455409	628
cg11871960	0.10917480142183084	628
cg00151768	0.10917438617976594	628
cg26391080	0.10917344791075184	628
cg10821976	0.10917157178112702	628
cg05224126	0.10916721587480899	628
cg04729004	0.10916592950216125	628
cg01798375	0.1091657848549486	628
cg12126901	0.10916281943564518	628
cg27173532	0.10916271873349476	628
cg07591921	0.10916247115542282	628
cg11128956	0.10916195079180496	628
cg07717559	0.10915891963677538	628
cg27534912	0.10915794120784189	628
cg06640279	0.10915752717461716	628
cg11535506	0.10915495635888628	628
cg09299388	0.10915493840492779	628
cg16330369	0.10915397698825982	628
cg05051606	0.10915020049397314	628
cg24544047	0.10914878313057957	628
cg16701848	0.10914776323935918	628
cg16908740	0.10914738198650492	628
cg20453820	0.1091448332089684	628
cg00510507	0.109143702611988	628
cg18384588	0.10913823356502933	628
cg08271229	0.10913580297874917	628
cg19343518	0.10913513216589987	628
cg06476685	0.1091247384647524	628
cg01423916	0.10912290163822161	628
cg19563932	0.10911650470823792	628
cg10625096	0.10911383785737622	628
cg11039361	0.10911374031581264	628
cg11365710	0.10911159714257956	628
cg06900571	0.10910713883092416	628
cg12859046	0.10910705085041295	628
cg04278110	0.10910385168625075	628
cg10321146	0.10910033646592576	628
cg13407335	0.10909899714722954	628
cg13598109	0.10909638569075017	628
cg05839875	0.10909116129084018	628
cg24705426	0.10909110111736545	628
cg07870237	0.10909049361940341	628
cg02273041	0.10908496037922549	628
cg14178294	0.10907812306132736	628
cg26283879	0.10907632073342144	628
cg25012185	0.10907568810646973	628
cg20891116	0.10907500291593919	628
cg07385694	0.10907470490053606	628
cg10145246	0.10907207739349759	628
cg18951390	0.1090708393159617	628
cg00535683	0.10906981083668593	628
cg02775417	0.10906973650729224	628
cg01807313	0.10906632714871584	628
cg14213105	0.10906575398696608	628
cg20078807	0.10906506478227901	628
cg06564232	0.10906435679468274	628
cg18636739	0.10906270087736647	628
cg00423364	0.10906157052648813	628
cg14223646	0.10905688567046179	628
cg23167246	0.10905241333198318	628
cg08767686	0.1090516699301392	628
cg08072507	0.10905028961780772	628
cg20595750	0.10904955975388692	628
cg10133610	0.10904937792331337	628
cg06729532	0.10904695487106714	628
cg24990494	0.10904676781757894	628
cg06313349	0.10904581478235181	628
cg02184010	0.10904041685820859	628
cg07377422	0.10903989441827203	628
cg09565319	0.10903855307166588	628
cg21355828	0.10903811352602669	628
cg10547387	0.10903539067477525	628
cg15174393	0.10903478541402489	628
cg17526887	0.1090322494171907	628
cg14549300	0.1090309972606095	628
cg12642431	0.1090297359967114	628
cg26149678	0.10902848368222445	628
cg21181162	0.1090254620538153	628
cg22697386	0.10902443836855369	628
cg14147184	0.10902389458764133	628
cg02167021	0.10902129640776681	628
cg09262666	0.1090194452569026	628
cg02987635	0.10901672471902268	628
cg11685316	0.10900293627066432	628
cg17778883	0.10900234510533632	628
cg02094500	0.10899192772496608	628
cg07254706	0.108991291939183	628
cg02739593	0.10899018320316756	628
cg13603318	0.10898433140670993	628
cg25951288	0.108983989017849	628
cg23171972	0.10898211753925746	628
cg20546778	0.10897836708149183	628
cg24727339	0.10897836269470262	628
cg13924954	0.10897793194412458	628
cg20187047	0.10897724302701986	628
cg21380380	0.10897441008317851	628
cg04650676	0.10897425161982532	628
cg14921416	0.10896927616803176	628
cg17111087	0.10896744245100515	628
cg02676167	0.10896560306145855	628
cg26928531	0.10896364025790939	628
cg10606029	0.10896052805729162	628
cg11404544	0.10895830315299632	628
cg12081389	0.10895692696560111	628
cg01743846	0.10894941423764493	628
cg12186771	0.10894807301538534	628
cg01552197	0.1089476516081998	628
cg09180564	0.10894721622654435	628
cg11008123	0.10894613452402596	628
cg14252149	0.10893900035162787	628
cg02364826	0.10893507366004906	628
cg06996254	0.108930416169011	628
cg19951297	0.10892214252951576	628
cg05002406	0.10892145282937732	628
cg23940999	0.10892046064624539	628
cg00491255	0.10891902458299035	628
cg00879791	0.10891777111961032	628
cg00237391	0.1089150854907903	628
cg01403596	0.10891325768220972	628
cg16777510	0.10891050963722543	628
cg19242984	0.10890964194204061	628
cg05908105	0.10890234083088451	628
cg14462418	0.10890185933132746	628
cg08931835	0.10890170626339099	628
cg23743845	0.10890014959561528	628
cg00583861	0.10889649755206718	628
cg05516327	0.10889640222562566	628
cg12881520	0.10889408354140029	628
cg02632314	0.10888881688921795	628
cg27234864	0.10888769939129934	628
cg16709294	0.10888538278567311	628
cg23677882	0.10888534762713742	628
cg07866001	0.10888352531762302	628
cg08401628	0.10887973885641983	628
cg13695746	0.10887751194350553	628
cg26972389	0.10887678409752971	628
cg01587049	0.1088732801667216	628
cg01234610	0.10886050393079633	628
cg23527418	0.10885535541722025	628
cg23633059	0.10885476372671157	628
cg01249360	0.10884707008355715	628
cg26258213	0.10884177403281184	628
cg21885159	0.10883925506751674	628
cg03398481	0.10883754028144044	628
cg09481121	0.1088331531954762	628
cg17622531	0.10882064879314635	628
cg26411522	0.10881864936070512	628
cg18211633	0.10881367002894612	628
cg08757574	0.10881224788681859	628
cg22745397	0.1087973247981745	628
cg14455925	0.10879615613953511	628
cg02466815	0.10879529619804829	628
cg05087623	0.10879466667331561	628
cg09566995	0.10879449964468801	628
cg18469036	0.10878939450863301	628
cg14215082	0.10878240359239671	628
cg14428166	0.10878199949287604	628
cg23643814	0.1087774056274871	628
cg20739526	0.1087747312327865	628
cg06627617	0.10876695425209748	628
cg19701577	0.10876692784532499	628
cg18903093	0.1087616603453721	628
cg11284842	0.10874626786152847	628
cg04132199	0.10874385700789593	628
cg04852949	0.1087374716940685	628
cg18781032	0.10873159803688504	628
cg12347792	0.1087292946701146	628
cg14408412	0.1087274665646662	628
cg22452170	0.10872643203394428	628
cg01610979	0.10871721567910464	628
cg10722799	0.10871661330294248	628
cg22983827	0.10871618643663034	628
cg10513323	0.10871423087890111	628
cg01443488	0.10871401751494619	628
cg03048372	0.10871327014915688	628
cg03726785	0.10871076615810987	628
cg22410499	0.10870683866670727	628
cg24936799	0.10870377468662751	628
cg26902350	0.10869775939428672	628
cg22972858	0.10869332908679469	628
cg11888982	0.10869276177989226	628
cg12680131	0.10869272784574768	628
cg21552242	0.10869215192939419	628
cg01311360	0.10868922883807364	628
cg02184413	0.10868814007139771	628
cg12827262	0.10868747027143769	628
cg26353176	0.10868126761553476	628
cg02579133	0.10867807485547959	628
cg18546840	0.10867680852948416	628
cg22486834	0.108676511512802	628
cg07171687	0.1086741620355316	628
cg10802444	0.1086728031597026	628
cg02345317	0.10867180276940241	628
cg23972298	0.10867034039499554	628
cg18440692	0.10866357756645359	628
cg23248887	0.10865890910153866	628
cg13484553	0.10865511325451155	628
cg22855405	0.10865370221446558	628
cg09257456	0.10865194254127164	628
cg00188704	0.10864467377556059	628
cg20285974	0.10864157264869695	628
cg22250531	0.10863960470387135	628
cg20746482	0.10863662248308553	628
cg26014197	0.10863338092469454	628
cg03573679	0.10863201718824683	628
cg20654468	0.10862487910332702	628
cg04438074	0.10862372554221683	628
cg13380622	0.10862345628438641	628
cg00910015	0.10862223040401953	628
cg10880006	0.10861865198728482	628
cg07029873	0.10861830003590273	628
cg04141080	0.1086129409400799	628
cg22700686	0.10861069134212101	628
cg05540133	0.10860865653309215	628
cg00627045	0.10860745982036091	628
cg13260976	0.10859717779623557	628
cg12536502	0.10859637123755003	628
cg17569124	0.1085954581628592	628
cg01565314	0.1085935566202843	628
cg26291600	0.10859261340344253	628
cg18562578	0.10859250026556355	628
cg20517050	0.10859230510951601	628
cg20491963	0.10859179517429357	628
cg20196215	0.10858961597707617	628
cg19696117	0.10858911472524313	628
cg06598591	0.10858898710166887	628
cg05688616	0.10858494265937024	628
cg14879279	0.10858215064777232	628
cg07176609	0.10858187594699159	628
cg13725899	0.10858112917149237	628
cg21292587	0.10857813917909837	628
cg01588725	0.10857644533321265	628
cg06234863	0.10857426717797986	628
cg07594472	0.10857234148175823	628
cg19409060	0.10857215047334368	628
cg07689396	0.10857127915058076	628
cg26567001	0.108570782010809	628
cg25280720	0.10856930211068061	628
cg04366076	0.10856862745036538	628
cg25786388	0.10856449346602817	628
cg11243251	0.10856350659913208	628
cg00710180	0.10856126350783019	628
cg23117727	0.10855917866340942	628
cg22264616	0.10855262105983873	628
cg14288639	0.1085525890191999	628
cg05791946	0.1085514927757053	628
cg15205435	0.10854985409367722	628
cg07018107	0.10854892156386325	628
cg24211976	0.1085488996276624	628
cg01594260	0.10854144762499494	628
cg08093097	0.10853757892278726	628
cg26724975	0.1085373091872307	628
cg12805552	0.10853315776767147	628
cg01281450	0.1085319521291204	628
cg20141817	0.10853149287457092	628
cg21796528	0.10851844229443652	628
cg11563680	0.10851464163392016	628
cg03866600	0.10851233211243527	628
cg04105511	0.10850913625786146	628
cg14592092	0.10850888617983531	628
cg01883155	0.10850527272899771	628
cg15159247	0.10850462242983944	628
cg04770088	0.10850439764156783	628
cg09117448	0.10850219886293441	628
cg07696102	0.1085012186570734	628
cg24921186	0.10849489822774383	628
cg03722909	0.10849368914931623	628
cg01973695	0.10849077236730312	628
cg18617005	0.10848421650004939	628
cg26781524	0.10848335201166004	628
cg08698943	0.10848188342039403	628
cg26992600	0.10848041984047135	628
cg15003570	0.1084781302508997	628
cg06042849	0.10847557402518027	628
cg05364038	0.10846809921195918	628
cg23279152	0.10846768925914901	628
cg21748138	0.108467425785926	628
cg20446143	0.10846739639549596	628
cg20465661	0.10846573118719702	628
cg01230988	0.10846499118420122	628
cg26507657	0.10845724503211573	628
cg12737938	0.10845249193617118	628
cg23688719	0.10845196642944768	628
cg14062977	0.10845164547217784	628
cg08322280	0.1084507819349145	628
cg03982801	0.10844787291553659	628
cg22016094	0.10844670373647619	628
cg10509607	0.10844295591145137	628
cg23971182	0.10844007671137967	628
cg10450692	0.10843771510578973	628
cg25462303	0.10843281933139906	628
cg24128045	0.10842919060282549	628
cg07501988	0.10842505539689679	628
cg13966843	0.10841607212816462	628
cg03160883	0.1084156357559789	628
cg20777398	0.10841476299014327	628
cg25987744	0.10841246484755032	628
cg17518965	0.10841136416837971	628
cg18155913	0.10840403102401058	628
cg13283153	0.10840278067569253	628
cg10158280	0.1084016486659703	628
cg03145994	0.10840137313579495	628
cg10003032	0.10840100827429056	628
cg04149015	0.1083998638950033	628
cg25449283	0.10839912333395213	628
cg14882265	0.10839909002664994	628
cg12066473	0.10839859226334614	628
cg02309655	0.10839849612821731	628
cg02923264	0.10839637981154962	628
cg26996569	0.10838948507299087	628
cg02246426	0.10838564554962321	628
cg16459349	0.1083834762694432	628
cg16705395	0.1083819083299318	628
cg23822407	0.10838143452021659	628
cg00894757	0.10837972138551821	628
cg02676495	0.10837861293668921	628
cg01012445	0.10837773136382622	628
cg03495084	0.10837615964513858	628
cg16695576	0.10837586343999334	628
cg16391242	0.10837423102063609	628
cg04247603	0.10837205545813391	628
cg26317555	0.1083719393824557	628
cg16873443	0.1083705062643616	628
cg22800453	0.1083671756588343	628
cg24497819	0.1083653370349199	628
cg22332339	0.108360653075872	628
cg06677151	0.10836039477175646	628
cg26885619	0.10835963478899363	628
cg24881910	0.10835500908938844	628
cg23271099	0.108347023432426	628
cg04678916	0.10834602725860779	628
cg16415819	0.10834379165839672	628
cg01267373	0.10833664947328903	628
cg23875391	0.10833636924500584	628
cg23541975	0.10833497642486567	628
cg19027424	0.10833349947981546	628
cg23609450	0.10833273776829694	628
cg06704884	0.10833129003964534	628
cg22462657	0.10832951077236713	628
cg22747501	0.10832782015107437	628
cg01092293	0.10832730419833578	628
cg19212767	0.10832596251516807	628
cg09714100	0.10832352349835855	628
cg24404878	0.1083209792491222	628
cg03643345	0.10831829451603181	628
cg22195627	0.10831257981259466	628
cg01536979	0.10831226465825222	628
cg02518546	0.1083121571854998	628
cg18972751	0.10830687054008764	628
cg03689403	0.10830642024030918	628
cg22697684	0.10830487364285518	628
cg05446322	0.10829916356798558	628
cg00478479	0.10829793704573198	628
cg26343001	0.10829719682417965	628
cg09562563	0.1082940592221498	628
cg16051561	0.10829212642870317	628
cg27361370	0.10828334905611445	628
cg23051392	0.10827980563193657	628
cg11176415	0.10827426390301798	628
cg03716388	0.10827103749004352	628
cg04351734	0.10827016265496658	628
cg03530983	0.10826776733118543	628
cg17939889	0.10826431561314384	628
cg19518426	0.1082619474721849	628
cg05252626	0.10825901638387858	628
cg20057633	0.108254340440124	628
cg06383241	0.10825300020308687	628
cg04936619	0.10824679147118249	628
cg24049629	0.10824523960451521	628
cg04942260	0.10824475614654666	628
cg14110885	0.10824331899261114	628
cg01660934	0.10823890368778333	628
cg09902130	0.10823416467466673	628
cg12979234	0.1082332452163769	628
cg14631706	0.10823296358477619	628
cg09121994	0.10823063125041527	628
cg12108912	0.10822579733446702	628
cg10411590	0.10822535457627425	628
cg19432362	0.10822525025188234	628
cg05215481	0.10821985176119808	628
cg00952054	0.10821930918235778	628
cg26799656	0.10821359385234885	628
cg01348584	0.1082126654322294	628
cg02196651	0.10820744143528971	628
cg20536971	0.10820395869047883	628
cg09583302	0.10819926968727478	628
cg14539422	0.10819846678799444	628
cg18081338	0.10819703805179481	628
cg11894474	0.1081955353727378	628
cg00769161	0.10819452913802274	628
cg00431549	0.10819363043845961	628
cg14987787	0.1081905912882041	628
cg08681437	0.10818862945884938	628
cg21627409	0.10818681611606809	628
cg12476487	0.10818117655624654	628
cg08900396	0.10817874058488075	628
cg06962787	0.1081757702493095	628
cg00868860	0.1081748411629519	628
cg23475993	0.10816339952769306	628
cg00400992	0.1081621146573164	628
cg09398762	0.10816106711291407	628
cg21464975	0.10816102569233632	628
cg18458509	0.10815400795338476	628
cg03778780	0.10815043410061431	628
cg16001422	0.10814834793552633	628
cg22761670	0.10814536317297924	628
cg16399632	0.10814364653466774	628
cg09480047	0.10814303892027494	628
cg02295872	0.10814217169918855	628
cg23303188	0.10814054981801458	628
cg09858224	0.10813638055090824	628
cg16700924	0.10813614705663774	628
cg12123728	0.10813534338382141	628
cg02477603	0.10812619883237898	628
cg25390787	0.10812116286022767	628
cg25634742	0.10812017522246084	628
cg11838827	0.10811948717448167	628
cg23306063	0.10811715051681414	628
cg12431891	0.10811600225384163	628
cg04462378	0.10811569612517881	628
cg02099572	0.1081127565510501	628
cg02013527	0.10811273069324107	628
cg02127509	0.10810441492206208	628
cg10857250	0.1080980525627096	628
cg18116154	0.1080954235459801	628
cg26134619	0.10809266595237971	628
cg21038932	0.10809243277707359	628
cg14003974	0.1080906991913283	628
cg16963373	0.10808895663689289	628
cg20653009	0.1080877923930787	628
cg03282991	0.10808510957641337	628
cg01649611	0.10808162001560556	628
cg02404377	0.10807925523081524	628
cg21719704	0.10807798685718209	628
cg06400119	0.10807744980383366	628
cg20136100	0.10807682606644153	628
cg01753252	0.10807341229177914	628
cg14020320	0.10807167541755239	628
cg27280535	0.10806996583004863	628
cg18085683	0.10806925946582502	628
cg20921479	0.10806876472333077	628
cg24065504	0.10806354461904283	628
cg01235000	0.10806060128582023	628
cg26602558	0.1080599251158198	628
cg03808351	0.10805897865593814	628
cg14289461	0.10805656114361259	628
cg25104107	0.1080530419520851	628
cg27464144	0.10805273376961522	628
cg18300492	0.10805209877472355	628
cg20660269	0.10805063629325601	628
cg25307665	0.10804406060598398	628
cg27274135	0.10804222554893991	628
cg12485926	0.10804048148023082	628
cg25747935	0.1080401524350193	628
cg10055231	0.10803712654474934	628
cg02578087	0.10803116732411538	628
cg04349084	0.10802950169041448	628
cg07068768	0.10802919749619039	628
cg00442430	0.10801947819840124	628
cg01010091	0.10801855206550401	628
cg12598837	0.10801360141602587	628
cg03223734	0.1080121906467745	628
cg21533331	0.10800713925965755	628
cg27097762	0.10800708642342718	628
cg10091866	0.10800576269727319	628
cg11117878	0.10800501730705292	628
cg18098769	0.10800435138629147	628
cg22601415	0.10800180970518425	628
cg27365208	0.10800035899697796	628
cg23678594	0.1079957103825771	628
cg25438767	0.10799530668902835	628
cg01988891	0.10799461317664921	628
cg26019472	0.10799381854853046	628
cg02963248	0.10799249289504065	628
cg02650705	0.10798903007718524	628
cg01555705	0.10798673340309922	628
cg03053358	0.10798550415010272	628
cg02514003	0.10797922075675337	628
cg11642891	0.10797907291443282	628
cg01038597	0.10797895566953475	628
cg02458516	0.10797709437881522	628
cg20916523	0.10797107683358215	628
cg03625662	0.10796736190889389	628
cg02032558	0.10796514036021906	628
cg02273889	0.1079646990630373	628
cg19866866	0.10796054019482859	628
cg11936311	0.10796006766081417	628
cg01142302	0.10795911398418004	628
cg03048947	0.10795724837182519	628
cg11608390	0.10794970686980102	628
cg16593628	0.10794892282104823	628
cg16963138	0.10794864313861191	628
cg17510121	0.10794587903440528	628
cg16312968	0.10794372653649334	628
cg11139878	0.10794269246531032	628
cg12152338	0.1079414195819624	628
cg18658556	0.10793866697772418	628
cg15197065	0.10793613384238857	628
cg01354879	0.10793502943893213	628
cg18140268	0.10793181321451972	628
cg23359714	0.10793102760344939	628
cg19140262	0.10792595417980835	628
cg17467898	0.10792261064675046	628
cg19303898	0.10792055888054763	628
cg10386298	0.10791913150391899	628
cg17786642	0.10791584696169443	628
cg00804392	0.10791527609937793	628
cg19013399	0.10791260631952967	628
cg04704531	0.1079091829037978	628
cg01817521	0.10790365344089364	628
cg13692426	0.10790296788786491	628
cg18074297	0.1078959641876786	628
cg19022697	0.10789546065115035	628
cg06001519	0.10789256661279806	628
cg00241002	0.10788655746566614	628
cg00242786	0.10788551069668861	628
cg26785303	0.1078850933835131	628
cg22463035	0.10788504257976522	628
cg25794823	0.10787454320023399	628
cg25247409	0.10786953701532465	628
cg17470251	0.10786861705809092	628
cg10828599	0.10786548326990358	628
cg04543516	0.10786384980563135	628
cg23024136	0.10786344046138549	628
cg06697471	0.10785764187532831	628
cg13591848	0.10785076557444728	628
cg26461267	0.10785004481752111	628
cg18794809	0.10784972143573879	628
cg11753750	0.10784819867364981	628
cg07540084	0.10784764488501364	628
cg02962944	0.10784505052714449	628
cg07813031	0.10784255900769985	628
cg11621464	0.10784215045277598	628
cg12500731	0.10783674604954085	628
cg11519082	0.107834822478371	628
cg05620980	0.10783358877415303	628
cg04967578	0.10783072115749798	628
cg09548780	0.10782928278007686	628
cg10513118	0.10782595226616867	628
cg18161890	0.10782562338321072	628
cg23608384	0.1078240381277667	628
cg05816993	0.10781602833950255	628
cg23077820	0.10781539449981539	628
cg05676622	0.10781465804052165	628
cg19721802	0.107812842953661	628
cg03890951	0.1078060457652262	628
cg00988050	0.10780591609098222	628
cg15548295	0.10780441730390922	628
cg19919590	0.10780348363480899	628
cg15941413	0.1077867072469198	628
cg27494226	0.10778247810088075	628
cg24672624	0.10778126903269053	628
cg08710597	0.10777747303560462	628
cg20334738	0.10777580080395655	628
cg24751154	0.10777492111220782	628
cg05133398	0.10777162702737564	628
cg14302130	0.1077700755560464	628
cg23061027	0.10776737727294433	628
cg02185248	0.10776671698803644	628
cg12655375	0.10776601268065224	628
cg20459037	0.10776511552427687	628
cg02928365	0.10776370594370843	628
cg20955839	0.10776237060119637	628
cg07855639	0.10775788733785388	628
cg12636169	0.10775580626985837	628
cg04157161	0.10774531182693675	628
cg14393034	0.10774395675113868	628
cg09308613	0.10774195380861556	628
cg10254167	0.1077408450049469	628
cg06545367	0.10774082738058252	628
cg04709035	0.10774067725407674	628
cg03242265	0.10773820376716092	628
cg08648317	0.10773739984033714	628
cg27579609	0.10773487257132218	628
cg15454698	0.10773164433719754	628
cg05345154	0.10773050380043436	628
cg22120095	0.10772728264348436	628
cg03507641	0.10772645166083172	628
cg02565132	0.10772323063522549	628
cg03172765	0.10772305332193843	628
cg20811607	0.10772165786279625	628
cg00514575	0.10771952749565403	628
cg05900567	0.10771653446801027	628
cg15576730	0.10771159878657166	628
cg08822523	0.10771130674652912	628
cg07740306	0.10770889230257016	628
cg13066703	0.10770819649594277	628
cg00378999	0.10770567801378106	628
cg20215257	0.1076961287576643	628
cg17284531	0.10769416596360301	628
cg00497909	0.10769310966178242	628
cg10058204	0.10769142717099706	628
cg12629448	0.10768864085448626	628
cg23539753	0.10768649608182085	628
cg24765446	0.10768564889422089	628
cg02478708	0.10768199224517422	628
cg03174507	0.10767699207646875	628
cg14047561	0.10767586578914523	628
cg07804289	0.10767437145519348	628
cg26680502	0.10767307488582473	628
cg01552748	0.10767133302788895	628
cg11598715	0.10767031417600958	628
cg11361344	0.1076647210962923	628
cg26160564	0.10765892388485848	628
cg26930925	0.10765773210431584	628
cg07042338	0.10765744168670652	628
cg07865091	0.107656738734888	628
cg06688621	0.10765612298325222	628
cg05354921	0.10765531181892313	628
cg14883961	0.10765509931918146	628
cg25287071	0.1076532459537734	628
cg21805936	0.10764613666028988	628
cg23427348	0.10764242809174784	628
cg04134973	0.1076404012047193	628
cg17197870	0.10763754242503379	628
cg12426196	0.10763333520648005	628
cg04552625	0.10762683019210781	628
cg26897989	0.10762008611040946	628
cg07910680	0.10761324679334411	628
cg09549073	0.10759929954594794	628
cg01391063	0.10759768625918181	628
cg02914790	0.10759763200823735	628
cg10540679	0.10759481357975581	628
cg25426807	0.10759364371575825	628
cg06513819	0.10759294016839616	628
cg07822788	0.10759290330311647	628
cg19871388	0.10758576774456485	628
cg18620306	0.1075841602483294	628
cg03707308	0.10758412745276218	628
cg23817981	0.10757878990392272	628
cg23749637	0.10757641421308098	628
cg18390816	0.10756877768664605	628
cg03685843	0.10756126987222892	628
cg24900563	0.10755361294699045	628
cg07184578	0.10755007683572546	628
cg22955525	0.1075466907936688	628
cg19082496	0.10754057878106024	628
cg20302497	0.10753880754473305	628
cg07310500	0.10753676036116463	628
cg26802194	0.10753457262953944	628
cg06339573	0.10753168836286825	628
cg16616467	0.1075288191054144	628
cg05636047	0.10752541576475866	628
cg17518710	0.10752519024290413	628
cg14511647	0.10752317877213008	628
cg25317233	0.10752187578032713	628
cg25874782	0.10751959865681776	628
cg05115424	0.10751892384517903	628
cg11692191	0.10751821478924065	628
cg17200810	0.10751493990108335	628
cg06975914	0.107514677840642	628
cg18021623	0.10751413053707126	628
cg22340475	0.10751221769321787	628
cg03078269	0.10750856988544776	628
cg23017915	0.10750811477508007	628
cg23892439	0.10750791298790136	628
cg27238852	0.10750501025924197	628
cg01771065	0.10750394932834595	628
cg15326452	0.10750252004114341	628
cg21233722	0.10750126361084031	628
cg04852348	0.10749242200770259	628
cg16201883	0.1074922733735735	628
cg05942459	0.1074921864836609	628
cg19380156	0.10749073148078947	628
cg21582831	0.10748872830736217	628
cg12174804	0.10748413288891318	628
cg01446907	0.10748390861356633	628
cg05896468	0.10748100146768214	628
cg04855216	0.107475561495602	628
cg01286133	0.10747367321764256	628
cg17378966	0.10747287077944051	628
cg06162038	0.10746813819558021	628
cg06620723	0.1074640027139237	628
cg22941409	0.10746375817640386	628
cg17613911	0.10746367410942198	628
cg24381587	0.10746278828106787	628
cg15287047	0.10746140647068103	628
cg19862242	0.10746107164169313	628
cg05014727	0.10746066072939009	628
cg08946713	0.10745511029524274	628
cg02776658	0.10745371059633935	628
cg08362592	0.10745319238681528	628
cg15750941	0.10744927997075576	628
cg13501616	0.10744674721008052	628
cg21069434	0.10744483171311459	628
cg11264935	0.10743666213880426	628
cg00366850	0.10743609204901342	628
cg07388018	0.10743319539807264	628
cg02729344	0.10742049596212183	628
cg19240213	0.10741971029920683	628
cg11254700	0.10741935699989676	628
cg20507963	0.10741438531870282	628
cg21300361	0.1074118488658084	628
cg18900591	0.1074117669698666	628
cg03486485	0.1074100538606968	628
cg24436715	0.10740957449718155	628
cg23032184	0.10740954450400197	628
cg26635219	0.10740600889425823	628
cg14765959	0.10740429249744908	628
cg12390588	0.10740259992349316	628
cg24002149	0.1074025963038596	628
cg26818625	0.1073968817084241	628
cg00470636	0.1073959784409162	628
cg10520622	0.10739453200105953	628
cg06905511	0.10739152101132715	628
cg09739413	0.10739057643246858	628
cg01247537	0.10738534965173357	628
cg22706334	0.10738457834674336	628
cg00259834	0.10738343294551347	628
cg09844573	0.10737780265184849	628
cg08320225	0.10737734202492877	628
cg17108141	0.10737384150246954	628
cg12074150	0.10737073136765643	628
cg14207553	0.10736597844214943	628
cg04696808	0.1073652208720598	628
cg06325209	0.10736134789441382	628
cg11685391	0.10735631246391991	628
cg18048655	0.10735326848339088	628
cg05809586	0.10735113754473186	628
cg00956759	0.10735016957406315	628
cg06383401	0.10734901462661656	628
cg23193613	0.10734814696231201	628
cg01652190	0.1073472768388958	628
cg02285386	0.107345057364647	628
cg05224015	0.10733904092317409	628
cg11908057	0.10733901036636018	628
cg01620360	0.10733886509173712	628
cg07533511	0.10733841558257057	628
cg23787873	0.1073357128062376	628
cg18699226	0.10733454389347258	628
cg18128887	0.10732985846715615	628
cg12075498	0.10732922797127264	628
cg20525461	0.10732736486899973	628
cg04017512	0.10732683308756391	628
cg25520910	0.10732318814037935	628
cg01450803	0.10732255588738523	628
cg10888900	0.10731591672137186	628
cg04510564	0.10731505043045514	628
cg06982473	0.10731146569939476	628
cg17334453	0.10731056548953688	628
cg09563216	0.10730830701329384	628
cg02358862	0.10730554602185549	628
cg17766560	0.10730529306392293	628
cg08131059	0.10730509401048138	628
cg07121856	0.1073041700792361	628
cg14659662	0.10730381402963185	628
cg21474786	0.10730023602223071	628
cg27601169	0.10729850279146755	628
cg24157892	0.10729550599530427	628
cg26811313	0.1072898741538571	628
cg19789753	0.10728826650185039	628
cg17903316	0.10728661445453738	628
cg23322523	0.10728508346314342	628
cg05485250	0.10728234675939091	628
cg14100362	0.10728117197455656	628
cg20875826	0.1072790603417264	628
cg10013501	0.10727189151916633	628
cg16436711	0.10726951643336333	628
cg09417692	0.1072675406700046	628
cg07474269	0.10726593165450202	628
cg15440158	0.1072652092649492	628
cg11064395	0.10726293172475543	628
cg15240033	0.10725873740481434	628
cg08578320	0.10725778094483054	628
cg19227485	0.10725638013471661	628
cg11821245	0.10725562403228048	628
cg14238986	0.10725519705690745	628
cg02464901	0.10725498229356617	628
cg24183566	0.10725438494007256	628
cg04015962	0.10725041814095854	628
cg04240491	0.1072498254519752	628
cg19912142	0.10724932477842193	628
cg26926612	0.10724532193560041	628
cg21717348	0.10724304497876169	628
cg11471805	0.10724255369987179	628
cg12055395	0.10724247574711225	628
cg19864808	0.10723938121843443	628
cg20636352	0.10723832348834667	628
cg21563049	0.1072375378857034	628
cg10678427	0.1072358375945885	628
cg07168556	0.10723190161825571	628
cg15451258	0.10722882938741632	628
cg04934382	0.10722152545789956	628
cg19112357	0.10721828796807198	628
cg22109795	0.1072181294616979	628
cg00568984	0.10721790980075091	628
cg08058560	0.10721628570114083	628
cg03623599	0.10721510995602657	628
cg19218082	0.10721382341022168	628
cg08918658	0.10721153074114678	628
cg22074467	0.10720924162351042	628
cg14228683	0.10720616023757135	628
cg09581644	0.10720602809826618	628
cg02692313	0.1072059782362588	628
cg11719576	0.10720296363617976	628
cg11626756	0.1071972566998125	628
cg14643390	0.10719624345050388	628
cg21527411	0.10719100235337703	628
cg24169669	0.10719026695599618	628
cg04774469	0.10718903269592903	628
cg01538731	0.10718415192609847	628
cg09296942	0.10718341664040684	628
cg16706613	0.10718080347389372	628
cg04136490	0.10718078498585476	628
cg01027532	0.10717998047075875	628
cg27152208	0.10717897238505368	628
cg15400997	0.10717474389377069	628
cg09748960	0.10717381452847308	628
cg14042121	0.10716998228910377	628
cg00332689	0.10716918801350966	628
cg05573844	0.10716784380079586	628
cg14695751	0.10715956847088703	628
cg24766327	0.10715140489139985	628
cg02902865	0.10715121962451422	628
cg22124859	0.10715070693500794	628
cg26698473	0.10714857102389247	628
cg00561322	0.10714460402205284	628
cg13406145	0.1071373739996648	628
cg16050468	0.1071359175992575	628
cg12581547	0.10713309180538405	628
cg15428140	0.10713166711577404	628
cg14675881	0.10712904423239483	628
cg23505823	0.10712718062951326	628
cg09397542	0.10712676468329332	628
cg02467382	0.10711712127426937	628
cg15515265	0.10711250403763145	628
cg07180197	0.10710980585709912	628
cg00777546	0.10710908195052204	628
cg08895932	0.10710547831934741	628
cg17360338	0.10710241812919591	628
cg02848750	0.1070979951509558	628
cg12193943	0.10709550676648441	628
cg24601480	0.10709275450160144	628
cg27302354	0.10709040363240867	628
cg21912556	0.10708894725586826	628
cg00563824	0.10708096742809664	628
cg26691434	0.10707535225306775	628
cg15929797	0.10707356109979586	628
cg05882699	0.10707320129455303	628
cg23886978	0.1070727045869469	628
cg17259952	0.10707153778606432	628
cg02250708	0.10707028651579856	628
cg00232402	0.10706542657392867	628
cg27631593	0.1070635562141447	628
cg01020413	0.10705735539923034	628
cg18025430	0.10705700462241041	628
cg12075247	0.10705459134580766	628
cg22177308	0.10705384462716189	628
cg06026136	0.10705370551630242	628
cg05804170	0.10705150338104752	628
cg11050612	0.10705048907926709	628
cg02190353	0.10704878945471694	628
cg15581944	0.10704841424135286	628
cg16900264	0.10704480900758567	628
cg12883279	0.10704334648016431	628
cg15456502	0.10704005424998886	628
cg09755784	0.10703925919982084	628
cg00087546	0.1070365407759501	628
cg03585263	0.10703593221575225	628
cg04102163	0.10703372190265395	628
cg11615959	0.10703339001219969	628
cg19954537	0.10703311967019564	628
cg11694519	0.10703193177372411	628
cg15714227	0.10702923085076971	628
cg10374084	0.10702784365758836	628
cg02909688	0.10702762408359448	628
cg01439322	0.10702573273476287	628
cg08043781	0.10702435448475248	628
cg21602882	0.10702108975090008	628
cg07197059	0.10701434537037166	628
cg18607411	0.10700613662525404	628
cg20621765	0.10700472388147625	628
cg05575614	0.10700383994348706	628
cg01623438	0.10699660776237824	628
cg01120761	0.1069956101801281	628
cg04094846	0.10699484882390958	628
cg23979954	0.10699325872233337	628
cg02385908	0.10699097877961777	628
cg07671446	0.10698968928403496	628
cg26393964	0.1069864461754711	628
cg12198830	0.10698598983596574	628
cg10397389	0.10698477453587915	628
cg19216631	0.10698324098848466	628
cg10253465	0.10697748388649356	628
cg11649665	0.10697562778748188	628
cg00256155	0.10697560285228892	628
cg00184457	0.1069743202817931	628
cg05923197	0.10697230449829448	628
cg18331412	0.10696859698308459	628
cg20610594	0.10696669980131562	628
cg10495931	0.1069620012931472	628
cg23244790	0.10695877321732769	628
cg02047211	0.10695636153494847	628
cg17913306	0.10695574936087121	628
cg27368606	0.1069492273063003	628
cg13663644	0.10694640080470169	628
cg18793086	0.10694364535208961	628
cg13707005	0.10693989684448191	628
cg05588903	0.10693978795283915	628
cg22328208	0.10693948670128778	628
cg00766220	0.10693842448423235	628
cg26570714	0.10693829131224108	628
cg06820621	0.10693828457617881	628
cg00150520	0.10693810435972767	628
cg01947066	0.10693512255230536	628
cg13508175	0.10693226853332066	628
cg06735218	0.10692868026783364	628
cg01005968	0.1069275204346934	628
cg24607398	0.10692393507556305	628
cg05784088	0.10692175071592824	628
cg05249479	0.10692142956642031	628
cg03796003	0.10691906876523316	628
cg22686854	0.10691501506224832	628
cg05895353	0.1069113120094059	628
cg01031101	0.10690711177425419	628
cg11969526	0.10690023172349217	628
cg00041666	0.10689947417800355	628
cg06445944	0.10689773808115399	628
cg07288557	0.10689632323313919	628
cg16408279	0.10689612294970552	628
cg09556515	0.1068918625529478	628
cg09916651	0.1068906520329804	628
cg05778494	0.10688341436402907	628
cg14189583	0.10688142666295436	628
cg11255590	0.1068790688374	628
cg25835568	0.10687899997951161	628
cg00394221	0.10687573687193191	628
cg11827514	0.10687070480116245	628
cg25462751	0.10686886425647535	628
cg08859411	0.10686571469665274	628
cg14179288	0.1068608641603869	628
cg13673094	0.10685897689967178	628
cg01833470	0.10684962841926798	628
cg00760014	0.10684744426689285	628
cg02326806	0.1068467913874359	628
cg14248367	0.10684583597501257	628
cg25768734	0.10684522216611286	628
cg20178976	0.10684338196698398	628
cg01250490	0.10684269711591626	628
cg27230769	0.10683777406347181	628
cg16242629	0.10683515196031237	628
cg02050985	0.10683173209236124	628
cg02058870	0.10683023458496903	628
cg19676502	0.10682490669735012	628
cg08749351	0.10682383079349844	628
cg04052466	0.10681920525048083	628
cg12017745	0.10681777864729225	628
cg02622601	0.10681301263138587	628
cg27359374	0.10680896518473629	628
cg04494562	0.10680489647707575	628
cg18852618	0.10680401976183303	628
cg23384093	0.10680335137664833	628
cg24803063	0.10679820261490885	628
cg14599729	0.10679728252534647	628
cg17478979	0.10679601308172322	628
cg14259717	0.10679530983539048	628
cg05514903	0.10679304133033951	628
cg15412815	0.1067928681201859	628
cg15490801	0.10679062025770308	628
cg11343894	0.10678952027877875	628
cg26000619	0.10678614085744609	628
cg04699313	0.10677768304982965	628
cg23369111	0.10677335041630764	628
cg26645069	0.10677161462364895	628
cg11251367	0.10677076151323428	628
cg19867107	0.10677046443204907	628
cg13846270	0.10676924198034624	628
cg00565932	0.10676876169885302	628
cg11517269	0.10676491193761506	628
cg26757793	0.10676460178609884	628
cg14500300	0.10676416295524124	628
cg02003183	0.1067628837701795	628
cg13862711	0.10676214827273918	628
cg19103429	0.10676047415793824	628
cg20699586	0.10675769682349023	628
cg02423318	0.10675604383981255	628
cg25242988	0.10675062150675957	628
cg05335893	0.10674898094113405	628
cg06075393	0.1067471074385341	628
cg00872683	0.10674490418968102	628
cg21241675	0.10674453697465261	628
cg27496339	0.10674301487776316	628
cg02819655	0.10674203763531606	628
cg18389568	0.10673965745308844	628
cg06962918	0.10673187791567404	628
cg01567113	0.10673042602996125	628
cg15035143	0.10672475467200523	628
cg11934419	0.1067234946694555	628
cg02278841	0.10672142983776986	628
cg06071058	0.10671703146364517	628
cg26888672	0.10671411450817692	628
cg00041401	0.1067134936177328	628
cg16470716	0.10671138832537315	628
cg01129641	0.10671029573087215	628
cg19075377	0.10670976938236199	628
cg26355796	0.1067021388230063	628
cg00428382	0.10669384210002947	628
cg19106932	0.10669171159637676	628
cg21012737	0.106691710329238	628
cg04352288	0.10668771534137844	628
cg20889395	0.10668643909464115	628
cg13519918	0.1066857948895385	628
cg19328560	0.10668382451257091	628
cg20357538	0.10667943185571438	628
cg02483204	0.10667925148610344	628
cg14972139	0.106678539433715	628
cg16329589	0.10667325101744418	628
cg01793704	0.10666934102184503	628
cg13973086	0.10666011697589262	628
cg07460992	0.10665849298870844	628
cg04294437	0.10665822738543379	628
cg02276807	0.10665799915010926	628
cg22377643	0.10665741602690426	628
cg13448978	0.10665680619433021	628
cg00134787	0.10665495639143097	628
cg15563309	0.10665452701221234	628
cg25962639	0.10664333892621619	628
cg16918905	0.10664097544473364	628
cg11318133	0.10663959802696901	628
cg03173502	0.10663933753704657	628
cg17679619	0.10663745412765407	628
cg19575753	0.10663142972884276	628
cg10648670	0.10662976293671654	628
cg20512501	0.10662431357491764	628
cg22371972	0.10662401565293428	628
cg23502089	0.10662342603029257	628
cg12251779	0.10662321303877931	628
cg12559208	0.1066211189674866	628
cg03957898	0.1066210049417795	628
cg12921481	0.10662014700039318	628
cg19474888	0.10661184202025686	628
cg05826295	0.10661071929803609	628
cg06471596	0.10660527313456014	628
cg09001226	0.10660369733811748	628
cg13299698	0.10659927640925843	628
cg22021934	0.10659492209104754	628
cg02733444	0.10658909860592486	628
cg19324462	0.10658807370678042	628
cg22490454	0.10658668971388013	628
cg00535514	0.10658544911716734	628
cg10908116	0.10658467132436739	628
cg23817096	0.10657887717160067	628
cg06688803	0.10657880671380981	628
cg17117459	0.10657383839215237	628
cg13042250	0.10657318325199167	628
cg04268254	0.10656991137611033	628
cg08129490	0.10656649938991	628
cg02787980	0.10656385601799129	628
cg06604289	0.10656102334040385	628
cg19055872	0.1065606503327099	628
cg18559579	0.10655470229430375	628
cg09452082	0.10654778106017612	628
cg13615337	0.10654672929018999	628
cg22948288	0.10654335391859507	628
cg15381475	0.10654224550989982	628
cg05965745	0.10653596792874034	628
cg05833518	0.10653260565896705	628
cg27403098	0.10653159562638803	628
cg11869499	0.10653032678257851	628
cg08609578	0.10652848918532926	628
cg02245566	0.1065282126828091	628
cg08942800	0.106518232290954	628
cg19039313	0.10651366976927862	628
cg26876834	0.10651170015883554	628
cg25214966	0.10650944480699887	628
cg08575819	0.10650787926137756	628
cg24851370	0.10650091476645013	628
cg20210051	0.106500891422952	628
cg24883265	0.10649892524518012	628
cg03709475	0.1064969569400329	628
cg09664373	0.10649524626774073	628
cg24471073	0.10649289670953108	628
cg09234582	0.1064919210486805	628
cg24384195	0.10648991626840953	628
cg11420142	0.10648286166153131	628
cg05198093	0.1064758268633903	628
cg08561732	0.10647576368500888	628
cg07598052	0.10647477357973986	628
cg08882547	0.10647409771182481	628
cg05715492	0.10646925076184735	628
cg05483505	0.10646922513616602	628
cg12473943	0.10646785221900479	628
cg15475323	0.10646499586147748	628
cg02237368	0.10645819288328218	628
cg24307102	0.10645477388525126	628
cg01757168	0.10645454641720484	628
cg09093150	0.10645307442573783	628
cg06197966	0.1064500784295681	628
cg20677436	0.10644886407748894	628
cg08045906	0.1064482939085506	628
cg10432569	0.10644320169638899	628
cg13379757	0.10644256806773607	628
cg12518146	0.10644202321296176	628
cg13344095	0.10643783648106717	628
cg15346842	0.10643515209627341	628
cg22340508	0.1064343904059088	628
cg13261883	0.10643200455003826	628
cg05335944	0.10643134511518881	628
cg22097941	0.10643110898999986	628
cg04874580	0.10642193662565391	628
cg09308777	0.10641659123257163	628
cg13917614	0.10640639416876169	628
cg00056066	0.10640515615909102	628
cg27621721	0.10640469128309049	628
cg21291134	0.10640415894750999	628
cg03879823	0.10639959527950793	628
cg10356767	0.10639930550052668	628
cg11260046	0.10639766681211543	628
cg01280390	0.10639744799089765	628
cg17706972	0.10639473847071951	628
cg24444923	0.10639291701219562	628
cg01089001	0.10638970267016643	628
cg19324118	0.10638663907987439	628
cg13380204	0.10638578422206435	628
cg18997075	0.1063857508328298	628
cg27026786	0.10638528736498637	628
cg26091247	0.10638215515826949	628
cg05310046	0.10637844048998973	628
cg00631327	0.10637795235791972	628
cg11990334	0.10636797554509564	628
cg02598618	0.10636730853555004	628
cg25481253	0.10636062335307317	628
cg09817162	0.10636039973008399	628
cg02109704	0.10635993196371452	628
cg22851875	0.10635924664599056	628
cg10295807	0.10635829721097612	628
cg11734329	0.10635657521055442	628
cg10989214	0.10635632252524077	628
cg11662345	0.10635421879533269	628
cg10625686	0.10635006670718522	628
cg26561413	0.10634815354339794	628
cg18634479	0.10634713151068884	628
cg02495767	0.10634463864466576	628
cg14013103	0.10634122264793389	628
cg05427639	0.10633818027520286	628
cg10854819	0.10633574591657244	628
cg24139898	0.10633477283894008	628
cg24683185	0.10633357411725008	628
cg08330349	0.1063324255165603	628
cg03927812	0.10632512179991044	628
cg25455408	0.10632486193959803	628
cg00412554	0.10632456825814521	628
cg06486618	0.10632056076031715	628
cg26938013	0.10631721724029422	628
cg00220455	0.10631448688068945	628
cg04937596	0.10630554182334967	628
cg12905673	0.10630046813113553	628
cg01682111	0.10630028743423536	628
cg10369955	0.10629917334514405	628
cg21853871	0.10629541708391121	628
cg01708636	0.10629464770115776	628
cg23766918	0.10629369585922976	628
cg24293689	0.10629369373670888	628
cg13500113	0.10629113377748939	628
cg14589681	0.10629095606755207	628
cg12900649	0.10629061896337541	628
cg20705321	0.10628771175071391	628
cg02830202	0.10628470560266057	628
cg14945317	0.10628457334132957	628
cg12926596	0.10628404465028812	628
cg03901549	0.10628200455639653	628
cg07684775	0.10627999968035697	628
cg13482327	0.10627102253853515	628
cg20449590	0.10626608074277624	628
cg15107871	0.1062653370064448	628
cg24158259	0.10626468368233054	628
cg26470309	0.1062638640201985	628
cg04228083	0.10626342631092961	628
cg27357918	0.10626314775085702	628
cg01425762	0.10626296385329997	628
cg09218250	0.10626105497448049	628
cg22576976	0.10625943277184413	628
cg16127683	0.1062571751775444	628
cg02042997	0.10625581528276665	628
cg14549249	0.10625418970179148	628
cg18504014	0.10625375035865109	628
cg01976913	0.10625338124962228	628
cg04098052	0.10624670839508249	628
cg26071556	0.10624630563690407	628
cg27325224	0.10624208327193152	628
cg12279968	0.10624141500421763	628
cg09459774	0.10624105208976586	628
cg10185478	0.10623853102556507	628
cg22526939	0.10623803175252705	628
cg23192614	0.10623499335085698	628
cg09976669	0.10623249259350853	628
cg19766988	0.1062314697163407	628
cg26876647	0.10622953790833334	628
cg00546153	0.1062250153361175	628
cg09520414	0.10622139428695965	628
cg03579904	0.10621692247255626	628
cg16926809	0.10621677656208875	628
cg02729822	0.10621568976342005	628
cg12493906	0.10621515003062681	628
cg06588782	0.10621476872026325	628
cg00421624	0.10620573226351654	628
cg08450982	0.10620391644662311	628
cg10550166	0.106199194454349	628
cg19489503	0.10619459528356762	628
cg17921080	0.10618997892887783	628
cg18752527	0.1061889632326331	628
cg01543583	0.10618726763811509	628
cg20823348	0.10618356706511167	628
cg11794735	0.10617510259039675	628
cg14376836	0.10616873193139673	628
cg14110969	0.1061662355727365	628
cg16669395	0.10616376926896831	628
cg06629734	0.10616141577679206	628
cg03217587	0.10615443190214949	628
cg08202165	0.10615103927431006	628
cg20966089	0.10614869511924085	628
cg18397998	0.1061483789539413	628
cg25702335	0.1061430463750522	628
cg02152351	0.10614283483957143	628
cg04910082	0.10614101500929246	628
cg13990351	0.10613525015534071	628
cg27104173	0.10613426852194452	628
cg05589454	0.10613412195429256	628
cg00404717	0.10613347265120132	628
cg20311673	0.10612948314760068	628
cg26069044	0.10612864135878569	628
cg26866325	0.10612112001087246	628
cg20747012	0.10612056496330191	628
cg00701946	0.10611987464694184	628
cg01595717	0.10611952588023221	628
cg00969288	0.1061182965386237	628
cg01622006	0.1061146458858523	628
cg11532433	0.1061136601637234	628
cg06664775	0.1061118467754939	628
cg16541998	0.10611109605550634	628
cg04771413	0.10611015547065433	628
cg27518240	0.1061090194786482	628
cg23887839	0.10610737144547766	628
cg16265599	0.10610073362226134	628
cg14847045	0.10609583485728563	628
cg07196514	0.10609519923309724	628
cg19961545	0.10609431721147228	628
cg05875421	0.1060925900072534	628
cg00409636	0.1060920423064396	628
cg13379325	0.10609177814874449	628
cg10799055	0.10609136256814412	628
cg01465527	0.10609046449545848	628
cg17501395	0.10608784128864787	628
cg25203245	0.10608280503612372	628
cg04006061	0.10608213371827571	628
cg13507560	0.10607913662873375	628
cg09284949	0.10607911127803327	628
cg13917863	0.10607837446085017	628
cg18129748	0.10607706164941189	628
cg05965853	0.1060765081068088	628
cg26876001	0.10607449652638579	628
cg24865495	0.10606995661462454	628
cg06937927	0.10606928023921908	628
cg21225548	0.1060692599302816	628
cg10025586	0.10606648877815233	628
cg25119415	0.10606552844311787	628
cg25900280	0.10606404348564785	628
cg14269191	0.10606375609883151	628
cg18541042	0.1060630500022115	628
cg17979616	0.1060576720901506	628
cg16403725	0.10605688936007185	628
cg25738340	0.10605426675017549	628
cg18075755	0.10605411382196073	628
cg14401749	0.10605311686809013	628
cg10320410	0.10605226945352739	628
cg13935009	0.10605162057326367	628
cg09798202	0.10605056624228104	628
cg13350775	0.10604827115682439	628
cg12034118	0.10604803482018207	628
cg19312356	0.10604654789624202	628
cg09516200	0.10604446312117416	628
cg04613452	0.10604423959411774	628
cg15658543	0.10604383740642559	628
cg14103215	0.10604135520988367	628
cg14590369	0.10603836004746994	628
cg04357965	0.1060358493888243	628
cg23756272	0.10602913214168713	628
cg14197503	0.10602605405475445	628
cg01057196	0.10602566641668101	628
cg09672233	0.10602524885370584	628
cg09777775	0.10602419882415895	628
cg16782524	0.10602085143018997	628
cg08957564	0.1060194487915247	628
cg19966212	0.10601798581655159	628
cg16631088	0.1060179261075064	628
cg06530338	0.10601791655699172	628
cg03338924	0.10601747370960982	628
cg09181792	0.10601323274789468	628
cg06741896	0.10600853379592495	628
cg06108383	0.10600699886101408	628
cg25248415	0.10600444669107975	628
cg24134018	0.10600371527964986	628
cg10165209	0.10600247759444387	628
cg17312277	0.10600233668992659	628
cg23858650	0.10599728746542653	628
cg26678920	0.10599707542134197	628
cg23857238	0.10599477372345995	628
cg19427600	0.10599209647724184	628
cg09862193	0.10599098939887094	628
cg06693983	0.1059908497952001	628
cg26049390	0.10598723065501528	628
cg20742562	0.10598650605132337	628
cg11945507	0.10598647764895558	628
cg13148544	0.10598403088361275	628
cg09807875	0.1059817890728304	628
cg13895322	0.1059812587088268	628
cg12992686	0.10597189914217942	628
cg14729344	0.10596757015595526	628
cg08748098	0.10596750899998358	628
cg23008238	0.1059660620173106	628
cg13500072	0.10596182614364831	628
cg12342501	0.10595849149730358	628
cg18904891	0.10595257427665494	628
cg26857315	0.10594724325642513	628
cg16472369	0.10594370279854065	628
cg20187173	0.10594205206636004	628
cg27104778	0.10593467348754426	628
cg03350900	0.10593435845159443	628
cg26330116	0.10593335744845789	628
cg26296488	0.10593212502074224	628
cg08202144	0.10593092625876577	628
cg18867781	0.10592907842865823	628
cg07805777	0.10592564889424616	628
cg00121876	0.10592506297054169	628
cg20785459	0.10592395390967624	628
cg16281534	0.10591574276844773	628
cg24500294	0.10591330780367031	628
cg06383135	0.10591040070186875	628
cg09067459	0.10590635840729279	628
cg12077963	0.10590480064172247	628
cg19704755	0.10590339403255475	628
cg15671083	0.10590207377084684	628
cg27125631	0.10590051361376887	628
cg19924948	0.10589945733342837	628
cg11085762	0.10589259884590824	628
cg17653203	0.1058873835741545	628
cg12010476	0.10588440950228994	628
cg19721787	0.10588389559806288	628
cg15126273	0.10588382998967111	628
cg02075142	0.10588376418703949	628
cg15925365	0.10588372178263397	628
cg13158272	0.10588313638298913	628
cg26947448	0.10588170015373655	628
cg01534390	0.10587610910949824	628
cg13418804	0.10587431150569016	628
cg23229016	0.10586910020680185	628
cg22406334	0.1058639424649146	628
cg19846168	0.1058624206367281	628
cg03132824	0.10585710513244925	628
cg04875706	0.1058563318713483	628
cg15016062	0.10585626165715822	628
cg13857210	0.10585355766623256	628
cg20300776	0.10585292920014988	628
cg02326058	0.10585040989949357	628
cg04567009	0.10584491564316184	628
cg17004290	0.1058396123177926	628
cg17592360	0.1058392456590297	628
cg08296680	0.10583805934097779	628
cg27666123	0.10583728082546318	628
cg02318139	0.10583495017694156	628
cg13633026	0.10583410859506384	628
cg21236655	0.10583140310757921	628
cg20664636	0.10582890480285559	628
cg27565650	0.10582662327216347	628
cg14204735	0.10581929648028467	628
cg02836478	0.10581390490377315	628
cg24213115	0.10580953322255873	628
cg11203512	0.10580363213575039	628
cg23357832	0.10580286227318661	628
cg14217495	0.10580195047375002	628
cg19893751	0.10580027920698781	628
cg08475953	0.10579761629545041	628
cg07604117	0.10579215795076435	628
cg06215569	0.10579039603019476	628
cg02139827	0.10578855713345181	628
cg02090762	0.10578499074661901	628
cg25417842	0.10578406603842538	628
cg02091185	0.10578318458474503	628
cg01384246	0.10578074063462309	628
cg11182199	0.10577353653780941	628
cg04494873	0.10577176419123147	628
cg14216734	0.10577048846337861	628
cg23251761	0.105768885740639	628
cg04740359	0.10576810994161157	628
cg08850641	0.10576774749913143	628
cg16242770	0.1057651807417059	628
cg14727409	0.105764620809431	628
cg27319536	0.10576199112438273	628
cg13205848	0.10576065383560779	628
cg09126995	0.1057604169345249	628
cg21213973	0.10575836347448733	628
cg03022680	0.1057583019662965	628
cg09883650	0.1057578960825048	628
cg08726004	0.10575254735500156	628
cg03321349	0.10575151511292458	628
cg01070657	0.10575118037136405	628
cg18696576	0.10574946751585418	628
cg19476788	0.1057489634306562	628
cg03880611	0.10574809496041854	628
cg11807829	0.10574807036864248	628
cg18663063	0.10574625614264141	628
cg00296903	0.10574087049378761	628
cg04879750	0.10573995095718991	628
cg21150288	0.10573883382465221	628
cg04804543	0.10573744822135933	628
cg26543150	0.10573494443112938	628
cg24480765	0.10573334528360101	628
cg26922678	0.1057283912583731	628
cg05984845	0.10572696912662904	628
cg12467264	0.10572619732127636	628
cg02901006	0.10572410227490153	628
cg25888386	0.1057235005472667	628
cg16579908	0.105723345801184	628
cg17759252	0.1057220707899379	628
cg06268921	0.10572075116796048	628
cg04988917	0.10572009866351356	628
cg25388952	0.10571862039555133	628
cg17840849	0.10571648536955536	628
cg19779166	0.1057155366289465	628
cg25702651	0.10571503660318021	628
cg26383138	0.10571227883934153	628
cg23379806	0.1057077119225196	628
cg11182358	0.10570553606021954	628
cg01291088	0.1057051004865682	628
cg03460756	0.10570505147456627	628
cg09845379	0.10570080432568746	628
cg09784347	0.10569868600905186	628
cg01108370	0.105697991585016	628
cg13167443	0.1056966983928016	628
cg23692500	0.1056962730101797	628
cg20904489	0.1056933953488384	628
cg13821571	0.1056922323504238	628
cg20532937	0.10568951780227898	628
cg08100618	0.10568863396591596	628
cg09084279	0.10568660784361966	628
cg00305193	0.10568592951546796	628
cg24748548	0.10568220652798771	628
cg06365270	0.10568083394406463	628
cg05136471	0.10567787228359166	628
cg09264140	0.10567665819324501	628
cg07664856	0.10567538104435087	628
cg19022254	0.10567384540642868	628
cg08122234	0.10567372995433022	628
cg19693177	0.10567317789531	628
cg08231710	0.10567226809956357	628
cg06231565	0.10566979461445247	628
cg18334345	0.10566769227652567	628
cg15919612	0.10566478144272434	628
cg13937361	0.10566080386930371	628
cg12662660	0.10566041086992506	628
cg15255797	0.10566001464511177	628
cg13883603	0.10565920590280356	628
cg07376381	0.10565862504371562	628
cg24169915	0.10565035046214052	628
cg11835897	0.10564855207778387	628
cg05023192	0.10564769579999389	628
cg10433327	0.10564026790098074	628
cg27498387	0.10563371294278584	628
cg18445292	0.10563151269233204	628
cg03513066	0.10562653303261582	628
cg02631126	0.10562032442693411	628
cg11093142	0.10561914618895313	628
cg08314208	0.1056176830386607	628
cg27517823	0.10561020285455586	628
cg07534843	0.10560946934369844	628
cg04012797	0.10560730162937138	628
cg00003625	0.1056063176198479	628
cg04772476	0.10560163214822854	628
cg07018580	0.1055987301959764	628
cg24947764	0.10559360589020553	628
cg18996355	0.10559354360752116	628
cg08895013	0.10558811654421185	628
cg18809039	0.10558786585070501	628
cg07503658	0.1055861048086465	628
cg00604356	0.10558255456396351	628
cg06340367	0.10558070438668754	628
cg07339236	0.1055800939136787	628
cg27285599	0.10557853164005115	628
cg22184990	0.10557520011824278	628
cg18966232	0.10557401758023743	628
cg20627754	0.10557259895710058	628
cg01426808	0.10557049411855185	628
cg26014409	0.10557046465978459	628
cg10844760	0.10557031790974916	628
cg18573082	0.10556734212361912	628
cg08858201	0.10556716900043378	628
cg05179645	0.10556503347956198	628
cg25718696	0.10556287048356477	628
cg08224563	0.10556280715684668	628
cg22296585	0.1055461473840166	628
cg01637734	0.10553839426488398	628
cg00480856	0.10553585471345028	628
cg24361808	0.10553558075349723	628
cg08954776	0.10553298395008232	628
cg10700435	0.10552618757729726	628
cg12054453	0.10552125605060986	628
cg21973687	0.10552034877471239	628
cg03194442	0.10551697763120899	628
cg12306086	0.10551644581350417	628
cg14981176	0.1055158496701265	628
cg02159489	0.10551406998731541	628
cg13462557	0.10551086827262598	628
cg10792302	0.10550982302239895	628
cg21480173	0.105507049272765	628
cg00183886	0.10550575410717866	628
cg15899743	0.10550442437517749	628
cg18954479	0.1055029376661677	628
cg07408148	0.10550199568831459	628
cg11825059	0.1055015012975955	628
cg15717275	0.10550129566555694	628
cg26980954	0.10550110676671715	628
cg12876356	0.10549963117018388	628
cg07960624	0.10549341613364024	628
cg06618298	0.10549041941905365	628
cg17777731	0.10548907489504805	628
cg12656085	0.10548863002814562	628
cg18352648	0.1054845097578937	628
cg01463828	0.10548245267140713	628
cg18574274	0.10547991729383244	628
cg02636041	0.10547847921521716	628
cg23533683	0.10547845728578373	628
cg24311564	0.1054779624219222	628
cg12793610	0.10547765109808266	628
cg11043571	0.1054749425698478	628
cg10677372	0.10546866870706878	628
cg13218739	0.1054668155041355	628
cg12352896	0.10546141833335887	628
cg07856138	0.10546032870011501	628
cg02938601	0.10545978022667189	628
cg00910827	0.1054562696718433	628
cg05046020	0.10545356052835769	628
cg01905690	0.10544484618128974	628
cg26425521	0.10544397467668642	628
cg25134647	0.10544124292590332	628
cg03102494	0.10544080579972426	628
cg08981702	0.10543965826912904	628
cg01647724	0.10543951346261879	628
cg06518618	0.10543661005526234	628
cg17025555	0.10543652992011948	628
cg22958403	0.10543373426458236	628
cg20481640	0.10543013841484156	628
cg15698795	0.10542744011481969	628
cg20804101	0.10542535632003819	628
cg14350114	0.10542524800738251	628
cg25465065	0.10542483928184776	628
cg02886263	0.10542271018397792	628
cg03215160	0.10542237957359221	628
cg12527995	0.1054220529310046	628
cg00772192	0.10542136269740804	628
cg18919541	0.10541540999430041	628
cg20716058	0.10541325671491539	628
cg03033111	0.10541308110861336	628
cg15022051	0.10541229546415998	628
cg12040210	0.10540937105880666	628
cg01561259	0.105407749771107	628
cg10054332	0.10540564500150956	628
cg24503369	0.10540446326946483	628
cg13773247	0.10539831930499072	628
cg00040312	0.10539404613168565	628
cg01948226	0.10539263781145325	628
cg01876548	0.10539114440942193	628
cg04130788	0.105389364443878	628
cg13463897	0.10538861244917153	628
cg12230728	0.10538851935727214	628
cg03448301	0.10538761492212145	628
cg26235048	0.10538739417633991	628
cg17097782	0.10538690054710652	628
cg11071448	0.10538563069019014	628
cg19137348	0.10538370965406746	628
cg13812230	0.10538369882729434	628
cg15000222	0.10538090754146773	628
cg18050233	0.10537732683249074	628
cg12691994	0.10537238123080422	628
cg01617280	0.10537233195025544	628
cg03204907	0.1053719483088249	628
cg23083984	0.1053719116539327	628
cg10390536	0.10536885469039717	628
cg01934638	0.10536770089807057	628
cg24751894	0.10536650562902655	628
cg13106758	0.10535776912786124	628
cg05410910	0.10535760369841027	628
cg01414268	0.10535681222241225	628
cg05320424	0.10535504293092651	628
cg15169374	0.10535120757277336	628
cg06207778	0.10534451205564543	628
cg15947910	0.1053378206168818	628
cg18355337	0.10532632392645574	628
cg24363160	0.10532380065593708	628
cg01797036	0.10531988337447878	628
cg19811683	0.1053183311311027	628
cg05777583	0.10531788691002383	628
cg26420391	0.1053143677415948	628
cg18735146	0.10531354602055243	628
cg24534774	0.10531030764109228	628
cg27461200	0.10530799934036045	628
cg12352960	0.10530716417028221	628
cg08347500	0.10530616705413008	628
cg12438413	0.10530557677599212	628
cg06539449	0.10530282344239583	628
cg10444491	0.10530277911550928	628
cg26392232	0.1052994165110277	628
cg04293460	0.10529734890391132	628
cg07523753	0.10529625749050256	628
cg17775490	0.10529473083688967	628
cg25447144	0.1052946755336549	628
cg15840110	0.1052945634512949	628
cg16669455	0.10529043036585745	628
cg08529345	0.10528460496325792	628
cg08332594	0.10528340321571283	628
cg22887484	0.10528290946184225	628
cg23709617	0.10528182630269006	628
cg05331082	0.10527983396579117	628
cg01400468	0.10527787815169509	628
cg17705066	0.10527749379643808	628
cg16410962	0.1052762053338886	628
cg22778957	0.10527569165981121	628
cg02957185	0.10527171585988188	628
cg04691829	0.10526866861505263	628
cg05352688	0.10526792325209436	628
cg23520574	0.10526388600406911	628
cg06275635	0.10526074546475572	628
cg13844820	0.10525907024494441	628
cg00381745	0.10525856566371136	628
cg17857974	0.10525850436197975	628
cg00518190	0.10525690063194718	628
cg22735105	0.10525652565350746	628
cg15858483	0.10525625418345469	628
cg01264539	0.10525567879743886	628
cg20324199	0.10525023245222997	628
cg20633941	0.10524798721476497	628
cg10636490	0.10524725097255241	628
cg16436210	0.10524655361977364	628
cg02279082	0.10524602414750206	628
cg25101863	0.10524546332036745	628
cg14072016	0.10524449800399677	628
cg26491818	0.10524166135265173	628
cg13691567	0.10523635825492139	628
cg04458985	0.10523547393230881	628
cg06621452	0.10523495841662445	628
cg05166801	0.10523345668923456	628
cg09036188	0.1052298550504923	628
cg18383668	0.10522870129228887	628
cg13986272	0.10522709406065767	628
cg00891541	0.1052270239814449	628
cg27292977	0.10521922098196446	628
cg13480493	0.1052190095923354	628
cg12608565	0.10521744065494607	628
cg27091865	0.10521503382670791	628
cg20382867	0.10521049223259821	628
cg07445246	0.10520715790154239	628
cg08682625	0.10520606840156688	628
cg22490695	0.10520479682776301	628
cg12273325	0.10520349428753051	628
cg24125828	0.10520254893670256	628
cg08407901	0.10520200889643117	628
cg12755421	0.10520173444487463	628
cg00033155	0.10520069701944923	628
cg04244970	0.1052002607242204	628
cg23574899	0.10519976234929929	628
cg04179740	0.10519883260130858	628
cg18757155	0.10519844332154948	628
cg01429039	0.10519651826538762	628
cg20561863	0.10519606061569434	628
cg02912476	0.10519401338389056	628
cg06747432	0.10519303786408857	628
cg11312353	0.10519235380129438	628
cg26313247	0.10519070097113142	628
cg21361134	0.10518972866204562	628
cg11525020	0.10518797259242649	628
cg10156739	0.10518529354746653	628
cg19250799	0.10518484556113364	628
cg24074594	0.10518201971828378	628
cg12740857	0.10518192102568319	628
cg24833674	0.10518135938216921	628
cg00470044	0.10517880957284759	628
cg06702850	0.1051756451465829	628
cg27544046	0.10517230266787508	628
cg03718241	0.105170973822094	628
cg01280881	0.10517069927164319	628
cg14369455	0.10516600341463744	628
cg12737392	0.10516141760990466	628
cg18471993	0.10516070335775615	628
cg20683445	0.10515800792190777	628
cg27176729	0.10515626066548467	628
cg16888547	0.10515606447851628	628
cg06368618	0.10515268340469536	628
cg22336867	0.10515118346073107	628
cg01569664	0.10514812278706798	628
cg18443741	0.10513738377996229	628
cg12085619	0.10513546858316597	628
cg22595230	0.1051354683510749	628
cg08218944	0.10513403592540238	628
cg03709468	0.10513330117939013	628
cg14166209	0.10513237003707998	628
cg07144328	0.10513073533199824	628
cg16087679	0.10512620245616022	628
cg14552947	0.10512609803643895	628
cg03001942	0.10512408601329488	628
cg21207403	0.10512334531811965	628
cg18598117	0.10512015763526283	628
cg04308185	0.10511798752611023	628
cg08260052	0.10511700990069045	628
cg17941247	0.10511371408463666	628
cg24105287	0.10511121316685271	628
cg03420866	0.10510752735701723	628
cg16702747	0.10510702072974049	628
cg25076325	0.10510326896607142	628
cg16397032	0.1050961015453612	628
cg27339437	0.10509458953448415	628
cg02828785	0.10509351618229829	628
cg24459953	0.10509233164699272	628
cg22968167	0.10509184996132087	628
cg09354241	0.10509107577357296	628
cg22136403	0.10509057629573304	628
cg03526902	0.10508606534470705	628
cg17161250	0.10508450201512222	628
cg19790941	0.10507758019586705	628
cg27324541	0.10507363139593401	628
cg18567041	0.10506982906686296	628
cg01047635	0.10506883760820868	628
cg06041466	0.10506675174104396	628
cg17970299	0.10506527119675033	628
cg00457087	0.10506293097679381	628
cg06297571	0.1050576868065855	628
cg07814661	0.10505755205858391	628
cg07852231	0.10505570496711591	628
cg17178900	0.10505416859748584	628
cg16637690	0.10505374499264691	628
cg01870834	0.1050504705265469	628
cg22664250	0.10505020442366941	628
cg23060390	0.1050501442388544	628
cg15111360	0.10504967012952243	628
cg04946721	0.10504547669087061	628
cg06748792	0.10504061768144024	628
cg20952901	0.10503791611681007	628
cg10994149	0.10503460555773056	628
cg21069965	0.10502796183477364	628
cg03318904	0.10502587316562165	628
cg11903057	0.10502559342609216	628
cg26708220	0.10502260216440655	628
cg27305903	0.1050203925367473	628
cg05091135	0.10501727584315909	628
cg20132775	0.10501486203191643	628
cg08061334	0.10500884332451754	628
cg03854913	0.10500348626097994	628
cg26550235	0.10500049466491973	628
cg02577773	0.10500000564083402	628
cg02976309	0.10499533160348551	628
cg04204002	0.1049935635532156	628
cg07912689	0.10499219967923251	628
cg00952822	0.1049905764438904	628
cg20046343	0.10498900718128343	628
cg21606928	0.10498862775843398	628
cg06338710	0.10498305852151701	628
cg19757631	0.1049809969958298	628
cg09667394	0.10497883110018655	628
cg16335098	0.10497817011159957	628
cg19901381	0.10497760023501518	628
cg13461390	0.10497350797130717	628
cg05391884	0.10497288417524336	628
cg07060794	0.10497136750855063	628
cg17723381	0.10497010504514998	628
cg21537049	0.10496987418830894	628
cg01403655	0.10496962811298965	628
cg24834751	0.10496766022832887	628
cg19340390	0.10496558113819549	628
cg25039325	0.1049654001498361	628
cg26523478	0.10496333240465461	628
cg21052656	0.10496199319662991	628
cg21988813	0.10496159337582966	628
cg23216015	0.10496081848906141	628
cg12146763	0.10495786745477448	628
cg26616780	0.10495572062225617	628
cg03609398	0.10495489765627702	628
cg02788731	0.10495221525483239	628
cg18236877	0.10495144604018103	628
cg25903497	0.10494910499241286	628
cg21045915	0.10494765369615244	628
cg14594187	0.10494607210080062	628
cg15579696	0.10494588678885788	628
cg24652956	0.10494533959292207	628
cg22914987	0.10494461540756028	628
cg22863148	0.1049436008392548	628
cg22190721	0.10494070941884309	628
cg12708841	0.10493552326673594	628
cg06178310	0.10493535415340582	628
cg11498582	0.10493463546615817	628
cg21376090	0.1049325091469615	628
cg19430473	0.10493080599737914	628
cg03851835	0.10493069526067894	628
cg19389293	0.10492786126263032	628
cg07123182	0.10492786110615665	628
cg11804414	0.10492658491806439	628
cg03518729	0.10492642713653601	628
cg02829743	0.10492492922299479	628
cg22861116	0.10492441603989655	628
cg08963013	0.10492367495495569	628
cg25996553	0.10492253965063275	628
cg21351483	0.10492223185980554	628
cg20515400	0.10491682711444345	628
cg27191906	0.10491614477284969	628
cg22865455	0.10491590085867725	628
cg06972969	0.10491430322486892	628
cg27370471	0.10491358413212137	628
cg02341637	0.10491340522531745	628
cg13883479	0.10491319346510555	628
cg19717773	0.1049121141255216	628
cg05945401	0.10491100299378886	628
cg13356253	0.10490964778779893	628
cg06665391	0.10490790558692553	628
cg19945931	0.10490598152147892	628
cg11275049	0.10490417127362028	628
cg10472840	0.10490097255303937	628
cg00461236	0.1048998235931094	628
cg10794973	0.10489959371799701	628
cg09550909	0.10489523565857563	628
cg11143193	0.10489505587054726	628
cg14966325	0.10489349057333275	628
cg16647921	0.10489093548870665	628
cg19896908	0.1048907038167739	628
cg01058360	0.10489045444906597	628
cg20598650	0.10489026332649243	628
cg09179249	0.1048890828346854	628
cg00058887	0.10488786291149438	628
cg09545579	0.10488643286696164	628
cg26481727	0.10488466918358347	628
cg17927613	0.10488287820431186	628
cg25888700	0.10488082427081641	628
cg11510586	0.10487935499300424	628
cg17721879	0.10487655836467635	628
cg17149911	0.10487423296212606	628
cg17004653	0.10487106514875065	628
cg12253071	0.10487102259139003	628
cg21879513	0.10486730297495399	628
cg25133753	0.10486480178360494	628
cg27324426	0.10486351624014634	628
cg24067150	0.10485839902172334	628
cg05638139	0.10485099823295482	628
cg20704148	0.10484851410833848	628
cg04608582	0.1048451680734146	628
cg06819373	0.10484449955016817	628
cg02150910	0.10484437183388384	628
cg06424065	0.1048413099302651	628
cg01246520	0.10483874641473351	628
cg08586366	0.10483873842967542	628
cg18623980	0.10483799355919471	628
cg03980424	0.10483649432359099	628
cg03079771	0.10483587392582266	628
cg21262776	0.10483482482127665	628
cg08595433	0.10483375971227854	628
cg26337816	0.10483304933816912	628
cg05371498	0.10483304073121186	628
cg14595786	0.1048299475472603	628
cg09331986	0.104827423282705	628
cg05824174	0.10482604575290422	628
cg13037550	0.10481867125006794	628
cg10013969	0.10481668827710827	628
cg23125993	0.10481233610779753	628
cg16728651	0.1048110725858255	628
cg01510990	0.10481062881037306	628
cg10531725	0.10480998547279868	628
cg10439737	0.10480887563727087	628
cg04810745	0.10480876412433182	628
cg21810004	0.1048083279076763	628
cg03898385	0.1048058947261894	628
cg16739441	0.10480548828059308	628
cg10777887	0.10480537321131467	628
cg10991450	0.1048052292999444	628
cg04993112	0.10480471725723789	628
cg11564601	0.10480350195980004	628
cg17111846	0.10479837896259966	628
cg25219188	0.10479444408180588	628
cg03146625	0.10478824113910135	628
cg00781388	0.10478677513469209	628
cg09981929	0.10478582210456788	628
cg08357895	0.10478579615255001	628
cg00066239	0.10478547104908215	628
cg00485748	0.10478023832019373	628
cg18156592	0.10478019373183078	628
cg02942766	0.10477877618645745	628
cg08930904	0.10477589722070124	628
cg10316525	0.1047751528227972	628
cg24401737	0.10477217272004713	628
cg03126058	0.10476969513479567	628
cg25560924	0.10476785861217758	628
cg01869548	0.10476700694236807	628
cg25247837	0.10476560088756526	628
cg16716320	0.1047647577969481	628
cg25135555	0.10476379401138511	628
cg22719241	0.10476197825364021	628
cg06494135	0.10475863575736177	628
cg07852840	0.1047585920693383	628
cg02713960	0.10475661083277898	628
cg16258854	0.10475430644989556	628
cg12354056	0.10475213387516352	628
cg26292028	0.104751658451753	628
cg21648009	0.10475085135329482	628
cg20149898	0.104743323906545	628
cg17798857	0.10473867562526473	628
cg25526061	0.10473845607816876	628
cg14236118	0.10473740706382914	628
cg16298867	0.10473521626191173	628
cg18866599	0.10473503253321884	628
cg01636873	0.1047301388020454	628
cg07600533	0.10472610517735409	628
cg26074025	0.1047243700557792	628
cg00056002	0.10472154349943125	628
cg09226986	0.10471698840308846	628
cg04292301	0.10471530003114188	628
cg20050237	0.1047148816237935	628
cg18740583	0.10470893422215966	628
cg16391678	0.10470855477148133	628
cg18707191	0.10470642762675716	628
cg18077971	0.10470515673696426	628
cg02630854	0.10470452313047535	628
cg09232478	0.10470340513479595	628
cg24671951	0.1047009544956646	628
cg12193833	0.10469441464424356	628
cg14280330	0.10469377933127016	628
cg13856812	0.10469356500785743	628
cg26562691	0.10469352318980693	628
cg25450819	0.10468951880195393	628
cg00811961	0.10468755883297165	628
cg04452437	0.10468684473895673	628
cg06026545	0.10468490649744674	628
cg03721175	0.1046756407072317	628
cg25238274	0.10467366124904559	628
cg14308313	0.10466993859422108	628
cg22053159	0.10466970072875015	628
cg19735421	0.10466943082472105	628
cg02800216	0.10466881890862184	628
cg13836098	0.10466814571243793	628
cg14040131	0.10466620878505745	628
cg02702693	0.10466341711885951	628
cg26915799	0.10466325448347485	628
cg02303399	0.10466074430202521	628
cg24527636	0.10465851751745064	628
cg21674927	0.10465838019129736	628
cg17597631	0.10465642177067441	628
cg09203312	0.10465532557937685	628
cg24490279	0.10465452601064912	628
cg15353603	0.10465199174775955	628
cg08564522	0.10465057626562307	628
cg09966430	0.10465019911107692	628
cg16616514	0.10464561708832432	628
cg02625138	0.10464515628516574	628
cg21159068	0.10464412160556757	628
cg21592521	0.10464348059233719	628
cg00584450	0.10463698158015927	628
cg10834893	0.1046365579493331	628
cg01220257	0.10463600394377612	628
cg11400162	0.10463594040316734	628
cg09236382	0.10463594028273535	628
cg07069342	0.10463538931747104	628
cg00231085	0.10463106819847784	628
cg05589046	0.1046309274961924	628
cg09543819	0.10463075335902888	628
cg14399183	0.10462912024690987	628
cg02575448	0.10462869042838469	628
cg08071329	0.10461657493892762	628
cg09771226	0.1046153695704089	628
cg03983223	0.10461486210531967	628
cg08866695	0.10461409801603583	628
cg19713980	0.10461209714140063	628
cg16886987	0.10461135089985936	628
cg14582917	0.10461085557535357	628
cg11708116	0.1046008925427574	628
cg09947611	0.10460061881067495	628
cg04814784	0.10459291269446128	628
cg05956608	0.10459019348925155	628
cg00510437	0.10458841848633615	628
cg02901431	0.10458767615468856	628
cg24831711	0.10458628278791149	628
cg10205310	0.10458460271061548	628
cg00648184	0.10458342337824006	628
cg19660729	0.1045820467609424	628
cg08999742	0.10457999071317947	628
cg16966315	0.10457692473045521	628
cg18861767	0.10457629310111305	628
cg23850174	0.10457547683596258	628
cg26695758	0.10457431243882412	628
cg01242145	0.10457319754635813	628
cg11537355	0.10457005196312877	628
cg16435580	0.10456979620172455	628
cg22732636	0.10456841038531156	628
cg14197071	0.1045683010916274	628
cg10572355	0.10456685904590984	628
cg02874908	0.10456335626740909	628
cg14848289	0.10455992876245948	628
cg00851518	0.10455696321959332	628
cg03331695	0.10455612509785972	628
cg10396171	0.10455513544556996	628
cg23085167	0.10455407909770925	628
cg26402417	0.10455264991635588	628
cg26305827	0.10455188381046271	628
cg02102533	0.10454908824885817	628
cg18130044	0.10454811253734739	628
cg17351927	0.10454532341611766	628
cg14374432	0.1045447337879955	628
cg11546385	0.10454333757233078	628
cg15248013	0.10454305598013841	628
cg27268352	0.1045430511367191	628
cg10978799	0.1045403750358962	628
cg02061173	0.104540036442695	628
cg27077985	0.10453996117808667	628
cg15792367	0.10453991117272515	628
cg27151303	0.10453360753773527	628
cg14076977	0.10453338248503657	628
cg10160614	0.1045328718011756	628
cg07178969	0.10453000371119624	628
cg26429499	0.10452903317976439	628
cg27651480	0.10452867736036442	628
cg13230606	0.10452777626347762	628
cg25516742	0.10452732948884105	628
cg05728019	0.10452462816941474	628
cg14682005	0.10452318873308167	628
cg01612681	0.10451981265867899	628
cg11518938	0.10451849290737603	628
cg03850529	0.10451697922825487	628
cg11975608	0.10451669462154842	628
cg18872016	0.10451392350170874	628
cg05904338	0.10451222235144275	628
cg08014964	0.10450868199149399	628
cg03890691	0.10450800285397954	628
cg24425838	0.10450777015147543	628
cg07167778	0.10450616779773314	628
cg17873048	0.10450186754261354	628
cg16639692	0.1044979572437102	628
cg26754273	0.10449762793573023	628
cg21665744	0.10449729285606074	628
cg14015656	0.10449683113175998	628
cg01286685	0.10449572858972556	628
cg05690644	0.10449388487765052	628
cg26819695	0.10449248816540518	628
cg18332814	0.10449248526978289	628
cg09817024	0.10449221425284672	628
cg09978353	0.10448808509517693	628
cg23867441	0.10448702268402979	628
cg17306279	0.10448443482541203	628
cg10463419	0.10448398898515582	628
cg14557288	0.10448386559113826	628
cg25566507	0.10448280177709354	628
cg05875982	0.10447811161123977	628
cg10328768	0.10447668056641907	628
cg11469818	0.10447504825730364	628
cg03364108	0.10447430745940692	628
cg22827864	0.10447193636471436	628
cg16565696	0.10447103677852823	628
cg18325044	0.10447035216299477	628
cg25174601	0.10446841054822226	628
cg00225603	0.10446614751720815	628
cg10186131	0.10446124405264283	628
cg10802509	0.10446060893434583	628
cg16951533	0.10446017715485678	628
cg03915752	0.10445980064913685	628
cg03190661	0.10445859985463979	628
cg00424467	0.10445718787105318	628
cg02331189	0.10445676673562398	628
cg13115952	0.10445574492168794	628
cg13976338	0.10445481729355016	628
cg24803687	0.1044544913964188	628
cg20694572	0.10445315369557229	628
cg17228232	0.10445221220117151	628
cg11587635	0.10445168353143486	628
cg19717326	0.10444865201485368	628
cg22812280	0.10444802421529342	628
cg18560152	0.10444703179195042	628
cg27058988	0.10444256844689465	628
cg24767968	0.10443853535247519	628
cg00176888	0.10443604546250759	628
cg04603130	0.10442814117169122	628
cg05347898	0.10442804841499338	628
cg16663980	0.10442549359763839	628
cg18646521	0.10442300383619016	628
cg25670076	0.10442255309864634	628
cg14321742	0.10442242732970156	628
cg14817655	0.10442125608679301	628
cg10428798	0.10442111367445861	628
cg22395050	0.10442025310805941	628
cg20501518	0.1044201777528097	628
cg16302655	0.10441891535043935	628
cg24248505	0.10441818048122908	628
cg09148417	0.1044180405535412	628
cg14645545	0.10441793043257602	628
cg03330558	0.10441639897573479	628
cg09065876	0.10441509030621052	628
cg04517524	0.10441263829880418	628
cg03795776	0.10441099370238288	628
cg22603037	0.10440944299815003	628
cg03505148	0.1044091642470168	628
cg00253658	0.10440682795865419	628
cg08128087	0.10440321157127061	628
cg05862438	0.10440202279638733	628
cg15634747	0.1044019112704756	628
cg04578090	0.10440177915791451	628
cg27160701	0.10440169561880652	628
cg22056346	0.1044016117726363	628
cg23149881	0.10440048102869004	628
cg05962033	0.10439935196842282	628
cg27052069	0.10439861662340538	628
cg01636184	0.1043945379839871	628
cg09740450	0.10439284336840138	628
cg16048915	0.10438966157800417	628
cg25851651	0.10438868040534785	628
cg24722577	0.10438866035219221	628
cg22201588	0.10438785416445506	628
cg11676189	0.10438201015309881	628
cg08624648	0.10438191154910903	628
cg00344422	0.10437752537151002	628
cg27647370	0.10437630489687139	628
cg03928961	0.10437607078604583	628
cg23425533	0.10437540713467805	628
cg18955629	0.10437468496092994	628
cg00406188	0.1043726979500233	628
cg04382783	0.10437246669305511	628
cg25639095	0.10437160634393333	628
cg08574978	0.10436794492106424	628
cg19554569	0.10436776582737417	628
cg03761113	0.10436748736701584	628
cg01052291	0.10436528730193306	628
cg20272146	0.1043628755816281	628
cg13355574	0.104361822156534	628
cg25337965	0.10436112041251705	628
cg09374123	0.10435987930725066	628
cg15689991	0.10435258105294587	628
cg23340514	0.10435236810910092	628
cg13366738	0.10435088241347457	628
cg08614082	0.10434821189662408	628
cg12014181	0.1043479666671478	628
cg02753187	0.10434516192102528	628
cg01383287	0.10434413528750189	628
cg01022219	0.10434407061621717	628
cg08154039	0.10434148865895669	628
cg14161400	0.10434058744723218	628
cg27532955	0.10433900181105693	628
cg03670369	0.10433888128941299	628
cg03909863	0.10433844860862823	628
cg00268185	0.10433810894527165	628
cg01395254	0.10433777259092428	628
cg08566449	0.10433718393588545	628
cg11660726	0.10433414219662401	628
cg06341590	0.1043336778816707	628
cg02902637	0.1043304404922008	628
cg17665699	0.10432973748445329	628
cg23514016	0.10432886510158795	628
cg02658690	0.10432699597336659	628
cg04840108	0.10432146789054031	628
cg00706570	0.10432087656114675	628
cg02482438	0.10432010484106582	628
cg19300307	0.10431921536865787	628
cg20710519	0.10431914007488399	628
cg01465169	0.10431315186147387	628
cg16542356	0.10431301848537894	628
cg20760609	0.10431212239846877	628
cg21129006	0.10430956016540976	628
cg20934105	0.10430773648371414	628
cg02034689	0.10430604937073959	628
cg02927327	0.10430585665151632	628
cg17308545	0.10430557509929395	628
cg19250709	0.10430555290700771	628
cg24550212	0.10430490221015098	628
cg18307783	0.10429804637502788	628
cg03196720	0.10429787205511121	628
cg10996589	0.10429713067292382	628
cg10799846	0.10429064889088296	628
cg04178634	0.10429057123922186	628
cg08238319	0.10429034192013187	628
cg16258229	0.10428848223940845	628
cg25224232	0.10428708569098816	628
cg10256976	0.10428659189178036	628
cg00873919	0.10428636583340059	628
cg05081167	0.10428529440771545	628
cg11667061	0.1042851487913406	628
cg06376598	0.10428238976049305	628
cg11005692	0.10427986175354928	628
cg17978631	0.10427830370851485	628
cg15292765	0.10427771816476111	628
cg06259050	0.10427599053851255	628
cg11594940	0.10427594730676767	628
cg05750926	0.10427438528710886	628
cg02052265	0.10427186090677369	628
cg11526778	0.10426998427745843	628
cg02030929	0.1042685288095557	628
cg14405603	0.10426801213473239	628
cg15911153	0.10426737881392534	628
cg02068356	0.10426431033304928	628
cg12474686	0.10426246999865352	628
cg03895540	0.10426138316887146	628
cg16023283	0.10426003954654744	628
cg17040924	0.10425559249021124	628
cg24035245	0.10424821360125743	628
cg18950952	0.10424727255198954	628
cg09081266	0.1042454159309428	628
cg23450509	0.10424468034131978	628
cg13421412	0.10424221933232342	628
cg00504705	0.10424153484887552	628
cg00978051	0.10424085495367869	628
cg22388948	0.1042386179207846	628
cg05714155	0.104237577890811	628
cg14204430	0.10423452166669636	628
cg19401033	0.10422843076330474	628
cg23920953	0.10422655987211468	628
cg06351337	0.10422337298498058	628
cg26747317	0.10422127926453872	628
cg25029529	0.10422112525331018	628
cg01571977	0.10422013128932994	628
cg07090653	0.10422006365662229	628
cg18401367	0.10421905859478628	628
cg19348484	0.1042091356096938	628
cg18489994	0.10420644011118269	628
cg24135977	0.1042010022126438	628
cg00524179	0.10419931525824105	628
cg06765022	0.10419576185300083	628
cg03822873	0.1041924443726216	628
cg19473799	0.1041892710170998	628
cg24114014	0.10418864037242648	628
cg08737770	0.10418611099299802	628
cg09614415	0.10418220758564863	628
cg25421569	0.10417711793525888	628
cg11749010	0.10417581918435759	628
cg26354017	0.10417207510793527	628
cg08155908	0.10417004207140301	628
cg14241748	0.10416928539206283	628
cg26151206	0.10416894947368927	628
cg20065768	0.10416677175906996	628
cg07041999	0.10416255301534963	628
cg07658449	0.10416216256629901	628
cg17404289	0.10415926198802955	628
cg03759556	0.10415868382547291	628
cg19719930	0.10414569819816091	628
cg01188314	0.10414320545338207	628
cg25774643	0.10414278277811523	628
cg18147865	0.10414103011460812	628
cg09465698	0.10414001441509083	628
cg15528028	0.10413918530239202	628
cg09366796	0.10413449814273287	628
cg12279419	0.1041338141696124	628
cg09247235	0.10413357762891484	628
cg11438310	0.10413280381832332	628
cg25220769	0.10413268669926684	628
cg01821452	0.10413153657871072	628
cg07892167	0.10413138831667351	628
cg17399545	0.10412984273498943	628
cg13377102	0.10412723709500732	628
cg11583287	0.10412474162181107	628
cg22049038	0.10412018754451685	628
cg23496516	0.10411739436618783	628
cg21450888	0.10411660142053847	628
cg11247674	0.10411641711890206	628
cg19375418	0.1041145454589705	628
cg21918313	0.10411302516963503	628
cg06055561	0.10410879431967363	628
cg05434870	0.10410864964659683	628
cg17699214	0.10410739716752482	628
cg08493294	0.10410639873918501	628
cg05932042	0.10410511105750797	628
cg11599981	0.10410498593287754	628
cg01331810	0.10410427255865601	628
cg09717927	0.1041035538412784	628
cg12895857	0.10410234871032659	628
cg17943672	0.10410018175063818	628
cg09191232	0.10409913681814847	628
cg12725323	0.10409912486953082	628
cg25780607	0.10409897782215605	628
cg14329860	0.10409610819136111	628
cg01106989	0.10409438549553299	628
cg10397932	0.10409235456725413	628
cg08763617	0.10409067907571257	628
cg01027010	0.10409056566892827	628
cg22713976	0.10408929380328438	628
cg22902499	0.10408885473472113	628
cg09147401	0.10408864266076345	628
cg24455808	0.10408822713070087	628
cg04918696	0.10408656208761025	628
cg22108374	0.10408299593951631	628
cg23753006	0.1040820962529942	628
cg05134041	0.10407933425701804	628
cg05547778	0.10407639942420793	628
cg14508572	0.10407504601901024	628
cg09014626	0.1040742376861768	628
cg22871801	0.10407319898038209	628
cg13107973	0.10407092951822006	628
cg01232138	0.10406932390624185	628
cg07967723	0.10406748567093652	628
cg02100397	0.10406717326212267	628
cg16111737	0.10406661518912536	628
cg05099464	0.10406544193171108	628
cg10436410	0.1040643937848359	628
cg21798060	0.1040640922310756	628
cg07100000	0.10406297607696255	628
cg21475076	0.10406080110542398	628
cg02035698	0.10405984926894515	628
cg23210521	0.10405936363146512	628
cg08425810	0.10405934496589488	628
cg13553662	0.10405472142916605	628
cg25145687	0.10404972448662114	628
cg11112729	0.10404701127977017	628
cg03187411	0.10403993743618123	628
cg15902390	0.10403942855501948	628
cg10069809	0.10403540823838811	628
cg15568628	0.10403485629260284	628
cg07584093	0.10403396220708	628
cg05685483	0.10403200137330176	628
cg13278267	0.10402424774727081	628
cg01274753	0.10401996560241566	628
cg13278353	0.10401991138665745	628
cg19023977	0.10401927318586501	628
cg15032909	0.10401883771424991	628
cg03656877	0.10401706926410648	628
cg18234130	0.10401643078132253	628
cg22111043	0.10401574330831553	628
cg25013753	0.10401547932101524	628
cg03835547	0.10401075234123736	628
cg13441213	0.10400927652096734	628
cg03243450	0.1040090944866551	628
cg16020346	0.1040089532826074	628
cg24011073	0.10400741922653423	628
cg00863661	0.10400545815347426	628
cg06999858	0.10400220459789786	628
cg25093492	0.10399417564402699	628
cg23066159	0.1039920014057456	628
cg18284427	0.10399127547792769	628
cg23943495	0.10398950796670253	628
cg26684131	0.10398763068087025	628
cg03741458	0.103987443265316	628
cg03142039	0.10398111448236308	628
cg06147379	0.10397789421050385	628
cg15423764	0.10397635969220145	628
cg04332433	0.10397580046213822	628
cg19770281	0.10397454919272742	628
cg10706013	0.10397406953655458	628
cg13369952	0.1039711640413647	628
cg04536588	0.10397050040881944	628
cg07394266	0.10396583928061698	628
cg02121529	0.10396361819837749	628
cg13442709	0.10396202887967088	628
cg18754118	0.10396045480232335	628
cg15732053	0.1039576000810159	628
cg00044097	0.10395667783568338	628
cg03162416	0.10395657915538292	628
cg03577139	0.10395588924601618	628
cg21360245	0.10395484004615996	628
cg06746318	0.10395455174548329	628
cg10494973	0.1039532281472455	628
cg06458557	0.10394508981250539	628
cg03731458	0.10394291401969558	628
cg02458062	0.10394127267883674	628
cg08912922	0.10393904033124818	628
cg25153741	0.10393727916432155	628
cg11601027	0.10393588859386252	628
cg17529716	0.10393584472466777	628
cg18065195	0.10393115267930397	628
cg00798431	0.10392912978582519	628
cg15622619	0.10392575612399091	628
cg14560430	0.10392526086602283	628
cg00911794	0.10391799404673671	628
cg23864180	0.10391721102667556	628
cg23731742	0.1039171519687763	628
cg04087740	0.10391521996814782	628
cg13192013	0.10391438314423915	628
cg02938205	0.1039102542368642	628
cg09829382	0.10390888919744828	628
cg20166049	0.10390808884337605	628
cg02837825	0.10390629162400947	628
cg05013438	0.10390605647102025	628
cg25436634	0.10390487171944399	628
cg08029969	0.10390407966790088	628
cg26255314	0.10390063106987651	628
cg27074890	0.10389759969053264	628
cg04811950	0.10389465535485565	628
cg02229946	0.10389377188141868	628
cg23165164	0.10389288716319095	628
cg17516809	0.1038890894961152	628
cg00758701	0.10388656865243068	628
cg07947930	0.10388635365548829	628
cg09662496	0.10387807992694173	628
cg09570682	0.10387683790968069	628
cg27189803	0.10387650158926431	628
cg01734240	0.10387448721624182	628
cg24025550	0.10387398100242135	628
cg27490101	0.10387337995411217	628
cg18322510	0.10387318673607498	628
cg10254035	0.10387278020368068	628
cg23681687	0.10387161179401816	628
cg24045378	0.10387032466814566	628
cg07539180	0.1038697479784847	628
cg25718451	0.10386935259759666	628
cg21880903	0.10386921785287737	628
cg14833024	0.10386640400601749	628
cg10363661	0.10386593232800932	628
cg25136495	0.10386546190384857	628
cg16282892	0.10386225212118494	628
cg08204867	0.10386062387772388	628
cg08288016	0.10385484368698517	628
cg01927745	0.10385400899474378	628
cg01638225	0.10384979013460571	628
cg03971523	0.10384894783043053	628
cg01095004	0.1038475581244725	628
cg13923696	0.1038446837331054	628
cg14159672	0.10384438198481971	628
cg15701237	0.10384111164412632	628
cg17481912	0.10383781184233959	628
cg08206665	0.10383749873983186	628
cg26620176	0.10383412679402809	628
cg03856044	0.10383316734067052	628
cg16664523	0.10382807465904415	628
cg11885357	0.10382777785737213	628
cg11994390	0.1038249974510238	628
cg04178787	0.10382468845018877	628
cg22722777	0.10382011036107125	628
cg08572513	0.10381529382257443	628
cg15568107	0.10381456708890335	628
cg02729303	0.10381409308267553	628
cg11744304	0.10381083786309359	628
cg21699035	0.10380678009492902	628
cg00448868	0.10380394792320462	628
cg26514961	0.10380315107237487	628
cg20049422	0.10380259341219117	628
cg21557108	0.10380113737091462	628
cg07477867	0.10380098071340516	628
cg05057910	0.10380019456382504	628
cg02305289	0.1037958634390628	628
cg10420310	0.10379559514274478	628
cg09828575	0.10379423212084071	628
cg09755594	0.10379415695889058	628
cg06404175	0.10379277283116992	628
cg16167166	0.10379104982101406	628
cg10910512	0.10378788300006137	628
cg00850538	0.10378520470889757	628
cg12114200	0.10378505447122377	628
cg16033723	0.10378415417659376	628
cg25726684	0.10378231137475313	628
cg27304020	0.10377804165548843	628
cg27162435	0.10377791158371741	628
cg17511731	0.10377783194894694	628
cg10520099	0.10377782036795921	628
cg01974091	0.10377733846945353	628
cg16649791	0.10377577333076904	628
cg16699818	0.1037734011277725	628
cg14301844	0.10377286135980246	628
cg16246489	0.10377063309898676	628
cg13211181	0.10376990965386787	628
cg21644489	0.10376682464184334	628
cg02530022	0.1037661789400009	628
cg06794543	0.10376165103263463	628
cg14132888	0.10376151172024045	628
cg23430594	0.10375804263276445	628
cg06829686	0.10375555875312567	628
cg21745079	0.1037539829030372	628
cg17614506	0.10375250723304875	628
cg01669861	0.10375053099202103	628
cg01734045	0.10374807608965136	628
cg08018572	0.10374786366910521	628
cg22316093	0.10374705578150745	628
cg01394884	0.10374495687320562	628
cg24940601	0.1037382516862741	628
cg16133681	0.10373786107558719	628
cg24421906	0.10373353063731945	628
cg09829983	0.1037290888099015	628
cg10008137	0.1037282706630393	628
cg18046677	0.1037281574616179	628
cg21805118	0.10372814030286809	628
cg18087023	0.1037274892624338	628
cg05818824	0.10372267498223608	628
cg27121758	0.10372199701177082	628
cg11063110	0.1037219663242247	628
cg15334250	0.10371703141107219	628
cg23938483	0.10371114017730265	628
cg20996351	0.10371111222211232	628
cg04036329	0.10370975361834495	628
cg09448880	0.10370883715123175	628
cg16009877	0.1037070759627978	628
cg13432682	0.10370651062639161	628
cg25922969	0.10370501142008709	628
cg20308351	0.10370313048273191	628
cg03291396	0.10370240684784304	628
cg16011217	0.10370171449255122	628
cg09615821	0.10369749547786744	628
cg05090785	0.10369675016708163	628
cg02066936	0.10369529966844426	628
cg26077133	0.10369301416275861	628
cg22382235	0.10369286448943132	628
cg00849610	0.10369222178953805	628
cg09815769	0.1036921474339666	628
cg07470968	0.10369184817442334	628
cg23075337	0.10369016672984005	628
cg09939549	0.10368965197999983	628
cg10422744	0.10368645404244681	628
cg13105599	0.1036862953090979	628
cg23595451	0.10368301489899057	628
cg06588556	0.10368162652019153	628
cg25927215	0.10368160943792382	628
cg07166171	0.10368097853025651	628
cg16439394	0.10368048631597532	628
cg24663003	0.10367976508813581	628
cg07920376	0.10367859027700999	628
cg04304338	0.10367809358231972	628
cg16302816	0.10367685480519523	628
cg14495916	0.10367638046440991	628
cg02036387	0.10367583963157437	628
cg06694331	0.1036740842709688	628
cg25428177	0.10367344098818815	628
cg19545933	0.10367090479323915	628
cg04493169	0.1036682068076065	628
cg21800193	0.10366423036722533	628
cg00215017	0.10366357138563076	628
cg18960620	0.10366198858147901	628
cg21408061	0.1036566562335666	628
cg05584759	0.10365181987549552	628
cg21672572	0.1036513106418823	628
cg26448016	0.10364869186454162	628
cg20712820	0.10364753948206015	628
cg19296305	0.10364723271026638	628
cg09263647	0.10364453502199983	628
cg11144103	0.1036432780619128	628
cg00070899	0.10364068533634313	628
cg08323777	0.10363863129985956	628
cg00862408	0.10363653425240404	628
cg05111779	0.10363152487408736	628
cg20858622	0.10362910584069651	628
cg05063328	0.10362807793846951	628
cg19222784	0.10362800857076182	628
cg16171407	0.10362325904583808	628
cg19539568	0.10362257143935621	628
cg26495357	0.10362111490872317	628
cg07567256	0.10362030113869392	628
cg16172099	0.10361893838838732	628
cg11880010	0.10361685102836254	628
cg23201812	0.10361609517349418	628
cg25451456	0.10361467380829137	628
cg07568296	0.1036143631221012	628
cg00535785	0.10361427555771607	628
cg23393728	0.10361396415452279	628
cg08846079	0.1036128128968187	628
cg15800907	0.1036092355561371	628
cg23983887	0.10360854589290086	628
cg08489941	0.10360736042427357	628
cg18557185	0.10360562070171148	628
cg07396904	0.10360460115708031	628
cg26161816	0.103599359445427	628
cg07530063	0.10359632671691964	628
cg02881374	0.10359577490841593	628
cg23129452	0.10359471765112249	628
cg06429194	0.10359111637097307	628
cg02092102	0.10359091090920663	628
cg03480605	0.10359033201364898	628
cg21695830	0.103590047243654	628
cg26979504	0.1035897737840484	628
cg08939850	0.10358815771549401	628
cg09820180	0.10358729946812498	628
cg15939287	0.1035859771657483	628
cg26864826	0.10358185952194636	628
cg13005428	0.1035805636011426	628
cg11932091	0.10357811316390042	628
cg24305579	0.10357788354821851	628
cg20838323	0.10357684265080125	628
cg18141622	0.10357550578123664	628
cg27459529	0.10357402564415907	628
cg01125141	0.1035730334177529	628
cg08279693	0.1035729326359403	628
cg13913247	0.10357197443023397	628
cg11748650	0.1035676035092632	628
cg05479618	0.10356721782230735	628
cg04195125	0.10356692392087113	628
cg10803816	0.1035665354666202	628
cg03435439	0.10356568526713589	628
cg22893791	0.10356565818433655	628
cg13536080	0.10356279259014331	628
cg01449136	0.10356243264239573	628
cg07592963	0.10356128970310077	628
cg24927687	0.10355823319559265	628
cg02507181	0.10355783629029414	628
cg11264539	0.1035540262870861	628
cg06206957	0.10355108470512303	628
cg10304637	0.10355062964080053	628
cg18023455	0.10354676968968407	628
cg16537228	0.10354175415401651	628
cg12221580	0.10353768108842062	628
cg02996471	0.10353711389575318	628
cg02466246	0.1035329896246677	628
cg01585348	0.1035319826852592	628
cg18828861	0.10352989796933318	628
cg22854985	0.10352599534769152	628
cg19075717	0.10352543344376763	628
cg27190239	0.10352387029234064	628
cg26943056	0.10352335180540506	628
cg06351425	0.10352154032780009	628
cg24500711	0.10352088942372079	628
cg24645149	0.10351961558725253	628
cg11284147	0.10351470864013396	628
cg21570988	0.103513681307728	628
cg16345311	0.10351230209962053	628
cg07690882	0.10351031611484587	628
cg26115228	0.10350680521369199	628
cg21394729	0.10350666026738325	628
cg20494779	0.10350614005858633	628
cg10649042	0.10350505596384457	628
cg03096285	0.1035045657557431	628
cg12106403	0.10350258933044632	628
cg26433955	0.1034999406522416	628
cg21727032	0.10349935940632743	628
cg26263563	0.10349503607097726	628
cg11390741	0.10349369778124701	628
cg25831439	0.10349215256520058	628
cg05451498	0.10349099385740701	628
cg08974687	0.10348766102519796	628
cg22845855	0.10348587292134226	628
cg06546677	0.10348452624652045	628
cg18869127	0.10348108273265369	628
cg22904711	0.10348103117668389	628
cg02595832	0.10347291209973598	628
cg09993699	0.10346721238899709	628
cg22741735	0.10346658253264229	628
cg25324653	0.10346470118449191	628
cg02251315	0.10346437699481797	628
cg00019196	0.10346232331160571	628
cg06419732	0.10346202758712493	628
cg16644967	0.1034607759652402	628
cg10827094	0.10346049116495581	628
cg06336535	0.1034593652418967	628
cg08549335	0.10345742614480713	628
cg00242627	0.10345692993152539	628
cg26814835	0.10345239318861932	628
cg13853198	0.10345139379763929	628
cg08198228	0.10345119886891799	628
cg13092405	0.1034474547718004	628
cg24562110	0.1034473059453353	628
cg00950431	0.10344723864347127	628
cg26995255	0.10343420782609836	628
cg25967612	0.10342725729856972	628
cg00921682	0.10342656067746658	628
cg10573643	0.10342342031313875	628
cg22997362	0.10342298487601204	628
cg24620905	0.10342057691180681	628
cg08886823	0.1034199581190927	628
cg09916174	0.10341736250696539	628
cg16212145	0.10341246343258437	628
cg05090759	0.10341022977514464	628
cg15954353	0.10340903453633071	628
cg00378234	0.10340737931351152	628
cg13597815	0.10340689612452282	628
cg04103837	0.10340545237541254	628
cg01885783	0.10340208921338334	628
cg16492510	0.10339798720418439	628
cg16576160	0.10339789013628772	628
cg14479798	0.10339662669544003	628
cg15928680	0.10339323295254127	628
cg26675485	0.10339277213040204	628
cg06893296	0.10339126260161619	628
cg04821520	0.10338920360341564	628
cg26400275	0.10338695334459863	628
cg10689404	0.10338169310678696	628
cg04074004	0.10337726647007045	628
cg24107852	0.10337711160412283	628
cg21643128	0.10337440005868093	628
cg06393830	0.10337240080861398	628
cg08005692	0.10337191677939495	628
cg07960360	0.10337159428410048	628
cg10465696	0.10337137632656218	628
cg00147095	0.10337066195685018	628
cg24955829	0.10337011103633659	628
cg03623968	0.10336996781384619	628
cg01284289	0.10336877194278873	628
cg02565147	0.10336774586752531	628
cg17861277	0.10336682317838647	628
cg02601618	0.10336486833950992	628
cg09455881	0.10336439681750431	628
cg14036821	0.10336401911190507	628
cg24330456	0.10336318243284187	628
cg16205958	0.10336201918562235	628
cg00942241	0.10336149361693492	628
cg16597045	0.10336024291916757	628
cg19246197	0.10335757423898789	628
cg07116732	0.10335714868447049	628
cg18581405	0.10335686514593015	628
cg03284879	0.10335636983222596	628
cg05517976	0.10335223804580532	628
cg26521766	0.10335155175889843	628
cg06864895	0.10334984211706935	628
cg04982308	0.10334684525945789	628
cg00270625	0.10334624862084285	628
cg05166022	0.10334560073350965	628
cg15852446	0.10333959178152141	628
cg17069396	0.10333704165731691	628
cg17294865	0.10333691039995224	628
cg10753101	0.10333690726168099	628
cg18604577	0.10333325461970105	628
cg24748262	0.10333267538401852	628
cg13786023	0.10332870253168602	628
cg22993195	0.10332736525346364	628
cg08835992	0.10332693423251935	628
cg01765152	0.10332472922059002	628
cg17824906	0.10332214057214706	628
cg17918326	0.10331908930189598	628
cg20391895	0.10331248446763835	628
cg03784048	0.10331040480341261	628
cg06127256	0.10330824149627921	628
cg19589131	0.1033052220195238	628
cg20181079	0.10329877202828458	628
cg13029400	0.10329818919493389	628
cg11707067	0.1032961726742665	628
cg21969116	0.10329569714746939	628
cg08360726	0.10329427455208406	628
cg06814287	0.10329370076025932	628
cg27508545	0.10329276576267554	628
cg27663936	0.10329218230024612	628
cg13118906	0.10328843844217088	628
cg21366321	0.10328680029836163	628
cg03022891	0.10328615751508696	628
cg01314252	0.10328590695605042	628
cg26593967	0.10328589984479403	628
cg17415265	0.10328500120092683	628
cg14857764	0.10328460069738743	628
cg17471365	0.10327694470983101	628
cg16105569	0.10327413582368672	628
cg10116443	0.10327060166881685	628
cg24747763	0.10327048884514017	628
cg14478460	0.10327001272927633	628
cg20641531	0.10326908694937242	628
cg20938665	0.10326846761283881	628
cg23468002	0.10326772875538898	628
cg02213103	0.10326651314661892	628
cg15842430	0.10326440160153966	628
cg03781731	0.10326191704852208	628
cg16345647	0.1032582275316209	628
cg22078179	0.10325792297169614	628
cg17433211	0.10325537673567309	628
cg10635188	0.1032552284970471	628
cg03084184	0.1032542846592448	628
cg03452625	0.10325306803954071	628
cg08156867	0.10325198774702615	628
cg12924430	0.10325150843714631	628
cg07795928	0.10324939107632908	628
cg08453458	0.10324190718278331	628
cg01176363	0.1032408406474194	628
cg05822335	0.10323838611806646	628
cg00117005	0.10323025810204123	628
cg13736514	0.10322928825202268	628
cg06766860	0.10322574464931028	628
cg11187807	0.10322389286505324	628
cg03414932	0.10322289838264614	628
cg05872255	0.10322129504258115	628
cg27244773	0.10322036764048897	628
cg21279756	0.10321922880887568	628
cg09139047	0.10321795321822733	628
cg05840533	0.10321659299269387	628
cg25306277	0.10321625869524004	628
cg08187736	0.10321600641934488	628
cg17775989	0.10321576818617315	628
cg06388730	0.1032120751167045	628
cg11511175	0.10320899955112017	628
cg11291003	0.10320887851221688	628
cg09893305	0.10320793624202618	628
cg13202523	0.1032068564422744	628
cg20845599	0.10320652425347132	628
cg25952964	0.10320651685713089	628
cg03192598	0.10320298937591474	628
cg20912923	0.10319773761971068	628
cg00594129	0.10319748553205343	628
cg24079811	0.10319691585446589	628
cg26256192	0.10319646213508682	628
cg15931205	0.10319426406980739	628
cg06409538	0.10319299559998346	628
cg09341793	0.10319175380918526	628
cg26009797	0.10318748588410015	628
cg03466198	0.10318628896668502	628
cg24137472	0.10318577533592654	628
cg15093769	0.10318024271625875	628
cg12646067	0.10317238010512036	628
cg02858826	0.10317176765305736	628
cg15984661	0.10317124288116364	628
cg24466939	0.1031693198568357	628
cg09803262	0.10316799420434686	628
cg03278611	0.10316763719563371	628
cg10414946	0.10316671013774809	628
cg20445053	0.10316390483566251	628
cg19047226	0.10316206359199748	628
cg25706683	0.10316190328574715	628
cg23369632	0.10316046016780239	628
cg04755848	0.10316040419266559	628
cg01623261	0.10315795380189395	628
cg22369037	0.10315572495857928	628
cg07804470	0.10315568029695327	628
cg06393354	0.10315196027026224	628
cg06716419	0.10315159990909123	628
cg22946219	0.10314952542671196	628
cg00893348	0.10314936703556099	628
cg22076160	0.10314755475928244	628
cg11200414	0.10314708523453806	628
cg13923648	0.10314427494476187	628
cg17006136	0.10314280494885725	628
cg14143752	0.1031416079623031	628
cg23283495	0.10314082953508091	628
cg21927314	0.10314072896118093	628
cg15770702	0.10313935764836143	628
cg06889571	0.10313916009939228	628
cg10689409	0.10313676321081905	628
cg23159970	0.10313330621913513	628
cg10859192	0.10312736914417894	628
cg01814027	0.1031243985841398	628
cg09755589	0.10312323729572276	628
cg19554257	0.10312220251681609	628
cg13840445	0.10312035628573918	628
cg22109827	0.10311637329093415	628
cg08864375	0.10311456245080225	628
cg12280439	0.10311378528622978	628
cg12866112	0.10311357067326715	628
cg26547816	0.10311278354510273	628
cg04545636	0.10311270669607164	628
cg04438229	0.10311180121786953	628
cg24951137	0.10310991044285167	628
cg13659051	0.1031091477741733	628
cg18229049	0.10310700782475668	628
cg15036529	0.1031065896144095	628
cg21754343	0.1031062938060679	628
cg15844596	0.10310591603807936	628
cg08053204	0.10310339549672315	628
cg02561771	0.10309466024555886	628
cg07628084	0.10308835718968701	628
cg15839450	0.10308625539610938	628
cg15531249	0.1030845749298539	628
cg04672785	0.10308422229844916	628
cg27295042	0.10308308364418145	628
cg27467876	0.10308301494041405	628
cg00230502	0.10308214648024827	628
cg25320749	0.10307865720839612	628
cg07859138	0.10307581625442136	628
cg10622644	0.10307571385900524	628
cg02094273	0.10307397028280049	628
cg18708502	0.1030722712967092	628
cg11837701	0.10306943847813749	628
cg15339180	0.10306925618838977	628
cg10640333	0.10306900009981182	628
cg06473941	0.10306628281182217	628
cg03976172	0.10306140254621565	628
cg02896073	0.10306080384587701	628
cg00500359	0.10306039797606859	628
cg24896649	0.10305937983936464	628
cg23674169	0.10305928307597281	628
cg07635485	0.10304902435142588	628
cg18901104	0.10304872185980257	628
cg10632765	0.10304723622577933	628
cg12097330	0.10304684248588103	628
cg17646499	0.10304346114197777	628
cg24878115	0.10304313223771838	628
cg02311163	0.10303320414377087	628
cg05970777	0.10302928285276974	628
cg27509052	0.10302856772738606	628
cg12551983	0.10302773022567568	628
cg17153727	0.10302394412618232	628
cg02011981	0.10302102780374606	628
cg05299278	0.10302060806265123	628
cg07878625	0.10302055492987744	628
cg17049418	0.10302031038433263	628
cg18786623	0.10301828284791464	628
cg15982099	0.10301718267421411	628
cg17275781	0.1030150247156309	628
cg26433975	0.10301423747531407	628
cg23043611	0.10301327227859947	628
cg26286901	0.1030129318326159	628
cg12999366	0.10301192108906809	628
cg22214889	0.10301039321285832	628
cg26939946	0.10300972803786085	628
cg16210248	0.10300960912257734	628
cg20047561	0.10300915347963285	628
cg23737927	0.10300895549877453	628
cg21171625	0.10300847636831809	628
cg18661379	0.10300768323093601	628
cg23428143	0.10300748427073753	628
cg11468148	0.10300610982328318	628
cg08034070	0.10300007871958705	628
cg13394110	0.10299771950334774	628
cg15203566	0.10299691432206864	628
cg06727242	0.10299606688720536	628
cg01719405	0.10299558461944774	628
cg20463298	0.1029955176597322	628
cg10159630	0.1029943253466416	628
cg03519157	0.10299280915772796	628
cg01931222	0.10299143757782886	628
cg16233450	0.10299134109590324	628
cg00747975	0.10299003425833717	628
cg07395439	0.10298964232919555	628
cg04731448	0.10298722264713497	628
cg12811284	0.10298392293474365	628
cg00101104	0.10297786495724365	628
cg14491284	0.1029773830310417	628
cg17133734	0.10297503006606484	628
cg06132069	0.1029737666765145	628
cg15623111	0.10297221113568578	628
cg03598801	0.10297129795859578	628
cg27063986	0.10296975682387366	628
cg14459158	0.1029664875053104	628
cg23720384	0.10296582715738889	628
cg16506566	0.1029655822418104	628
cg13185413	0.10296373142649276	628
cg06710596	0.10296351181644475	628
cg10874644	0.10296289254534874	628
cg14414122	0.10296225692723493	628
cg06012795	0.10295998434082748	628
cg03881934	0.10295873779624737	628
cg13735645	0.10295367022466412	628
cg16623734	0.1029532866807919	628
cg02155398	0.10295283478985523	628
cg13669432	0.1029500762839618	628
cg10594837	0.10294966738314454	628
cg13591648	0.10294961895468846	628
cg14227558	0.10294551918066958	628
cg09543478	0.10294141761885267	628
cg26756396	0.10293852545413497	628
cg14507100	0.1029381200557658	628
cg12997579	0.10293757539344384	628
cg24358781	0.10293706308538664	628
cg05056638	0.10293334466073267	628
cg07243548	0.1029301134701977	628
cg21993547	0.10292665130398304	628
cg15198736	0.10292594303416022	628
cg18556792	0.10292552231624388	628
cg09324628	0.10292274168268739	628
cg00009196	0.10292211024561754	628
cg07103201	0.10291886052007326	628
cg17883035	0.1029166765794643	628
cg08596308	0.10291406430947253	628
cg26495575	0.1029116537015389	628
cg19521573	0.10291139577145725	628
cg15696058	0.10290959935899868	628
cg17614582	0.10290775094944715	628
cg22514682	0.1029076017868205	628
cg01515155	0.10290304836663722	628
cg06781853	0.10289898239372003	628
cg08742502	0.10289822712266866	628
cg26161708	0.10288873694367812	628
cg08422793	0.10288623501487618	628
cg10467217	0.10288399772006149	628
cg06166371	0.10287623765934695	628
cg13704086	0.10287314410529558	628
cg02059509	0.10286870397329806	628
cg01773689	0.10286713768694472	628
cg12058875	0.1028663941870464	628
cg14591667	0.10286316640496579	628
cg25606172	0.10286258204072926	628
cg01678084	0.1028611334482247	628
cg05373263	0.1028587408074435	628
cg27468419	0.10285504053422806	628
cg17050616	0.10285318427036083	628
cg14191040	0.10285075760360635	628
cg01810875	0.10284928828995965	628
cg05342469	0.10284882907542836	628
cg12196570	0.10284828420071723	628
cg25744355	0.10284823476820126	628
cg23586659	0.10284763344487302	628
cg10962524	0.10284602263301426	628
cg13294846	0.10284563439617672	628
cg19660515	0.10284401994428366	628
cg01682157	0.10284149870493942	628
cg01020484	0.10283963907664512	628
cg00585790	0.1028381186741334	628
cg13991834	0.10283721657670702	628
cg26164773	0.10283670901716196	628
cg22498396	0.10283518993542257	628
cg18674234	0.10283443138980838	628
cg00616135	0.10283419356372792	628
cg26390526	0.10283296986913082	628
cg07133994	0.10283020431090106	628
cg16971128	0.1028289234783552	628
cg08563982	0.10282676785337946	628
cg07546654	0.1028262907312183	628
cg09941017	0.10282444095730248	628
cg25645879	0.10282233164647708	628
cg12081303	0.10282181045560304	628
cg09591524	0.10281890378419051	628
cg07172334	0.10281873814147377	628
cg21081729	0.10281839917198199	628
cg19051045	0.10281665234899368	628
cg26799474	0.10281617273814048	628
cg08021299	0.102806103948903	628
cg04383979	0.10280117212010806	628
cg23756173	0.10279865319116299	628
cg00847868	0.10279475402429575	628
cg16609181	0.10279412476440336	628
cg24951100	0.10279397974196806	628
cg22698272	0.10279141408705311	628
cg21390082	0.10279047003238886	628
cg23256675	0.10278937164915108	628
cg01035640	0.10278855250888944	628
cg14983135	0.10278720651741952	628
cg18627493	0.10278613642801304	628
cg08244156	0.10278567480644762	628
cg11194613	0.10278537427623635	628
cg21762788	0.10278469905634896	628
cg06221449	0.10278447704817123	628
cg17257587	0.1027811043166682	628
cg20553577	0.10278055044573148	628
cg06976250	0.10277924977943385	628
cg02063759	0.10277150024895157	628
cg00414890	0.10277069577952924	628
cg14061772	0.10277068435182829	628
cg00401745	0.1027690845993166	628
cg03595348	0.10276729063084006	628
cg18540249	0.10276286860368405	628
cg21075378	0.10276131057315113	628
cg25835351	0.10276058588239703	628
cg04690998	0.10275904400061953	628
cg23541617	0.10275883126951088	628
cg13526469	0.10275709711583969	628
cg14687145	0.10275630986384632	628
cg13573375	0.10275126637591303	628
cg27122441	0.102749454415201	628
cg05484949	0.10274468116698127	628
cg15165122	0.10273891109602155	628
cg15371711	0.10273864598383832	628
cg26470798	0.10273380348736451	628
cg24795274	0.10273346465204206	628
cg02037307	0.10273188782632442	628
cg10471113	0.10272836152333376	628
cg24888814	0.10272769162970702	628
cg07303091	0.10272510344994717	628
cg02726263	0.10272473758409073	628
cg09717809	0.102724053068463	628
cg08502239	0.10272318202619163	628
cg17962384	0.10272194849752926	628
cg09610558	0.10272027732481243	628
cg22579265	0.10272025174997682	628
cg17471939	0.10271998096040984	628
cg04778236	0.10271940806768631	628
cg11756095	0.10271439029076368	628
cg03856606	0.10271420842115436	628
cg06748440	0.10270861308201956	628
cg10643691	0.10270809413203352	628
cg25316305	0.10270395037047325	628
cg01349088	0.1027002508885897	628
cg24812523	0.10269821083306063	628
cg02211646	0.1026981549566934	628
cg05943293	0.10269540899563678	628
cg15996984	0.10269524283221892	628
cg16276063	0.1026900974087007	628
cg24149379	0.10268993608806375	628
cg27586797	0.10268506164828772	628
cg05741937	0.10268060494491707	628
cg05428452	0.10267857401100944	628
cg00974761	0.10267807900872655	628
cg04711338	0.10267682849982418	628
cg03369965	0.10266968268652393	628
cg04994795	0.1026677048721436	628
cg21172011	0.1026668580801251	628
cg05955436	0.10266579014280089	628
cg23190089	0.1026646440384642	628
cg21805940	0.1026635014894659	628
cg21647227	0.10266093649407289	628
cg01733284	0.10266011797243768	628
cg00751021	0.10265809880006525	628
cg08074820	0.10265698911374795	628
cg04978343	0.10265587903705398	628
cg15822394	0.10265211941410593	628
cg02448597	0.10265081212215096	628
cg10672681	0.10265015803220938	628
cg06574296	0.10264947907388045	628
cg22244192	0.1026490994364831	628
cg04989070	0.1026487768986391	628
cg05630725	0.10264700143922059	628
cg16683060	0.10264692761399774	628
cg16342115	0.10264619494148222	628
cg22488352	0.10264196794250272	628
cg27079096	0.10264116933404518	628
cg10441070	0.10264103766764948	628
cg26679004	0.10264072625459295	628
cg24532610	0.10264018189643836	628
cg19759135	0.1026358203390097	628
cg20810975	0.10263543976997658	628
cg09829176	0.10263535294436232	628
cg00236305	0.10263502719301043	628
cg19700872	0.10263314861873599	628
cg05697249	0.10263297481581996	628
cg26485825	0.10262797779814525	628
cg16578825	0.1026265984211382	628
cg15365038	0.10262540501552347	628
cg04921068	0.10262406231212307	628
cg09099500	0.1026170964291595	628
cg04264433	0.10261654889287208	628
cg13321745	0.10261084587703673	628
cg08882341	0.10260958510757423	628
cg08707963	0.10260695219911203	628
cg13203135	0.10260627376863829	628
cg17142183	0.10260552221612257	628
cg10673328	0.10260352051459276	628
cg09874482	0.10260316531455493	628
cg05283646	0.10260272370123569	628
cg00213668	0.10260127069705877	628
cg10712578	0.10259906913087374	628
cg20414364	0.10259871893517428	628
cg19233472	0.10259831215197229	628
cg01734062	0.10259820465915703	628
cg06309788	0.10259807046178293	628
cg26811385	0.10259679079903414	628
cg25135018	0.10259468028071722	628
cg08821738	0.10259459264217083	628
cg24870568	0.1025921954766355	628
cg22316614	0.10259059099204287	628
cg17288288	0.10259047077522063	628
cg13558371	0.10258597915680912	628
cg06738887	0.1025843525877484	628
cg11035122	0.10258414255951398	628
cg06878649	0.10258367815143271	628
cg26561187	0.10258038825724358	628
cg13294849	0.1025782321992513	628
cg12505170	0.10257780299677326	628
cg01074584	0.1025777159610329	628
cg15565057	0.10257736288351349	628
cg15997393	0.10257657594091335	628
cg26307117	0.10257439242642699	628
cg03671075	0.1025718695691562	628
cg01296705	0.10256987700893333	628
cg21931680	0.10256893816949059	628
cg07160932	0.10256674151154441	628
cg20091689	0.10256658478436685	628
cg15735954	0.1025664736548404	628
cg06032337	0.10256098652158524	628
cg20064897	0.1025585595508795	628
cg15827285	0.10255599445698399	628
cg04063345	0.10255583504543903	628
cg20706049	0.10255359972944766	628
cg26258396	0.10255352499942547	628
cg24753760	0.10255240882486144	628
cg23747646	0.1025491934759154	628
cg24993735	0.10254458007770373	628
cg13192239	0.10253514693598842	628
cg09959150	0.10253479506577323	628
cg22309950	0.10253424078908191	628
cg25755575	0.10253108610276127	628
cg22581896	0.10253062212231662	628
cg23713772	0.10253012662189204	628
cg16196968	0.10252904222345144	628
cg05719612	0.10252859209711296	628
cg00458317	0.10252827425684125	628
cg04574152	0.10252698101253077	628
cg19402991	0.10252316644709089	628
cg25176746	0.10252190067073147	628
cg23748923	0.10252109419232511	628
cg04876124	0.10251818320832873	628
cg07734975	0.10251811625119961	628
cg17589866	0.10251673011672788	628
cg16580982	0.10251632899089758	628
cg11379081	0.10250896124225795	628
cg14931071	0.10250866501749784	628
cg19388972	0.10250615711504918	628
cg12348588	0.1024980284000501	628
cg23513175	0.10249656879304847	628
cg25391117	0.10248999907989625	628
cg21916461	0.1024892036875028	628
cg04905421	0.10248849061189541	628
cg01567173	0.10248796103930946	628
cg09825979	0.10248620131620967	628
cg21696975	0.10248387933844999	628
cg26038582	0.10248386003298375	628
cg05431684	0.10248322257421205	628
cg11703212	0.10248107175345661	628
cg10379687	0.10247898016793	628
cg20933239	0.10247828545327226	628
cg14114910	0.1024771448425763	628
cg02656891	0.1024769566293169	628
cg14740860	0.10247666824999849	628
cg10442355	0.10247641108725564	628
cg11509088	0.10247379607632195	628
cg04545516	0.10247287949395845	628
cg26039623	0.1024720745760456	628
cg13136655	0.10247135450293221	628
cg08332866	0.1024708219513393	628
cg14982472	0.10246807396330626	628
cg22445346	0.10246668183092772	628
cg07314530	0.10246500433663802	628
cg01576142	0.10246058113214707	628
cg05548179	0.10245689984571621	628
cg26315985	0.10245669831461723	628
cg14171944	0.10245658872592944	628
cg21340500	0.10245538645337537	628
cg21733927	0.10245395898345627	628
cg13152158	0.10245042159024531	628
cg12815142	0.10245025230461419	628
cg22212560	0.10244542037161675	628
cg23238119	0.10244521941115714	628
cg13316472	0.10244387225219609	628
cg25087589	0.10244054604621439	628
cg12664173	0.10243720728402231	628
cg04456219	0.10243614433350295	628
cg01306688	0.1024347917236342	628
cg22759261	0.10243421399555741	628
cg04334243	0.10243416299216507	628
cg26570165	0.10243181524890996	628
cg06478504	0.1024295555992106	628
cg24154340	0.10242854851251863	628
cg17079431	0.10242676504261694	628
cg08371556	0.10242597574593976	628
cg05289920	0.10242533195566683	628
cg11691093	0.10242369018222891	628
cg20054157	0.10242344505603346	628
cg25083933	0.10242055444802942	628
cg05254143	0.10241708100484154	628
cg19408149	0.10241639903033412	628
cg17528218	0.10241497166725366	628
cg06882926	0.10241386853235507	628
cg09780180	0.1024136220892749	628
cg16497714	0.10241272216922838	628
cg01311802	0.10241099493942735	628
cg19935756	0.10240177147198104	628
cg17308726	0.102400528432604	628
cg07546334	0.1024000184738178	628
cg04998327	0.1023985988155714	628
cg05134426	0.10239771130746297	628
cg19243717	0.10239706646314173	628
cg19566906	0.10239699647240619	628
cg25274468	0.10239370659204627	628
cg09429735	0.10239046555540499	628
cg07843512	0.10238806565959635	628
cg24638326	0.10238692091555068	628
cg06087255	0.10238394182220018	628
cg16386396	0.10238170434689797	628
cg06488150	0.1023788798211741	628
cg06340382	0.10237737668015862	628
cg03404709	0.10237713759929201	628
cg00920395	0.10237551368578257	628
cg19082708	0.1023720863387174	628
cg07108441	0.10237138805017809	628
cg18307545	0.10236914796709562	628
cg03317045	0.10236707462950437	628
cg00447018	0.1023666579321329	628
cg01378512	0.10235961393465343	628
cg14391382	0.10235782536951027	628
cg00702417	0.10235660142391834	628
cg06316886	0.10235566183226272	628
cg22991404	0.10235564000385922	628
cg16787431	0.10235435814727523	628
cg08169827	0.10235045600027087	628
cg25612428	0.1023492918038526	628
cg24258712	0.10234821663658916	628
cg04574507	0.10234675841603225	628
cg12999453	0.10234652429360638	628
cg15001615	0.10233924132734037	628
cg00085123	0.10233292456896873	628
cg21706229	0.10233176935443927	628
cg19766471	0.10233165738534789	628
cg17675150	0.10232969308453654	628
cg07904290	0.10232947218152727	628
cg20356323	0.10232855659188361	628
cg11795921	0.10232671826658346	628
cg24938286	0.10232549147816994	628
cg09216823	0.10232529527226997	628
cg22163972	0.10232404439011789	628
cg17898925	0.10232108981717519	628
cg08981777	0.10231812326044917	628
cg20432211	0.10231804162531238	628
cg11334097	0.10231778651286932	628
cg20228731	0.1023160509011099	628
cg02789362	0.10231493701706706	628
cg20396393	0.1023147060517775	628
cg16487621	0.1023126253951045	628
cg20299414	0.10231199636957705	628
cg01255513	0.10231009364896587	628
cg19447962	0.10230906723491062	628
cg19565738	0.10230849597174485	628
cg19274341	0.10230788332809782	628
cg24080793	0.10230655712334745	628
cg23008871	0.10230178221763409	628
cg22012583	0.10230081189889545	628
cg24546446	0.10230037530610098	628
cg16134262	0.10229994216599747	628
cg17884856	0.10229915411767371	628
cg24249542	0.1022973777545042	628
cg11152263	0.10229714553694164	628
cg04388792	0.1022948396922892	628
cg04716530	0.10229395577639877	628
cg17675088	0.10229255600590051	628
cg24964110	0.102291611288639	628
cg23599385	0.1022915524366271	628
cg03907016	0.10229039505472881	628
cg18647449	0.10228682513022413	628
cg21120539	0.10228566008886698	628
cg01738202	0.10227935640011288	628
cg06869505	0.10227764228579916	628
cg27364766	0.10227659742302231	628
cg07299736	0.10227557992710123	628
cg06993467	0.10227346029948703	628
cg26426488	0.10227311631868452	628
cg24676120	0.10227292153785006	628
cg16009120	0.10227189972979178	628
cg23291280	0.10226770378769467	628
cg06948492	0.10226413089833827	628
cg25064331	0.10226328004028823	628
cg23753351	0.10225994547558143	628
cg10237765	0.1022560947234823	628
cg22514112	0.10225338357569841	628
cg19678610	0.10225282374821876	628
cg06873916	0.10225209660174	628
cg14052044	0.10225135695741513	628
cg22108567	0.10225089179553032	628
cg00468125	0.10224960614473119	628
cg02054232	0.10224740000850296	628
cg25968569	0.10224657592076893	628
cg16025118	0.10224465397673999	628
cg07276534	0.10224382392645837	628
cg01045337	0.10224183635013576	628
cg04566159	0.10223978265475689	628
cg04498153	0.1022393624884407	628
cg11430077	0.10223609946322537	628
cg24786986	0.10223603009158595	628
cg07112562	0.10223416353396186	628
cg03677069	0.10223414419532006	628
cg09030187	0.10223390749086997	628
cg27361520	0.10223204803166153	628
cg21589417	0.10223113121250255	628
cg11494508	0.10223102599625578	628
cg15910502	0.10223065083705618	628
cg13092738	0.10223022252469091	628
cg08165960	0.10222667066762964	628
cg02856768	0.10222612231905881	628
cg03314013	0.10222589185810937	628
cg12299554	0.10221985386999649	628
cg23038349	0.10221964829068797	628
cg13568106	0.10221843645275591	628
cg12688965	0.10221810672644327	628
cg16786640	0.10221739758929578	628
cg23342045	0.10221446489839478	628
cg15166523	0.10221309141729434	628
cg16580616	0.10221107813385738	628
cg13667782	0.10220878950583043	628
cg10127554	0.10220743637362434	628
cg24887265	0.10220581781375741	628
cg21818807	0.10220496124101675	628
cg01590338	0.10220265700504766	628
cg24620436	0.10220137924969425	628
cg04843935	0.10220002450577556	628
cg24032190	0.10219739615963395	628
cg02088785	0.10219645105925934	628
cg05949331	0.10219163378839924	628
cg03456771	0.10219128011749579	628
cg18935743	0.10218973888251903	628
cg25100880	0.10218767199897646	628
cg01735621	0.10218474746979968	628
cg07619697	0.1021837880308713	628
cg01358444	0.10218238529844118	628
cg09387749	0.10217840481034579	628
cg21759280	0.10217703194249794	628
cg08024887	0.10217678987902175	628
cg17179314	0.10217666951367799	628
cg26626251	0.10217503518320153	628
cg08624093	0.1021742858521254	628
cg04309234	0.1021738898171127	628
cg12864235	0.10217173529203963	628
cg10365562	0.10216990962567174	628
cg04093645	0.10216878443992783	628
cg21413173	0.10216792279292808	628
cg13469268	0.10216311415626228	628
cg18546037	0.10216054502582006	628
cg07134045	0.10215777858814014	628
cg04322111	0.1021529623634525	628
cg11150222	0.10215224639987114	628
cg04302300	0.10215198135621545	628
cg09262171	0.10215107640991522	628
cg02824888	0.10214985544863897	628
cg15962969	0.10214895173378713	628
cg25131632	0.10214766052154473	628
cg08936516	0.10214494917880301	628
cg11091914	0.10214110382669284	628
cg18195986	0.10214065323015148	628
cg05338731	0.10213973756818676	628
cg22328396	0.10213559045339915	628
cg05119374	0.10213196380379436	628
cg01989203	0.10213165374933772	628
cg14517810	0.10213130718867597	628
cg24478096	0.10213099082459523	628
cg04153130	0.10212748700673133	628
cg26342535	0.1021271959639651	628
cg25717464	0.10212676956101102	628
cg19797087	0.10212614042680254	628
cg26485159	0.10212459090486062	628
cg13144783	0.10212364963416698	628
cg01294283	0.10212178652297826	628
cg20624953	0.10212166911849518	628
cg12515659	0.10211998965132807	628
cg21544713	0.10211977210462125	628
cg19502709	0.10211870430451886	628
cg05581878	0.10211421418410982	628
cg17127183	0.10211234829648741	628
cg04795662	0.10211225286461256	628
cg23970546	0.1021106033624786	628
cg10285526	0.10210993605928731	628
cg03469682	0.10210988499889984	628
cg27553926	0.10210968574767486	628
cg24970360	0.10210717404303665	628
cg01363714	0.10210660718253069	628
cg01947943	0.10210656402395041	628
cg03518138	0.10210426386904403	628
cg03930097	0.1021006440763908	628
cg14913610	0.10210055251189076	628
cg24132991	0.10209870848818992	628
cg25153233	0.10209575171253338	628
cg25198340	0.10209412475316054	628
cg10511850	0.10209281535758441	628
cg03294833	0.10209136075035846	628
cg04276058	0.1020902232284229	628
cg10389262	0.10208969831363768	628
cg10339498	0.10208791101111986	628
cg10066186	0.10208623235717856	628
cg27123273	0.10208565930729939	628
cg09033638	0.10208481088784782	628
cg27579771	0.10208469575991819	628
cg26620655	0.10208299714217034	628
cg13279700	0.1020787119096328	628
cg14299883	0.10207503892012262	628
cg07455133	0.10207495543693207	628
cg19343034	0.10207394517882795	628
cg22730327	0.10207355168893262	628
cg10079027	0.10207174446070838	628
cg24807294	0.10207116907070798	628
cg23012310	0.10207039152724509	628
cg18233544	0.10206773947591907	628
cg03190219	0.10206580791524117	628
cg00087971	0.10206561581220125	628
cg13613965	0.10206541446893	628
cg25343618	0.10206465374004514	628
cg23581088	0.10206350146767207	628
cg06553058	0.10205861357711754	628
cg05774699	0.10204070346304162	628
cg15392900	0.10203985078616684	628
cg27109284	0.10203652864580123	628
cg22012281	0.10203614001826455	628
cg27527108	0.10203392014664962	628
cg20678353	0.1020328802228288	628
cg13810673	0.10203168825160008	628
cg26168772	0.10203071731465996	628
cg06766034	0.10203031043818317	628
cg19280785	0.10202949204198886	628
cg00852964	0.1020276417291647	628
cg21507958	0.10202665471407452	628
cg09993945	0.10202155136447683	628
cg18741908	0.10202035133678886	628
cg02831260	0.1020193430107369	628
cg13936452	0.10201928610092176	628
cg00058449	0.10201551255779734	628
cg00335591	0.10201411364487584	628
cg22272840	0.10201102443753873	628
cg09358376	0.10200952428274676	628
cg00688932	0.10200590363507933	628
cg25657218	0.1020039620800165	628
cg11743675	0.10200133456933283	628
cg16431787	0.10199874379337365	628
cg03078363	0.10199724304832175	628
cg00607194	0.10199239057902407	628
cg26043322	0.10198943684935852	628
cg15829092	0.10198699272409945	628
cg12181407	0.1019861544163011	628
cg24881255	0.10198348946707164	628
cg00071012	0.10198265893191827	628
cg27070962	0.10198155201242293	628
cg24361385	0.10197950732162081	628
cg07475026	0.10197244872476524	628
cg24892362	0.10196925791642869	628
cg16689434	0.10196736102886997	628
cg12516875	0.10196269699874069	628
cg06972903	0.10196226649192802	628
cg01480771	0.1019602631934679	628
cg15374924	0.10195754608142488	628
cg17524162	0.10195608757074873	628
cg26009230	0.10195477962367722	628
cg12290311	0.1019545826547612	628
cg21533262	0.10195443937840837	628
cg20757966	0.10195172093177807	628
cg26382679	0.10195170802500897	628
cg02302587	0.10195021994932812	628
cg13413488	0.10195018774333464	628
cg13719901	0.10194969083247929	628
cg27057650	0.10194833125452263	628
cg20077718	0.10194770987204799	628
cg23111655	0.1019473484026015	628
cg24962180	0.1019472925369746	628
cg03520342	0.10194366457869336	628
cg19529732	0.10194327408497514	628
cg25467336	0.10194098955342148	628
cg00520406	0.10194025504072257	628
cg01969701	0.10194025322064221	628
cg16612423	0.10194014587004696	628
cg13522891	0.1019396909822946	628
cg03938110	0.10193574165917291	628
cg01510278	0.10193336264746397	628
cg22400703	0.10192896161246531	628
cg02762475	0.10192705552025777	628
cg26000536	0.10192550138352227	628
cg11970204	0.10192371397939148	628
cg00949980	0.1019211252851393	628
cg25597580	0.10192057623416184	628
cg03069242	0.10191903101654953	628
cg07326149	0.10191740485636624	628
cg00922841	0.10191683803804502	628
cg14526021	0.1019147495613622	628
cg03950716	0.10191436423914191	628
cg22999786	0.10191130681783989	628
cg01523759	0.10191086774234887	628
cg07091481	0.1019074885906808	628
cg03665360	0.10190662469089523	628
cg11337915	0.10190580356300707	628
cg16177556	0.10190528120043416	628
cg02696253	0.10190440522962918	628
cg01201932	0.10190382667245956	628
cg19873536	0.10190349650839664	628
cg22210779	0.10189862538358796	628
cg07139509	0.10189813551903874	628
cg21177064	0.10189648357189407	628
cg08918985	0.10189615761884341	628
cg23936402	0.10189305069501611	628
cg18005867	0.10188539703247548	628
cg14416623	0.10187680294281082	628
cg12584100	0.10187350167257088	628
cg14774585	0.10187045035498682	628
cg13546414	0.10186992116488439	628
cg04037732	0.10186259869754014	628
cg26980937	0.10186175676178394	628
cg06028247	0.10185973667388143	628
cg16999254	0.10185734474555413	628
cg20432960	0.10185642546576859	628
cg03839717	0.10185601420796192	628
cg23116540	0.10185582166391632	628
cg01653942	0.10185579397611291	628
cg13470969	0.10185565333090069	628
cg24716664	0.10185465689575057	628
cg07787543	0.1018501661956957	628
cg10611331	0.10184955351005398	628
cg07382347	0.10184892669226375	628
cg06188496	0.10184671257124189	628
cg09233392	0.10184607987793987	628
cg11775488	0.10184436734800767	628
cg22469897	0.10184317737711299	628
cg02434314	0.10184234593124447	628
cg04343928	0.10184234365794503	628
cg09571713	0.10183750041796258	628
cg16652347	0.10183701267573136	628
cg12652442	0.10183467531514936	628
cg02312904	0.10183273571966289	628
cg17320707	0.10183208524528567	628
cg13912673	0.10183004763840932	628
cg17671280	0.1018296115525948	628
cg04620298	0.10182745176454824	628
cg09782560	0.1018227421483277	628
cg04163967	0.10182262775078732	628
cg14527262	0.10181788017875154	628
cg15567368	0.1018174977888208	628
cg26761826	0.10181736846597499	628
cg19936812	0.10181711280079095	628
cg24159253	0.10181540834439107	628
cg08030922	0.10180948348537566	628
cg03070741	0.10180926460897338	628
cg06531379	0.10180773654151022	628
cg04793527	0.10180690191173214	628
cg12223582	0.10180580601756731	628
cg22621169	0.10180558011254298	628
cg07328317	0.10180458842159448	628
cg18151345	0.10180444293032095	628
cg12612406	0.1018038613213681	628
cg18805027	0.10180365043945094	628
cg17289451	0.1018027678625017	628
cg00054409	0.10180195774633397	628
cg07923794	0.10180058775762656	628
cg10440696	0.10179927849771675	628
cg01925738	0.10179655044046493	628
cg09088396	0.10179595192704327	628
cg13106430	0.10179528246031355	628
cg06334737	0.10179325033746078	628
cg03274671	0.10178931421800885	628
cg02512559	0.10178425577190098	628
cg06508886	0.10178112775710409	628
cg05570258	0.10178061636017724	628
cg09923978	0.10177378890483194	628
cg22144149	0.10177246182206742	628
cg19028499	0.10177042150623494	628
cg01336231	0.10176889941700692	628
cg17695831	0.10176760259754103	628
cg17453840	0.10176514185160188	628
cg04396421	0.10176504216503596	628
cg21108085	0.10176385937044191	628
cg04329382	0.10175958607777624	628
cg08418111	0.10175503485299509	628
cg26584456	0.10175376145780579	628
cg26919149	0.10175126141952315	628
cg00819233	0.10175062166583987	628
cg16600733	0.10174652670424189	628
cg16716659	0.10174562489057015	628
cg14267754	0.1017445109142725	628
cg21839504	0.10174366974490728	628
cg18017482	0.10174350009033001	628
cg23217386	0.10174334367828036	628
cg12458970	0.10174143568148505	628
cg08792703	0.10173709562962613	628
cg02494549	0.10173651438890352	628
cg08870093	0.10173307086401359	628
cg12495996	0.10173280022160996	628
cg09264231	0.10173174195348633	628
cg23765993	0.10173048375576488	628
cg27028202	0.10172767994794307	628
cg00128057	0.10172636335988544	628
cg27382405	0.10172627893328044	628
cg15969149	0.10172608478925366	628
cg07893689	0.10172525607102045	628
cg26344867	0.1017244263237587	628
cg23721586	0.1017223273468583	628
cg00149537	0.10172098245537436	628
cg03891346	0.10172048855164692	628
cg26154047	0.10171893991278497	628
cg18590709	0.10171873596743922	628
cg11591485	0.10171733756148471	628
cg02516944	0.10171628959185264	628
cg19990651	0.10171548730634453	628
cg13731761	0.10171091740110338	628
cg21092808	0.10170017236792864	628
cg01832662	0.10169922755810984	628
cg14669524	0.10169873277870525	628
cg16661761	0.1016982869695151	628
cg06370667	0.10169773729193538	628
cg07204280	0.10169707577008626	628
cg06958766	0.10169087486286271	628
cg14468481	0.10169026152796995	628
cg26986681	0.1016894951172081	628
cg20982735	0.10168573925506857	628
cg03676636	0.10168295215206163	628
cg07367113	0.10168293373549903	628
cg20813139	0.10168201636016538	628
cg01387797	0.1016814828413613	628
cg17408972	0.10167956340671006	628
cg11930926	0.10167856927796062	628
cg07587639	0.10167443447426244	628
cg10543374	0.10167396539847695	628
cg19722689	0.1016724474252576	628
cg12769118	0.10167236253075006	628
cg00225902	0.10167191401856043	628
cg09715353	0.1016698038961949	628
cg23889684	0.10166812672759462	628
cg09175221	0.10166664438939371	628
cg19904058	0.10166655651908166	628
cg17267654	0.10166403748374772	628
cg01873637	0.10166392147327863	628
cg22423750	0.10166355325546683	628
cg05700616	0.10166288289343034	628
cg15951661	0.10165543586557721	628
cg16795455	0.10165469974396024	628
cg12710152	0.10165287870656348	628
cg02989244	0.10164741179549716	628
cg25823128	0.10164687261882221	628
cg19961720	0.10164627745848176	628
cg15244965	0.10164415663630114	628
cg26551026	0.10164180302542458	628
cg11645306	0.10163921723767846	628
cg17954695	0.10163839953914874	628
cg06580523	0.10163804848288888	628
cg16565154	0.1016376532948855	628
cg03185827	0.10163618471854541	628
cg24600608	0.10163456635967211	628
cg08718293	0.10163359467095748	628
cg24663541	0.10163335023917291	628
cg01067190	0.10162911688058501	628
cg14384158	0.10162489297454155	628
cg07285237	0.1016209847828049	628
cg08715146	0.10161508161234273	628
cg04911139	0.10161375765640573	628
cg13079528	0.10161238264545103	628
cg00790020	0.10161148538419545	628
cg09746992	0.10160869876513617	628
cg19525078	0.10160781577360262	628
cg05349089	0.1016060922522892	628
cg12700439	0.10160365003191851	628
cg04744409	0.1016035176277251	628
cg13213799	0.10160347863064334	628
cg22259126	0.10160274155486329	628
cg17889682	0.10160189187189303	628
cg08560387	0.10160139185584177	628
cg08889009	0.10160084585220092	628
cg15745284	0.10160029128933692	628
cg26603656	0.10159629033451978	628
cg10967023	0.10159516733624159	628
cg14344955	0.1015910835436023	628
cg07570113	0.101590373129335	628
cg10476584	0.10158867521689738	628
cg02683307	0.1015884540982345	628
cg07031408	0.10158504034133131	628
cg26117389	0.10158390821797841	628
cg03895593	0.10158246471721752	628
cg19216359	0.1015815696288429	628
cg19764047	0.10157945183699865	628
cg00093544	0.10157880601718491	628
cg09040942	0.10157860015592046	628
cg14701491	0.10157829653552819	628
cg05231480	0.10157783698677064	628
cg16725535	0.10157665610023708	628
cg23273866	0.10157629286096592	628
cg16443009	0.10157602864970244	628
cg03995968	0.10157279704392258	628
cg24825028	0.10157150214919686	628
cg21143441	0.1015695725742636	628
cg13333800	0.10155715961633241	628
cg04685170	0.1015562000738501	628
cg13782274	0.10155469344794027	628
cg03419151	0.10155216016995505	628
cg10242602	0.10155144062664828	628
cg02806715	0.10155094284485183	628
cg10126372	0.10154712655670306	628
cg09784259	0.10154013707822585	628
cg01891583	0.1015393048660741	628
cg13802506	0.1015367290162199	628
cg08184936	0.1015361576428831	628
cg26842815	0.10153581131641543	628
cg21821308	0.10153528108888599	628
cg06133110	0.1015323220537385	628
cg06484169	0.10152883049995115	628
cg15958289	0.10152801291308142	628
cg13175850	0.10152640123376339	628
cg16032894	0.10152260086052528	628
cg04387835	0.1015201417461107	628
cg16400631	0.10152006003646394	628
cg18614381	0.10151613485106453	628
cg11357079	0.10151543889752979	628
cg19683800	0.10151356971758169	628
cg10381888	0.10151149856659708	628
cg00035449	0.10151082656408789	628
cg12743974	0.10150738753895983	628
cg03175771	0.10150475158528707	628
cg01941585	0.1015024075049556	628
cg10286380	0.10150138229801497	628
cg14077898	0.1015004819260876	628
cg04362586	0.10149804816247368	628
cg00510539	0.10149801342780357	628
cg19301114	0.1014934460736179	628
cg04428320	0.10149241775080087	628
cg24898738	0.10149174237791514	628
cg21373156	0.10149099705210049	628
cg07281370	0.10148961859725783	628
cg12550344	0.10148831375217585	628
cg02560744	0.10148552699442243	628
cg05851442	0.10148270246537641	628
cg22957360	0.10148058487092029	628
cg16908257	0.10147344230204325	628
cg08621076	0.10147305791558667	628
cg02368820	0.10147245049651324	628
cg17508905	0.10146757735489514	628
cg12530864	0.1014634204477125	628
cg03506656	0.10146127209255074	628
cg13655242	0.10145659641450211	628
cg22653915	0.10145133864894593	628
cg04878000	0.10145129430055114	628
cg05706898	0.10144738957908858	628
cg22812030	0.10144599327593001	628
cg16956686	0.10144220225611028	628
cg22311510	0.10143543712409336	628
cg04861974	0.1014332361137783	628
cg08626004	0.10143115376239376	628
cg11235297	0.1014303598927768	628
cg16292132	0.10142907621673258	628
cg11693285	0.10142785967997267	628
cg23670353	0.10142552037322011	628
cg08873424	0.10142344168861944	628
cg04887066	0.10142258904338947	628
cg03758633	0.10142126101298526	628
cg17353337	0.10142081718939583	628
cg17463745	0.10141754930248528	628
cg04101755	0.10141618992430304	628
cg13522882	0.10141465078392663	628
cg21566177	0.10141283262532619	628
cg10593400	0.10141265105690625	628
cg17169998	0.10141178382794107	628
cg13248581	0.10140976341329744	628
cg10357038	0.10140863335042533	628
cg05229723	0.10140778251175186	628
cg17069313	0.10139953365132098	628
cg25636665	0.10139898156125146	628
cg20719980	0.10139876359143818	628
cg25711558	0.10139828398074105	628
cg20071624	0.10139806563080667	628
cg13534503	0.1013976049693946	628
cg01116873	0.10139432812270477	628
cg25607177	0.10138667450248331	628
cg14299455	0.10138505720954932	628
cg20834178	0.10138445972895063	628
cg24453118	0.1013832438664729	628
cg06593910	0.1013827747268618	628
cg13842203	0.10138061998856135	628
cg16112276	0.10137862507049761	628
cg02894896	0.10137721062416391	628
cg13415795	0.10137114876720144	628
cg18704047	0.10137070670964582	628
cg21941611	0.10136968952494024	628
cg08412936	0.10136959942080281	628
cg01984424	0.10136275001109252	628
cg17272620	0.10136180063001923	628
cg14245471	0.1013616441100269	628
cg25456068	0.10136080035182282	628
cg23067317	0.10136051276142977	628
cg07540421	0.10135817914521408	628
cg08553601	0.1013573615303893	628
cg12743970	0.10135615243192919	628
cg27180868	0.10135005665474382	628
cg13308964	0.1013475609554517	628
cg06003986	0.10134576621230316	628
cg01078695	0.1013446236882154	628
cg25977965	0.10134139563768735	628
cg20518446	0.10133878007775551	628
cg15465279	0.10133825042076103	628
cg21845633	0.1013320049422411	628
cg21823605	0.10133069903257896	628
cg27571769	0.10133036210168395	628
cg09508356	0.10133002348677037	628
cg18766755	0.1013286644415986	628
cg07345108	0.10132851302171747	628
cg12598235	0.10132804972698178	628
cg18882156	0.1013244697722874	628
cg13655986	0.1013236286210818	628
cg04728296	0.10132111766870135	628
cg00877329	0.10132050259185987	628
cg03199239	0.10132000781122794	628
cg26639085	0.10131722803285437	628
cg11399319	0.10131632904905466	628
cg04274236	0.10131411598599749	628
cg13634242	0.10131240111581748	628
cg12635790	0.10131175817273202	628
cg05626117	0.10131085212660657	628
cg06973652	0.10130825499193025	628
cg22620027	0.10130665140394157	628
cg04036070	0.1013066035591384	628
cg01692279	0.10130474701118844	628
cg11432797	0.10129858627443145	628
cg11144753	0.10129786859264439	628
cg17675492	0.10129665476809918	628
cg07658702	0.10129439311711858	628
cg14010405	0.10129262042540471	628
cg27267227	0.10129234588580503	628
cg14755699	0.10129172748207588	628
cg05369553	0.1012871484789486	628
cg06924602	0.10128230643110536	628
cg10571987	0.10128120540337013	628
cg04462650	0.10127750668686875	628
cg06688763	0.10127372073458335	628
cg02787387	0.10127282535113788	628
cg06947286	0.10127265006081443	628
cg22608082	0.10127058177842319	628
cg10144863	0.10126886872138136	628
cg10939949	0.10126880105419317	628
cg03306956	0.10126634910645155	628
cg08264266	0.10126554365600665	628
cg14370595	0.10126404699229924	628
cg21944491	0.10126351287467866	628
cg09872616	0.10126206674082722	628
cg10244976	0.10126005327517035	628
cg12581741	0.10125899214741813	628
cg24768167	0.10125860132147851	628
cg19007141	0.10125643141199103	628
cg10548163	0.10125626864997728	628
cg18980036	0.10125247143614141	628
cg00642460	0.10125219426823345	628
cg25043050	0.10125132447094765	628
cg04207218	0.10124862332215312	628
cg01802485	0.10124657807912862	628
cg23463533	0.10124422421082585	628
cg12573318	0.10124327139171958	628
cg08684511	0.10124002804849813	628
cg18779296	0.10123917891317066	628
cg05241828	0.10123413397323722	628
cg24232444	0.10123035045025736	628
cg05968010	0.10122797373089318	628
cg00388262	0.1012273106445078	628
cg06303744	0.10122502275214115	628
cg12657416	0.10122287633038282	628
cg03959306	0.10122089383241473	628
cg26310551	0.10121916099884656	628
cg02343823	0.10121830111879965	628
cg04650654	0.10121823032886407	628
cg23022057	0.10121422301739663	628
cg08522473	0.10121308268133297	628
cg19591417	0.10121291242985553	628
cg26644395	0.10121174902774314	628
cg21069500	0.10121099173286285	628
cg16432022	0.10120898153639485	628
cg22392178	0.10120875215230407	628
cg04004158	0.10120850225417613	628
cg24636368	0.10120725737578355	628
cg12424598	0.10119983276881134	628
cg01485838	0.10119892095324282	628
cg13530946	0.10119796286596977	628
cg24579887	0.10118584165574021	628
cg17527177	0.1011845422400272	628
cg22195558	0.10118162482212456	628
cg10721834	0.10118036499892472	628
cg24871414	0.10117925822297905	628
cg15858970	0.10117692502096148	628
cg04749316	0.10117673789573445	628
cg02749735	0.10117468184426695	628
cg09506473	0.10117445358540508	628
cg01127608	0.10117338210398169	628
cg26365623	0.1011730969818862	628
cg24144440	0.10117278320578685	628
cg23525438	0.10117277872322158	628
cg04942251	0.10117240823626686	628
cg18335223	0.10117149158120423	628
cg00451642	0.10117043596079361	628
cg07805500	0.10116730367380794	628
cg19628600	0.10116611962925903	628
cg16769649	0.101161945468838	628
cg01504212	0.10116001872826386	628
cg23744182	0.1011599439051658	628
cg10888461	0.10115492193867104	628
cg02743569	0.10115463835330957	628
cg09749364	0.1011541012069821	628
cg10520349	0.10115384084727516	628
cg00245878	0.1011495607703572	628
cg02772121	0.10114752268223864	628
cg01268383	0.10114736569694505	628
cg15311814	0.10114666798921221	628
cg11663691	0.10114529320327997	628
cg16798247	0.10114438754277827	628
cg27616007	0.10114322136060036	628
cg27664085	0.10114283842707375	628
cg10692467	0.10114260649979187	628
cg22795586	0.10114232610817181	628
cg26937500	0.1011422155163615	628
cg09336899	0.1011418607315614	628
cg13041597	0.10114157935707055	628
cg08043592	0.10114076781542891	628
cg21071097	0.10113959217313362	628
cg09275704	0.10113792695076099	628
cg21543918	0.10113741550171254	628
cg00059737	0.10113555528898757	628
cg18477674	0.1011325654201897	628
cg25015038	0.10113122190131751	628
cg01948217	0.10112985642343547	628
cg04250608	0.10112824736987164	628
cg03369247	0.10112586157791253	628
cg19962750	0.10112563933021301	628
cg04076766	0.10112529389998981	628
cg05695007	0.10112484049378373	628
cg21201401	0.10112188075323209	628
cg20587808	0.10111829300966643	628
cg19474047	0.10111824487651416	628
cg06762332	0.1011179456228366	628
cg23685969	0.1011173002760094	628
cg06210630	0.10111708337310596	628
cg26706759	0.10111651936262867	628
cg22235522	0.10111576683652457	628
cg02164574	0.10111036445093963	628
cg11838237	0.10110753370994358	628
cg12433575	0.1011054051053906	628
cg04426607	0.10110225749476442	628
cg08817483	0.10110108373119694	628
cg16586211	0.10109821598882196	628
cg23786812	0.10109364989507036	628
cg24071719	0.10108943962190617	628
cg03745234	0.10108935175337475	628
cg19954017	0.10108907918593284	628
cg08990507	0.10108902467271344	628
cg06602926	0.10108814127839677	628
cg03716032	0.10108790355773078	628
cg17054060	0.10108491098833844	628
cg20928945	0.10108322774579731	628
cg16094412	0.10108168046218471	628
cg05069228	0.10107709999887438	628
cg03992638	0.10107629603047802	628
cg11046030	0.1010711564485432	628
cg09463047	0.10107006946903757	628
cg16937902	0.10106996141607477	628
cg05381287	0.10106707969739986	628
cg22895202	0.10106378505328018	628
cg09893465	0.10106370978352897	628
cg23841288	0.10106317605902765	628
cg08019384	0.10106060981868653	628
cg26175343	0.10105980294787165	628
cg11353792	0.10105978309250246	628
cg01738524	0.10105963200788781	628
cg00125601	0.10105660406719963	628
cg09037630	0.10105629665359661	628
cg24281267	0.10105601109019469	628
cg04257752	0.10105500349259777	628
cg20591407	0.1010526635103286	628
cg07675998	0.10105173052494176	628
cg07237979	0.10105092548866162	628
cg16340422	0.10104681384905886	628
cg09146900	0.10104588272181436	628
cg05217983	0.10104582617691366	628
cg23797020	0.10104386377552949	628
cg14633820	0.101039941836923	628
cg17881600	0.1010382908435376	628
cg27399125	0.1010357497311748	628
cg01909856	0.10103521590013406	628
cg11023456	0.10103513921382498	628
cg04832245	0.10103212428096281	628
cg03136493	0.10102883615361585	628
cg01138819	0.10102687752360343	628
cg17423978	0.10102660947859282	628
cg06735598	0.10102585284891058	628
cg17863551	0.1010248821876997	628
cg08496523	0.10102484008736803	628
cg06457736	0.10101844721828768	628
cg07777352	0.10101700167516903	628
cg02646423	0.10101614429282466	628
cg02587435	0.10101609041995024	628
cg06241101	0.10101230396922697	628
cg09891226	0.10101189898441121	628
cg20548013	0.10100953776787336	628
cg14746717	0.10100802950592708	628
cg16118539	0.1010079063923382	628
cg00449000	0.10100719339464598	628
cg09845293	0.10100439915479675	628
cg17673897	0.10099938842171646	628
cg13415566	0.10099935577968425	628
cg06427821	0.10099878114228139	628
cg23375169	0.10099481842074298	628
cg17131837	0.10099411812723835	628
cg23682134	0.1009915883094421	628
cg14372245	0.10099070626445897	628
cg18758559	0.10098839896424477	628
cg11237406	0.10098552234613131	628
cg01413848	0.10098484589591816	628
cg11831431	0.1009844516107713	628
cg03620939	0.10098426905584235	628
cg04558553	0.10098159588240335	628
cg22515937	0.10097999431634425	628
cg09061684	0.1009795122802058	628
cg21181051	0.10097845995983401	628
cg05923350	0.10097774469701748	628
cg23079727	0.10097691848677146	628
cg16196021	0.10097060579529055	628
cg05935904	0.10096964878064212	628
cg14536517	0.10096934255409856	628
cg01196858	0.10096537521109344	628
cg17171407	0.10096466029122383	628
cg13207630	0.10096438570924982	628
cg25690715	0.10096090629758972	628
cg18530645	0.10096077835423406	628
cg08461451	0.10095946471146744	628
cg13065624	0.10095644788383257	628
cg18883209	0.1009537843619503	628
cg27413008	0.10094929539829828	628
cg13480937	0.1009470129759292	628
cg15694113	0.10094155495057405	628
cg06536578	0.1009401303187542	628
cg06823034	0.10093698634478138	628
cg07500707	0.10093557507662025	628
cg01706515	0.10093445507811206	628
cg16052325	0.10093127414949854	628
cg15677087	0.10093124878667292	628
cg17428559	0.10092838995359693	628
cg14768923	0.10092688292453739	628
cg03769055	0.1009258304633639	628
cg09016968	0.10092535837494265	628
cg16832975	0.10092501004485188	628
cg19312085	0.10092260009150908	628
cg05214130	0.10092117701688835	628
cg19984170	0.10091960603316047	628
cg17955761	0.1009173484213986	628
cg12304520	0.10091511917260282	628
cg07138399	0.10091189017339261	628
cg10874556	0.10090986959548279	628
cg05323324	0.10090693166026504	628
cg22561592	0.10090663138184086	628
cg04342202	0.10090635366714829	628
cg14652773	0.10090172892313232	628
cg09657354	0.10090077649290144	628
cg04450797	0.10090032822332151	628
cg16598244	0.1008953804891585	628
cg03405260	0.10089406429662873	628
cg23218354	0.10088896976109979	628
cg01440489	0.10088660793473747	628
cg02900757	0.10088621273290421	628
cg25191596	0.10088478605859807	628
cg05698078	0.10088398845609614	628
cg10869730	0.10088374151111151	628
cg00005847	0.10088358044390483	628
cg01990695	0.10088064136687569	628
cg00934355	0.10087852399548704	628
cg06513139	0.10087747585716692	628
cg26166817	0.10087685818415393	628
cg07314983	0.10087491564706969	628
cg02650401	0.10087134375659004	628
cg06100756	0.100870208680298	628
cg04920214	0.10086994407403282	628
cg16711650	0.10086850928443239	628
cg03711129	0.1008683339818994	628
cg14592399	0.10086776896483285	628
cg16563470	0.10086633430618369	628
cg14823429	0.10086590263641057	628
cg18864926	0.10086449457749697	628
cg05348776	0.10086424953539141	628
cg03238396	0.10086234226917706	628
cg14834925	0.10086198613080018	628
cg13636096	0.10085988950954416	628
cg19509311	0.10085625285989616	628
cg18715709	0.10085500028027344	628
cg08203284	0.10085408994619477	628
cg21880476	0.1008536291367838	628
cg12131620	0.10085218649578281	628
cg25161512	0.10085150181552296	628
cg19250113	0.1008509596578629	628
cg03507326	0.10085046454775298	628
cg17361070	0.1008487331343107	628
cg13506354	0.10084609925623861	628
cg03261783	0.10084401426612633	628
cg11377642	0.10084163002535135	628
cg00028678	0.10084160535223988	628
cg01409343	0.10083968300633805	628
cg13600716	0.10083891111868898	628
cg03501666	0.10083714806232341	628
cg01267532	0.10083482492102153	628
cg21968515	0.10083411295402417	628
cg06113001	0.10083405307428323	628
cg14018153	0.1008331374096243	628
cg02976900	0.10083187999921817	628
cg00257800	0.10082855092075982	628
cg21202240	0.10082618369583124	628
cg13608166	0.10082573677517581	628
cg20449404	0.100825556585319	628
cg23668222	0.10082414020166286	628
cg03871468	0.10082174944881106	628
cg07869023	0.10082155066714912	628
cg26469782	0.10081965817599342	628
cg22373770	0.10081662034685546	628
cg08396985	0.10081604210551898	628
cg06159896	0.10081505206979796	628
cg06732241	0.10081438085315425	628
cg26282762	0.10081131615322642	628
cg02932355	0.10081084411972721	628
cg00661970	0.10080909795416279	628
cg06634716	0.10080841571530513	628
cg04884118	0.10080825874161248	628
cg03221390	0.10080743545407253	628
cg21843262	0.10080482487785236	628
cg15909443	0.1008036867724274	628
cg23217463	0.10080013675658855	628
cg01280841	0.10079754307056654	628
cg06416733	0.1007909363456404	628
cg18419271	0.10079072394178495	628
cg02274336	0.1007898788108636	628
cg03895496	0.10078933563798453	628
cg11239749	0.1007889129354439	628
cg19284726	0.10078697910932938	628
cg04147906	0.1007826541682138	628
cg18073906	0.10078213136418032	628
cg03765423	0.10077903236911301	628
cg16565562	0.1007785255736321	628
cg25451958	0.10077146992850275	628
cg11062466	0.10077066114474525	628
cg23949574	0.10077045266671325	628
cg11459266	0.10077024750302371	628
cg07676361	0.10077010166447117	628
cg19524238	0.10076808713391583	628
cg16848524	0.1007652330740828	628
cg14520280	0.10076420829101929	628
cg12012581	0.100756088256319	628
cg20411756	0.10075431072961138	628
cg26805113	0.10074915390413458	628
cg00231528	0.10074490534770486	628
cg24541426	0.10074470133768929	628
cg06953130	0.10074466243481356	628
cg25541528	0.10074299515305879	628
cg20703895	0.10073520593536628	628
cg03942932	0.1007347609081537	628
cg17344048	0.10073295982393521	628
cg00424967	0.10073293473963069	628
cg23295623	0.10072897006707576	628
cg03262627	0.10072790844676105	628
cg01736164	0.10072779454778624	628
cg23685650	0.10072704651610975	628
cg02696067	0.10072639560651125	628
cg12831034	0.1007248664352079	628
cg11339837	0.10072233197068309	628
cg05437294	0.1007221971626168	628
cg01026796	0.10072158049299013	628
cg20952434	0.10072051990843045	628
cg10009801	0.10072021287033556	628
cg12111714	0.10071991007882823	628
cg19368016	0.10071934568262372	628
cg15877520	0.10071897930282553	628
cg22647738	0.10071815635540399	628
cg16576033	0.10071778532003436	628
cg23713249	0.10071763670093958	628
cg06297356	0.1007174299721093	628
cg07653695	0.10071664424817456	628
cg01691522	0.1007157783372779	628
cg17784811	0.10071522257894888	628
cg22338152	0.10070939363584164	628
cg08506672	0.10070740137440778	628
cg07051721	0.10070350226612329	628
cg08717751	0.10070184703235904	628
cg23746600	0.10070180243899599	628
cg19718360	0.10069900621328784	628
cg22509138	0.1006955675531831	628
cg07353006	0.10069514295009849	628
cg03484267	0.10069480947041448	628
cg17676132	0.10069041614239438	628
cg05597945	0.10068910872029413	628
cg04380269	0.10068726972867986	628
cg10284406	0.10068592871216411	628
cg19118904	0.1006857056135273	628
cg23715728	0.10068107342825833	628
cg07509935	0.10067748443070715	628
cg01624173	0.10067694105401884	628
cg10465202	0.1006766268901107	628
cg10192198	0.1006733669410057	628
cg20128099	0.10066994504165822	628
cg19697575	0.10066913771685754	628
cg12581891	0.10066863059288977	628
cg22922861	0.10066792279107184	628
cg06595153	0.10066751555457504	628
cg13454978	0.10066475167736844	628
cg27243507	0.10066364987661791	628
cg09683440	0.10066281025990573	628
cg08343644	0.10066250562791046	628
cg27270412	0.10066210213509774	628
cg06572465	0.10066132164849306	628
cg22737624	0.10066095796003033	628
cg03743262	0.10066063767048605	628
cg10312186	0.10066062397251418	628
cg11088682	0.10065951525604919	628
cg16477492	0.10065819152287547	628
cg22369879	0.10065806109792722	628
cg25598488	0.10065730971298509	628
cg16063474	0.10065704999647451	628
cg21079003	0.10065506149506376	628
cg20646491	0.10065461018372923	628
cg13235059	0.10065387784983731	628
cg11422851	0.10065340141716628	628
cg18926409	0.10065318071685336	628
cg03699623	0.10064840865083899	628
cg08961196	0.10064395959132255	628
cg05195017	0.10064286996367039	628
cg01368075	0.10064142858602032	628
cg19582491	0.1006341663147719	628
cg20724257	0.10063239198837706	628
cg26800915	0.1006323705838908	628
cg12541721	0.1006297098947655	628
cg00459617	0.10062823430033754	628
cg20773915	0.10062737840606245	628
cg00228142	0.10062523301497192	628
cg24637974	0.10062262054230958	628
cg18746831	0.10062153107995148	628
cg01851672	0.10061733824738767	628
cg09767658	0.10061441918862979	628
cg16395892	0.10061292818320577	628
cg07525299	0.10061255295700908	628
cg04151062	0.10061147721454006	628
cg26503877	0.10061135245717873	628
cg19186614	0.10061097766924254	628
cg04682802	0.10060778802681775	628
cg19532212	0.1006050413396512	628
cg19275692	0.10060435033158599	628
cg24469729	0.10060399732421457	628
cg25341687	0.10060158174497169	628
cg20302637	0.10060153351477219	628
cg12072262	0.10060104538267994	628
cg07156115	0.1005985981080626	628
cg06561883	0.10059760002315377	628
cg25095994	0.10059741955676399	628
cg07207070	0.10059740043323318	628
cg14106046	0.10059439688057509	628
cg03192897	0.10059412564745468	628
cg08785317	0.10059360519906557	628
cg06876157	0.10059211593874545	628
cg16748433	0.100591546409881	628
cg22840361	0.10058945692874344	628
cg16174644	0.10058836836805729	628
cg05771369	0.10058699691187739	628
cg01407477	0.10058681659714852	628
cg15416643	0.10058675043097237	628
cg24826696	0.10058307025509358	628
cg12559197	0.10058299893435735	628
cg16137564	0.10057852763443142	628
cg07262247	0.1005767457951817	628
cg26559707	0.10057242301141811	628
cg21849932	0.10056802971319187	628
cg00508577	0.1005622619559689	628
cg25140783	0.10056193176811112	628
cg10226073	0.10056162052695716	628
cg07453778	0.10055978989530923	628
cg02006610	0.10055852847191887	628
cg19606290	0.10055795394443695	628
cg16042259	0.10055504351526103	628
cg03157509	0.10055391388929652	628
cg03474702	0.10055329023386	628
cg25993152	0.10054958478396286	628
cg04295144	0.10054864000780216	628
cg24793124	0.10054786013602626	628
cg26972408	0.10054759259825174	628
cg01521080	0.10054429747394777	628
cg13395086	0.10054365957624484	628
cg15873123	0.10054312449570701	628
cg23937633	0.10054277536364348	628
cg03681383	0.10054241306404102	628
cg17033891	0.10053915073526148	628
cg21311067	0.10053669941098498	628
cg18866212	0.10053648366399998	628
cg22442454	0.10053603134623504	628
cg21498547	0.10053499094753784	628
cg16890879	0.10053478863254187	628
cg19030682	0.10053411077404717	628
cg07858113	0.10053366128799086	628
cg07322144	0.10052990837608977	628
cg08130572	0.10052829057245967	628
cg03993109	0.10052412541621986	628
cg07336987	0.10052338690106627	628
cg14191688	0.10052244334490623	628
cg13722700	0.10052137796751309	628
cg16481791	0.1005206568324501	628
cg18322693	0.10052025703964754	628
cg02077084	0.10051984153177229	628
cg26402169	0.10051953339227426	628
cg14508093	0.10051826804867059	628
cg02052531	0.10051184878363606	628
cg01319323	0.10051077480421255	628
cg17147917	0.10051076933812259	628
cg21474774	0.1005080604987415	628
cg10171357	0.10050779322593129	628
cg04924511	0.100506364951082	628
cg02851793	0.10050612559417316	628
cg01452169	0.1005027980770502	628
cg18272353	0.10050124921744319	628
cg11353647	0.10050059241926429	628
cg19508555	0.10049797938052951	628
cg24131141	0.10049690162039793	628
cg08818610	0.10049570417139284	628
cg19230025	0.10049452177035834	628
cg02095895	0.10049355207517208	628
cg21619883	0.10049291338307381	628
cg11412288	0.10049236817103019	628
cg24724832	0.10049235997216022	628
cg04079760	0.10049163700011729	628
cg19933311	0.100489045883423	628
cg04615290	0.10048814015262292	628
cg24371114	0.10048731120399067	628
cg14383572	0.10048727692671777	628
cg12826247	0.1004857264066446	628
cg07720865	0.10048521398384366	628
cg17749454	0.10048438899267584	628
cg23863670	0.10048333966904971	628
cg09217350	0.10047935427929816	628
cg06353345	0.10047919528824162	628
cg11012412	0.10047764037373791	628
cg00827210	0.10047719057717588	628
cg04960065	0.10046867316250604	628
cg24681845	0.10046844835753088	628
cg06411879	0.10046822115970527	628
cg10142236	0.10046471702490867	628
cg01221157	0.10046098769507841	628
cg01548743	0.10046021540275035	628
cg15874390	0.10045913312546237	628
cg03747342	0.1004536779921752	628
cg19735538	0.10045284114241528	628
cg06727338	0.10045006898301617	628
cg26728709	0.10044827373806592	628
cg16265553	0.10044206215393497	628
cg13411923	0.10044063551273363	628
cg04246708	0.10043971292646459	628
cg21603144	0.10043841380240087	628
cg16334795	0.10043733689291395	628
cg14087796	0.1004371709623618	628
cg10233463	0.10043568218717747	628
cg06639544	0.10043441711332848	628
cg25569880	0.1004343975493392	628
cg27504369	0.10043425522351024	628
cg20615517	0.10043412894810116	628
cg26058474	0.1004333540615644	628
cg09473282	0.10043315236646883	628
cg07271996	0.10042927905858018	628
cg09315630	0.10042776211676985	628
cg12687157	0.10042606465943693	628
cg16188537	0.10042598020854554	628
cg14714391	0.10042544272528517	628
cg08154066	0.10042347283135261	628
cg01937819	0.10041947562469847	628
cg04293307	0.10041897026507413	628
cg13927088	0.10041573651887947	628
cg23978557	0.10041479471175346	628
cg12931171	0.10041303307981758	628
cg04129308	0.10041094127816894	628
cg03178798	0.10040857104639306	628
cg14511375	0.10040798049624947	628
cg09115607	0.10040460446107438	628
cg22478952	0.10040071748600035	628
cg03490881	0.10039887963254626	628
cg26587870	0.1003962566071035	628
cg03845745	0.10039605838853752	628
cg06481431	0.1003940719295249	628
cg26961166	0.10039207939021316	628
cg18854004	0.10039196182722715	628
cg19123916	0.10039089034056753	628
cg00565786	0.10039069070784293	628
cg04006133	0.10038966929155366	628
cg01027750	0.10038718689396173	628
cg26644885	0.10038708914163419	628
cg10808783	0.10038616519619467	628
cg00287773	0.10038573488001012	628
cg13870494	0.10037964733978805	628
cg10828127	0.10037910097362912	628
cg13069531	0.10037888296790815	628
cg24129356	0.10037852271545994	628
cg26638341	0.100377479305087	628
cg04102905	0.10037624796765168	628
cg00452882	0.1003742824967073	628
cg25457886	0.10037259151143116	628
cg06647751	0.10037182755350763	628
cg08715187	0.10037101607259652	628
cg12374682	0.10036944274008017	628
cg09607679	0.10036494623306913	628
cg26500033	0.10036445296877222	628
cg26201434	0.10036207708020242	628
cg00401233	0.10035964634349931	628
cg13136933	0.10035911886716947	628
cg23402467	0.1003558345781575	628
cg09177461	0.10035364736567604	628
cg08718098	0.10035304340541096	628
cg26032325	0.10035178101321632	628
cg09842892	0.100350033284481	628
cg26562263	0.10034343997694312	628
cg02789316	0.10034242269077981	628
cg23474890	0.10034187934993188	628
cg14492302	0.10034060584354276	628
cg05649427	0.10034045786168039	628
cg01993111	0.100339321519136	628
cg27486812	0.10033877365251226	628
cg14623024	0.10033647460385392	628
cg11699912	0.10033477196319673	628
cg00720047	0.10033314506316743	628
cg04848858	0.10033191244945508	628
cg17720013	0.10032794071121551	628
cg02772171	0.10032770110668715	628
cg02078517	0.10032564220529722	628
cg22431093	0.10032398742801411	628
cg10136240	0.10032154068544352	628
cg17985944	0.1003186362249131	628
cg21994818	0.10031651400824548	628
cg15826897	0.1003161579484877	628
cg23620902	0.10031520297396182	628
cg02982610	0.10031380673096618	628
cg17781464	0.10031185507488177	628
cg02235249	0.1003112099118997	628
cg26208507	0.10030962551983752	628
cg26422458	0.100308281968397	628
cg09355008	0.10030725222976133	628
cg13647973	0.10030414922432906	628
cg08789101	0.10030311295680383	628
cg26757221	0.10030171172959579	628
cg02256384	0.10029624769813708	628
cg06223834	0.10029593403081666	628
cg11366849	0.10029551893190664	628
cg23475244	0.1002943488956125	628
cg00215432	0.1002912514410502	628
cg19773546	0.10029119826010197	628
cg27485596	0.10029116606731067	628
cg09960641	0.10029064138085753	628
cg22445742	0.10028788540618705	628
cg24997231	0.1002856902294505	628
cg13468685	0.10028344546637591	628
cg10989871	0.10028328575809037	628
cg20617328	0.10028194834854615	628
cg14275842	0.1002807658931566	628
cg19297232	0.10027810456821179	628
cg18252102	0.10027215712636968	628
cg10687131	0.10027181200136914	628
cg21174750	0.100268791261232	628
cg06633438	0.10026799704982065	628
cg05230834	0.10026595193806548	628
cg06395298	0.10026502061028567	628
cg12896318	0.1002648748434857	628
cg27558411	0.10026468628903301	628
cg17027260	0.10026388459656088	628
cg26002713	0.10026284492040843	628
cg17241776	0.10025967423694854	628
cg16589260	0.10025918504043796	628
cg24258529	0.10025267384904901	628
cg08506869	0.10025267051301545	628
cg12650490	0.10025257008272928	628
cg08623515	0.10025154889528953	628
cg04982401	0.10024804842539914	628
cg24018148	0.1002477030851247	628
cg10207553	0.10024714370273244	628
cg22737154	0.1002431662679037	628
cg21416544	0.10024176752105934	628
cg13614409	0.1002416596995397	628
cg03015498	0.10024156033759188	628
cg12304663	0.10023912956256698	628
cg07956247	0.10023617008318308	628
cg19035526	0.10023421798016655	628
cg02574175	0.10023196550322037	628
cg15529532	0.10023157322430626	628
cg18836934	0.1002289434435924	628
cg04027548	0.10022420681649602	628
cg26851803	0.10022104636074036	628
cg03563169	0.10021202152462397	628
cg22935317	0.1002112757405351	628
cg23201907	0.10020888577991174	628
cg06081580	0.10020379213440211	628
cg06683487	0.10020167057800022	628
cg14552010	0.10020123109964893	628
cg16707895	0.10020099162060125	628
cg06385449	0.10019995750309374	628
cg00612751	0.10019884699337434	628
cg12511214	0.10019820525466205	628
cg10636896	0.10019765481771853	628
cg23992209	0.10019631276187269	628
cg16393928	0.10019560138245506	628
cg12486498	0.10019185283570953	628
cg13821077	0.10018839075498032	628
cg04352305	0.10018800812441137	628
cg08456334	0.10018714798853967	628
cg23633856	0.10018462467978972	628
cg08535474	0.10018360998423556	628
cg20708135	0.10018050744692286	628
cg13982037	0.10017873511526534	628
cg15112952	0.10017498302747352	628
cg25432792	0.10017318119290503	628
cg04497820	0.10017081517190546	628
cg26787863	0.10016946505238844	628
cg07232003	0.10016863474643117	628
cg26988617	0.10016827677669918	628
cg17100943	0.10016200844028483	628
cg17920246	0.10016154631110025	628
cg04046889	0.10016150149000386	628
cg13016732	0.10016090763299734	628
cg06457633	0.10015963205240076	628
cg12711252	0.10015642935695891	628
cg03888553	0.10015506462886553	628
cg05766489	0.10015499111078924	628
cg07074086	0.10015463009219475	628
cg08051310	0.10015269008430742	628
cg02594677	0.10015205039728031	628
cg08156844	0.10015167259011482	628
cg01882880	0.10015143729300796	628
cg05921260	0.1001505806234847	628
cg05890484	0.10014876535949488	628
cg06298205	0.10014872383793488	628
cg17520909	0.10014812974584253	628
cg20731693	0.10014702422362803	628
cg16505233	0.10014699315212955	628
cg20005705	0.10014129426740614	628
cg17783244	0.10014112540145753	628
cg01336390	0.10013634728542412	628
cg25453677	0.10013559614690237	628
cg18576301	0.10013523009820091	628
cg08417313	0.10013355675818353	628
cg01186595	0.10013270839581279	628
cg26516710	0.10013234171516361	628
cg06182584	0.10012571347558685	628
cg10617784	0.10012554203036547	628
cg03642503	0.10012490407197339	628
cg21406786	0.10012252715085623	628
cg00950244	0.1001223970565999	628
cg00634652	0.10012013981834295	628
cg14384303	0.1001181360920077	628
cg14573876	0.10011794330009655	628
cg01863398	0.10011711033407455	628
cg10169241	0.10011560337471387	628
cg05021643	0.10011376121089793	628
cg26841170	0.10011113084079137	628
cg21786808	0.10011094562392597	628
cg11716267	0.10010965199171543	628
cg12912022	0.10010965115942252	628
cg20563269	0.10010941356548564	628
cg01834979	0.10010696371091968	628
cg24690054	0.10010603565174758	628
cg02108015	0.10010529357778217	628
cg03923640	0.10010325206287829	628
cg21132536	0.10010266735627574	628
cg00524374	0.10010191685322034	628
cg17808634	0.10010183342151613	628
cg10852662	0.10009977210951548	628
cg13224427	0.10009258527605858	628
cg24206111	0.10009223324410427	628
cg01774093	0.10009099557540185	628
cg26739327	0.10008334627708682	628
cg15331693	0.10008263419504232	628
cg23894854	0.1000825242531562	628
cg09623845	0.10008124620433057	628
cg23041109	0.1000800007481984	628
cg00396667	0.10007872241257722	628
cg21342392	0.10007783599402464	628
cg03900028	0.1000776263044553	628
cg23090607	0.10007638348279779	628
cg24935556	0.10007518492992545	628
cg24872117	0.10007297367749551	628
cg06219125	0.10007142826702511	628
cg09017928	0.10006710434538249	628
cg21401095	0.10006644026461531	628
cg11910782	0.10006313506796921	628
cg03595018	0.1000619288487018	628
cg18515510	0.10006114659827375	628
cg13996750	0.10006021561117118	628
cg12170477	0.10005861209852779	628
cg21790626	0.10005791405672199	628
cg04743876	0.10005726340220128	628
cg14989202	0.1000566402491408	628
cg13134916	0.10005429450472042	628
cg24968629	0.10005268081744473	628
cg11750851	0.10005226738918202	628
cg21211688	0.10005035134797757	628
cg06173481	0.10005028700981561	628
cg02101355	0.1000491394317013	628
cg13607709	0.10004866721591713	628
cg21853021	0.10004655971700363	628
cg08812108	0.10004609244665386	628
cg23591139	0.10004525456038044	628
cg14054990	0.10004338223592213	628
cg08822897	0.10004131627659113	628
cg18426863	0.10004000239101163	628
cg15726154	0.10003773657473419	628
cg01033356	0.10003504044111583	628
cg02468627	0.10003236068368382	628
cg21873275	0.10003223033694197	628
cg22454371	0.10003108548036108	628
cg15129506	0.10003044491911758	628
cg05261686	0.1000279991149069	628
cg12688234	0.10002530266859412	628
cg25738786	0.1000202304656698	628
cg19187110	0.100019983528054	628
cg16854876	0.10001966180472507	628
cg23401459	0.10001490883947717	628
cg12564012	0.10001218032571946	628
cg09182900	0.10000959784670449	628
cg08034867	0.10000574906198709	628
cg03075156	0.10000463653816988	628
cg16339434	0.10000106394848571	628
cg17239923	0.10000015796325895	628
cg05726239	0.09999873135419401	628
cg02621151	0.0999964764619117	628
cg24645681	0.09999338628665988	628
cg02614016	0.09999212881097691	628
cg21294301	0.09998970825020065	628
cg16018921	0.09998815281437945	628
cg22522688	0.09998725562379743	628
cg21502476	0.09998428087797143	628
cg23660356	0.0999832898040888	628
cg22664405	0.09998230358825744	628
cg20963227	0.09998184947896036	628
cg01207650	0.09998062807740887	628
cg04194341	0.09998034132880437	628
cg26826957	0.0999799488411042	628
cg02028339	0.09997987312139833	628
cg16703956	0.0999792494032853	628
cg06574757	0.09997792397586075	628
cg06695115	0.09997552315965891	628
cg21027282	0.09997506677354928	628
cg09314421	0.09997498999466103	628
cg09867002	0.09996909921162178	628
cg19351954	0.09996836232550448	628
cg14074305	0.0999683253170261	628
cg07911961	0.09996147437112851	628
cg27181142	0.09996012927362577	628
cg22425813	0.09995655100120476	628
cg11788486	0.09995383985588191	628
cg11519260	0.09995050725790372	628
cg17257444	0.09994951117929124	628
cg11049634	0.0999492007022062	628
cg13852775	0.09994916054169911	628
cg26841647	0.09994831670391499	628
cg13830300	0.09994553263465525	628
cg27625456	0.09994336617175528	628
cg09935388	0.09994119335895074	628
cg21876918	0.09994012641327737	628
cg25890168	0.09993689656273239	628
cg04306024	0.09993626895159642	628
cg10475014	0.09993594981908122	628
cg00861856	0.09993572136175399	628
cg03271520	0.09993564445791242	628
cg03494277	0.09993128306684557	628
cg06509223	0.09992774475059629	628
cg24704177	0.09992244925873947	628
cg01382860	0.09991982543813027	628
cg24301414	0.09991793601551802	628
cg16532685	0.09991663921327448	628
cg01745789	0.09991662634926801	628
cg08100149	0.09991605838177486	628
cg23732024	0.09991280453880014	628
cg12504877	0.09991180917282172	628
cg15497991	0.09991090794323815	628
cg25553466	0.0999107659045988	628
cg16974014	0.09991031147621038	628
cg23781334	0.09990572216509908	628
cg06531870	0.09990123592259356	628
cg07186032	0.0998982975079577	628
cg16936953	0.09989779120241618	628
cg15775218	0.09989393799963447	628
cg24860562	0.09989230448113107	628
cg25758828	0.0998908081718683	628
cg05861512	0.09988935982343766	628
cg04554195	0.09988770013537354	628
cg18067163	0.09988687944697622	628
cg14038058	0.09988465234475027	628
cg00663183	0.09988448509590653	628
cg02020675	0.09988364009556677	628
cg09783253	0.09988103629158318	628
cg07330288	0.0998794171523887	628
cg13466383	0.09987847991174242	628
cg17423597	0.0998756141055755	628
cg23371746	0.09987440015505458	628
cg26109568	0.09987038346648758	628
cg16965605	0.09986899605752264	628
cg07747616	0.09986875970319697	628
cg04922606	0.09986546322532253	628
cg14855367	0.09986526553840455	628
cg10821964	0.09986504745848601	628
cg11991617	0.09986411019655517	628
cg26023912	0.09986202351172901	628
cg24318091	0.09986021002213002	628
cg21535606	0.09985796641081271	628
cg27123464	0.09985734196342275	628
cg04089693	0.09985672945002327	628
cg23781276	0.0998566730260591	628
cg01282174	0.09985407868865798	628
cg14307693	0.0998520382900206	628
cg02011392	0.09985086946094986	628
cg19821124	0.09985071424570086	628
cg26021007	0.09984951815106968	628
cg13297560	0.0998489417354399	628
cg17125804	0.09984801837807689	628
cg07250916	0.0998445189775454	628
cg05663453	0.09984191116944485	628
cg10163955	0.09984173886618425	628
cg03504039	0.09984086324881619	628
cg25167447	0.09983911741181668	628
cg20028661	0.0998368562050368	628
cg13050240	0.0998349837199677	628
cg06086177	0.0998344671575852	628
cg02027945	0.09983325215866493	628
cg18825119	0.09983321329678854	628
cg19473529	0.0998330260178544	628
cg21080533	0.09983079984631968	628
cg06853894	0.09983035854576328	628
cg26561773	0.09982793195945089	628
cg09821185	0.09982766156788567	628
cg05396897	0.09982197457097113	628
cg16932304	0.09981950027912226	628
cg16621196	0.09981909763833907	628
cg17087907	0.09981893164723427	628
cg05125455	0.09981863175912109	628
cg08781655	0.09981580778840626	628
cg05619712	0.09981508787664001	628
cg20169988	0.09981373537315252	628
cg20991420	0.09981175878355758	628
cg01263532	0.09981131474632073	628
cg08879849	0.09981108227974239	628
cg11666534	0.09980787936738023	628
cg25691442	0.0998074047855475	628
cg24781973	0.0998056852907431	628
cg07141605	0.0998046514547283	628
cg07589991	0.09980397431698973	628
cg19045293	0.09980320471236037	628
cg20966357	0.09980294537188467	628
cg24920933	0.09980249159402094	628
cg22914338	0.09979940313168953	628
cg25125450	0.099799395015327	628
cg06976589	0.09979898386460717	628
cg09695996	0.09979790607317904	628
cg25304136	0.09979512922115924	628
cg06793849	0.09979334091258624	628
cg03672997	0.09978920906108829	628
cg13392078	0.0997849204918734	628
cg11214757	0.09978270206326723	628
cg15003194	0.09978123986910159	628
cg18690729	0.09977625562065895	628
cg15993723	0.09977558032347797	628
cg00002426	0.09977458854666918	628
cg19470372	0.09977376374422366	628
cg00274965	0.09977264835113839	628
cg14635269	0.0997720376763041	628
cg03544474	0.0997709812688082	628
cg07568203	0.09977097561841486	628
cg15798385	0.09976858804804808	628
cg05995220	0.09976626181305509	628
cg27582323	0.09976413201579712	628
cg24174020	0.09975980239544469	628
cg27343684	0.09975940443558273	628
cg24105634	0.09975902873896547	628
cg13598256	0.09975864168364756	628
cg15609734	0.09975749926927158	628
cg17186087	0.0997534182983586	628
cg00916255	0.09975297908239623	628
cg17125837	0.09975284318484925	628
cg03795378	0.09975201738830813	628
cg27635976	0.0997513344936686	628
cg19777664	0.0997510747238867	628
cg01010328	0.09974513151420428	628
cg00624418	0.09974422923287085	628
cg23009044	0.09974378505985293	628
cg07533824	0.09974375297377505	628
cg17956563	0.09974314038023818	628
cg20162240	0.09974269261804558	628
cg16185996	0.09974123405662816	628
cg02995877	0.09973932347232206	628
cg11927345	0.09973911659395024	628
cg03476864	0.09973809460495214	628
cg14991821	0.09973780090694231	628
cg25518170	0.09973623762910888	628
cg16769152	0.09973376180572437	628
cg05116002	0.09973249487036295	628
cg22846776	0.09973054849722268	628
cg13751216	0.0997304817079333	628
cg12800122	0.09972999195373516	628
cg04724873	0.09972972839889063	628
cg22391718	0.09972962634165927	628
cg22660299	0.09972898324255453	628
cg18689332	0.09972687789703133	628
cg16808481	0.09972608018154466	628
cg22902505	0.0997243536159971	628
cg07377994	0.0997212799721442	628
cg10203922	0.09972070245891862	628
cg15408020	0.09971976004939298	628
cg18220786	0.09971843764121857	628
cg00261832	0.09971365318621817	628
cg14788686	0.09971351161590902	628
cg13059113	0.09971278599825062	628
cg00849854	0.09971245273884258	628
cg23050079	0.09971166847636426	628
cg04465078	0.0997084403689529	628
cg05673968	0.09970826290845053	628
cg04317854	0.0997077080430045	628
cg24166463	0.09969953633686374	628
cg11551879	0.0996989417911017	628
cg07725983	0.09969825230768647	628
cg16476235	0.09969771170852276	628
cg11868247	0.09969689032586537	628
cg11169363	0.099696821172165	628
cg08479476	0.09969529439394717	628
cg20571592	0.09969260056521159	628
cg23551494	0.09969163640806511	628
cg00908758	0.09968977395317263	628
cg02624701	0.0996890357806684	628
cg11274778	0.09968888376101759	628
cg21383487	0.09968887344307092	628
cg07200490	0.09968811158281354	628
cg06854306	0.09968741204244697	628
cg01085553	0.09968617071051161	628
cg23793213	0.09968493612352491	628
cg15899738	0.09968423930889725	628
cg03254137	0.09968378920029997	628
cg18979589	0.0996827918230529	628
cg08972582	0.09968207912422516	628
cg24813835	0.09968205485101844	628
cg18791929	0.09968098576905102	628
cg24307499	0.09967536072987113	628
cg25503381	0.0996726303629846	628
cg22580512	0.09966684631328221	628
cg11738485	0.09966557691077729	628
cg25718365	0.09966476059979501	628
cg18877525	0.09966438171699105	628
cg20931951	0.09966125576480156	628
cg21831463	0.09966060625743473	628
cg22378919	0.09966040391720715	628
cg25831281	0.09965540170392406	628
cg05847060	0.09965505747593692	628
cg09022993	0.09965489613067229	628
cg13117953	0.09965409008900428	628
cg12176191	0.09965276731116346	628
cg12803053	0.09965015238938191	628
cg21148923	0.09965010516975298	628
cg14835138	0.09964991693565523	628
cg16537367	0.09964496805715206	628
cg09553651	0.0996438829400163	628
cg18400079	0.09964369209096235	628
cg24699271	0.09963876182025733	628
cg19994159	0.09963471281492409	628
cg18116971	0.09963458992212512	628
cg12551557	0.09963269533443625	628
cg08376583	0.09963033326187529	628
cg16415831	0.09962660769879883	628
cg13134297	0.09962620872844391	628
cg26291848	0.09962546809218659	628
cg22108292	0.09962428091751119	628
cg07628855	0.09962319976129647	628
cg25476565	0.09962174682903088	628
cg01945840	0.09962163610903224	628
cg05232628	0.09962139069324577	628
cg10603592	0.0996206565885985	628
cg09551145	0.09962022612120061	628
cg04755571	0.09961579472980878	628
cg02245119	0.09961567372647218	628
cg01821635	0.09960917089106855	628
cg13644182	0.09960837388097571	628
cg15837913	0.09959927813556721	628
cg03228567	0.09959823419312158	628
cg10887366	0.09959440522800339	628
cg06773295	0.09959343676601351	628
cg06386210	0.09958929616313789	628
cg26819718	0.09958794026216738	628
cg04021544	0.09958468339866092	628
cg14544583	0.09958205879405924	628
cg03504834	0.09957823482096503	628
cg25938806	0.09957507721613032	628
cg08402433	0.0995713186431727	628
cg01766850	0.09956736832655882	628
cg24795958	0.0995637348213581	628
cg00891184	0.09956132747901458	628
cg07658508	0.09956125497574425	628
cg05050592	0.09955892607650965	628
cg11786587	0.09955863697277428	628
cg12055993	0.09955726256943423	628
cg17809595	0.09955720685967687	628
cg09697510	0.0995571369883233	628
cg00914726	0.09955661121468906	628
cg27646729	0.09955620631141182	628
cg25839877	0.09955402684192377	628
cg03337057	0.09955256441492252	628
cg00768409	0.09955221380744805	628
cg21538013	0.09955103978715585	628
cg17850597	0.09955032629157845	628
cg21771200	0.09954913942273946	628
cg00421645	0.09954901133660365	628
cg19505767	0.09954544571166521	628
cg22504180	0.099544826701707	628
cg01759986	0.09954473549015252	628
cg09827761	0.09954425430064531	628
cg16440561	0.0995389884051815	628
cg03605610	0.09953828448259358	628
cg06508867	0.09953824450268806	628
cg00343433	0.09953648942654247	628
cg00527307	0.09953488301450564	628
cg00602295	0.0995345425370997	628
cg01799671	0.09953430599494026	628
cg21440645	0.09953366351896165	628
cg17224769	0.09953329174853498	628
cg14502484	0.09953219931973145	628
cg03545972	0.0995320442731768	628
cg05927190	0.09953186979005049	628
cg16490015	0.09953162491183165	628
cg02478603	0.09953102183920232	628
cg04041960	0.0995304717780526	628
cg26983544	0.09953027683090288	628
cg13686044	0.09952937689418906	628
cg15043384	0.09952890869382117	628
cg04738220	0.09952870608529785	628
cg23424136	0.09952214511286483	628
cg05720891	0.0995213848399383	628
cg23253991	0.09951883916007148	628
cg01302136	0.09951883275010093	628
cg08947774	0.09951575519986694	628
cg08147181	0.0995139654090913	628
cg24720355	0.09951345134543454	628
cg18371700	0.09950915343704136	628
cg11993173	0.09950592953046711	628
cg14022022	0.09950189690512684	628
cg06836656	0.09949946696170409	628
cg02642841	0.09949920890853753	628
cg23016600	0.09949450036478433	628
cg16529799	0.09949364775307873	628
cg06482498	0.09949013891633474	628
cg12223562	0.0994887138263427	628
cg20457732	0.09948477559455798	628
cg14506696	0.099483755305601	628
cg05440785	0.09948255838382836	628
cg07673230	0.099479433076826	628
cg26427498	0.0994754656743786	628
cg07942990	0.09947279336376072	628
cg21483922	0.09947009379679689	628
cg16998656	0.09946893293149889	628
cg12000995	0.0994675538522119	628
cg17945323	0.09946720059721731	628
cg04349727	0.09946462323173993	628
cg18397073	0.09946379797947513	628
cg03937966	0.09946309670120157	628
cg26032417	0.09946224510496932	628
cg12294118	0.09946123850379762	628
cg06763161	0.09946113477900448	628
cg02844593	0.09946070864731354	628
cg27509510	0.09946011928803306	628
cg18701343	0.09945966804121703	628
cg14231845	0.09945935022507885	628
cg25824828	0.09945735368161279	628
cg04839706	0.0994569076619441	628
cg16427899	0.09945650547314877	628
cg14191466	0.09945594499852117	628
cg17904739	0.09945531241989129	628
cg06242012	0.0994537661661033	628
cg21027517	0.09945309501843363	628
cg06643013	0.09945168180939577	628
cg19816125	0.09945062067125604	628
cg06890890	0.09945011913507606	628
cg19193136	0.09944911270429335	628
cg03733219	0.09944909215431405	628
cg22040867	0.0994467887242046	628
cg12247222	0.09944647667268877	628
cg10099813	0.09944298862024054	628
cg25597797	0.09944157676992246	628
cg12764221	0.09944095705516381	628
cg01992935	0.09944065655619033	628
cg12019520	0.09943861442970112	628
cg09315775	0.09943820882777415	628
cg26427535	0.09943685202585067	628
cg15924102	0.09943671531608961	628
cg20427865	0.09943621090346655	628
cg08632810	0.09943430122977465	628
cg16289848	0.09942861933368191	628
cg02861178	0.09942858960397294	628
cg26465391	0.09942510447682293	628
cg17170948	0.09942203145833223	628
cg02291365	0.0994201734752353	628
cg14286208	0.09942002939487965	628
cg21577365	0.09941877637968563	628
cg02600349	0.09941777620441061	628
cg09532691	0.09941328335185473	628
cg03862854	0.0994129624067441	628
cg19700787	0.09941022006057335	628
cg04492807	0.09940964104310873	628
cg16191088	0.09940953994501456	628
cg13879483	0.0994084647372417	628
cg02567476	0.09940501498297338	628
cg20738500	0.09940160184909086	628
cg19752565	0.09940126584217024	628
cg10222549	0.09939881195880862	628
cg05366052	0.09939831645463626	628
cg17928895	0.09939596163338771	628
cg06972043	0.09939498248869283	628
cg10759972	0.09939486257350721	628
cg07992196	0.09939049012003076	628
cg22729543	0.09938737889987886	628
cg06648780	0.09938336490229105	628
cg23553912	0.09938215644544018	628
cg02484127	0.09938080607910593	628
cg22280148	0.09938077498082332	628
cg15174117	0.09938033474434665	628
cg24727114	0.09937999919048354	628
cg09226051	0.0993791587860031	628
cg20621200	0.09937658646522407	628
cg06419476	0.09937606912524934	628
cg05246081	0.09936943085595432	628
cg07804711	0.09936746176126432	628
cg21197796	0.09936515143921734	628
cg17320698	0.09936322760190197	628
cg01530605	0.09936301546072843	628
cg11147886	0.099362206379495	628
cg27549878	0.09936212851224788	628
cg05167429	0.09936134877589292	628
cg05821634	0.0993594978668278	628
cg22160073	0.09935773358599764	628
cg23480985	0.09935475721455272	628
cg18759102	0.09935462302985977	628
cg00814985	0.09935346352631885	628
cg06133910	0.099353057758993	628
cg27187580	0.09935080685992087	628
cg14417329	0.0993489379562563	628
cg10087036	0.09934829843931259	628
cg12827530	0.09934777873071937	628
cg23432301	0.09934579574668151	628
cg05624862	0.09934575291480441	628
cg13572782	0.09934419905505576	628
cg19365176	0.0993434562220551	628
cg24112091	0.09934310955701836	628
cg23530268	0.09933873682892858	628
cg20591745	0.09933855683821413	628
cg10591797	0.0993361254165786	628
cg09639133	0.09933552796122513	628
cg13908833	0.09933248249706389	628
cg01135800	0.09933240623143255	628
cg06106599	0.09933169095948369	628
cg17264941	0.09933136605343196	628
cg05112120	0.09933108530894255	628
cg10562649	0.0993276316076287	628
cg25881985	0.09932146273470144	628
cg03008515	0.09931864243824284	628
cg20043258	0.09931674629903053	628
cg08188015	0.09931631459530507	628
cg26296781	0.09931296204705814	628
cg00120254	0.0993125794793524	628
cg02760280	0.09931131962149808	628
cg13404688	0.09930734942741365	628
cg11744817	0.09930471620555009	628
cg22180580	0.09929885473022695	628
cg23844904	0.09929870622118936	628
cg15658426	0.0992971378904631	628
cg17718899	0.09929333893504186	628
cg19206146	0.09929094575553153	628
cg25390165	0.09929007799524942	628
cg24184737	0.09928980427253392	628
cg19972193	0.09928794211493985	628
cg00951857	0.09928781184993801	628
cg20592766	0.09928604230802679	628
cg15826810	0.09928553791682082	628
cg12275060	0.09928372836283825	628
cg00874877	0.0992826517780338	628
cg25758195	0.09928251387144471	628
cg05959459	0.09928222109037327	628
cg18942579	0.09927821296621991	628
cg00711072	0.09927656094386003	628
cg08814405	0.09927525692153752	628
cg13485703	0.09927435781743232	628
cg13337731	0.0992716346383741	628
cg06398242	0.0992697305265206	628
cg13487474	0.09926940384394842	628
cg03572772	0.09926758256503725	628
cg16822666	0.09926713556550795	628
cg07786995	0.0992658425939491	628
cg02647628	0.09926390460138604	628
cg03132166	0.09925758859361423	628
cg24115232	0.09925581802705852	628
cg21769093	0.09925513785160875	628
cg19926444	0.09925474766771786	628
cg21719492	0.09925324958465359	628
cg03486986	0.09925225803342952	628
cg07178188	0.09925181964094232	628
cg18147605	0.09925154705732098	628
cg21160842	0.09925153256057678	628
cg16185750	0.09924952903698392	628
cg01699740	0.09924479900883854	628
cg18553677	0.09924319884478688	628
cg20676475	0.09924225723755387	628
cg20694619	0.09924100369269884	628
cg06637774	0.09924069710136871	628
cg07788537	0.09924026607666808	628
cg13470673	0.09923882448886107	628
cg16635948	0.0992383803457223	628
cg13411784	0.09923608665396824	628
cg13930811	0.09923417874882845	628
cg19972272	0.0992340618363938	628
cg15742737	0.09923321234055166	628
cg02128244	0.09923277199237815	628
cg07000713	0.09922935370148242	628
cg22381248	0.099227291198621	628
cg14544666	0.09922718120891977	628
cg13008538	0.09922470622085233	628
cg05633407	0.09922432788733831	628
cg16266227	0.09922403075935199	628
cg16125874	0.09922129434790739	628
cg12410692	0.0992197197055808	628
cg08227353	0.09921936732461034	628
cg04689178	0.09921848875192318	628
cg25016112	0.0992179698358085	628
cg19764370	0.0992145018277209	628
cg14799457	0.099213057135429	628
cg04208329	0.09921015370454941	628
cg17942618	0.09920962421641283	628
cg13858611	0.09920937829597071	628
cg16694785	0.09920438804341869	628
cg27359472	0.09919930673602564	628
cg09802835	0.09919873103509105	628
cg08605840	0.09919157418589775	628
cg03540175	0.09919126270224453	628
cg04508340	0.09918910403137321	628
cg26952618	0.09918857223197605	628
cg24593832	0.09918835623382649	628
cg19906545	0.09918784577122214	628
cg17699047	0.09918711937521707	628
cg09436737	0.09918621823183565	628
cg17727795	0.09918610629232133	628
cg11430259	0.0991838068955303	628
cg17926950	0.09918256775352735	628
cg08779649	0.09918229579248777	628
cg19580937	0.09918005483231425	628
cg01828474	0.09917865456752462	628
cg00880290	0.09917492118784368	628
cg04297922	0.09917173356670667	628
cg14515779	0.09917086166584788	628
cg08429705	0.09917038607235285	628
cg00332802	0.09916998920645037	628
cg10933003	0.09916899074430763	628
cg08625239	0.09916875245593293	628
cg06291314	0.099165944563546	628
cg10977770	0.09916293882963428	628
cg07695654	0.09916217226428437	628
cg21658814	0.0991590846958385	628
cg20668221	0.09915837294767063	628
cg02362246	0.09915561557228761	628
cg11585022	0.09915439246184127	628
cg07021532	0.09915390353445322	628
cg02705758	0.09915378174912226	628
cg21570493	0.09915307900126452	628
cg17255125	0.09915240470768827	628
cg07839742	0.09915230074906589	628
cg05457730	0.09915079546346059	628
cg05257086	0.09914893363939042	628
cg06730285	0.09914864073870165	628
cg09335712	0.09914855750454421	628
cg05365735	0.09914770180921867	628
cg17280106	0.09914671898433278	628
cg26758551	0.0991464472963019	628
cg18191092	0.09914465152782215	628
cg18455390	0.099141672850445	628
cg17399417	0.09914102865879737	628
cg24111796	0.09914049311575074	628
cg08743751	0.09913884799586148	628
cg05287917	0.09913693899882142	628
cg11845549	0.09913445853537683	628
cg26489369	0.09913409290879027	628
cg25018049	0.0991337037526906	628
cg14373403	0.09913264907476582	628
cg14714222	0.09913218960269474	628
cg24058145	0.0991302712837448	628
cg15150396	0.09912998824817676	628
cg07376916	0.09912955877828811	628
cg22995232	0.09912853811777428	628
cg09736286	0.09912245558902333	628
cg03406718	0.09911943753730046	628
cg18576044	0.09911700562536091	628
cg06871560	0.09911228403859729	628
cg08358803	0.09911038917222173	628
cg24524285	0.09911020134998061	628
cg10370305	0.09910986239785824	628
cg20597215	0.0991086983727118	628
cg02798280	0.09910788335088808	628
cg19884262	0.09910727478908415	628
cg24578857	0.09910309816233448	628
cg03891384	0.0991027344335379	628
cg25000021	0.09910188344956378	628
cg11294513	0.09910127100257607	628
cg20274304	0.09910125870915387	628
cg00202568	0.09910123026227208	628
cg26875637	0.09910049652818163	628
cg15052890	0.09910006511209235	628
cg02873954	0.09909952112607427	628
cg17983632	0.09909892026347988	628
cg25407979	0.0990982321357867	628
cg20090497	0.09909741021076035	628
cg07516742	0.09909679794777237	628
cg07698804	0.0990947680584055	628
cg01301197	0.09909452884613673	628
cg05376954	0.0990938741680949	628
cg14573810	0.09909354789192942	628
cg07237830	0.0990918663068395	628
cg03544379	0.09909121634904045	628
cg00812009	0.09909069364751619	628
cg23025804	0.09908791892610991	628
cg09366118	0.09908482732762494	628
cg18674643	0.09907780739409106	628
cg08717807	0.09907689043283915	628
cg03691338	0.09907633060020535	628
cg23178550	0.09907147276689429	628
cg26050975	0.09907117764656764	628
cg17526036	0.09907092867886905	628
cg19662895	0.09907056240746206	628
cg26250086	0.09906967129294464	628
cg19844333	0.09906735874550315	628
cg17416338	0.09906559419132316	628
cg20449614	0.09906275383471708	628
cg03588998	0.09906185132120082	628
cg10296799	0.09905923257529617	628
cg15065591	0.09905915291372652	628
cg20495370	0.09905885354354652	628
cg20965743	0.0990558701633405	628
cg04466898	0.09905563139964646	628
cg02086790	0.09905467704964083	628
cg06581825	0.09905414087353792	628
cg00402668	0.0990524293966531	628
cg17544177	0.09904955760088924	628
cg00577560	0.0990488162012779	628
cg20592836	0.09904840739566148	628
cg08319294	0.09904806509401329	628
cg03300537	0.09904692858646963	628
cg26349048	0.09904576257530293	628
cg18871253	0.09904400774720397	628
cg21057473	0.09904384378051545	628
cg00491021	0.0990407954679084	628
cg08882389	0.09903790089058256	628
cg26685752	0.09903676076297818	628
cg18805164	0.09903500620508594	628
cg19508985	0.09903410524089706	628
cg02775243	0.09903320484476907	628
cg18279326	0.09903249446952755	628
cg06486190	0.09903207120821042	628
cg08415582	0.09903184016821759	628
cg06924241	0.09902863227551689	628
cg24664470	0.09902820493003583	628
cg23864514	0.09902580430782809	628
cg14297340	0.0990256425433611	628
cg14971718	0.09902454788614912	628
cg25235958	0.09902377305769328	628
cg06084534	0.09902331645647594	628
cg07523043	0.09902172709309359	628
cg00037856	0.09901922094950677	628
cg04389398	0.09901649758186032	628
cg11339964	0.09901621549775164	628
cg09737078	0.09901606055100301	628
cg20576955	0.09901395783917943	628
cg22753668	0.09901121193272805	628
cg18348274	0.09901101777230698	628
cg17011134	0.09900850259385968	628
cg01517431	0.09900829454153048	628
cg08278731	0.09900647428694523	628
cg13646005	0.09900612989993532	628
cg25287372	0.09900475882621457	628
cg12363903	0.09900422532313713	628
cg16626954	0.09900164057440053	628
cg05204566	0.09900103648825265	628
cg12020179	0.09899847979497223	628
cg21817858	0.09899741463248998	628
cg02905245	0.09899554880406192	628
cg14048880	0.09899249183878184	628
cg01749436	0.09899121264663269	628
cg04502706	0.09898683986750784	628
cg05620113	0.09898516244210703	628
cg24798010	0.09898288990854903	628
cg04678141	0.09898198149759707	628
cg02543462	0.09898084219879325	628
cg04707332	0.09897728582589924	628
cg04119462	0.09897698770398633	628
cg02137183	0.09897486133889905	628
cg02182594	0.09897214453019373	628
cg03177735	0.09896999869441236	628
cg20856834	0.09896748998935936	628
cg11086547	0.0989670952543743	628
cg26151675	0.09896647593515914	628
cg06634914	0.09896498040634888	628
cg09177567	0.0989649624860399	628
cg13653328	0.09896440598036199	628
cg21961694	0.09896430453654248	628
cg14091840	0.09896396562085241	628
cg11468255	0.09896211290365753	628
cg09787504	0.09896174466739166	628
cg11732301	0.09896144324868825	628
cg24750887	0.09895955477014051	628
cg09632271	0.09895925213850912	628
cg27255239	0.0989567524557293	628
cg23984446	0.09894772296009458	628
cg04216575	0.09894768198435722	628
cg08505647	0.09894760711110401	628
cg21147063	0.09894631014716154	628
cg11897887	0.09894132075299991	628
cg12999098	0.09894018900271645	628
cg06012347	0.09893468400490163	628
cg15180617	0.0989342955321661	628
cg24838949	0.09893183876453593	628
cg15840039	0.09892995277620631	628
cg13137809	0.0989295433483765	628
cg09408917	0.09892810992966226	628
cg08125291	0.09892580279606572	628
cg08241477	0.09892212008059192	628
cg01209642	0.09892031648437427	628
cg08979352	0.09891818922538419	628
cg18477166	0.09891602354024887	628
cg08782022	0.09891539984982459	628
cg12479933	0.09891024642833243	628
cg04186415	0.09890869855785511	628
cg20784950	0.09890800676546091	628
cg25436126	0.09890695221106244	628
cg21646392	0.09890524445767152	628
cg21207320	0.09890496720954167	628
cg07180883	0.09890172763838051	628
cg08186575	0.09889396335764278	628
cg23689219	0.09889226363287396	628
cg06445016	0.09889194448603195	628
cg20447730	0.0988910754747605	628
cg19807286	0.09888841210693367	628
cg19005446	0.09888717639689198	628
cg13675859	0.09888374177173428	628
cg17640147	0.09888152227555069	628
cg00579868	0.09888150567627255	628
cg10995422	0.09887942632250557	628
cg00238213	0.0988793075751867	628
cg04003871	0.0988792353322796	628
cg11385338	0.09887901539876878	628
cg12260798	0.09887609391577656	628
cg00930194	0.09887597687144634	628
cg07252308	0.09887241405568331	628
cg23793961	0.0988721561611276	628
cg19427325	0.09887172702438851	628
cg24985151	0.09887096384279509	628
cg22175814	0.09887080834775197	628
cg27241044	0.09886734138334796	628
cg04444415	0.09886602402275937	628
cg27156584	0.0988656356464298	628
cg18979623	0.09886287585421161	628
cg15134787	0.0988611179772704	628
cg25625968	0.09886051748776636	628
cg25851789	0.0988603467047171	628
cg05826677	0.09885990210672407	628
cg11791526	0.09885974358128169	628
cg21351647	0.09885931118910474	628
cg25607161	0.09885892071937505	628
cg02236679	0.09885840867741147	628
cg02884773	0.09885833213416273	628
cg16655091	0.09885586550231013	628
cg27154418	0.09885401282094955	628
cg12350863	0.09885355078607297	628
cg12547930	0.09885297071569193	628
cg00792184	0.09884991150719802	628
cg10724632	0.09884838020577794	628
cg07856521	0.09884663900478868	628
cg27308738	0.09884420133090294	628
cg17090600	0.0988434512208094	628
cg00538021	0.09884033345341603	628
cg16469927	0.09883925147174022	628
cg17033391	0.09883775140497517	628
cg13080379	0.09883771649427235	628
cg12208353	0.09883563968389564	628
cg15754901	0.0988350851572195	628
cg26808583	0.09883211695079464	628
cg04164058	0.09883029207027545	628
cg18591235	0.09882784326737065	628
cg06782676	0.09882749490315434	628
cg27094244	0.09882727248256964	628
cg13609544	0.09882296348040787	628
cg08769634	0.0988209362513135	628
cg25474312	0.09881986339934123	628
cg11065015	0.09881916353097822	628
cg16308286	0.09881895172523908	628
cg13398027	0.09881803258168065	628
cg27335649	0.09881556503054323	628
cg21082400	0.09881546801148797	628
cg15899053	0.09881516375058491	628
cg05625559	0.09881504526010143	628
cg02391549	0.09881407496226102	628
cg04046669	0.09881089664907683	628
cg11066776	0.09880895035991094	628
cg04203587	0.09880840969223742	628
cg20060108	0.0988083387670537	628
cg24847366	0.09880811374292664	628
cg10503208	0.09880726592448305	628
cg16871385	0.0988067852332778	628
cg14802312	0.09880659595301214	628
cg13078381	0.09880592400339128	628
cg08467103	0.09880575479337128	628
cg06488678	0.09880303318912426	628
cg27396830	0.09880154889718756	628
cg06744545	0.09880106860089068	628
cg02632490	0.09880106606578892	628
cg26391794	0.09880077691773934	628
cg21221767	0.09879979321056742	628
cg23391090	0.09879555659792277	628
cg05922210	0.09879500845198813	628
cg24951893	0.09879180600832976	628
cg16267322	0.0987911271833945	628
cg20248056	0.09879100670369578	628
cg23861541	0.09878874568331564	628
cg00833257	0.09878520830294324	628
cg00526387	0.09878266979129158	628
cg06528645	0.09878186393698249	628
cg09142848	0.09878092195508636	628
cg02815538	0.09878072709934382	628
cg09115473	0.09877961068907401	628
cg25372239	0.09877958905082529	628
cg15528437	0.09877935665990675	628
cg24332577	0.09877897194044999	628
cg23051248	0.09877806200334915	628
cg05694921	0.09877552570244214	628
cg19617080	0.09877191842281932	628
cg18242368	0.09876919180887583	628
cg22586996	0.09876813964436104	628
cg07510423	0.0987671438486742	628
cg16020016	0.09876519800187294	628
cg02639108	0.09876206547326477	628
cg15134456	0.09876179515754774	628
cg03554051	0.09876007418925925	628
cg25602242	0.09875920712692632	628
cg17862146	0.09875831728089657	628
cg02965895	0.0987534836956595	628
cg06296773	0.09875118864185872	628
cg09124703	0.09875099524102739	628
cg19282250	0.09874811773676778	628
cg07665929	0.09874786180782119	628
cg21786601	0.09874258013843099	628
cg21241989	0.09874246099156933	628
cg05266564	0.09874170223086753	628
cg09101258	0.0987414791306308	628
cg23931819	0.09874071262625705	628
cg19711530	0.09874057011208245	628
cg26863750	0.09873696029888657	628
cg14087921	0.09873565326375777	628
cg12709372	0.09873433485057326	628
cg19056418	0.0987332064783987	628
cg04005677	0.098730100394744	628
cg18188653	0.09872998042573183	628
cg00738934	0.0987298494963621	628
cg02976355	0.09872974648214239	628
cg00143986	0.09872967741910854	628
cg04753936	0.09872885053230823	628
cg01545109	0.09872846358349102	628
cg03420907	0.0987248006131703	628
cg18694169	0.0987216227585597	628
cg07050611	0.09872062564729556	628
cg10962762	0.0987204832090891	628
cg02971581	0.09872020905556475	628
cg09599228	0.09872017152579954	628
cg11309785	0.09871775186531523	628
cg18801945	0.09871742333972	628
cg18848959	0.09871283759986237	628
cg06282596	0.09871100096220986	628
cg03198578	0.09870872896951034	628
cg20826224	0.09870854688426807	628
cg02961798	0.0987081078088794	628
cg03051777	0.09870783429293112	628
cg15206981	0.09870480293671685	628
cg12077664	0.09870440891098003	628
cg13275129	0.0987027315110916	628
cg18912520	0.09870099564323526	628
cg17474004	0.09870009423864234	628
cg04385765	0.09869990280224983	628
cg00591949	0.09869880268956477	628
cg19610750	0.09869798810191066	628
cg05577810	0.09869730876066346	628
cg19707128	0.09869438824868809	628
cg22517705	0.09869430681128416	628
cg25718342	0.0986922071697306	628
cg18029167	0.09869117076494069	628
cg13813366	0.09868894098317496	628
cg00385194	0.0986872611349977	628
cg06876892	0.09868617108023661	628
cg10990993	0.09868615954903515	628
cg01660346	0.0986859333056796	628
cg08845336	0.09868283369035344	628
cg05027549	0.09868211583267494	628
cg06644998	0.09867908890692828	628
cg14156184	0.09867771047864632	628
cg05617980	0.09867643167352366	628
cg00066270	0.09867545321377527	628
cg01254303	0.09867377445657252	628
cg09719850	0.09867334164862229	628
cg01471428	0.09866971000604924	628
cg14950134	0.09866915431894258	628
cg04078644	0.09866808028581575	628
cg12719030	0.0986663522900944	628
cg12249345	0.09866585047041765	628
cg01105418	0.0986635651164145	628
cg18315861	0.09866253635623312	628
cg03312117	0.098661499019816	628
cg09103658	0.09865949660528583	628
cg07442907	0.09865812850211866	628
cg22792176	0.09865802172327681	628
cg03571393	0.09865742512278047	628
cg18045685	0.09865692538882961	628
cg00449201	0.09865573699598179	628
cg27490391	0.09865542323842391	628
cg21787323	0.09865492884379962	628
cg14515996	0.09865453066589991	628
cg00834223	0.09865422406375718	628
cg02359773	0.09865356332562786	628
cg19209066	0.09865059761194128	628
cg19754180	0.09864912409701826	628
cg07678669	0.09864887805482014	628
cg01180552	0.09864737285521916	628
cg05096415	0.09864387546771272	628
cg00511596	0.09864225750377179	628
cg26401541	0.09864191778801473	628
cg26666828	0.09863819468974958	628
cg20945055	0.09863726595206873	628
cg23748352	0.09863501123212381	628
cg24105081	0.09863315043332371	628
cg19871722	0.09863303640211596	628
cg01765930	0.09863206782303408	628
cg04396112	0.0986296351182159	628
cg14203721	0.09862896708982383	628
cg16317901	0.09862661230826769	628
cg26946905	0.09862568259878662	628
cg09175338	0.09862294098806124	628
cg21081803	0.09862255190863536	628
cg10590622	0.09862175587414934	628
cg05541747	0.09861881063034744	628
cg23780110	0.09861817517947498	628
cg01296532	0.09861712032929024	628
cg11670060	0.0986147510014825	628
cg27367878	0.0986128741416368	628
cg05648964	0.09860858685018381	628
cg17158913	0.09860684654779728	628
cg11810135	0.09860582879261462	628
cg18287768	0.09860568705684936	628
cg02483661	0.0986028284570607	628
cg10096929	0.09860199985564413	628
cg24506221	0.09860188724832689	628
cg25236050	0.09860119900597247	628
cg18142906	0.09860055911663251	628
cg00071984	0.09859942843625369	628
cg05929755	0.09859886455022787	628
cg18367631	0.09859826119640458	628
cg09980176	0.0985970194292553	628
cg09778357	0.09859673743180464	628
cg05812582	0.09859444931430988	628
cg15553500	0.0985941111707962	628
cg22549881	0.09859069038271723	628
cg21390801	0.09858969147328918	628
cg15859311	0.09858961424719859	628
cg27196974	0.09858843885104819	628
cg03891302	0.09858641928544404	628
cg07480367	0.09858552860286912	628
cg19580003	0.09858332924557	628
cg24304093	0.09858084605968828	628
cg13351249	0.09857896612370831	628
cg26627405	0.09857811964510216	628
cg04680436	0.09857804223477656	628
cg22791987	0.09857761402303888	628
cg15624813	0.09857654487430564	628
cg17744604	0.09856599019778539	628
cg23184653	0.09856590571452228	628
cg08382072	0.09856580511396684	628
cg18664918	0.09856449504534293	628
cg03608224	0.09856232456843467	628
cg01622948	0.09856178985655772	628
cg00683329	0.09856178330980461	628
cg09306188	0.09856140932478286	628
cg04941246	0.09856037156695202	628
cg08544192	0.09855818337931876	628
cg00303223	0.09855793699257462	628
cg08262608	0.0985541990165163	628
cg03882437	0.09855371850546571	628
cg13922494	0.09855278784190552	628
cg25372195	0.09855267935144224	628
cg02380334	0.09855171484389227	628
cg07268431	0.0985506109545381	628
cg01562537	0.09855010564579247	628
cg00245454	0.09854601735468299	628
cg15157024	0.09854572589671479	628
cg20576322	0.09854296106346166	628
cg08736638	0.0985399140548184	628
cg14499959	0.09853619717112172	628
cg18486235	0.09853601991570649	628
cg26463328	0.09853537150815922	628
cg16901862	0.09853534247662649	628
cg21752601	0.09853410654616393	628
cg27338353	0.09853299026305787	628
cg11836212	0.0985278019840134	628
cg13218573	0.09852720201509635	628
cg16550010	0.09852629021862847	628
cg06249604	0.09852616058916824	628
cg26295435	0.0985249604080953	628
cg18405691	0.09852401362109137	628
cg02504902	0.09852326908247847	628
cg17130982	0.09852269115754086	628
cg06606199	0.0985220729871531	628
cg07919128	0.0985219246072424	628
cg11202265	0.09852108118494915	628
cg06812795	0.09852012330512888	628
cg26926973	0.09851789760867602	628
cg14215472	0.09851783909351672	628
cg10671830	0.09851678257256397	628
cg01471232	0.0985161739714405	628
cg25832529	0.09851481133558432	628
cg02367828	0.0985144933874571	628
cg27539480	0.09851368700026947	628
cg26879644	0.09851341417921958	628
cg26195358	0.09851146152597628	628
cg04139449	0.09850757977207152	628
cg25304107	0.09850727261166148	628
cg10988187	0.09850648521103578	628
cg25504607	0.09850504620698652	628
cg17039830	0.09850403071275271	628
cg15536947	0.09850052376474622	628
cg07921503	0.09850042231603534	628
cg23902114	0.0984976953195617	628
cg20312687	0.09849727573386768	628
cg08642731	0.09849580950186643	628
cg04835811	0.09849508956442882	628
cg12847125	0.09849381309264632	628
cg05508315	0.09849356483032545	628
cg14453187	0.09849156297217976	628
cg07904073	0.09848944138027368	628
cg18155267	0.0984886231404346	628
cg14703002	0.09848840012094404	628
cg04678315	0.09848797631140496	628
cg04776812	0.09848773742423356	628
cg09584702	0.09848671859246236	628
cg17130251	0.09848645969805331	628
cg01540102	0.09848562931979071	628
cg19384106	0.0984820544393532	628
cg06591613	0.09848062984727102	628
cg00488692	0.09847895053884334	628
cg15513657	0.09847680201697911	628
cg25753473	0.09847628610048152	628
cg06244947	0.09847417050245116	628
cg04707013	0.09847189776007287	628
cg08870914	0.09847040355227293	628
cg04066265	0.09846864571120614	628
cg26843278	0.09846625422139454	628
cg06386478	0.0984639411440395	628
cg23079252	0.09846209277929649	628
cg00566369	0.09846166616615082	628
cg03176993	0.09846118734517154	628
cg10928404	0.09845741760348276	628
cg15037823	0.09845712707657234	628
cg22325764	0.09845709753345605	628
cg17050941	0.09845698176477655	628
cg25042789	0.09845267653950518	628
cg12284769	0.09845244278257778	628
cg12623302	0.09845208692008395	628
cg05765254	0.09845083439714836	628
cg02805025	0.09844784329375658	628
cg27630180	0.09844598745802724	628
cg02930866	0.09843890285976031	628
cg20342432	0.09843793161972292	628
cg01495509	0.09843697201855933	628
cg15574321	0.09843613540477816	628
cg20400592	0.09843234460946576	628
cg14921326	0.0984314870468801	628
cg21538208	0.0984312340746391	628
cg01619929	0.09842793936591665	628
cg04132407	0.09842727752693162	628
cg20749005	0.09842725908353589	628
cg08542520	0.09842640726525698	628
cg04368971	0.09842443053920341	628
cg26534812	0.0984223862055843	628
cg06351520	0.09841780944950207	628
cg26426437	0.09841682218272019	628
cg13171197	0.0984152381417498	628
cg00010932	0.09841382606585894	628
cg20649298	0.09841245943108373	628
cg21238234	0.0984113012847238	628
cg10198294	0.09841012529304971	628
cg11065036	0.09840873504694003	628
cg21532801	0.09840765437711557	628
cg09682183	0.09840741412848802	628
cg20288617	0.09840593149767096	628
cg15807143	0.09840516505034697	628
cg04233521	0.09840170522893935	628
cg26342676	0.09839802853243612	628
cg19621460	0.09839801155701566	628
cg09838217	0.0983971257847425	628
cg06961873	0.09839682134682537	628
cg04192663	0.0983962448614773	628
cg26020521	0.09839158380942326	628
cg01978237	0.09839062874037116	628
cg14452015	0.09839013951559145	628
cg13240206	0.09838993721633929	628
cg22221831	0.09838984916775345	628
cg24738311	0.09838978418411035	628
cg22497907	0.09838838487349705	628
cg14537533	0.09838576112382698	628
cg18810542	0.09838382099129767	628
cg22810423	0.09838380046204032	628
cg16415457	0.09838342186369625	628
cg06807928	0.09838190474328401	628
cg09941601	0.09838000876158204	628
cg11135937	0.09837506148415442	628
cg17724366	0.09837348215276676	628
cg26036375	0.0983711201372352	628
cg22723001	0.09836971222217683	628
cg02048922	0.09836964971196058	628
cg00049709	0.09836847392043979	628
cg23237314	0.09836810070882379	628
cg03807917	0.09836801373058585	628
cg04248271	0.09836740745857264	628
cg21929464	0.09836229600172391	628
cg19925597	0.09836082001984142	628
cg19566405	0.09836017741314887	628
cg15685006	0.09835723266551433	628
cg10106388	0.09835703437534647	628
cg12463722	0.09835620693745745	628
cg03998866	0.09835483166712844	628
cg26147947	0.098353236726166	628
cg11887532	0.09835318045632413	628
cg09286079	0.0983525017562793	628
cg15555463	0.09835169778062469	628
cg27300028	0.09834526988530135	628
cg25288140	0.09834526556461426	628
cg09430586	0.09834453483687794	628
cg24102479	0.0983439021857965	628
cg14557954	0.09834333346062946	628
cg14506192	0.09834296331410308	628
cg22348992	0.0983417839069885	628
cg21051815	0.09834164705640841	628
cg14091896	0.09833769434189055	628
cg23994112	0.09833719212736075	628
cg09814127	0.09833709927100381	628
cg02026141	0.09833615098163045	628
cg03953506	0.09833399940284082	628
cg17898069	0.09833327387550084	628
cg24664347	0.09833131492807734	628
cg01456691	0.09833077105542826	628
cg17952114	0.09833048886821333	628
cg09480264	0.09832964865323002	628
cg02635370	0.09832936709184215	628
cg09854003	0.09832923575145938	628
cg00106345	0.09832623563189029	628
cg03729152	0.09832599630968519	628
cg12733040	0.09832528284054581	628
cg26951839	0.09831982480511284	628
cg24076830	0.09831807366961848	628
cg24220178	0.09831454905790676	628
cg00842918	0.09831282198964769	628
cg09399281	0.09830589221147407	628
cg12406992	0.09830518390593182	628
cg10643236	0.09830341740553222	628
cg12949547	0.09830136830320885	628
cg23439743	0.09830096095385027	628
cg07500347	0.09829870295722434	628
cg11412853	0.0982975584518625	628
cg01353646	0.09829669179471678	628
cg23360019	0.0982950085859094	628
cg01653532	0.09829401783568492	628
cg13842202	0.09829086504904933	628
cg12712184	0.0982899209100388	628
cg19940077	0.09828852711318836	628
cg12360046	0.09828767398987928	628
cg23877608	0.09828726019839173	628
cg17200737	0.0982861854102931	628
cg10001715	0.09828016988766913	628
cg27031484	0.09827816220883057	628
cg13036593	0.09827762248903527	628
cg27132391	0.0982757262826929	628
cg20701404	0.09827370296543175	628
cg09233395	0.09827140216827346	628
cg03521774	0.09827137486724066	628
cg21228424	0.0982694426733291	628
cg04931238	0.09826745987280525	628
cg23475035	0.09826711754994905	628
cg06625804	0.09826492062318676	628
cg15787039	0.09826392846477036	628
cg13572369	0.09826176526476005	628
cg02327563	0.09826093952882409	628
cg07298940	0.09825660051335205	628
cg07211044	0.09825622209086221	628
cg15425541	0.09825599590455643	628
cg18316621	0.09825471500961763	628
cg20592391	0.098253701987398	628
cg20127899	0.09825193371146218	628
cg23336266	0.09824944912524661	628
cg17083323	0.09824864942520377	628
cg00441573	0.0982483863920309	628
cg25116200	0.09824745250968575	628
cg12319534	0.09824744580180901	628
cg25294526	0.09824245947789145	628
cg03744114	0.09824222328586524	628
cg01470599	0.09824202262051451	628
cg20653128	0.09823977212798121	628
cg11118690	0.0982396882395688	628
cg12021814	0.09823751912149128	628
cg03899054	0.09823711575183094	628
cg16453794	0.09823575731858647	628
cg15058894	0.09823563381187508	628
cg19590445	0.09823476982426266	628
cg03290530	0.09823438655227107	628
cg06240209	0.0982327362099964	628
cg12267786	0.09823196668421064	628
cg21931938	0.09823127663489203	628
cg02892286	0.09822824842211655	628
cg00757207	0.09822552414267641	628
cg04948014	0.09821882897605455	628
cg00025439	0.0982170012352665	628
cg00061678	0.09821634837440069	628
cg04602007	0.09821617391009663	628
cg00941836	0.09821379197613106	628
cg13926174	0.09821331428401969	628
cg00383136	0.0982103443600284	628
cg18507379	0.0982096730382331	628
cg07053777	0.09820332383599967	628
cg24085801	0.09820208112010678	628
cg08393822	0.098202075622635	628
cg25124030	0.09820017771730016	628
cg20306025	0.09819966636675811	628
cg19308222	0.09819942720549796	628
cg02741229	0.09819856776759472	628
cg10498921	0.09819820497014392	628
cg07677157	0.0981961892250646	628
cg24060730	0.09819306650380893	628
cg20981163	0.09818961000493487	628
cg17959821	0.0981873689069368	628
cg20101015	0.09818610753204549	628
cg05586667	0.09818586606900093	628
cg25744613	0.09818506404118957	628
cg15466933	0.09818449979754618	628
cg11633080	0.0981821762629766	628
cg07093091	0.09818175505457555	628
cg08217163	0.09818070133688248	628
cg24238356	0.09818050586562899	628
cg03301058	0.0981793300780594	628
cg09862303	0.09817710300409754	628
cg08795535	0.09817246469464988	628
cg03188948	0.09816916770913978	628
cg16206341	0.09816848393116884	628
cg26764761	0.098168083125974	628
cg09981198	0.09816731555685343	628
cg21514857	0.09816561299781962	628
cg21244322	0.09816186313495065	628
cg03915432	0.09816135052561104	628
cg03742273	0.09816014203093601	628
cg24404533	0.09815849213088673	628
cg08386867	0.0981561445593575	628
cg09066326	0.0981557217924394	628
cg01810186	0.09815515580727818	628
cg08241330	0.09815490755375691	628
cg02852959	0.09815099563644078	628
cg03719555	0.0981508010521584	628
cg05666036	0.09814955272413697	628
cg19724567	0.09814945928481861	628
cg20883723	0.09814664920810379	628
cg19435859	0.09814610764539056	628
cg02299007	0.0981444384142032	628
cg18493677	0.09814420071235203	628
cg24685664	0.09814380464549688	628
cg05911774	0.09814376402409244	628
cg06755262	0.09814308157664092	628
cg11063877	0.09814193197139282	628
cg10968958	0.09814157817606545	628
cg01244775	0.09813933983357659	628
cg08567000	0.09813685026989927	628
cg00370962	0.098133704004427	628
cg19988162	0.09813060966623938	628
cg23773946	0.09813023344361932	628
cg01990910	0.09812902056590547	628
cg20242070	0.09812889708846284	628
cg02280348	0.09812843571340335	628
cg15202552	0.09812739238069687	628
cg20523169	0.09812715618380138	628
cg02123091	0.0981269245150524	628
cg08098128	0.0981266628978355	628
cg08470031	0.09812648660638701	628
cg25830307	0.09812638427606013	628
cg08604097	0.09812504175785161	628
cg12607287	0.09812137114386238	628
cg13192880	0.09811851772757912	628
cg10576245	0.09811665929270284	628
cg02459416	0.09811590826210659	628
cg16746221	0.09811576749658885	628
cg04858553	0.09811422618880836	628
cg14004602	0.09811415652814492	628
cg10055580	0.09811245325633072	628
cg13470069	0.09811000131065861	628
cg16134717	0.09810778004515674	628
cg22545168	0.09810733129161028	628
cg08495374	0.09810722419258616	628
cg09141075	0.09810452228861288	628
cg11085454	0.09810354287879255	628
cg18235050	0.09810348753747816	628
cg25362709	0.09810019673366471	628
cg26668608	0.09809850538197681	628
cg07177174	0.09809695302534938	628
cg24945462	0.09809659788144459	628
cg12485556	0.09809606399065379	628
cg01386185	0.098091688188987	628
cg14708514	0.09808747773045623	628
cg00904852	0.09808709617921113	628
cg09476073	0.09808564083042712	628
cg24233426	0.09808295660635943	628
cg19220719	0.0980813165053297	628
cg18400281	0.09808057800210654	628
cg19344315	0.09807876023773138	628
cg14652227	0.09807747438310868	628
cg01660613	0.09807673752436491	628
cg13428978	0.09807658168013306	628
cg06371443	0.09807447139579656	628
cg01787084	0.09807417697943449	628
cg01607625	0.09807338962131415	628
cg21306988	0.09807219217560627	628
cg18924562	0.09807133446278851	628
cg09206774	0.09807042795739807	628
cg24794322	0.09806958144061562	628
cg20284999	0.09806949884497373	628
cg20741040	0.0980691002869854	628
cg11146691	0.09806730146988811	628
cg13375248	0.0980642769887935	628
cg23108232	0.09806355026788616	628
cg04880091	0.09806162427108386	628
cg25915512	0.09806131941563437	628
cg18500968	0.09806083656723275	628
cg20685233	0.0980584159876296	628
cg03815657	0.09805665562199589	628
cg25809561	0.09805170983489231	628
cg26717763	0.09805101701000282	628
cg21557473	0.09805089024469305	628
cg02468320	0.09804994170021405	628
cg25034395	0.0980499190490545	628
cg02567289	0.098046878838989	628
cg25191332	0.09804602459835937	628
cg12099952	0.09804548692096034	628
cg18782604	0.09804499186936719	628
cg02524112	0.09804281199938708	628
cg20197694	0.0980405510252062	628
cg02492279	0.09803906348211461	628
cg25819026	0.09803863331408871	628
cg02067098	0.09803812655101835	628
cg15083015	0.09803661128184851	628
cg15676129	0.09803407870886177	628
cg21635870	0.09803383110887205	628
cg10996596	0.09803128758905312	628
cg11088422	0.0980308680502173	628
cg24880997	0.09803064081696711	628
cg16101077	0.09802963406558346	628
cg04881673	0.09802911206419301	628
cg18959907	0.09802814796210191	628
cg12672713	0.09802753093997607	628
cg23710226	0.09802094724346722	628
cg25746134	0.09802014530886069	628
cg16565913	0.09801801048107422	628
cg02958327	0.0980109333185485	628
cg27106950	0.09800953244209448	628
cg14253461	0.09800947394103349	628
cg05455680	0.09800901810185808	628
cg00377915	0.09800717908862955	628
cg10858103	0.09800695255540676	628
cg05757475	0.09800681277696022	628
cg19285797	0.0980055562530226	628
cg24474409	0.09800434908143729	628
cg00794381	0.09800357737139492	628
cg06998965	0.09800297597884444	628
cg05897163	0.09800173001434498	628
cg26108719	0.09800086068455072	628
cg02866152	0.09799897864068721	628
cg19084629	0.0979988546672258	628
cg05868547	0.09799261133783288	628
cg00222472	0.09799043033681881	628
cg07279321	0.09798876748991983	628
cg23556108	0.09798678209277961	628
cg01770296	0.09798594423367125	628
cg13615963	0.09798231638299804	628
cg08326019	0.09797716737364648	628
cg11343211	0.09797681442026361	628
cg20824977	0.09797618368383088	628
cg27169846	0.09797485626269128	628
cg11559769	0.09797462534495816	628
cg02750065	0.0979742618790655	628
cg14764357	0.09797293831752474	628
cg07621949	0.09797248064227748	628
cg27295595	0.09797228263787588	628
cg07402939	0.09797075412880807	628
cg05493761	0.09797024882401645	628
cg10156366	0.09796926269215166	628
cg04513912	0.09796915015388344	628
cg08462478	0.09796430709761328	628
cg06490169	0.09796265716904634	628
cg16043651	0.0979585753869035	628
cg20537554	0.09795823660066882	628
cg08841544	0.09795810785815318	628
cg11014124	0.09795799523730547	628
cg24784730	0.09795782101078074	628
cg03541338	0.09795675204130105	628
cg04308040	0.09795663665870187	628
cg21582973	0.0979556401478302	628
cg00839584	0.09795549989323771	628
cg25403205	0.09795545605669959	628
cg20758982	0.0979553338778785	628
cg14600824	0.09795411184227121	628
cg19203457	0.09795357264107224	628
cg05602799	0.09795296898008904	628
cg12593541	0.0979523686595147	628
cg04357398	0.09794834130146363	628
cg25921518	0.09794712118219384	628
cg25616787	0.09794653815025467	628
cg12935350	0.09794547080148885	628
cg09959242	0.09794321965098027	628
cg14134256	0.0979431228961985	628
cg13363969	0.0979429800694015	628
cg02165692	0.09794198549669203	628
cg06051146	0.09794145054960038	628
cg00178249	0.0979407803177855	628
cg19299265	0.09793926833428329	628
cg16351410	0.09793881288143214	628
cg15164194	0.09793697889770675	628
cg02448934	0.09793561027998254	628
cg15721102	0.09793297743805418	628
cg25540142	0.09793198068724274	628
cg06059345	0.09793026529451099	628
cg11625005	0.09792994907833016	628
cg11630939	0.097929612554844	628
cg27640254	0.09792845595169031	628
cg04841806	0.09792583615101286	628
cg16244770	0.0979255846869514	628
cg22298265	0.09792408885673465	628
cg09026722	0.09792276147509671	628
cg13855776	0.0979221326600686	628
cg00054741	0.09792048543738735	628
cg12447398	0.09791834325586712	628
cg22965432	0.09791717784037343	628
cg25207857	0.09791645044362995	628
cg14549841	0.09791556210269917	628
cg22529664	0.09791548860417276	628
cg08241318	0.09791473607727252	628
cg17564844	0.09791279428914254	628
cg19048251	0.09791101531236694	628
cg04807470	0.09790542071897809	628
cg05475524	0.09790458738887207	628
cg14581989	0.09790225159168137	628
cg22365906	0.09790105157667561	628
cg01012836	0.09790063781406039	628
cg19611193	0.09790052187149118	628
cg24080008	0.09790026981268254	628
cg21957058	0.09790009404455602	628
cg13449535	0.09790005537619359	628
cg22073152	0.09789933440483128	628
cg03888814	0.09789497177732548	628
cg12045158	0.09789478902783094	628
cg11329678	0.0978946045374951	628
cg25511667	0.09789450737921129	628
cg05692746	0.09789399362911014	628
cg27477504	0.09789371141231906	628
cg14972210	0.09789316107730633	628
cg09923953	0.09789171574962596	628
cg02006405	0.0978917018175724	628
cg26785431	0.09789037391907535	628
cg08578703	0.09788985254981461	628
cg26963367	0.09788767390245245	628
cg06123753	0.0978875746798557	628
cg27329371	0.09788428120532577	628
cg11038231	0.09788053245564407	628
cg26312324	0.09788044803902551	628
cg21683069	0.09787905999208424	628
cg25792581	0.09787477324409388	628
cg03463523	0.09787454969090606	628
cg13475578	0.09787442053323103	628
cg00411072	0.09787331102204544	628
cg02479842	0.09787321846072491	628
cg18156486	0.09786827448088928	628
cg03457729	0.09786675858332289	628
cg21574822	0.0978644623505594	628
cg10822718	0.09786382644077757	628
cg12689806	0.09786349413535683	628
cg06001716	0.09786078850909549	628
cg12489960	0.09786027859710375	628
cg17080163	0.09785727324239801	628
cg06813297	0.0978570702221897	628
cg25925252	0.09785304703245434	628
cg09299053	0.09785030060553063	628
cg02833108	0.09784610996076615	628
cg20976694	0.09784527732526044	628
cg26196162	0.09784527278090172	628
cg18192602	0.09784042654692404	628
cg04846036	0.09783823816904558	628
cg05498905	0.09783805373666174	628
cg23098068	0.09783617585078364	628
cg06609094	0.09782936710518716	628
cg19371339	0.0978278779008303	628
cg14201291	0.09782477495024386	628
cg26807095	0.09782415704379738	628
cg06192549	0.09782394028481076	628
cg05834805	0.09782177493206112	628
cg20706776	0.09781996641870355	628
cg01915328	0.09781711900066137	628
cg20731875	0.0978150753179654	628
cg24057558	0.09781495444727023	628
cg26684601	0.09781367366596813	628
cg16772207	0.0978135278870898	628
cg22047552	0.09781172015184653	628
cg23193059	0.0978102040507956	628
cg15878670	0.09781017527079527	628
cg03819134	0.09780967396962291	628
cg00667789	0.09780961841758484	628
cg10820551	0.09780881677450512	628
cg10271260	0.09780506431161232	628
cg19867917	0.09780139761215698	628
cg02357649	0.09780057422394434	628
cg17316649	0.09779804585987438	628
cg21279840	0.09779694863058563	628
cg00761129	0.09779659791740525	628
cg08524109	0.09779610735028474	628
cg13637893	0.0977953806099196	628
cg14194263	0.09779410218580578	628
cg09370982	0.09779090991670342	628
cg04573398	0.09778582597188934	628
cg12210293	0.0977856432769684	628
cg07968031	0.09778479122129108	628
cg12331932	0.09778301583379764	628
cg08554603	0.09778222926250207	628
cg05183668	0.09777993007847013	628
cg10477073	0.09777884812508697	628
cg22029015	0.09777719966565024	628
cg06177306	0.09777614233074783	628
cg07075347	0.09777595837905356	628
cg01511557	0.09777471377832286	628
cg05982686	0.09777441379462665	628
cg14799446	0.09776765273044086	628
cg18989909	0.09776628886229985	628
cg14928378	0.09776538000285048	628
cg08662052	0.09776447888097656	628
cg14446712	0.09776445560755118	628
cg14797147	0.09776397789776736	628
cg03699074	0.09776189488379863	628
cg20374595	0.09776186031827327	628
cg14431361	0.09776174027827345	628
cg19685491	0.09776009797169719	628
cg07838943	0.09775881681264575	628
cg14282004	0.09775754240700296	628
cg11189357	0.09775717630158537	628
cg17911539	0.09775699249781594	628
cg27083040	0.09775595324832231	628
cg02793828	0.09775517679162814	628
cg04886846	0.09775440554397699	628
cg13893555	0.09775398720429604	628
cg11827453	0.09775347580515126	628
cg03357803	0.09775324362680637	628
cg01946451	0.09774920833597123	628
cg20490724	0.09774690982443096	628
cg19286473	0.09774573628214317	628
cg23804666	0.09774552096684169	628
cg06748966	0.09774379362741703	628
cg27087555	0.09774217159887522	628
cg20430841	0.09774169061041971	628
cg24779381	0.09774149593897469	628
cg21287519	0.09773459243451976	628
cg13832604	0.09773266762684091	628
cg09093656	0.09772765107371961	628
cg27173148	0.09772474707214318	628
cg06825448	0.09772417962139948	628
cg26645242	0.09772160021055426	628
cg11165001	0.09771956088611555	628
cg07099084	0.09771864136693786	628
cg00029583	0.09771819786366454	628
cg13054419	0.09771776593937498	628
cg21215820	0.09771531904906788	628
cg23586172	0.09771109000467687	628
cg17121747	0.09770989938005792	628
cg20100768	0.09770615107484981	628
cg13493043	0.09770592992701027	628
cg12111783	0.09770461810310374	628
cg12744859	0.09770453759223856	628
cg16087541	0.0977024365997079	628
cg19988426	0.0977007613472129	628
cg20847035	0.09770061269376212	628
cg12302987	0.09769910588743896	628
cg04977922	0.09769904511832694	628
cg09636214	0.09769639343119353	628
cg05584078	0.09769459912185324	628
cg02136066	0.09769325898591213	628
cg08196561	0.0976913373429618	628
cg12449852	0.09769111001175956	628
cg21206128	0.09769084702914982	628
cg03586564	0.09769045062031928	628
cg02435345	0.09768947666991201	628
cg08998189	0.09768906814766398	628
cg24410453	0.09768885296983851	628
cg18912728	0.09768556850223806	628
cg19248557	0.09768476521868572	628
cg27511894	0.09768298035337947	628
cg00103299	0.09768189530793708	628
cg07098566	0.09768128039040802	628
cg11375616	0.09767909007641351	628
cg11707310	0.09767529988086615	628
cg25781595	0.09767265251628798	628
cg04900872	0.09767194562982906	628
cg17593958	0.09767163071593471	628
cg13132775	0.09766821023260869	628
cg04113904	0.09766802123343427	628
cg22228134	0.09766791184788642	628
cg12036817	0.09766660541266797	628
cg18166150	0.09766529274267494	628
cg05594873	0.09766360072097635	628
cg11923296	0.09766214213957639	628
cg23475489	0.09765997640272217	628
cg21188409	0.09765767448799717	628
cg14247287	0.09765685579986089	628
cg05784847	0.09765336821645942	628
cg17497608	0.09765290979316832	628
cg00552822	0.09765143165650511	628
cg00211215	0.09764994820784823	628
cg10940055	0.097649439364634	628
cg20823091	0.09764899780166914	628
cg20557688	0.09764704626270204	628
cg19548859	0.09764683959566692	628
cg26715042	0.09764588831236154	628
cg04345034	0.09764526715074157	628
cg09757250	0.09763942805017198	628
cg20306863	0.09763866880690028	628
cg02681163	0.09763811152771895	628
cg04118124	0.09763586725422298	628
cg07479906	0.09763544200833513	628
cg03447880	0.09763388306827431	628
cg25686172	0.09763330316727478	628
cg02291011	0.09763099138979162	628
cg12190994	0.09762959599122811	628
cg11945167	0.09762726910703828	628
cg05100432	0.0976268251209893	628
cg08002427	0.09762436780250439	628
cg10659805	0.09761827324669275	628
cg26130533	0.09761590469688908	628
cg10441497	0.09761287424149617	628
cg21649089	0.09761264447624562	628
cg20419272	0.09761005091123709	628
cg15606663	0.0976055410628589	628
cg27337194	0.09760528217636985	628
cg08133629	0.09760473059905467	628
cg06787637	0.09760374918734382	628
cg12245717	0.09760360599701695	628
cg19715094	0.09760165907393226	628
cg09420319	0.09759657173355435	628
cg00302763	0.09759380421867056	628
cg27315157	0.09759340730521308	628
cg16571642	0.09759330328350774	628
cg25671438	0.09759228198496725	628
cg26556196	0.0975922127175261	628
cg02839330	0.09759150627506633	628
cg19907796	0.09759029364432395	628
cg19956836	0.09759029065569841	628
cg10595952	0.09758829489178428	628
cg01016662	0.09758815320958276	628
cg07539451	0.09758768207005619	628
cg16425038	0.09758710765653265	628
cg25484252	0.09758663968478781	628
cg16555417	0.09758515774917159	628
cg21041888	0.09758476504875768	628
cg24779921	0.09758217895614399	628
cg16191087	0.09758007775244376	628
cg08897422	0.09757980944616501	628
cg09022325	0.097578047036326	628
cg16727201	0.09757795136415098	628
cg03610280	0.09757725644659465	628
cg27629290	0.09757659541187641	628
cg17465304	0.09757616899892363	628
cg18776460	0.09757593968748285	628
cg13298153	0.09757578118701371	628
cg22502153	0.09757430528005101	628
cg02520804	0.09757311054112383	628
cg14588003	0.09757304873308059	628
cg23898497	0.0975722652692938	628
cg03505772	0.0975652141287405	628
cg19707379	0.09756389904952467	628
cg22486621	0.09756384074613947	628
cg14491667	0.0975627090053372	628
cg06667574	0.09756149640259126	628
cg04689773	0.09755791860828739	628
cg19538115	0.0975552310524917	628
cg27161197	0.09755517480802017	628
cg22579075	0.09755179266817521	628
cg07957294	0.09755093425701211	628
cg01182076	0.09754612010742947	628
cg22844229	0.09754546366165084	628
cg08865099	0.09754513539249005	628
cg10519004	0.09754480616726985	628
cg05888643	0.0975448054405112	628
cg19726712	0.09754239886031355	628
cg09459529	0.0975423248173955	628
cg20456258	0.09754191235559219	628
cg19061270	0.09753832855472	628
cg26240939	0.09753309684050843	628
cg00081417	0.09753273382427363	628
cg07284476	0.09753137914717969	628
cg23523215	0.09753038544041798	628
cg08624915	0.0975296810994184	628
cg25502267	0.09752962358706041	628
cg27212428	0.09752648315455403	628
cg17745803	0.09752447301783934	628
cg06650659	0.09752370753232709	628
cg25073998	0.097523301583962	628
cg01169396	0.09752213074561328	628
cg17966560	0.0975206090679751	628
cg24375215	0.09751959219479037	628
cg12077754	0.09751894527136273	628
cg10087754	0.09751838955776554	628
cg23929682	0.0975146280582585	628
cg19122579	0.09751368920500658	628
cg00269606	0.0975125966402609	628
cg27642416	0.09751130086264026	628
cg02405128	0.09750935212387862	628
cg23513018	0.09750871264273334	628
cg12762474	0.09750617378732052	628
cg09852221	0.09750503843799785	628
cg12047752	0.09750436903877652	628
cg05400670	0.09750256875069968	628
cg13186130	0.09750228172001524	628
cg22493212	0.09749915166752243	628
cg08089567	0.09749860354588638	628
cg14430943	0.09749779312781098	628
cg07914856	0.0974959037091298	628
cg25781936	0.09749384609106732	628
cg01612158	0.09749267291306549	628
cg12250761	0.0974921495220849	628
cg17518842	0.09749094129628488	628
cg05383931	0.09748643811023427	628
cg11605577	0.09748416840873542	628
cg13242468	0.09748398108145784	628
cg16190688	0.09748394115102188	628
cg10627839	0.09748376553635522	628
cg25726128	0.09748119123824361	628
cg14649589	0.09748056950364176	628
cg27428856	0.09747999305227029	628
cg23281432	0.09747917477245421	628
cg04392266	0.09747530440992835	628
cg02017450	0.09747509695514625	628
cg23693705	0.09747397339792291	628
cg06852942	0.09747166482073039	628
cg13571460	0.09747079305994275	628
cg01954567	0.09747049965775101	628
cg09899173	0.0974703820695497	628
cg22699462	0.09746938937913752	628
cg13127506	0.09746664210700051	628
cg17779676	0.0974657489872568	628
cg15129097	0.09746284106851638	628
cg19575208	0.09745619023403529	628
cg00562504	0.09745556510184272	628
cg27617132	0.09745528255348473	628
cg03765419	0.09745406461140815	628
cg14468856	0.0974522204243165	628
cg16027775	0.0974519792807523	628
cg00675313	0.09745186319422755	628
cg27425841	0.09745129464910779	628
cg11212589	0.09745115604590204	628
cg07324546	0.09745031266499532	628
cg21171279	0.09744972284078057	628
cg13493563	0.09744730149805003	628
cg03071500	0.09744345538110388	628
cg18088486	0.09744227822775564	628
cg17801930	0.09744150143177444	628
cg02965351	0.09743771519132838	628
cg23272088	0.09743747689141677	628
cg09123760	0.09743746335333614	628
cg17852507	0.09743566321427971	628
cg04185382	0.09742994118904627	628
cg26864230	0.0974295862415643	628
cg07403228	0.0974285385748625	628
cg09177545	0.09742715377590655	628
cg02816429	0.09742486345235615	628
cg07258897	0.09742465925671426	628
cg18750960	0.09742415517151298	628
cg16883063	0.09742198418160286	628
cg20820996	0.09742016724685643	628
cg22459517	0.09742005586380323	628
cg24870096	0.0974180346016339	628
cg14595617	0.09741799832999565	628
cg11650987	0.0974162653401007	628
cg07925670	0.09740929931852049	628
cg07109115	0.09740822599052171	628
cg24057218	0.0974065187329603	628
cg18085627	0.09740455775183193	628
cg26416971	0.09740301497820958	628
cg24654177	0.09740137121455877	628
cg15634928	0.09740041739080374	628
cg02432860	0.09740030807144107	628
cg08455073	0.09740005206711488	628
cg17697835	0.09739539159699112	628
cg17987982	0.09739222200986308	628
cg17455348	0.09739062319334404	628
cg01443755	0.09739051386812939	628
cg15442737	0.09738950942746905	628
cg23770524	0.09738847612691276	628
cg26236902	0.09738830422951061	628
cg27549619	0.09738701934413027	628
cg15727285	0.09738423159994347	628
cg19180555	0.09738365000223786	628
cg17151054	0.09738242785104198	628
cg25140419	0.09738049044937672	628
cg25533993	0.09738018953017802	628
cg05347965	0.09737888201017819	628
cg11051429	0.09737589588805678	628
cg08629394	0.09737454116580108	628
cg27421117	0.09737106793462241	628
cg10415021	0.09737058606810045	628
cg06940756	0.09736256432149926	628
cg05137386	0.09736230994014694	628
cg10978355	0.09736210764603864	628
cg14245228	0.09736145467635987	628
cg18385570	0.09735992363842683	628
cg26824216	0.09735788542595661	628
cg00928816	0.09735779785632123	628
cg26394624	0.09735741673408851	628
cg07955474	0.09735653578329811	628
cg20190772	0.09735371549843579	628
cg09686333	0.09735201617254147	628
cg05360774	0.09735149770339441	628
cg24461627	0.09735084192475335	628
cg16776065	0.09735069297003535	628
cg19636302	0.09735067726490057	628
cg19602479	0.09734430458547755	628
cg11723923	0.09734407992922328	628
cg15140703	0.09734343610244503	628
cg04499646	0.09734248379707372	628
cg24851854	0.09734049755850703	628
cg01724150	0.0973380273833567	628
cg02372404	0.09733631175128472	628
cg15553770	0.09733626389620909	628
cg12930338	0.09733434150429415	628
cg11111740	0.09733345390101389	628
cg23408990	0.09733101748106118	628
cg16386806	0.09732878183703697	628
cg22235600	0.09732868201040301	628
cg06060874	0.09732815403490805	628
cg14602222	0.09732644202930824	628
cg03009030	0.09732423941343982	628
cg06188545	0.09732381953008679	628
cg03018679	0.09732285147554176	628
cg00256231	0.0973217880978732	628
cg10381036	0.09732151353829394	628
cg20460541	0.0973199294075551	628
cg02390801	0.09731897862707178	628
cg08402246	0.0973189493563732	628
cg07606234	0.09731850760667382	628
cg17634781	0.09731691490470701	628
cg02572796	0.09731459638804074	628
cg00583068	0.0973109219321528	628
cg15852352	0.09731032118936189	628
cg23018755	0.09730850346849707	628
cg01244342	0.09730836298726941	628
cg02805665	0.09730723119036566	628
cg05482942	0.09730481136462898	628
cg17916835	0.09730316029280353	628
cg22718636	0.09730109908277572	628
cg01125617	0.09729965841847582	628
cg22160267	0.09729910328446231	628
cg13919358	0.09729833026583157	628
cg00399591	0.09729806045422129	628
cg02219601	0.09729774679518655	628
cg27303185	0.09729749220610578	628
cg15965383	0.09729729490301747	628
cg02256049	0.09729700538423097	628
cg11875044	0.09729658872468028	628
cg10890644	0.09729553731001422	628
cg25590114	0.09729069151434189	628
cg12873919	0.09729021090148327	628
cg20804072	0.09729017335949572	628
cg10508193	0.09728972190350105	628
cg22389375	0.09728859022037453	628
cg02563407	0.09728707661927684	628
cg14947478	0.09728659218450997	628
cg13922901	0.09728616330994957	628
cg02296171	0.09728579225523576	628
cg24180402	0.09728522341537789	628
cg27526098	0.0972834942291585	628
cg09745958	0.09728249100265784	628
cg15269394	0.09728167020676198	628
cg19466818	0.09728156869733248	628
cg18788664	0.09728090453784194	628
cg16721321	0.09727472798385578	628
cg27223250	0.09727406062273874	628
cg08334034	0.09727134668988685	628
cg15417875	0.09727067320236815	628
cg05813818	0.09727063265744634	628
cg26726652	0.09727060317378303	628
cg11179120	0.09726942655677423	628
cg17869311	0.09726886771885113	628
cg26954695	0.09726868750479017	628
cg22060041	0.09726727587007189	628
cg05960850	0.0972653271002834	628
cg25780389	0.09726233031541387	628
cg10994379	0.09726223080215324	628
cg22796958	0.09726108502935166	628
cg13443911	0.09726106550682279	628
cg25221625	0.09725987206697873	628
cg26313699	0.0972556472214478	628
cg03302951	0.0972554913603591	628
cg09850764	0.09725474326389744	628
cg11365440	0.09725456630291124	628
cg25514475	0.09725388099859067	628
cg26477488	0.09725050728679654	628
cg10849854	0.09725039051513124	628
cg00492741	0.09724992476779637	628
cg21431929	0.09724790120056359	628
cg10119082	0.09724705627355523	628
cg11372436	0.09724524725717226	628
cg04037236	0.0972441238774778	628
cg25781755	0.09724082781153959	628
cg18392783	0.09723937741236968	628
cg23813394	0.09723924398525485	628
cg03238075	0.09723862291340113	628
cg08893839	0.09723853126281401	628
cg07024996	0.09723652397976157	628
cg13390867	0.09723644704443328	628
cg07216133	0.09723482835004749	628
cg19728223	0.0972295390945018	628
cg06790305	0.0972279702589402	628
cg21642947	0.09722787115504827	628
cg16071681	0.09722350400840574	628
cg18935516	0.097223478522145	628
cg25687358	0.09722280801695224	628
cg08707988	0.09722229030863655	628
cg19731286	0.09721894265755793	628
cg06635900	0.0972185405569678	628
cg14509403	0.09721815262842792	628
cg19411952	0.09721470327963885	628
cg19216056	0.09721436453187654	628
cg22847228	0.09721379229891305	628
cg16678925	0.09721214750293605	628
cg01301885	0.09721196693706699	628
cg12899747	0.09721186611908916	628
cg02090654	0.09721021179739114	628
cg06655414	0.09720731858848686	628
cg08421126	0.09720687067854596	628
cg15896157	0.09720679353060649	628
cg04776357	0.09720514614247822	628
cg25771271	0.09720334339068651	628
cg08289130	0.09720301976899617	628
cg13475583	0.09720118953149104	628
cg18430555	0.09720092562810288	628
cg07703391	0.09719947530922429	628
cg12322235	0.09719935819361153	628
cg15506703	0.09719765167443956	628
cg22672282	0.09719648957780835	628
cg08264906	0.09719615743392923	628
cg13623966	0.09719519544626659	628
cg25274008	0.09719490656866914	628
cg23154270	0.09719450305470323	628
cg05798059	0.09719152641714435	628
cg05358291	0.09718992070002808	628
cg04544196	0.09718594131552916	628
cg25044514	0.09718554905229931	628
cg21540621	0.0971834306963709	628
cg25170017	0.09718148894889045	628
cg10558740	0.09718120621202553	628
cg04219977	0.09718046657080143	628
cg25940557	0.09717987520698432	628
cg03907390	0.09717882582358461	628
cg20021784	0.09717879215868658	628
cg03363478	0.09717687552818496	628
cg09307794	0.09717478706480664	628
cg19277516	0.09716931954751346	628
cg10350536	0.0971669617242839	628
cg05117324	0.09716693081941749	628
cg15365500	0.09716429413784944	628
cg05749138	0.09716349687643899	628
cg17658634	0.09716131677829928	628
cg07173635	0.0971579090833142	628
cg17184430	0.09715572927940519	628
cg08862890	0.09715547072973951	628
cg08297393	0.09715460295252237	628
cg16942223	0.09715409720178644	628
cg20892840	0.09715075175050941	628
cg17910564	0.09714908756752727	628
cg14486463	0.097148806525504	628
cg15153141	0.09714546343233363	628
cg19749916	0.09714309449870576	628
cg24409876	0.09713904585545605	628
cg14316944	0.09713574105173939	628
cg12761825	0.0971353122344249	628
cg06679334	0.09713300679617637	628
cg04197086	0.09713215350475876	628
cg25810938	0.09713182595737692	628
cg00741695	0.09713135586135585	628
cg24495585	0.09713068193953517	628
cg23484741	0.0971302875594425	628
cg11659652	0.09712996206065022	628
cg23097296	0.09712737203737136	628
cg08850243	0.09712727373192892	628
cg16990474	0.09712381542282328	628
cg23184477	0.09712346353383616	628
cg05721476	0.09712100394554196	628
cg13309012	0.0971195988853964	628
cg15845071	0.09711779316029423	628
cg01525839	0.09711744501392533	628
cg05477457	0.09711543124166361	628
cg19871235	0.0971138741968125	628
cg26394916	0.09711194909204862	628
cg08371532	0.09710989818436544	628
cg04518342	0.09710788290980057	628
cg21035875	0.09710731629632234	628
cg04913979	0.09710477435467915	628
cg00027637	0.09710323997859155	628
cg08994060	0.09710201380933581	628
cg23618156	0.09710147946266845	628
cg24473594	0.09709952442674533	628
cg10468535	0.09709853481775832	628
cg26751828	0.09709822789116757	628
cg08541920	0.09709790955251163	628
cg11447849	0.0970930512965214	628
cg06694446	0.09709279672133023	628
cg23865240	0.0970922333094194	628
cg16357434	0.09709019257327944	628
cg16024891	0.09708971116667137	628
cg10621924	0.09708949892531843	628
cg00807366	0.09708644136096922	628
cg02190211	0.09708620555518716	628
cg23225508	0.09708444083997689	628
cg05964600	0.09708398163388701	628
cg00832457	0.09707918194703802	628
cg03778138	0.09707828694124288	628
cg11421927	0.09707817045264483	628
cg03287339	0.09707725562076092	628
cg17934470	0.0970766070889128	628
cg09338489	0.09707524622930053	628
cg20286236	0.09707415668290026	628
cg01765111	0.09707347936662436	628
cg03666776	0.09707261983469812	628
cg16824643	0.09707156657395738	628
cg09762242	0.09707134172277421	628
cg12303318	0.09707102235432996	628
cg11679871	0.09706869785668698	628
cg18447972	0.0970675881993841	628
cg02443126	0.09706521722780964	628
cg03861217	0.09706268719249891	628
cg24089887	0.09706236392861245	628
cg09850101	0.0970571035085986	628
cg18794121	0.09705668759801839	628
cg22079102	0.09705149308510103	628
cg15392549	0.09705059372253916	628
cg02361306	0.09704923040371616	628
cg04386759	0.0970460416558806	628
cg20207567	0.09704534867787826	628
cg02948944	0.09704437752109082	628
cg23778363	0.09704406195077345	628
cg17774559	0.09704404051670973	628
cg11270017	0.09704393504885345	628
cg03458170	0.09704236948694633	628
cg03557633	0.09704109819283191	628
cg19889066	0.09704088142539094	628
cg16768966	0.09704065174291737	628
cg06906435	0.09703839658441821	628
cg13842421	0.09703499259516507	628
cg12553321	0.09703320502400956	628
cg03969260	0.09703224063981625	628
cg18636558	0.0970311072117073	628
cg08949974	0.09703090576666107	628
cg24658487	0.09702986843504746	628
cg10439402	0.09702914631133297	628
cg00327669	0.09702895678644274	628
cg20645058	0.09702822297019115	628
cg10445315	0.09702675394932045	628
cg18824330	0.0970265495327251	628
cg14859874	0.0970179384801951	628
cg16189217	0.09701386374665294	628
cg03328673	0.09701367362639612	628
cg19046933	0.09701359463732806	628
cg06873024	0.09701358379952701	628
cg25922751	0.09701072890505241	628
cg11724970	0.0970089983209419	628
cg15876825	0.09700711796436567	628
cg23719157	0.09700335455159709	628
cg13765961	0.09700235251455092	628
cg27438425	0.09700142609318324	628
cg10197846	0.09700015800551964	628
cg02389180	0.09699998578650071	628
cg27377289	0.09699984197469252	628
cg17412901	0.0969997473012855	628
cg15701612	0.09699791230673135	628
cg06393098	0.09699760061587526	628
cg02268192	0.09699474435440097	628
cg05392844	0.09699382484873048	628
cg25261181	0.09699319191020028	628
cg20509119	0.09699235598820476	628
cg27552679	0.09699225033183784	628
cg08818829	0.09699116512456224	628
cg24531955	0.09699079800928367	628
cg04201675	0.09698950400903435	628
cg19470290	0.09698850661523584	628
cg21558053	0.09698802149384778	628
cg20379760	0.09698788019526167	628
cg00119186	0.09698716080035058	628
cg26837962	0.0969851480212155	628
cg08531380	0.09698504285853107	628
cg22260869	0.09698051318815498	628
cg22095263	0.09698035002989763	628
cg14217861	0.09697873811236019	628
cg17311022	0.09697708925836085	628
cg26498015	0.09697672800784918	628
cg01544351	0.09697581699907262	628
cg26169991	0.0969742060240989	628
cg05996538	0.0969710561759009	628
cg16085649	0.09696857223627908	628
cg14364186	0.09696659498502494	628
cg23541676	0.09696603361558936	628
cg23073974	0.09696139909186008	628
cg21428990	0.09695916976209729	628
cg08835956	0.09695867513459805	628
cg26472118	0.09695803812520609	628
cg02723291	0.09695690021733883	628
cg03543954	0.0969558438109411	628
cg25965774	0.09695551352116186	628
cg02771464	0.09695473903168067	628
cg24901447	0.0969493588251259	628
cg20661257	0.09694850643279684	628
cg12560128	0.09694695975057044	628
cg22499572	0.09694544769804464	628
cg06347698	0.09694150493138307	628
cg11292332	0.09694047300549674	628
cg13454941	0.09694030632340114	628
cg04854226	0.0969401885000972	628
cg09903849	0.09693817322779175	628
cg03522247	0.09693752604977818	628
cg03339321	0.09692994143327427	628
cg01386157	0.09692960000389339	628
cg24640735	0.09692724550705945	628
cg07280936	0.09692650626636717	628
cg17748769	0.09692521177356866	628
cg14914552	0.09692492756875132	628
cg03119435	0.09692456973921604	628
cg03200166	0.09692311522767393	628
cg27154731	0.09692020133769397	628
cg24100671	0.0969196528869366	628
cg07937925	0.09691881740646918	628
cg19344626	0.09691642070362783	628
cg14488962	0.09691377297126058	628
cg12577372	0.09691024171656107	628
cg24724587	0.09690638303770316	628
cg16296536	0.0969042836573123	628
cg21234471	0.09690116019218617	628
cg00699569	0.09689791025312122	628
cg13828227	0.09689725804522215	628
cg10147462	0.09689670658409183	628
cg26445999	0.09689629184606735	628
cg24376793	0.09689508705443167	628
cg26605774	0.09689480088090807	628
cg12881363	0.09689187401290392	628
cg04598224	0.09689074481611887	628
cg07077221	0.09689064646783724	628
cg07959016	0.09688968435136874	628
cg02232840	0.09688921159708169	628
cg06710741	0.09688695177611722	628
cg15593269	0.09688615845766613	628
cg25875049	0.09688491931616139	628
cg22820316	0.09688459240209324	628
cg14885973	0.0968842282789425	628
cg10236778	0.09688373833425126	628
cg16962463	0.0968820363322187	628
cg26049187	0.09688178165825151	628
cg13705830	0.09687984691387824	628
cg09919570	0.09687870185508535	628
cg22862734	0.09687722829192513	628
cg26908356	0.09687665484454297	628
cg14009473	0.09687623300289061	628
cg02868298	0.09687385396112569	628
cg09879794	0.0968735227159977	628
cg18522038	0.09687206485628341	628
cg07151443	0.09687112529144568	628
cg13507224	0.09686866334638455	628
cg01554410	0.09686664674377643	628
cg15361661	0.09686539081524424	628
cg18007837	0.09686421758067348	628
cg07443717	0.09686341011921795	628
cg18150584	0.09686305140362228	628
cg22589778	0.09685844772903957	628
cg00233633	0.09685645168839896	628
cg15291243	0.09685628965039494	628
cg22986770	0.096855137145548	628
cg21946006	0.09685467043345573	628
cg02480077	0.09685405145830595	628
cg12583591	0.09685337277710537	628
cg27125093	0.09685253704109725	628
cg00791074	0.09685248472862357	628
cg13278922	0.09685241261961294	628
cg16592301	0.09685107608621946	628
cg25122233	0.09684995188071775	628
cg11595635	0.09684945471032275	628
cg27366617	0.09684884257435711	628
cg04641474	0.0968479212964603	628
cg01192077	0.09684573093748117	628
cg23104954	0.09684405570128374	628
cg15243542	0.09684184398380741	628
cg07619683	0.09683909036889804	628
cg15484597	0.0968377234240263	628
cg23428738	0.09683714345555905	628
cg03296283	0.09683673503596557	628
cg08266202	0.09683203100644255	628
cg02533724	0.09683087926837275	628
cg08108051	0.09682911669937999	628
cg26646527	0.096828467634757	628
cg04844692	0.09682778387096175	628
cg13163833	0.09682733324987772	628
cg08120831	0.09682702116324449	628
cg05943574	0.09682637001293143	628
cg08293324	0.09682464287115197	628
cg02642549	0.09682361367279785	628
cg21167269	0.0968235945055066	628
cg24536818	0.09682342511828151	628
cg12232866	0.09682052991271689	628
cg13989295	0.0968200762700917	628
cg04024800	0.0968200507576854	628
cg20211463	0.09681935843832054	628
cg10660965	0.0968190179860624	628
cg24714606	0.09681858134516053	628
cg07817739	0.09681772343835493	628
cg24966958	0.0968175479233897	628
cg08564601	0.09681427469644693	628
cg27480573	0.09681384887302649	628
cg07783843	0.09681188691870907	628
cg14252279	0.09681151104473094	628
cg05080651	0.09681045595195992	628
cg03257417	0.09681026356634354	628
cg24755177	0.09681018434791089	628
cg12970155	0.09680793459164111	628
cg03877767	0.09680711682506637	628
cg08624084	0.09680026430033345	628
cg08375882	0.09679978181741106	628
cg18791991	0.0967997307450264	628
cg21331791	0.0967989864492782	628
cg10126205	0.0967895389259727	628
cg08162803	0.09678690459788247	628
cg17348791	0.09678134131493382	628
cg21614723	0.09677945862818768	628
cg16698674	0.09677852882388194	628
cg22997113	0.0967768227513874	628
cg03346706	0.09677676629058793	628
cg10350880	0.09677670319011974	628
cg00192966	0.09677661645854457	628
cg10298215	0.09677589670389275	628
cg25776343	0.09677581476805486	628
cg09229918	0.09677461959722976	628
cg23821914	0.09677115123195007	628
cg02593507	0.09676939332742943	628
cg03593259	0.09676884211548664	628
cg20255713	0.09676797762186501	628
cg00061413	0.09676796118077441	628
cg16689481	0.09676447871459443	628
cg20756891	0.09676362022599946	628
cg26389380	0.096762919811484	628
cg13396068	0.09676094723117196	628
cg19798702	0.09675938539854934	628
cg15121276	0.096758330712153	628
cg03783575	0.09675720684772646	628
cg23375593	0.09675715607773899	628
cg23088810	0.096756168573635	628
cg26915329	0.09675502070982767	628
cg19473656	0.09675490522602387	628
cg01871581	0.0967481931225821	628
cg02754084	0.09674626560292915	628
cg10618704	0.09674610068780032	628
cg26557308	0.09674609345031135	628
cg18772205	0.09674596394885379	628
cg04788926	0.0967427917953835	628
cg06645674	0.09674231681563666	628
cg26719062	0.09674177375166956	628
cg05232889	0.09674075277370552	628
cg05131696	0.09673410394589116	628
cg19389001	0.09673242289598795	628
cg14998613	0.09673180494306133	628
cg04286194	0.09673041015910232	628
cg07670736	0.09672727850907553	628
cg19739126	0.09672705960548827	628
cg24504414	0.09672547124894648	628
cg27340723	0.09672311834891523	628
cg12060422	0.09672105811766707	628
cg13523125	0.09672098028735476	628
cg10983484	0.09671802502829374	628
cg04379522	0.09671727045546447	628
cg00538017	0.09671711097969515	628
cg11745444	0.0967130237952803	628
cg16878595	0.09670869418206651	628
cg06968241	0.0967045462889829	628
cg07717588	0.09670399613712344	628
cg01270241	0.09670347378878053	628
cg10301767	0.0967031475483826	628
cg11357542	0.09670262913173233	628
cg18657751	0.09669754967584349	628
cg09748975	0.096697219761571	628
cg13254584	0.09669471852352765	628
cg09328979	0.09669343062507034	628
cg22802766	0.09669244611701255	628
cg18854765	0.09669196283482162	628
cg19596110	0.0966904910135778	628
cg06204040	0.09668930300411155	628
cg05408403	0.09668865302046625	628
cg00914384	0.09668693584737703	628
cg08452338	0.09668681813360519	628
cg01495831	0.09668607094770529	628
cg03323067	0.09668461231059552	628
cg09156073	0.09668394102455877	628
cg10381153	0.09668278491502402	628
cg11839579	0.09668277709170775	628
cg19526685	0.09668271291977892	628
cg24595606	0.09668030946336553	628
cg16899306	0.09667930500398736	628
cg26993132	0.09667908335457091	628
cg10619365	0.09667726820082445	628
cg07937427	0.0966767266041455	628
cg15621651	0.0966723777206066	628
cg00700214	0.09667140539768188	628
cg05984244	0.09667065852616097	628
cg04391718	0.09666760942594713	628
cg02112229	0.09666732712036569	628
cg15440688	0.09666671620127801	628
cg15689733	0.09666645034053456	628
cg15516052	0.09666543543160394	628
cg24735235	0.09666389080200466	628
cg12378939	0.09666345431529455	628
cg10298567	0.09665917032621446	628
cg04754652	0.09665816360146329	628
cg26338947	0.09665681961401071	628
cg23206017	0.09665517072083948	628
cg14687029	0.09665456188106378	628
cg02818160	0.09665232703984294	628
cg01388889	0.09665224065948036	628
cg24408769	0.09664911620500904	628
cg04517747	0.09664526420648667	628
cg04892672	0.09664488884552391	628
cg09619309	0.09664432883178925	628
cg02104138	0.09664396051258708	628
cg26507988	0.09664299327545223	628
cg08638514	0.09664265518165899	628
cg24034923	0.09664153537569276	628
cg06062378	0.09664011340609685	628
cg19988482	0.09663997490146967	628
cg14906455	0.09663647418325587	628
cg08603678	0.09663559987509751	628
cg10979160	0.09663485853873238	628
cg21049958	0.09663420839267639	628
cg06760507	0.09662969552856945	628
cg10071882	0.09662933902069498	628
cg18720326	0.09662786124194808	628
cg25587091	0.09662589733369246	628
cg02852407	0.0966258610711691	628
cg23615741	0.09662372200234225	628
cg01214063	0.09662248235997423	628
cg00263700	0.09662226546242106	628
cg01475952	0.09662173738271668	628
cg12447336	0.09661802840586298	628
cg01288337	0.0966170614817736	628
cg15306060	0.09661679685813049	628
cg08935125	0.0966161214425304	628
cg09008589	0.09661607348066742	628
cg18737081	0.0966158066000053	628
cg03512499	0.09661423370466216	628
cg17536595	0.09661391883549968	628
cg26330275	0.09661237373017495	628
cg25052156	0.0966121916793608	628
cg21131022	0.09660803464235848	628
cg10581012	0.09660802870939206	628
cg21720385	0.09660502482988381	628
cg06684201	0.09660175220805878	628
cg14791525	0.09660107528329615	628
cg11663667	0.09660031473928077	628
cg11807006	0.09659869821738129	628
cg24640577	0.0965986283030843	628
cg15615586	0.09659831600340324	628
cg09614626	0.09659567445419442	628
cg23887102	0.09659533047740831	628
cg08198040	0.0965948415746321	628
cg16660891	0.09659473220231196	628
cg24641186	0.09659448354692901	628
cg03302281	0.09659410478100455	628
cg24332389	0.0965926232832302	628
cg15698171	0.09659103587606277	628
cg19666600	0.09659081734880323	628
cg25599573	0.09659080059862185	628
cg04011135	0.09658961464232158	628
cg14666946	0.09658870453611307	628
cg10053369	0.09658718743907496	628
cg01256563	0.0965851560745194	628
cg19096475	0.09658307456862072	628
cg18660345	0.09658112798209281	628
cg06462666	0.09658108338170926	628
cg19390244	0.09658085501987684	628
cg23150604	0.0965787087550648	628
cg06740893	0.09657624436509843	628
cg02357336	0.09657550409620438	628
cg15066337	0.0965719157806928	628
cg19074779	0.09657122865680157	628
cg00981737	0.09656574195316314	628
cg05533037	0.09656225704546939	628
cg09332484	0.09656184614355393	628
cg08994082	0.09655998643081348	628
cg26349358	0.09655994317297573	628
cg16052198	0.09655792313378667	628
cg22592160	0.09655713109437952	628
cg06854927	0.09655568376254839	628
cg13805951	0.09655370510822903	628
cg18597415	0.09655325799610975	628
cg11595575	0.09655317047338088	628
cg17842822	0.09655220369656906	628
cg03734783	0.09655116701339495	628
cg27537972	0.0965490813702917	628
cg08418279	0.09654875458910853	628
cg23653492	0.09654687398343414	628
cg24341770	0.09654611842459193	628
cg08559772	0.0965446010893451	628
cg24786847	0.09654232878152491	628
cg12337622	0.09654065919552568	628
cg23981871	0.09653830558803878	628
cg24026212	0.09653563683217514	628
cg02582218	0.09653509825666046	628
cg15817960	0.0965344018481139	628
cg26789453	0.09653373655648564	628
cg00075967	0.09653119589969533	628
cg04257388	0.09653064453723353	628
cg21500909	0.09653038595519448	628
cg24140586	0.09652915963192849	628
cg01893731	0.0965255061359282	628
cg07941938	0.0965250085009916	628
cg17466795	0.09652323077255318	628
cg06247406	0.09652232220578605	628
cg11328541	0.09651935745575202	628
cg10622019	0.09651878152641374	628
cg23240355	0.0965187081248246	628
cg16043368	0.09651775433294818	628
cg11294364	0.09651648591819456	628
cg25449950	0.09651624084447447	628
cg25406989	0.09651623518746111	628
cg07854954	0.09651356831154134	628
cg25645064	0.0965127058185825	628
cg24543015	0.09650937374843241	628
cg18602350	0.09650901904846598	628
cg11957382	0.09650848069302603	628
cg17611046	0.09650790212707855	628
cg14844130	0.09650435022186525	628
cg10711528	0.0965030593614794	628
cg00255726	0.09650223060688234	628
cg15147534	0.09650055581656464	628
cg15952370	0.09649846070009149	628
cg14042635	0.09649763497071764	628
cg05943200	0.09649746294851258	628
cg02060639	0.09649733371589159	628
cg06435363	0.09649614943199697	628
cg18786873	0.0964948058914313	628
cg11165391	0.09649346183241253	628
cg01132443	0.09648755340278324	628
cg21205288	0.0964859441486019	628
cg02486209	0.0964843352379331	628
cg09273483	0.09648390339101565	628
cg10768321	0.09648130116337461	628
cg05198900	0.09647831108196991	628
cg15988261	0.09647673952658298	628
cg12199221	0.09647658403968773	628
cg16236228	0.09647613622527684	628
cg27056270	0.09647584427471878	628
cg14328477	0.09647366719303896	628
cg09542210	0.0964681117338513	628
cg06530983	0.09646806429775492	628
cg23807125	0.09646774794388613	628
cg26199241	0.09646769688016661	628
cg24852319	0.09646726941037412	628
cg00793937	0.09646499476256026	628
cg06382093	0.09646407519216227	628
cg20116099	0.09646263950764872	628
cg17280284	0.0964620960271787	628
cg16796458	0.09646148040814922	628
cg07863022	0.0964606287731199	628
cg11197061	0.09646020623149376	628
cg23415219	0.09645947256273685	628
cg01065697	0.09645942185423645	628
cg22466653	0.09645861097231634	628
cg09091185	0.09645841274919031	628
cg16960593	0.09645797101210274	628
cg04954559	0.09645717570001036	628
cg06494497	0.09645180990191388	628
cg17841421	0.09645172239265598	628
cg14566901	0.09645019280678321	628
cg09716613	0.09644948976075995	628
cg01055462	0.09644916718945795	628
cg11731626	0.09644820508816575	628
cg04948286	0.09644673651579888	628
cg23357257	0.09644609791469735	628
cg26078436	0.09644603765358589	628
cg09687907	0.09644574619989818	628
cg12389770	0.09644122058000132	628
cg16306959	0.09644064796146656	628
cg01305421	0.0964405378020563	628
cg01141459	0.09643991449887318	628
cg26053864	0.09643876968912125	628
cg20770989	0.096437927439119	628
cg02696327	0.09643699336161793	628
cg23264547	0.09643585284083206	628
cg08610987	0.09643494889805274	628
cg27520776	0.09643339304795763	628
cg03532673	0.09643255211688373	628
cg07209987	0.0964304599286605	628
cg01792430	0.09642635562888052	628
cg07207670	0.09642616303498064	628
cg10752158	0.09642523616001239	628
cg10636760	0.09642376779116998	628
cg18848446	0.09642354487689914	628
cg24229188	0.09642167571505544	628
cg22826038	0.09642130990399811	628
cg08506606	0.09642024826464318	628
cg16210842	0.09641898019116354	628
cg17344340	0.09641536711929602	628
cg20265748	0.09641477543224777	628
cg17901924	0.09641405462321759	628
cg27527630	0.09641322724100804	628
cg26670713	0.09641256209592025	628
cg22481632	0.09640835249715957	628
cg10810804	0.09640822602153748	628
cg05593887	0.09640774350819425	628
cg16325984	0.0964072779150551	628
cg02941697	0.09640623529064857	628
cg15849098	0.09640603007521975	628
cg17078427	0.0964051941394583	628
cg19748878	0.09640422046001484	628
cg03019986	0.09640349667884957	628
cg20167366	0.09640320940790517	628
cg09803321	0.09640318988335078	628
cg02676175	0.09640018802613273	628
cg03596113	0.09639859701285608	628
cg15966757	0.09639859683454749	628
cg23123017	0.09639660370493647	628
cg05820087	0.09639484778577007	628
cg17664233	0.09639263748018662	628
cg26732615	0.09639250117432396	628
cg11784626	0.09639014261053774	628
cg18005828	0.09638980187463825	628
cg22165480	0.09638880107087111	628
cg11238542	0.09638720425430525	628
cg00287536	0.09638661348684252	628
cg17185060	0.09638572145996122	628
cg06661812	0.0963856582213396	628
cg18419175	0.09638442556952087	628
cg12421834	0.09638368312564274	628
cg03188519	0.09638313917086039	628
cg18999390	0.09638253361685023	628
cg12212198	0.09638165159141024	628
cg24805886	0.09638000976331529	628
cg19233405	0.0963783115467029	628
cg27253454	0.09637472594349339	628
cg00919702	0.09637364249875546	628
cg03309770	0.09637111205701482	628
cg13523386	0.09636868075701205	628
cg15775549	0.09636823125345911	628
cg25508830	0.09636502484799836	628
cg26208159	0.09635920466809034	628
cg12245236	0.09635900350960255	628
cg11811897	0.09635886947279904	628
cg07392722	0.09635786298213905	628
cg01862311	0.0963566386079138	628
cg17744883	0.09635645008222571	628
cg20479009	0.09635608996185246	628
cg19590652	0.096355588529906	628
cg25748441	0.09635392255197311	628
cg10278454	0.09635390813153133	628
cg10173694	0.0963516659927317	628
cg01951963	0.09635080176986682	628
cg05035508	0.09634973213567333	628
cg04697946	0.09634745057227259	628
cg17809377	0.09634691877747686	628
cg26110064	0.09634571357596644	628
cg23888238	0.09634551867670094	628
cg10278213	0.09634488608737007	628
cg08401938	0.09634443090522532	628
cg22870295	0.09634255659584107	628
cg13608414	0.09633707259744412	628
cg12557133	0.09633646068364071	628
cg23547017	0.09633454902041459	628
cg26864905	0.0963345041330878	628
cg16958668	0.09633359635830996	628
cg21143896	0.09633278343022739	628
cg13884376	0.0963277481234141	628
cg19497444	0.09632671702075762	628
cg09796089	0.09632493934200986	628
cg23082281	0.09632486079846628	628
cg18115248	0.0963236432346728	628
cg17137457	0.09632086617515778	628
cg18733548	0.09632029467771389	628
cg05365033	0.09632010770502664	628
cg14321245	0.096318624975674	628
cg00321234	0.09631385419792411	628
cg01871214	0.09631195001458681	628
cg26447697	0.096310182305453	628
cg06896529	0.09630998454970807	628
cg09613281	0.09630900562926797	628
cg13558899	0.09630520108735463	628
cg02654291	0.09630397293721354	628
cg03390449	0.09630334698019122	628
cg10857341	0.0963033072411214	628
cg11425517	0.09630313994668982	628
cg18513062	0.09630215695447464	628
cg11556846	0.09630213416094249	628
cg12568536	0.09630114037861709	628
cg19526353	0.09629878960362406	628
cg02145482	0.09629798492225727	628
cg12700039	0.09629730853679042	628
cg11304383	0.09629179129829046	628
cg01449715	0.09629150731659114	628
cg25497399	0.09628721412165545	628
cg23409168	0.09628243114391	628
cg01420001	0.09628134225621215	628
cg24670552	0.0962744720881332	628
cg26601431	0.09627446486530311	628
cg07790870	0.09627407884734071	628
cg03431741	0.09627367030824044	628
cg00835825	0.09627150557852349	628
cg14754787	0.0962712064622196	628
cg04652496	0.09626913957611383	628
cg01891172	0.09626154526622	628
cg27237541	0.09626100668724924	628
cg06100240	0.09626098843284786	628
cg26549650	0.09626066970918695	628
cg23588384	0.09626022943264995	628
cg10567378	0.09625876213444656	628
cg27093944	0.09625785240771248	628
cg17323336	0.09625767735324414	628
cg18403548	0.09625641570604465	628
cg15527674	0.09625592807768166	628
cg17378193	0.0962549776593572	628
cg12634306	0.09625361422212353	628
cg07201717	0.09625306878620427	628
cg19423622	0.09625179734916678	628
cg23854567	0.0962503840338586	628
cg12159995	0.09624858200725711	628
cg25407540	0.09624757021256292	628
cg18316256	0.09624709848606922	628
cg17514528	0.096246248751378	628
cg06685737	0.09624487296919498	628
cg07545858	0.09624467244880519	628
cg03065175	0.0962427643276697	628
cg04755523	0.09624197502194276	628
cg12860635	0.09624121204027658	628
cg20114524	0.0962411905849253	628
cg23698269	0.09623146987821973	628
cg07259687	0.0962305714359677	628
cg01602345	0.09622948380496105	628
cg16674264	0.09622922477642498	628
cg14519997	0.09622759738228243	628
cg19328828	0.0962223604818297	628
cg15742116	0.09622083404795798	628
cg01749718	0.09622081463901816	628
cg19662219	0.09622040364979417	628
cg19602728	0.09622036588968136	628
cg01108633	0.09621924353978889	628
cg12110262	0.09621849529086429	628
cg03871124	0.09621705092611116	628
cg22395765	0.09621627956361511	628
cg09900440	0.09621593198443262	628
cg06349851	0.09621387300438755	628
cg01778994	0.09621350915734786	628
cg17514558	0.09621286129551876	628
cg24292665	0.09621284165363578	628
cg11607648	0.09620911636978574	628
cg16360659	0.09620492223632465	628
cg11781986	0.09620395230152384	628
cg16658412	0.0961985151050695	628
cg16017144	0.09619533620328526	628
cg07541744	0.0961952897716869	628
cg14044388	0.09619276386923131	628
cg11229005	0.09619228669168911	628
cg11478766	0.0961919301185522	628
cg15744124	0.09619040972559006	628
cg17827017	0.09618889149932985	628
cg08198851	0.09618458504992716	628
cg16182447	0.09618246826648458	628
cg00292073	0.09617794439956351	628
cg13081009	0.09617684880591698	628
cg11669516	0.0961759454280589	628
cg23856413	0.09617504454319195	628
cg01457883	0.09617416651701541	628
cg13021192	0.09617389138504631	628
cg05040893	0.09617255068372182	628
cg10660256	0.09617214369427068	628
cg19358195	0.09617131321391739	628
cg03370951	0.09617077593864691	628
cg20743134	0.09616968692235064	628
cg02435495	0.09616837651690524	628
cg03477904	0.09616773224941758	628
cg04527761	0.09616760450877593	628
cg09571082	0.09616700314367005	628
cg16413687	0.096166740277458	628
cg08730239	0.09616340790126815	628
cg06139006	0.09616257094441666	628
cg19863740	0.09616220016404642	628
cg12667002	0.09616096301955035	628
cg08349497	0.09616069905363989	628
cg00323915	0.09615959967316509	628
cg15101392	0.09615802130171686	628
cg01987516	0.09615788913753316	628
cg10071275	0.09615758677292763	628
cg00983697	0.09615752583478776	628
cg09523275	0.09615708592299788	628
cg07501029	0.09615682551336402	628
cg24082368	0.0961554870074342	628
cg00549574	0.09615421498700055	628
cg22982767	0.0961523316438321	628
cg08828193	0.09615160167341455	628
cg14040679	0.09615061690857857	628
cg12012426	0.09614991648607396	628
cg27164770	0.09614965912682105	628
cg03446244	0.09614890097401003	628
cg18673341	0.09614809243701256	628
cg26038315	0.0961470736779308	628
cg27512716	0.09614695887894859	628
cg02385661	0.09614646573167362	628
cg14008686	0.0961463857378266	628
cg24006667	0.09614271947675862	628
cg05645927	0.09614213990950488	628
cg13164537	0.09614169983480772	628
cg18410685	0.09614161159219964	628
cg21560076	0.0961409442846149	628
cg06829681	0.09614050928983583	628
cg20442697	0.09614028159385604	628
cg10270430	0.09614021792304256	628
cg25632230	0.096138056102064	628
cg17496788	0.09613798745002683	628
cg11115267	0.0961353946675001	628
cg16094767	0.09613226455783402	628
cg05308504	0.09613042312891218	628
cg25531987	0.09612811434405355	628
cg06252276	0.09612786702162579	628
cg20431250	0.09612736439569192	628
cg00501869	0.09612668265413338	628
cg00619561	0.0961255232946101	628
cg05851730	0.09612432764990864	628
cg22387369	0.09612234710509307	628
cg05783384	0.09612078961427845	628
cg03602212	0.09611775472981832	628
cg27312312	0.09611748117511196	628
cg04209913	0.09611717153021676	628
cg25212571	0.09611483974527496	628
cg10695549	0.09611264306082018	628
cg24340572	0.09611252369544676	628
cg14006800	0.09611220392399208	628
cg27103585	0.09611019268950954	628
cg01532771	0.09610756017633049	628
cg19392335	0.0961042977191382	628
cg24921319	0.09610320667166239	628
cg10488685	0.09609723845527995	628
cg09249152	0.09609633240010906	628
cg22591875	0.09609631403876617	628
cg13802789	0.09609498314345422	628
cg25576011	0.09609481938033561	628
cg22282280	0.09609180757998731	628
cg00527805	0.09609101455764618	628
cg08260959	0.09609082901494062	628
cg11241151	0.09608985225446706	628
cg24460817	0.09608895662931083	628
cg27605104	0.09608855965640739	628
cg03817673	0.0960880815082602	628
cg15305070	0.09608708554709544	628
cg00246969	0.09608687302332553	628
cg25977492	0.09608615279516486	628
cg15047774	0.09608589479574581	628
cg08854008	0.09608197073447106	628
cg09731306	0.09607954493307586	628
cg07844977	0.09607524592159825	628
cg03906016	0.09607517013023503	628
cg22820233	0.09607418241671062	628
cg21185686	0.09607298824548971	628
cg16619378	0.09607173143633094	628
cg05089464	0.09607145348825841	628
cg26697605	0.09607085030029056	628
cg01652476	0.09606985671888524	628
cg04935109	0.09606759824686614	628
cg12904078	0.09606684069214305	628
cg00604771	0.09606634123257823	628
cg25639866	0.09606506723520122	628
cg12619262	0.0960616067712744	628
cg01062116	0.0960599165680106	628
cg25370658	0.09605914271329097	628
cg20199836	0.0960587970443153	628
cg04880138	0.09605836538180146	628
cg17504886	0.09605668183925953	628
cg00688681	0.0960562565287654	628
cg06329587	0.09605583829403935	628
cg09235702	0.09605555841062052	628
cg08620329	0.09605258156597175	628
cg09935667	0.09605136014691273	628
cg08655871	0.09605084983846657	628
cg14711592	0.09605007779361396	628
cg07545925	0.09604965368658158	628
cg12354861	0.09604961275265628	628
cg08070771	0.09604684401984964	628
cg03764364	0.09604638290294848	628
cg16408815	0.09604540141271661	628
cg14791502	0.09604354901625178	628
cg09632936	0.09604319941325956	628
cg02369542	0.09604301017390937	628
cg26494546	0.09604136942398167	628
cg20226154	0.09604082910216413	628
cg01802121	0.09603852626207351	628
cg14591001	0.09603547221464023	628
cg10799668	0.09603310840813695	628
cg27624471	0.09603226636252599	628
cg14606858	0.09603225609955449	628
cg16608291	0.096032052438421	628
cg25960769	0.09603130108671126	628
cg03100814	0.09603118900052343	628
cg27323784	0.09603099794036159	628
cg20554753	0.09603079663234743	628
cg10287032	0.09603030118668815	628
cg04813880	0.09602935326627132	628
cg22796593	0.09602857212525603	628
cg11213690	0.09602721575013971	628
cg11963233	0.09602610453506888	628
cg06040811	0.09602583941358239	628
cg06301555	0.0960232547808415	628
cg23766254	0.09602217542592609	628
cg18850127	0.09602187745267135	628
cg25414370	0.09602118423040062	628
cg00901980	0.09601935676002277	628
cg13300301	0.09601888556912602	628
cg16814513	0.09601845157007408	628
cg16490124	0.0960178119285548	628
cg01093786	0.09601732983492492	628
cg07122178	0.09601697641651497	628
cg18287067	0.09601543736369844	628
cg03494634	0.09601445016254381	628
cg25715134	0.09601392868158087	628
cg09370594	0.09601326260636645	628
cg03499943	0.09601305037109087	628
cg23374885	0.09601278175799377	628
cg12868173	0.0960093371342008	628
cg02378006	0.09600812831225758	628
cg27199697	0.0960016757967729	628
cg13784312	0.09600135075177764	628
cg08457178	0.09600021910509215	628
cg21295575	0.09599973611870932	628
cg12733396	0.09599497115789657	628
cg00449767	0.09599480423840373	628
cg24402300	0.09599276693671599	628
cg11775521	0.09599148460417567	628
cg19719409	0.09599107820485459	628
cg04957377	0.09598813308499912	628
cg12952924	0.09598725353341098	628
cg16264807	0.09598627097644097	628
cg13888387	0.09598522681157207	628
cg21437028	0.09598370911243148	628
cg01234517	0.09598011353651953	628
cg17113856	0.09597923485593407	628
cg09592958	0.09597807308602646	628
cg15536663	0.09597767316753558	628
cg14233604	0.0959762416891699	628
cg11214962	0.09597500282648563	628
cg04606170	0.09597376893222598	628
cg00028014	0.09597219152077996	628
cg10836431	0.09597147744633647	628
cg09956037	0.09597017559699703	628
cg03710889	0.09597005273353881	628
cg10543035	0.09596786283936709	628
cg13498757	0.09596715100732701	628
cg04052706	0.09596714235717785	628
cg25071674	0.09596702685452901	628
cg21608489	0.09596529581807481	628
cg05126289	0.09596505641666991	628
cg24688348	0.09596464628600093	628
cg26949612	0.09596289279880532	628
cg07493834	0.09596258376039479	628
cg13279774	0.09596245538668915	628
cg12691334	0.09596232130661586	628
cg05376362	0.09596220007948203	628
cg06466547	0.09596129905859657	628
cg14615128	0.09595952202074348	628
cg01974478	0.09595902622901065	628
cg25037165	0.0959573727293262	628
cg20427312	0.0959571839984919	628
cg22027204	0.09595710847987021	628
cg02301319	0.09595680012653662	628
cg11248166	0.09595578570793795	628
cg11114503	0.09595424029361865	628
cg06936803	0.0959525098517705	628
cg09897604	0.09595139988046325	628
cg04794858	0.09594851580825658	628
cg05263838	0.09594333930055149	628
cg26538335	0.09594333749571293	628
cg07415373	0.09594154230874793	628
cg10329418	0.09594124172409901	628
cg01724683	0.09594017730728899	628
cg02788021	0.09593864326371998	628
cg26399778	0.09593855641025283	628
cg01725130	0.09593812503838156	628
cg02111655	0.09593635607190307	628
cg06039074	0.09593434281862517	628
cg01290136	0.09593382470785558	628
cg08659179	0.0959320059598705	628
cg19895894	0.09593092656017477	628
cg00767637	0.09592653089883363	628
cg05138040	0.09592625863777338	628
cg03771840	0.09592612167170884	628
cg17526462	0.095924805851341	628
cg07173972	0.09592310039368339	628
cg00809969	0.0959228213443577	628
cg00924017	0.09592268759079522	628
cg23285459	0.09592178963330128	628
cg06008926	0.09592108059667646	628
cg12067292	0.0959181433155431	628
cg00409917	0.09591767381353791	628
cg15160709	0.09591751970793766	628
cg23502639	0.09591644566529106	628
cg18559901	0.09591390623822169	628
cg00574742	0.09590977964402611	628
cg12763668	0.09590756797027822	628
cg20280672	0.09590616739028712	628
cg21121257	0.09590552727414459	628
cg01281231	0.09590543930714307	628
cg11414921	0.09590195161510517	628
cg05857996	0.09589878861823808	628
cg06252530	0.09589865447437229	628
cg06951565	0.09589854455651867	628
cg05927401	0.0958981251765777	628
cg13575139	0.09589723407204992	628
cg20451566	0.09589568099457302	628
cg10101533	0.09589482005763572	628
cg20172636	0.09589463769006457	628
cg23954787	0.09589078752387492	628
cg18164784	0.09588928289385559	628
cg20830867	0.09588905025058683	628
cg01169021	0.0958854664595345	628
cg07011961	0.09588507236634225	628
cg01194765	0.0958838535109589	628
cg16531348	0.09587874406885483	628
cg21798802	0.0958769770250861	628
cg04872414	0.09587610931233592	628
cg03098629	0.095875977628815	628
cg03228516	0.09587535407204875	628
cg19822764	0.09587421012564284	628
cg13453244	0.09587389565928334	628
cg12947492	0.09587345037103367	628
cg14156751	0.09587149261008085	628
cg15730491	0.0958710502881035	628
cg21044968	0.09586943381652852	628
cg06261500	0.09586887183821968	628
cg00998782	0.09586886821247537	628
cg20610452	0.09586769351458319	628
cg06841902	0.0958646699798742	628
cg11467506	0.09586361213338007	628
cg24086040	0.09586251359222514	628
cg04530028	0.09586182515644998	628
cg20418529	0.09586045299706458	628
cg25046571	0.09586027670374586	628
cg26143540	0.09585864598301808	628
cg15828613	0.0958565396074022	628
cg24470466	0.0958558421921594	628
cg11930908	0.09585148747838182	628
cg04528477	0.09585097407989751	628
cg27456203	0.0958501916482424	628
cg16622920	0.09584725557533652	628
cg18608749	0.09584652616787467	628
cg18027903	0.09584637736193719	628
cg14533595	0.09584387858367271	628
cg12908908	0.09584335797415822	628
cg25094735	0.09583779649456958	628
cg23130254	0.09583465361645901	628
cg10542123	0.09583377457078046	628
cg09166973	0.09583134937010557	628
cg24324628	0.09583001575480488	628
cg08857839	0.09582259499758583	628
cg05870739	0.09582201020767299	628
cg09494378	0.0958206939945554	628
cg03088219	0.09582008612009044	628
cg08801479	0.09581892513395393	628
cg10044184	0.09581737008922864	628
cg22341908	0.09581461039090239	628
cg14103446	0.09581435165509855	628
cg00706302	0.09581434998710397	628
cg26710891	0.09581108188760434	628
cg14044216	0.09581087372807978	628
cg09865015	0.09581085229674557	628
cg22796363	0.09580988740657898	628
cg24996565	0.09580870663549093	628
cg13453139	0.0958041426973476	628
cg05621218	0.09580156103415266	628
cg00059459	0.09579734412232607	628
cg24601030	0.09579398880899162	628
cg10414350	0.09579361144952259	628
cg00161225	0.0957867769274584	628
cg26916621	0.09578589707433266	628
cg16471877	0.09578540411962483	628
cg09677945	0.09578479738676866	628
cg20710902	0.09578386028275243	628
cg09527886	0.09578229750277861	628
cg05162858	0.09578146960722583	628
cg19719915	0.09578087269927893	628
cg21775122	0.09578021632975195	628
cg13679804	0.09577781696406762	628
cg27663123	0.09577751237351328	628
cg26534460	0.0957744452415138	628
cg20597403	0.09577330868801648	628
cg22325921	0.09577220639709677	628
cg18492943	0.0957714926803363	628
cg25570495	0.095771411967498	628
cg26255689	0.09576994001716532	628
cg07601093	0.09576848806392307	628
cg02856338	0.09576761945345441	628
cg05925365	0.09576608727639091	628
cg00994250	0.0957636088892751	628
cg02777934	0.09576357508864902	628
cg11224783	0.09576204357063486	628
cg06457249	0.0957614570352876	628
cg12732155	0.09576031003799013	628
cg22615948	0.09575891582983781	628
cg05053979	0.09575850273952119	628
cg00721572	0.09575657270593908	628
cg02366931	0.0957557479514588	628
cg08103988	0.0957551772198115	628
cg22796923	0.09575470492838623	628
cg15092343	0.0957531765777782	628
cg09973986	0.09575290758552259	628
cg25977769	0.09575204872971588	628
cg12524553	0.09574925827073262	628
cg14120049	0.09574859856149415	628
cg12758973	0.09574772274271065	628
cg16427107	0.0957466139989227	628
cg11331837	0.09574420336639067	628
cg15239628	0.09574257409229336	628
cg05324774	0.09574158772134761	628
cg14360448	0.09574150309456425	628
cg06992324	0.09574142159300941	628
cg18717167	0.09574106027039159	628
cg15500865	0.09573915088496818	628
cg01269798	0.09573897724093983	628
cg05411594	0.09573228084300756	628
cg20474675	0.09573172118702084	628
cg07210840	0.09573036345118	628
cg20434666	0.09572968695025186	628
cg25023600	0.095729373817314	628
cg15415194	0.09572917410061796	628
cg03224621	0.09572874327386757	628
cg09334731	0.09572841559240963	628
cg18764814	0.0957265158650337	628
cg07783889	0.09572580956483911	628
cg04021098	0.09572546996958275	628
cg16600501	0.09572327711792467	628
cg21072251	0.09572253953908921	628
cg10794086	0.09572095863596647	628
cg26835683	0.09572092915992325	628
cg00857921	0.09571416995333432	628
cg07456585	0.095713325269218	628
cg08317738	0.09571292037684914	628
cg26657404	0.0957119103517518	628
cg11870021	0.09571109173675585	628
cg09992746	0.09570798796106222	628
cg14266287	0.09570566611443482	628
cg00665374	0.0957054414527371	628
cg24690709	0.09570376146509657	628
cg13808071	0.09570350192166066	628
cg08197287	0.09570300613954225	628
cg27028281	0.09570242778099863	628
cg11419111	0.09569616562918237	628
cg13205617	0.0956955967022664	628
cg07863159	0.09569533023203584	628
cg04193065	0.09569384519009261	628
cg06934132	0.0956922370924927	628
cg18273593	0.0956879913505399	628
cg19962116	0.0956859116458168	628
cg08874512	0.09568541324597524	628
cg06013395	0.09568515414711501	628
cg20665157	0.09568463159016433	628
cg21057323	0.09568447805270419	628
cg09439204	0.09568356105024928	628
cg06614118	0.09568346191244564	628
cg02551743	0.09568276478031063	628
cg27535538	0.09567899778589281	628
cg09502464	0.09567748903206741	628
cg25704278	0.09567697969239142	628
cg27149471	0.09567685249880031	628
cg03290871	0.09567509919352549	628
cg12253859	0.09567485241584128	628
cg10127921	0.09567408563292643	628
cg14056849	0.09567340662671495	628
cg26529687	0.09567237185859839	628
cg16661744	0.09566814326058493	628
cg16706502	0.09566725105198065	628
cg10286056	0.09566188111196139	628
cg22405653	0.09565977370219625	628
cg08219700	0.09565679539411381	628
cg19609502	0.09565657925228768	628
cg18622870	0.09565551944380103	628
cg03278564	0.0956508448458071	628
cg08609445	0.09564915681258412	628
cg06754079	0.09564911566555656	628
cg14375747	0.09564908181678194	628
cg03621084	0.09564729560828	628
cg11391665	0.09564628254503899	628
cg04993279	0.09564546713981975	628
cg17312536	0.09564543402838899	628
cg20731257	0.09564518218877083	628
cg22081096	0.09564448245526735	628
cg03970567	0.09564260851962436	628
cg26995224	0.09564230138333146	628
cg23133355	0.09563975670455005	628
cg21005438	0.09563917161598812	628
cg00290158	0.09563846567578438	628
cg23693289	0.09563767782869723	628
cg21871232	0.09563677980010335	628
cg20423693	0.0956348891240884	628
cg08856842	0.09563268450916773	628
cg23260456	0.09562911651150519	628
cg18098065	0.09562787062415423	628
cg13490575	0.09562710689020648	628
cg14724749	0.09562570580288662	628
cg13927504	0.09562382084184518	628
cg20972199	0.09562358525825174	628
cg19906534	0.09562130560206561	628
cg14412134	0.0956206690810304	628
cg04445851	0.09561982345650302	628
cg01749725	0.09561948336045284	628
cg00472837	0.09561870418826574	628
cg22041228	0.09561815813672263	628
cg00381789	0.09561747626039518	628
cg26583078	0.09561638271539774	628
cg22342329	0.09561605208694382	628
cg14500486	0.09561558417319255	628
cg03890680	0.09561512299088228	628
cg01532436	0.09561497093018691	628
cg23391368	0.09561427196638045	628
cg15267232	0.09561346597680082	628
cg14573817	0.09561333571449684	628
cg02746748	0.09561314178990046	628
cg18502477	0.09561072029744733	628
cg16016640	0.09560931499903408	628
cg11340537	0.09560875135185826	628
cg00043076	0.09560777188400671	628
cg18125573	0.09560715133135517	628
cg20547777	0.09560596135341404	628
cg12939270	0.09560428472120747	628
cg22141235	0.09560383827913532	628
cg23899649	0.09560290947244687	628
cg18999419	0.09560263524571383	628
cg02113055	0.0956009878647961	628
cg08697163	0.09560023617606372	628
cg03752087	0.09560009061554858	628
cg00973309	0.09560001624068712	628
cg07953935	0.09559950817762436	628
cg02508830	0.09559890753194838	628
cg06257454	0.09559676236475112	628
cg01193368	0.0955954543189626	628
cg07270289	0.09559367594510348	628
cg13372513	0.0955932427041879	628
cg11092416	0.09559293605482133	628
cg04471919	0.09559234482942514	628
cg14084907	0.09559129019227496	628
cg16775752	0.0955912418032338	628
cg08829007	0.09559119157853396	628
cg22773661	0.09558594017064068	628
cg26367197	0.09558461983932037	628
cg26330416	0.0955842392810391	628
cg05973305	0.09558397007126246	628
cg25426815	0.09558336373044118	628
cg07360304	0.09558272425092645	628
cg24095374	0.09558034041164676	628
cg16327228	0.09558020760908942	628
cg02700491	0.09557971199355864	628
cg26499773	0.09557686750394251	628
cg16691177	0.09557642730350824	628
cg21678813	0.09557525134780004	628
cg26150514	0.0955740056520322	628
cg01975957	0.09557335579275655	628
cg15993786	0.0955732921500288	628
cg23737190	0.09557263140555766	628
cg09318068	0.09556953995761908	628
cg12905085	0.09556671291399016	628
cg19413693	0.09556385757712549	628
cg01080560	0.0955628859508745	628
cg01375263	0.09556171572372252	628
cg27111250	0.09556060459485949	628
cg11219614	0.09556054093570021	628
cg15920791	0.09555773282243463	628
cg23250540	0.09555744032161334	628
cg17095460	0.09555737949112737	628
cg22778503	0.09555736749133553	628
cg11869007	0.09555565439941166	628
cg12570134	0.09555446467437537	628
cg00522451	0.09555226211726878	628
cg02872263	0.09555157749592921	628
cg01873977	0.09555119029915077	628
cg08818984	0.09554745881251561	628
cg14717557	0.09554622926874143	628
cg01754290	0.09554532834686369	628
cg15532640	0.09554293601821812	628
cg20918393	0.09554128907927684	628
cg06893139	0.09553883821033032	628
cg13896748	0.09553474430182426	628
cg05550995	0.0955340607249637	628
cg20455092	0.09553392507237335	628
cg06550986	0.09553269483035248	628
cg08443563	0.09552607309521063	628
cg06535498	0.09552575018136378	628
cg22861340	0.09552470476358108	628
cg05729015	0.09552239435890336	628
cg04194840	0.09552119121123648	628
cg10650853	0.09551966889660518	628
cg04929759	0.09551779005816335	628
cg16368147	0.09551698594921093	628
cg25045113	0.09551693494108648	628
cg02067022	0.09551255442993606	628
cg03336167	0.09551238590275771	628
cg25695568	0.09551133889024083	628
cg05950755	0.09550522261408989	628
cg07570498	0.09550426937065641	628
cg15784814	0.09550318759147497	628
cg02746340	0.09550284380107643	628
cg02032299	0.09550239969980398	628
cg01913196	0.09550115175696386	628
cg27160726	0.09550071979306288	628
cg09308580	0.09549871311845148	628
cg02262553	0.09549859004424827	628
cg00393985	0.0954966900068916	628
cg09258804	0.09549665517715117	628
cg15253861	0.09549603465225048	628
cg09610767	0.0954957251336851	628
cg00331257	0.09549454483585235	628
cg02637537	0.0954936991726662	628
cg19436270	0.09549163096237415	628
cg18010085	0.09549107349036151	628
cg04034967	0.0954907508367506	628
cg09268718	0.09549073820100396	628
cg19126110	0.09548473658670542	628
cg20629551	0.09548433899852393	628
cg02374207	0.09548312746892706	628
cg02086355	0.09548290540639137	628
cg00164949	0.09548229472598027	628
cg22336337	0.09548226367422133	628
cg20358011	0.09548197201337538	628
cg03946671	0.0954818006012988	628
cg14649262	0.09547980621314167	628
cg21763603	0.09547894218038383	628
cg19265480	0.09547849289339805	628
cg02963266	0.09547620054040418	628
cg00002033	0.09547522296833438	628
cg13516479	0.09547500590902924	628
cg02916332	0.09547497197859539	628
cg01306806	0.09547218223559378	628
cg24315973	0.09547189314927557	628
cg14789818	0.09547160261371901	628
cg19757261	0.09546986191575685	628
cg05307752	0.09546967931152553	628
cg09522018	0.09546894919335616	628
cg21411674	0.09546811356470275	628
cg19952427	0.09546696018987844	628
cg21812476	0.09546570686733774	628
cg11859489	0.09546342793779022	628
cg00464796	0.0954633245699093	628
cg15587792	0.09546207579830973	628
cg08026493	0.09546079648013317	628
cg03699508	0.09546015438603167	628
cg20406460	0.0954596590356443	628
cg07964754	0.09545662848701775	628
cg24002653	0.09545615819110276	628
cg00031187	0.09545496402438808	628
cg08188069	0.09545231091076034	628
cg13718729	0.09545048805008573	628
cg01335087	0.09544621533916522	628
cg14258236	0.09544515411676036	628
cg25431366	0.09544480536711364	628
cg13009819	0.09544418438464966	628
cg10715333	0.09544384127338312	628
cg17094065	0.0954419840767052	628
cg13074687	0.09544036839110076	628
cg19811934	0.09544006403937944	628
cg16896205	0.0954396931308597	628
cg14496282	0.09543743727868292	628
cg17073708	0.0954344325142705	628
cg09423312	0.09543407792569875	628
cg14584255	0.09543379246448325	628
cg00561803	0.09543343623647121	628
cg16464924	0.0954323629908859	628
cg09359750	0.09543174076436955	628
cg12451099	0.09543165446219601	628
cg22133378	0.09543063349766051	628
cg00990690	0.09542963786494846	628
cg06791446	0.09542952100477481	628
cg13181019	0.09542912770815115	628
cg21876925	0.09542822620917646	628
cg14511677	0.09542710630956774	628
cg02059755	0.09542705343869703	628
cg05387996	0.09542554860940067	628
cg06406458	0.09542484819517749	628
cg01685883	0.09542314705561705	628
cg11823235	0.09542144553403326	628
cg02897974	0.09541852235924547	628
cg26971483	0.09541841347818775	628
cg25528806	0.09541734884463565	628
cg23194912	0.09541647080651416	628
cg06710672	0.09541289500116887	628
cg25832824	0.09541200651901935	628
cg01794802	0.09541148720462445	628
cg09521623	0.09540984057699053	628
cg12060123	0.09540939629031014	628
cg11525052	0.09540937744912859	628
cg01424997	0.09540779647704128	628
cg01448098	0.09540583141891132	628
cg17520000	0.0954053499688245	628
cg11854183	0.09540515899972601	628
cg26840068	0.09540408426019742	628
cg02397368	0.09540126420439227	628
cg10867816	0.09539908559221882	628
cg09427718	0.09539905871827431	628
cg21639436	0.09539668161646192	628
cg04615639	0.09539439097879526	628
cg11876048	0.09539194578345933	628
cg19883472	0.0953887974742536	628
cg26980034	0.09538798424566808	628
cg07037019	0.09538650820238992	628
cg01738164	0.09538374906769367	628
cg04232360	0.09538195263114044	628
cg07371521	0.09538155615769794	628
cg08169020	0.09537949026212256	628
cg11094248	0.09537634358086633	628
cg02460251	0.09537391682846467	628
cg01471264	0.09537363776859281	628
cg20402284	0.09537317271407475	628
cg23182840	0.09537296728614109	628
cg27228433	0.09537268803127708	628
cg25472174	0.09537138508617088	628
cg17955729	0.09537111060675876	628
cg22079057	0.09536777259079512	628
cg10203211	0.09536631882268543	628
cg01973676	0.09536379609815954	628
cg15819128	0.09536323499986024	628
cg12024564	0.09536189108756726	628
cg00244001	0.09536143447783602	628
cg07230581	0.09536061422124306	628
cg17921863	0.09535881907890376	628
cg18985994	0.09535881413562641	628
cg10528576	0.0953545434063337	628
cg15695155	0.09535251171598888	628
cg09712682	0.09535034695987807	628
cg04214938	0.09534974563139981	628
cg08519385	0.0953495364344415	628
cg05324194	0.0953464026740643	628
cg11330469	0.09534631170531743	628
cg00778084	0.09534384147235275	628
cg08499832	0.09534369951761656	628
cg07493197	0.09534298232324243	628
cg02126477	0.0953429431385589	628
cg27584013	0.0953428840418851	628
cg20927656	0.09534278316017111	628
cg16319691	0.09534010155037292	628
cg05994850	0.09533431035888523	628
cg20462129	0.09533331725267147	628
cg02171725	0.09533318809287628	628
cg25866075	0.09533190263841423	628
cg11861448	0.09532939163039195	628
cg00999267	0.09532717301617571	628
cg05702234	0.09532705537682296	628
cg10010103	0.09532690244760009	628
cg19707677	0.095326672934549	628
cg11815984	0.09532644099782495	628
cg04999435	0.09532639437978391	628
cg20044923	0.09532546035073025	628
cg08009345	0.0953206875462792	628
cg25600446	0.09531961089513624	628
cg14353728	0.09531951908996805	628
cg03603211	0.09531877777451458	628
cg26673396	0.09531656509248088	628
cg08162465	0.09531650287909149	628
cg01175636	0.0953147844767453	628
cg00203913	0.09531386616479032	628
cg27214856	0.09531377072142372	628
cg05766896	0.09530730894798291	628
cg19533958	0.0953050362369724	628
cg13625875	0.09530346261565968	628
cg10208113	0.09530339767123941	628
cg19666541	0.09530289232123512	628
cg00114160	0.0953013215344275	628
cg26922917	0.09530045413428148	628
cg21835643	0.09529956963758374	628
cg06322557	0.09529710811663497	628
cg12654045	0.09529616986037748	628
cg16316624	0.0952961586293943	628
cg23095988	0.09529515521777318	628
cg18973247	0.09529496255616732	628
cg17819635	0.09529379401136329	628
cg17406023	0.09529235855614238	628
cg05888433	0.09529234806156017	628
cg05018835	0.09529080153770603	628
cg10996258	0.09529059908131646	628
cg17166288	0.0952904750329906	628
cg08078648	0.09529046171610828	628
cg16454495	0.09529010153755219	628
cg11801842	0.09528967395791205	628
cg19530168	0.09528963621384337	628
cg23985995	0.09528917671739506	628
cg14710529	0.09528810090563916	628
cg22258045	0.0952878419866634	628
cg14351440	0.0952869820239998	628
cg12302402	0.09528668591299486	628
cg09303715	0.09528337216913507	628
cg20592707	0.0952832515913265	628
cg09468051	0.09528098492570142	628
cg22851420	0.09527845485219377	628
cg11182874	0.09527733692874779	628
cg09422450	0.09527644618317133	628
cg20372230	0.09527426150940671	628
cg22402753	0.09527374781643128	628
cg17790273	0.09527266774568532	628
cg11495430	0.09527210740108161	628
cg09207296	0.09527093086169533	628
cg08516112	0.09526954175707775	628
cg07328351	0.09526925830133687	628
cg17170743	0.09526853554586179	628
cg05168368	0.09526641972429367	628
cg00295418	0.09526434461611233	628
cg27436118	0.09526341680888073	628
cg16807276	0.09526231663753898	628
cg16636104	0.09526225116693299	628
cg01593857	0.09526110433296159	628
cg22145559	0.09526055802743283	628
cg01764559	0.09525494617290858	628
cg10281378	0.09525474510352272	628
cg09797446	0.0952546991983867	628
cg20643991	0.09524827850295581	628
cg11648730	0.09524816024913196	628
cg03066009	0.09524454672761837	628
cg16153549	0.09524261375573123	628
cg19382697	0.0952425933509673	628
cg05519002	0.09524212607185495	628
cg18564686	0.09524160648368488	628
cg25189904	0.09524151718254587	628
cg07467854	0.09523987993797361	628
cg01366985	0.09523926208438255	628
cg19443750	0.09523605936373217	628
cg05926722	0.09523556263982713	628
cg11071687	0.09523546916197168	628
cg07109358	0.09523277655778928	628
cg16210719	0.09523259544065049	628
cg25686087	0.09523195094313067	628
cg23950278	0.09523161608346564	628
cg05939560	0.0952312060986037	628
cg08331829	0.09522986932428329	628
cg12958020	0.09522783216295477	628
cg13647052	0.09522540738730496	628
cg02478829	0.09522395524947619	628
cg06596221	0.09522385881973339	628
cg14331720	0.09522292983345698	628
cg08061598	0.09522236982090942	628
cg23188704	0.09522111148070955	628
cg02057917	0.0952208076610746	628
cg25412387	0.0952188706934351	628
cg12690978	0.09521801329152363	628
cg05299486	0.09521555592120781	628
cg26757722	0.09521501244027192	628
cg06297194	0.09521428128593734	628
cg26820636	0.09521331031191507	628
cg13572911	0.09521157748934678	628
cg21655480	0.09521090049093939	628
cg11976790	0.09521051235736883	628
cg21204395	0.09520493998697471	628
cg25940485	0.09520464015554658	628
cg13944105	0.09520426122377135	628
cg11068289	0.09520296479014359	628
cg07886472	0.09520221013873809	628
cg16332159	0.09520011498995717	628
cg23037321	0.09519927841070863	628
cg14573448	0.09519839909728542	628
cg20028826	0.09519744944423059	628
cg07673807	0.09519331180335211	628
cg09533390	0.09519112447932532	628
cg05088017	0.09519054512009487	628
cg20438687	0.09518953773221961	628
cg01604429	0.09518813835482862	628
cg08660915	0.09518793318482482	628
cg17036419	0.09518362531734692	628
cg25233139	0.09518348769745139	628
cg01684256	0.0951830092031542	628
cg06645921	0.09518258340348434	628
cg04869122	0.09518180999577874	628
cg15252243	0.09518072024628593	628
cg13921903	0.0951806182549414	628
cg21091985	0.0951802038558276	628
cg06272648	0.09518016127605938	628
cg24741430	0.09517902110178589	628
cg16218738	0.095178074507972	628
cg22843538	0.09517667992142076	628
cg11267546	0.09517639649717383	628
cg06832898	0.0951747132747936	628
cg02584678	0.09517464525643587	628
cg04640920	0.09517453911753387	628
cg25085142	0.09517187327932286	628
cg05175337	0.0951703342092973	628
cg26112909	0.09516629150111816	628
cg09165893	0.09516608571761365	628
cg23107916	0.09516512588189441	628
cg05131488	0.09516232366561461	628
cg07584894	0.09516219876751181	628
cg20171559	0.0951583571206992	628
cg12224131	0.0951554691419565	628
cg18339075	0.09515468143232103	628
cg01414407	0.09515449576606388	628
cg13952483	0.09515384584781067	628
cg19862344	0.09515346620095855	628
cg13489528	0.09515327703993032	628
cg08499840	0.09515169593582304	628
cg04086834	0.09515132995277154	628
cg18222853	0.09515126914813993	628
cg04158862	0.09515096670715373	628
cg22984586	0.0951498108665791	628
cg11682774	0.09514941118478848	628
cg02591634	0.09514878312482877	628
cg27125439	0.09514751341851513	628
cg08477106	0.0951468836938773	628
cg06042148	0.09514624652454501	628
cg11484348	0.09514574830993155	628
cg17967780	0.09514475700057612	628
cg17335499	0.0951421077118535	628
cg05122082	0.0951420350081616	628
cg16362592	0.09514126810539955	628
cg22335692	0.09514058379096321	628
cg09867290	0.09513506440692121	628
cg09382842	0.09513407694986886	628
cg18805892	0.09513275216302092	628
cg00892742	0.09513269244288575	628
cg02467858	0.09513212973872082	628
cg01760434	0.0951320970526841	628
cg04865113	0.09513095560476842	628
cg15202104	0.09512848295206328	628
cg02701826	0.0951216827357041	628
cg06794612	0.09511991261051977	628
cg14025637	0.0951191950915784	628
cg27049594	0.09511768686061145	628
cg07568313	0.09511742988272603	628
cg21698879	0.09511661913735958	628
cg20282303	0.09511661725748233	628
cg03957095	0.09511272708417079	628
cg14134003	0.09511138550398968	628
cg04341343	0.0951100007413948	628
cg19755833	0.09510923964185503	628
cg22462726	0.09510921622843901	628
cg10156302	0.09510875307666872	628
cg13491563	0.09510713243310734	628
cg12195446	0.09510606388750786	628
cg27533472	0.09510579647273276	628
cg11818615	0.09510481129459136	628
cg12911256	0.09510378060003138	628
cg13022993	0.09510183844699355	628
cg15392413	0.09510075643077376	628
cg08141142	0.09510072889020327	628
cg25597623	0.09509924897539856	628
cg11270998	0.09509916401692803	628
cg05681757	0.09509767524779748	628
cg17486314	0.0950936938268345	628
cg23534766	0.09509327229742645	628
cg25457674	0.09509315543311836	628
cg21869609	0.09509267169627565	628
cg15476994	0.09509042195745984	628
cg12444411	0.09509023944094541	628
cg07864297	0.09508936138424512	628
cg26473818	0.09508906678106821	628
cg11886187	0.09508891284330565	628
cg20296924	0.09508888144248134	628
cg03230711	0.09508865207860533	628
cg00446123	0.09508794830954725	628
cg05683203	0.09508775998303881	628
cg26531371	0.0950876853860288	628
cg16754216	0.09508656688963835	628
cg01332342	0.09508632811335976	628
cg00583780	0.09508602109766512	628
cg16459735	0.0950857673561929	628
cg21052383	0.09508546941967216	628
cg08400475	0.09508367763845821	628
cg07148743	0.09508258851409973	628
cg16071219	0.09508124482066649	628
cg19918549	0.095080780991945	628
cg21187920	0.09507942141459663	628
cg00512484	0.09507766081003555	628
cg15318546	0.0950770246839262	628
cg22424532	0.09506830346994499	628
cg17156570	0.09506697227155472	628
cg25507845	0.09506691321830779	628
cg13256491	0.09506667938234925	628
cg14114267	0.09506632538944193	628
cg21606036	0.09506555615720347	628
cg23280506	0.0950654905227857	628
cg14577373	0.09506292481122469	628
cg01883757	0.0950622047745116	628
cg15299510	0.09506173862822692	628
cg17745097	0.09506038737443864	628
cg16885096	0.095058349142281	628
cg06993494	0.09505830708293261	628
cg13610307	0.09505709645900276	628
cg25532292	0.09505681505002206	628
cg20171396	0.09505659552370946	628
cg06759874	0.09505515661662711	628
cg11528367	0.095054918459489	628
cg06732228	0.0950545668456108	628
cg04811592	0.09505118803704965	628
cg01444716	0.09504939916842958	628
cg07832006	0.09504915991858681	628
cg25412017	0.09504914835205391	628
cg01292613	0.09504859550102068	628
cg10199049	0.09504828540719429	628
cg03216043	0.0950477975704963	628
cg27268120	0.09504749709909854	628
cg22282941	0.09504448557078582	628
cg03935183	0.09504184166112833	628
cg27056740	0.09504120644254235	628
cg24966363	0.09504038190555153	628
cg11372934	0.0950396482514656	628
cg20697771	0.09503920936088228	628
cg02078690	0.09503583551507092	628
cg11104416	0.09503526904840287	628
cg01192262	0.09503321765691161	628
cg14005240	0.09503037866200714	628
cg24829557	0.09502996784344281	628
cg10022788	0.09502786454071643	628
cg08617982	0.09502369349069664	628
cg18671932	0.09502355970327597	628
cg14364797	0.09502258001726316	628
cg19091403	0.09502174317232666	628
cg11798182	0.09502002792302322	628
cg15794987	0.09501968893565754	628
cg04567140	0.09501886574845475	628
cg26904260	0.09501868899440127	628
cg00507008	0.09501847655495876	628
cg21375869	0.09501825113681159	628
cg15982117	0.09501557791303764	628
cg25972578	0.09501486200664228	628
cg09361493	0.09501259616202806	628
cg26655955	0.09501027783381016	628
cg26212328	0.0950095172991218	628
cg00522048	0.0950084102335439	628
cg18185554	0.09500811417283983	628
cg01076874	0.09500761141929948	628
cg22379472	0.09500257687371672	628
cg04681600	0.09500078988593288	628
cg01047586	0.09500076929129504	628
cg07289335	0.095000732277224	628
cg26365998	0.09499956642061078	628
cg11792671	0.09499865750596259	628
cg00197058	0.0949979567499997	628
cg06294954	0.09499665868322366	628
cg17668274	0.09499160022641567	628
cg15913725	0.09498958316932005	628
cg23995753	0.09498883688150911	628
cg09814029	0.09498869033406981	628
cg06186450	0.0949860992609788	628
cg03721387	0.09498386445374529	628
cg00646084	0.0949836654990392	628
cg01424624	0.09498252770736637	628
cg02787327	0.09498113553022541	628
cg23225476	0.09497984837129891	628
cg07326267	0.09497797953289305	628
cg00601450	0.09497637759790023	628
cg21911930	0.09497584741189491	628
cg15398520	0.094975025318848	628
cg07731871	0.09496799763985483	628
cg13862927	0.09496741739882639	628
cg04707217	0.09496684517450549	628
cg01612037	0.0949658347223763	628
cg24338941	0.0949649172275826	628
cg17778888	0.09496402346804889	628
cg12440062	0.09496349284336067	628
cg09624565	0.09496305428324647	628
cg16007395	0.09496251777946257	628
cg23279335	0.09496045597467859	628
cg06691250	0.09495841734637309	628
cg26837372	0.09495406353372202	628
cg01600222	0.09495226926767511	628
cg23741639	0.09495220825464057	628
cg18522740	0.09495159816495852	628
cg00055764	0.09495141579475813	628
cg22399133	0.09495139882064291	628
cg11909137	0.09495054293855229	628
cg12498088	0.09494891005662276	628
cg19483465	0.09494860710998704	628
cg25407077	0.09494584641703774	628
cg02350039	0.09494562833268455	628
cg08469215	0.09494427900994745	628
cg12054981	0.09494321589329646	628
cg26175448	0.09494308170467838	628
cg26328335	0.09494293093556783	628
cg06931267	0.09494135403194986	628
cg09933323	0.09494000663074958	628
cg21435316	0.09493971081404359	628
cg15649671	0.0949394772033128	628
cg15138289	0.09493660061307513	628
cg00066854	0.09493517422802383	628
cg05949173	0.09493299634757607	628
cg03656099	0.09493270040165719	628
cg27612126	0.09493126084772441	628
cg12634591	0.09492812244844856	628
cg00770316	0.09492719146879364	628
cg10117599	0.09492618053911878	628
cg01916237	0.09492359772307238	628
cg03982487	0.09492224912306718	628
cg09162909	0.09491743022756155	628
cg18613324	0.094917393425789	628
cg17540159	0.09491621491964272	628
cg01668352	0.09491578556196834	628
cg07660635	0.09491552948202198	628
cg13620034	0.09491551402780588	628
cg11860886	0.09491349968424284	628
cg25969984	0.09491333443886213	628
cg05663278	0.0949127724192253	628
cg14130977	0.09491078368550798	628
cg20692998	0.09490947411295014	628
cg09441030	0.0949078814122648	628
cg07536502	0.09490719928486735	628
cg08589212	0.09490640041660264	628
cg03998606	0.09490525703693542	628
cg04432454	0.09490444111166207	628
cg19999682	0.0949042403612993	628
cg11290635	0.09490415304509642	628
cg02104112	0.09490228600630024	628
cg16525435	0.09490201907512053	628
cg01411725	0.09489522238814874	628
cg02328545	0.09489510837211979	628
cg16563255	0.09489412792503779	628
cg25771854	0.09489358720404029	628
cg03381704	0.09489341692400666	628
cg07821737	0.09489279853136989	628
cg01181817	0.09489156253745491	628
cg17953764	0.0948906917130884	628
cg10702041	0.09488984929209715	628
cg11809958	0.09488917143287282	628
cg00423035	0.09488871542162308	628
cg10633479	0.0948884721278681	628
cg20018806	0.09488790264464109	628
cg14391907	0.09488703508011243	628
cg01403030	0.09488649075630601	628
cg06497955	0.09488534936067144	628
cg09467944	0.09488472916683954	628
cg13221899	0.09488217955473299	628
cg25031836	0.09488177881098797	628
cg23351738	0.09487926193914648	628
cg07471948	0.09487919957166507	628
cg22547559	0.09487915042171871	628
cg02236847	0.09487727170659502	628
cg26861732	0.0948771994500251	628
cg08293777	0.09487517945850121	628
cg11010744	0.09487402659691979	628
cg23014759	0.09487121300583085	628
cg00890363	0.09487009725114642	628
cg19399285	0.09486722291209071	628
cg09780768	0.0948671858601659	628
cg09901035	0.09486664895065094	628
cg05127821	0.09486552998522274	628
cg26415516	0.09486452559412256	628
cg15358984	0.09486416154425553	628
cg14059464	0.09486287153002826	628
cg12418043	0.09486245374159757	628
cg00728046	0.09486107831093588	628
cg27562682	0.09485979276245672	628
cg08278554	0.09485909139351732	628
cg26809635	0.09485856061890685	628
cg01400685	0.09485710095636582	628
cg01246617	0.09485687937420945	628
cg19701879	0.09485469565031474	628
cg04313733	0.09485309271603887	628
cg06849778	0.09485215075762621	628
cg15677080	0.09485129714932386	628
cg14618803	0.09484983808984837	628
cg09555323	0.09484910950970726	628
cg10740895	0.0948466687758438	628
cg17261708	0.09484659879081564	628
cg06850158	0.09484444477738613	628
cg02776664	0.0948397639576881	628
cg07902156	0.09483921198793077	628
cg19402483	0.09483439112890513	628
cg14220224	0.09483373159415753	628
cg03505963	0.09483333203210731	628
cg22070156	0.09483156437692963	628
cg12904904	0.09483150765065998	628
cg08875869	0.09482872577512469	628
cg15282709	0.09482643654254769	628
cg03461641	0.09482486486683056	628
cg14758105	0.0948232045871577	628
cg24479859	0.09482210587844009	628
cg27169020	0.09482162883701023	628
cg11895835	0.09482156247719559	628
cg16207110	0.09481842690920098	628
cg14955976	0.09481631139394564	628
cg06705862	0.09481591700607467	628
cg27263049	0.09481386799976699	628
cg11141380	0.09481265417788112	628
cg16573130	0.09481250770028815	628
cg20400838	0.09481049901355085	628
cg16792160	0.09480968621529179	628
cg12554268	0.0948089921328823	628
cg18479322	0.09480796478847647	628
cg01796225	0.09480715097242295	628
cg15815970	0.09480549745017497	628
cg24205065	0.0948043367349935	628
cg01188578	0.09480167365523026	628
cg15694715	0.09480090462727372	628
cg14325025	0.09479863136106645	628
cg23860337	0.09479841375033751	628
cg05012676	0.09479478040581851	628
cg17271223	0.09479220746724792	628
cg14482741	0.0947909547212118	628
cg15700661	0.0947908665247259	628
cg22508145	0.09478922442959509	628
cg06317507	0.09478841247498036	628
cg25977026	0.0947860993062023	628
cg05245515	0.09478604048611244	628
cg05920383	0.09478398865624121	628
cg07896448	0.09478227372365905	628
cg25469406	0.09478058217845614	628
cg00034336	0.09477793689986505	628
cg06430029	0.0947778930311608	628
cg04560832	0.09477751083493419	628
cg02394701	0.09477718687469011	628
cg22635676	0.09477703101484625	628
cg09317928	0.09477675819973269	628
cg26371501	0.09477591964300658	628
cg11733272	0.09477537526018337	628
cg18124488	0.09477306367877841	628
cg01751245	0.09477215920108417	628
cg14420230	0.0947711504250437	628
cg11196533	0.09476984983147352	628
cg10828284	0.09476812769365861	628
cg00517270	0.09476642611482561	628
cg06338376	0.09476575896461975	628
cg26436731	0.09476569242591956	628
cg09001989	0.09476373790554324	628
cg00313094	0.09475938066429329	628
cg27656459	0.09475923698157773	628
cg01481978	0.09475638037816048	628
cg19373760	0.09475628007968634	628
cg04185123	0.09475517437474518	628
cg15142278	0.09475482228304954	628
cg05416337	0.0947517908741411	628
cg14748380	0.09475175658756455	628
cg22865989	0.09475175288382295	628
cg11169641	0.09475155131351543	628
cg13695933	0.0947500762990015	628
cg16269733	0.09474847876570149	628
cg00163674	0.09474824731899611	628
cg05868813	0.0947469035066647	628
cg16451358	0.0947469033344644	628
cg14096229	0.09474633382987288	628
cg05661282	0.0947461314431529	628
cg26815032	0.09474301540454017	628
cg25487775	0.09474267074736477	628
cg24490338	0.09474113777974569	628
cg23013850	0.09473930599864444	628
cg16702014	0.0947373898932597	628
cg04065767	0.09473663828033058	628
cg04683149	0.09473647607618235	628
cg02707071	0.09473619557281632	628
cg18596369	0.09473560876856435	628
cg25399309	0.09473537354409808	628
cg16540590	0.09473292318016524	628
cg00718107	0.09473100154726913	628
cg14189571	0.09473095726806419	628
cg13088755	0.09472990894363942	628
cg07739841	0.09472913472670769	628
cg14766603	0.09472756588123507	628
cg15552843	0.09472653672395229	628
cg24025567	0.09472580570030176	628
cg03146196	0.09472571374434535	628
cg02505918	0.0947235282959265	628
cg17990185	0.09472270125578683	628
cg03168029	0.09471996964120388	628
cg13005202	0.09471883742851822	628
cg14340840	0.09471782115244826	628
cg16281276	0.09471728511494978	628
cg11985480	0.09471678325912264	628
cg14541801	0.09471501937747948	628
cg08211145	0.09471498193606337	628
cg07507114	0.09471228492000999	628
cg14281612	0.09471167432554078	628
cg05740959	0.0947090786255069	628
cg24336547	0.09470861260225188	628
cg15530916	0.09470618801921638	628
cg20213166	0.09470364696280381	628
cg01860396	0.0947033103036054	628
cg11629143	0.09470233186350502	628
cg03799024	0.09470224711172351	628
cg18398551	0.0947017125390402	628
cg13972557	0.09470129671225147	628
cg17974166	0.09470100759943566	628
cg06528223	0.09470069730016772	628
cg27338511	0.09469905877690743	628
cg01720228	0.09469856287078324	628
cg20872809	0.09469782233656154	628
cg24643105	0.09469706438321207	628
cg27654945	0.09469687077490124	628
cg10464462	0.09469512673285357	628
cg08608240	0.09469401959152954	628
cg25975621	0.09469363939994599	628
cg03885028	0.09469217444804467	628
cg02400735	0.09469203671683057	628
cg16431978	0.09469121907587108	628
cg07294114	0.0946905505713585	628
cg09511963	0.094689308993088	628
cg10133777	0.09468901294697141	628
cg11869193	0.09468576970926802	628
cg26158406	0.09468322767052925	628
cg08704562	0.09468320078687364	628
cg27426220	0.0946811692542948	628
cg15309236	0.09467684030853361	628
cg23475955	0.09467575402435785	628
cg13928306	0.09467545471570231	628
cg02190350	0.09467540500297135	628
cg12047391	0.0946745341780002	628
cg22118524	0.09467452620687632	628
cg14178364	0.09467400719904334	628
cg09826050	0.09467300072960089	628
cg11453483	0.09467105439484455	628
cg23019889	0.09466790640364478	628
cg18771659	0.0946666515423149	628
cg04388123	0.09466321342047962	628
cg01020696	0.09466268989364676	628
cg22813366	0.094662231280154	628
cg15681239	0.0946600111437974	628
cg21170796	0.09465990770807375	628
cg08216304	0.09465981497622028	628
cg07288031	0.0946595338176286	628
cg14210817	0.0946580356125381	628
cg05371791	0.09465500805986016	628
cg05704942	0.09465410367308513	628
cg08836199	0.09465350889939539	628
cg13793782	0.09465063542391053	628
cg19936847	0.09464972817701461	628
cg00584485	0.09464930944339756	628
cg02229135	0.09464700480323177	628
cg03775802	0.09464589332186153	628
cg23989012	0.09464372369162058	628
cg01437161	0.0946431908084231	628
cg15737123	0.09464201795852717	628
cg01701555	0.09464127289926899	628
cg02235529	0.09464010192655703	628
cg16622899	0.09463874646976739	628
cg20472746	0.09463526167910757	628
cg17554647	0.09463403324872094	628
cg02255914	0.09463399661708483	628
cg02285579	0.09463004633036307	628
cg16006004	0.09462998999226133	628
cg02470008	0.09462928202117371	628
cg03868978	0.09462840201852879	628
cg22507887	0.09462779660118459	628
cg01625044	0.09462283647116371	628
cg24729879	0.09462051138288535	628
cg07028733	0.0946190236585964	628
cg18451016	0.0946178147003246	628
cg08628428	0.09461331277065543	628
cg03441710	0.094612228779405	628
cg17252884	0.0946111291382431	628
cg17450733	0.0946079414115088	628
cg25942940	0.09460792800495632	628
cg01788396	0.09460710138939031	628
cg24962011	0.09460450187801567	628
cg22400059	0.09460339596353462	628
cg20826576	0.09460334293824885	628
cg16325628	0.09460263215969517	628
cg08790807	0.09460225187553079	628
cg24749559	0.09459919544448922	628
cg23499373	0.09459814319187149	628
cg00791764	0.09459406820028521	628
cg07264048	0.09459336177406397	628
cg12216518	0.0945923577835697	628
cg02976366	0.09459026736658815	628
cg27581212	0.09458998962846588	628
cg01223071	0.09458707044503956	628
cg22398226	0.09458535556897305	628
cg16023304	0.0945850853956065	628
cg04405612	0.09458456847072738	628
cg17098103	0.0945839572601789	628
cg14004685	0.0945815911574926	628
cg27428208	0.0945813251601954	628
cg06367135	0.09457731677087311	628
cg13493635	0.0945771899923604	628
cg26023087	0.09457564135453657	628
cg23392381	0.09457488913500445	628
cg01227246	0.09457442503951541	628
cg18949521	0.09457354077527158	628
cg07865607	0.09457325556057042	628
cg03854931	0.09457273436055963	628
cg22732749	0.09457168666499705	628
cg27070808	0.09457156328991329	628
cg24832908	0.09456965401654524	628
cg25284031	0.09456959823671987	628
cg00250409	0.09456897671934733	628
cg19641804	0.09456735814880962	628
cg05866308	0.0945646140873217	628
cg16529477	0.09456385316222651	628
cg01942797	0.09456296909370854	628
cg20141359	0.09456180817302953	628
cg04572930	0.09456109060587253	628
cg10098541	0.09456103205481553	628
cg27085488	0.09456099148409125	628
cg16776350	0.09456021004149899	628
cg26268742	0.09455887904754684	628
cg17282466	0.09455779999577202	628
cg03832737	0.09455587567000195	628
cg26053832	0.09455501848462972	628
cg02156870	0.09455151041636678	628
cg05705140	0.09455083283683152	628
cg00702126	0.0945507202545621	628
cg11152384	0.09454984487807308	628
cg07281377	0.09454825625098984	628
cg05687370	0.09454808741900644	628
cg11203397	0.09454609523502797	628
cg25090994	0.09454517754179942	628
cg07337005	0.09454492520262459	628
cg26514492	0.09454263941003516	628
cg00674679	0.09454121005919003	628
cg22078781	0.09454021016390168	628
cg18264092	0.09454015120415202	628
cg22274196	0.09453980688163882	628
cg27038439	0.09453946326801071	628
cg20162206	0.09453915673700905	628
cg14909213	0.09453785021281702	628
cg13487726	0.09453594582671304	628
cg18951352	0.09453482930191251	628
cg09809932	0.09453420221780326	628
cg00921930	0.09453409883984729	628
cg04700930	0.09453346798526752	628
cg10405075	0.09453300894239985	628
cg18117367	0.09453299615799954	628
cg26820259	0.09453261038237948	628
cg14684925	0.09453195097381212	628
cg07635227	0.09453176997711127	628
cg00654448	0.09453054790868964	628
cg02621481	0.09452968360179548	628
cg03014957	0.09452841900009334	628
cg05301470	0.09452829980235898	628
cg15585555	0.09452800436188713	628
cg07128416	0.0945267260183125	628
cg16294668	0.09452662491275404	628
cg16582419	0.09452653221868404	628
cg26690758	0.09452378909666592	628
cg08357436	0.09452208673184703	628
cg23019589	0.09452177482850804	628
cg13397939	0.0945198363223704	628
cg20944157	0.09451775355847514	628
cg00714725	0.09451638037592067	628
cg00713294	0.09451380909883084	628
cg00151709	0.09451358346110564	628
cg05558615	0.09450904189979498	628
cg08957683	0.09450673483158328	628
cg23621097	0.09450658817494476	628
cg12125614	0.09450647988825284	628
cg08124209	0.09450579714625246	628
cg05130482	0.09450571811126376	628
cg23861478	0.09450442486792121	628
cg08704250	0.09450344489302664	628
cg14112754	0.09450164800646443	628
cg04119738	0.09450140570649268	628
cg04859117	0.09449782782157745	628
cg15006881	0.09449708561882744	628
cg08401872	0.0944963951301172	628
cg27517968	0.09449498298398476	628
cg01948047	0.0944948337258294	628
cg01501760	0.09449297132634504	628
cg13906813	0.09449272124248637	628
cg26478401	0.09449147587309695	628
cg08241360	0.0944914652256642	628
cg15314855	0.09449013763821879	628
cg19447966	0.09448772809979605	628
cg10875499	0.09448738276537043	628
cg01174811	0.09448618841737783	628
cg18450254	0.09448608267504938	628
cg03159252	0.09448599660065571	628
cg06466782	0.09448584334684029	628
cg12749132	0.09448176510823286	628
cg15229245	0.0944809599605908	628
cg14556323	0.09448090424993566	628
cg04842934	0.09448076283162304	628
cg14571813	0.09448046582517497	628
cg16360831	0.09448021186461264	628
cg14780466	0.09447692513677397	628
cg06483505	0.09447672343270822	628
cg24550112	0.09447652655009173	628
cg25799590	0.09447371385401626	628
cg00776080	0.09447213202883892	628
cg06888121	0.09447162613056581	628
cg07603941	0.09447103907563081	628
cg21243459	0.09447058475738612	628
cg26363759	0.09447011855285165	628
cg03145486	0.09446804154514693	628
cg02715602	0.09446624982136798	628
cg19589939	0.0944660176142603	628
cg13902024	0.09446551834251404	628
cg15783466	0.09446474172137853	628
cg12000932	0.09446420404493949	628
cg16725225	0.09446349778839636	628
cg03543319	0.09446348631191714	628
cg14530275	0.09446340431649031	628
cg27287593	0.09446337469392224	628
cg02469909	0.09446323765655451	628
cg02707840	0.09446217919979738	628
cg23696593	0.09445737507562807	628
cg16604391	0.09445690578856253	628
cg11900509	0.0944549860942902	628
cg11310716	0.09445481365705322	628
cg27534599	0.09445479384963745	628
cg09083279	0.09445464069540879	628
cg27532938	0.09445457263555901	628
cg09220639	0.0944497424209852	628
cg18574254	0.09444964597768296	628
cg25812683	0.09444664828323912	628
cg21202759	0.09444637091775326	628
cg13917560	0.09444584495879121	628
cg23029597	0.09444353927155474	628
cg19421752	0.09444311137567635	628
cg15577634	0.09444293032634382	628
cg10221896	0.09443905039392064	628
cg22709144	0.0944380750216558	628
cg19126169	0.09443785930647997	628
cg01057132	0.0944378101063868	628
cg05407200	0.09443391751464225	628
cg16700163	0.09443375461150802	628
cg18815398	0.0944311604255732	628
cg25317631	0.09443096907468199	628
cg05638347	0.09442855656730298	628
cg20668321	0.09442853905989568	628
cg05043720	0.09442811585164046	628
cg26802564	0.09442419059458773	628
cg25516542	0.09442260329942331	628
cg16091952	0.09442092233880939	628
cg04315554	0.09442040423421166	628
cg22879834	0.09441775366749627	628
cg16371538	0.09441720879855772	628
cg23063070	0.09441691039978245	628
cg08097817	0.0944159741393838	628
cg04882394	0.0944158098011352	628
cg19108881	0.0944156825832556	628
cg20397902	0.09441483676359003	628
cg16529268	0.09441467556458799	628
cg22373097	0.0944146370006384	628
cg20418394	0.09441251142918694	628
cg12280113	0.09441145214589253	628
cg00731232	0.0944113798858687	628
cg10400652	0.09440963561068877	628
cg10119001	0.09440757442850262	628
cg18751141	0.09440741945333707	628
cg17441804	0.09440727509524008	628
cg10834803	0.09440682054743832	628
cg00308914	0.09440623700748185	628
cg26248586	0.09440535035808295	628
cg20999347	0.0944044398299346	628
cg08086720	0.09440388660636087	628
cg25738301	0.09440287758638852	628
cg12850078	0.09440246968194754	628
cg02589501	0.09439969708769591	628
cg05389024	0.09439933777196732	628
cg14253596	0.09439906652059726	628
cg19433021	0.09439402824318588	628
cg07676859	0.09439283361497366	628
cg21050001	0.09439258418063579	628
cg25145195	0.09438952780010385	628
cg14988680	0.09438897806443233	628
cg16550264	0.09438681620509867	628
cg06119201	0.09438662932758188	628
cg19375403	0.09438596977019537	628
cg19759228	0.09438425418558788	628
cg07665217	0.09438414296094325	628
cg25623524	0.09438151991401456	628
cg16072661	0.09438129869757278	628
cg25824217	0.09437979552874581	628
cg21079591	0.09437823096344056	628
cg08442334	0.09437606287713346	628
cg05371552	0.09437474201346824	628
cg05939324	0.09437194696785983	628
cg09852127	0.09437008754440784	628
cg03820689	0.09437006372325318	628
cg01153376	0.09436988718855266	628
cg07241084	0.09436894497201659	628
cg21484573	0.09436793734564725	628
cg19701087	0.09436618223591708	628
cg17079556	0.09436422078913217	628
cg27169559	0.09436417142834325	628
cg20695936	0.09436235888572286	628
cg09257677	0.0943572329865956	628
cg06907033	0.09435420135640893	628
cg17629148	0.09435395703621938	628
cg09064148	0.09435371698273376	628
cg09131332	0.09435228250817751	628
cg08328513	0.09435135756054894	628
cg21475771	0.09435110941120262	628
cg00661485	0.09435094053712687	628
cg00510320	0.09434969241600819	628
cg05884870	0.09434893785623333	628
cg04198914	0.09434861570421599	628
cg01444051	0.09434465512008233	628
cg22381154	0.09434394996884632	628
cg20066782	0.0943436581115088	628
cg22168676	0.0943425797203521	628
cg19916740	0.09434243500982134	628
cg11405475	0.0943397412806799	628
cg15807314	0.09433761903317067	628
cg01724917	0.09433565390494547	628
cg23939096	0.09433529375108118	628
cg18059891	0.09433495647844659	628
cg05669853	0.09433384566002506	628
cg25897519	0.09433228758589418	628
cg10178270	0.09433153988508458	628
cg03467001	0.09432843288079529	628
cg11596090	0.09432805631385371	628
cg17989833	0.09432787904933443	628
cg22494876	0.09432784266857996	628
cg07483086	0.09432708922447058	628
cg09550809	0.09432681509344171	628
cg06916059	0.09432149003872031	628
cg14356608	0.09432138302618681	628
cg01932361	0.09432124287945476	628
cg13825930	0.09432107137650461	628
cg14132364	0.09432076587708932	628
cg23823660	0.09432005480257222	628
cg08476055	0.0943199672675937	628
cg03892356	0.09431862678611502	628
cg01721569	0.09431730392483591	628
cg10149870	0.09431699596768128	628
cg02543268	0.09431560477870837	628
cg25674027	0.09431542038550328	628
cg27637326	0.09431518039807141	628
cg18000391	0.09431414087501055	628
cg11553802	0.09431124596864734	628
cg14020652	0.09430971858372317	628
cg02844611	0.0943095810599488	628
cg08716013	0.094309195056479	628
cg05783039	0.09430809625255221	628
cg24574863	0.09430785755368043	628
cg05813673	0.09430775897755439	628
cg06536868	0.0943075643819958	628
cg23524559	0.09430754481953135	628
cg25607397	0.09430699649614444	628
cg06315606	0.0943063947775471	628
cg19657174	0.09430520736634293	628
cg12865953	0.09430419769852005	628
cg23516310	0.0943036717245345	628
cg10643493	0.0943035746289797	628
cg18720486	0.09430258906267946	628
cg14686645	0.0943022612316678	628
cg16993682	0.09430178367440142	628
cg20694147	0.094300947558968	628
cg06456531	0.09430000264743138	628
cg09655022	0.09429753411674235	628
cg27516568	0.09429616151816703	628
cg06737250	0.09429486656421485	628
cg07523712	0.09429434210570597	628
cg14950344	0.09429404997946644	628
cg05922453	0.09429388753359902	628
cg17923401	0.09429326710122787	628
cg26363555	0.09429313617470408	628
cg26014401	0.09429178584075162	628
cg19401111	0.09428877698057264	628
cg08194989	0.0942885127401418	628
cg13711238	0.09428653540642024	628
cg27531571	0.09428619772956026	628
cg25745379	0.09428509638904564	628
cg25411977	0.09428499706495685	628
cg10243004	0.09428466834514426	628
cg08775375	0.09428301288452035	628
cg19175386	0.09428227853023569	628
cg12333043	0.09428154736510319	628
cg05387167	0.0942813009193571	628
cg02886715	0.09428119613819108	628
cg20764656	0.0942781516228563	628
cg09572125	0.0942775739734435	628
cg23611697	0.09427658243446657	628
cg22723502	0.09427487567663168	628
cg07068735	0.09427425948262019	628
cg07956346	0.09427370144422048	628
cg03272310	0.09427324161642742	628
cg10442932	0.09427138940481339	628
cg21033965	0.0942710971695288	628
cg08942527	0.09427068423586277	628
cg04423214	0.09426905390098528	628
cg17164345	0.09426892938389542	628
cg06772736	0.09426885644864724	628
cg21806242	0.0942684542517799	628
cg20277126	0.09426695345826266	628
cg05211192	0.0942667527819539	628
cg06741996	0.09426666767044692	628
cg11258404	0.09426517616612784	628
cg18975130	0.09426442274804708	628
cg25417335	0.09426405268078297	628
cg11358777	0.09426316311678423	628
cg07111834	0.09426257117790265	628
cg05793375	0.09426082457254709	628
cg09569989	0.09425891670648301	628
cg10030843	0.0942588844716179	628
cg27000590	0.0942585648055429	628
cg24509810	0.09425826291591005	628
cg09373037	0.09425574732065421	628
cg10017293	0.09425355145637163	628
cg26856289	0.09425158319956611	628
cg06437740	0.09425115559333513	628
cg21971799	0.09425103662006207	628
cg22019970	0.09425101949567494	628
cg05269024	0.09424819283207614	628
cg25054816	0.09424767852884652	628
cg03682719	0.09424511905478439	628
cg18789929	0.0942448179171737	628
cg01874869	0.09424384075704767	628
cg16481961	0.09424375548790401	628
cg06617217	0.09424368462399718	628
cg12988117	0.09424335700816866	628
cg13678428	0.0942433009507983	628
cg19898448	0.09424190933131582	628
cg20431191	0.09424125528783414	628
cg00540295	0.09424067163288058	628
cg02657539	0.09423983641955785	628
cg16034991	0.09423959154838579	628
cg19781814	0.09423653382103414	628
cg01484296	0.09423511560416287	628
cg00630991	0.09423392552759063	628
cg03975815	0.0942336104345391	628
cg14538785	0.09423038598019129	628
cg03845683	0.09422893779475439	628
cg00590817	0.09422838942825934	628
cg03787837	0.09422678369060045	628
cg02650121	0.09422666013159103	628
cg01554970	0.09422529272842595	628
cg26363119	0.0942224051626388	628
cg10875695	0.094221611164303	628
cg22911831	0.0942214171379242	628
cg23005885	0.0942213320818015	628
cg22921027	0.09422019658983041	628
cg20936529	0.09421894756965954	628
cg22473770	0.09421783748224175	628
cg18311871	0.09421659604007629	628
cg05582397	0.09421606103862804	628
cg16822143	0.0942154951757142	628
cg15612947	0.09421345480195253	628
cg13602065	0.0942122922942269	628
cg01935436	0.0942122170088755	628
cg10825710	0.09421170550982194	628
cg26826183	0.09421064160493936	628
cg08433011	0.09420934289145463	628
cg16613240	0.09420625805238624	628
cg23348764	0.09420598806675498	628
cg12072611	0.09420579554322481	628
cg13354988	0.09420524789599506	628
cg00110832	0.0942040127456118	628
cg13063845	0.0942034879030936	628
cg04638205	0.09420283899001103	628
cg10071035	0.09420226894700406	628
cg07691897	0.09420088483674333	628
cg01816936	0.09420028969143285	628
cg13545297	0.09419930344882455	628
cg03814063	0.09419773125772984	628
cg09367266	0.09419766409882568	628
cg22581364	0.09419719292062889	628
cg21814178	0.09419626981100018	628
cg25085369	0.09419562960046812	628
cg04781580	0.09419494671456255	628
cg04984709	0.09419442240191456	628
cg27350428	0.09419428909134636	628
cg02727591	0.09419386843628255	628
cg13718960	0.0941930404742875	628
cg20937934	0.09418837249186063	628
cg19876649	0.09418742790968859	628
cg19375492	0.09418740948217705	628
cg26746878	0.09418671032341591	628
cg20009327	0.09418553911330263	628
cg12499872	0.09418485775936827	628
cg07331478	0.09418328680937738	628
cg15946590	0.0941804180488095	628
cg16264526	0.09418030794355609	628
cg16688483	0.09418011651211391	628
cg11823253	0.09417997597217365	628
cg16072777	0.09417920964873272	628
cg01413481	0.09417854852924845	628
cg05937055	0.09417677604279345	628
cg15198101	0.09417383576666807	628
cg24597774	0.09416658237102998	628
cg16377959	0.09416636142323564	628
cg02573566	0.09416359391346585	628
cg13435326	0.09416320303537568	628
cg13652281	0.09416283206827936	628
cg14236389	0.09416149304231022	628
cg06589961	0.09416085135876617	628
cg08489623	0.09415934052172861	628
cg00703822	0.09415858598953619	628
cg15803221	0.09415549908673601	628
cg20886017	0.09415276770894265	628
cg04213746	0.09415241833877697	628
cg22665383	0.09415167662307725	628
cg23431444	0.09415141712867559	628
cg16306870	0.0941448479834206	628
cg27004195	0.09414470215402904	628
cg05165750	0.09414442904898523	628
cg20550262	0.09414428522483553	628
cg02512168	0.09414358469418184	628
cg02665650	0.09414187910028105	628
cg10767223	0.09413946975615523	628
cg26089877	0.09413873687209146	628
cg01590076	0.09413714049538402	628
cg10735582	0.09413679663439911	628
cg11610460	0.0941364377704515	628
cg02309029	0.09413470711004984	628
cg18197377	0.09413422635840424	628
cg23676369	0.09413377485899352	628
cg03023089	0.09413298722389973	628
cg12241733	0.09413291754903952	628
cg19928294	0.09413278857134871	628
cg07084004	0.09413278152130128	628
cg10128806	0.09413248623248505	628
cg06996273	0.09413200580183681	628
cg04860863	0.09413149027611206	628
cg12356951	0.09412753402793378	628
cg21459713	0.09412618860574912	628
cg14773365	0.0941256700113014	628
cg14011070	0.09412425374071504	628
cg17184704	0.09412260158680827	628
cg07097417	0.09412144074852372	628
cg03483314	0.09412007349780155	628
cg03100209	0.09411962262123966	628
cg18836258	0.09411876670606348	628
cg20873136	0.09411736333927445	628
cg27549720	0.09411621707498444	628
cg09536336	0.0941156339552845	628
cg14807446	0.09411555517130388	628
cg22616525	0.09411301988681889	628
cg23713909	0.09411178683981852	628
cg17206850	0.09411165558907746	628
cg07086492	0.09411138551527945	628
cg19405484	0.09411001934176039	628
cg23161733	0.09410920976368964	628
cg27224069	0.0941089813562817	628
cg11741335	0.09410860877854071	628
cg24034005	0.09410816918927578	628
cg08123339	0.09410806850793213	628
cg20646846	0.0941075128711733	628
cg26598540	0.09410749578402028	628
cg10237362	0.09410749098168258	628
cg24507760	0.09410741692744395	628
cg14571622	0.0941056364546248	628
cg11892240	0.09410461075774856	628
cg00940941	0.09410035657152016	628
cg08871964	0.09409966655780908	628
cg01235820	0.09409941333950564	628
cg19754520	0.09409747931441043	628
cg21837826	0.09409713639720785	628
cg19875532	0.09409685373033755	628
cg24535475	0.09409657564024021	628
cg10332649	0.09409253858438527	628
cg05172122	0.09409249409283413	628
cg10140309	0.09409228972515932	628
cg11737413	0.09409210121309092	628
cg01421119	0.09409130464921552	628
cg23978242	0.09408942163389136	628
cg07551060	0.09408801434181044	628
cg19273756	0.0940877320330474	628
cg08734477	0.09408685676016354	628
cg21261158	0.09408314476051216	628
cg07824824	0.0940811058148942	628
cg06621691	0.09408092458756445	628
cg21405761	0.09408079967865696	628
cg07625774	0.09407787377627513	628
cg05461143	0.09407783606083364	628
cg19878326	0.0940772495456566	628
cg14894216	0.09407583788309562	628
cg12311002	0.09407532241217598	628
cg13810707	0.09407332822931846	628
cg27217474	0.09407272048687851	628
cg04743650	0.09407103720530119	628
cg01771462	0.09407036512980332	628
cg00369241	0.09406986986809429	628
cg04747619	0.09406977464974026	628
cg16678522	0.09406817094510239	628
cg21059878	0.0940669724311552	628
cg27324619	0.09406679596154707	628
cg07337250	0.09406677332245272	628
cg13224197	0.09406669588457228	628
cg21477985	0.09406636988220521	628
cg02402946	0.09406523605323844	628
cg25802191	0.09406452653287223	628
cg17016777	0.09406370136726605	628
cg19034132	0.09406205530313955	628
cg11590714	0.09406075004313497	628
cg19503963	0.09405689951570001	628
cg18339359	0.09405563896199326	628
cg11042501	0.09405547141131598	628
cg19982230	0.09405370740882005	628
cg10572354	0.09405323568793961	628
cg03396151	0.09405139337904982	628
cg14838970	0.09405053455345186	628
cg14281592	0.09405013253983008	628
cg04945216	0.0940490942199041	628
cg23024484	0.09404827708710495	628
cg07304923	0.09404762878949458	628
cg18275228	0.09404733409224206	628
cg11217960	0.09404718383808927	628
cg12336540	0.09404660895095074	628
cg06089606	0.09404453522036282	628
cg02935904	0.09404287281847709	628
cg23918296	0.09404269902646561	628
cg02447879	0.09404140910433528	628
cg23892568	0.09403979646933863	628
cg14765933	0.09403914964952637	628
cg05501996	0.09403820811395433	628
cg15986919	0.09403795693405395	628
cg00506886	0.0940338005262969	628
cg02247178	0.09403329112288894	628
cg21982941	0.09403292678284747	628
cg09355027	0.09403233789298071	628
cg01503299	0.09403116092375119	628
cg18864124	0.09403038065960423	628
cg24246628	0.09403027720243731	628
cg01581222	0.09402840444337729	628
cg20302533	0.09402708458785611	628
cg07116163	0.09402652420874522	628
cg06946543	0.09402621652315962	628
cg16298547	0.0940253756461088	628
cg26508170	0.09402403308052065	628
cg25738326	0.09402270145085964	628
cg12290450	0.0940215901972683	628
cg00930833	0.0940198369728017	628
cg01244015	0.09401736208230094	628
cg00931874	0.09401548525431619	628
cg26339162	0.09401421700018048	628
cg27637303	0.09401200989150713	628
cg23834013	0.09401161351635923	628
cg19735804	0.09401018723960416	628
cg19743103	0.09400935056612458	628
cg07690018	0.09400810167918697	628
cg17036690	0.09400794150021952	628
cg02928928	0.09400706641184964	628
cg05679002	0.09400682631687052	628
cg06621027	0.0940061041715497	628
cg03969515	0.09400370637503175	628
cg26994377	0.09400309381006175	628
cg14432251	0.09400281614815659	628
cg21304833	0.09399659886060785	628
cg26781321	0.09399530275506185	628
cg20674248	0.09399399609935033	628
cg00083188	0.0939938175873486	628
cg19111287	0.09399314874507647	628
cg12208638	0.09399264464842047	628
cg04481189	0.0939891920651924	628
cg07749074	0.0939878316622853	628
cg10503840	0.09398677319723947	628
cg06503286	0.0939858244317171	628
cg16260424	0.09398279377282269	628
cg19516754	0.09397946453453082	628
cg13991609	0.09397882812920205	628
cg08243626	0.09397846657915027	628
cg17624536	0.0939775812581417	628
cg08530838	0.09397425110983362	628
cg15011899	0.09397393075859861	628
cg06597895	0.0939721149756848	628
cg01842774	0.09397176649899569	628
cg18780167	0.09397087482318031	628
cg21902187	0.09396739515544456	628
cg13315995	0.09396554482036579	628
cg24673771	0.0939648137541699	628
cg27586410	0.09396390212866201	628
cg01722297	0.09395785769161347	628
cg19510626	0.09395743131970677	628
cg09510698	0.0939567339498033	628
cg04636269	0.09395642294122117	628
cg03546977	0.09395568791759645	628
cg14184817	0.09395561371370786	628
cg24842815	0.09395556320926879	628
cg27092594	0.09395493952907755	628
cg22162694	0.09395386676228923	628
cg19054158	0.09395355668605743	628
cg04641860	0.09395320233531226	628
cg14620352	0.09395303722046167	628
cg11344121	0.09395293176161562	628
cg09871315	0.09395253687442962	628
cg14206056	0.09395157872119608	628
cg00713204	0.09394946454986436	628
cg04956485	0.09394845336914848	628
cg25803107	0.09394629298376878	628
cg02227036	0.09394487147185543	628
cg06226630	0.09394486145156694	628
cg07815799	0.09394397379661962	628
cg03964958	0.09394383335193154	628
cg21740232	0.0939414514507968	628
cg14493742	0.09393937324350626	628
cg04871498	0.09393891149538341	628
cg16519923	0.09393873555292204	628
cg17104202	0.093936098420844	628
cg08852968	0.09393313601345882	628
cg00760872	0.09393296098560053	628
cg15707428	0.09393283330249508	628
cg05132150	0.09393252639052374	628
cg16548911	0.09393154978902618	628
cg01452452	0.09393101768849832	628
cg00253269	0.093930843534556	628
cg27365627	0.09392783902334861	628
cg09560590	0.09392647048371827	628
cg09294998	0.09392395367387052	628
cg01649853	0.09392351342407684	628
cg07907506	0.09392247975374807	628
cg11990562	0.09392244792733936	628
cg25131079	0.09392200646855531	628
cg06579024	0.09391980984203241	628
cg22464200	0.09391940378260472	628
cg14644846	0.09391729177443442	628
cg25032321	0.09391319382831562	628
cg09124496	0.09391214524442709	628
cg20349377	0.09391151263041192	628
cg01294808	0.09390975287994513	628
cg22621272	0.09390776362113537	628
cg24392577	0.09390700261779653	628
cg00144414	0.09390692098241038	628
cg21242448	0.09390600511804573	628
cg15002721	0.09390567239732112	628
cg02299497	0.09390562543182956	628
cg06213598	0.09390499974990346	628
cg00524676	0.0939044701198628	628
cg07306414	0.09390272482056214	628
cg26543657	0.09390134961794736	628
cg16173847	0.09389612162613686	628
cg04237529	0.09389487739638641	628
cg22611850	0.09389474463591951	628
cg08278520	0.0938934483860675	628
cg08651003	0.09389081530150462	628
cg03485840	0.09388708701141141	628
cg17817564	0.09388681428824053	628
cg13319761	0.09388539811284635	628
cg01022501	0.0938828791347675	628
cg20663432	0.09388207429016998	628
cg10120555	0.0938815466436114	628
cg08898775	0.09388127093130688	628
cg02767634	0.09388003268203621	628
cg19570321	0.09387986788954894	628
cg10138044	0.09387925910594863	628
cg24317190	0.09387715146462694	628
cg06524192	0.09387625021400353	628
cg15074524	0.09387615960270096	628
cg00804354	0.09387583068173083	628
cg12720921	0.09387347003886745	628
cg01675158	0.09387168825325404	628
cg12052613	0.0938709018643395	628
cg15077070	0.09386954523176022	628
cg05617307	0.09386941347179178	628
cg14482569	0.09386847653802877	628
cg12951526	0.09386410780914461	628
cg10482512	0.09386348780249254	628
cg26429783	0.09386258982012535	628
cg18759732	0.09386150148845845	628
cg15884713	0.09385935724950173	628
cg14556243	0.09385743523506412	628
cg18347607	0.093856508326852	628
cg12213062	0.09385323274601749	628
cg21881338	0.09385106273682686	628
cg17108439	0.09385067955726839	628
cg05392530	0.09384854045675747	628
cg04411201	0.09384777367664165	628
cg25461130	0.0938471438802907	628
cg22099241	0.09384709297303956	628
cg17339327	0.09384572724744675	628
cg01128482	0.09384532117149197	628
cg25946646	0.09384508307928369	628
cg09467607	0.09384326481963173	628
cg26035689	0.09384131381132832	628
cg13639901	0.09384116358409877	628
cg20583930	0.09383859988332066	628
cg11230006	0.0938363007410325	628
cg18768582	0.09383437877118178	628
cg00805619	0.09383395019826365	628
cg12208848	0.09383349958612414	628
cg05162306	0.09383301407102729	628
cg00503383	0.09383203843351219	628
cg00655094	0.0938306868391579	628
cg27628707	0.09382863445251222	628
cg16024274	0.0938277902174407	628
cg19534681	0.09382710724699975	628
cg07326586	0.09382654308317773	628
cg09595050	0.0938260212467052	628
cg26827725	0.0938259355318925	628
cg04623297	0.09382435932745098	628
cg05773155	0.09382319287640262	628
cg16062483	0.0938227182405183	628
cg21817750	0.09382136151551163	628
cg24391854	0.09381993862850507	628
cg00201779	0.09381869836478204	628
cg07263979	0.09381863800744983	628
cg26375587	0.09381806059575465	628
cg13725340	0.09381562076120475	628
cg23930133	0.09381397528197427	628
cg18263587	0.09381355618257325	628
cg01758314	0.0938128115059392	628
cg07184237	0.09381195987779012	628
cg12156154	0.09381188912196967	628
cg25174412	0.0938101204419153	628
cg25843115	0.09380960149085424	628
cg18954144	0.09380602460008036	628
cg01702055	0.09380389058180777	628
cg14411912	0.09380246331024156	628
cg08123444	0.09380225042776413	628
cg10131879	0.09380215711503173	628
cg10973146	0.09380170764678014	628
cg04055345	0.09380052054323373	628
cg12762799	0.09380050422801284	628
cg06780080	0.09379717132547688	628
cg07369956	0.09379687005580523	628
cg13485721	0.09379670621553027	628
cg15727545	0.09379633126600351	628
cg11955878	0.09379536550160222	628
cg08638354	0.09379407131999634	628
cg17091312	0.09379209157922286	628
cg17863312	0.09379105449583935	628
cg08560074	0.09379062608958977	628
cg01620165	0.09378853236447393	628
cg15147833	0.09378834175094389	628
cg25181710	0.0937874487916247	628
cg04798314	0.09378496751223647	628
cg07130639	0.09378131236247406	628
cg12507869	0.09377936478447346	628
cg12774429	0.09377896853020345	628
cg20605886	0.09377870356037049	628
cg21192370	0.09377803768394816	628
cg07945323	0.09377680563762414	628
cg20103550	0.09377604366025671	628
cg00835193	0.0937758601858315	628
cg22627406	0.0937747370056152	628
cg13014558	0.09377440402437326	628
cg06186245	0.09377436005615769	628
cg03187190	0.093774001727084	628
cg05800416	0.0937733194213704	628
cg18243910	0.0937726925809832	628
cg07686394	0.09377213486700153	628
cg26728517	0.09377207418110568	628
cg13827556	0.09377148559728776	628
cg04784618	0.09377028839684781	628
cg26608430	0.0937694046747046	628
cg26133301	0.09376888010666412	628
cg04767174	0.09376623673957993	628
cg23779240	0.0937658880393663	628
cg04203646	0.09376345736131886	628
cg26683025	0.09376120527842557	628
cg04317962	0.09376040605139048	628
cg18446336	0.09375999966243773	628
cg17974247	0.09375869113176824	628
cg27423627	0.0937585871553992	628
cg10437224	0.09375795888451663	628
cg02756683	0.09375789182742006	628
cg25362652	0.09375776160827642	628
cg08986840	0.09375624526324883	628
cg07143158	0.09375549962947188	628
cg19169535	0.09375390112989695	628
cg00329770	0.09375050342153862	628
cg17282395	0.0937495722530832	628
cg16010717	0.09374954618884268	628
cg19788727	0.09374756558006248	628
cg04204526	0.09374677478351806	628
cg06626750	0.0937465420742044	628
cg15979152	0.0937438397499602	628
cg01066936	0.0937433027500992	628
cg22476027	0.09374140815330631	628
cg16678111	0.09374094140246553	628
cg18571782	0.093738532232013	628
cg19736900	0.09373840927137911	628
cg12600201	0.0937357060572141	628
cg06620200	0.09373417440309814	628
cg05259508	0.09373398040797054	628
cg11810370	0.09373236047380507	628
cg25147447	0.0937318523184914	628
cg20550012	0.09373063036781198	628
cg11239120	0.09373032577077345	628
cg12069276	0.09372975616588847	628
cg06242243	0.09372971542292374	628
cg00751332	0.09372836808905191	628
cg22190361	0.09372725684093236	628
cg23010507	0.09372540072630897	628
cg15298875	0.09372511671590647	628
cg15277378	0.09372257395242467	628
cg20629735	0.09372239787894449	628
cg20814503	0.09372163601414113	628
cg24360909	0.09372109671121914	628
cg18009704	0.09372101377205638	628
cg02825887	0.09372040372062126	628
cg01244043	0.09371416565633484	628
cg19901403	0.09371123202443285	628
cg10365886	0.09371085149514467	628
cg19457763	0.09370929691399874	628
cg09075515	0.09370904721048634	628
cg13951664	0.09370824887925233	628
cg15080590	0.09370517739651041	628
cg19881928	0.09370377641523553	628
cg13672200	0.09370348073101664	628
cg13521077	0.09370287456594603	628
cg07801894	0.09370251377545485	628
cg01693598	0.09370243372780175	628
cg15744333	0.09370099640404114	628
cg22382836	0.09370086724653034	628
cg25032595	0.09369518664784307	628
cg13138089	0.09369443149607379	628
cg00731458	0.09369412558759665	628
cg23254163	0.09369153949798231	628
cg07798605	0.09369117621405623	628
cg03467235	0.09368980848011227	628
cg09665406	0.09368859230549692	628
cg24034959	0.09368526914396491	628
cg22383874	0.09368393045407347	628
cg07084345	0.09368246829072391	628
cg06029792	0.09368203005702944	628
cg20100006	0.09368173775418442	628
cg21239940	0.09368172844072364	628
cg11750883	0.09368083216483114	628
cg14114043	0.09368042911709645	628
cg16848873	0.09367992859999025	628
cg10060499	0.09367909772445618	628
cg13754915	0.09367907857127145	628
cg16373526	0.09367712717140325	628
cg07300846	0.0936768694781523	628
cg25959149	0.09367597076821077	628
cg18604823	0.09367414773546025	628
cg25932290	0.09367407575302389	628
cg23931734	0.09367336702789092	628
cg14039228	0.09367228096256924	628
cg11349594	0.09367210340352583	628
cg20660775	0.09367172527924399	628
cg05919044	0.09366975196810473	628
cg07921384	0.09366817708783859	628
cg08461692	0.09366717977299943	628
cg16647844	0.09366715126458391	628
cg17001627	0.09366482494320291	628
cg07922619	0.09366295226005639	628
cg11227141	0.09366239565547219	628
cg04311510	0.09366230238729101	628
cg13655674	0.09366200024170575	628
cg20504791	0.09366037544461552	628
cg18084609	0.093657922082445	628
cg15014361	0.0936548358521585	628
cg00938877	0.09365410796928542	628
cg21635307	0.0936514803774175	628
cg13078798	0.09365084323386336	628
cg13249146	0.09365083508094019	628
cg16752876	0.09364994868702925	628
cg01178624	0.0936473068800254	628
cg16306115	0.09364545745573359	628
cg23636571	0.09364531070915305	628
cg10963949	0.09364527591329153	628
cg20496526	0.09364427746913101	628
cg27452255	0.09364403909838143	628
cg04252928	0.0936427516539114	628
cg16236157	0.09364250924177231	628
cg05493580	0.0936414400609083	628
cg00127353	0.09363853660100846	628
cg03502656	0.09363840888819541	628
cg02600679	0.09363805007486614	628
cg14883605	0.09363643040946945	628
cg14414332	0.09363456984880786	628
cg12730047	0.09363450168415302	628
cg15341833	0.09363404698432176	628
cg04303969	0.09363232332967264	628
cg21190742	0.0936314456316985	628
cg09622285	0.0936302082122834	628
cg17284236	0.09362923697740755	628
cg13017813	0.09362896953853753	628
cg24389054	0.09362695820585759	628
cg06496454	0.09362444805663972	628
cg10384725	0.09362430422627724	628
cg07545743	0.09362384455737471	628
cg12328660	0.09362234156409902	628
cg09050670	0.09362216942781904	628
cg07123608	0.09362185414240937	628
cg02160738	0.09362079918004457	628
cg23887948	0.09362073948681018	628
cg08425203	0.09362002095626643	628
cg08423533	0.09361961384527243	628
cg21027526	0.09361919142557329	628
cg11808699	0.09361741988708958	628
cg01011367	0.0936171760776549	628
cg08012217	0.09361701951838247	628
cg21609706	0.09361516993968128	628
cg26846609	0.09361516002412837	628
cg06922635	0.09361293624541744	628
cg01109219	0.09361288460705447	628
cg11668053	0.09361216836068148	628
cg06092948	0.09361103220068809	628
cg27645498	0.09361021032766842	628
cg22998959	0.09361017096839577	628
cg13452812	0.09361016616446263	628
cg23728447	0.09360970288070161	628
cg20823859	0.09360846425505018	628
cg10243567	0.09360844295595608	628
cg06864047	0.09360819169529927	628
cg09451235	0.09360786172605061	628
cg16258337	0.09360534695170866	628
cg07982896	0.0936052072196581	628
cg13805001	0.09360467974457426	628
cg09122096	0.09360437663301183	628
cg10064922	0.09360434917351573	628
cg16516973	0.0936032504968265	628
cg26098117	0.0936031545481979	628
cg26692016	0.09360282540946857	628
cg12646227	0.09360086406076534	628
cg01145903	0.09359915518377893	628
cg01250603	0.09359817820822369	628
cg20505457	0.09359620684566619	628
cg13569431	0.09359519933874089	628
cg13280041	0.09359327604524836	628
cg17384380	0.09359237237936219	628
cg00768487	0.093591904510933	628
cg27313674	0.09359178841335009	628
cg17451677	0.0935912503116009	628
cg19305424	0.09359009406630531	628
cg24982541	0.09358924384907436	628
cg18624016	0.09358879522264962	628
cg12768523	0.09358740836358032	628
cg25572105	0.09358715539854717	628
cg12446543	0.09358698620067102	628
cg18205933	0.09358671852857275	628
cg07800658	0.0935839094625511	628
cg05192452	0.09358254268102172	628
cg09478478	0.0935823273009802	628
cg13803379	0.09358089678153786	628
cg25447873	0.09358008267464094	628
cg16908601	0.09357967352684565	628
cg08024398	0.09357952845915207	628
cg22865470	0.09357885608496026	628
cg02487331	0.0935779826255928	628
cg11857704	0.09357766034573284	628
cg08906246	0.0935748872942706	628
cg14391923	0.09357480022333975	628
cg03762237	0.09357339875365414	628
cg14569776	0.09357238491170583	628
cg19917714	0.09357233939693244	628
cg03149128	0.09357140251380741	628
cg25881383	0.09357109288374904	628
cg26472922	0.09357073015882722	628
cg15927196	0.09357040575132147	628
cg05300248	0.09356811401218973	628
cg06403553	0.09356679023980452	628
cg03199366	0.0935667589324776	628
cg13672501	0.09356655381533502	628
cg05824809	0.09356532922418903	628
cg16725552	0.09356427351177737	628
cg08386537	0.09356395365903691	628
cg08712336	0.09356325921389114	628
cg06678242	0.09356089366169551	628
cg03867465	0.09356008643933665	628
cg14839134	0.09355970051871737	628
cg11409510	0.09355865452075313	628
cg07488576	0.09355864154814036	628
cg11814539	0.09355850558695544	628
cg26166717	0.09355706457811808	628
cg21120661	0.09355653404432712	628
cg14557202	0.09355634548451902	628
cg09644974	0.09355426549587043	628
cg02430039	0.09355376493294815	628
cg00679184	0.09355324308563875	628
cg26308280	0.09355069717696973	628
cg22158648	0.09355055169709953	628
cg15906260	0.09354982452732732	628
cg20580578	0.09354799120112511	628
cg07216436	0.09354759460994755	628
cg19419291	0.09354708424085063	628
cg17796043	0.0935450506729592	628
cg26946288	0.09354363673054594	628
cg20040488	0.0935416123792567	628
cg12280326	0.09353966837250124	628
cg09718037	0.09353909754876882	628
cg00629585	0.09353587371470973	628
cg27462519	0.09353389275625806	628
cg16898193	0.09353200590546505	628
cg15125338	0.09353110521269414	628
cg04959298	0.09352868328231964	628
cg00729885	0.09352830665877032	628
cg12639192	0.09352601140948436	628
cg13729548	0.09352298667161751	628
cg20900869	0.09352298450378954	628
cg06228599	0.093521830778024	628
cg02959759	0.09352175054932332	628
cg02872767	0.09351952693774074	628
cg13349035	0.09351835909043857	628
cg16172619	0.09351826766096039	628
cg22808633	0.09351639333164327	628
cg08464177	0.09351638847666005	628
cg06842116	0.09351554421912472	628
cg12374353	0.09351486513148977	628
cg11202720	0.0935140419391815	628
cg01204985	0.09351006946738555	628
cg15988569	0.09350718405976871	628
cg11744966	0.09350539098852634	628
cg00589541	0.09350439685992595	628
cg17201135	0.09350431902380224	628
cg15795787	0.0935041670291126	628
cg03406367	0.09350381717525097	628
cg06218285	0.09350327902604083	628
cg18410078	0.0934992196795903	628
cg19370858	0.09349917046586487	628
cg16505953	0.09349856123582784	628
cg14704980	0.09349833913408231	628
cg17473656	0.09349790890744952	628
cg20729813	0.09349701560492202	628
cg25880537	0.09349598931860961	628
cg24827258	0.09349502934554632	628
cg06447378	0.09349420443585671	628
cg07935669	0.09349332091796847	628
cg07948875	0.09349144361462247	628
cg20141578	0.09349127385109923	628
cg05493001	0.09349098303001868	628
cg02782634	0.09349095942519892	628
cg26337998	0.09349076093522488	628
cg23184252	0.09348920454169596	628
cg24033661	0.09348899062606039	628
cg11616651	0.09348740836496755	628
cg24878051	0.09348738339135809	628
cg04401986	0.09348678796185332	628
cg04785587	0.0934855017202563	628
cg15796340	0.0934849026162059	628
cg25139410	0.09348487705174463	628
cg09331651	0.09348477443249559	628
cg24179288	0.0934839350669141	628
cg23452969	0.09348358539042656	628
cg01264729	0.09348330591553505	628
cg00294684	0.09348227423050365	628
cg11751545	0.09347971196230623	628
cg20641280	0.09347806887382512	628
cg04097078	0.09347744707561953	628
cg09363891	0.09347643985149806	628
cg24096680	0.09347351824149863	628
cg24388251	0.09346982961384742	628
cg26558366	0.09346734908239562	628
cg05085566	0.09346664412846797	628
cg04467320	0.09346527585376552	628
cg11173002	0.09346398830830346	628
cg18104646	0.09346234221929933	628
cg06283493	0.09346172051862589	628
cg08313128	0.09346022743850474	628
cg12623034	0.09345975989403343	628
cg16903060	0.09345953499884563	628
cg26012482	0.09345882172386571	628
cg04456492	0.09345769396865883	628
cg21171858	0.093456207892672	628
cg04955912	0.09345585452742483	628
cg06753281	0.09345463745608962	628
cg15499736	0.09345265467736263	628
cg05341539	0.09345149672412059	628
cg04526087	0.09345039448436615	628
cg10375078	0.09344998455839673	628
cg19786733	0.09344958109426044	628
cg21564128	0.09344766069780669	628
cg23184756	0.09344699042511256	628
cg24715735	0.0934431622786521	628
cg13396713	0.09344273551911986	628
cg21024234	0.09344251667533723	628
cg06878499	0.09344030322730229	628
cg03344433	0.09344026029171781	628
cg13236649	0.09343999981434423	628
cg14622443	0.09343963549791218	628
cg07018389	0.09343448136698526	628
cg03504446	0.09343398272415226	628
cg13775533	0.09343210804226082	628
cg21532636	0.09343020506522788	628
cg04413904	0.09343006316188629	628
cg12560020	0.09343003321156418	628
cg11845417	0.09342801621459207	628
cg13457515	0.09342730781509806	628
cg27230697	0.09342667879363968	628
cg08201311	0.09342571189264981	628
cg07873154	0.09342568647885685	628
cg27106643	0.09342275291039343	628
cg00840332	0.09342147264709055	628
cg11759552	0.09341914284073438	628
cg26190835	0.09341822785853238	628
cg18466162	0.09341680630468985	628
cg11241750	0.09341609374456245	628
cg05992395	0.09341556505646184	628
cg07950296	0.09341533771277111	628
cg17504641	0.09341523709065602	628
cg03325843	0.09341493061776074	628
cg03731131	0.09341484888247409	628
cg26395382	0.09341344272232688	628
cg01948202	0.09341283940762501	628
cg08942939	0.09340947030204522	628
cg08761443	0.09340669748692387	628
cg09169531	0.09340648837050436	628
cg26963277	0.09340538874758436	628
cg14414406	0.09340433628078826	628
cg18093064	0.09340415696877008	628
cg19376973	0.09340246382895467	628
cg26264314	0.09340043177218865	628
cg22395335	0.09339912890598395	628
cg16729850	0.09339784920812011	628
cg24401199	0.09339654825827265	628
cg14701597	0.09339627899389225	628
cg00862314	0.09339621502890849	628
cg03785728	0.09339577375270275	628
cg05237503	0.09339326503690876	628
cg18187200	0.09339324656965503	628
cg01218690	0.0933917274136788	628
cg21640432	0.09339000183833393	628
cg27578734	0.09338960447358843	628
cg16810031	0.09338930107087129	628
cg11470063	0.09338923878379468	628
cg03800281	0.09338879978216902	628
cg24791188	0.0933884897729903	628
cg19355932	0.09338801290978993	628
cg03130418	0.09338693424239042	628
cg07813322	0.09338568657237378	628
cg06061081	0.09338567630623518	628
cg01564640	0.09338282256700903	628
cg19866637	0.09338063803926755	628
cg13679311	0.09338035095248232	628
cg05996512	0.09337945212901066	628
cg03517147	0.0933790720947058	628
cg14504586	0.09337575605875092	628
cg01156892	0.09337458733601112	628
cg03211132	0.0933706418389888	628
cg23491756	0.09336944850876566	628
cg23762517	0.09336889617004755	628
cg14177934	0.09336674716635524	628
cg13641198	0.09336657921583802	628
cg13393433	0.09336478139263304	628
cg13476072	0.09336394329123088	628
cg14014098	0.0933631099019886	628
cg06677890	0.09336273663385958	628
cg02498174	0.09336264419889179	628
cg10193721	0.09336149495049934	628
cg01512719	0.09335982333622284	628
cg06898214	0.09335743570013272	628
cg01932308	0.09335480098759202	628
cg25722945	0.09335475785304337	628
cg02389317	0.09335471184103722	628
cg09451188	0.09335452671943625	628
cg23907053	0.09335370704384524	628
cg15908877	0.09335304665228383	628
cg24555763	0.0933511254629541	628
cg17029354	0.09334852755401493	628
cg07333715	0.0933456004916382	628
cg03703111	0.09334537413249624	628
cg04581728	0.09334537126112485	628
cg15867652	0.09334438721913357	628
cg09504320	0.09334430429314239	628
cg15970457	0.09334355393779781	628
cg20137179	0.09333970040869671	628
cg04048634	0.09333698505890212	628
cg10502957	0.09333620699348583	628
cg12623183	0.0933353564643567	628
cg08787769	0.09333295875226044	628
cg00976797	0.09333165905498009	628
cg17148876	0.09333114219092803	628
cg04585378	0.09333096470784968	628
cg16802892	0.09333094045632152	628
cg20164479	0.09332986331913179	628
cg03261408	0.09332797595159825	628
cg00045070	0.0933258780486231	628
cg02629506	0.09332566435423695	628
cg14997592	0.09332521006099681	628
cg22343083	0.09332502422657529	628
cg27289463	0.09332396172152428	628
cg04349985	0.09332365706021564	628
cg05959430	0.09331938588385963	628
cg21624359	0.09331847216138783	628
cg24708097	0.09331834868911737	628
cg26783146	0.09331824951414328	628
cg14239111	0.09331791607835727	628
cg13827584	0.09331769429362827	628
cg11913489	0.09331654692881963	628
cg21440365	0.09331492085017129	628
cg14071524	0.09331350152064016	628
cg09512548	0.09331178700532766	628
cg26014466	0.09331062814158442	628
cg23533513	0.09331022381059212	628
cg18002447	0.09330926350934654	628
cg25065131	0.0933084012221217	628
cg08817867	0.09330377752833247	628
cg24788090	0.09330317243898989	628
cg08110058	0.09330074037569497	628
cg19375140	0.09330029820461516	628
cg24149658	0.093299983764498	628
cg21675254	0.0932987691521624	628
cg16952362	0.09329854908667123	628
cg00096603	0.09329748100474444	628
cg23892192	0.09329562623324633	628
cg18592561	0.09329408475165765	628
cg00237268	0.09329361163796729	628
cg07423151	0.09329223511404106	628
cg05536105	0.09328781178178394	628
cg02858118	0.09328743718453067	628
cg27425413	0.0932873532545336	628
cg05767159	0.09328692633006022	628
cg15143788	0.09328598729768156	628
cg09293718	0.09328407324892535	628
cg21137244	0.09328335159142442	628
cg15300753	0.09328200231704592	628
cg21410120	0.09328179872330378	628
cg19033943	0.09328177712767904	628
cg00940977	0.09328140055623746	628
cg19269511	0.0932804164084628	628
cg13968061	0.09328021483563048	628
cg02764897	0.09328019779341329	628
cg10458494	0.09327976276816397	628
cg22007216	0.09327886991003725	628
cg06615464	0.09327866542208724	628
cg20347042	0.09327697986079009	628
cg10615150	0.09327662677339014	628
cg26871347	0.09327627366842459	628
cg05693489	0.09327625184291705	628
cg12448285	0.09327546843157972	628
cg07640336	0.0932734912577926	628
cg02732915	0.09327319975390913	628
cg14683143	0.09327189070355635	628
cg01442005	0.09327165819650152	628
cg21810411	0.093270061339188	628
cg20415947	0.09326886259988604	628
cg13220569	0.09326768715394795	628
cg15016120	0.09326638104984647	628
cg03527501	0.0932655229351	628
cg26039867	0.09326394029691801	628
cg14514716	0.09326366724707388	628
cg11130630	0.09326355395031044	628
cg27415283	0.0932581399857475	628
cg18263166	0.09325780542141943	628
cg10861599	0.09325667799052245	628
cg25628429	0.09325605543016977	628
cg11018338	0.09325484408410856	628
cg24134292	0.09325440147521613	628
cg12593634	0.09325400374907514	628
cg07679322	0.0932538650949557	628
cg10126903	0.09325089631962372	628
cg00778880	0.09325067870493361	628
cg06378434	0.09324925078865626	628
cg27027631	0.09324917219883408	628
cg12236164	0.09324830448256784	628
cg11574745	0.09324830310197474	628
cg06635871	0.0932454905861324	628
cg18393747	0.09324405645953011	628
cg02697649	0.09324326565461138	628
cg12173181	0.09324279662918794	628
cg14911766	0.0932412550478447	628
cg23342718	0.09323964638062979	628
cg13790353	0.09323930700254444	628
cg06448442	0.09323901855516042	628
cg06510261	0.09323686684115792	628
cg10334323	0.0932360892984278	628
cg24696728	0.09323462584335784	628
cg13173536	0.09323389215716532	628
cg08575233	0.09323359228899197	628
cg08865559	0.09323275143675763	628
cg16648094	0.09323258169702459	628
cg26182253	0.09323169534356751	628
cg10077239	0.0932311162138803	628
cg13957126	0.09322990769693507	628
cg02737619	0.09322834878748208	628
cg00011740	0.093227509676863	628
cg06395414	0.09322645796710008	628
cg06164973	0.09322586358539064	628
cg19422019	0.09322563432288417	628
cg19937061	0.09322511724698124	628
cg17661717	0.09322491106808217	628
cg15209566	0.09322352188229957	628
cg05344495	0.09322312483874146	628
cg26874872	0.09322239663864279	628
cg16513459	0.0932214587696169	628
cg06609430	0.09322082927604058	628
cg17888086	0.09322010276537085	628
cg23881613	0.0932180342838157	628
cg21454485	0.09321769169981498	628
cg01238435	0.09321757457981175	628
cg15267318	0.0932167647820707	628
cg08775595	0.0932165557263967	628
cg10294363	0.09321544946395921	628
cg13622450	0.09321455893551683	628
cg12430062	0.09321423498452672	628
cg03405909	0.09321123932950541	628
cg15852841	0.09320944446251977	628
cg26614154	0.0932075225798997	628
cg15357156	0.09320532653905023	628
cg26182780	0.09320362343267147	628
cg21871038	0.09320244646095993	628
cg06064525	0.09320208649415201	628
cg27210136	0.0932001443095884	628
cg22471112	0.09320001167471262	628
cg22308726	0.09319848942010511	628
cg03352153	0.09319845202767674	628
cg00018850	0.09319809893982106	628
cg12196406	0.09319729969619961	628
cg24784416	0.09319644713430186	628
cg16393742	0.09319382246913244	628
cg25666210	0.09319256387267416	628
cg00939682	0.09319129078817959	628
cg03387585	0.09318764992921347	628
cg19378216	0.09318724501385373	628
cg05152781	0.09318704241166031	628
cg07725579	0.09318703085646182	628
cg24838825	0.09318654276181798	628
cg21031530	0.09318637850270675	628
cg06318624	0.09318613123597647	628
cg00777926	0.09318553298613996	628
cg04403423	0.0931854859854569	628
cg18890556	0.09318515933811261	628
cg24696151	0.09318510516433365	628
cg11855117	0.09318424507298367	628
cg07608333	0.09318419067088235	628
cg08774104	0.09318414278422615	628
cg16260696	0.09318129678587098	628
cg14981532	0.09318059925378197	628
cg26831409	0.09318029017309093	628
cg11136041	0.09317979423644224	628
cg20045155	0.09317662217208916	628
cg23001415	0.09317638958024275	628
cg08733307	0.09317475945561077	628
cg18825531	0.09317418107760092	628
cg07117596	0.09317413005667641	628
cg20659752	0.09317324152930287	628
cg01311470	0.09317266181088657	628
cg25033144	0.09317238766866054	628
cg03337482	0.09317113245226111	628
cg05269845	0.09316985968753516	628
cg03687532	0.09316896512198114	628
cg08117728	0.09316844649371497	628
cg05357932	0.09316609302359097	628
cg06520134	0.09316537133703912	628
cg00100703	0.09316375413240274	628
cg20941258	0.09316188051892366	628
cg06064212	0.09315969259648199	628
cg02841482	0.09315917023137793	628
cg17404449	0.09315468280440348	628
cg10930308	0.0931524904151418	628
cg25898146	0.09315236998106127	628
cg02547724	0.09315094724311246	628
cg02362103	0.09315009497894734	628
cg19406367	0.09314952718434885	628
cg07470694	0.09314894998416112	628
cg06531741	0.09314890597231784	628
cg16854917	0.09314739135558031	628
cg13675721	0.09314688731754228	628
cg27009246	0.09314576286920123	628
cg06638935	0.09314526377245347	628
cg06909503	0.09314399834509862	628
cg05033939	0.0931425763557151	628
cg04630292	0.09314023028289994	628
cg02414889	0.0931393132631185	628
cg04780086	0.09313793466158657	628
cg11963912	0.09313654326162202	628
cg22607266	0.09313598181831328	628
cg08565979	0.09313451837489334	628
cg14684749	0.09313449287022746	628
cg25649515	0.09313438385034117	628
cg19136632	0.09313284768550156	628
cg14100973	0.09313152473190894	628
cg02325832	0.09313148635261886	628
cg27487796	0.09313111661537712	628
cg25383699	0.09313095004586276	628
cg22480742	0.09312946764492348	628
cg15001131	0.09312849319202801	628
cg07861448	0.09312727103709341	628
cg03350163	0.09312682980572984	628
cg16721194	0.09312517914469476	628
cg15541170	0.09312354744979204	628
cg24770256	0.09312319728418175	628
cg07224291	0.0931231502994832	628
cg15073147	0.09312212147875071	628
cg17388779	0.09311987704120589	628
cg26482939	0.09311869867815326	628
cg00105041	0.09311748416867	628
cg16894746	0.09311707261552543	628
cg07974025	0.09311658095483782	628
cg05892146	0.09311476250682532	628
cg07273376	0.09311380130464073	628
cg08118309	0.09311328136861757	628
cg08864645	0.09311220388361535	628
cg25304439	0.09311066602888785	628
cg10613426	0.09310882839623263	628
cg07106794	0.09310872908957024	628
cg02909158	0.09310796297544502	628
cg03613822	0.0931067126991575	628
cg06677089	0.09310591667860318	628
cg02935132	0.09310113324111599	628
cg19813135	0.09309952836716495	628
cg04667538	0.09309949736143214	628
cg01518889	0.09309813684238995	628
cg24427243	0.09309747033556329	628
cg25865108	0.0930941016408337	628
cg18468235	0.09309353381585725	628
cg11645465	0.09309268085448708	628
cg09120722	0.09309240168845473	628
cg07268734	0.09309143907269901	628
cg27128011	0.09309121465353509	628
cg02347652	0.09308963172453	628
cg20146489	0.09308775019128068	628
cg00699321	0.0930874662046739	628
cg02893619	0.09308717168062236	628
cg21294945	0.09308699023566419	628
cg16829244	0.09308594772769246	628
cg24840099	0.0930854627283059	628
cg00913032	0.09308374342071377	628
cg20348196	0.09308288829466063	628
cg22244418	0.09308287376680502	628
cg02517342	0.09308212582827718	628
cg24490529	0.09307867992062957	628
cg26495716	0.09307788916096643	628
cg18927077	0.09307723848214244	628
cg03582371	0.09307447510068712	628
cg11344574	0.09307001519421171	628
cg18857759	0.0930663145846431	628
cg25721132	0.09306551628367132	628
cg11006791	0.0930651791042067	628
cg11550356	0.09306436680251245	628
cg13215579	0.09306273654441205	628
cg21206147	0.0930614732056182	628
cg16686951	0.09306006194259611	628
cg17816771	0.09305599593893249	628
cg10874881	0.09305535675218818	628
cg04873514	0.09305471979659896	628
cg15936066	0.09305070241495747	628
cg13468318	0.09305046852943138	628
cg27310093	0.09304993032062892	628
cg07184643	0.09304930767707148	628
cg11417667	0.09304861445221108	628
cg08780166	0.09304833799049594	628
cg17334389	0.09304734952397642	628
cg03838635	0.09304443650054757	628
cg24933060	0.09304362633420177	628
cg16086559	0.09303930320423842	628
cg03018256	0.0930376077341667	628
cg09005762	0.09303560582853243	628
cg06738242	0.0930354369877323	628
cg07654896	0.09303421548966229	628
cg27243405	0.09303401601937977	628
cg08527797	0.09303394199462095	628
cg06437862	0.09303179556928276	628
cg24599017	0.09303130763552925	628
cg08476157	0.09303106689739904	628
cg26309983	0.0930310020188414	628
cg19010490	0.09303019956047931	628
cg08410533	0.09302835414318114	628
cg03830929	0.09302827903247207	628
cg11092836	0.09302615730921021	628
cg21373145	0.09302597052229844	628
cg10397934	0.0930255702868587	628
cg20038493	0.09302487762496703	628
cg25138752	0.09302428544800567	628
cg08069383	0.09302291787558348	628
cg21368479	0.0930192916186946	628
cg08246090	0.09301807671032106	628
cg05976283	0.09301350675391062	628
cg03780486	0.09301278263916063	628
cg03975755	0.09301104639973481	628
cg12656424	0.09300907024728483	628
cg21332305	0.09300840159410778	628
cg26724949	0.09300803796364134	628
cg16692227	0.09300424634630461	628
cg21632014	0.09300268446052784	628
cg08506654	0.09300081236936258	628
cg01236063	0.09300057784349991	628
cg25503903	0.09299849809818667	628
cg14484703	0.09299755998816739	628
cg25755057	0.09299733205215921	628
cg13526915	0.09299710029519978	628
cg11503833	0.09299592469709544	628
cg06710195	0.09299506752556391	628
cg15754878	0.09299346614376763	628
cg18073883	0.09299048720736108	628
cg07856667	0.09298997219529725	628
cg18077387	0.09298859823811795	628
cg04554131	0.09298768999108883	628
cg14331765	0.09298751013475803	628
cg22775789	0.09298630392794906	628
cg15287895	0.09298609035259758	628
cg26217813	0.09298588150733811	628
cg19513876	0.09298568075290031	628
cg13095627	0.09298526814847677	628
cg27298526	0.09298351228215856	628
cg20476329	0.09298144163463484	628
cg09281805	0.09298115575612423	628
cg27461254	0.09298056034897317	628
cg17860133	0.09297826287005229	628
cg09437479	0.09297818983991107	628
cg21806592	0.09297729447817216	628
cg24137660	0.09297569628056321	628
cg08814148	0.09297225373393328	628
cg02274366	0.0929717152852311	628
cg26019584	0.09297168394827271	628
cg02907837	0.09297154537783542	628
cg07159802	0.09297128542591332	628
cg03575556	0.09297019868517475	628
cg15209808	0.09296831919999593	628
cg18425653	0.0929678048872869	628
cg26413174	0.09296611125583265	628
cg05031187	0.0929658249845372	628
cg22587758	0.0929644420542256	628
cg07813265	0.09296241176809139	628
cg18364707	0.09296187086153218	628
cg08832624	0.09296171249432178	628
cg01606773	0.09296158350081873	628
cg26397250	0.09295748275981408	628
cg03636880	0.09295703305591513	628
cg10765655	0.09295638845567633	628
cg12395012	0.0929521915432886	628
cg07482257	0.09295087619736361	628
cg27391357	0.09295058743769247	628
cg07265743	0.09295018866740103	628
cg26105649	0.0929476357625309	628
cg15945333	0.09294606690488127	628
cg14969542	0.09294579746896953	628
cg11231349	0.09294243613740977	628
cg03928812	0.0929418304895181	628
cg20216655	0.09294071715795338	628
cg14251777	0.09294066572292503	628
cg25440680	0.09294035932175665	628
cg06331899	0.09293994058756216	628
cg07300408	0.09293746063757302	628
cg05662664	0.09293680356447881	628
cg21758773	0.09293663169472416	628
cg19072291	0.09293479402507998	628
cg23348155	0.09293411307222327	628
cg14427527	0.09293398830473015	628
cg25641451	0.0929337668416847	628
cg18418655	0.09293162470814548	628
cg16140548	0.09292964875383827	628
cg11267802	0.09292927723516048	628
cg01588379	0.09292709156550216	628
cg19739906	0.0929258239563816	628
cg01937780	0.09292120539389906	628
cg18696912	0.0929210829875165	628
cg06380691	0.09292102560452697	628
cg00275503	0.09292023678129868	628
cg19933965	0.0929190855444848	628
cg02691192	0.09291864702105321	628
cg03343128	0.09291757067756085	628
cg24217003	0.09291708702217227	628
cg19582647	0.09291609516332139	628
cg13811867	0.0929155792500202	628
cg10997860	0.09291525025583403	628
cg08282037	0.09291216976440186	628
cg23947376	0.09291138756450323	628
cg21468929	0.09291053287553236	628
cg17418276	0.09290998105164733	628
cg27270214	0.09290865655783537	628
cg20249327	0.09290847924937946	628
cg06622408	0.0929066599733569	628
cg04034290	0.09290641492407203	628
cg07548313	0.09290383373102257	628
cg00614805	0.09290342220856229	628
cg09620705	0.09290282587322962	628
cg21246595	0.09290207435764966	628
cg01400302	0.09290190943838372	628
cg12532966	0.0929018274683211	628
cg11436362	0.0929012194205378	628
cg24641193	0.0929010035726513	628
cg02057305	0.09290091423445729	628
cg23219336	0.09289935625965101	628
cg03723247	0.09289866079360094	628
cg26329618	0.09289862699037982	628
cg10574376	0.09289855221965697	628
cg07889938	0.09289814442273955	628
cg00557099	0.09289808341663675	628
cg22971157	0.09289709860581957	628
cg12997538	0.0928970592658363	628
cg15443952	0.09289686366635508	628
cg14507088	0.09289679362378858	628
cg17094363	0.09289376790048332	628
cg02901522	0.09289154878814371	628
cg21181474	0.09288891444698394	628
cg09759446	0.09288716572979586	628
cg00611227	0.09288603801772316	628
cg21951648	0.09288543404900768	628
cg19491388	0.09288523755645894	628
cg02124291	0.09288261491609945	628
cg13787775	0.09288118008644103	628
cg21569398	0.09288036688204579	628
cg13562102	0.09287916664067192	628
cg06615730	0.09287554075011115	628
cg20979737	0.09287405695579784	628
cg13070632	0.09287398624680354	628
cg19921917	0.0928729872483256	628
cg01343097	0.09287230205176605	628
cg23316253	0.09287193780209199	628
cg04043455	0.09287151929835347	628
cg01584939	0.09287054181952675	628
cg05941376	0.09286968382428884	628
cg17474545	0.09286841467805068	628
cg13208899	0.09286761712121294	628
cg09695430	0.09286160291398429	628
cg26250585	0.09286142821412474	628
cg17734802	0.09286136510404075	628
cg08672919	0.09286061827620984	628
cg23138261	0.09286024752394362	628
cg23965720	0.09285555039853893	628
cg18436272	0.0928545793832441	628
cg17753356	0.09285199592720256	628
cg13026772	0.09285138681346639	628
cg26992634	0.09285117895833009	628
cg13867039	0.09285020868644617	628
cg07095230	0.0928482461390815	628
cg11521470	0.09284719067283165	628
cg01375075	0.09284656466034749	628
cg03403507	0.09284453645555124	628
cg00723275	0.09284362566831095	628
cg23548201	0.0928424938414287	628
cg27226320	0.09284238388744301	628
cg21874682	0.09284225133470414	628
cg27297192	0.09284223475053816	628
cg03031383	0.09284222628679656	628
cg02565878	0.09284179494263578	628
cg02227188	0.09283880358372637	628
cg13713172	0.09283796738617617	628
cg17348244	0.09283773442190424	628
cg04181478	0.09283754158778573	628
cg05607401	0.09283667250894298	628
cg13217373	0.09283597107661076	628
cg00442205	0.0928354372434647	628
cg07999668	0.09283506743263953	628
cg26154831	0.09283487494873938	628
cg20351189	0.0928347341961902	628
cg08970694	0.0928332678910308	628
cg02139485	0.09283239671283097	628
cg17066531	0.09283168676840209	628
cg15215348	0.09283036894671243	628
cg25677261	0.09282970302488236	628
cg12828073	0.09282897456488204	628
cg07340708	0.0928276033058768	628
cg13537061	0.09282568554210588	628
cg19021412	0.0928243674333869	628
cg18063312	0.09282305761782882	628
cg25390440	0.09282284760561829	628
cg05003554	0.09282178324938217	628
cg02066144	0.0928194147763689	628
cg00905746	0.09281825710126679	628
cg20152430	0.09281679634326764	628
cg25717917	0.0928161249370415	628
cg03574652	0.0928123876303727	628
cg10864680	0.09281130221098474	628
cg10865238	0.09281122387655988	628
cg26789038	0.09280963854066782	628
cg13366501	0.09280887191183373	628
cg21108554	0.09280858367172251	628
cg22130834	0.09280499555817663	628
cg02184147	0.09280476625180234	628
cg18758906	0.0928038310376448	628
cg02960938	0.09280356534121326	628
cg10006614	0.09280017583396377	628
cg12980549	0.09280007396616768	628
cg04497684	0.09279998718488008	628
cg08831401	0.09279792710331697	628
cg13074055	0.09279768813470446	628
cg23172080	0.09279667121270829	628
cg14112569	0.092795326389084	628
cg09892262	0.09279419003442829	628
cg00950004	0.09279407601479084	628
cg24020157	0.09279375088054148	628
cg18223453	0.09279312286415631	628
cg02363526	0.09279189316293662	628
cg19769982	0.0927915059273139	628
cg03012374	0.09279134964154762	628
cg24911113	0.0927906427319026	628
cg11587069	0.09278946762898738	628
cg13468214	0.09278850182506404	628
cg12284098	0.09278744435088943	628
cg01872872	0.09278407930754401	628
cg23521666	0.09278293596708592	628
cg02940362	0.09278286963268789	628
cg11457640	0.09278261955103492	628
cg02431531	0.09278244665126323	628
cg24757553	0.09278176243127823	628
cg00806481	0.09278154070033945	628
cg25958911	0.09277772104890625	628
cg20367266	0.09277751421391411	628
cg19015962	0.09277708849787625	628
cg21913528	0.09277586693237827	628
cg08455099	0.09277571727965031	628
cg27229529	0.09277218578759183	628
cg11655243	0.09277198318821567	628
cg07623037	0.09276985089388534	628
cg14129855	0.09276950008024734	628
cg02599716	0.09276882964042639	628
cg04540442	0.0927665368900209	628
cg16092829	0.09276471974714573	628
cg19760241	0.09276368240543825	628
cg25735648	0.09276066467831118	628
cg24809544	0.09275960588680776	628
cg00799637	0.09275921434160422	628
cg24726121	0.09275724709650707	628
cg08460026	0.09275708446218223	628
cg00408678	0.09275651542361155	628
cg27257822	0.09275559000880618	628
cg24817358	0.09275533541109335	628
cg15572396	0.09275463684866797	628
cg06432753	0.09275212768124413	628
cg18267049	0.09275001541877456	628
cg17362900	0.09274928462368923	628
cg17557141	0.09274695121375187	628
cg26940676	0.0927465191087421	628
cg16628334	0.09274488266402808	628
cg22197708	0.09274486120201891	628
cg19386336	0.09274477598889136	628
cg00574563	0.09274412464416588	628
cg07802710	0.0927421276853706	628
cg16515500	0.09274172052084717	628
cg10968631	0.09274140926595659	628
cg05846868	0.09274132241614443	628
cg09433114	0.09273891486657868	628
cg09438075	0.09273880664199163	628
cg09920228	0.0927382079093323	628
cg01756536	0.09273676007373621	628
cg16629749	0.09273669591750772	628
cg09954631	0.09273646022154419	628
cg00573584	0.09273509628340487	628
cg11282676	0.09273425082304393	628
cg16949914	0.09273275106467072	628
cg07970799	0.09273254102637252	628
cg02550308	0.09273248297649694	628
cg10138338	0.09272828335227173	628
cg19377607	0.09272772553725897	628
cg27394794	0.09272630214720767	628
cg24616366	0.09272626018526192	628
cg06698332	0.09272558504846601	628
cg22834409	0.09272514422305894	628
cg23250528	0.09272447564341407	628
cg07937271	0.0927228608153644	628
cg01553182	0.09272261509381796	628
cg06029700	0.09272187365202589	628
cg05626927	0.09271980325775599	628
cg27527345	0.09271913853197644	628
cg14475840	0.09271861733125253	628
cg25368667	0.09271764876525618	628
cg10687107	0.09271713599906553	628
cg05289966	0.09271600736947638	628
cg10426076	0.09271563927576743	628
cg10419295	0.09271531550903411	628
cg03814644	0.09271508322055344	628
cg24417135	0.09271422346545827	628
cg00290039	0.09271404524166449	628
cg22900681	0.09271204033976815	628
cg11028201	0.09271173694120648	628
cg14400030	0.09271088332403848	628
cg23203698	0.09270910142951655	628
cg10620680	0.09270799345129649	628
cg04755345	0.09270797178124807	628
cg09590068	0.09270647686311986	628
cg05916545	0.09270560211645473	628
cg16333374	0.09270467050576875	628
cg00821186	0.09270320277764366	628
cg04070986	0.09270298891523726	628
cg23488804	0.09270202269552891	628
cg12684999	0.09270113792184734	628
cg07950803	0.09269822834291286	628
cg20415053	0.09269714498513254	628
cg13444135	0.09269655029290796	628
cg07871153	0.09269609506233478	628
cg09610578	0.09269582258457326	628
cg26960719	0.09269451710607485	628
cg26131026	0.09269073808649844	628
cg20544605	0.09268973419550053	628
cg11170044	0.0926891420581577	628
cg24166295	0.09268781763185868	628
cg17333767	0.09268526660607201	628
cg09283548	0.09268486556999428	628
cg16532223	0.09268431508849795	628
cg01629716	0.09268416973888666	628
cg07642463	0.09268349085931349	628
cg15234271	0.09268299110609274	628
cg04890851	0.09268000879832466	628
cg10612492	0.0926785209576069	628
cg20660989	0.0926772006075352	628
cg14750836	0.0926751805806803	628
cg02523270	0.09267302280353401	628
cg16751357	0.09267265890030502	628
cg10479459	0.0926719278154487	628
cg20720118	0.09267147711551466	628
cg19757131	0.09267102979340774	628
cg00101457	0.09266732918945297	628
cg18774642	0.0926659923011697	628
cg11676353	0.09266591308350766	628
cg06822943	0.09266555965152357	628
cg05403346	0.09266544497498524	628
cg06788764	0.092663875877803	628
cg03289906	0.09266369555605553	628
cg23434592	0.09266341576326431	628
cg15889462	0.09266319075762275	628
cg01027957	0.09266298403560308	628
cg03106245	0.09266226343605216	628
cg13904874	0.0926621079872183	628
cg17215172	0.09266076406208035	628
cg01379412	0.09266065828363423	628
cg27007439	0.09265890755841816	628
cg04071798	0.0926575764773565	628
cg26282384	0.09265680695936848	628
cg18402987	0.09265672656467525	628
cg10034578	0.09265644351599372	628
cg06948222	0.09265534504329692	628
cg15118447	0.09265466415008533	628
cg06369992	0.09265430166436457	628
cg13329862	0.09265188463490429	628
cg05146658	0.09265146546428471	628
cg05628506	0.09264943451522106	628
cg07545317	0.09264788108605075	628
cg27426882	0.09264691942131492	628
cg18565717	0.09264591286670243	628
cg12710228	0.0926443152271228	628
cg06113789	0.09264236036030075	628
cg08190562	0.09264219408553603	628
cg08439439	0.09264095574718073	628
cg06638795	0.0926405513796566	628
cg22185100	0.09263506350340397	628
cg23004985	0.09263101496685422	628
cg23843705	0.0926306008569712	628
cg08050115	0.09262793402035158	628
cg20617957	0.09262664583892566	628
cg23139887	0.09262580977772211	628
cg07120031	0.09261939765832727	628
cg23164218	0.09261896270883022	628
cg24087669	0.09261704478529154	628
cg00553610	0.09261670191476956	628
cg07332880	0.09261665683781051	628
cg17772163	0.0926163877680293	628
cg24298280	0.0926158666394129	628
cg05030953	0.0926141856466674	628
cg18303423	0.09261407404742011	628
cg19707735	0.09261401964175786	628
cg21649442	0.09261376770995591	628
cg01082798	0.09261130551651103	628
cg15348839	0.09261108373660604	628
cg24289314	0.092610910429059	628
cg21573651	0.09260822227833748	628
cg18143566	0.092606388050405	628
cg20031717	0.09260480831401913	628
cg08731543	0.09260327401128127	628
cg03713668	0.09260320575118214	628
cg06390585	0.09260288737457945	628
cg09808606	0.0926016108478181	628
cg00648883	0.09260136197288249	628
cg01624197	0.09260096588956518	628
cg17384064	0.09260045517599336	628
cg01141838	0.09260022146297031	628
cg10556064	0.09259991220104187	628
cg10771650	0.09259966736821296	628
cg09520501	0.0925996589865466	628
cg25468516	0.09259959516463906	628
cg04373359	0.09259829162652619	628
cg09705784	0.09259785399485798	628
cg06527050	0.09259736348908948	628
cg26242772	0.09259719731728358	628
cg20916427	0.09259587805432257	628
cg22163280	0.09259546140579294	628
cg23950788	0.09259543790005875	628
cg15726040	0.0925952305413329	628
cg06577710	0.09259426011126451	628
cg10321156	0.09259402894320654	628
cg03197758	0.09259301161477734	628
cg16379091	0.09259267162665286	628
cg15238224	0.0925911068155571	628
cg26276233	0.0925907243481742	628
cg13246235	0.0925886821319507	628
cg24667756	0.09258779503425141	628
cg24391989	0.0925876245299333	628
cg21136104	0.09258569606909886	628
cg07038400	0.09258374470489646	628
cg06607919	0.09258245802365533	628
cg23187316	0.09258227153511162	628
cg00563678	0.09258185293023208	628
cg06467207	0.09258140329633441	628
cg02954987	0.09258111812422769	628
cg12150256	0.09257845307408352	628
cg25045942	0.09257689026872343	628
cg01867045	0.09257508064570638	628
cg24624901	0.0925748352983044	628
cg16735509	0.09257472223181049	628
cg19398269	0.09257264878198421	628
cg14339410	0.09257199285399714	628
cg18982384	0.09257190623723577	628
cg08049519	0.09257156557251892	628
cg20706768	0.09257093175044229	628
cg06077821	0.09257044057842945	628
cg14137939	0.09256670263512204	628
cg23735602	0.09256617350474455	628
cg14154186	0.09256535471091276	628
cg27454064	0.09256454998377664	628
cg16084133	0.09256334557775214	628
cg00544436	0.09256321368595932	628
cg19160672	0.09256240843084873	628
cg16768697	0.0925618252034035	628
cg24771017	0.09256170860008356	628
cg22932482	0.09256155780646902	628
cg03894891	0.09256075874454817	628
cg23888021	0.09255972060619844	628
cg15608301	0.09255897376119172	628
cg15703035	0.09255837619169821	628
cg21428710	0.09255541958999669	628
cg26734335	0.09255464685109499	628
cg27560687	0.09255321519207838	628
cg04621893	0.09255182411944327	628
cg10812889	0.09255141521652352	628
cg19186806	0.09255110209218728	628
cg04194479	0.09254986377884727	628
cg21844318	0.09254816460530896	628
cg02411937	0.09254791452368832	628
cg21579274	0.09254733117156408	628
cg16567676	0.09254537642528893	628
cg11729679	0.092544466091192	628
cg17072503	0.0925418143698224	628
cg01798024	0.09254018813586817	628
cg03309393	0.09253809794849494	628
cg17896927	0.09253628314993595	628
cg27236490	0.09253624867277516	628
cg15376615	0.09253519212104953	628
cg23904247	0.09253501304442938	628
cg10457446	0.09253351946399446	628
cg12821804	0.09253233181723142	628
cg24514678	0.09253177004569768	628
cg21900073	0.09253035395255682	628
cg03608577	0.09252983855754193	628
cg07882648	0.09252969157598295	628
cg02514143	0.09252915222230074	628
cg08985785	0.09252502142556984	628
cg00162859	0.09252050482897639	628
cg11362596	0.09251788113909659	628
cg18993113	0.09251717966242745	628
cg01129004	0.09251636739827246	628
cg19861741	0.09251485886617117	628
cg12036735	0.09251425794577617	628
cg11056129	0.09251290861784484	628
cg20212940	0.09251209782276554	628
cg08072356	0.09251063442915064	628
cg07921314	0.09251058675823168	628
cg21501305	0.09251033064407677	628
cg10188897	0.09250984574502781	628
cg15951188	0.09250942481371219	628
cg13966557	0.09250775341834466	628
cg10657228	0.0925077213919186	628
cg12961069	0.092506153904448	628
cg14504291	0.09250507200190616	628
cg14159673	0.09250448045445059	628
cg20435238	0.09250312454806958	628
cg23862925	0.09250301620116563	628
cg13451637	0.09250209934403708	628
cg26709988	0.09250097242749289	628
cg19756790	0.09249885025717161	628
cg15049402	0.09249863462125485	628
cg15076824	0.09249824245666916	628
cg10030162	0.09249675226975412	628
cg22885540	0.09249452621087767	628
cg05530630	0.09249399734303576	628
cg19290577	0.09249273610751538	628
cg14213590	0.09248981765349795	628
cg11648522	0.09248932939390436	628
cg18330082	0.09248907433364562	628
cg02363677	0.09248895940944513	628
cg24932662	0.09248876619287066	628
cg20704963	0.092488269727036	628
cg08234418	0.09248784790727044	628
cg10923561	0.09248592642222303	628
cg26669393	0.09248535229283583	628
cg12561945	0.09248477256171977	628
cg24480012	0.09248262135662974	628
cg16288318	0.09248235455305137	628
cg24028809	0.09248157522235229	628
cg13136220	0.09247891693377167	628
cg24629016	0.09247597181359202	628
cg17542852	0.09247516609801754	628
cg23375895	0.09247480005758468	628
cg02351381	0.09247422796044746	628
cg08051604	0.09247390147706847	628
cg22031873	0.09247186826383236	628
cg13332123	0.0924712461641326	628
cg23640231	0.09246999830348368	628
cg13648715	0.09246977596709255	628
cg23543432	0.0924680576373359	628
cg01644741	0.09246753976022443	628
cg27223728	0.09246516992188339	628
cg18486231	0.09246129842792877	628
cg10740573	0.09246082311557435	628
cg20675391	0.09245999827168605	628
cg17278793	0.09245861546102774	628
cg18593945	0.09245845881606674	628
cg26439139	0.09245770531506825	628
cg25729432	0.09245730140802977	628
cg02202484	0.09245720127446061	628
cg18095938	0.09245637091185982	628
cg09277575	0.09245590309271123	628
cg20608895	0.09245524011071565	628
cg11888747	0.09245523055621677	628
cg18428825	0.09245486026660377	628
cg06152586	0.09245424887762951	628
cg03011658	0.09245265142928882	628
cg04505845	0.09245106259002814	628
cg22413399	0.09245105543491039	628
cg03671371	0.09245068136257192	628
cg26567385	0.09245061040399288	628
cg17977273	0.09244913144398903	628
cg08454455	0.092446226297603	628
cg10840704	0.09244618381822911	628
cg02588889	0.09244572567226952	628
cg16071125	0.09244551258893602	628
cg22392857	0.09244512781705266	628
cg12594237	0.09244410292332106	628
cg21011570	0.09244256204985324	628
cg10124548	0.09244223975352561	628
cg11235411	0.09244022423947978	628
cg01120132	0.09243942003158773	628
cg16379999	0.0924373278718614	628
cg24881607	0.0924355548026703	628
cg23210478	0.09243491989893032	628
cg27547695	0.09243389929305984	628
cg25608061	0.09243308217748841	628
cg18358020	0.09243297230125047	628
cg15717840	0.09243207919720631	628
cg17709804	0.09243174990804663	628
cg07217341	0.09243138763127917	628
cg20627652	0.09243073053173856	628
cg00576689	0.09242998290246612	628
cg00747944	0.09242785092730393	628
cg08540622	0.09242780134053957	628
cg21434954	0.09242647729441483	628
cg10001848	0.09242613525103816	628
cg10954740	0.09242562944155225	628
cg14807945	0.09242510749931876	628
cg06524039	0.09242454732917721	628
cg00820171	0.09242400273653095	628
cg00646241	0.0924232514701887	628
cg16119613	0.09241901743456066	628
cg01159194	0.09241741185773389	628
cg18066403	0.09241706399692307	628
cg14355482	0.09241621091916419	628
cg01946401	0.09241515693762503	628
cg05040360	0.09241506406195771	628
cg00474889	0.09241466683369433	628
cg09829888	0.09241433785315695	628
cg16594878	0.0924124696549784	628
cg00683496	0.09241228216546682	628
cg16323245	0.09241211974074293	628
cg09681335	0.09241107353817005	628
cg21450829	0.09241049416166514	628
cg15312264	0.0924094547040489	628
cg03670393	0.09240799631850222	628
cg15674899	0.09240727705494095	628
cg23659056	0.09240700610829328	628
cg16318253	0.09240287484665738	628
cg03555881	0.09240237980785121	628
cg20683802	0.09240099438743865	628
cg26492368	0.09240062257304484	628
cg20546215	0.09240051598493237	628
cg25454928	0.09239875900112562	628
cg15922045	0.09239485217757298	628
cg14957660	0.09239228361188712	628
cg09563851	0.09239222769329913	628
cg11968792	0.09239215225049935	628
cg16362232	0.09239092807381379	628
cg27333099	0.09239000414015963	628
cg27626387	0.09238859129080301	628
cg13151527	0.09238808460670073	628
cg20996312	0.09238682210356935	628
cg25173341	0.09238568977437667	628
cg17674726	0.09238560326599038	628
cg12798157	0.0923849658482079	628
cg18496543	0.09238392069216622	628
cg06154597	0.09238243723404183	628
cg15780540	0.09238158448378178	628
cg23075506	0.09238120764817553	628
cg22268510	0.0923805420910729	628
cg01899600	0.09237745176223755	628
cg02411198	0.09237708492803354	628
cg00590063	0.09237706096351758	628
cg13551098	0.09237699377886865	628
cg13648550	0.09237551647099179	628
cg14425733	0.09237548288454223	628
cg17313432	0.09237488744635236	628
cg15069235	0.09237396750403576	628
cg00989365	0.09237393947733726	628
cg21836062	0.09237283963076026	628
cg13806489	0.09237213660217919	628
cg19707853	0.09237208070632436	628
cg17856063	0.0923712694432898	628
cg02088197	0.09237070540927939	628
cg02352281	0.09237005176572666	628
cg12142354	0.09236967005327129	628
cg23162201	0.09236960070046885	628
cg14927745	0.09236739935131213	628
cg12785993	0.09236431483679786	628
cg07824888	0.09236169643725595	628
cg09524946	0.09236147625988936	628
cg07009284	0.09236074196424265	628
cg19120064	0.09235887923332532	628
cg08628269	0.09235822154314788	628
cg26677288	0.09235726437221714	628
cg01046507	0.09235713169096654	628
cg14449958	0.0923569990806779	628
cg26276327	0.09235695190120102	628
cg26567423	0.09235622585521819	628
cg16714096	0.09235456268367395	628
cg01234420	0.09235372407582626	628
cg13320202	0.09235343674932472	628
cg16210461	0.09235302268621276	628
cg01645955	0.09235073999979199	628
cg07952813	0.09234889772357878	628
cg13647892	0.09234874635514206	628
cg04201526	0.09234682322056503	628
cg24851260	0.09234492615048595	628
cg09256201	0.09234309657699938	628
cg09730302	0.09234288716588429	628
cg14565781	0.09234275917525357	628
cg01035261	0.09234223503750116	628
cg17464815	0.0923414094733695	628
cg12858693	0.09234005107578339	628
cg00528572	0.092339888848806	628
cg18082515	0.09233868173103013	628
cg27295118	0.0923380158845554	628
cg22891278	0.09233426780979953	628
cg04588710	0.09233369461095842	628
cg01344171	0.092333609193884	628
cg20981086	0.0923333291207083	628
cg24015802	0.09233204995644992	628
cg15021280	0.09233195270382558	628
cg15336243	0.09233123021268147	628
cg12480375	0.0923311407030108	628
cg18853490	0.09233091928005158	628
cg00573410	0.09233086915963537	628
cg06077978	0.09233075599637684	628
cg27435799	0.09232916480456177	628
cg24913794	0.09232785001295618	628
cg12893697	0.09232761710560944	628
cg00017157	0.0923272113518025	628
cg01304080	0.09232432184743783	628
cg13912311	0.09232295037978427	628
cg02952913	0.09231982435789676	628
cg15366555	0.09231780907379958	628
cg24638099	0.09231732283057678	628
cg18834402	0.092317145809587	628
cg14737994	0.0923168128471496	628
cg16887179	0.0923163560737931	628
cg15010050	0.092314861566205	628
cg10259889	0.09231429488658688	628
cg08464831	0.09231321369110584	628
cg24884140	0.09231216268711015	628
cg10195169	0.09231135133520042	628
cg26011534	0.09231046931252285	628
cg25936876	0.09230992372381441	628
cg19236703	0.09230905507512044	628
cg02378063	0.09230841693495928	628
cg26053881	0.09230761158074516	628
cg05127924	0.09230666774967922	628
cg07756135	0.09230466861249423	628
cg04578362	0.09230394371969122	628
cg13491139	0.09230318960359862	628
cg14831665	0.09230311986486947	628
cg04642165	0.09230285239875696	628
cg23457862	0.09230251975836212	628
cg18339718	0.09230183787205981	628
cg15012214	0.09230129283608943	628
cg24211657	0.09230091198138712	628
cg10453550	0.09230078246051177	628
cg02973961	0.09230050471289508	628
cg26444528	0.0923000714943021	628
cg13139838	0.09229675605257942	628
cg12765064	0.09229664038782553	628
cg16198468	0.09229575495484527	628
cg21047695	0.092294976945063	628
cg21537187	0.09229443375204055	628
cg07938763	0.09229350811935011	628
cg20169185	0.09229023579764561	628
cg14235273	0.09228992717702622	628
cg04269193	0.09228991146919896	628
cg19228647	0.09228760756062596	628
cg18839750	0.0922870361576969	628
cg02887598	0.09228270044945114	628
cg03284866	0.09228077641517843	628
cg11201447	0.0922806210165214	628
cg13880654	0.09228050056085363	628
cg17277001	0.09227758560085678	628
cg16210355	0.09227582868594941	628
cg20485058	0.09227443237850447	628
cg22768222	0.09227385924767867	628
cg23786209	0.0922721763907915	628
cg16166968	0.09227163770834929	628
cg26763945	0.09227162703743613	628
cg01301319	0.09227156157764183	628
cg21526357	0.0922697515172288	628
cg00675121	0.09226880579600216	628
cg22135324	0.09226793641456445	628
cg04537050	0.09226771769517217	628
cg19178509	0.09226735044934284	628
cg26118045	0.09226678315495096	628
cg18404335	0.09226652734804563	628
cg02349264	0.09226630013655837	628
cg20285470	0.09226505801604623	628
cg21198219	0.09226487521670879	628
cg04920527	0.09226478609302739	628
cg09287864	0.09226415103490711	628
cg21484586	0.09226410274712471	628
cg19079513	0.09226331205663169	628
cg15674825	0.09226223275815307	628
cg18803147	0.09226141946871808	628
cg22047295	0.09225937292158448	628
cg23125970	0.09225724183508727	628
cg16047117	0.09225576799040353	628
cg09126279	0.0922555177172236	628
cg09259797	0.09225497544685962	628
cg09607043	0.0922531445049325	628
cg27068996	0.09225303013955072	628
cg14606768	0.09225289767344169	628
cg12966392	0.0922522027106939	628
cg26888153	0.09225162966127493	628
cg07586956	0.0922495471337611	628
cg03752935	0.09224848016898546	628
cg17059136	0.09224535351360658	628
cg16576694	0.09224338080104083	628
cg26364809	0.09223926412629835	628
cg24886708	0.0922390596619172	628
cg15990629	0.09223825114788264	628
cg00685614	0.09223817324752664	628
cg07177437	0.09223757305232577	628
cg10432933	0.09223739829717376	628
cg17911420	0.09223534931952643	628
cg19737004	0.09223505471890447	628
cg16202331	0.09223159536748439	628
cg25149238	0.09223098707995592	628
cg17031543	0.09223039433967437	628
cg17491368	0.09222949643256328	628
cg05733285	0.09222889112060773	628
cg20896233	0.09222734009056738	628
cg01055824	0.09222729452913891	628
cg19716950	0.09222648259557442	628
cg15931471	0.09222610729934272	628
cg08633290	0.0922249255515035	628
cg00157012	0.09222353723810539	628
cg08448711	0.09222287494027642	628
cg09326135	0.09222216195667088	628
cg11321190	0.09222208188327369	628
cg25136988	0.09222126615441428	628
cg06609498	0.09222018891887873	628
cg18264728	0.0922190100351706	628
cg00980649	0.09221816487135492	628
cg23883632	0.09221321552928091	628
cg26226167	0.09221291399461506	628
cg24573743	0.0922128917439034	628
cg23624133	0.09221197712905987	628
cg24136292	0.09221041325966178	628
cg25658463	0.0922095213381495	628
cg04961042	0.09220887719783727	628
cg18044044	0.09220882777131717	628
cg13946767	0.09220805028170562	628
cg09032732	0.09220774394503783	628
cg05342782	0.09220625392634427	628
cg16616765	0.09220612497044256	628
cg06875704	0.09220400893068359	628
cg25691167	0.0922006475075247	628
cg06137123	0.0922000113853319	628
cg13678787	0.09219912133467278	628
cg04461228	0.09219861916299166	628
cg05343512	0.09219835462026024	628
cg05970811	0.09219722678849454	628
cg21714557	0.09219672320669861	628
cg14696334	0.09219598879786121	628
cg02519751	0.0921952585299419	628
cg14825735	0.09219360291811048	628
cg09419444	0.09219313934125145	628
cg16372051	0.09219312371637495	628
cg08335008	0.09219192874453475	628
cg17840719	0.09218915530032173	628
cg17643598	0.09218878506753655	628
cg14301190	0.09218784066229577	628
cg01193954	0.09218777451783289	628
cg22463795	0.09218540278924642	628
cg24191426	0.0921843599888893	628
cg18892212	0.09218242580845218	628
cg19998294	0.09218159773182155	628
cg02814135	0.0921811202291149	628
cg01097663	0.09218011950651228	628
cg12548176	0.09217851728408777	628
cg01114088	0.09217820946274394	628
cg20979921	0.0921780742818343	628
cg20082877	0.0921759913481475	628
cg02153814	0.09217586471574685	628
cg21624902	0.09217526060141411	628
cg25558761	0.09217445270964597	628
cg23856536	0.09217366599140586	628
cg21038418	0.09217335776069469	628
cg12410980	0.0921697578736495	628
cg02596089	0.09216665949449115	628
cg05206587	0.09216653588482837	628
cg16831889	0.09216634461090184	628
cg02367133	0.0921659900344811	628
cg02279147	0.09216481652582403	628
cg20238197	0.09216378018412974	628
cg19089201	0.09216264892809284	628
cg08427854	0.09216247854775061	628
cg03326608	0.09216192735226247	628
cg22677048	0.09216150245080629	628
cg22328837	0.09215939437865522	628
cg18137450	0.09215777312634782	628
cg01166892	0.0921571038686588	628
cg14591352	0.09215625887312523	628
cg17203352	0.09215612559518	628
cg14841540	0.09215505540220456	628
cg14325778	0.0921538238482798	628
cg16552454	0.09214968502419409	628
cg15829969	0.09214761354151901	628
cg06400319	0.09214635137251276	628
cg13137458	0.0921462344448826	628
cg01140416	0.09214472052471254	628
cg17128767	0.0921440678908344	628
cg20493526	0.09214293771157334	628
cg22856019	0.09214271596934637	628
cg18235734	0.09214140288441519	628
cg08714590	0.09213930932231357	628
cg00690809	0.09213902776913277	628
cg00793935	0.09213835482321928	628
cg22023435	0.09213210776860381	628
cg22884656	0.09213116332450268	628
cg19440734	0.09213111122194836	628
cg15711744	0.09213012358126632	628
cg25887844	0.09212982678268034	628
cg24051554	0.09212853939301827	628
cg06500727	0.09212759107822516	628
cg08985968	0.09212733354288638	628
cg26680644	0.09212647335210561	628
cg24411870	0.0921257851294513	628
cg19538335	0.09212405801814605	628
cg16247183	0.09212405101767274	628
cg25556008	0.09212370155075905	628
cg05451388	0.09212270647079623	628
cg06233985	0.09212206537819467	628
cg10588310	0.09212102100181246	628
cg08376141	0.09211891897933328	628
cg11554507	0.09211609569312623	628
cg13410764	0.09211603013193476	628
cg24703533	0.09211583838993392	628
cg15830591	0.09211464584566986	628
cg20837557	0.09211396197390162	628
cg20702879	0.09211383243172272	628
cg09782903	0.09211149797129004	628
cg14482116	0.0921095874535226	628
cg05385434	0.09210899286671748	628
cg04265972	0.09210868187068055	628
cg25217583	0.09210522858800782	628
cg07605269	0.09210413016871044	628
cg13096278	0.09210311945031818	628
cg11377213	0.09210250747299481	628
cg11166453	0.09210125326356039	628
cg00760729	0.09210038628324227	628
cg01542423	0.09209974441844276	628
cg11295942	0.0920966115204645	628
cg26548883	0.0920946182902021	628
cg00033213	0.09209117494866212	628
cg19714737	0.09208961499891524	628
cg12136906	0.09208841718865957	628
cg03768175	0.09208817974385614	628
cg18158859	0.09208684132823569	628
cg23489384	0.09208628959266736	628
cg19110684	0.09208608804951085	628
cg26306638	0.09208476434920251	628
cg12303582	0.09208359671241984	628
cg07379055	0.09208349583584644	628
cg04188920	0.09208300333391878	628
cg11942206	0.09208223882425515	628
cg05288071	0.09208218314946576	628
cg01313538	0.09208047031575112	628
cg18413025	0.09207935204543827	628
cg09866143	0.09207858387472767	628
cg08482167	0.09207747820819823	628
cg18045515	0.09207316373685992	628
cg02499308	0.09207291343064955	628
cg27014538	0.0920724968396674	628
cg02483101	0.09207146419599307	628
cg18182844	0.0920686162641679	628
cg13970437	0.0920678460628509	628
cg16337087	0.09206699191866402	628
cg11213150	0.09206545256180987	628
cg26678138	0.09206407625393259	628
cg22804236	0.09206372827716092	628
cg05147692	0.09206247844918863	628
cg17811845	0.09206115549248839	628
cg11185549	0.09205913048283149	628
cg18184975	0.09205856605078366	628
cg06320642	0.09205790188088936	628
cg24702069	0.09205771004384622	628
cg19333255	0.09205767050562813	628
cg05997362	0.09205478169011233	628
cg14422932	0.09205470482923633	628
cg10432422	0.09205462069284528	628
cg02761110	0.09205279601512484	628
cg09857577	0.09205242957587478	628
cg19265886	0.09205215194104538	628
cg08753403	0.09205036845912462	628
cg21243351	0.09204770555492475	628
cg07111566	0.09204629010457932	628
cg02617898	0.09204572860820043	628
cg25080229	0.09204519159152497	628
cg03791955	0.0920419635110446	628
cg16863052	0.0920403012250357	628
cg10845380	0.09203983036036645	628
cg17323974	0.09203824692814883	628
cg25425537	0.09203797092504173	628
cg04062622	0.092036094922303	628
cg03498886	0.09203438894777202	628
cg03400139	0.09203297294163382	628
cg10738003	0.09203257259425335	628
cg01827818	0.09203165085746334	628
cg20204986	0.09203087921402175	628
cg18642459	0.0920299006634443	628
cg06499262	0.09202985083454107	628
cg05240855	0.09202899590203584	628
cg20658450	0.0920282749888941	628
cg05822633	0.09202675619847342	628
cg19035254	0.09202670259084084	628
cg08694699	0.09202661147441946	628
cg19250907	0.0920257315715246	628
cg19163939	0.09202544573264354	628
cg10089865	0.09202041778398756	628
cg07040723	0.09202018857442401	628
cg03280622	0.09201960541964205	628
cg02634628	0.09201954380241789	628
cg12709009	0.0920189568979004	628
cg22335826	0.09201786948179166	628
cg06908244	0.09201187380429077	628
cg10585661	0.09201137817805163	628
cg05908492	0.09201073585790842	628
cg00802903	0.09200944193398097	628
cg06020335	0.09200908397340607	628
cg07309576	0.09200709937924068	628
cg09453425	0.09200142911076648	628
cg19642505	0.09200115492911592	628
cg02479497	0.0920005504328594	628
cg14377922	0.09199756803493361	628
cg11243995	0.09199687670900117	628
cg03542197	0.09199684405320324	628
cg19623418	0.09199666534138945	628
cg12858166	0.09199480036907842	628
cg23859635	0.09199457554965568	628
cg24392939	0.09199252196955848	628
cg07588439	0.09199185935951332	628
cg18755226	0.09199106058772105	628
cg16491547	0.09199062707772254	628
cg26967792	0.09199021661055728	628
cg10467989	0.09198831706271049	628
cg20086657	0.09198806224667824	628
cg04212500	0.09198538324966204	628
cg21538216	0.09198244264798905	628
cg26956157	0.09198224539794342	628
cg20454400	0.09198176252749443	628
cg01039355	0.09198095604338463	628
cg15099666	0.09198006977447148	628
cg20976286	0.09197926140976365	628
cg10007051	0.09197680667540542	628
cg04965987	0.0919754256000177	628
cg17806673	0.09197353561633653	628
cg10484673	0.09197335092052158	628
cg07976644	0.09197330933015621	628
cg19243721	0.09197274902154079	628
cg00398420	0.09197054676479949	628
cg22074858	0.09197035364365849	628
cg17143376	0.09197023452304445	628
cg07146104	0.0919697618552623	628
cg11324660	0.09196923773175944	628
cg00933411	0.09196900115386775	628
cg17913115	0.09196711169130746	628
cg14058476	0.09196680713569212	628
cg08639379	0.0919665490115768	628
cg00143527	0.09196599396553176	628
cg04835511	0.09196508051968255	628
cg04395377	0.09196308156847052	628
cg13475877	0.09196299601991637	628
cg18644793	0.09196245270337666	628
cg10666546	0.09196180247757824	628
cg00852921	0.09196119551346713	628
cg17024593	0.09196116690085124	628
cg16107389	0.09195807509806947	628
cg08813377	0.09195790101300216	628
cg08143349	0.09195785030735087	628
cg06771100	0.09195776174980935	628
cg18224468	0.09195515733204451	628
cg27481428	0.09195459005078097	628
cg03341748	0.09195306585220664	628
cg09225462	0.09195146843177035	628
cg00520441	0.09195132134603853	628
cg24582743	0.09195087912511535	628
cg00407537	0.09195075474921294	628
cg25997394	0.0919497137131674	628
cg03792162	0.09194797917212735	628
cg15624624	0.09194626202869947	628
cg16182375	0.09194416816683543	628
cg11247304	0.09194341978781706	628
cg20379671	0.0919419344968816	628
cg13671536	0.09194128235234794	628
cg21934189	0.09193883460603036	628
cg07832111	0.09193784491516055	628
cg14957904	0.09193718386692112	628
cg10276869	0.09193709083666873	628
cg03605116	0.0919364560537217	628
cg27588321	0.09193536087622489	628
cg22707397	0.09193407114800434	628
cg21584234	0.09193330263850666	628
cg07696099	0.09193166135744693	628
cg05046377	0.09193148434972515	628
cg02770061	0.09193141475584327	628
cg17326451	0.0919309460252761	628
cg13699414	0.09192791094632963	628
cg19810536	0.0919276701450869	628
cg01229998	0.09192746006736552	628
cg05632631	0.09192605724196073	628
cg18211066	0.09192519246768886	628
cg27590105	0.09192362207671032	628
cg13857119	0.09192337488134576	628
cg14696870	0.09192191392009835	628
cg08586669	0.0919173755420068	628
cg27359566	0.09191662324659293	628
cg24946117	0.09191583465520209	628
cg21761639	0.09191583130761738	628
cg15059851	0.09191364035993005	628
cg21412456	0.09191200611599104	628
cg01678292	0.09191034066651588	628
cg25837277	0.09191022049651656	628
cg02073081	0.09190927004124477	628
cg15251539	0.09190846784982606	628
cg12537003	0.09190818172808946	628
cg03639671	0.09190796037784854	628
cg23971170	0.09190783497256395	628
cg08007925	0.09190752154140902	628
cg20416129	0.09190539819582022	628
cg00016127	0.09190371697259075	628
cg16661393	0.09190203843730449	628
cg22198397	0.09190187269343858	628
cg17027476	0.09190123655809282	628
cg26630791	0.09190073787947303	628
cg04367503	0.09190058601470269	628
cg24429533	0.09189863140359239	628
cg09798536	0.0918983845719169	628
cg23691223	0.09189760718781742	628
cg21870145	0.09189737811805243	628
cg04166294	0.0918965164805439	628
cg21449397	0.09189639594297655	628
cg20201128	0.09189630089794776	628
cg22891413	0.09189542189064204	628
cg03912703	0.09189528601625471	628
cg20366397	0.09189255244491001	628
cg15665203	0.09189213236727817	628
cg14938419	0.09189207653128584	628
cg06561886	0.09188860370340102	628
cg07616871	0.09188673405201939	628
cg13068915	0.09188517811436953	628
cg24159575	0.09188517343447417	628
cg25285646	0.09188509394860683	628
cg17762073	0.09187710195190421	628
cg02984184	0.09187626413533424	628
cg22626579	0.09187558972516074	628
cg27064337	0.09187462716472594	628
cg22241014	0.09187396728918296	628
cg08590359	0.09187109042684155	628
cg08529269	0.09186812723902094	628
cg01815645	0.09186797521067935	628
cg02326285	0.09186794141131294	628
cg24000859	0.09186743876133961	628
cg22573003	0.0918654297433859	628
cg22658451	0.09186272310933524	628
cg12926300	0.09186254636167829	628
cg18964706	0.0918618941390712	628
cg22658316	0.0918614467671025	628
cg21400802	0.09186054965600285	628
cg09802186	0.09185905328135818	628
cg23686831	0.09185809067268141	628
cg17194728	0.09185503157451153	628
cg17017591	0.09185489952213502	628
cg19771748	0.09185077584123186	628
cg09689404	0.09185048834330645	628
cg14970987	0.09184934278111143	628
cg09239705	0.09184854406092713	628
cg12249234	0.09184809311287162	628
cg00490406	0.0918471418352243	628
cg05357750	0.09184638753193508	628
cg05915362	0.09184559197980735	628
cg13287621	0.09184457323705947	628
cg00737571	0.0918440274526963	628
cg15231462	0.09184331416931646	628
cg01440452	0.09184309178951378	628
cg03582047	0.0918421155477161	628
cg08146708	0.09184133313789694	628
cg02694395	0.09184071213049744	628
cg21805138	0.09183974133483574	628
cg09367545	0.0918391975767549	628
cg16018995	0.09183869690448321	628
cg20822579	0.09183817643323083	628
cg27306802	0.0918372290803503	628
cg24998879	0.09183643247205964	628
cg12814117	0.09183404946199888	628
cg07482202	0.09183361808112095	628
cg26566121	0.09183236373922232	628
cg26996175	0.09183236312551805	628
cg03731740	0.0918319695612862	628
cg10551329	0.09183113408295995	628
cg00573606	0.09182864563832044	628
cg04112842	0.09182855053637073	628
cg06618740	0.091827538693664	628
cg11510999	0.09182609031524513	628
cg12595293	0.09182590386889983	628
cg25616055	0.09182538717510202	628
cg20232986	0.09182495058605228	628
cg13858484	0.09182299934941207	628
cg05612506	0.09182244816762852	628
cg06307913	0.09182207701927228	628
cg03728296	0.09182016054507258	628
cg17654091	0.09181928789880499	628
cg06318062	0.09181718556000568	628
cg27406823	0.09181667262962492	628
cg17543488	0.09181579895167383	628
cg13785068	0.09181530096106294	628
cg20337815	0.09181377637721033	628
cg00329300	0.09181355059467632	628
cg06147196	0.091808769393948	628
cg21593001	0.0918084725718154	628
cg24438354	0.09180820867394518	628
cg03227775	0.0918037989594308	628
cg08956463	0.09180260541626198	628
cg05074631	0.091801651371238	628
cg07672238	0.09179614958044907	628
cg16006841	0.09179538472665376	628
cg02334109	0.09179511727298273	628
cg18177183	0.09179485474304844	628
cg20768638	0.09179457422654126	628
cg03889251	0.09179385365197046	628
cg27475923	0.09179122296920139	628
cg22768487	0.09179059855454749	628
cg06527154	0.09178504016415834	628
cg13616508	0.09178497680544234	628
cg01084257	0.09178492683667017	628
cg09868780	0.09178435667818689	628
cg16516584	0.09178413596474361	628
cg07277618	0.09178345259661091	628
cg03312587	0.09178308929046042	628
cg08935418	0.09178084066530046	628
cg00582583	0.09178042514814877	628
cg25872855	0.09178034044950756	628
cg01511232	0.09178030911762763	628
cg27316567	0.09177967028108852	628
cg09929763	0.09177944023006745	628
cg10647025	0.09177670595500081	628
cg22416021	0.09177643597647633	628
cg22357390	0.0917741070077619	628
cg14235768	0.09177269162129481	628
cg07166795	0.09177179526154389	628
cg02130894	0.09177119887500268	628
cg10385290	0.0917700156688862	628
cg07074666	0.09176946030592176	628
cg22657475	0.09176662365151056	628
cg18209359	0.09176570056767674	628
cg17247873	0.09176492545090109	628
cg16101008	0.09176266048390863	628
cg19685521	0.09176168060365769	628
cg18297745	0.09175666928119572	628
cg16207671	0.0917565001418596	628
cg23281529	0.09175463782437049	628
cg16252322	0.09175448138589237	628
cg14325153	0.09175315729094063	628
cg13449463	0.09174943434403754	628
cg23797621	0.09174816717309847	628
cg10275315	0.09174767834986297	628
cg14605520	0.09174754736271029	628
cg01609268	0.09174723463835882	628
cg01210113	0.09174614375889112	628
cg23910341	0.09174560380073632	628
cg22471726	0.09174524453327153	628
cg10085138	0.09174464476154204	628
cg00234370	0.0917440801019053	628
cg03724964	0.0917428294035275	628
cg01732465	0.09174250265939082	628
cg01807026	0.09174029162613562	628
cg02293354	0.09174014064128377	628
cg19440264	0.09173812307504872	628
cg17212791	0.09173508333890912	628
cg14027333	0.09173478156521785	628
cg22932649	0.0917327368291232	628
cg16242653	0.09173240197072913	628
cg08036188	0.09173223986657636	628
cg06687091	0.0917321046878784	628
cg04399147	0.09173048771930264	628
cg16047292	0.09172888187480438	628
cg13168042	0.09172838692546686	628
cg27359469	0.09172833189784829	628
cg24216770	0.09172739288113266	628
cg23039195	0.09172705295582799	628
cg04725041	0.09172619286583289	628
cg24780883	0.09172534597846954	628
cg01706943	0.09172467975117243	628
cg16474725	0.09172458829495905	628
cg01271812	0.09172425118851685	628
cg00138926	0.09172146364616196	628
cg18833994	0.09172141094021607	628
cg08594936	0.09172112447271438	628
cg01709766	0.09171906373081601	628
cg25252197	0.09171838566440244	628
cg00936790	0.09171834816703847	628
cg13216112	0.09171672396793057	628
cg12983285	0.0917165070634034	628
cg27480913	0.09171645029891912	628
cg25572062	0.09171382099976766	628
cg06530558	0.09171374511918362	628
cg01716296	0.09171060758092409	628
cg16948335	0.09171018007100701	628
cg04440551	0.09170857836709417	628
cg13308143	0.0917083162576523	628
cg12912663	0.09170719076655298	628
cg01262952	0.09170662043761146	628
cg08416194	0.0917062256897572	628
cg23352245	0.09170369241623327	628
cg00907272	0.09170357214766695	628
cg19442201	0.09170180977641201	628
cg06911613	0.09170097623272805	628
cg08625289	0.09170027214954746	628
cg17807458	0.09170023309634595	628
cg10044575	0.09169846298635795	628
cg21978694	0.09169842139379736	628
cg08839164	0.09169805919935053	628
cg11638117	0.09169779450365752	628
cg15447913	0.09169627519939783	628
cg13680200	0.09169549243548464	628
cg18183163	0.09169337914972747	628
cg05863862	0.09169051691572677	628
cg09684588	0.09169006070506419	628
cg23252243	0.09168992754692948	628
cg15520443	0.09168991628464901	628
cg07116712	0.09168944140746736	628
cg04112366	0.09168940571085227	628
cg05683630	0.09168501656448791	628
cg01098955	0.09168275689692384	628
cg17033471	0.09168133870915302	628
cg06097704	0.09168092527985694	628
cg05516295	0.09167892762946422	628
cg01597784	0.09167763427864122	628
cg04987499	0.09167749992666618	628
cg15545410	0.09167721862686062	628
cg11626496	0.09167643332863312	628
cg04816733	0.09167610402232923	628
cg02501127	0.09167576085608814	628
cg18735015	0.0916756164185516	628
cg13707951	0.09167442162503416	628
cg01088382	0.09167433614038112	628
cg00878163	0.0916733065787056	628
cg18822544	0.09167319764623427	628
cg27373845	0.09166931791789662	628
cg25416149	0.09166459804524646	628
cg03409108	0.09166420233852357	628
cg18432895	0.09166330832503258	628
cg06641021	0.09166281058633757	628
cg02844051	0.09166171280612101	628
cg11999571	0.09166146174544151	628
cg07494218	0.09166103874380022	628
cg26575622	0.0916605978283015	628
cg09552123	0.09165771208394757	628
cg00696044	0.09165764706945839	628
cg16628641	0.09165753182844427	628
cg06880420	0.09165622474006138	628
cg01323212	0.09165546323965781	628
cg14790000	0.0916553144754157	628
cg00814328	0.09165504342267333	628
cg06892726	0.09165470967421678	628
cg24995657	0.0916531086860452	628
cg08291433	0.09165256529690285	628
cg02095290	0.09165187078329173	628
cg14576436	0.09165013125225246	628
cg10157208	0.09164977945594632	628
cg13707793	0.09164825414755706	628
cg23697546	0.0916466720132853	628
cg18788890	0.09164617072910117	628
cg02152417	0.09164581977469338	628
cg25817111	0.09164532128387062	628
cg11863217	0.09164522949915155	628
cg14498722	0.09164458191916641	628
cg03564455	0.09164284147715718	628
cg19121056	0.09164190269856837	628
cg11306767	0.09164165117103762	628
cg26952697	0.09164163061932501	628
cg00424353	0.09164080597535684	628
cg03142741	0.0916393696772499	628
cg11658707	0.09163800393384824	628
cg19724485	0.09163789379038667	628
cg08932256	0.09163762599915032	628
cg23733727	0.0916371935216353	628
cg18273417	0.09163641990964391	628
cg05181597	0.09163526087510421	628
cg00467296	0.09163511508903027	628
cg15676677	0.09163444030640211	628
cg20583016	0.09163359460203385	628
cg04065832	0.09163267999812763	628
cg26070540	0.09163026029407356	628
cg19145082	0.0916264378405458	628
cg12580943	0.09162588992001547	628
cg04556126	0.09162351371998645	628
cg09661951	0.09162294185040148	628
cg02535674	0.09162266350535624	628
cg15567428	0.09161999570902507	628
cg01254322	0.09161988680340821	628
cg26315221	0.09161765785715686	628
cg11600734	0.09161714080963884	628
cg16842053	0.09161601970453015	628
cg26941787	0.0916154482140033	628
cg19679865	0.09161451882051141	628
cg24807850	0.0916145008230565	628
cg02709139	0.09161423186371548	628
cg17187764	0.09161417819354595	628
cg09856467	0.09161332343358813	628
cg24082174	0.09161303880438232	628
cg00635343	0.09161291804195754	628
cg04103198	0.09161264331172542	628
cg22095490	0.09161155643492822	628
cg15743985	0.09161001730292381	628
cg10288578	0.09160836941307737	628
cg07255841	0.09160822173323008	628
cg07830534	0.09160792284112773	628
cg04675542	0.0916065423440111	628
cg06487870	0.09160462706362454	628
cg07460010	0.09160433549921995	628
cg15460899	0.09160339957940544	628
cg04893119	0.09160328771657295	628
cg25255893	0.09160286784406302	628
cg17955766	0.09160275496009956	628
cg24688143	0.09160095820943415	628
cg14223579	0.09159973246501107	628
cg17935811	0.09159951160207223	628
cg10619411	0.09159878210145961	628
cg25123362	0.09159854829857397	628
cg22572362	0.0915980944458531	628
cg26978611	0.09159774586533143	628
cg13272743	0.09159538577661397	628
cg23299919	0.09159464810384846	628
cg11848324	0.09159409257014339	628
cg08952239	0.09159403631890439	628
cg24344394	0.0915919057572046	628
cg21084674	0.09159172780850416	628
cg20637688	0.09159156501566268	628
cg09796029	0.09159134394452967	628
cg14296274	0.0915909626371732	628
cg10763141	0.09159026967258749	628
cg12658929	0.0915893513767902	628
cg14744898	0.09158837516694507	628
cg14255471	0.09158745998963339	628
cg20008734	0.09158700193485009	628
cg18527574	0.0915863535366982	628
cg13732895	0.09158589586698229	628
cg21834032	0.09158563254095531	628
cg10292584	0.09158494538423595	628
cg13974838	0.09158479734786468	628
cg17041511	0.09158443081794915	628
cg15757019	0.09158378534748529	628
cg25042226	0.09158256589892788	628
cg00052665	0.0915816208665226	628
cg18147606	0.09158092106549054	628
cg08008692	0.09158060854982839	628
cg05266816	0.09157517209458477	628
cg18603473	0.09157501893802722	628
cg01505111	0.09157492093219888	628
cg03995533	0.09157316805672572	628
cg12186317	0.09157270047813126	628
cg14626725	0.09157191522185598	628
cg00873953	0.09156764819787666	628
cg05978306	0.09156656479841341	628
cg00817765	0.09156584103031934	628
cg15905329	0.09156456172363445	628
cg00299603	0.09156251223913381	628
cg16551520	0.0915606153077293	628
cg13667243	0.09156058437092424	628
cg13213889	0.09155964293868557	628
cg23891399	0.09155917849444695	628
cg09334277	0.09155912781426775	628
cg24728005	0.09155860138031352	628
cg25464787	0.0915577509666528	628
cg04187185	0.09155754341385083	628
cg12172531	0.09155278428896338	628
cg13945224	0.09155138017529943	628
cg00021242	0.09155059341174288	628
cg02439266	0.09154988832345418	628
cg12250841	0.09154948254069739	628
cg24376434	0.09154840134332062	628
cg00434461	0.0915475189960509	628
cg26200585	0.09154596424193917	628
cg13824815	0.09154592974140807	628
cg11312674	0.09154537008777286	628
cg09301052	0.09154536547283654	628
cg04177287	0.09154462124300522	628
cg01720176	0.09154302392988667	628
cg08129583	0.09154193091651272	628
cg18319104	0.0915390912072111	628
cg09039506	0.09153861873865515	628
cg17272563	0.09153767689548545	628
cg02904918	0.09153467687352174	628
cg13130224	0.09153459323155516	628
cg00834924	0.09153435295417757	628
cg23616527	0.09153366508357391	628
cg05740465	0.09153342892687938	628
cg14935646	0.09153158946086315	628
cg02231813	0.09153152254296565	628
cg01297349	0.09153075142405176	628
cg07544796	0.0915286998023622	628
cg14206516	0.09152729555270567	628
cg22337977	0.09152458993742629	628
cg13183651	0.09152444217234812	628
cg12339029	0.09152429876248269	628
cg09074113	0.09152392205663568	628
cg26431550	0.09152348948806904	628
cg21928385	0.09152245081078858	628
cg16257533	0.09152028762896486	628
cg03121419	0.09151994746777925	628
cg14466580	0.0915196176690734	628
cg18127108	0.09151930483656517	628
cg20710730	0.09151899516596473	628
cg22681998	0.09151849192031741	628
cg21425842	0.09151609540798311	628
cg14912388	0.09151599166305047	628
cg16167524	0.0915142296027206	628
cg00435616	0.09151393464996352	628
cg21727129	0.09151381015015356	628
cg18498871	0.09151321051740585	628
cg13549345	0.09151262337041438	628
cg12647970	0.09151254519115903	628
cg25976440	0.09150956636882679	628
cg27491398	0.09150842502301287	628
cg26973989	0.09150833430216176	628
cg10081469	0.09150810199861448	628
cg01292722	0.09150762319445621	628
cg06762750	0.09150674476497611	628
cg07803375	0.09150269861524607	628
cg06761873	0.09150212325155632	628
cg17649293	0.09150004197395553	628
cg23036340	0.09149826878257095	628
cg06697057	0.09149742476243544	628
cg19195419	0.09149479205396205	628
cg10920758	0.09148919804004961	628
cg12799824	0.09148751628719298	628
cg10972932	0.0914869162065145	628
cg05290058	0.09148679330881526	628
cg04060317	0.09148620758119291	628
cg00137840	0.09148566542958764	628
cg27295642	0.09148488162423055	628
cg17988546	0.09148387076805975	628
cg12403778	0.0914827293034785	628
cg27338466	0.09148239698286481	628
cg13387854	0.09148188232921006	628
cg25328413	0.09148102380628126	628
cg08862479	0.09148084582438787	628
cg09234616	0.09148017712179192	628
cg18383585	0.09147787131715884	628
cg24541672	0.09147736956075292	628
cg24513381	0.09147680962583249	628
cg17062305	0.09147583279878235	628
cg08075528	0.09147573603091286	628
cg03782130	0.09147569942277567	628
cg11474135	0.09147551978873394	628
cg11194545	0.09147540369731205	628
cg20764358	0.09147369753395074	628
cg21221840	0.09147355185857065	628
cg06931418	0.09147219100872589	628
cg27064482	0.09147084813639766	628
cg13833437	0.09147013680996943	628
cg16518996	0.0914699497065043	628
cg18199992	0.09146905028981855	628
cg07702526	0.09146711226837656	628
cg25750507	0.09146633627622153	628
cg02083412	0.09146456768335214	628
cg23255283	0.0914641417608325	628
cg11838668	0.09146379767407675	628
cg06981781	0.09146370146621335	628
cg27200869	0.09146279553035319	628
cg06997767	0.09146218418597468	628
cg26049998	0.09146189675957725	628
cg17143643	0.09145656016700224	628
cg14715697	0.09145526259699321	628
cg20139336	0.09145251087519354	628
cg25601713	0.09145176030718816	628
cg03403168	0.09145173637330517	628
cg23282964	0.0914515982145972	628
cg18044562	0.09145145108623587	628
cg07675031	0.09145007327634913	628
cg26075417	0.09144812774677302	628
cg10343367	0.0914475276394826	628
cg10989317	0.09144717251287848	628
cg06301399	0.09144696538435426	628
cg25566714	0.09144424709754673	628
cg09028166	0.09144312541988625	628
cg21785832	0.09144161660089006	628
cg19188855	0.09144159524133277	628
cg01795955	0.09144057224902666	628
cg07355763	0.09143872681097642	628
cg21185242	0.09143850408013288	628
cg11709405	0.09143591555201042	628
cg03111404	0.09143537322966393	628
cg06035708	0.09143487638454428	628
cg07229402	0.09143410550382874	628
cg09489470	0.09143282780850781	628
cg25607216	0.09143136057812468	628
cg23245007	0.09143110018207434	628
cg11348372	0.09142848963092343	628
cg13376120	0.09142622441365342	628
cg04132017	0.09142620192732237	628
cg13795831	0.09142395915922374	628
cg04447741	0.09142355877244779	628
cg04865442	0.09141971747934001	628
cg00871980	0.09141501813976277	628
cg09550024	0.09141313415906682	628
cg23181580	0.09141149515639539	628
cg25798413	0.09141096040786303	628
cg07428491	0.09140908686440541	628
cg04192393	0.09140753786050598	628
cg16320249	0.0914072002420222	628
cg10099732	0.09140691627284783	628
cg21706038	0.09140630744591555	628
cg13206201	0.09140409616358769	628
cg21448423	0.0914038658383767	628
cg05865327	0.09140175451806218	628
cg06451157	0.09140166198415434	628
cg05384123	0.09140163140417804	628
cg13633964	0.09140112564385822	628
cg26811065	0.09139973758595898	628
cg19544434	0.0913990254760279	628
cg04433035	0.09139896864010058	628
cg17342588	0.09139618632244223	628
cg11386025	0.09139602396324252	628
cg03975188	0.09139571598582324	628
cg01614102	0.09139539537483235	628
cg19045531	0.09139404061751927	628
cg01776278	0.09139333693756085	628
cg16891968	0.09139311622282104	628
cg02490589	0.09139154733998822	628
cg09772333	0.09138972378756971	628
cg11160654	0.09138664932161544	628
cg13928417	0.09138384124630775	628
cg05991492	0.09138366137390996	628
cg22535849	0.09138350368632259	628
cg24766030	0.09138180089308773	628
cg21571135	0.09137615312480629	628
cg08515989	0.09137582292812596	628
cg02782840	0.09137523677857207	628
cg09938273	0.091375228523017	628
cg03955537	0.091374665159482	628
cg08529481	0.09137433324820596	628
cg18514922	0.09137401776416457	628
cg26011713	0.09137397495328908	628
cg04398156	0.09137152971053059	628
cg11295724	0.09137024341303357	628
cg05370853	0.0913700312227601	628
cg19907964	0.09136975084250012	628
cg11460714	0.09136818301448724	628
cg14915878	0.0913677577101629	628
cg02697427	0.09136721016092425	628
cg15742777	0.09136589559869956	628
cg09107344	0.09136461949365288	628
cg04686545	0.09136284668019173	628
cg19514230	0.0913611346077649	628
cg07080653	0.09135933807065383	628
cg02262167	0.09135928986921044	628
cg23661466	0.09135533687812133	628
cg05785805	0.09135316255683901	628
cg13009608	0.09135240001662986	628
cg05964212	0.09135189917128278	628
cg17971328	0.09135122725680961	628
cg14709292	0.0913477844412395	628
cg02181287	0.09134612950258947	628
cg24026690	0.09134296486418475	628
cg05119467	0.09133821027358402	628
cg06934774	0.09133813952572031	628
cg02474116	0.09133789253535307	628
cg06271190	0.09133658188122412	628
cg10113760	0.09133606667955416	628
cg22737478	0.09133599700679074	628
cg00135497	0.09133540752522346	628
cg27446137	0.09133369969893201	628
cg17202013	0.09133328787769157	628
cg07950469	0.0913329074586946	628
cg26812481	0.09132960185800149	628
cg16909733	0.09132920994690748	628
cg24437715	0.09132911515824593	628
cg26479028	0.09132717738651619	628
cg25506282	0.09132694407404476	628
cg24665807	0.09132588117486096	628
cg05336051	0.09132485816027644	628
cg26759925	0.09132454167230686	628
cg00827893	0.0913223280660446	628
cg19997181	0.09132056909996505	628
cg08370178	0.0913187986299348	628
cg07322909	0.09131774430736206	628
cg21362390	0.09131617561710104	628
cg01932734	0.09131614977752267	628
cg00806826	0.09131485178399154	628
cg07492590	0.09131458195198333	628
cg14840848	0.09131345360222781	628
cg06263178	0.09131332526563518	628
cg16398051	0.09131196513064033	628
cg27198013	0.09131090581800816	628
cg11591148	0.09131033657771265	628
cg04310488	0.09130987172522628	628
cg07711397	0.0913088025598841	628
cg13081331	0.09130862662911213	628
cg26642420	0.0913072956052201	628
cg11948905	0.09130717606560473	628
cg03071221	0.09130581290818163	628
cg18653451	0.09130522095876123	628
cg22477013	0.09130453024718721	628
cg17657618	0.09130378990299931	628
cg01572434	0.09130180260056603	628
cg01499815	0.0913012587766257	628
cg08886020	0.09129988192485136	628
cg07258715	0.0912998699483793	628
cg00473416	0.09129853153661897	628
cg09829645	0.0912985098142454	628
cg25195673	0.09129805211797443	628
cg06155620	0.09129731297968796	628
cg27328431	0.0912963573735311	628
cg14718363	0.09129587901942984	628
cg22466716	0.09129485218178723	628
cg17206001	0.09129454745960636	628
cg02734001	0.09129424381509055	628
cg08715827	0.0912932673615569	628
cg17063780	0.0912922399637251	628
cg19127138	0.09129202810672495	628
cg04024164	0.09129173049581052	628
cg12999932	0.0912907230437855	628
cg07175288	0.0912889113435996	628
cg02695677	0.09128734927177207	628
cg02810304	0.09128575295025909	628
cg03706175	0.09128569360572791	628
cg25138715	0.09128308200045142	628
cg16312002	0.09127948990176568	628
cg23021650	0.0912785968566519	628
cg07765769	0.09127569192734503	628
cg09782833	0.09127565472553478	628
cg00666842	0.09127477464479028	628
cg01329005	0.09127417276962446	628
cg05629821	0.09127033832586251	628
cg00167820	0.09126992084673557	628
cg26227569	0.09126802115200977	628
cg09721612	0.09126718883688892	628
cg09934381	0.0912639378293908	628
cg27083087	0.09126211679428808	628
cg12678695	0.09125900574525397	628
cg09452568	0.09125592765413798	628
cg17842016	0.09125197324277384	628
cg21134090	0.09125191926189347	628
cg12812233	0.09125149958720262	628
cg02997796	0.09124986091894421	628
cg06093355	0.09124979586389464	628
cg12469902	0.09124834028843348	628
cg08543327	0.09124714738841619	628
cg12129080	0.09124576356307165	628
cg04986004	0.09124557151711615	628
cg23694533	0.09124527758459981	628
cg17455297	0.09124500492388762	628
cg20770572	0.0912449625914098	628
cg23675485	0.09124493824360969	628
cg02944007	0.09124487700352896	628
cg25626375	0.0912411148603117	628
cg20134295	0.09123987771208178	628
cg27540865	0.091237776509876	628
cg05161795	0.09123737656311875	628
cg03995631	0.09123701184302418	628
cg20966539	0.09123651067063848	628
cg17355809	0.09123313772591712	628
cg16818395	0.09123282077642325	628
cg09247319	0.09123155720623166	628
cg03344767	0.09123072325349196	628
cg16202259	0.09122986955266016	628
cg20539474	0.09122986785607101	628
cg04539515	0.09122740780657718	628
cg00088880	0.0912263761641296	628
cg25260564	0.09122610484230873	628
cg12053891	0.09122599381712569	628
cg04074321	0.09122494857068542	628
cg23210938	0.09122466385232397	628
cg05929864	0.09122418433855922	628
cg00383793	0.09122333491302337	628
cg10472919	0.0912231513547439	628
cg04414946	0.09122314737891704	628
cg06819923	0.09121701072187618	628
cg27401846	0.0912163927014839	628
cg04674389	0.09121495774142135	628
cg15687000	0.09121391107647148	628
cg00783553	0.09121378930239926	628
cg12841873	0.09121375937924125	628
cg22697108	0.09121314677562832	628
cg27438152	0.09121187413311421	628
cg26570683	0.09121082802519917	628
cg12127758	0.09121028107865287	628
cg02419920	0.09120995887699423	628
cg13308137	0.09120884680059915	628
cg08004365	0.09120738133890838	628
cg26205859	0.09120694520949918	628
cg26812852	0.09120651188358492	628
cg20866075	0.09120418918978362	628
cg26672452	0.09120360818257767	628
cg26913058	0.09120179180296334	628
cg05168015	0.09120156253306176	628
cg07297830	0.09120109237361768	628
cg02627966	0.09119850206256003	628
cg03107336	0.09119525467140793	628
cg27102141	0.09119372097459316	628
cg14566081	0.09119269105471328	628
cg07665134	0.09119229187407613	628
cg15436919	0.0911915655325114	628
cg16510128	0.09119057098636418	628
cg04157255	0.09118849213585739	628
cg07506573	0.09118717795240633	628
cg24238929	0.09118689377903177	628
cg00848945	0.09118685992050962	628
cg17067544	0.09118453031109736	628
cg23705108	0.0911789179537954	628
cg11680857	0.09117726924160385	628
cg13348944	0.09117611236105425	628
cg05399244	0.09117577552098682	628
cg13392957	0.09117528310593842	628
cg03788215	0.09117304228015574	628
cg07212761	0.09117276258524121	628
cg19066171	0.09117254201989566	628
cg20932898	0.09117024325595766	628
cg07715041	0.09117001077350168	628
cg26204477	0.0911683451135672	628
cg21964662	0.09116523192099296	628
cg11794033	0.09116428277218308	628
cg24639969	0.09116302416532984	628
cg23082339	0.09116296724248683	628
cg07726423	0.091162889737541	628
cg08538258	0.09116285092411877	628
cg07563363	0.09116226907764041	628
cg04005943	0.09116219909208084	628
cg01442550	0.09116150222724373	628
cg14657277	0.09116047752390957	628
cg26915370	0.09115952550893405	628
cg13933262	0.09115777338281239	628
cg00539049	0.09115314989634474	628
cg12404168	0.09115291381484367	628
cg25207248	0.09114819349549846	628
cg18429742	0.09114697886240924	628
cg13826452	0.0911452748825182	628
cg09063173	0.09114397175094824	628
cg00269800	0.09114343043098594	628
cg27243685	0.0911427098229225	628
cg17421046	0.09114256944719862	628
cg24018190	0.09114190519056237	628
cg09496161	0.09113843570394226	628
cg26589025	0.09113804695215821	628
cg00978102	0.09113708829158118	628
cg21671658	0.0911363829714073	628
cg05604487	0.09113622402888688	628
cg11081275	0.09113500500664151	628
cg01809797	0.09113301466875237	628
cg17457014	0.09113199097183347	628
cg17610333	0.09112974919982542	628
cg03209332	0.09112887173380252	628
cg25327122	0.09112811062506065	628
cg10983752	0.09112678453556944	628
cg25658612	0.09112565112590232	628
cg08650125	0.09112458398670023	628
cg22710065	0.09112440662306148	628
cg10636745	0.09112328253083599	628
cg00092518	0.09112300587660413	628
cg04648451	0.09112246670967811	628
cg10333400	0.09112198873316027	628
cg01573321	0.0911206470652034	628
cg06934974	0.0911167576831442	628
cg09560082	0.09111587195066484	628
cg05945230	0.09111472498646583	628
cg03178489	0.09111337175918888	628
cg09102329	0.09111310918289933	628
cg19062354	0.09111210186748614	628
cg21812277	0.09111144396815124	628
cg06365535	0.09111137623227938	628
cg10199168	0.09110963003239342	628
cg26749245	0.09110863046400552	628
cg24680632	0.09110771620627334	628
cg05348973	0.09110402586457578	628
cg05088221	0.09110310285021461	628
cg10707788	0.09110265843224113	628
cg13435137	0.09110169234337734	628
cg24375218	0.09110120842129016	628
cg16012769	0.09110050269371689	628
cg05334656	0.09110003789600463	628
cg24822602	0.0910995507455401	628
cg08080195	0.09109849808295334	628
cg23183988	0.0910982177333034	628
cg10660848	0.09109604214774375	628
cg17854066	0.09109204044273495	628
cg11617821	0.09109172781570399	628
cg05172197	0.0910913042317903	628
cg24201173	0.09109118092539165	628
cg01763690	0.09109098782276448	628
cg17419888	0.09108981631645999	628
cg23763137	0.09108975176086243	628
cg02471578	0.09108856546852101	628
cg25543264	0.09108726913822413	628
cg25210609	0.09108677473291205	628
cg01330316	0.09108571847767549	628
cg13292703	0.09108452981106188	628
cg19698168	0.09108440153496189	628
cg10436737	0.09108388708789933	628
cg27511599	0.09108284223027358	628
cg06398138	0.09108206163729737	628
cg11052143	0.09108162959799324	628
cg09870385	0.09108040269960654	628
cg04943065	0.09107982856666291	628
cg18793404	0.09107412702997716	628
cg01233786	0.09107216295876752	628
cg12116192	0.09107183932804674	628
cg20811755	0.09107110093190565	628
cg19400316	0.09106989506847268	628
cg00254095	0.0910691212935047	628
cg08251025	0.09106774605559154	628
cg19503249	0.0910674698208156	628
cg08893109	0.09106630638747326	628
cg16618104	0.09106461443128269	628
cg16723994	0.09106456625878062	628
cg00689651	0.09106454697311928	628
cg04877959	0.09106434885032788	628
cg08849628	0.09106308252360426	628
cg27041026	0.0910624714774293	628
cg22468751	0.09106224060503998	628
cg15610027	0.0910620642620163	628
cg01168776	0.09106151958695391	628
cg22026089	0.091061241638489	628
cg09202851	0.09106067266786172	628
cg20116555	0.09106058597651606	628
cg17443359	0.09105949522372424	628
cg12301695	0.09105881708301503	628
cg02540440	0.09105849207078137	628
cg13315047	0.09105745969033324	628
cg02598335	0.09105664992046233	628
cg18995788	0.09105596398809934	628
cg19746567	0.09105417028010532	628
cg25278347	0.0910519007210403	628
cg18753626	0.09105012126338535	628
cg12705352	0.09104731736233374	628
cg04342110	0.091045679065792	628
cg02657855	0.091045281875402	628
cg22336806	0.09104394911783409	628
cg23820589	0.09104245997471733	628
cg03638120	0.09104142918142544	628
cg20626616	0.09104061705081162	628
cg20557008	0.091040159369351	628
cg18131141	0.09103911083600333	628
cg06570432	0.0910383622358342	628
cg07135660	0.09103752680320093	628
cg15722751	0.09103559219733881	628
cg21346154	0.09103424914124486	628
cg04132418	0.09103385765674843	628
cg13237068	0.09103297629430923	628
cg09160231	0.09103294216940969	628
cg01264332	0.09103227412484083	628
cg14143723	0.09103192153770512	628
cg14569837	0.0910306618802881	628
cg09127107	0.09103064508257658	628
cg18569070	0.09103015845201737	628
cg00270878	0.09102738824469163	628
cg22474124	0.09102649724670592	628
cg11019134	0.091026289853331	628
cg26982321	0.09102618693908643	628
cg02355809	0.09102531217425489	628
cg24829707	0.09102489148904835	628
cg01573140	0.09102432047782882	628
cg25188238	0.09102236329092894	628
cg06716182	0.0910193716260494	628
cg21873967	0.0910193532203471	628
cg16514615	0.09101881032262713	628
cg27135915	0.09101813720513907	628
cg13107768	0.09101769098323143	628
cg04291383	0.0910169640363015	628
cg20821042	0.09101634571583142	628
cg13444413	0.09101323328649882	628
cg25489524	0.09101042043779706	628
cg14129589	0.09100963858861832	628
cg04593538	0.09100843754965918	628
cg13624528	0.09100811779026763	628
cg18450930	0.09100727674974973	628
cg00931957	0.09100594138813456	628
cg21737444	0.09100491025743734	628
cg04792216	0.0910044903646342	628
cg16843056	0.0910040419423116	628
cg17804611	0.09100253874533448	628
cg05576845	0.0910005680705247	628
cg04835995	0.09099662383083565	628
cg00220225	0.0909964504828244	628
cg14216672	0.09099452819734033	628
cg05712125	0.09099376290337213	628
cg00554250	0.09099348581593836	628
cg23433532	0.09099330202132538	628
cg00351635	0.0909915481476834	628
cg03466587	0.09098936210816999	628
cg08477158	0.09098912177132884	628
cg11122968	0.09098657387121278	628
cg11176481	0.09098564361047333	628
cg02332696	0.09098529236097294	628
cg13432737	0.09098243815761231	628
cg06262832	0.09097765441479866	628
cg19470379	0.09097577912136212	628
cg07408232	0.09097537056375404	628
cg25683575	0.0909741140553621	628
cg24822140	0.09097393690111996	628
cg11906607	0.09097388388019809	628
cg10325509	0.09097205344460019	628
cg15899461	0.09097187984771199	628
cg07165260	0.09096966722916	628
cg01347228	0.09096960584610296	628
cg11042373	0.09096819196108308	628
cg05068866	0.09096767947319745	628
cg05688618	0.09096727807680244	628
cg00562969	0.09096683456288085	628
cg00995520	0.09096644574568166	628
cg24966115	0.09096621518185322	628
cg09388920	0.0909650149850505	628
cg05157340	0.09096188523270785	628
cg12777588	0.09096091384563748	628
cg11953775	0.09096081405392586	628
cg01803461	0.09096070361911596	628
cg20102639	0.09095840683721856	628
cg03343571	0.09095610250527504	628
cg17173423	0.09095498043981401	628
cg08333011	0.09095441305241303	628
cg20428720	0.09095189854436819	628
cg20956815	0.09095093296475751	628
cg14044785	0.09094898518278605	628
cg19811108	0.09094480007371541	628
cg09096031	0.09094378286161459	628
cg00430542	0.09094376162258283	628
cg14918300	0.09094353351102213	628
cg16809293	0.09094268196013056	628
cg08938062	0.0909421061398745	628
cg19253850	0.09094209655571076	628
cg06718003	0.09094181246256133	628
cg21983192	0.09094107541300794	628
cg18554976	0.09093953196054405	628
cg00491469	0.09093804242232734	628
cg00221709	0.09093670679174365	628
cg11875926	0.09093622706600568	628
cg17149103	0.09093546890987164	628
cg04628369	0.09093529806380678	628
cg02052933	0.09093463125034457	628
cg21158163	0.09093442856595663	628
cg23487859	0.09093335190938001	628
cg23352157	0.09093122333386344	628
cg20119080	0.09093089384188313	628
cg08327394	0.09093065751669571	628
cg25560215	0.09093057770711765	628
cg12764611	0.09093052490340342	628
cg00261082	0.09092915580833022	628
cg12177944	0.09092750983381559	628
cg08003321	0.09092657627196954	628
cg00600617	0.09092627117252305	628
cg01628467	0.09092509675752586	628
cg07491979	0.09092496298784591	628
cg25135457	0.09092479178234286	628
cg16765600	0.09092454041765485	628
cg02737268	0.09092326036415332	628
cg02855981	0.09092282132500495	628
cg01248385	0.09092280915503359	628
cg24486958	0.0909226944582062	628
cg07464859	0.09092202790172565	628
cg13781574	0.09092142616954249	628
cg01987962	0.09092100957192742	628
cg00812611	0.09091975778129396	628
cg04153551	0.09091958528462224	628
cg01890712	0.09091697414837574	628
cg10835584	0.09091677677161848	628
cg20254225	0.09091666753165847	628
cg03495497	0.09091469512440636	628
cg11860160	0.09091461657092725	628
cg24446178	0.09090982751600096	628
cg12205433	0.09090887084620086	628
cg18713748	0.090908864160475	628
cg18143296	0.09090884191322693	628
cg24527008	0.09090868554815212	628
cg01463139	0.09090868497899492	628
cg22606303	0.09090847470402533	628
cg21880392	0.0909084550273449	628
cg00814218	0.09090795064696736	628
cg00118978	0.09090682367707859	628
cg25510090	0.09090588209282957	628
cg12259892	0.09090529548300874	628
cg19931491	0.09090385853621014	628
cg06533798	0.09090375429332453	628
cg17775079	0.09090208619553672	628
cg25408008	0.09090130590547627	628
cg11405200	0.0908986986450367	628
cg26274812	0.09089839630996854	628
cg22983290	0.09089797577338948	628
cg13751138	0.0908979293288193	628
cg03163759	0.09089725677180269	628
cg27235829	0.0908961059595616	628
cg12658012	0.09089248861789084	628
cg21266798	0.09089195217612167	628
cg24433043	0.0908917468000055	628
cg13447566	0.09089154787199588	628
cg16206659	0.09089141950648216	628
cg14866167	0.09088962821304458	628
cg27360727	0.0908887671145927	628
cg13655169	0.09088585161329178	628
cg06348134	0.09088578564831257	628
cg26329440	0.09088545930166814	628
cg16704703	0.09088463555267018	628
cg13394022	0.09088426686763706	628
cg25299371	0.09088270810283691	628
cg21811204	0.09088230948989146	628
cg07586026	0.09088190422215822	628
cg26605164	0.09088157373245284	628
cg18506124	0.09088093600676461	628
cg03252770	0.09088056980791548	628
cg02895699	0.09087879125355652	628
cg13369325	0.0908787668907792	628
cg23201841	0.0908785556067894	628
cg16487292	0.09087755159524347	628
cg06048153	0.09087428407891318	628
cg06379589	0.09087321680455218	628
cg22794983	0.09087166859211399	628
cg01128574	0.09086879354384747	628
cg22200649	0.09086819869124152	628
cg04055739	0.09086735436922053	628
cg03540794	0.09086724573091054	628
cg08195247	0.09086696787831847	628
cg17059185	0.09086586667654517	628
cg14964115	0.09086366561655546	628
cg11845292	0.09086296075025596	628
cg02447304	0.09086259218580356	628
cg15970259	0.09086206469687008	628
cg08005660	0.09086147473086499	628
cg00790395	0.0908612407568467	628
cg02645340	0.09086059183390188	628
cg24561952	0.09085814913792861	628
cg02255950	0.09085785085511255	628
cg16283208	0.09085694847828517	628
cg23058998	0.09085511271126892	628
cg02694521	0.09085487349589011	628
cg10674511	0.09085014587596577	628
cg12116395	0.09084893951590833	628
cg05236720	0.0908479413106501	628
cg22643193	0.09084698135417846	628
cg22557240	0.09084457504005813	628
cg09697697	0.0908440731135714	628
cg17140476	0.09084311731752653	628
cg21015022	0.09084088652954075	628
cg26647771	0.09083780946544187	628
cg10259619	0.09083599906127265	628
cg15151929	0.09083457538380524	628
cg05816041	0.09083407844965197	628
cg00523683	0.09083394823355062	628
cg02567323	0.09083329461010431	628
cg19705450	0.09083028020660994	628
cg22512292	0.0908283713301255	628
cg19474833	0.09082816956584328	628
cg01997272	0.09082758924219053	628
cg19393008	0.0908265693746654	628
cg15843278	0.09082630357903115	628
cg02839725	0.09082484360527737	628
cg13081526	0.090824135600575	628
cg19958750	0.0908228475147716	628
cg18196709	0.0908223679596597	628
cg19142026	0.09082106682442119	628
cg26821540	0.0908207252966165	628
cg22251955	0.09081700485022323	628
cg18456508	0.09081499229367906	628
cg03310594	0.09081349128541083	628
cg01012439	0.0908125098069904	628
cg11580212	0.0908110076236654	628
cg05484985	0.09080790016115037	628
cg06802630	0.09080778141203111	628
cg18650307	0.09080763022647054	628
cg13640071	0.090805524298363	628
cg09645138	0.09080540185875374	628
cg18990313	0.09080508773304583	628
cg00446472	0.09080506764016266	628
cg03587650	0.0908046648756019	628
cg19234439	0.0908045555087495	628
cg04147593	0.09080443963880486	628
cg04444959	0.09080310936918462	628
cg10450897	0.09080234960989786	628
cg14852082	0.09080135337704287	628
cg12084990	0.09080109024371252	628
cg03420881	0.09079988074994338	628
cg04860291	0.09079894912736264	628
cg17738613	0.09079882214790735	628
cg27626620	0.09079808956278135	628
cg14507146	0.09079613857405994	628
cg16359657	0.09079576699639362	628
cg02235843	0.09079442274379124	628
cg06689816	0.09079270560436653	628
cg14701122	0.09078916050781272	628
cg24291855	0.09078890522427557	628
cg00117237	0.09078859352753083	628
cg23239840	0.09078835569937366	628
cg04892766	0.09078795584774418	628
cg12075928	0.09078486842520525	628
cg12551394	0.09078425367729182	628
cg21366673	0.09078373908343756	628
cg07048592	0.09077963243541509	628
cg10591516	0.0907779821552154	628
cg04972436	0.0907769722646124	628
cg18353675	0.09077690131345051	628
cg07847664	0.09077681096209839	628
cg21680474	0.0907765121964817	628
cg24024528	0.09077550140341989	628
cg02489245	0.09077336464294877	628
cg26853855	0.09077329076877722	628
cg06749213	0.09077260514390817	628
cg16696923	0.09077123623224637	628
cg24110050	0.09077090865099798	628
cg07979757	0.0907699388478764	628
cg21104276	0.09076949835402559	628
cg10213886	0.09076874080662745	628
cg15246825	0.0907647469588882	628
cg05361096	0.09076468126510323	628
cg27239243	0.09076468123231796	628
cg06544111	0.09076168573698867	628
cg15491950	0.09076140002647473	628
cg07808761	0.09075993405611735	628
cg16774084	0.09075933196540914	628
cg12161982	0.09075929865137827	628
cg02633729	0.09075596066739533	628
cg21600346	0.09075355852697342	628
cg09143801	0.09075355608159769	628
cg04123310	0.09075350610868699	628
cg14742937	0.09075333057675045	628
cg21752660	0.09075315284962654	628
cg20692181	0.09075203858641112	628
cg16132469	0.09075060065346102	628
cg15734409	0.09074910291934937	628
cg18771570	0.09074841164234113	628
cg23709902	0.09074649811658664	628
cg08231349	0.09074607336995344	628
cg17043222	0.09074500465162233	628
cg08452964	0.09074442772579541	628
cg18926797	0.09074435966307307	628
cg05375811	0.090744176222537	628
cg23161282	0.09074332739265498	628
cg26516532	0.09074141013007839	628
cg22879191	0.09074003401337205	628
cg27289137	0.09073832916143515	628
cg24469980	0.09073714708769753	628
cg13377885	0.09073685760591177	628
cg26704078	0.09073520723730788	628
cg15741433	0.0907325667623386	628
cg05270922	0.09073038487506616	628
cg11762346	0.09072914153713502	628
cg04871778	0.09072866357730189	628
cg06701800	0.09072623406464292	628
cg01097872	0.09072586508772107	628
cg22767164	0.09072492436857188	628
cg14294953	0.09072469296963848	628
cg16198692	0.0907231479339302	628
cg05732883	0.09072216070327999	628
cg16299636	0.09072091512472846	628
cg23991388	0.09072089741126971	628
cg19509743	0.09072002255062467	628
cg14034782	0.09071993112427973	628
cg05595692	0.09071875158515788	628
cg23400451	0.09071558783321204	628
cg25672327	0.09071509772387748	628
cg14018024	0.090714856830788	628
cg14698646	0.09071398223156907	628
cg24587175	0.09071103090157873	628
cg25114781	0.09071083944277541	628
cg00372375	0.09071069449908137	628
cg02585622	0.09070915125898893	628
cg05169312	0.09070393260257825	628
cg10674793	0.09070382969641146	628
cg01058368	0.09070367777259294	628
cg08761324	0.090702849715245	628
cg04661001	0.09070191251852033	628
cg10078511	0.09070165042075429	628
cg25942990	0.09070054289645502	628
cg11977139	0.09070030538382545	628
cg10786572	0.09070026783211577	628
cg11902424	0.09069979150651664	628
cg26950953	0.09069885772029943	628
cg22812413	0.09069874321784427	628
cg01707885	0.09069858922982438	628
cg06706894	0.09069718948369865	628
cg00586531	0.09069476263073079	628
cg03661409	0.09069373830205774	628
cg16175792	0.09069346990566035	628
cg13809026	0.09069336640537545	628
cg26134482	0.0906932170370568	628
cg11686427	0.09069229818307356	628
cg07750529	0.09069222102195656	628
cg26544924	0.09069218150010727	628
cg12210914	0.09068920556837862	628
cg01258949	0.09068739107795343	628
cg25000555	0.09068662470664757	628
cg20502901	0.09068659954116853	628
cg14140118	0.09068575771181905	628
cg02251771	0.0906839623213504	628
cg08459746	0.09068289401295682	628
cg12635662	0.09068187927112603	628
cg11517468	0.09068090426913866	628
cg22729681	0.09068080703545339	628
cg14535274	0.09068080120992905	628
cg12912920	0.0906803061886714	628
cg17896243	0.09067783325234108	628
cg10975897	0.0906778322996859	628
cg18720736	0.09067747195735093	628
cg17656890	0.09067638579139597	628
cg14729962	0.0906754394877393	628
cg03114253	0.09067524886267875	628
cg22222461	0.09067504302745508	628
cg02376703	0.09067339244497455	628
cg10738648	0.09067295322482899	628
cg12515635	0.09067263683991583	628
cg00350503	0.09067246967451537	628
cg24928938	0.09067231405039267	628
cg04389484	0.09067196672117983	628
cg00141162	0.09067161337468602	628
cg02433266	0.09067030276099791	628
cg02732252	0.09067013996404939	628
cg23928713	0.09066843449589995	628
cg19831369	0.09066550164623144	628
cg23171103	0.0906643825681463	628
cg12448298	0.09066383808876699	628
cg00998124	0.09066227690385986	628
cg25778166	0.09066205895461232	628
cg03906434	0.09066115836554395	628
cg12193731	0.09066009966605312	628
cg24035035	0.09065952085788054	628
cg20169062	0.09065946340797748	628
cg21474247	0.09065882595326474	628
cg20707023	0.09065877824022586	628
cg03102824	0.09065837898974821	628
cg05689208	0.09065775155803091	628
cg14444287	0.09065750420826355	628
cg15444185	0.09065653999263543	628
cg02822745	0.09065455776897208	628
cg04412904	0.09065234642538317	628
cg12550241	0.09065180030054099	628
cg04840051	0.09065142253424327	628
cg21169762	0.09065112529163138	628
cg24394819	0.09065074440588983	628
cg02694884	0.09064843331615974	628
cg11253913	0.09064816941260656	628
cg02865101	0.0906479340575766	628
cg25607920	0.09064726563345306	628
cg08594554	0.09064422842405795	628
cg22520372	0.09064195059241387	628
cg04161236	0.09064106986693443	628
cg13569207	0.09064083610843743	628
cg26780125	0.09064082036338705	628
cg00004996	0.09063930347079208	628
cg24969222	0.09063852876640455	628
cg24153813	0.09063683274883277	628
cg26048334	0.09063561990714564	628
cg18264719	0.09063481373986468	628
cg13898104	0.09063436982817036	628
cg14918082	0.09063297226984574	628
cg21090033	0.09063259663666673	628
cg11080915	0.09063226898947022	628
cg03607680	0.090631571168276	628
cg00413352	0.09063137001424465	628
cg25370836	0.09063084629564472	628
cg06386983	0.09062918808212209	628
cg09248694	0.09062907286220616	628
cg13453168	0.0906277558264603	628
cg16679093	0.09062762741477137	628
cg18086475	0.09062706467207321	628
cg08325124	0.09062601850018354	628
cg04608356	0.0906247788811351	628
cg13577628	0.0906234984731267	628
cg01132696	0.09062267941883498	628
cg07231053	0.090622587730123	628
cg10445988	0.09062229160403845	628
cg10243075	0.0906217420547919	628
cg16775167	0.0906211211034873	628
cg01359532	0.09062059656203562	628
cg23368159	0.09062013663746432	628
cg02254898	0.09061914803490817	628
cg27549186	0.09061186491707429	628
cg02771744	0.09060996241862784	628
cg10861135	0.09060896164590494	628
cg24635109	0.09060811693302692	628
cg15905666	0.09060726140840789	628
cg13986618	0.09060632897902898	628
cg03138124	0.0906060904936104	628
cg06276663	0.09060543604956761	628
cg12793123	0.0906050134100228	628
cg26203572	0.09060495035809879	628
cg14479344	0.09060430547975384	628
cg26295272	0.09060378713909162	628
cg24435747	0.09060186075716034	628
cg08685085	0.0906013727713737	628
cg02898036	0.09060136915366301	628
cg02423105	0.09060094427172022	628
cg19182537	0.09060034959366131	628
cg17110920	0.09059974895717804	628
cg20956738	0.09059965604037068	628
cg08860346	0.09059956667746794	628
cg24751928	0.09059853670897218	628
cg15251598	0.09059659281520066	628
cg03339247	0.09059531512340135	628
cg00800109	0.09059513786692486	628
cg20900312	0.0905932810812804	628
cg18764164	0.09059296027971336	628
cg26435575	0.09059215129937379	628
cg14143580	0.09059027832841621	628
cg03123104	0.09059008004669589	628
cg22821554	0.09058999404293305	628
cg25127214	0.0905886868834227	628
cg01706566	0.09058804887874647	628
cg04221521	0.09058693330857484	628
cg01351315	0.09058693100722509	628
cg20055101	0.09058605089408475	628
cg06700061	0.09058430058864664	628
cg23671196	0.0905838021420175	628
cg23525360	0.09058300815452158	628
cg09792000	0.09058262156303162	628
cg22387113	0.09058251341380391	628
cg17714437	0.09058221144425344	628
cg27338807	0.09058182180243096	628
cg07348641	0.09058137686155898	628
cg25727008	0.09058058013350737	628
cg16009311	0.09057688221706972	628
cg13079099	0.09057560753597048	628
cg19774365	0.09057544116299382	628
cg27303733	0.09057520650950984	628
cg05557991	0.09057484766099669	628
cg15374435	0.09056944157238556	628
cg06665333	0.09056807726417637	628
cg07081633	0.09056614366265514	628
cg12254845	0.09056558677654555	628
cg11312495	0.09056537567330253	628
cg03311556	0.0905653206687051	628
cg15335669	0.0905651561597633	628
cg09281714	0.09056454791807067	628
cg14011611	0.09056404098959658	628
cg23136139	0.09056396853459962	628
cg11692124	0.09056387475999701	628
cg16663033	0.09056199931625639	628
cg00014786	0.09056062441036505	628
cg25798600	0.0905605752009635	628
cg11205312	0.09056018377089602	628
cg20110742	0.09056012249915255	628
cg18659248	0.09055993050575895	628
cg05157433	0.09055906350240578	628
cg05648914	0.09055866584871003	628
cg20822337	0.09055758361559851	628
cg08590257	0.09055626201794481	628
cg26052194	0.09055511150821066	628
cg22190114	0.09055498300487519	628
cg19974120	0.09055337108331762	628
cg17966344	0.09055269170722394	628
cg10206331	0.090551353041601	628
cg20293725	0.0905510275566534	628
cg20741105	0.0905491328786806	628
cg22689909	0.09054891667609892	628
cg06581175	0.0905465953398997	628
cg27137258	0.09054654368330889	628
cg02068166	0.0905460927830905	628
cg16336248	0.09054404911259317	628
cg20398399	0.09054404162926719	628
cg04379348	0.09054173159673401	628
cg10864952	0.09054073725974976	628
cg26206185	0.09054062654413539	628
cg04501720	0.09054017600099962	628
cg00717734	0.0905387296061348	628
cg12032489	0.09053667250439223	628
cg03075889	0.09053637985756446	628
cg19494574	0.0905341962727666	628
cg05930091	0.0905337660993164	628
cg27313201	0.0905326856444561	628
cg06215670	0.0905314705631095	628
cg06592065	0.09053129605623611	628
cg22678092	0.09053070586345802	628
cg11977941	0.09053045497771894	628
cg15457934	0.09052976401576002	628
cg07937453	0.09052894046755616	628
cg18214661	0.09052865570993568	628
cg26300135	0.09052785940382652	628
cg03306615	0.09052678061018643	628
cg10694914	0.09052641974882508	628
cg21995304	0.09052542500382763	628
cg08238375	0.09052430291539793	628
cg14909201	0.09052247389806864	628
cg18326719	0.09052193777096496	628
cg20827077	0.0905206943701804	628
cg17191872	0.09052058569902177	628
cg07125278	0.09052027893467726	628
cg16209364	0.09052025007861636	628
cg12160424	0.09051998199698486	628
cg20050108	0.09051823893675592	628
cg19886087	0.09051782336386988	628
cg09989847	0.09051603934423397	628
cg19305681	0.09051476704035608	628
cg14273027	0.09051396264982994	628
cg23766360	0.09051191948444354	628
cg09173768	0.09051141071045415	628
cg15199622	0.09051111320720301	628
cg16425726	0.09051016904554876	628
cg14633892	0.09050474364959293	628
cg14001023	0.09050370887522813	628
cg05939993	0.09050365577244185	628
cg13564529	0.09050250251082975	628
cg15196806	0.09050060286391548	628
cg26334801	0.09050032656236251	628
cg09333109	0.0905002767218796	628
cg12235073	0.09049976343285276	628
cg18368116	0.09049936371050055	628
cg05091736	0.0904987931097187	628
cg14239351	0.09049834544557522	628
cg06541760	0.0904967185652854	628
cg24102817	0.09049003038323522	628
cg13324103	0.09048902338839768	628
cg26063719	0.09048831434060409	628
cg10383428	0.09048000087089819	628
cg03654329	0.09047987928448609	628
cg14039347	0.0904793698461902	628
cg10804687	0.09047905107015036	628
cg22205501	0.09047682754551617	628
cg22086566	0.09047472942731116	628
cg20291162	0.09047431375279652	628
cg24547885	0.09047356593743498	628
cg20219053	0.09047266561127426	628
cg00324979	0.09047220980566803	628
cg13048903	0.0904721794726403	628
cg20151494	0.09047161899674566	628
cg20985269	0.09047115506031742	628
cg07877987	0.09046946553632229	628
cg16170767	0.0904688010688953	628
cg09372486	0.09046731297057631	628
cg11412418	0.09046707703119194	628
cg17398227	0.09046426928940027	628
cg24833737	0.0904642152824005	628
cg16116006	0.09046418792660124	628
cg07038342	0.09046386478292034	628
cg10700380	0.09046231918240466	628
cg09068520	0.0904621443448747	628
cg02205443	0.0904616266500135	628
cg13540960	0.09046071697512867	628
cg02458875	0.09046057155455406	628
cg09712756	0.09045938686466698	628
cg04300159	0.0904588229046625	628
cg00989853	0.09045687923701723	628
cg03223959	0.09045533915024262	628
cg08514194	0.09045266781113709	628
cg12787323	0.0904525237248156	628
cg09502207	0.09045089350348307	628
cg13812927	0.09045030325310724	628
cg24837084	0.09044953007500561	628
cg27179041	0.09044940467254775	628
cg02976009	0.09044627251893106	628
cg02343275	0.09044608884113892	628
cg16786808	0.0904429588720983	628
cg22943986	0.09044036260863084	628
cg02809075	0.0904385509783735	628
cg13611997	0.09043839621054062	628
cg05073044	0.0904382016653078	628
cg09664215	0.09043794526327442	628
cg05198819	0.09043756918091969	628
cg15640140	0.09043637273957905	628
cg21243846	0.09043386645070009	628
cg15085883	0.09043386279065657	628
cg02056098	0.09043332388610892	628
cg06159353	0.09043300521999822	628
cg15649236	0.09043120635446084	628
cg24086536	0.09043081081832582	628
cg02728544	0.09043049683263824	628
cg02590088	0.09042975366592348	628
cg23738760	0.09042956632663568	628
cg19141448	0.09042931944055885	628
cg10055817	0.09042815978294982	628
cg03661817	0.090426797243702	628
cg06702718	0.09042672979007593	628
cg21251018	0.09042614606064553	628
cg02352295	0.09042574144251242	628
cg07416664	0.09042569950803364	628
cg13798621	0.09042560259963925	628
cg06952873	0.09042488425994666	628
cg02172891	0.09042485104300324	628
cg15577706	0.0904246093918133	628
cg23894086	0.0904234291448496	628
cg24414325	0.09042328407440897	628
cg15992730	0.09042315308973052	628
cg03554749	0.09042225182278713	628
cg15909132	0.09042224179825689	628
cg14093106	0.09042138340036188	628
cg14602234	0.09041976040828609	628
cg16377108	0.09041846927911612	628
cg18512948	0.0904181901672731	628
cg04114386	0.09041723959206738	628
cg14721213	0.09041626075850051	628
cg08763351	0.09041572156272332	628
cg03032025	0.09041344330962325	628
cg05596926	0.09041313496004033	628
cg11791052	0.0904115904864724	628
cg14403169	0.09041035842046691	628
cg05243700	0.09040994634472338	628
cg22131172	0.09040770265954082	628
cg16943126	0.09040665856454966	628
cg15531536	0.0904060014763024	628
cg01972576	0.09040564947993585	628
cg05333442	0.09040564603735735	628
cg03812751	0.09040549031429934	628
cg09341730	0.09040292391169141	628
cg17139085	0.09040281877127365	628
cg26380692	0.09040250997776295	628
cg06838584	0.09040249571546027	628
cg27598632	0.09040233519791752	628
cg14311134	0.09040143701604034	628
cg10406264	0.09039945724509851	628
cg11706111	0.09039931683020958	628
cg01752041	0.09039762640891363	628
cg23097843	0.09039756936045001	628
cg14527108	0.09039730610760127	628
cg10914899	0.09039660554855339	628
cg11036359	0.09039648715091922	628
cg12552889	0.0903955094968904	628
cg02162286	0.09039495093682208	628
cg22618219	0.09039402583737421	628
cg07121312	0.0903909667489628	628
cg06764239	0.09039061049667095	628
cg22937556	0.09039055428280096	628
cg02981092	0.09039039949560662	628
cg00049440	0.09038733478645511	628
cg27480371	0.0903871959745447	628
cg15072619	0.09038687828672476	628
cg02639181	0.09038577315104007	628
cg01354851	0.0903838577724711	628
cg15733245	0.09038318577540477	628
cg04371130	0.09038214543876705	628
cg11363527	0.09038190332889415	628
cg03983213	0.09038060611989424	628
cg09556286	0.09038011828489129	628
cg10755035	0.0903793872841524	628
cg13709271	0.09037806016347738	628
cg22389209	0.09037749109680238	628
cg03670302	0.09037722672951087	628
cg04159215	0.09037620119470877	628
cg25482146	0.09037564248239133	628
cg06592987	0.09037563047992914	628
cg16045677	0.09037494167967103	628
cg27168410	0.09037369564020115	628
cg06855666	0.09037259327545932	628
cg02342892	0.09037128282063689	628
cg20170271	0.090368671960664	628
cg04481096	0.09036843724598709	628
cg11442732	0.09036632093465435	628
cg13895046	0.0903654969988093	628
cg11007362	0.09036452953305829	628
cg22115076	0.09036413006059746	628
cg07973709	0.09036370490483878	628
cg19505659	0.09036297179797004	628
cg05036314	0.09036275519633152	628
cg00463202	0.09036147711543219	628
cg06926314	0.09036069415033748	628
cg12912758	0.090359727142577	628
cg13821051	0.0903577173604817	628
cg20893956	0.0903563507637386	628
cg23952578	0.09035621936960903	628
cg17085576	0.09035615412360054	628
cg27160348	0.09035367381773807	628
cg17204129	0.09035271964197565	628
cg25311507	0.09035265582770191	628
cg08542066	0.09035236939630947	628
cg08863953	0.09035138622831894	628
cg20170533	0.0903505629092173	628
cg14374754	0.09034885848653754	628
cg15901783	0.090348549608394	628
cg20645966	0.09034644159092439	628
cg12042714	0.09034546356844408	628
cg10953312	0.09034524754403533	628
cg11026555	0.09034426312828168	628
cg12444822	0.09034407596790578	628
cg21191843	0.09034371927766988	628
cg16386158	0.09034351952535558	628
cg04123498	0.09034238214568024	628
cg25727671	0.09034105678051507	628
cg15065561	0.09034050261223658	628
cg13700197	0.09033897798797924	628
cg24661236	0.09033799454294678	628
cg13773631	0.09033777648019693	628
cg00437360	0.0903361288213188	628
cg14270687	0.09033501477423642	628
cg11118697	0.09033423397115148	628
cg14113035	0.09033213351440045	628
cg23712370	0.09033168811314313	628
cg04635021	0.09033002870615386	628
cg01868869	0.09032998028559658	628
cg26225417	0.09032941613947482	628
cg03229538	0.09032719148885032	628
cg24375221	0.09032509130203936	628
cg21503904	0.09032064794841088	628
cg17747199	0.09031960190436422	628
cg20640374	0.09031833761211705	628
cg04613734	0.09031745096033111	628
cg25091228	0.09031731175664237	628
cg09175843	0.09031695540923218	628
cg13420744	0.0903168298600211	628
cg14815743	0.09031614464813154	628
cg11350586	0.09031554254871135	628
cg19784470	0.09031273069462187	628
cg09132388	0.09031268964992739	628
cg11954332	0.09031133117775193	628
cg03257743	0.09031076267091315	628
cg20451986	0.09030929416033584	628
cg25164777	0.09030791946031125	628
cg19775718	0.09030671217856523	628
cg27441409	0.09030630440313817	628
cg13583088	0.09030619092199144	628
cg09652086	0.09030613550045141	628
cg26544559	0.09030487794884383	628
cg05716278	0.09030344478218932	628
cg15061662	0.09030191188829417	628
cg00049892	0.0902980126062985	628
cg20373032	0.0902947077196733	628
cg02123734	0.09029417857588934	628
cg20272205	0.09029327098150064	628
cg06821999	0.09029273009750138	628
cg24067325	0.09029087366812172	628
cg14339867	0.09029064429414763	628
cg18980148	0.09029021386434438	628
cg16875864	0.09028954099895531	628
cg08231870	0.09028950583208324	628
cg02060919	0.09028891698648772	628
cg03134147	0.09028868213257848	628
cg24655222	0.09028814358682069	628
cg03639185	0.09028737590719133	628
cg10808560	0.09028694095905554	628
cg07796016	0.09028616550706736	628
cg08612539	0.09028610780332863	628
cg16747973	0.09028443609650272	628
cg10851739	0.0902837991903481	628
cg19661030	0.09028323271239652	628
cg26529864	0.09028296171744388	628
cg10099572	0.09028252553467092	628
cg11939346	0.09028205400422529	628
cg22958090	0.0902781040827933	628
cg06178055	0.09027774998541488	628
cg00826767	0.0902772580288575	628
cg15504461	0.09027454916437021	628
cg19927885	0.09027396802865274	628
cg20373635	0.09027224524982067	628
cg16587265	0.09027109015071677	628
cg15690347	0.09026910214752572	628
cg15810415	0.09026882576814224	628
cg06788514	0.09026878095215057	628
cg23841819	0.09026848749986144	628
cg27165836	0.09026822423252145	628
cg26620242	0.0902671043222543	628
cg10606834	0.09026700550379524	628
cg12118013	0.09026608836871866	628
cg15624719	0.09026497306663106	628
cg18311360	0.09026471831772075	628
cg16052975	0.09026417379679447	628
cg22078805	0.09026405965942574	628
cg13579167	0.09026162206058524	628
cg07658040	0.09026147013300223	628
cg05152903	0.09026054292224611	628
cg08698854	0.09025894005336038	628
cg04990378	0.09025879639831802	628
cg15570148	0.09025852942627582	628
cg02956194	0.09025818210725539	628
cg13421062	0.09025793964883555	628
cg01869342	0.09025793526691228	628
cg13581527	0.09025773613845733	628
cg18334681	0.09025771339105873	628
cg14431986	0.090256677506656	628
cg12285118	0.0902566130067578	628
cg16717532	0.09025621878590179	628
cg02930107	0.09025541063272216	628
cg20051118	0.0902547543882529	628
cg03219658	0.09025375685620457	628
cg03356537	0.0902537056742026	628
cg27117679	0.09025368728928626	628
cg02717339	0.09025318954770525	628
cg26411822	0.09025277784203298	628
cg00902147	0.09025170766944013	628
cg13587180	0.0902511441576157	628
cg14966901	0.09025060829091541	628
cg22449370	0.09024977065795148	628
cg02058408	0.09024961346853685	628
cg04792330	0.09024927126685965	628
cg20608783	0.0902482281664484	628
cg08684663	0.09024697461979414	628
cg22626866	0.09024669682886288	628
cg08784110	0.09024397620379765	628
cg10191581	0.09024379839863245	628
cg04546573	0.09024289019848725	628
cg02948862	0.0902420100598259	628
cg00076653	0.09024086028763884	628
cg23295754	0.09024069591043371	628
cg19577958	0.09023917827649094	628
cg03003394	0.09023906953684152	628
cg09076339	0.09023858596308568	628
cg25770495	0.09023521577548771	628
cg16170614	0.09023508756391263	628
cg00522403	0.09023503334762328	628
cg18193259	0.09023389716071545	628
cg03000485	0.0902331180497678	628
cg08250918	0.09023259446478316	628
cg16231917	0.09023007549598111	628
cg06173536	0.09022939821177048	628
cg05222995	0.09022935103623797	628
cg27072506	0.0902279735049526	628
cg20602300	0.0902269135086809	628
cg17620039	0.09022637821203763	628
cg01030406	0.09022584529400468	628
cg06770532	0.09022470783196135	628
cg01455398	0.090222416575646	628
cg12268637	0.09022037844210734	628
cg08078058	0.09021905590583695	628
cg11939496	0.09021884296619964	628
cg26361533	0.09021800169102373	628
cg23882545	0.09021596284116404	628
cg26559689	0.09021570549638946	628
cg25746092	0.09021484521695555	628
cg12930930	0.09021384562547125	628
cg21158815	0.09021371328209343	628
cg08048194	0.09021347133325724	628
cg15814508	0.09021207802541847	628
cg08564172	0.090211171197848	628
cg14981253	0.09021043367625159	628
cg07637554	0.09020992920156556	628
cg09747891	0.09020839192959201	628
cg11272547	0.09020837883011484	628
cg15638414	0.09020803818281675	628
cg14645861	0.09020778652639327	628
cg09307788	0.09020676706341799	628
cg03071582	0.0902047686835577	628
cg23404737	0.09020463500402448	628
cg01574912	0.09020259512911627	628
cg01426125	0.09020234669187821	628
cg10173932	0.09020231440321752	628
cg05828497	0.09020030582652794	628
cg19518666	0.0901992036567062	628
cg12582003	0.0901991474035192	628
cg17102648	0.09019826193463709	628
cg14219918	0.09019662228571718	628
cg04366300	0.09019634097475063	628
cg01803258	0.09019588272493168	628
cg03892838	0.09019548747046244	628
cg08908264	0.09019500436791633	628
cg23881099	0.09019429816937835	628
cg12615761	0.0901942740394728	628
cg13597554	0.09019421685930573	628
cg04287216	0.0901921574468012	628
cg03279522	0.09019062772305228	628
cg06765514	0.09018961111949819	628
cg18789887	0.09018876633226339	628
cg24748746	0.09018594188491225	628
cg11725400	0.09018411695088041	628
cg03523360	0.09018307212140714	628
cg00871207	0.09018258365655707	628
cg03108928	0.09018095162490752	628
cg17866257	0.09018056382696621	628
cg18382926	0.09018014474923253	628
cg11027217	0.09017862253349801	628
cg00193613	0.09017553047902133	628
cg10305797	0.09017487874672381	628
cg05626536	0.0901744778490507	628
cg13799933	0.09017434890514048	628
cg00746143	0.09017416952640667	628
cg24425972	0.09017272501301277	628
cg06806158	0.09017131553443494	628
cg25645491	0.0901694534442728	628
cg05919461	0.09016882141274452	628
cg15554966	0.09016834631887222	628
cg02720321	0.09016772512114019	628
cg25856090	0.090165941880402	628
cg01539483	0.09016565698342505	628
cg04279411	0.09016317333888657	628
cg23858537	0.09016295476987951	628
cg09855706	0.0901605259201021	628
cg06784824	0.09015882318849876	628
cg01858895	0.0901584517593399	628
cg03852847	0.09015774119847009	628
cg04902529	0.09015748838830909	628
cg04301614	0.0901561888774256	628
cg01876176	0.09015512435924644	628
cg20677267	0.09015500305518925	628
cg02502233	0.09015493604035886	628
cg23935255	0.09015432207724655	628
cg03739955	0.0901535773132209	628
cg10025514	0.09015305489487868	628
cg11694120	0.09015233072334655	628
cg19963856	0.09014982785662372	628
cg24366429	0.09014740352745204	628
cg00076880	0.09014738574807402	628
cg00832923	0.09014361270389798	628
cg00060374	0.09014033211142536	628
cg17133045	0.09014011520450949	628
cg08061271	0.09013880967543902	628
cg05796763	0.09013684239347775	628
cg13834112	0.09013582231488779	628
cg22241820	0.09013573920356382	628
cg05555337	0.09013557667104921	628
cg09770095	0.09013500048868439	628
cg23876203	0.09013460141111385	628
cg04825215	0.09013307552576327	628
cg16630482	0.09013289435998181	628
cg05058150	0.09013274263559073	628
cg00492142	0.09013151244283618	628
cg19432033	0.09013114694179304	628
cg20194973	0.09013110221432513	628
cg27352295	0.09013038590881547	628
cg04780984	0.09012754932801309	628
cg22249121	0.090126716346418	628
cg11389960	0.09012664369204015	628
cg21506299	0.09012604174332883	628
cg25070442	0.09012450551368667	628
cg20493283	0.0901239786026774	628
cg09634212	0.09012287074219544	628
cg15664943	0.09012059139980672	628
cg04416414	0.09012034365580535	628
cg13856573	0.09012010827824812	628
cg09038183	0.09011937614942345	628
cg10748359	0.09011639245768124	628
cg23257502	0.09011498650615596	628
cg25891078	0.09011224976615512	628
cg10019467	0.09011100866138344	628
cg16051685	0.09011093467313563	628
cg26768556	0.09011086548353464	628
cg01134967	0.09011048311925818	628
cg15740508	0.09011004118401594	628
cg11747081	0.09010998797184899	628
cg06557421	0.09010939259839884	628
cg26939283	0.09010810291847995	628
cg02278114	0.09010585736619536	628
cg07877900	0.09010531572901498	628
cg15454820	0.09010502025668637	628
cg25885280	0.09010462430335547	628
cg00348647	0.09010411973203436	628
cg21389309	0.09010291517690269	628
cg17780731	0.09010154679322963	628
cg25763520	0.09009992077172096	628
cg08841511	0.09009961229552221	628
cg26763835	0.09009943493041495	628
cg04420335	0.09009886042366577	628
cg21608519	0.0900978334677211	628
cg07005778	0.09009727070660073	628
cg23391641	0.0900964986529568	628
cg23080546	0.09009597203050612	628
cg27019030	0.0900953089174269	628
cg10961486	0.09009530385950848	628
cg10472320	0.09009302068459035	628
cg18876314	0.09009253782101967	628
cg01791238	0.0900924057851768	628
cg19868730	0.09009231927638561	628
cg02511845	0.09009125437658172	628
cg27177554	0.0900911772365676	628
cg08389588	0.09009112315911516	628
cg05985961	0.09009034492288648	628
cg06437799	0.09008488950852625	628
cg21648121	0.09008462268685469	628
cg17509989	0.09008352882254073	628
cg05413199	0.09007756902176224	628
cg24546723	0.09007506065804255	628
cg19421125	0.09007351692052995	628
cg08342619	0.0900728853413445	628
cg10809134	0.09007145353559581	628
cg16622875	0.09007102632058173	628
cg25252858	0.09007040595809335	628
cg22630733	0.09007030123485832	628
cg21550442	0.09006671683384304	628
cg07515667	0.09006531608496084	628
cg07602030	0.09006364449132914	628
cg08722115	0.0900624683219344	628
cg23479065	0.09006223276501901	628
cg03739378	0.09006204894864855	628
cg00581154	0.09006195793123328	628
cg01480180	0.09006165471278249	628
cg21723903	0.09006024792779585	628
cg21045464	0.0900600291920695	628
cg25804146	0.09005845512645286	628
cg21502250	0.09005731356334512	628
cg20513976	0.09005680206560962	628
cg08591472	0.0900560370266229	628
cg04745064	0.09005588502994441	628
cg24738924	0.0900547020982208	628
cg08870587	0.09005402594186857	628
cg09194364	0.09005303699341025	628
cg05276155	0.09005288118331092	628
cg18347602	0.09005205434102509	628
cg19653282	0.09005158232805788	628
cg20273670	0.09005062383487251	628
cg01839452	0.09004983468118277	628
cg18757087	0.09004904249284679	628
cg01025954	0.09004827147594602	628
cg01775265	0.09004733088155217	628
cg22305850	0.09004724928845517	628
cg04468741	0.09004560992937083	628
cg07626366	0.09004525256724566	628
cg26874611	0.09004491055767877	628
cg15749858	0.0900439354927321	628
cg01594538	0.09004186245187056	628
cg22614759	0.09004116678433233	628
cg17776207	0.09003552021261285	628
cg04470072	0.09003541515708868	628
cg15315056	0.09003170068151986	628
cg25154059	0.09003093335254181	628
cg26444351	0.09002982291287503	628
cg04196691	0.0900297664617602	628
cg06341027	0.09002877048855681	628
cg00046156	0.0900285522268649	628
cg16974699	0.09002806819520953	628
cg12233487	0.09002803998496517	628
cg22713469	0.09002740268874976	628
cg00500221	0.09002680781395461	628
cg04193820	0.09002590563274926	628
cg26385172	0.09002545841565554	628
cg25051805	0.09002488056393262	628
cg08984900	0.09002409278043344	628
cg05252264	0.09002182984368753	628
cg08882278	0.09001860338164225	628
cg24004327	0.09001852634864804	628
cg05013696	0.09001822594621672	628
cg10735632	0.09001736080273476	628
cg18312010	0.09001682645777881	628
cg24268966	0.09001640056402627	628
cg18423469	0.09001518600803077	628
cg24303559	0.09001479525884698	628
cg08755784	0.09001241310224972	628
cg05799507	0.09001127228051109	628
cg20408707	0.09001112242584552	628
cg00542992	0.0900109630321659	628
cg20809470	0.09001073079963164	628
cg23277715	0.0900106516289923	628
cg21170836	0.09001055062067292	628
cg25965776	0.09000932900092695	628
cg16734981	0.09000901254926129	628
cg05935520	0.09000690969307157	628
cg09178369	0.09000680503042507	628
cg12137156	0.09000673033715051	628
cg02124887	0.09000555573277244	628
cg27579501	0.09000507362598226	628
cg08378830	0.09000475986881504	628
cg23797551	0.09000458746824647	628
cg27437510	0.09000082653980279	628
cg10806586	0.09000050772983187	628
cg11793332	0.08999953387572332	628
cg07263492	0.08999651128654201	628
cg15766687	0.08999458071386418	628
cg25059899	0.08999198205687864	628
cg26749414	0.08999178711375777	628
cg21032567	0.08999158946953803	628
cg06846214	0.08999102479804058	628
cg17881200	0.08999056471850322	628
cg12242450	0.0899904826862854	628
cg10234511	0.0899900542862524	628
cg08407434	0.0899897048573789	628
cg05366189	0.08998718181373705	628
cg08617683	0.08998476106647338	628
cg13549444	0.08998383300883916	628
cg26466587	0.08998355218886102	628
cg27366280	0.08998352450521985	628
cg23172664	0.0899816085665715	628
cg10645640	0.08998145824591089	628
cg08906009	0.0899812510388438	628
cg07134266	0.0899791017239775	628
cg02289903	0.08997821902500991	628
cg19552441	0.08997785516140833	628
cg26341848	0.0899764986423493	628
cg06400590	0.08997642313339316	628
cg04236178	0.0899758964701819	628
cg02657441	0.08997468661304092	628
cg04055819	0.08997395468961647	628
cg23212590	0.0899729186045864	628
cg16315417	0.08997277702461023	628
cg06372850	0.08996933819738008	628
cg07317062	0.08996932172227504	628
cg14401746	0.08996850593218958	628
cg19487738	0.08996793233648281	628
cg22974982	0.08996647194204815	628
cg19302210	0.0899658424287672	628
cg16104371	0.08996480766771225	628
cg17176894	0.08996312652752197	628
cg17343107	0.08996245049000032	628
cg21616785	0.08996161124488453	628
cg19425603	0.08996136099061298	628
cg23283423	0.08996125900157065	628
cg21159568	0.08996037506282822	628
cg10580513	0.08995943275925661	628
cg00755130	0.0899593760105831	628
cg26551791	0.089959031708333	628
cg21830932	0.0899577609821991	628
cg23091117	0.08995747672862023	628
cg14045509	0.08995580104147444	628
cg27287357	0.08995450911383884	628
cg19455189	0.08995362735087775	628
cg13370977	0.0899535508675181	628
cg06417962	0.0899490354413193	628
cg11953516	0.08994896875531366	628
cg18055623	0.08994857923316354	628
cg02787087	0.0899478295704525	628
cg24205387	0.08994715556679389	628
cg24949579	0.08994656992187464	628
cg27423739	0.08994576811079225	628
cg05336056	0.08994466345235314	628
cg14533068	0.08994415466445438	628
cg01801603	0.0899425269513576	628
cg23639692	0.08994094435453373	628
cg19789047	0.0899409243216151	628
cg06178073	0.0899409049621826	628
cg22698177	0.08994080285758985	628
cg00582970	0.08994001278607273	628
cg05479130	0.08993928977077043	628
cg08996597	0.0899385732630611	628
cg04575155	0.0899379945159631	628
cg16224163	0.08993666454957433	628
cg16710099	0.0899364773262828	628
cg09167931	0.08993647467010568	628
cg11859982	0.0899322532493533	628
cg16370398	0.08993222134768099	628
cg00230586	0.08993200634152404	628
cg21631439	0.0899309501827848	628
cg24457649	0.08993081572314415	628
cg03166428	0.08992878376237029	628
cg19627238	0.08992714617125003	628
cg00801571	0.08992635819281464	628
cg06367655	0.08992548903184672	628
cg15446115	0.0899250617770409	628
cg24428653	0.08992447666913189	628
cg23997290	0.08992196450469275	628
cg24447042	0.08992094845068069	628
cg18026055	0.08991895478026257	628
cg01469132	0.08991796957721543	628
cg09885502	0.08991639402726345	628
cg16532282	0.08991627781085477	628
cg22168796	0.08991544598528675	628
cg06224017	0.08991511933434726	628
cg21615583	0.08991383601721308	628
cg13733266	0.08991274827267731	628
cg03780701	0.08991137408669703	628
cg10817441	0.0899102090564437	628
cg20188017	0.08990998788409993	628
cg10550882	0.0899088483932435	628
cg04088433	0.08990829199423195	628
cg16675758	0.08990826936226964	628
cg27000534	0.08990803842592197	628
cg06052372	0.08990620079420919	628
cg08593883	0.08990615843598765	628
cg26845946	0.08990611811581073	628
cg08883696	0.08990611172703111	628
cg04064050	0.08990560337458597	628
cg05257202	0.08990529082331677	628
cg03272195	0.08990093818963696	628
cg16536399	0.0898980912886379	628
cg07672517	0.08989744074875755	628
cg18317439	0.08989610519852276	628
cg18482690	0.08989471212526498	628
cg19209689	0.08989305239304102	628
cg12459502	0.08989135004052118	628
cg07582825	0.08989053120377272	628
cg21974580	0.08989020754181509	628
cg21661031	0.08988879574959097	628
cg06316219	0.08988786084414402	628
cg05578480	0.08988456043045073	628
cg23890008	0.08988383146597495	628
cg23927970	0.08988270147732091	628
cg14888916	0.08988190332018658	628
cg10631947	0.0898809923728704	628
cg04661709	0.08987987215515203	628
cg00187686	0.08987976033812253	628
cg18805066	0.08987861341279915	628
cg05390473	0.08987741177539277	628
cg07499899	0.0898770270545737	628
cg07436152	0.0898768932336532	628
cg23930856	0.0898765356389596	628
cg21193744	0.08987516844096943	628
cg03379797	0.08987383790028308	628
cg09671837	0.08987355170978804	628
cg16307866	0.08987273606252666	628
cg00495860	0.08987081133325842	628
cg05593336	0.08987033794111121	628
cg03875235	0.08986903905636473	628
cg14197881	0.08986830046919977	628
cg08295639	0.08986808096523896	628
cg15479387	0.08986615195397929	628
cg27618369	0.08986501106945743	628
cg19044462	0.0898650002565487	628
cg25730098	0.0898642476265093	628
cg00447208	0.08986334069526397	628
cg06815950	0.08986310796877334	628
cg10579668	0.08986250167954213	628
cg03898577	0.08986139426320985	628
cg24682512	0.08986094062413685	628
cg02829688	0.08985846912433257	628
cg20272884	0.08985842765361779	628
cg18958907	0.08985618816953	628
cg22630543	0.08985521144296582	628
cg04191989	0.08985492876397089	628
cg10820936	0.08985442631575469	628
cg12337525	0.08985342587313178	628
cg07201319	0.0898524609398541	628
cg01001472	0.08985198336382039	628
cg27605358	0.08985153304353516	628
cg07148458	0.0898512582458233	628
cg26029547	0.08985111766834913	628
cg08471713	0.08985031116431652	628
cg20033239	0.08984964076197888	628
cg07800208	0.08984959553699379	628
cg04722155	0.08984811125795822	628
cg10764891	0.08984645131872987	628
cg27614751	0.08984607086374932	628
cg17727929	0.08984591640967939	628
cg26144458	0.0898458870327987	628
cg16377872	0.08984557919784625	628
cg22328644	0.08984531522224001	628
cg04118234	0.08984451431344442	628
cg14703589	0.08984316896197989	628
cg23304647	0.08984193215234787	628
cg22834924	0.0898414265561332	628
cg25408237	0.08983989323134572	628
cg14141399	0.08983967971677365	628
cg06746669	0.08983547905299627	628
cg26616640	0.08983514881096877	628
cg23523755	0.08983493761825972	628
cg04495336	0.0898345605457393	628
cg05222216	0.08983354617183731	628
cg26412374	0.08983210383581253	628
cg15441473	0.08983201961310439	628
cg05555951	0.08983158601515329	628
cg00689340	0.0898311091218611	628
cg16803846	0.08983083968140998	628
cg25545503	0.08983065818459518	628
cg15054274	0.08982806019453568	628
cg09671650	0.08982656377454665	628
cg24310913	0.08982463910408833	628
cg10610428	0.08982364418909594	628
cg18366169	0.0898207725486341	628
cg25879395	0.08981968371105381	628
cg03371894	0.08981916551268432	628
cg24337225	0.08981827550824506	628
cg13354523	0.0898180201685293	628
cg11701148	0.08981782635615926	628
cg26462488	0.08981501079483561	628
cg18022346	0.08981387511700295	628
cg01688776	0.08981215156224132	628
cg06821828	0.08981210996810166	628
cg03565153	0.08981111640800549	628
cg19314470	0.0898105442478766	628
cg11925609	0.08980940913359226	628
cg19490001	0.0898054458810584	628
cg27261002	0.0898023076963636	628
cg21036007	0.08980084030461405	628
cg06002471	0.0898005238588046	628
cg16394290	0.08979723708599716	628
cg23109968	0.08979699174779318	628
cg23606244	0.08979698898653965	628
cg13876844	0.08979453607325777	628
cg13712952	0.08979442346328392	628
cg22117968	0.08979393152440579	628
cg14587391	0.08979363326350387	628
cg21509978	0.08979355180774007	628
cg15131282	0.08979347028093138	628
cg13580758	0.08979236352367315	628
cg08708961	0.0897921967664663	628
cg02332491	0.08979208847528525	628
cg06911238	0.08979157487563819	628
cg17920646	0.0897906434140048	628
cg05922911	0.089788328503703	628
cg10819004	0.08978743930222371	628
cg11980819	0.08978693476914695	628
cg11107116	0.08978693199313625	628
cg01295999	0.0897867586572954	628
cg13855435	0.08978587777217248	628
cg06875255	0.08978564118833349	628
cg07040303	0.08978544839654101	628
cg26957951	0.08978322457600285	628
cg01614643	0.08978135852672126	628
cg07579404	0.08977921437615854	628
cg14310179	0.08977876167097953	628
cg21516044	0.08977816831832464	628
cg19235893	0.08977706548660613	628
cg11070419	0.0897765689354009	628
cg25288034	0.08977459801638119	628
cg05361366	0.08977081705415763	628
cg07577799	0.08977060531247627	628
cg01346152	0.08977058134436965	628
cg25403283	0.08976936461166396	628
cg09375907	0.0897683649441206	628
cg12551908	0.08976795303521379	628
cg17071957	0.08976716635986601	628
cg09288218	0.08976686189357656	628
cg27624684	0.08976630987901052	628
cg10072237	0.08976435982175168	628
cg26667946	0.08976315162530214	628
cg19415202	0.08976298928436646	628
cg21866125	0.08976296281544988	628
cg06321998	0.08976123581485776	628
cg26650383	0.08975963143274013	628
cg12564151	0.0897579252962808	628
cg10217052	0.08975658518496427	628
cg21366602	0.08975608553424336	628
cg10270293	0.0897553082162266	628
cg02855740	0.08975397710142352	628
cg14564793	0.08975362997343585	628
cg00221382	0.08975229702625376	628
cg19009471	0.08975149398628818	628
cg24009065	0.08975110503730022	628
cg07855337	0.08974842230440894	628
cg12937151	0.08974806862921256	628
cg18762036	0.08974721066676272	628
cg02642585	0.08974690722900674	628
cg13704531	0.08974663107407502	628
cg23998650	0.08974626572235811	628
cg26605891	0.08974380607421167	628
cg00573857	0.08974342047640338	628
cg01454395	0.08974318226274375	628
cg09697245	0.08974277236000511	628
cg05248655	0.08974222776919644	628
cg16315262	0.08974139386839963	628
cg26503038	0.08974108176618018	628
cg20046777	0.08974076202080095	628
cg24174047	0.08973977128649013	628
cg13409439	0.08973949144865506	628
cg06951265	0.08973878673006414	628
cg00913360	0.08973778276186894	628
cg25383093	0.08973310681262214	628
cg24199203	0.08973273683826755	628
cg01306824	0.08972984805431075	628
cg01166925	0.0897278675644983	628
cg21158411	0.08972768771752573	628
cg06912814	0.08972718428085577	628
cg16206191	0.08972414470705492	628
cg00035969	0.08972204367696701	628
cg20181887	0.0897219046258288	628
cg19845720	0.08972127389705581	628
cg24216596	0.08972126807199587	628
cg27245646	0.08972084439842676	628
cg22022798	0.08972059795483289	628
cg09817985	0.08972046239143994	628
cg06571387	0.08972032954562148	628
cg26572608	0.08971943226749754	628
cg16581085	0.08971803694521496	628
cg02987249	0.0897176604114607	628
cg22390040	0.089717363983981	628
cg27256629	0.08971681457882563	628
cg18969232	0.08971631318017084	628
cg18414021	0.08971260628520744	628
cg17224937	0.08971256148084494	628
cg25685359	0.08971190373741164	628
cg22451923	0.08971098163953106	628
cg12297590	0.08970898979326969	628
cg01518225	0.08970831258504741	628
cg00345083	0.08970774812409968	628
cg11490805	0.08970686082909943	628
cg15023513	0.08970669749456012	628
cg25053413	0.08970630891307195	628
cg07568307	0.08970627641900022	628
cg06976598	0.08970527902177784	628
cg04291014	0.08970518491820478	628
cg17760881	0.08970492423050153	628
cg02416536	0.0897032143296565	628
cg07106927	0.08970230030718052	628
cg08889440	0.0897019199455146	628
cg01949002	0.08970151068765622	628
cg11130317	0.08970135455115814	628
cg24670715	0.08970089674643841	628
cg02926820	0.08970078881643148	628
cg16342323	0.08970037091922325	628
cg01109574	0.08970015641104419	628
cg06752040	0.08969987852229871	628
cg16659284	0.08969985785419421	628
cg13702222	0.08969536896579713	628
cg03368099	0.08969510092251319	628
cg12147799	0.0896950226700563	628
cg25399267	0.08969441050386334	628
cg09962377	0.08969413722602648	628
cg05202616	0.08969300993318063	628
cg26604359	0.0896919722011392	628
cg18512262	0.08969156111885646	628
cg12269161	0.08968826332635832	628
cg16707954	0.08968699740747915	628
cg20769856	0.08968548211323851	628
cg04383836	0.08968510722619244	628
cg14356225	0.0896850089954217	628
cg03156260	0.08968467041476613	628
cg12723985	0.08968448542043989	628
cg03251454	0.08968288655405171	628
cg10150902	0.08968282089073593	628
cg26815454	0.08968261698303448	628
cg14324358	0.08968160464161257	628
cg05369766	0.08968087205675224	628
cg15645685	0.08968077765853616	628
cg20902817	0.08968070629890629	628
cg18025838	0.08968024416770909	628
cg20251225	0.08967959924812308	628
cg23165310	0.08967837925352024	628
cg12623982	0.08967707297080996	628
cg05586662	0.0896769432209501	628
cg19367176	0.08967508287185966	628
cg05825244	0.08967283884978222	628
cg02749948	0.0896719808130414	628
cg23208717	0.08967187649134767	628
cg05352838	0.08967102120351866	628
cg25909885	0.08967033610276409	628
cg24590395	0.08966793284568275	628
cg10860521	0.08966777639488019	628
cg03437151	0.0896660432121828	628
cg27408541	0.08966592571303267	628
cg24871887	0.08966346633139599	628
cg03598754	0.08966181995280334	628
cg24685006	0.08966101593762947	628
cg26581001	0.0896603793076221	628
cg23557926	0.08965833602191906	628
cg14179148	0.08965739963169977	628
cg10197263	0.08965713888176985	628
cg20699780	0.08965569329618395	628
cg07965640	0.08965503717153796	628
cg18763911	0.08965487736807876	628
cg17723761	0.08965437343797095	628
cg05306070	0.08965425452876982	628
cg16619991	0.08965343830322825	628
cg10620881	0.08965305338354385	628
cg04139007	0.0896520461444916	628
cg14256968	0.08965180155523114	628
cg18282079	0.089651504457391	628
cg14738806	0.08965130293340154	628
cg10251217	0.08965065485860543	628
cg18949192	0.08965024885669062	628
cg15299888	0.08964979292875042	628
cg04592144	0.08964953921972074	628
cg17421241	0.0896452769775587	628
cg24233332	0.08964403385454206	628
cg13345683	0.08964377771809684	628
cg13662778	0.0896434118330785	628
cg27258551	0.08964041352576768	628
cg08691422	0.08963993940887194	628
cg10307662	0.08963989981741699	628
cg01389283	0.08963919085507016	628
cg27173965	0.08963847188371293	628
cg11992783	0.08963837354784215	628
cg15627089	0.08963787182276632	628
cg08230957	0.08963766989826918	628
cg17784503	0.08963731194789726	628
cg16512727	0.08963398186184196	628
cg06084952	0.08963309882666187	628
cg17164016	0.08963201194052361	628
cg06786630	0.08963145497135377	628
cg11409350	0.08963097699701714	628
cg07018404	0.08963089857936823	628
cg10020892	0.08963005069878507	628
cg02276822	0.08962915537507565	628
cg10036013	0.08962873962024981	628
cg21358336	0.08962219109519759	628
cg27123522	0.08962219030747698	628
cg03102442	0.08962209662632309	628
cg26422465	0.08962067045357044	628
cg16745604	0.08962046574169275	628
cg03142586	0.08962033330694365	628
cg00650176	0.08961978066200246	628
cg22430700	0.08961928690696086	628
cg04200243	0.08961926433732816	628
cg19029181	0.08961779230531468	628
cg05729490	0.0896172408539414	628
cg08330690	0.08961624507168364	628
cg26017930	0.08961613059064506	628
cg18196393	0.08961476459537605	628
cg22581187	0.08961386320413622	628
cg05128003	0.08961304201185138	628
cg21291321	0.08961081289040251	628
cg24243914	0.08961058167493496	628
cg11710123	0.08960722599956339	628
cg06096901	0.08960700816046557	628
cg19285478	0.0896039083797594	628
cg01439876	0.08960383238162768	628
cg21535253	0.08960294075206032	628
cg16786117	0.08960251145228454	628
cg17306747	0.08960229528021686	628
cg15205428	0.08960092304036821	628
cg16506432	0.08960043620663205	628
cg19886655	0.08960042605797514	628
cg01361499	0.08959969546092328	628
cg18404374	0.08959878967884408	628
cg13187849	0.08959869177739432	628
cg07172550	0.08959798258149909	628
cg02524983	0.08959787891732734	628
cg09232851	0.08959782124566762	628
cg02064499	0.08959651013534625	628
cg09053081	0.08959617570681866	628
cg16405876	0.08959582211111605	628
cg11800620	0.08959562815689906	628
cg10136452	0.08959535564906718	628
cg00127198	0.08959521833251333	628
cg15732840	0.0895950703170879	628
cg15612221	0.08959499580213842	628
cg23935616	0.08959408708871797	628
cg08930131	0.08959318621575796	628
cg11947187	0.08959310841541632	628
cg04399899	0.08959266398867563	628
cg01973164	0.08959227109660362	628
cg22697034	0.08959217861513569	628
cg14456683	0.08959171249583861	628
cg24895497	0.08959140678334587	628
cg05707211	0.08959104365897946	628
cg19014335	0.08959016065677242	628
cg07996016	0.08958979742531487	628
cg00348900	0.08958884984085935	628
cg11074047	0.08958824030367013	628
cg15514393	0.08958796332834945	628
cg13452961	0.08958684876616338	628
cg03374820	0.08958645142328414	628
cg09142144	0.08958566754860497	628
cg17317859	0.089585506918896	628
cg17914838	0.08958408063058104	628
cg05453001	0.08958401757906795	628
cg02531924	0.08958377261386173	628
cg20908789	0.08958053796438287	628
cg04855678	0.08958020025909097	628
cg25093813	0.08957948605029101	628
cg07856280	0.089579026572427	628
cg16338313	0.08957890528685919	628
cg20488857	0.08957755029600811	628
cg00156497	0.08957739065777454	628
cg20091384	0.08957664840438828	628
cg05614735	0.08957655153606114	628
cg24503712	0.08957615804879215	628
cg04114590	0.0895760406159628	628
cg08654091	0.08957509157311239	628
cg26075039	0.08957497463201808	628
cg18317533	0.08957454018791444	628
cg10887810	0.08957414544047299	628
cg22589504	0.08957382458824431	628
cg03086235	0.08957048635656503	628
cg21784383	0.0895690013274303	628
cg09949906	0.08956790947889931	628
cg07102913	0.08956772656335293	628
cg01437204	0.0895674385006463	628
cg03176729	0.0895672838827461	628
cg27078927	0.08956412101026917	628
cg21908557	0.08956403575281038	628
cg14756006	0.08956165231933977	628
cg24172509	0.08956054701507987	628
cg09493284	0.08955947722546886	628
cg20126775	0.08955922700329	628
cg15076318	0.08955865908181534	628
cg23347654	0.08955811545827158	628
cg07825294	0.08955738788745357	628
cg08783300	0.08955682133911988	628
cg01581084	0.08955463985766882	628
cg20312916	0.08955446501791592	628
cg09583024	0.08955383004812378	628
cg06892501	0.0895529348179156	628
cg26004203	0.08955113802273187	628
cg14574996	0.08954741927378668	628
cg10460168	0.08954626495942694	628
cg03294207	0.08954578082348147	628
cg14196824	0.08954419609296288	628
cg03231447	0.08953686941397354	628
cg20570030	0.08953671557693921	628
cg01913259	0.08953558422021968	628
cg26452081	0.08953486307396408	628
cg20502501	0.08953328693626295	628
cg03147503	0.0895323797490779	628
cg06698399	0.08953222591009963	628
cg12883629	0.08952772575492604	628
cg06623219	0.08952654345829808	628
cg18860954	0.08952565094327677	628
cg07052524	0.08952437196629426	628
cg11967108	0.08952419107149656	628
cg05402634	0.08952356056027899	628
cg25718035	0.08952340562387959	628
cg09056327	0.08952324362635258	628
cg21554895	0.08952180129331955	628
cg10399210	0.08952092163591469	628
cg19492423	0.08952048169430613	628
cg09918657	0.08952043926449832	628
cg08098868	0.08952031233667226	628
cg18323376	0.08952001923166014	628
cg09634455	0.08951980756111871	628
cg04812347	0.08951937507024138	628
cg05970317	0.08951775378887672	628
cg08003956	0.08951688206604841	628
cg09671951	0.0895167324916981	628
cg26385286	0.08951657048147044	628
cg01107136	0.08951457466785415	628
cg11104088	0.08951441467542348	628
cg21952241	0.08951286897234523	628
cg09980085	0.08951068857989936	628
cg18087143	0.08951011661196381	628
cg07547695	0.0895095864428202	628
cg26706676	0.08950915013514107	628
cg27587033	0.0895088840698387	628
cg04588257	0.08950883522259617	628
cg21683708	0.08950602858569459	628
cg15187790	0.08950593511774835	628
cg12355586	0.08950583016176689	628
cg23330668	0.08950563519592131	628
cg06474225	0.08950200541248471	628
cg24450303	0.08950175711653763	628
cg05331334	0.08950165830375317	628
cg07366506	0.08950080794143095	628
cg19975916	0.089499026273233	628
cg00507154	0.08949881247074093	628
cg08597345	0.08949865625728365	628
cg09530108	0.08949687087636948	628
cg26133399	0.08949525701445182	628
cg03736795	0.08949393414705673	628
cg19025234	0.08949288770728123	628
cg22046201	0.08949172077144915	628
cg25598400	0.08948957415051303	628
cg01329057	0.08948829407092951	628
cg19724910	0.08948774103084828	628
cg01593385	0.08948755240647843	628
cg21208734	0.08948603851160619	628
cg11351837	0.0894852040329897	628
cg27435498	0.08948458838527162	628
cg02218200	0.0894843481677034	628
cg02962406	0.08948357030281506	628
cg11710851	0.08948352624975205	628
cg27218993	0.08948269528510511	628
cg17970598	0.08948249410115233	628
cg14802684	0.08948022498591929	628
cg03621841	0.0894798311581528	628
cg07112867	0.08947901334313774	628
cg15075241	0.08947834577886166	628
cg10722444	0.089477339422677	628
cg00779056	0.08947662373800996	628
cg11540476	0.08947526156944413	628
cg15658676	0.08947501841436784	628
cg22871653	0.08947398285966153	628
cg12185873	0.08947020740305112	628
cg06502659	0.08946937927079307	628
cg16175263	0.08946911459046208	628
cg17315873	0.08946843803281163	628
cg13052638	0.08946738073301264	628
cg23511157	0.08946721347522019	628
cg20501883	0.08946629534203063	628
cg19047868	0.08946481272421172	628
cg17009813	0.08946379474132865	628
cg10987624	0.08946342250665218	628
cg24685778	0.08946190380704494	628
cg16667251	0.08946098283569667	628
cg26918808	0.08945942119504885	628
cg06960164	0.08945824840724893	628
cg11116086	0.08945734327944557	628
cg01248745	0.08945688390716838	628
cg17812123	0.08945682067599436	628
cg18242139	0.0894557646664596	628
cg07246713	0.08945470310347836	628
cg01518246	0.08945417350340212	628
cg13909895	0.08945412663113088	628
cg21865108	0.08945395362706393	628
cg17977250	0.08945369260620839	628
cg24809269	0.08945361333230561	628
cg05085636	0.08945021973939864	628
cg26073885	0.08944842414380036	628
cg10606698	0.08944774811845577	628
cg00533182	0.08944695390798602	628
cg13522114	0.08944600405875686	628
cg20703122	0.08944519634478554	628
cg02799880	0.08944341824542767	628
cg08084984	0.08944222404050133	628
cg17684207	0.08944184835393261	628
cg00423598	0.08944117372453342	628
cg25002129	0.08943984008857547	628
cg21665448	0.08943975933801396	628
cg19187616	0.08943939576101478	628
cg01008164	0.08943785860584591	628
cg22157087	0.0894368109046042	628
cg06923531	0.08943605249926821	628
cg08884410	0.08943502035250403	628
cg15706424	0.08943462644158207	628
cg04771100	0.08943369467386042	628
cg12608775	0.0894304938800618	628
cg08529529	0.08942977239003258	628
cg16175245	0.0894296400083352	628
cg05250241	0.08942933271064624	628
cg19607021	0.08942829377159703	628
cg22032706	0.08942791960059215	628
cg02464073	0.08942755247567488	628
cg27564716	0.08942669615589016	628
cg04625862	0.089426661481317	628
cg12893736	0.08942643271377176	628
cg15618978	0.08942589246132131	628
cg16950247	0.08942299394655384	628
cg21675871	0.08942132756164001	628
cg26757836	0.08942077152576106	628
cg26203328	0.08942038463343004	628
cg07822469	0.08941830563886534	628
cg16469046	0.08941815844291262	628
cg14834675	0.08941769618879244	628
cg10451262	0.08941666523332481	628
cg01785605	0.08941461150255386	628
cg18530324	0.0894124791687061	628
cg23316648	0.0894112036436262	628
cg03582419	0.08941026586474815	628
cg12802844	0.08941003456198415	628
cg01109169	0.08940960923682229	628
cg16131748	0.08940890001651258	628
cg08249698	0.08940864624660128	628
cg05941585	0.08940807267113604	628
cg14691971	0.08940527618427146	628
cg06119162	0.089402027389622	628
cg15820961	0.08940163160759396	628
cg19617161	0.0894012058796933	628
cg15769388	0.08940106129795203	628
cg03187614	0.08940028677931816	628
cg07644321	0.08939973872041365	628
cg27409129	0.08939953128993305	628
cg01999333	0.08939930325875042	628
cg03593014	0.08939758734502623	628
cg18167946	0.08939666478877786	628
cg24151087	0.08939614539862575	628
cg13200847	0.08939552688267483	628
cg13730105	0.08939522004062811	628
cg24289912	0.08939398136820342	628
cg17176016	0.08939307803850195	628
cg26858300	0.08939245139407975	628
cg06611115	0.08939162093145697	628
cg04923875	0.08938970833468624	628
cg16180796	0.08938966290743705	628
cg06846752	0.08938925974160321	628
cg27157482	0.0893888191065412	628
cg23345151	0.08938776258098102	628
cg14566819	0.08938719757836283	628
cg22985016	0.08938638175632391	628
cg24163210	0.08938357046963213	628
cg00253735	0.0893824838925883	628
cg02756056	0.0893814950285893	628
cg17375248	0.08938084455231177	628
cg12929983	0.08937992678235457	628
cg18715243	0.08937976744600404	628
cg15418322	0.08937958246517241	628
cg03052794	0.08937859990197	628
cg04197844	0.08937745346037557	628
cg16264458	0.08937723978953155	628
cg08858130	0.08937693572355371	628
cg18496440	0.08937562540353011	628
cg25754195	0.08937535811560426	628
cg05884053	0.0893744472093499	628
cg05465955	0.08937438738013298	628
cg02399371	0.0893743522607792	628
cg07172237	0.08937226367503792	628
cg06007850	0.08937216232923745	628
cg00035980	0.08937076253260823	628
cg15753239	0.08936626940724507	628
cg06398881	0.0893659534189451	628
cg06238004	0.08936546551456159	628
cg24672116	0.08936517158055673	628
cg05353869	0.08936482839287405	628
cg02458885	0.08936125820005719	628
cg10594510	0.08936044257755638	628
cg01823510	0.08936040098634812	628
cg15991478	0.08936013002736326	628
cg17479716	0.08935993072815185	628
cg27141889	0.08935972862495384	628
cg24212267	0.08935916658162549	628
cg21884509	0.08935835081679536	628
cg21528927	0.089356926416299	628
cg15108537	0.08935651072325979	628
cg19518695	0.08935624006579446	628
cg04789403	0.08935465401752488	628
cg15746696	0.08935355096284432	628
cg03058660	0.08935308493660696	628
cg01616529	0.08935206722690472	628
cg09027601	0.08935140557602256	628
cg04503593	0.08935103268820715	628
cg01204606	0.08934995643570441	628
cg21644009	0.08934928806963283	628
cg17048233	0.08934917357042255	628
cg23983453	0.08934854900442049	628
cg02266731	0.08934771639815792	628
cg19193931	0.0893463178033119	628
cg25353990	0.08934586861207283	628
cg10281509	0.08934528527393715	628
cg05004973	0.08934375520737398	628
cg25518707	0.08934335444208663	628
cg10096948	0.08934159097182548	628
cg19825437	0.0893412934051237	628
cg22640961	0.0893411383082594	628
cg02727737	0.0893393055380135	628
cg26929163	0.08933912762728707	628
cg01156747	0.08933736275584964	628
cg13872831	0.08933692888572807	628
cg26105558	0.08933525111736762	628
cg22449337	0.08933516737909963	628
cg01730857	0.08933197158631362	628
cg10282491	0.08933195552624626	628
cg00486358	0.08933155858480424	628
cg21950155	0.08933081131273085	628
cg00908004	0.08932982291122177	628
cg16723800	0.08932855495397382	628
cg03281139	0.08932816201396186	628
cg04212081	0.08932792660248456	628
cg26539455	0.08932774871569504	628
cg17239057	0.0893264539552892	628
cg27389908	0.08932644973259696	628
cg00671823	0.08932587272754466	628
cg21792493	0.08932468182565623	628
cg17454263	0.08932362096752265	628
cg08242576	0.0893223186961501	628
cg05917419	0.0893219653213968	628
cg08568767	0.08932066074747125	628
cg07575373	0.0893202157335963	628
cg26836800	0.08932008674346592	628
cg00005166	0.08931992493192764	628
cg23953831	0.08931967917645434	628
cg23245620	0.08931579985841609	628
cg18920097	0.08931483905160637	628
cg17820229	0.08931425677137839	628
cg03064100	0.08931357905014314	628
cg23485639	0.08931128724958826	628
cg05263760	0.08930876793206691	628
cg27248029	0.08930661866748046	628
cg19119942	0.0893032477205008	628
cg18805469	0.08930260996220396	628
cg09121152	0.08930173440113881	628
cg14476852	0.08930148745205305	628
cg08834902	0.08930082195833203	628
cg00558975	0.08930061932442068	628
cg12043732	0.08930040856501692	628
cg20159490	0.08930005459304208	628
cg00683332	0.08929686513475873	628
cg03607220	0.0892946090851355	628
cg01564135	0.08929378590838849	628
cg09015774	0.08929359807046267	628
cg16143578	0.08929352397481538	628
cg05996795	0.0892934740474122	628
cg25072179	0.08929254481637472	628
cg10835712	0.08929194890040076	628
cg06976213	0.08929171900797134	628
cg26817546	0.08929160062048389	628
cg16419724	0.08929126596564663	628
cg23173466	0.08929003971942517	628
cg04343927	0.08928994296915632	628
cg13066043	0.08928929799944767	628
cg06287775	0.08928908199725244	628
cg00258316	0.08928730603727625	628
cg21851534	0.08928526906262943	628
cg27566947	0.08928492814783234	628
cg22671798	0.08928463980007678	628
cg07014174	0.08928296774143507	628
cg11842752	0.08928292138317612	628
cg26975476	0.08928193002366214	628
cg20432732	0.08928107296517007	628
cg14018471	0.08928101159302743	628
cg25474703	0.08927723864650905	628
cg10357555	0.08927690726125947	628
cg03479211	0.08927625384846033	628
cg04751149	0.08927624282396623	628
cg11485823	0.08927610776115444	628
cg18700940	0.0892737776706874	628
cg18796287	0.0892721061081288	628
cg05712300	0.08927209814859366	628
cg23542948	0.08927125775387743	628
cg04105712	0.089270349288459	628
cg17977470	0.08927022558134073	628
cg02413285	0.08926882546122078	628
cg04583074	0.08926867707228198	628
cg10750464	0.08926646024659746	628
cg23921523	0.08926201046852855	628
cg19755435	0.08926109207701022	628
cg13003878	0.08926102739186076	628
cg08109266	0.08925862289921149	628
cg01514075	0.0892574146994804	628
cg12642651	0.08925733345547732	628
cg15895925	0.08925692484398068	628
cg02874031	0.0892568315510328	628
cg06232205	0.08925592039969016	628
cg00344178	0.08925586167555905	628
cg21799736	0.08925017753419523	628
cg24797276	0.08924952901856165	628
cg05888755	0.08924849434402268	628
cg04863005	0.0892475469281645	628
cg24254842	0.08924546955570745	628
cg00182416	0.08924477109791457	628
cg03643948	0.0892438870849554	628
cg08266311	0.08924359703976953	628
cg14327759	0.08924320684903486	628
cg03976366	0.08924254612809596	628
cg00007326	0.08924231991630188	628
cg15242449	0.0892421170938742	628
cg02086166	0.08924206801579954	628
cg12629515	0.08924139798243252	628
cg11139248	0.08924095394176934	628
cg23375598	0.08923997055021299	628
cg03285823	0.08923993674942099	628
cg02909789	0.08923928476921406	628
cg13666323	0.0892392790507987	628
cg24570210	0.08923922415485491	628
cg19528797	0.08923831192226456	628
cg02073887	0.08923604499032822	628
cg13085403	0.08923585934041756	628
cg04225775	0.08923538784327209	628
cg14791530	0.08923515018938666	628
cg11811510	0.08923367469100454	628
cg05687834	0.08923058063176345	628
cg27660627	0.08922808708392327	628
cg27177296	0.08922737596081143	628
cg18361418	0.08922702782371753	628
cg26522946	0.08922684695359956	628
cg10672567	0.08922502778189473	628
cg05138949	0.08922407876175178	628
cg25743026	0.08922372879700269	628
cg13316295	0.08922372299817999	628
cg19383680	0.08922305368051558	628
cg05242402	0.08922218162167306	628
cg14706297	0.08922167916059448	628
cg12924164	0.08922158201968738	628
cg13744172	0.0892214094844296	628
cg26540315	0.0892211072125366	628
cg13453110	0.08921968095115057	628
cg04709703	0.08921948058479395	628
cg01428953	0.08921538661401066	628
cg00908833	0.08921531272496058	628
cg04726013	0.08921525959171633	628
cg00703061	0.0892127293092026	628
cg03528325	0.08921218728845454	628
cg06297541	0.08921162228173476	628
cg22611120	0.08921140001611017	628
cg00177388	0.08921033548053314	628
cg02337388	0.08920807750144294	628
cg11864574	0.08920779927533534	628
cg07344627	0.08920345375417599	628
cg20246277	0.0892033297083279	628
cg10539700	0.08920328554202894	628
cg14015502	0.08920232580728427	628
cg14336674	0.08920159537266353	628
cg24598190	0.08920129496111334	628
cg03332701	0.08920052289645353	628
cg10187894	0.0892003300923987	628
cg01085362	0.08920032203121861	628
cg15043318	0.08920024706071084	628
cg26139559	0.08919862991059416	628
cg07023494	0.08919810620466578	628
cg15451642	0.08919746045178528	628
cg05172699	0.08919728783262348	628
cg24041556	0.08919681412371519	628
cg11957848	0.08919611126840327	628
cg02589353	0.0891959442963225	628
cg23446438	0.0891942311400798	628
cg18936550	0.0891917629652082	628
cg00021600	0.08919158172675448	628
cg10928544	0.08919140393133435	628
cg03187073	0.08918880871053059	628
cg05876917	0.08918841404438702	628
cg15262505	0.08918752450197397	628
cg26476156	0.08918737603637508	628
cg22761176	0.08918689724096435	628
cg24751707	0.08918686939903658	628
cg24646554	0.08918641260642457	628
cg04347708	0.08918467782293604	628
cg22532314	0.08918391326443342	628
cg06963182	0.08918385428286132	628
cg12057127	0.0891834329661694	628
cg24859236	0.08918278281120881	628
cg04328477	0.08917980433539173	628
cg12702354	0.0891788756016415	628
cg00808086	0.08917812032137562	628
cg20629254	0.08917756988632505	628
cg23325997	0.08917577023659778	628
cg11165752	0.08917333986640855	628
cg14957089	0.08917171759427905	628
cg03664928	0.08917116831766803	628
cg19268119	0.08916989742740837	628
cg15047223	0.08916987940111198	628
cg09537553	0.08916979811208181	628
cg12646029	0.08916882153635437	628
cg10130564	0.08916834380636168	628
cg25782229	0.08916780618857968	628
cg18543991	0.08916739482791763	628
cg17411135	0.08916598401548334	628
cg03642518	0.08916588696533992	628
cg04333575	0.08916529491888503	628
cg13411789	0.08916459694813895	628
cg22712983	0.0891641147510322	628
cg27048142	0.08916289493222396	628
cg02592239	0.0891615886212998	628
cg10897459	0.08916117982571312	628
cg25210884	0.08915927646583521	628
cg15278058	0.08915883583791473	628
cg00233028	0.0891583678943389	628
cg07133629	0.08915787706706665	628
cg11724602	0.08915641226657706	628
cg19176541	0.08915342932183701	628
cg27649239	0.08915129305336014	628
cg16313382	0.08915105953183289	628
cg14652587	0.08915081084435833	628
cg09645336	0.08915005877359274	628
cg01232121	0.0891497008372833	628
cg05305760	0.08914849029016328	628
cg19449067	0.08914842252766358	628
cg24937675	0.08914836189089981	628
cg00009349	0.08914822341471218	628
cg25958561	0.08914547184830052	628
cg26785604	0.08914545584714678	628
cg11078084	0.08914328026760338	628
cg27080986	0.08914035394839256	628
cg03928384	0.08913878652150242	628
cg07264025	0.08913817662344814	628
cg13868473	0.08913675426375872	628
cg19382705	0.08913566926611183	628
cg09343092	0.08913555488515978	628
cg08850264	0.08913528232641277	628
cg08780339	0.08913457630020238	628
cg08227260	0.08913264008096097	628
cg23671708	0.08913249785452682	628
cg17295733	0.08913179700127916	628
cg03566752	0.08913177444968723	628
cg15001215	0.08913087595285568	628
cg07451370	0.08913009013441103	628
cg20983876	0.0891293101134577	628
cg22457769	0.08912725620492436	628
cg15720832	0.08912641591771267	628
cg15651925	0.08912410871637036	628
cg01394847	0.08912405364869835	628
cg13904520	0.08912366187157789	628
cg01384290	0.08912329920009737	628
cg18222083	0.0891222415307375	628
cg23982212	0.08912215249789285	628
cg00641873	0.08912026741472902	628
cg12417603	0.08911920336778556	628
cg01035869	0.08911730041199256	628
cg06281265	0.08911721324213412	628
cg09108314	0.08911715114718705	628
cg23874437	0.08911696449048057	628
cg13072214	0.08911629254570513	628
cg22965082	0.08911603344131264	628
cg15603896	0.08911559592111712	628
cg18086386	0.08911479836695113	628
cg04013650	0.08911443955372245	628
cg11785425	0.08911420761608649	628
cg25336874	0.08911387769830414	628
cg05398903	0.08911360698965293	628
cg19376664	0.0891127633486617	628
cg16742703	0.08911145788390551	628
cg03345454	0.08911099122705923	628
cg05060486	0.08911056903082343	628
cg21380024	0.08910920856672117	628
cg22561794	0.08910879019559681	628
cg22321036	0.08910842124555368	628
cg03014622	0.08910834086190578	628
cg16677019	0.0891071071178422	628
cg00640456	0.08910627154757617	628
cg07542476	0.08910558516304917	628
cg05312962	0.08910529915110144	628
cg04377850	0.08910499700817398	628
cg17723206	0.08910485838990384	628
cg13289364	0.089103579208996	628
cg10589825	0.08910257794010595	628
cg04933829	0.08909916549326036	628
cg03556869	0.08909898059468996	628
cg08253809	0.0890987239969776	628
cg17433772	0.08909850539711567	628
cg24136671	0.08909586198236136	628
cg14911689	0.08909487148870904	628
cg18406852	0.08909457635219331	628
cg18006637	0.08909372314356856	628
cg20317148	0.08909274778444543	628
cg08781710	0.08908924821347586	628
cg18083764	0.08908892863918266	628
cg03028515	0.08908832101065572	628
cg01161877	0.0890872284007535	628
cg00096418	0.0890868272950518	628
cg04995521	0.08908657523034408	628
cg05062418	0.08908644493383916	628
cg19341652	0.08908500872059107	628
cg24057107	0.08908472887558744	628
cg08348186	0.08908429453415911	628
cg22475974	0.08908419313999216	628
cg07198369	0.08908275827051049	628
cg08538034	0.08908096917825911	628
cg11427314	0.08908055310844948	628
cg20323175	0.08908054321238784	628
cg04190119	0.08908050686778812	628
cg04917160	0.08907985771291613	628
cg17626801	0.08907844791613226	628
cg19790352	0.08907802118900193	628
cg10914667	0.0890779527130306	628
cg11703729	0.08907564688192016	628
cg27198997	0.08907429792667398	628
cg08883078	0.08907401696222533	628
cg21738443	0.0890736965978404	628
cg08644678	0.08907336260269177	628
cg11503687	0.08907086422641008	628
cg08666956	0.08906825105897564	628
cg04586579	0.08906789287642367	628
cg06433467	0.08906601686080673	628
cg18264219	0.08906464884458809	628
cg23695990	0.08906405609467327	628
cg01923514	0.08906363248059793	628
cg07343445	0.08906231710243195	628
cg03981685	0.08906165277861439	628
cg17767185	0.08906165043756986	628
cg09774842	0.08906012706669837	628
cg00828556	0.08905988384705066	628
cg13922021	0.08905909194608902	628
cg09746086	0.08905852167845485	628
cg18724430	0.08905829563794973	628
cg25147026	0.08905663055774557	628
cg12051762	0.0890554656771888	628
cg25587431	0.08905540388718719	628
cg12860156	0.08905424836248516	628
cg21482167	0.08905385966839957	628
cg00442389	0.08905346128855574	628
cg13652536	0.08905331511137937	628
cg03916490	0.08905309196119218	628
cg00377865	0.08905123815359783	628
cg27209741	0.08905109509715173	628
cg05892024	0.08904840042621726	628
cg03473809	0.08904839741866538	628
cg10371560	0.08904811882657748	628
cg14877834	0.08904768594135382	628
cg23884149	0.08904749315925242	628
cg18827503	0.08904589452573114	628
cg01520122	0.08904517658570177	628
cg25321462	0.08904384207324134	628
cg20583060	0.08904342481359556	628
cg27292547	0.08904252224231035	628
cg10626556	0.08903883542025243	628
cg03094285	0.08903859691843141	628
cg24151995	0.08903713159459165	628
cg19097280	0.08903624277124611	628
cg16970323	0.08903538044266962	628
cg19583265	0.08903521197874636	628
cg03551367	0.08903380770522351	628
cg20151301	0.0890336618046717	628
cg11383474	0.08903348481355233	628
cg11758446	0.08903229384659112	628
cg18874332	0.08902930794862887	628
cg23244910	0.08902338500747418	628
cg20480274	0.08902155424152824	628
cg14871870	0.089020242424008	628
cg22816913	0.08901862549866701	628
cg04384208	0.08901780102722068	628
cg00889709	0.08901771253559526	628
cg05348366	0.08901729557377303	628
cg23313445	0.08901558405611099	628
cg18322739	0.08901396920450089	628
cg11479000	0.08901349745282805	628
cg18107144	0.08901226105562937	628
cg17714807	0.08901140770403856	628
cg02152631	0.08901036952534966	628
cg06836948	0.08900960684622472	628
cg01970040	0.08900855731390178	628
cg16705777	0.08900845915631905	628
cg09369190	0.0890073760219354	628
cg07536018	0.08900643804157204	628
cg09420412	0.08900395934704242	628
cg17997207	0.08900365148679013	628
cg17804348	0.08900313708216104	628
cg14833891	0.08900294054677266	628
cg10146692	0.0890005308274367	628
cg07064066	0.08900019227519362	628
cg14988869	0.08900001132759539	628
cg02200944	0.08899992863833578	628
cg24250492	0.08899716126026352	628
cg07708148	0.08899592447103771	628
cg12057563	0.08899473519445184	628
cg16329896	0.08899449185092542	628
cg09889836	0.08899424306068698	628
cg09651038	0.08899338290762973	628
cg08251761	0.08899262214302017	628
cg16814023	0.08899160147708574	628
cg09555124	0.088991329642094	628
cg26749518	0.08899126114028467	628
cg07958689	0.08898838149639932	628
cg26818573	0.08898766448851514	628
cg13536447	0.08898463425161252	628
cg11155784	0.08898448537675441	628
cg23549472	0.08898353538881248	628
cg03119043	0.08898298474704208	628
cg04667180	0.08898069103180362	628
cg17576979	0.08898047005073717	628
cg03259292	0.08897556177263438	628
cg16727774	0.08897548755399476	628
cg16664732	0.08897313673320595	628
cg14844559	0.08897269362046367	628
cg16588492	0.08897257437007927	628
cg16820615	0.08897243400326457	628
cg26343510	0.08897184813043704	628
cg16213787	0.08897083959746366	628
cg02387612	0.08896974144831016	628
cg07201003	0.08896969208158195	628
cg04741211	0.08896810833151364	628
cg13033578	0.08896809233885847	628
cg18626427	0.0889671186998302	628
cg15729137	0.08896705159322826	628
cg19738924	0.08896646941006922	628
cg05440642	0.08896565216281083	628
cg14674802	0.0889652645941375	628
cg25661792	0.08896526418347683	628
cg16531622	0.08896489004599806	628
cg23087598	0.08896371964340727	628
cg14608581	0.0889635682646713	628
cg17850088	0.08896113599056449	628
cg22386311	0.08896107810761916	628
cg06133145	0.08896098861875439	628
cg10401088	0.08896066424751942	628
cg22541254	0.08896064668675777	628
cg21443659	0.08895993351450598	628
cg20962500	0.08895914712202341	628
cg14364472	0.08895627190503302	628
cg01739960	0.08895604491108988	628
cg06038843	0.08895586914734044	628
cg00734931	0.08895568728042103	628
cg15786205	0.08895512729111277	628
cg18024167	0.0889543686473771	628
cg19576099	0.0889535190476225	628
cg08650934	0.08895317635365918	628
cg04726784	0.08895286441904465	628
cg19798881	0.0889527088074974	628
cg12102973	0.08895262531408799	628
cg15924868	0.08895206220719748	628
cg20289854	0.0889516736715511	628
cg13970894	0.0889503583171127	628
cg27105634	0.08895012409074149	628
cg24490133	0.08894942300853537	628
cg25067702	0.08894838662980364	628
cg03738707	0.08894747656103041	628
cg12448265	0.08894643450208328	628
cg13816321	0.08894406769714615	628
cg19579183	0.08894374917694867	628
cg02404507	0.08894364802199206	628
cg26370729	0.08894170533004193	628
cg16683508	0.08894146559253124	628
cg07500806	0.08893781865169209	628
cg12752580	0.08893770152918878	628
cg15243578	0.0889372068875354	628
cg10815657	0.08893710474429656	628
cg17292610	0.08893597348198312	628
cg21647035	0.08893060067664049	628
cg18738804	0.08893049406875395	628
cg00697916	0.08892918378207551	628
cg27250634	0.08892877996015902	628
cg13818316	0.08892743467096137	628
cg13113525	0.08892728639760394	628
cg25296804	0.08892707169454134	628
cg04056669	0.08892682348982828	628
cg20083186	0.08892639194138113	628
cg05529181	0.0889257652238343	628
cg00433917	0.0889248753805756	628
cg05660881	0.0889243960424797	628
cg01341355	0.08892417173896222	628
cg22821289	0.08892409182423183	628
cg01782826	0.08892235524349162	628
cg11354857	0.0889221049850249	628
cg19746186	0.08891988320201644	628
cg09477019	0.08891876562783357	628
cg21690450	0.08891724955540409	628
cg08549806	0.08891641061314386	628
cg15806588	0.08891582704660422	628
cg02973792	0.08891442580060566	628
cg26053291	0.08891329747161031	628
cg12019109	0.0889120016176616	628
cg26372842	0.08891170724300129	628
cg09877744	0.08891112226772085	628
cg01285926	0.08891102132770123	628
cg07748583	0.0889095534141334	628
cg24576535	0.08890947986818115	628
cg04385220	0.08890625513288086	628
cg00927939	0.08890597124239902	628
cg15992420	0.08890517167151599	628
cg08500112	0.08890065984428222	628
cg24872173	0.08890039670433703	628
cg12756897	0.08889931146966154	628
cg11252310	0.08889887868941754	628
cg17534029	0.08889855595038822	628
cg08026735	0.08889689731094545	628
cg26751645	0.08889414662882772	628
cg24547060	0.0888931527461066	628
cg27353629	0.08889208247496422	628
cg12477608	0.08889160684555769	628
cg15151364	0.08889146502891138	628
cg07235577	0.08889134499604523	628
cg02582940	0.0888911590863651	628
cg18568930	0.08888983893746494	628
cg20135243	0.08888977061965658	628
cg14957346	0.08888970527415288	628
cg23919549	0.08888846990872751	628
cg23200218	0.08888777050839222	628
cg24503407	0.08888730252720412	628
cg25742246	0.08888695223787987	628
cg06313930	0.08888690365707155	628
cg21145416	0.08888655687418706	628
cg09480190	0.08888635024911329	628
cg05831517	0.08888425699361457	628
cg04442426	0.0888842314062871	628
cg09267815	0.08888406899895146	628
cg25379762	0.08888379059026152	628
cg08702689	0.08888327381416472	628
cg01776172	0.08888025409609712	628
cg00777271	0.08888002493145158	628
cg16631326	0.08887961417767232	628
cg22666103	0.08887883671346941	628
cg21194726	0.08887457547976879	628
cg15974867	0.08887410015768943	628
cg17303922	0.0888729420922878	628
cg10806146	0.08887134113577022	628
cg03028216	0.08887132301981154	628
cg01406203	0.08887046182018155	628
cg07720174	0.08887035498180546	628
cg16812893	0.08886994144342908	628
cg19130610	0.08886899669863085	628
cg20216309	0.08886561134356091	628
cg19143211	0.08886548407878003	628
cg22155039	0.08886468832275526	628
cg07363697	0.0888620847621781	628
cg12279397	0.08886194950346726	628
cg21959618	0.08886142814320233	628
cg12555816	0.08886048957262976	628
cg17512989	0.08885860793468858	628
cg15337006	0.08885860405454249	628
cg09214175	0.08885620004841754	628
cg03549660	0.08885563395906665	628
cg21348406	0.08885087300748654	628
cg22221554	0.08885005045603409	628
cg25950638	0.08884702987905935	628
cg21164300	0.0888437034328631	628
cg01433654	0.08884339168357988	628
cg03347207	0.08884226576772697	628
cg21506790	0.08884197278625966	628
cg19742105	0.08884185583336784	628
cg09638834	0.08884122477169513	628
cg07148407	0.08884084100969797	628
cg17639394	0.08884025863567938	628
cg03615145	0.08883980256205115	628
cg13484467	0.08883876412670133	628
cg17344321	0.08883796916947374	628
cg18304696	0.08883767138864385	628
cg13532463	0.08883683626706151	628
cg06346388	0.08883617586723191	628
cg07539443	0.08883566210595248	628
cg06193628	0.08883555126140211	628
cg11197630	0.08883473925114296	628
cg05305140	0.0888342246392318	628
cg22953510	0.08883274210221226	628
cg19709608	0.08883242467742569	628
cg02148426	0.08883224521484301	628
cg17127329	0.08883125227057753	628
cg23536473	0.08882995914954704	628
cg25818605	0.08882927502038132	628
cg10129493	0.08882757427118812	628
cg25108988	0.08882528059362815	628
cg08979281	0.08882361184218057	628
cg01393632	0.08882344533367777	628
cg07893801	0.0888229171200465	628
cg07573078	0.08882290697969975	628
cg19450479	0.0888205670651862	628
cg07470639	0.08882017179235174	628
cg05415729	0.08882007044657869	628
cg26136497	0.08881824337497413	628
cg24663419	0.08881809807045915	628
cg21854332	0.0888180776990144	628
cg13918472	0.08881787324642051	628
cg03440762	0.08881745603304017	628
cg15203905	0.08881726266537562	628
cg04364311	0.08881640234103666	628
cg21697381	0.08881619407370776	628
cg07613361	0.08881367356312775	628
cg26646558	0.08881244920953407	628
cg25654695	0.08881197311083155	628
cg22079008	0.08881072134393803	628
cg10914192	0.0888106688774381	628
cg05849772	0.08880763360917526	628
cg24760581	0.08880568622331367	628
cg04319873	0.08880477027730949	628
cg20960642	0.08880345533708472	628
cg09754243	0.0888027105657977	628
cg22864500	0.08880156382533788	628
cg00164941	0.08880102130343254	628
cg02043679	0.08880094855655626	628
cg13972343	0.08880085426927117	628
cg07832143	0.08880010915233114	628
cg06710082	0.0887993910433823	628
cg11505404	0.08879906713969271	628
cg02971262	0.08879802201903031	628
cg14501977	0.08879680126106287	628
cg00096536	0.0887964106335464	628
cg14437986	0.08879607596828809	628
cg26407571	0.08879592104372958	628
cg02793507	0.08879566252682658	628
cg03538499	0.08879290896114975	628
cg12187358	0.0887911425431682	628
cg04912712	0.08879068036700061	628
cg14359052	0.08878959576492904	628
cg23908943	0.08878895534589087	628
cg09010107	0.08878786360734386	628
cg05687091	0.08878784853027166	628
cg20704537	0.08878688201550017	628
cg00903825	0.08878631250281599	628
cg15345477	0.08878616795621114	628
cg07144255	0.08878592054528822	628
cg23486561	0.08878541615180824	628
cg03326307	0.08878464973897479	628
cg00615485	0.08878285185291962	628
cg27304519	0.08878228542628569	628
cg27095915	0.0887818109682754	628
cg20373036	0.08878167023409018	628
cg17389928	0.0887797726002239	628
cg21451653	0.0887783088644021	628
cg00545886	0.0887769635070288	628
cg25153755	0.0887763087074128	628
cg05768403	0.08877522965922788	628
cg07805642	0.08877457246421444	628
cg06635764	0.08877366079506371	628
cg19118751	0.08877331545216333	628
cg24624090	0.08877319678128376	628
cg26603910	0.08877170293546008	628
cg26863308	0.08876794902840808	628
cg18713528	0.08876751432521729	628
cg10505973	0.08876683389699452	628
cg14565752	0.08876507962251723	628
cg00974255	0.08876384082863636	628
cg10047181	0.08876347768570209	628
cg06948763	0.08876344603919734	628
cg00745693	0.08876324300777044	628
cg04352168	0.08876317335120981	628
cg05575639	0.08876174679376495	628
cg01343363	0.08876135199653372	628
cg02499925	0.08876100781510174	628
cg17028067	0.08875958443546533	628
cg17052170	0.0887593107189153	628
cg17007389	0.08875907548833661	628
cg16017414	0.08875622302710207	628
cg19626725	0.08875608184601921	628
cg00692780	0.08875585038737926	628
cg17973038	0.08875580552432194	628
cg11983038	0.08875488229911627	628
cg07490689	0.08875399862125405	628
cg17723958	0.08875344587555606	628
cg18774692	0.0887532588055199	628
cg00308367	0.0887521645785101	628
cg24790356	0.0887518445289617	628
cg26896748	0.08875051532920486	628
cg15607664	0.08874900494787122	628
cg12554857	0.08874860596266615	628
cg00742465	0.0887485718425935	628
cg13903282	0.08874776890085823	628
cg24640637	0.08874603239551132	628
cg06437840	0.08874314142771009	628
cg26331343	0.08874241310736453	628
cg27436259	0.08874217999049139	628
cg16270018	0.08874207635572806	628
cg09267458	0.08873973254441267	628
cg08845025	0.08873825588383809	628
cg26283559	0.08873779812027294	628
cg22088248	0.08873767630435708	628
cg18237594	0.08873612887184601	628
cg17949813	0.08873575739290285	628
cg22688815	0.08873557421647771	628
cg03495660	0.08873495421292477	628
cg21732844	0.08873371996390161	628
cg05068206	0.08873078850446095	628
cg14076258	0.08873046742789384	628
cg00695982	0.08872913720743503	628
cg08580014	0.08872878615208216	628
cg11208967	0.08872849591871279	628
cg08777316	0.08872829623695688	628
cg00962755	0.0887263694705876	628
cg10261191	0.08872512584315356	628
cg17017514	0.08872508052055406	628
cg24474193	0.08872417664035165	628
cg18062721	0.0887238139516538	628
cg11103390	0.08872328812730182	628
cg04070188	0.08872328714054045	628
cg02134720	0.08872292058363695	628
cg21141143	0.08872255597544415	628
cg02603251	0.08872126316636753	628
cg16274899	0.08872098027928021	628
cg14718293	0.0887199109543802	628
cg06866827	0.08871960400218648	628
cg00103771	0.0887188603984671	628
cg08726900	0.08871756158917249	628
cg17937101	0.08871277057322757	628
cg17583432	0.08871247290323073	628
cg13740135	0.08871184407443211	628
cg04702314	0.08871111428452377	628
cg05437476	0.088711043504198	628
cg05624199	0.08871091669766945	628
cg02737379	0.08871042166460674	628
cg14431072	0.08870967482485292	628
cg11135724	0.0887096511784457	628
cg01940297	0.08870920174988223	628
cg26217827	0.08870756378401312	628
cg04665588	0.08870574665695963	628
cg02474193	0.08870351954958566	628
cg27257987	0.0887032284782378	628
cg21609804	0.08870301372226486	628
cg08541649	0.08870257310927515	628
cg05338976	0.08870217451648021	628
cg16863332	0.08870037105747192	628
cg04873098	0.08869924358567698	628
cg18938534	0.08869782720482966	628
cg24262870	0.08869689296987265	628
cg25061682	0.08869547729327226	628
cg09294072	0.08869523413277469	628
cg00793992	0.08869370452944902	628
cg04778755	0.08869348605384425	628
cg03889507	0.08869337594170174	628
cg07443748	0.08869328781762814	628
cg02655824	0.08869240277589396	628
cg27446005	0.08869088102061634	628
cg04556766	0.0886908289580583	628
cg12665414	0.08868981148550975	628
cg09573465	0.08868975102576271	628
cg01859360	0.08868869479971353	628
cg06714705	0.08868833667887843	628
cg07171609	0.08868828290301467	628
cg23959569	0.0886850021397893	628
cg14057041	0.08868474365956708	628
cg12362118	0.0886828745273836	628
cg25670974	0.08868154429451419	628
cg12801525	0.08868096799432257	628
cg03308652	0.08868032177768226	628
cg26509965	0.08867857803328494	628
cg18944010	0.08867827127769987	628
cg19405162	0.0886755624394513	628
cg21484547	0.08867481533553101	628
cg17385727	0.08867402439839406	628
cg06502570	0.08867398820310862	628
cg00405699	0.08867326904018372	628
cg24706505	0.08867321314628673	628
cg16678159	0.08867319560832848	628
cg18128298	0.08867311471486578	628
cg09220088	0.08867103988943753	628
cg24592892	0.0886704707397559	628
cg11586239	0.08866822145299208	628
cg18538812	0.08866489036315073	628
cg02693438	0.08866487649434107	628
cg25946059	0.08866436488355464	628
cg14983763	0.08866295185764339	628
cg20258249	0.08866186419149918	628
cg02314201	0.08866096422676167	628
cg20190552	0.08866006199757054	628
cg17370616	0.08865972646112419	628
cg18338046	0.08865855790537785	628
cg21205663	0.08865852468497165	628
cg11066601	0.08865829438434991	628
cg01784220	0.08865702903398842	628
cg05573306	0.0886558820468672	628
cg08220548	0.08865550563384139	628
cg12477050	0.08865422593210243	628
cg05000761	0.08865334550086079	628
cg09542291	0.08865218515781875	628
cg04499083	0.08865106094138919	628
cg18436500	0.08865095773425805	628
cg00753399	0.08865090076070856	628
cg27009439	0.0886504727798465	628
cg04795700	0.08865005886533966	628
cg27532845	0.08864935742578331	628
cg22688043	0.08864925036995247	628
cg06093460	0.08864886093061963	628
cg00668619	0.08864869377844674	628
cg08666915	0.08864812421842144	628
cg13798585	0.08864673469137097	628
cg22047469	0.08864518103013352	628
cg09435170	0.0886449441639629	628
cg10663765	0.08864456248320313	628
cg03247944	0.08864366224546938	628
cg17718276	0.08864277693582295	628
cg03064900	0.0886425829445508	628
cg03054080	0.08864139683871045	628
cg07339138	0.08864063010540152	628
cg02311374	0.08864060080753267	628
cg16402387	0.08863986015710779	628
cg12250581	0.08863823701436216	628
cg04026937	0.08863807334838028	628
cg24983189	0.08863796591117729	628
cg21952928	0.08863759305139016	628
cg08028974	0.08863570303123147	628
cg01532589	0.08863422704808904	628
cg21916358	0.0886317248604622	628
cg27326113	0.08862999961804824	628
cg10142436	0.0886291649591622	628
cg17626385	0.08862903894113211	628
cg11229612	0.08862755154941243	628
cg17745392	0.08862537734630149	628
cg22421859	0.08862398905431351	628
cg02270952	0.0886235786603819	628
cg01372366	0.08862226066606149	628
cg05800289	0.08862140019252623	628
cg04397137	0.08862063531237141	628
cg13809236	0.08861985014854357	628
cg07177379	0.08861965654443887	628
cg16400794	0.08861833905031179	628
cg07194798	0.08861826598660644	628
cg05147195	0.08861774085693619	628
cg01426558	0.08861577093681328	628
cg17205788	0.08861491017520445	628
cg09251959	0.08861226206549921	628
cg22708961	0.08861116364229388	628
cg23647640	0.08861107344909647	628
cg12437809	0.088610881928122	628
cg26055899	0.08860998815268484	628
cg04944283	0.08860987659467473	628
cg03202693	0.08860943410492711	628
cg13736811	0.08860860538982396	628
cg06647694	0.0886083114296412	628
cg22236418	0.08860644854767769	628
cg12642717	0.08860588447957485	628
cg19402939	0.08860565666318726	628
cg18069174	0.08860524132416536	628
cg25924085	0.08860471662411112	628
cg19267457	0.08860276403762968	628
cg09013975	0.08860129032258329	628
cg06845268	0.08860102308092305	628
cg12036633	0.08859858067445456	628
cg12944572	0.08859604815939581	628
cg06513958	0.08859583982873093	628
cg14480531	0.08859574410639337	628
cg19726711	0.08859494922738143	628
cg27451362	0.08859339019467687	628
cg03025986	0.08859269121456614	628
cg27318774	0.08859262986535549	628
cg18649464	0.08859167594759976	628
cg00602811	0.08859129512725733	628
cg06298190	0.0885876563215976	628
cg25693497	0.08858712978198918	628
cg06325088	0.08858676962371909	628
cg13347354	0.08858654173545238	628
cg27058221	0.08858653102985842	628
cg26674445	0.0885863014205363	628
cg05630272	0.08858480095100046	628
cg20656587	0.08858432302990477	628
cg12845051	0.08858143984376776	628
cg16650096	0.08858020183250542	628
cg27485289	0.08857776909235349	628
cg14443606	0.08857732975260454	628
cg02244970	0.08857654363757733	628
cg09888961	0.08857499026178692	628
cg08901867	0.08857418087369184	628
cg04751089	0.08857337355177575	628
cg07472199	0.08857322587544786	628
cg25718748	0.08857085864190561	628
cg11071207	0.08856939046885604	628
cg16340152	0.08856878854409389	628
cg08144358	0.08856859168562137	628
cg01405685	0.08856825323294631	628
cg23449544	0.08856799282731398	628
cg14972155	0.08856710467778618	628
cg09322259	0.08856569073188084	628
cg20825532	0.08856379000990022	628
cg04101194	0.08856181410755112	628
cg22316451	0.08856079903275521	628
cg18288558	0.08856042031621991	628
cg15676542	0.08855856139616916	628
cg27520905	0.08855641239199707	628
cg04527220	0.08855525468753894	628
cg10489463	0.08855423696476503	628
cg17789809	0.08855169073985508	628
cg03237218	0.08855142254393772	628
cg07814289	0.08854910005628752	628
cg19418458	0.08854866386221386	628
cg16312972	0.08854786006720111	628
cg00612625	0.08854647149239267	628
cg24313592	0.08854423269762035	628
cg10941445	0.08854407223124305	628
cg07793148	0.08854149501938488	628
cg04892437	0.08853966114233403	628
cg23332501	0.08853843013043558	628
cg19626656	0.08853777294333642	628
cg20061010	0.08853765654604884	628
cg05767404	0.0885372164138786	628
cg25101898	0.0885358623532897	628
cg17333886	0.08853528766494145	628
cg04680738	0.08853507332134111	628
cg06551177	0.0885349868453969	628
cg01809927	0.08853326098370945	628
cg02317534	0.08853231976877451	628
cg07856155	0.08853230643013893	628
cg10547893	0.08853159726750431	628
cg22190023	0.08853109582403826	628
cg08552214	0.08853059707942296	628
cg02870960	0.08852923326605311	628
cg07525077	0.08852884857040794	628
cg25004071	0.08852798177813054	628
cg21550024	0.08852697996172482	628
cg13981184	0.08852624267819292	628
cg18114040	0.08852598490863899	628
cg08781403	0.08852511385184203	628
cg13375636	0.08852144271492657	628
cg08486903	0.0885202809575868	628
cg08941355	0.08851991814533078	628
cg11507532	0.08851968199426213	628
cg14584177	0.08851905339417593	628
cg20703790	0.08851890821221509	628
cg08844501	0.08851821775374391	628
cg05967389	0.0885178347717688	628
cg10718608	0.08851770307032697	628
cg27418434	0.08851762503499633	628
cg27616227	0.08851555227332263	628
cg01945223	0.08851506788862562	628
cg08305942	0.08851467602754814	628
cg25338972	0.08851223784344098	628
cg00866439	0.08851205728354661	628
cg10422816	0.08851202373330874	628
cg01342981	0.08851146671510986	628
cg02018798	0.08851044779645967	628
cg24598158	0.08851022187314828	628
cg20442078	0.08851019730445722	628
cg21831467	0.08851011733635394	628
cg24431033	0.08850949450053192	628
cg19978055	0.08850622643061548	628
cg19222405	0.088505913318914	628
cg18906079	0.08850580218425766	628
cg22862208	0.08850575547349149	628
cg05092362	0.08850445972244578	628
cg08745451	0.08850397410711175	628
cg13521229	0.08850396440696623	628
cg26303613	0.08850382417042515	628
cg13048437	0.0885037548211578	628
cg18984724	0.08850313474253052	628
cg12124094	0.08850094087082566	628
cg10724576	0.08849989284701681	628
cg23049142	0.08849969731509688	628
cg19645639	0.08849938512677236	628
cg07142009	0.0884992009067774	628
cg05366160	0.08849762815397083	628
cg19045002	0.08849693605233827	628
cg18689454	0.08849578645178119	628
cg05194636	0.08849551466943928	628
cg17571335	0.08849367064334185	628
cg25673948	0.08849277650939405	628
cg22543924	0.08849170706680665	628
cg01387072	0.0884914882139296	628
cg05523057	0.0884912507240076	628
cg17487741	0.0884911469156987	628
cg18746336	0.08849093714595127	628
cg16139249	0.08848896010213703	628
cg24737374	0.088488540664249	628
cg26507353	0.08848783746436406	628
cg22210497	0.08848668315323137	628
cg04562683	0.08848661892311271	628
cg26519326	0.08848657989945236	628
cg05316415	0.08848641273955649	628
cg13014457	0.08848400989438315	628
cg24178621	0.08848343498990774	628
cg19563510	0.08848318413135055	628
cg09903183	0.08848289354858208	628
cg13497903	0.088482630143698	628
cg22829706	0.08848245182709885	628
cg02922817	0.08848244303884018	628
cg01928553	0.08848205796406255	628
cg17158424	0.08848196936248376	628
cg10200373	0.0884811378759846	628
cg13609065	0.0884807599919113	628
cg02185464	0.08847941030129014	628
cg18182981	0.08847937604389042	628
cg09737314	0.08847749035543004	628
cg02954307	0.08847638602343	628
cg19537719	0.0884740233647035	628
cg24104616	0.08847369804441496	628
cg18425032	0.08847368422259366	628
cg09782912	0.08847361936909892	628
cg26474127	0.08847316750067546	628
cg16331883	0.08847282594855374	628
cg08131184	0.08847185081061415	628
cg23764766	0.08847070191020354	628
cg25206536	0.08847021567223728	628
cg26591391	0.08846923958107134	628
cg15133201	0.08846781394087505	628
cg07150062	0.08846778512875302	628
cg05266321	0.08846649304390586	628
cg14588606	0.08846527247568886	628
cg04922203	0.08846372764328209	628
cg00950497	0.08846343373660615	628
cg23596471	0.08846268523782158	628
cg24202817	0.0884617502026738	628
cg01072388	0.08846037497962278	628
cg00044299	0.0884600289980969	628
cg12414070	0.088459353625505	628
cg14528319	0.08845673258413939	628
cg18118262	0.08845651137429583	628
cg04563996	0.08845488015247258	628
cg13471336	0.08845446501815468	628
cg20434586	0.0884539429941147	628
cg26644674	0.08845344535160049	628
cg01875838	0.08845298463345613	628
cg10133725	0.08845168542742338	628
cg08655148	0.0884496680872931	628
cg18278184	0.08844911963513374	628
cg00134602	0.08844789521946966	628
cg23180235	0.08844575873513516	628
cg04821248	0.08844560104691049	628
cg05088513	0.08844528458383788	628
cg14518948	0.08844520315266897	628
cg01511814	0.0884447562051287	628
cg00364956	0.08844389092281035	628
cg13750264	0.08844370873757895	628
cg27252467	0.08844363205152461	628
cg10913050	0.08844321522726015	628
cg18320854	0.0884431080022868	628
cg00163727	0.08844265098039866	628
cg19112186	0.0884421125913657	628
cg12879143	0.08843894334890848	628
cg09948958	0.08843876282851615	628
cg05185021	0.08843875025165254	628
cg20945232	0.0884370227030434	628
cg05876625	0.08843627955376923	628
cg16306259	0.08843585622288336	628
cg14760797	0.08843571594521549	628
cg03684062	0.08843280513657836	628
cg11960677	0.08843231966167922	628
cg00568550	0.08843025543853011	628
cg27431150	0.088429101634913	628
cg25503169	0.08842836165535745	628
cg07770222	0.08842810409392506	628
cg13114305	0.08842613759416132	628
cg16226261	0.0884256902584663	628
cg02281970	0.08842534517661366	628
cg06419219	0.0884252699521326	628
cg09957864	0.08842432963216607	628
cg12425286	0.08842216686098403	628
cg23926820	0.08842129110059604	628
cg14897263	0.08842040451657468	628
cg11542394	0.08841903948835256	628
cg00104072	0.08841749902936125	628
cg07661899	0.08841673161937263	628
cg04139359	0.08841631570618833	628
cg10364249	0.08841630643460566	628
cg21864732	0.08841621481480771	628
cg12147572	0.08841605021817034	628
cg02338778	0.08841594424343618	628
cg07711085	0.08841458942715641	628
cg21501525	0.0884141059485184	628
cg08951271	0.08841269302590032	628
cg14636261	0.08841267443532436	628
cg16492211	0.0884124029012967	628
cg17383329	0.08841221812710998	628
cg02647265	0.08841119652412685	628
cg14632030	0.08841113685587221	628
cg12608692	0.08841099176393086	628
cg00292029	0.08840994228851515	628
cg01527486	0.08840856594682855	628
cg18533397	0.08840838347980494	628
cg25854703	0.08840717344567284	628
cg02851203	0.08840591002661519	628
cg00698602	0.08840365272166258	628
cg13914708	0.08840332187408267	628
cg09863413	0.08840251618412637	628
cg18823637	0.0884023525224289	628
cg22642485	0.08840119008809846	628
cg04806150	0.08840027435252784	628
cg07697597	0.08839965293345056	628
cg17143843	0.08839957336112031	628
cg12587618	0.08839916523714242	628
cg11539055	0.08839560767724508	628
cg16363586	0.08839418909528424	628
cg20139145	0.08839378633756201	628
cg12320986	0.0883902626282857	628
cg16854200	0.0883902318467259	628
cg19539826	0.08838972050051574	628
cg25900902	0.08838939383356251	628
cg26966828	0.08838912025133971	628
cg03668629	0.08838664125735712	628
cg18378811	0.08838648942432181	628
cg18163442	0.08838645284363661	628
cg11511795	0.08838550320019128	628
cg11314779	0.08838479227285201	628
cg20291855	0.08838392079992419	628
cg15564098	0.08838374963247511	628
cg04297507	0.08838259796625197	628
cg13279083	0.08838211826409773	628
cg18808777	0.08838147756668113	628
cg05830842	0.08837902060772895	628
cg14166494	0.08837379579291926	628
cg07364162	0.08837377573034588	628
cg02037013	0.08837347147098037	628
cg01011757	0.08837214576718666	628
cg20124223	0.08836926625043284	628
cg10157266	0.08836777676419971	628
cg13318964	0.0883669419618704	628
cg08582485	0.08836485617631175	628
cg00305281	0.08836418623606668	628
cg09635395	0.08836398065044426	628
cg16210324	0.08836388441805548	628
cg17857791	0.0883638097570138	628
cg27026390	0.08836094420256735	628
cg14845812	0.08836070073391919	628
cg22842797	0.08835917927723036	628
cg14708990	0.08835899165124167	628
cg23111300	0.08835734717772042	628
cg08862210	0.08835628443070992	628
cg10558233	0.0883555989932717	628
cg16651900	0.0883545712693819	628
cg07337796	0.08835395733197676	628
cg19106893	0.08835318498480083	628
cg16794061	0.08834975898602694	628
cg14356799	0.08834891796959858	628
cg04303509	0.08834853295612954	628
cg10362294	0.088348479318127	628
cg16101574	0.08834833837220335	628
cg13369337	0.08834692206199854	628
cg15800276	0.08834432096024142	628
cg11658874	0.08834348344457707	628
cg09906066	0.08834325732972814	628
cg00876757	0.0883419425832675	628
cg00966659	0.08834112846157705	628
cg13742374	0.08834028899751772	628
cg23194926	0.08833955891426387	628
cg20665967	0.08833797504912999	628
cg24933157	0.08833709498740439	628
cg17022362	0.08833691763564136	628
cg22960901	0.0883357340125028	628
cg09074938	0.08833456759285346	628
cg18963509	0.08833421900892116	628
cg27110277	0.08833390805113911	628
cg26073856	0.08833290729411367	628
cg02052366	0.08833250428990291	628
cg24535643	0.0883321902135844	628
cg07269374	0.08833020781604578	628
cg26336701	0.08832966834640094	628
cg22481950	0.08832927324277073	628
cg23866403	0.088329248791367	628
cg23629935	0.0883274691084858	628
cg02582754	0.08832743784580677	628
cg11265958	0.0883269791721896	628
cg07832245	0.08832624375941844	628
cg18127395	0.08832282271572356	628
cg13621396	0.08832214468881988	628
cg03382370	0.08832129562256252	628
cg22037249	0.0883211410631162	628
cg10504392	0.0883210522989442	628
cg00464757	0.08832073637371818	628
cg11082691	0.08832022104371628	628
cg21787848	0.08831685568488551	628
cg16413535	0.08831666372591218	628
cg05756954	0.08831658251169067	628
cg00322618	0.0883159363135625	628
cg21075986	0.08831572082171546	628
cg26170569	0.08831416379056575	628
cg12053009	0.08831373313095786	628
cg17298326	0.0883094826092434	628
cg08691332	0.08830929018826578	628
cg21214521	0.08830766558925718	628
cg04498913	0.08830709073190979	628
cg09134205	0.08830488438055678	628
cg21069176	0.08830076977866963	628
cg09255732	0.08829899202584088	628
cg18770076	0.08829892495709912	628
cg10838380	0.08829673319295528	628
cg24168538	0.08829658684182262	628
cg14575155	0.08829555764262786	628
cg00576075	0.08829369879191559	628
cg18571590	0.08829352256881948	628
cg06332484	0.08829344452195842	628
cg08421051	0.08829109781446251	628
cg01174743	0.08829089911287913	628
cg21931419	0.08829021911791912	628
cg00354775	0.08829013333236546	628
cg14291467	0.0882901331505121	628
cg03954144	0.08828973527499495	628
cg05021312	0.08828927813343679	628
cg00051662	0.08828924361878338	628
cg19764348	0.08828846012601604	628
cg21489391	0.08828820493045464	628
cg26712605	0.08828791559814236	628
cg12797044	0.08828724952513844	628
cg17647823	0.08828579776350101	628
cg21238002	0.08828571257634676	628
cg02232377	0.08828530939960633	628
cg04739648	0.08828434128001816	628
cg16198103	0.08828217191970897	628
cg09192940	0.08828087294004305	628
cg26794830	0.08828070031279694	628
cg03170472	0.08828064261870147	628
cg10800346	0.08827875312491162	628
cg12163407	0.08827643252148287	628
cg16985702	0.088273957934559	628
cg25683811	0.0882719954485755	628
cg22388608	0.08827186682301358	628
cg23207676	0.0882708758979545	628
cg08621168	0.08826969692718295	628
cg03477049	0.08826962851323955	628
cg13631318	0.08826922339820464	628
cg21838979	0.0882684592867252	628
cg10729196	0.08826841351085077	628
cg15249357	0.08826749805958628	628
cg04928338	0.08826716804490592	628
cg22446206	0.08826706075546692	628
cg03521812	0.08826629195484043	628
cg04779752	0.08826476680314943	628
cg04622200	0.0882644700911509	628
cg17826679	0.08826156044638603	628
cg11540358	0.0882604918478963	628
cg16744973	0.08825957517344482	628
cg03997105	0.08825942463291092	628
cg11107212	0.08825861091320389	628
cg06652313	0.08825803602869231	628
cg27151135	0.08825730950946553	628
cg08663634	0.08825678018717487	628
cg16310415	0.08825485866882792	628
cg21629500	0.08825339338827932	628
cg01083093	0.0882501690779393	628
cg02893344	0.08825011180008108	628
cg09468264	0.0882489478760955	628
cg19927816	0.08824877196141957	628
cg01192952	0.08824714178952225	628
cg13338783	0.08824589774433153	628
cg10488050	0.08824546332501948	628
cg13682345	0.08824337317384245	628
cg02540781	0.08824193732106037	628
cg08208133	0.08823893977414848	628
cg00589929	0.08823844310809287	628
cg15623612	0.08823744020552993	628
cg04520693	0.0882347054652321	628
cg19753641	0.08823388208829469	628
cg10821610	0.08823356764876403	628
cg26608693	0.08823334361726193	628
cg14653390	0.08823169505577616	628
cg13188519	0.08823125547170818	628
cg04338129	0.08823028184443527	628
cg01431992	0.0882289919107524	628
cg24194775	0.08822898208746083	628
cg27528222	0.08822810707584183	628
cg19425295	0.08822603538655799	628
cg01876130	0.08822592372066235	628
cg10909939	0.08822512485452139	628
cg07680533	0.08822358182991791	628
cg01074498	0.08822349912012828	628
cg14483162	0.08822321790407206	628
cg24940967	0.08822202747008269	628
cg05521150	0.08822164026066376	628
cg06844968	0.08822103858330665	628
cg13973180	0.08821935142630366	628
cg26178163	0.08821892171573797	628
cg27071152	0.08821836618245547	628
cg12798492	0.08821810025289434	628
cg24517738	0.0882172652715103	628
cg06791592	0.08821603218205143	628
cg15158847	0.08821564221246704	628
cg06387669	0.08821506228967929	628
cg19409579	0.08821496627528723	628
cg18648037	0.0882142383968334	628
cg07157169	0.08821279193972126	628
cg27208307	0.08821231470247787	628
cg03720762	0.08821198848692735	628
cg24692310	0.08821157301554783	628
cg14448891	0.08821052900879456	628
cg04211501	0.08820910836559942	628
cg04380653	0.08820890428849948	628
cg24835159	0.0882079364527763	628
cg24219589	0.08820707203219297	628
cg06699848	0.08820694761293246	628
cg27639199	0.0882061390823699	628
cg20596162	0.08820550031043708	628
cg03813151	0.08820454306909076	628
cg01524278	0.08820418264382002	628
cg26194090	0.0882032644846989	628
cg08869066	0.08820243209587772	628
cg00798281	0.08820155831563578	628
cg19300549	0.08820126789989974	628
cg11369736	0.08820123363193391	628
cg12307314	0.08820100717029494	628
cg10109747	0.0881982594962667	628
cg10456121	0.08819762125857189	628
cg01996004	0.08819523484492364	628
cg02622647	0.08819500640933658	628
cg03292388	0.08819482411241575	628
cg12654199	0.0881943769365301	628
cg23856611	0.08819418411553578	628
cg00618312	0.08818931231781163	628
cg20216139	0.08818928991141117	628
cg25146100	0.08818832523230902	628
cg22432041	0.08818826475380664	628
cg19865237	0.08818800722134452	628
cg16113156	0.08818612036999703	628
cg20065463	0.0881852673651346	628
cg25594307	0.0881848809174637	628
cg21932416	0.08818380397319536	628
cg12356266	0.08818375605224138	628
cg09277532	0.08818281503798284	628
cg03794491	0.08818280478824836	628
cg03607813	0.08818211757761724	628
cg18564587	0.08818160176839557	628
cg16744531	0.0881810340707348	628
cg01389728	0.08818095436883838	628
cg10065209	0.08817905078034699	628
cg18665594	0.08817748000145853	628
cg20352108	0.08817747646076479	628
cg05308495	0.08817520340118264	628
cg11490076	0.08817439658997017	628
cg13699355	0.08817356463094689	628
cg13342634	0.08817332093235752	628
cg08194377	0.08817330063964363	628
cg00014104	0.08817139128718912	628
cg14462557	0.08817086753284856	628
cg01838004	0.08817071700238815	628
cg26699292	0.08817039031843088	628
cg23403980	0.08816761996709532	628
cg18828306	0.08816735423587785	628
cg16987900	0.08816587381212793	628
cg20987431	0.08816547444691875	628
cg21163969	0.08816414535794859	628
cg11284959	0.08816403586751947	628
cg22352078	0.08816317056819456	628
cg16328007	0.08816131628351873	628
cg19840859	0.08816061540873721	628
cg05977333	0.08815997617418492	628
cg23007087	0.08815862657451534	628
cg10679597	0.08815805506704716	628
cg00235460	0.08815662843541494	628
cg12052265	0.08815630981907775	628
cg12359001	0.08815585631756401	628
cg07531287	0.08815581635779077	628
cg26331096	0.08815432854228145	628
cg24592546	0.08815215350033728	628
cg26542218	0.08815155715517597	628
cg10794502	0.08815090713311069	628
cg12401842	0.08815007017813248	628
cg06769820	0.08814960632049185	628
cg23181133	0.08814768350292496	628
cg04027411	0.08814745649915567	628
cg17292384	0.08814623181752118	628
cg17817532	0.0881453345897737	628
cg08678314	0.08814529961187295	628
cg07253432	0.08814513823260461	628
cg14556762	0.08814418925418582	628
cg23167506	0.088143778517005	628
cg23610154	0.08814273280955645	628
cg10705570	0.08814149850851591	628
cg02863073	0.08813983845901958	628
cg22341310	0.08813896816438332	628
cg13741394	0.08813743665606777	628
cg14979907	0.08813708428798939	628
cg02427831	0.08813626759305002	628
cg04567731	0.08813316136161747	628
cg07119315	0.08813250124982946	628
cg21147709	0.08813199312051595	628
cg12762862	0.08813175693104225	628
cg08533865	0.08813111780621607	628
cg12689752	0.08812863401608173	628
cg01824625	0.08812715648953792	628
cg02747950	0.08812678999360324	628
cg10826956	0.08812672972605867	628
cg16457842	0.08812662757500606	628
cg09216650	0.08812661506520583	628
cg11751808	0.08812508175646167	628
cg14818176	0.08812480819590299	628
cg08802841	0.08812477730755286	628
cg10533069	0.08812476995089474	628
cg20780180	0.08812415311909128	628
cg03664443	0.0881235043287254	628
cg05154546	0.08812240735160082	628
cg03972751	0.08812145386852954	628
cg24376548	0.08812076798801982	628
cg16774946	0.08812063344325927	628
cg21378562	0.08812012477361075	628
cg25365934	0.08811915123325814	628
cg11196848	0.08811906807089945	628
cg06635832	0.0881176657961821	628
cg20125920	0.08811679782291695	628
cg04154911	0.08811628520067832	628
cg07227024	0.08811586665441043	628
cg07128890	0.08811505532701636	628
cg16449808	0.08811308248375394	628
cg06961205	0.08811199045843959	628
cg25801701	0.08811021971935871	628
cg15478045	0.0881098795605948	628
cg21110456	0.08810981498377754	628
cg08677657	0.08810893929276706	628
cg10632971	0.08810888496546959	628
cg25654653	0.08810828314051594	628
cg06473363	0.08810738648426136	628
cg23638640	0.08810634528731037	628
cg12559170	0.0881060628891484	628
cg27441138	0.08810101554261934	628
cg17880320	0.08809906208058582	628
cg27514336	0.08809895325486145	628
cg11123720	0.08809507212947099	628
cg10068330	0.08809417896001631	628
cg17712241	0.08809103472426322	628
cg03221914	0.08808987923343092	628
cg15691199	0.0880887236141259	628
cg04227631	0.08808750260959947	628
cg17642369	0.08808707977540416	628
cg26675395	0.0880868504798347	628
cg07933234	0.08808632595826593	628
cg12847793	0.08808617386566511	628
cg26442883	0.08808235380399573	628
cg19623751	0.08808149941963428	628
cg27141850	0.08807977480147272	628
cg19559896	0.08807966052532024	628
cg23538064	0.08807751964280247	628
cg01199443	0.08807691943346141	628
cg05216536	0.08807687039091866	628
cg26858238	0.08807629642787712	628
cg22714290	0.088074391067136	628
cg14312323	0.0880738699685773	628
cg20918463	0.08807326889385847	628
cg03763796	0.08807326235455631	628
cg10131026	0.08807258737012386	628
cg02892772	0.08807080291031077	628
cg10851715	0.08807054842470563	628
cg24175580	0.08806978939099552	628
cg00858483	0.08806976941760436	628
cg25826515	0.08806938363078193	628
cg10146929	0.0880687538758031	628
cg14491169	0.08806528550708381	628
cg12492670	0.08806360247900458	628
cg05975928	0.08806145948817473	628
cg06804778	0.08806093207979976	628
cg01267165	0.08806075735308333	628
cg25210835	0.0880598136411353	628
cg01677302	0.08805918883976993	628
cg02938651	0.08805899253959154	628
cg23146197	0.08805809899904926	628
cg11754828	0.08805718669261783	628
cg01013522	0.08805471299381498	628
cg10833838	0.08805342864502858	628
cg04415270	0.08805284897500648	628
cg02861056	0.08805277361744318	628
cg10789300	0.0880522806742065	628
cg11753157	0.08805003650351384	628
cg15285250	0.0880498738898964	628
cg00806239	0.08804911757704742	628
cg25941751	0.08804837623801226	628
cg10613332	0.08804832390479678	628
cg10796634	0.08804819120417157	628
cg04073914	0.08804768146957193	628
cg21751684	0.08804740338188755	628
cg01789499	0.08804695535201018	628
cg26679884	0.08804384537252236	628
cg14200574	0.08804204987796949	628
cg00594099	0.08804174378432206	628
cg25260543	0.08804119553263834	628
cg19228034	0.08804025285443137	628
cg09981464	0.08803983932979159	628
cg27483694	0.08803960498263863	628
cg06456031	0.08803800050299154	628
cg02535060	0.08803482581668398	628
cg11377136	0.08803394860207961	628
cg09902062	0.08803251359919864	628
cg27097923	0.08803182768369466	628
cg06355422	0.08803160347006017	628
cg10076225	0.08803156236053844	628
cg12391964	0.08803154632387589	628
cg25154630	0.0880283661150911	628
cg08960045	0.08802711366268617	628
cg09050058	0.08802496381531705	628
cg05426966	0.08802384858552903	628
cg08778631	0.08802292207084167	628
cg04003952	0.08802283800871757	628
cg18304305	0.0880227413670168	628
cg03692651	0.08802257444456561	628
cg19697559	0.08802253997738624	628
cg23663428	0.08802250450095278	628
cg04062190	0.08802167035346953	628
cg14363932	0.08802138147735805	628
cg12447937	0.08802031028316126	628
cg22274813	0.08802021897261193	628
cg14288483	0.08802009193193266	628
cg10351284	0.08801955351229782	628
cg06122864	0.08801689871378382	628
cg11746684	0.088015421439529	628
cg23826559	0.08801398012433254	628
cg22426329	0.08801329410987235	628
cg18504196	0.0880112789543849	628
cg19466906	0.08801047597645117	628
cg15898112	0.08800995487036492	628
cg08190545	0.08800968923784885	628
cg03229767	0.08800910817113972	628
cg17737621	0.08800607083141741	628
cg18912530	0.08800475016473586	628
cg11991942	0.0880047464800861	628
cg24335051	0.08800473469491282	628
cg13702000	0.08800354619857692	628
cg09837037	0.088003506795309	628
cg05305327	0.08800347649202658	628
cg14903612	0.08800288340773096	628
cg22794376	0.08800284614823561	628
cg25799348	0.08800207126273946	628
cg11647681	0.08800172791312905	628
cg18664869	0.08800152055062717	628
cg27580905	0.08800049774234564	628
cg04988219	0.08799842257218143	628
cg27545367	0.08799525974591813	628
cg16320888	0.0879946595751489	628
cg13061910	0.08799446633123717	628
cg11554566	0.08799428071664067	628
cg08546690	0.08799173923758538	628
cg25188900	0.08799146208314812	628
cg14559388	0.08798934753078214	628
cg10231746	0.08798933487883628	628
cg20917077	0.08798884987782837	628
cg14725968	0.08798708891535884	628
cg16126058	0.08798560815336423	628
cg19116959	0.08798469687172861	628
cg20233549	0.08798298584366987	628
cg17327404	0.08798239994686807	628
cg15456414	0.0879822439379972	628
cg20251943	0.08798166888852982	628
cg00130181	0.08797939168321867	628
cg27031754	0.08797866358562431	628
cg18220920	0.0879766976846238	628
cg08508431	0.08797550728360512	628
cg05264377	0.08797283911114545	628
cg05425936	0.0879719894080424	628
cg03678062	0.08797065266653101	628
cg11382761	0.08796985630228527	628
cg18575863	0.08796965034372284	628
cg02691325	0.08796936159699803	628
cg15323253	0.08796927098832463	628
cg06658129	0.08796734017196806	628
cg25583651	0.08796613970067857	628
cg03831405	0.08796595703812887	628
cg05055001	0.08796554881620072	628
cg06480663	0.08796476581260326	628
cg19601328	0.08796342491552711	628
cg21570209	0.08796304433991858	628
cg02393380	0.08796242915351993	628
cg26832666	0.08795942912133703	628
cg05148465	0.08795847256743075	628
cg17214408	0.08795814491316821	628
cg19999567	0.08795798789823467	628
cg08383160	0.08795507968053212	628
cg20427486	0.08795496161229982	628
cg23533824	0.08795470697767127	628
cg10147974	0.08795469898421995	628
cg09123155	0.08795408991302667	628
cg14165772	0.08795397574065483	628
cg26513576	0.0879539029037907	628
cg03580292	0.08795381244949896	628
cg17666539	0.08795360024881263	628
cg02498120	0.08795246502127635	628
cg15685144	0.08795241041742793	628
cg20052079	0.08795208137767316	628
cg02057912	0.08795203675404167	628
cg17200920	0.08795179027413212	628
cg13556548	0.08795174323134905	628
cg05715123	0.08795044902860921	628
cg20488281	0.0879501364978312	628
cg16397870	0.08794992795740003	628
cg27076223	0.0879491788101942	628
cg01426251	0.08794855279245434	628
cg27303211	0.08794803485066627	628
cg27253469	0.08794706232135635	628
cg23257934	0.08794633712036731	628
cg09337563	0.08794615823720886	628
cg19689322	0.08794574328500496	628
cg13410725	0.08794541801446765	628
cg23011516	0.08794486799943763	628
cg18468917	0.08794425809960782	628
cg13637269	0.08794419808340459	628
cg27607512	0.08794344262202414	628
cg00220294	0.08794301739279847	628
cg16525246	0.0879422547611872	628
cg07065220	0.08794075173323773	628
cg02449821	0.08793934002058779	628
cg17598923	0.08793878780916978	628
cg03284308	0.08793866800115166	628
cg21773820	0.08793677245489684	628
cg00083042	0.08793509812839573	628
cg20201270	0.08793485316666844	628
cg26617637	0.08793394939006732	628
cg27027427	0.08793349909299583	628
cg01470356	0.08793200516471827	628
cg08832220	0.08793195143759747	628
cg17514766	0.0879316730268877	628
cg21608600	0.08793163074041749	628
cg22402467	0.08793080598332373	628
cg05304979	0.0879298006842043	628
cg14766620	0.0879284267987217	628
cg03558010	0.08792804742538218	628
cg10430690	0.08792762956497902	628
cg24900425	0.08792717621919943	628
cg05137103	0.0879270004730272	628
cg06640374	0.08792652446692911	628
cg14325930	0.08792580583901552	628
cg12091498	0.08792577858963133	628
cg12993163	0.08792564109630271	628
cg08523444	0.08792465231130012	628
cg19585676	0.0879232423244759	628
cg19904031	0.08792299362086137	628
cg11335335	0.0879201500085761	628
cg23644457	0.08791953330655988	628
cg00082219	0.08791816262556207	628
cg02771117	0.0879150392338004	628
cg04132891	0.08791458176027195	628
cg26267259	0.08791443148064915	628
cg11038054	0.0879142922986233	628
cg18388405	0.08791269060230295	628
cg23333490	0.08791246095204405	628
cg20564351	0.08791053105690966	628
cg00822942	0.08791007625997493	628
cg07298347	0.08790979753457179	628
cg03709613	0.0879097094581375	628
cg18792116	0.08790888809864283	628
cg11086421	0.08790777351985879	628
cg13431037	0.08790684126335013	628
cg12784990	0.0879037073849453	628
cg08516212	0.08790330165473237	628
cg14781189	0.08790216217427875	628
cg11741753	0.08790202146984571	628
cg06281714	0.08790163905678039	628
cg20426415	0.08790100796021237	628
cg06466582	0.08790081724567284	628
cg03443944	0.08790032924461305	628
cg00194126	0.08789818289408703	628
cg13204236	0.08789795095819769	628
cg22495211	0.0878977095681211	628
cg18150120	0.08789624773929856	628
cg11181763	0.08789517889075688	628
cg18264486	0.08789449418804057	628
cg27508620	0.08789407848364539	628
cg05168945	0.0878925938148129	628
cg13445249	0.08789168339208597	628
cg12979844	0.08789154831142329	628
cg07696516	0.08789021601043562	628
cg17120792	0.08788873483627652	628
cg02323003	0.0878883889702235	628
cg05771342	0.08788836390892457	628
cg10615765	0.08788721271555516	628
cg10331100	0.08788547471475783	628
cg20473977	0.08788382388756366	628
cg21123686	0.08788374563501272	628
cg04450994	0.08788360390010902	628
cg04731544	0.08788306838544704	628
cg25650076	0.08788253637520704	628
cg16149077	0.08788168862049212	628
cg19177627	0.08788126649129382	628
cg19106326	0.08787867357773502	628
cg18512963	0.08787793613421718	628
cg06419659	0.08787676957335569	628
cg02662828	0.08787637272464377	628
cg11941920	0.08787574780243262	628
cg01401037	0.08787512370362183	628
cg21778518	0.08787364204015619	628
cg23678154	0.08787352213248595	628
cg00333679	0.08787253893005825	628
cg10832239	0.08787225824491374	628
cg14266410	0.08787148539236084	628
cg02747280	0.08787108763685719	628
cg19820029	0.0878698423440405	628
cg18187035	0.08786980241427955	628
cg25351003	0.08786926175237386	628
cg19839601	0.08786855330699514	628
cg03154226	0.08786822504221548	628
cg18281939	0.08786703494856374	628
cg06768993	0.08786627109453288	628
cg26558485	0.08786612070000845	628
cg08813888	0.08786611915163245	628
cg11388228	0.08786573306423567	628
cg03496520	0.08786551391925368	628
cg01388054	0.08786516204701561	628
cg03275698	0.08786475786560588	628
cg09696411	0.0878642324147331	628
cg08985530	0.08786301414150693	628
cg24116687	0.08786294590453786	628
cg13300670	0.08786263932120308	628
cg18097763	0.08786167841907383	628
cg17924520	0.08786025609057013	628
cg01378062	0.08786001895242435	628
cg25909532	0.08785944481619995	628
cg20370678	0.0878590564809307	628
cg13643006	0.08785816732803325	628
cg09059319	0.0878578698774792	628
cg25826360	0.08785784134572527	628
cg14065857	0.08785625999551011	628
cg07271361	0.08785552788312789	628
cg25116792	0.08785527226953938	628
cg13094274	0.08785500207321884	628
cg06692927	0.0878542161820039	628
cg19922860	0.08785413247610002	628
cg21179088	0.08785400700290381	628
cg00705613	0.08785335191669699	628
cg02849956	0.08785300447285563	628
cg23635599	0.08785298294804299	628
cg12178445	0.08785032936086948	628
cg15332386	0.0878480415299554	628
cg14266237	0.08784748960680955	628
cg10789749	0.08784737450482757	628
cg25682171	0.08784635455070716	628
cg04500819	0.08784479933342187	628
cg08816194	0.08784391380705087	628
cg14399475	0.08784331597349349	628
cg01775802	0.08784202946340877	628
cg20025658	0.08784172145213553	628
cg10225865	0.08784122834857244	628
cg00081714	0.08783884884144455	628
cg04175027	0.08783704336188769	628
cg07137701	0.08783660773964302	628
cg20325921	0.08783623830586806	628
cg08311935	0.08783602156150555	628
cg09802688	0.08783205584573323	628
cg06590170	0.08783170332164733	628
cg17626301	0.08783133035510127	628
cg10264012	0.08783102723928943	628
cg16306078	0.08783083840609363	628
cg10327440	0.08783067242316223	628
cg25326378	0.08782950422415053	628
cg14527333	0.08782686223593766	628
cg23875350	0.08782624865259098	628
cg25913882	0.08782609116879725	628
cg21331324	0.08782583118108706	628
cg17884016	0.0878244612634897	628
cg20648847	0.08782417842232544	628
cg25983901	0.0878238221218823	628
cg03449150	0.087822760940487	628
cg17983776	0.08782221967673282	628
cg21543589	0.08781844117442864	628
cg05857060	0.08781654688939125	628
cg22495636	0.08781637838993445	628
cg22521539	0.08781604402121643	628
cg11705975	0.08781602790790274	628
cg11072645	0.08781327954946105	628
cg24884217	0.08781153585792262	628
cg17514168	0.08781139341638883	628
cg02170784	0.08781120227068528	628
cg13962170	0.08781060859317963	628
cg25823314	0.08781001647183212	628
cg21099332	0.08780857146498325	628
cg11892946	0.08780790522489562	628
cg04612667	0.08780686967240281	628
cg21921272	0.08780588693655655	628
cg04866029	0.08780503955460672	628
cg19175364	0.08780456647097884	628
cg03070236	0.08780130948497318	628
cg10522641	0.08779909722418039	628
cg19585646	0.08779888806642905	628
cg04537185	0.08779864381031682	628
cg18303410	0.08779843591896824	628
cg07029002	0.08779820260839821	628
cg10296238	0.08779353249737643	628
cg26657235	0.0877926202952996	628
cg18546622	0.08779203732195576	628
cg07512295	0.08779185574840781	628
cg14398929	0.08779145085642193	628
cg24973205	0.0877909634579005	628
cg07517365	0.08779049254391674	628
cg06445586	0.08778910816209365	628
cg13676449	0.08778892116370623	628
cg06002687	0.08778586009198744	628
cg24856658	0.08778553251740417	628
cg12623852	0.08778455827700923	628
cg11085616	0.08778403419889069	628
cg27488824	0.08778257266006186	628
cg19372063	0.08778182787330607	628
cg18450582	0.08778136518847707	628
cg12597472	0.08778127940724859	628
cg19539556	0.08778009880850138	628
cg14160968	0.08777809278871856	628
cg17232583	0.08777659766376128	628
cg18988435	0.08777629225795688	628
cg10731960	0.08777598679800319	628
cg12842316	0.08777412360390292	628
cg02152985	0.08777354804731677	628
cg02081006	0.08777250928433683	628
cg25765192	0.08777242290698256	628
cg01991743	0.08777075331491435	628
cg03100752	0.08777069317538716	628
cg19026859	0.08777057154871964	628
cg20757748	0.08776947993787096	628
cg17778867	0.0877690328894501	628
cg22502308	0.08776764708880974	628
cg05611719	0.08776594625067846	628
cg04186487	0.08776562168798613	628
cg01558931	0.08776373082423591	628
cg23501228	0.08776360380003134	628
cg01071346	0.08776315966762165	628
cg24925929	0.08776160612135683	628
cg10421718	0.08775947159378727	628
cg11067786	0.08775915548337204	628
cg01974715	0.08775815989508368	628
cg16509531	0.08775701065014235	628
cg03953660	0.08775649144774902	628
cg11075234	0.08775607361640358	628
cg21490417	0.08775443087248713	628
cg08309013	0.0877519477733483	628
cg05200313	0.08775109615132437	628
cg12494683	0.08775103064729795	628
cg10521034	0.08775102632041498	628
cg02166981	0.08774943118665979	628
cg10541110	0.08774914540399417	628
cg10039504	0.08774854122849052	628
cg10466548	0.08774694646426554	628
cg17360854	0.08774588157693379	628
cg26652266	0.08774395703560045	628
cg16919569	0.08774383914628317	628
cg15374234	0.08774270017016422	628
cg20406090	0.08774028579137771	628
cg16306978	0.08773941229942561	628
cg08193082	0.08773777479970224	628
cg25769315	0.08773762038758798	628
cg25045868	0.08773755655841242	628
cg13211008	0.08773670208620524	628
cg10513595	0.08773589427419695	628
cg22442557	0.08773575074475343	628
cg01094309	0.08773568255874015	628
cg11024341	0.08773404866292478	628
cg05368740	0.08773378470355897	628
cg10274022	0.08773340026611881	628
cg27368726	0.08773290212503082	628
cg23280568	0.08773201230387279	628
cg09073799	0.08772938610026539	628
cg19828416	0.08772900826090108	628
cg24748191	0.08772779042147469	628
cg24780240	0.08772740622636488	628
cg06051311	0.08772722049267953	628
cg02319318	0.08772386025725915	628
cg23871276	0.0877229722426067	628
cg09028711	0.08772271550180427	628
cg23028721	0.08772209322981844	628
cg07779423	0.0877218612219478	628
cg27543385	0.08772140107404525	628
cg09949366	0.08772022443929366	628
cg01056272	0.08771979050108308	628
cg14074184	0.08771940514164914	628
cg26541248	0.08771931511653841	628
cg14527097	0.08771892100641299	628
cg06634576	0.08771761041249587	628
cg17180678	0.0877175413730963	628
cg19825898	0.08771705968570254	628
cg01748263	0.08771702016453442	628
cg10537708	0.08771654996217482	628
cg07947266	0.08771623797456879	628
cg22872195	0.08771600997554124	628
cg12406124	0.08771563938257074	628
cg16278496	0.08771405305055877	628
cg03597699	0.08771402395524312	628
cg03602029	0.08771380631708066	628
cg12977334	0.08771280979112284	628
cg23420286	0.08771201221407454	628
cg03125531	0.08771197887027946	628
cg10665321	0.08771168173857562	628
cg19699056	0.08771154350482285	628
cg01600516	0.08771100185521996	628
cg03974193	0.08771051745029634	628
cg14707353	0.08770964261356695	628
cg21757617	0.08770900339892296	628
cg02752529	0.08770841256873357	628
cg13847966	0.08770805151115174	628
cg27514608	0.08770717393631747	628
cg27040700	0.08770647414493177	628
cg03020951	0.08770581908526912	628
cg17179862	0.0877040924883077	628
cg15818632	0.08770380948752185	628
cg12656291	0.08770349580410472	628
cg27142536	0.08770349452151276	628
cg07969684	0.08770294468567513	628
cg14067873	0.0877027173257483	628
cg14688905	0.08770106989554222	628
cg12324629	0.08770075561831348	628
cg26294037	0.08770037609572501	628
cg08807892	0.08769894678655948	628
cg04239645	0.08769892471058927	628
cg14190534	0.08769802670813936	628
cg16651678	0.08769801183397946	628
cg18091964	0.08769620271489331	628
cg12505343	0.0876961185166826	628
cg08428878	0.08769576352489511	628
cg25064052	0.08769569865325716	628
cg19780571	0.08769561418889338	628
cg03297783	0.08769439542760267	628
cg17223520	0.08769294720042622	628
cg18825594	0.08769290202894592	628
cg03773198	0.08769288649661211	628
cg10244364	0.08769138945212125	628
cg08289567	0.08769135765372288	628
cg24730564	0.08769131893849913	628
cg05662839	0.08769093880558831	628
cg16360861	0.08769067919126397	628
cg22911687	0.08768995828646065	628
cg07790727	0.0876891533822729	628
cg13555287	0.08768782158477673	628
cg10233904	0.08768708006700232	628
cg10218759	0.08768670862982872	628
cg03649293	0.08768594350571196	628
cg21280719	0.08768528106983214	628
cg11658970	0.08768470142688606	628
cg10115320	0.08768456193586849	628
cg10419957	0.08768420807727645	628
cg17118775	0.08768233724592289	628
cg23208294	0.08768212473213349	628
cg23970028	0.087681527023175	628
cg04289036	0.08768122441289472	628
cg24192909	0.08768111039622578	628
cg26213368	0.087681097749849	628
cg10783294	0.08768086639556716	628
cg08614290	0.08768069982593782	628
cg14026101	0.08767971958208015	628
cg22109930	0.08767940469674984	628
cg16467929	0.08767764623491348	628
cg26811568	0.08767711769314962	628
cg24085885	0.08767452843618095	628
cg18593317	0.08767381187808515	628
cg14968732	0.08767259626421645	628
cg15972984	0.08767106185137621	628
cg18142856	0.08767070472706906	628
cg00720845	0.08767034235680474	628
cg08410691	0.0876689379051383	628
cg27218796	0.08766787588130655	628
cg06505010	0.08766612712767963	628
cg26786615	0.08766561811635881	628
cg04070140	0.08766535529362879	628
cg09652964	0.08766445805504952	628
cg06320380	0.08766428161042347	628
cg04886060	0.0876639140434049	628
cg18378551	0.08766387331988568	628
cg15554941	0.08766341762289204	628
cg21115558	0.08766295830231949	628
cg10060918	0.08766275827375503	628
cg03303585	0.08766275604263418	628
cg03405128	0.08766268681565034	628
cg07143470	0.08766266082800495	628
cg20705882	0.08766262526355872	628
cg15171791	0.08766182115338722	628
cg19967668	0.08766029162404809	628
cg25444386	0.08766006403994595	628
cg23907051	0.08765989979584177	628
cg25945273	0.08765989357025328	628
cg20438915	0.08765968059136209	628
cg05118960	0.08765881602042985	628
cg16179938	0.08765816723271358	628
cg08475244	0.0876577721449755	628
cg11970679	0.08765715649435296	628
cg16644803	0.08765685965484415	628
cg11414913	0.0876566710152297	628
cg00781208	0.08765617746063153	628
cg16424196	0.0876547970004839	628
cg21472642	0.08765461495698845	628
cg15245556	0.08765400275607782	628
cg26561810	0.0876527721356331	628
cg06751243	0.0876524719245276	628
cg17807172	0.08765219824161441	628
cg12860254	0.08765212121432298	628
cg21649629	0.08765183967889212	628
cg05766986	0.08764868227887479	628
cg09905511	0.0876485836538489	628
cg19569526	0.0876484807888232	628
cg25392500	0.08764712918104339	628
cg10174582	0.0876455661426273	628
cg02613223	0.08764531296878575	628
cg18091046	0.08764413977084426	628
cg15626421	0.08764296640490926	628
cg17191715	0.08764067592476349	628
cg07191900	0.08763847589035134	628
cg18533525	0.08763831801377037	628
cg24673221	0.08763766345177887	628
cg11114275	0.08763726865652044	628
cg11549958	0.0876372068917512	628
cg00904622	0.08763582179704618	628
cg20521696	0.08763561632855454	628
cg07511633	0.08763413794335334	628
cg25869105	0.08763412683928606	628
cg01124132	0.0876336465280719	628
cg09395805	0.08763259732220968	628
cg15459780	0.08763211420480843	628
cg21948655	0.08763143973194937	628
cg20274965	0.08762990875985671	628
cg10272176	0.08762912686114785	628
cg02855309	0.08762890666891435	628
cg01034737	0.08762801051703253	628
cg08196512	0.08762776406174011	628
cg27589988	0.08762768325891868	628
cg24094538	0.0876260663797872	628
cg03668982	0.08762591369711425	628
cg00404025	0.08762580735213066	628
cg06463221	0.0876252455001707	628
cg23192346	0.08762355821513484	628
cg20939662	0.08762171071867714	628
cg25985031	0.08762116646016321	628
cg15769726	0.08761951334319185	628
cg11324010	0.08761932736581465	628
cg13590130	0.0876192287935732	628
cg05755354	0.08761902391099452	628
cg11653519	0.0876188827721906	628
cg02436605	0.0876188150321153	628
cg18209323	0.08761798284493921	628
cg14465376	0.08761703314824137	628
cg06468385	0.08761469077236134	628
cg21850879	0.08761321168454222	628
cg25756406	0.08761289715978049	628
cg22568403	0.0876115303613189	628
cg22172143	0.0876095303283054	628
cg13388466	0.08760932839143001	628
cg20549346	0.08760784427342722	628
cg01442620	0.08760550312057103	628
cg01028925	0.0876050418074753	628
cg20301677	0.08760455425259883	628
cg07599881	0.08760387976596198	628
cg05703009	0.08760308720395193	628
cg04246864	0.08760308009967427	628
cg10845171	0.08760288635497593	628
cg16265140	0.08760279441522673	628
cg24940576	0.08760134599573227	628
cg22752052	0.08760075491870586	628
cg01003448	0.08760071333815045	628
cg04414446	0.08759966439398947	628
cg11964006	0.08759909810139188	628
cg13328209	0.08759810236927157	628
cg03489427	0.0875976718839121	628
cg11412129	0.0875970899162702	628
cg17315844	0.087596464402378	628
cg08243524	0.08759639133959576	628
cg16105687	0.08759565552134332	628
cg21404063	0.08759508409828148	628
cg19730379	0.08759455473912159	628
cg16478197	0.0875931440441085	628
cg16198723	0.08759307918739273	628
cg26852625	0.08759293026489451	628
cg01521917	0.08759238506243705	628
cg24650915	0.087591596398638	628
cg04815334	0.08759044030941054	628
cg15584084	0.08758968476690171	628
cg25474648	0.08758901773889405	628
cg03846107	0.0875876220698866	628
cg17851230	0.08758750013361327	628
cg09682051	0.08758735785117233	628
cg23612570	0.08758626976219111	628
cg18113295	0.08758296447504915	628
cg24853589	0.08758195465342872	628
cg08091439	0.08758169073177646	628
cg03499234	0.08758066218648264	628
cg16912910	0.08757978637713187	628
cg18118198	0.08757896339878857	628
cg12918421	0.08757791835707585	628
cg23361275	0.08757779259128279	628
cg01381829	0.08757757787862003	628
cg03502353	0.08757649654376576	628
cg19684783	0.08757580278321533	628
cg09288885	0.08757476088967509	628
cg03899914	0.08757326555765327	628
cg08121453	0.08757225778250566	628
cg24847636	0.08757039850799186	628
cg27109129	0.08756799804696702	628
cg10313047	0.08756730677135172	628
cg06370094	0.08756692346241991	628
cg15331705	0.087566805543982	628
cg08094206	0.0875628245586326	628
cg15859390	0.08756227262989275	628
cg00297832	0.08756186314957326	628
cg08478046	0.08756113374580005	628
cg27067922	0.08756061159848577	628
cg01756899	0.08756016023086965	628
cg00325917	0.0875574452592422	628
cg22785136	0.08755699148430979	628
cg10536898	0.08755461498652595	628
cg01502353	0.08755263352203141	628
cg00111978	0.08755112018388705	628
cg21578987	0.08755046616689743	628
cg01422767	0.0875492648962331	628
cg08699341	0.08754907976498016	628
cg12589456	0.08754899158278617	628
cg03171465	0.08754768568505904	628
cg20522398	0.08754571652014975	628
cg23859055	0.08754557625782028	628
cg16197717	0.08754474549619784	628
cg00163510	0.08754225155597495	628
cg07788140	0.08754084507669863	628
cg09469667	0.08754030239881966	628
cg14728380	0.0875402511244342	628
cg23551720	0.08753903053659945	628
cg15934004	0.08753897873896643	628
cg15079652	0.08753804437348672	628
cg00643814	0.08753782278828354	628
cg22889448	0.08753442295072689	628
cg21182196	0.08753426631895683	628
cg14250048	0.08753402978569608	628
cg02117884	0.08753307367562041	628
cg10942690	0.0875329078351541	628
cg26051590	0.08753073697059585	628
cg08450941	0.08753027702009925	628
cg21228500	0.08752972574334279	628
cg02233149	0.0875281168260523	628
cg04774132	0.0875277734903474	628
cg21440339	0.08752686715180824	628
cg21075643	0.08752464010586258	628
cg11832804	0.08752360117341806	628
cg06957790	0.08752293387242135	628
cg18249535	0.08752179379969927	628
cg26923862	0.08752088550612258	628
cg17774851	0.0875182672058488	628
cg00692774	0.08751774067019566	628
cg07824907	0.08751746856503861	628
cg14040358	0.08751612606107839	628
cg24535650	0.0875160439417384	628
cg23882945	0.08751311063816386	628
cg25840094	0.08751262358940864	628
cg16810626	0.08751135687178557	628
cg01789926	0.08751094190090847	628
cg04380107	0.08751069669237427	628
cg01560422	0.08751063282486266	628
cg00359365	0.08751021783978091	628
cg23440155	0.0875098144988819	628
cg22785562	0.08750911925664656	628
cg23049448	0.08750846363845813	628
cg06315390	0.08750771398860172	628
cg00720747	0.08750380519812863	628
cg21670708	0.08750301797304982	628
cg07063351	0.08750237906613775	628
cg18740359	0.08750201617555992	628
cg25640519	0.08750121155442206	628
cg20696988	0.08750024764067843	628
cg19402335	0.08749903549026461	628
cg26060835	0.0874988826647265	628
cg07462861	0.08749814515404533	628
cg10669279	0.08749748341802255	628
cg24990283	0.08749556239644041	628
cg11855156	0.08749444726449546	628
cg09907170	0.08749376040205381	628
cg00988175	0.08749217086503097	628
cg17018349	0.08748728383377291	628
cg09100014	0.08748660360120308	628
cg16555194	0.08748603137504429	628
cg02943188	0.08748592737610741	628
cg20632143	0.08748567302933019	628
cg19981243	0.08748392354032136	628
cg11613741	0.0874835006376865	628
cg01019188	0.08748264670426559	628
cg02703870	0.0874814090845045	628
cg21783672	0.0874802353191223	628
cg06794141	0.08748001822472273	628
cg02168584	0.08747927277708861	628
cg15719339	0.08747884977422565	628
cg12960696	0.0874784723780351	628
cg02109605	0.08747714011622215	628
cg11979875	0.08747635052834096	628
cg17347063	0.0874749558676598	628
cg17343563	0.087474888462198	628
cg24742614	0.08747438672400987	628
cg04127867	0.08747338117815556	628
cg27599376	0.08747188316018728	628
cg14032964	0.08747081009158475	628
cg02295369	0.08746914119835436	628
cg12266049	0.08746721420723053	628
cg21802682	0.08746665119367109	628
cg09044458	0.0874660937971955	628
cg04163147	0.08746446366852317	628
cg10528537	0.08746345233148722	628
cg02790260	0.08746335537320604	628
cg23080769	0.0874620196690471	628
cg01937212	0.08746168741124233	628
cg03563083	0.0874614633909207	628
cg25614875	0.08746080064305656	628
cg11639825	0.08746069788257804	628
cg05389686	0.08745797020954454	628
cg12018521	0.08745740372251687	628
cg09412707	0.08745559170434644	628
cg23015605	0.08745539197220503	628
cg00664343	0.08745529677150893	628
cg16705086	0.08745525709070118	628
cg01946824	0.08745515357814765	628
cg09242288	0.08745335669472032	628
cg19980929	0.08745332133834616	628
cg06210526	0.08745105188599384	628
cg19341849	0.08745038834849256	628
cg04120400	0.08744841988347085	628
cg20683267	0.08744834618963548	628
cg25435255	0.08744798952784316	628
cg21299458	0.08744797300483637	628
cg16454316	0.08744730678278201	628
cg20873416	0.08744636365422827	628
cg18096251	0.08744601899694063	628
cg24411488	0.08744498172822113	628
cg16228086	0.08744418609116245	628
cg24383507	0.08744333773946769	628
cg25602692	0.08744304762904054	628
cg18290233	0.08744163953625428	628
cg00673290	0.08744065745344345	628
cg08114852	0.08744064124587358	628
cg11334165	0.08744004553172607	628
cg25032968	0.08743740639160857	628
cg14732969	0.08743652525163978	628
cg05905531	0.08743610669500501	628
cg08622923	0.08743509543049799	628
cg03415742	0.08743284565222736	628
cg19640500	0.08743219050170736	628
cg00851389	0.08743096890208411	628
cg08882216	0.08743095477488855	628
cg18229092	0.08742978118767869	628
cg24680629	0.08742955746334813	628
cg19263548	0.08742922768597078	628
cg12993543	0.08742855675897138	628
cg01168962	0.08742798636074495	628
cg25155846	0.08742798096972595	628
cg06532379	0.08742732930356278	628
cg22251117	0.08742648466068387	628
cg25324047	0.08742611487465335	628
cg23198707	0.08742482582780707	628
cg22679014	0.08742323226313242	628
cg10064871	0.08742320848685692	628
cg03139204	0.08742298384002647	628
cg21546950	0.08742140137125609	628
cg17495555	0.08741894913882381	628
cg27664496	0.08741884151415352	628
cg12032650	0.08741859818010722	628
cg21348565	0.0874180841048795	628
cg07797208	0.08741606446176553	628
cg00205905	0.08741555541701898	628
cg06097717	0.08741534223254932	628
cg00331101	0.08741448847655486	628
cg12782294	0.08741241732402427	628
cg02775404	0.08741227885845154	628
cg00584422	0.08741094011126277	628
cg20340346	0.08740897263187752	628
cg13854296	0.08740877072726197	628
cg25339449	0.08740868694723106	628
cg01128736	0.08740822806780013	628
cg06911354	0.08740804730538597	628
cg13044675	0.08740746387453505	628
cg14533390	0.08740699133181856	628
cg02283204	0.08740345562936241	628
cg16661609	0.08740261070442751	628
cg00086346	0.08740065656666207	628
cg04562138	0.08740058794951291	628
cg21052025	0.08740008627631068	628
cg03755957	0.08739948281546145	628
cg10447095	0.08739814372259708	628
cg07102229	0.08739759944647083	628
cg05853782	0.08739757388756464	628
cg22213449	0.08739735395824022	628
cg06071660	0.08739692219815104	628
cg10152449	0.08739670526297391	628
cg04010423	0.08739664431196018	628
cg11998141	0.0873966028590725	628
cg07242860	0.08739592111238756	628
cg11366886	0.08739553920909499	628
cg12938020	0.08739520606672896	628
cg02988117	0.08739462509587004	628
cg25544461	0.0873941786092054	628
cg22326328	0.08739341288251701	628
cg21367256	0.08739317325138404	628
cg07022769	0.08739170286923814	628
cg00557536	0.08739168894847726	628
cg13682187	0.08738917147590258	628
cg02838877	0.0873889369343595	628
cg07825433	0.08738688743634043	628
cg25556035	0.08738538884815542	628
cg12310370	0.08738517990423	628
cg01564661	0.08738407669736792	628
cg14535980	0.08738299106480796	628
cg19649172	0.08738218753562632	628
cg19193135	0.08738185025357265	628
cg22044308	0.08738043143224672	628
cg06086316	0.08737681714595508	628
cg17508549	0.08737644560414437	628
cg10458446	0.08737617619325924	628
cg21013323	0.08737557489405923	628
cg07601320	0.08737555006829437	628
cg06840106	0.0873755343871912	628
cg06979669	0.08737548904657888	628
cg23204096	0.0873736471425659	628
cg04389921	0.0873727857456616	628
cg10298187	0.08737206344265064	628
cg21986966	0.08737193059769702	628
cg00084338	0.08737087302807572	628
cg02847897	0.08737000092738784	628
cg26316946	0.08736891435362333	628
cg22164207	0.08736819244565769	628
cg18561589	0.08736806882367211	628
cg01871631	0.08736775408270889	628
cg02611812	0.08736763359271194	628
cg21518089	0.08736705592450078	628
cg22681709	0.08736611379396347	628
cg20976526	0.08736536728434502	628
cg18311708	0.08736533995887122	628
cg19345277	0.08736455841981194	628
cg01061391	0.08736436833614084	628
cg11331445	0.08736252182946118	628
cg13139843	0.08736237220849324	628
cg11462865	0.08736083058935329	628
cg08098980	0.08735955476451474	628
cg18373365	0.08735940469420744	628
cg10296718	0.08735870782349334	628
cg08454053	0.08735855374401996	628
cg09787236	0.08735831823539214	628
cg14801518	0.08735771832607186	628
cg00503298	0.0873561475847528	628
cg11117438	0.08735522811227431	628
cg21516724	0.08735310938620389	628
cg04664126	0.08735236958146267	628
cg26928877	0.08735105222862427	628
cg05360806	0.08735003697455657	628
cg15716210	0.08734986319563481	628
cg07774251	0.08734887000676081	628
cg07869651	0.08734684060837639	628
cg11746813	0.08734669246406367	628
cg03276883	0.08734654120253316	628
cg09752271	0.08734433522173049	628
cg20437980	0.08734419259209247	628
cg25543459	0.08734095282873444	628
cg17726575	0.08733977410473534	628
cg18239253	0.087339043509025	628
cg02829654	0.08733901266641975	628
cg11114757	0.08733860246111083	628
cg20356637	0.08733855792883444	628
cg25929552	0.08733847234233852	628
cg00242098	0.08733624969849352	628
cg18551048	0.08733508570494569	628
cg16527444	0.08733433668357005	628
cg07502563	0.08733321062590876	628
cg20806725	0.08733265074241586	628
cg17123624	0.08733030779596307	628
cg09672255	0.08733011950401653	628
cg08628911	0.08732989855218465	628
cg01065905	0.08732807437849499	628
cg12436019	0.08732725363610133	628
cg05411132	0.08732630879183473	628
cg13911707	0.08732570050330218	628
cg22500261	0.08732543381722474	628
cg07474670	0.08732501702161932	628
cg12350309	0.08732363268369825	628
cg10825234	0.08732342337375387	628
cg20222562	0.08732212163986663	628
cg13004792	0.08732046411900829	628
cg19886777	0.08732009943601382	628
cg01645836	0.08731838172932571	628
cg16389078	0.08731807782955045	628
cg07240413	0.08731779342882201	628
cg19764489	0.08731760791159979	628
cg12506165	0.08731719457944012	628
cg23618218	0.0873155906719314	628
cg08859215	0.08731499057177206	628
cg25428213	0.08731345537951579	628
cg11416605	0.08731151152194577	628
cg22682811	0.0873110636242631	628
cg25215835	0.087310933596212	628
cg15132565	0.08731054273059383	628
cg01723892	0.08730875706782751	628
cg24697184	0.08730857259732261	628
cg08579577	0.08730830302795006	628
cg26721868	0.08730565141806668	628
cg14345917	0.087304544497432	628
cg17408185	0.08730445950040827	628
cg24082983	0.08730436248761062	628
cg05517527	0.08730340541886927	628
cg06416929	0.08730295167734209	628
cg17837517	0.08729957160090102	628
cg22926422	0.08729886538004317	628
cg12923994	0.08729789812353694	628
cg03941587	0.08729772502229953	628
cg00296578	0.08729682192774696	628
cg13606287	0.08729383498808496	628
cg22442090	0.08729363516772459	628
cg18767920	0.08729223536114616	628
cg14180511	0.0872913855055995	628
cg10621809	0.08729098648359318	628
cg00562553	0.08729076171248284	628
cg00917413	0.08729048464840078	628
cg01253386	0.08729045632701227	628
cg18969798	0.08728975804334171	628
cg07092135	0.08728935455619125	628
cg19855573	0.08728917711018924	628
cg08270682	0.08728851037777291	628
cg16622651	0.08728723345677869	628
cg16718276	0.08728700081448487	628
cg00070383	0.08728616923532218	628
cg19403029	0.08728569319051543	628
cg10842584	0.08728520158937825	628
cg03025082	0.08728225164042416	628
cg22399703	0.08727942118764365	628
cg08583570	0.08727864444596217	628
cg01200186	0.08727755292228312	628
cg24484895	0.08727749140342667	628
cg22151446	0.08727647888904377	628
cg08304084	0.08727553306366637	628
cg08010331	0.08727511204824018	628
cg19861260	0.08727481435953291	628
cg04180723	0.0872740950182671	628
cg14292572	0.08727327604982074	628
cg15092219	0.08727305762013857	628
cg21881330	0.08727244224101666	628
cg10531263	0.0872716044833517	628
cg13023014	0.08727084095612081	628
cg23001905	0.08727063812209185	628
cg00888758	0.08726911922916286	628
cg01167924	0.0872689949830926	628
cg18712752	0.08726880211497384	628
cg20034100	0.08726798212970122	628
cg12810297	0.08726793230345406	628
cg05859441	0.0872678760449655	628
cg05207637	0.08726716195072354	628
cg01647795	0.08726612054930113	628
cg02070290	0.08726611262243889	628
cg24556382	0.08726383366602924	628
cg00397103	0.08726353063760911	628
cg13630114	0.08726292194264079	628
cg01997953	0.08726189793602879	628
cg13881964	0.08726153869469977	628
cg05844871	0.08726093477553257	628
cg13762320	0.08726084118948835	628
cg07179267	0.08726051280221045	628
cg13549303	0.08726018490028628	628
cg07653326	0.08725864882953677	628
cg11818544	0.08725803557674	628
cg13026795	0.08725712252476164	628
cg02835823	0.08725572829495412	628
cg24287175	0.08725526926457056	628
cg18315831	0.08725501918402123	628
cg17686973	0.087255002271448	628
cg16741573	0.08725469727286664	628
cg07192718	0.08725433199343463	628
cg25916135	0.08725394714760515	628
cg20922821	0.08725319796592104	628
cg27131563	0.08725276739302507	628
cg27069616	0.08725211239885397	628
cg25196158	0.0872520368673701	628
cg08190928	0.08725057951674121	628
cg14460215	0.08725019688696067	628
cg11859594	0.08724935384014593	628
cg20966504	0.08724798402694112	628
cg04455286	0.08724715055916749	628
cg05928290	0.08724511889282077	628
cg16778274	0.08724266801210562	628
cg08142821	0.08724256240214462	628
cg24402151	0.08724249920000393	628
cg07368857	0.08724211745857968	628
cg14743983	0.08724195298471327	628
cg16637458	0.08724056775388532	628
cg25642955	0.08724030307538999	628
cg18740429	0.08724012901545802	628
cg11808677	0.08723968338268334	628
cg21010202	0.08723871060474508	628
cg13838843	0.08723733706418452	628
cg26360402	0.08723668627992626	628
cg12080687	0.08723638348702245	628
cg17965690	0.08723585464893491	628
cg13338734	0.08723500365770998	628
cg01306183	0.08723500201987822	628
cg05877118	0.08723379492951322	628
cg17707126	0.08723360003327602	628
cg09067559	0.08723183758898584	628
cg26769435	0.08723112131877264	628
cg17970282	0.08723082405652441	628
cg26357403	0.0872296404177687	628
cg13916255	0.08722937888973215	628
cg12283119	0.08722785174373737	628
cg17298275	0.08722763793491783	628
cg04742066	0.08722544450028652	628
cg25339052	0.08722281310052732	628
cg21605369	0.0872221919316104	628
cg24437523	0.08722082485227911	628
cg22736807	0.08722058746422293	628
cg16814808	0.08722008102893113	628
cg09302355	0.08721976179299254	628
cg13545633	0.08721762952269066	628
cg15701210	0.08721684325218637	628
cg08426891	0.08721583910448139	628
cg08394248	0.08721560604956546	628
cg24699914	0.08721519287645657	628
cg18268547	0.08721512055845598	628
cg02228492	0.08721498666543592	628
cg10588362	0.08721467498984889	628
cg19977004	0.08721356296234523	628
cg04569897	0.08721271305417672	628
cg01767396	0.0872123832172299	628
cg14776738	0.08721236150243844	628
cg00122628	0.0872096854816986	628
cg07498088	0.08720894975284865	628
cg08340838	0.087208899759469	628
cg11555666	0.08720868822726702	628
cg03510349	0.08720778209276947	628
cg26248075	0.08720726858988136	628
cg26014538	0.08720686066154464	628
cg18271964	0.0872036274293378	628
cg22533992	0.08720281462377916	628
cg06613738	0.08720250524605683	628
cg09415518	0.0872015543794169	628
cg11856332	0.08720154933620183	628
cg05568549	0.08720140364650208	628
cg27303735	0.08719937097954594	628
cg02483735	0.08719912259716528	628
cg21690760	0.08719841414669838	628
cg23173402	0.08719767710868945	628
cg07141002	0.08719759503394078	628
cg22020227	0.08719754185996026	628
cg15497006	0.08719661154833286	628
cg01370805	0.08719523356374109	628
cg18816426	0.08719492780028731	628
cg26019259	0.08719282129959638	628
cg21133433	0.08719270819813552	628
cg01934626	0.08719181006923032	628
cg16148593	0.08719144753752078	628
cg13497926	0.08719125726781601	628
cg06354193	0.08718939057397623	628
cg06906952	0.08718929828837346	628
cg07785717	0.08718714050759932	628
cg00466492	0.08718689064360807	628
cg06945697	0.08718658849736796	628
cg23598115	0.08718643142347055	628
cg20285026	0.08718572025628252	628
cg05033952	0.0871854369369589	628
cg22365276	0.08718522127092138	628
cg24444631	0.08718217548534085	628
cg11281961	0.08718186045374188	628
cg18859776	0.08717866613305508	628
cg03261800	0.08717722770573397	628
cg05082466	0.08717509748328925	628
cg15408497	0.08717359099997701	628
cg05371506	0.0871683922816901	628
cg26986989	0.08716819930309466	628
cg19723705	0.0871671562526612	628
cg12635314	0.08716515277153541	628
cg05576949	0.08716479669833793	628
cg22370057	0.08716440879482874	628
cg05713856	0.08716420480407172	628
cg10958087	0.08716194888454731	628
cg20091405	0.08716147437252914	628
cg09062640	0.08715770918088867	628
cg15523060	0.0871576754181731	628
cg04932928	0.08715724446034354	628
cg06128123	0.08715660411584847	628
cg05255095	0.08715575205507753	628
cg00612985	0.08715318609400624	628
cg20519483	0.08715251856421646	628
cg01697163	0.0871522423114389	628
cg27352715	0.08715180284275309	628
cg00705992	0.08715160686938075	628
cg16031250	0.08715143483530446	628
cg08591265	0.08714802845929723	628
cg08608892	0.0871476674331273	628
cg06663305	0.08714664874318057	628
cg24638356	0.08714656144521044	628
cg00117869	0.08714592849006814	628
cg10419849	0.08714306141195444	628
cg04672506	0.08714041234666273	628
cg18867200	0.08713797586022282	628
cg12622451	0.08713663261995597	628
cg03701965	0.08713622669826804	628
cg26003056	0.08713579128269783	628
cg09958402	0.08713519996960345	628
cg22337624	0.08713474373138994	628
cg17207512	0.0871346077129753	628
cg09559278	0.0871341701669498	628
cg23971381	0.08713364525572379	628
cg19905414	0.08713356870420808	628
cg18303437	0.08713337278581113	628
cg15919431	0.08713309560971633	628
cg06943668	0.08713293677058476	628
cg17071446	0.08713261232116529	628
cg01381617	0.0871323412038087	628
cg24434350	0.08713220498763208	628
cg00640053	0.08713135142080691	628
cg03556243	0.08713053160342052	628
cg09544115	0.08712979162524404	628
cg08517131	0.08712894784532244	628
cg08516817	0.08712714939421323	628
cg06840535	0.08712593781613379	628
cg08330247	0.08712485655950863	628
cg02049243	0.08712470364180899	628
cg26546113	0.08712447732349207	628
cg11351809	0.0871179334326671	628
cg23856293	0.08711652856313784	628
cg04418647	0.08711491638854207	628
cg08959039	0.08711447699209368	628
cg17725129	0.08711444557930498	628
cg20715438	0.08711408313039237	628
cg05698020	0.08711367866019115	628
cg18183247	0.08711305615920933	628
cg16694837	0.08711259700116075	628
cg03781748	0.08711253521330747	628
cg05161074	0.08711244721512229	628
cg17403881	0.08710784898482493	628
cg11065621	0.08710564992267589	628
cg26113233	0.08710498346518569	628
cg04012053	0.08710494169141558	628
cg14669362	0.08710462578707143	628
cg22497969	0.08710429742467246	628
cg02710296	0.08710365714328239	628
cg04878869	0.08710254902196424	628
cg21291771	0.08710195733591164	628
cg27316026	0.08710186729099334	628
cg03874542	0.08710007107759005	628
cg08728865	0.08709814864771048	628
cg22614521	0.08709793796724333	628
cg20033981	0.08709743764796057	628
cg21542078	0.08709734963248239	628
cg05498586	0.08709703050670675	628
cg10790791	0.08709651757711792	628
cg09864843	0.08709638826253085	628
cg24268343	0.08709587351456613	628
cg05157625	0.08709515829445538	628
cg16177163	0.08709460651689066	628
cg16361867	0.08709444208708872	628
cg09210315	0.08709329065873253	628
cg01225850	0.08709161499231549	628
cg24601327	0.08709105333344452	628
cg09084244	0.08709096362466885	628
cg05406088	0.0870894724395804	628
cg16643422	0.08708932517405138	628
cg15712304	0.08708893567650478	628
cg00150560	0.08708882901907244	628
cg09674170	0.08708612808606835	628
cg12135344	0.08708278651687745	628
cg12343363	0.0870821570073731	628
cg20186473	0.08708191148430494	628
cg00618309	0.08708166333070158	628
cg21605283	0.08708158010802874	628
cg18465694	0.08708087019170094	628
cg07445838	0.08708059301876941	628
cg24804782	0.087079978265934	628
cg15626112	0.08707987160242012	628
cg20014822	0.08707964131496523	628
cg19531032	0.0870792724852775	628
cg06743610	0.08707918555007846	628
cg05056653	0.08707887902295608	628
cg06923967	0.08707867421514717	628
cg19986876	0.08707845126022354	628
cg15840949	0.08707816483108233	628
cg23029021	0.08707804275481426	628
cg11786776	0.08707760931220343	628
cg10103906	0.0870757694481632	628
cg01840333	0.08707560780562712	628
cg11251135	0.08707542168758925	628
cg18149394	0.08707476914067036	628
cg10608858	0.08707475479869353	628
cg03591467	0.08707174533028528	628
cg22174681	0.08707128622685661	628
cg13777759	0.08706833682750059	628
cg07266431	0.08706787352844758	628
cg02139586	0.08706782675190533	628
cg16179589	0.08706749435756467	628
cg18527241	0.08706729096690974	628
cg14003866	0.08706543028406022	628
cg00362381	0.08706419806369359	628
cg10985909	0.08705933455470094	628
cg00032912	0.0870572954114428	628
cg07791011	0.0870570167222659	628
cg10501210	0.08705565464902887	628
cg07184658	0.08705460813494928	628
cg22428888	0.08705450823737043	628
cg04819760	0.08705449290659928	628
cg00099427	0.08705394466025237	628
cg11805814	0.08705129837812661	628
cg01881549	0.08704918801220213	628
cg11230471	0.08704801875794183	628
cg25149125	0.08704694606549485	628
cg14209047	0.08704687921684767	628
cg18824193	0.08704403844705463	628
cg03652429	0.08704402480069812	628
cg22871870	0.08704274818925939	628
cg16279158	0.08704238778922316	628
cg05372963	0.08704229163207469	628
cg18168310	0.0870419281459443	628
cg26912671	0.08704040898031529	628
cg20587236	0.08703945904432189	628
cg08672140	0.08703936491154496	628
cg09075743	0.08703894788014682	628
cg00795825	0.08703734216418349	628
cg24057792	0.0870370004199707	628
cg11433672	0.08703665020037007	628
cg04777551	0.0870364115849871	628
cg01211852	0.08703466118890374	628
cg17811452	0.0870340665084928	628
cg16806891	0.08703400226050234	628
cg10783149	0.08703370730788312	628
cg19267163	0.08703368936880468	628
cg05690394	0.08703357635841977	628
cg03888223	0.08703339926417031	628
cg10536276	0.08703333853112351	628
cg01184282	0.08703271555154107	628
cg23448348	0.08703225705470924	628
cg15752436	0.0870322462719404	628
cg16572876	0.08703110955306248	628
cg22794990	0.0870310422053292	628
cg13440795	0.0870301398268602	628
cg01343192	0.08702954395562812	628
cg09970593	0.08702857411376774	628
cg04285362	0.08702841826763402	628
cg18251191	0.08702748027231344	628
cg13687570	0.08702561988541767	628
cg01349489	0.08702381508863952	628
cg16401465	0.0870231316576344	628
cg01654566	0.08702292328575956	628
cg24527452	0.08702247686209358	628
cg10655471	0.08702098199397201	628
cg03313364	0.08701985062402126	628
cg08728495	0.08701695588470454	628
cg03059073	0.08701564199917311	628
cg09796170	0.08701563609217189	628
cg08531140	0.08701474533422476	628
cg13241663	0.08701436065252166	628
cg13578160	0.08701395394567418	628
cg25017900	0.08701371103060118	628
cg20971958	0.08701210801362547	628
cg00594952	0.08700993342667013	628
cg25546488	0.08700991501723504	628
cg06013378	0.08700895928926167	628
cg08223003	0.0870084981723411	628
cg27177841	0.08700820734668219	628
cg05836184	0.08700788770506679	628
cg20169521	0.0870070265008902	628
cg09343360	0.0870066048464857	628
cg16912563	0.08700610064766812	628
cg26718420	0.08700580924231255	628
cg11264392	0.08700419844126431	628
cg21671120	0.08700302165288709	628
cg14292834	0.08700251457281843	628
cg07621803	0.08700237232533958	628
cg14013099	0.08700157429891914	628
cg06495961	0.08700117250073601	628
cg23387401	0.08699868410318035	628
cg01395541	0.08699761960311453	628
cg03871120	0.0869972316429864	628
cg03835801	0.0869962215804185	628
cg07802949	0.08699610437775668	628
cg08545593	0.08699598453132651	628
cg22275864	0.08699534357927466	628
cg26843612	0.08699356100706235	628
cg12064504	0.08699270250175967	628
cg09599027	0.08698854387859833	628
cg22720790	0.08698821522547717	628
cg00314827	0.08698467636635815	628
cg19640581	0.08698415300783699	628
cg23324953	0.08698284980542818	628
cg08954601	0.08698224390809811	628
cg12049992	0.08698149375032194	628
cg23286646	0.08697947261282332	628
cg02383785	0.08697945742198326	628
cg09438069	0.08697916916589365	628
cg20988098	0.08697709758728878	628
cg23215587	0.08697609843380971	628
cg12705212	0.08697587328437695	628
cg00397422	0.08697432225386492	628
cg10993442	0.08697402492813083	628
cg08903441	0.08697286257200296	628
cg08800613	0.08697217928091702	628
cg09666977	0.08697203742280649	628
cg02317313	0.0869715116840415	628
cg18326642	0.08697108721455893	628
cg06306636	0.08696977931975991	628
cg06293365	0.08696911322078726	628
cg20262306	0.086967558203525	628
cg09409956	0.08696718444866891	628
cg14249564	0.08696694982299202	628
cg16184802	0.08696682052542293	628
cg05057515	0.08696661557865767	628
cg26799209	0.08696632603733463	628
cg24011511	0.08696631709877861	628
cg00015930	0.0869649091705631	628
cg11738486	0.08696473656722659	628
cg07529122	0.0869644251103822	628
cg12618587	0.08696441726506471	628
cg18914000	0.08696440357193441	628
cg22953687	0.08696146451333236	628
cg14547895	0.08696102172004333	628
cg11090582	0.0869599683547444	628
cg23265096	0.08695905525998321	628
cg19251656	0.08695831760577505	628
cg06323479	0.086958185535881	628
cg14417784	0.08695614914150543	628
cg09873772	0.08695539766067367	628
cg23167606	0.08695474405435347	628
cg11895696	0.08695460807686944	628
cg12619940	0.08695398153804534	628
cg23974730	0.08695362494478684	628
cg18893120	0.0869529264776221	628
cg05743883	0.08695256787747413	628
cg13445177	0.08695192497980442	628
cg20120208	0.08695063833668618	628
cg12751644	0.08695063354719004	628
cg00587472	0.08695058780947151	628
cg06521472	0.08695038992573073	628
cg24960799	0.0869503420912206	628
cg24407607	0.08694999687517033	628
cg27177158	0.08694768160540911	628
cg05740739	0.0869476675520382	628
cg23157239	0.08694711873339722	628
cg27573991	0.08694633671153434	628
cg06153893	0.08694604405102685	628
cg02242681	0.08694295861674423	628
cg23509098	0.08694174037416291	628
cg16665866	0.08694163089229451	628
cg00617064	0.08693965323503033	628
cg18857726	0.0869396178940568	628
cg08168379	0.08693868541089123	628
cg11957481	0.08693814001091274	628
cg20040364	0.08693760260609779	628
cg07527607	0.08693713744329995	628
cg16380885	0.08693625278802863	628
cg09405635	0.08693437378545699	628
cg11187245	0.0869341123005643	628
cg15351214	0.08693394419136397	628
cg00481216	0.08693363761125245	628
cg21469772	0.08693327766387321	628
cg23037932	0.08693283049649841	628
cg05478452	0.08693169740623102	628
cg01063509	0.0869311152544901	628
cg00993830	0.08693056012102685	628
cg02079700	0.0869301969114353	628
cg18411150	0.08693001064485836	628
cg11642377	0.08692953671921148	628
cg25307724	0.08692760910905928	628
cg25758242	0.08692760770247354	628
cg01891925	0.08692704142156643	628
cg00247571	0.08692611234611958	628
cg10708739	0.08692478999061404	628
cg23126342	0.08692439462540494	628
cg26732720	0.08692075634776908	628
cg07331204	0.08691944649826394	628
cg08179525	0.08691786331866108	628
cg15621731	0.08691711578656103	628
cg22237425	0.08691626985399997	628
cg05682968	0.08691544908109355	628
cg19633390	0.08691440618181678	628
cg00567211	0.08691343071182867	628
cg06590946	0.0869132916376506	628
cg04649852	0.0869116185792041	628
cg21524899	0.08690818631612435	628
cg17518215	0.08690803546847423	628
cg11630169	0.0869074017402729	628
cg13740339	0.08690352340777868	628
cg27052183	0.08690034199288854	628
cg04645160	0.0868998674649164	628
cg20187049	0.0868996684273533	628
cg13689699	0.08689870576063802	628
cg04639905	0.08689691568601393	628
cg15973075	0.08689542027069092	628
cg21653641	0.08689517565702831	628
cg22940961	0.08689498154583908	628
cg01165683	0.08689479964274688	628
cg11256628	0.08689447135655082	628
cg02483701	0.08689396161114551	628
cg21959090	0.08689310452967097	628
cg21544805	0.08689253541174974	628
cg27470554	0.08689220348780652	628
cg10832708	0.08689093849582219	628
cg19622422	0.08688991779588329	628
cg16397176	0.0868877932789594	628
cg17218154	0.08688603387685506	628
cg03037039	0.0868853834872752	628
cg25862444	0.08688433949569235	628
cg24746738	0.08688361446746029	628
cg27578977	0.08688156678271708	628
cg23372684	0.08688057290597045	628
cg04917860	0.0868805303850948	628
cg04948475	0.08688046973550781	628
cg06760238	0.08688037963852935	628
cg26503653	0.08687969778897028	628
cg05590196	0.08687945291996185	628
cg06454527	0.08687936940134389	628
cg08163918	0.08687896686180913	628
cg14202937	0.08687824963571267	628
cg03312406	0.08687629471665925	628
cg14163731	0.08687469170824286	628
cg07484827	0.08687452183130717	628
cg08642342	0.08687426814543886	628
cg19092837	0.08687398854884391	628
cg09171843	0.08687264445012072	628
cg01834878	0.08687256793193082	628
cg13573582	0.08687230794608414	628
cg06631775	0.0868717685162062	628
cg19330213	0.08687055467300792	628
cg07589300	0.08686788118963407	628
cg16700265	0.08686767209400487	628
cg02878289	0.08686651106969268	628
cg15798823	0.08686625312282387	628
cg25972943	0.08686405567685102	628
cg24340898	0.08686222546213096	628
cg19663246	0.08686205539422318	628
cg25827524	0.08686133242358257	628
cg09756014	0.08686122678337432	628
cg05037556	0.08686118188990305	628
cg01055691	0.08686078470224562	628
cg04258138	0.08685985439327307	628
cg16626194	0.08685843760261625	628
cg24963001	0.08685640228421124	628
cg17897626	0.08685531135657072	628
cg18388270	0.08685276790776109	628
cg19931902	0.08685272348367862	628
cg04075738	0.08685243545855031	628
cg20727124	0.08685107549854898	628
cg23748340	0.08685018200702735	628
cg18876602	0.08685007601935532	628
cg05011349	0.08684769017756278	628
cg27462975	0.08684690788298155	628
cg09232555	0.08684654533422997	628
cg24669786	0.08684648365316416	628
cg02514000	0.08684560910630162	628
cg07769957	0.08684523963377322	628
cg03533858	0.08684425281428487	628
cg17560832	0.08684413425798043	628
cg16896868	0.08684321003828152	628
cg22014112	0.08684261440995256	628
cg18067840	0.08684261413017064	628
cg03339817	0.08684086010351527	628
cg18563630	0.08683885553198212	628
cg07795916	0.08683858289435775	628
cg08292485	0.08683847497540584	628
cg05280794	0.08683764491550422	628
cg17512539	0.08683759567051269	628
cg16809762	0.08683429534531423	628
cg08006309	0.08683402124538536	628
cg10146203	0.08683327590713241	628
cg18369516	0.08683183766827965	628
cg19926144	0.08683141254686422	628
cg26164488	0.08683108872592299	628
cg07564979	0.08682927647980743	628
cg12378867	0.08682855751108659	628
cg23377232	0.08682838558333805	628
cg16626196	0.08682786703835021	628
cg19400238	0.0868259595136528	628
cg07071478	0.0868251965650993	628
cg20652899	0.08682492795656246	628
cg20754844	0.08682412360490493	628
cg18996099	0.0868230884491537	628
cg27064867	0.08682303083365256	628
cg13413719	0.08682163463655179	628
cg15145341	0.0868215670217358	628
cg17001868	0.08682149658219993	628
cg07894352	0.08682131716352992	628
cg26896569	0.08681915852389249	628
cg25723217	0.0868185294172103	628
cg06108459	0.08681840001759461	628
cg16792234	0.08681837164653397	628
cg21546211	0.08681793283282563	628
cg19270623	0.08681762197179094	628
cg13946163	0.08681756570385235	628
cg04747693	0.0868168801166812	628
cg27639348	0.086814699910081	628
cg22740835	0.0868134518722003	628
cg08833675	0.08681305866012612	628
cg20358313	0.08681282642694921	628
cg26562921	0.08681259808736724	628
cg02218776	0.08681114462809261	628
cg23055377	0.0868105089358015	628
cg21747330	0.08680834274668836	628
cg23944298	0.08680793005572679	628
cg07631828	0.08680784938306779	628
cg00963071	0.08680731477488951	628
cg17185921	0.08680545314823856	628
cg09334514	0.08680486417907701	628
cg26192860	0.08680345647863924	628
cg00041872	0.08680279223225354	628
cg08705958	0.08680198090559305	628
cg05655281	0.08680197656564814	628
cg16750953	0.0868014253329728	628
cg07610853	0.08680104809657035	628
cg14536697	0.08680069295032028	628
cg26945725	0.0867997245898291	628
cg12569246	0.0867980342614354	628
cg01915609	0.08679782889421128	628
cg02949067	0.08679781488474358	628
cg11336061	0.08679634567886413	628
cg16184495	0.08679608324932758	628
cg03323462	0.08679588472847288	628
cg03653962	0.08679564594870776	628
cg15073631	0.08679562341681521	628
cg25463742	0.08679554780468512	628
cg16677191	0.08679464727453273	628
cg01515444	0.08679455087625587	628
cg25480418	0.0867922510670881	628
cg17626734	0.08679074928246994	628
cg17044356	0.08678780353818993	628
cg03873049	0.08678747688577951	628
cg06513814	0.0867870362895323	628
cg10784928	0.08678655795827114	628
cg25738176	0.08678652872511361	628
cg24902278	0.08678639203017133	628
cg04022097	0.08678550544566299	628
cg05400869	0.08678522455561641	628
cg15782228	0.0867840756174946	628
cg16148317	0.08678390605544473	628
cg14286546	0.08678313125691456	628
cg14559212	0.08678284230028152	628
cg01216589	0.08678229771473722	628
cg11937107	0.08678049610576402	628
cg01267797	0.0867802060790834	628
cg01350803	0.08677953379789982	628
cg10021276	0.08677951859831717	628
cg24377495	0.08677903776506624	628
cg09016994	0.08677874569091981	628
cg21900928	0.08677568606698838	628
cg26643967	0.08677321414345707	628
cg01906733	0.0867730026735477	628
cg03611060	0.08677103914999014	628
cg04678462	0.08676738834187328	628
cg14119827	0.0867673318887377	628
cg10495572	0.08676498288687101	628
cg26327548	0.08676230053882411	628
cg04476891	0.0867620021301922	628
cg13107696	0.08676168521487504	628
cg05043389	0.08676092595448898	628
cg21778193	0.08676075222366247	628
cg20263045	0.08675984876619916	628
cg26976707	0.08675952333500564	628
cg14970186	0.08675881907980487	628
cg18391209	0.0867583288446829	628
cg02907150	0.08675734541138252	628
cg09323657	0.0867570847687919	628
cg01154355	0.08675648993762547	628
cg04247152	0.08675600791812055	628
cg03366986	0.08675586634552515	628
cg00546448	0.08675492136354362	628
cg10661769	0.08675356794069683	628
cg04636538	0.08675325484114305	628
cg05327789	0.08675255604110504	628
cg05457563	0.08675138890865125	628
cg04295034	0.08675131390816854	628
cg23817132	0.08675113380584204	628
cg09169617	0.08675045974204387	628
cg22435335	0.08674989881429923	628
cg03222483	0.08674933838382232	628
cg24842354	0.08674814901596883	628
cg22399984	0.08674688534117492	628
cg23028772	0.08674677692224309	628
cg14005025	0.08674634151195293	628
cg05020625	0.08674264598039481	628
cg11841649	0.08674264568227946	628
cg00579036	0.08674192699690086	628
cg03328201	0.086741573866506	628
cg09296270	0.08674157196174317	628
cg24245601	0.08674151182847245	628
cg03832522	0.08674013287497198	628
cg08694574	0.0867368986661819	628
cg19755069	0.0867365971487069	628
cg20139683	0.08673650319674431	628
cg20155035	0.08673502185438986	628
cg21855021	0.08673490012547044	628
cg06594404	0.08673461653095216	628
cg04781796	0.08673414686406705	628
cg23365801	0.08673166210303018	628
cg04859826	0.08673157778897492	628
cg11704513	0.08673096280776404	628
cg01588993	0.08672882946713173	628
cg26790247	0.08672805931235139	628
cg23581186	0.08672763076273915	628
cg19814981	0.08672725964087934	628
cg15559674	0.08672681438577876	628
cg19547192	0.08672629059113435	628
cg00094006	0.0867254553115896	628
cg23955881	0.08672525987038299	628
cg25242498	0.08672155412342558	628
cg00245465	0.08672128299830983	628
cg26487157	0.08671975388203139	628
cg05193162	0.08671545305875	628
cg26231267	0.086715245159877	628
cg14941541	0.08671478217866929	628
cg12251111	0.0867145521753174	628
cg12520772	0.08671410765630772	628
cg11174769	0.08671409468190622	628
cg11620135	0.08671393321933762	628
cg09639151	0.08671249734650543	628
cg26389913	0.08671103026240434	628
cg01098474	0.08671075417049551	628
cg12845268	0.08671030084529727	628
cg15260951	0.08670870927727359	628
cg24264679	0.08670811295213296	628
cg27409910	0.08670625327953768	628
cg26099834	0.08670577865182985	628
cg23707540	0.08670571302446048	628
cg03784113	0.08670510810048568	628
cg26829418	0.08670406191945279	628
cg09293773	0.08670306763708482	628
cg08255147	0.08670262545240495	628
cg16967003	0.08670125506393406	628
cg18197392	0.08670096655022509	628
cg05269976	0.08670038490385867	628
cg06824394	0.08670035462049386	628
cg26503078	0.08669908046933772	628
cg12887840	0.08669844949831063	628
cg10788466	0.08669735024273656	628
cg18649451	0.08669599424241275	628
cg23352271	0.08669389172008929	628
cg20848441	0.08669204299699926	628
cg23257289	0.08669165396293643	628
cg08909914	0.08669093417199819	628
cg03905369	0.08669052998756804	628
cg00401265	0.08668941028816271	628
cg26379012	0.08668927373361734	628
cg11799593	0.0866888367402858	628
cg19075787	0.08668743888171115	628
cg24550149	0.08668740780462636	628
cg17165695	0.08668720022608678	628
cg07812589	0.08668619216073231	628
cg00277591	0.08668615286988829	628
cg15814750	0.08668555805115913	628
cg26224173	0.0866853065573221	628
cg00676711	0.08668488458488094	628
cg14184524	0.08668468632061282	628
cg00713022	0.08668384571923882	628
cg07207789	0.08668378579271413	628
cg17722747	0.08668342528536721	628
cg27415655	0.08668322112631682	628
cg01555300	0.0866826967311854	628
cg08499158	0.08668133999289468	628
cg03661387	0.08668101952136187	628
cg01108921	0.0866806241444183	628
cg01079515	0.08668018038575054	628
cg14518346	0.08667957503606999	628
cg18635361	0.08667948187857388	628
cg13173045	0.08667880147977924	628
cg00753287	0.08667815870817372	628
cg20084079	0.08667769572129624	628
cg07147846	0.08667631042164414	628
cg12510708	0.08667544980660147	628
cg00408773	0.08667527602900182	628
cg04501176	0.08667486021932214	628
cg09196257	0.08667339483052339	628
cg27313941	0.08667324624812167	628
cg23898998	0.08667318643108737	628
cg14122138	0.08667200695653493	628
cg19230867	0.08667121601437805	628
cg14736365	0.08667020546155621	628
cg13498574	0.08666972378964322	628
cg03816707	0.0866690372904081	628
cg12772932	0.08666846753383933	628
cg05890956	0.08666422839268073	628
cg20116828	0.0866640005147959	628
cg22964926	0.08666271398724956	628
cg27488875	0.08666217937386105	628
cg23252259	0.08666128467612355	628
cg02380521	0.08665963976499802	628
cg16814680	0.0866594869006565	628
cg20207973	0.08665819125513854	628
cg11780546	0.08665799582882538	628
cg14170172	0.08665656164842483	628
cg20170687	0.08665632245419475	628
cg17638468	0.08665594495145937	628
cg11490745	0.08665520319535003	628
cg22894742	0.0866543540270206	628
cg15921887	0.08665199547129732	628
cg05564831	0.0866504581913499	628
cg23764129	0.08664913210354364	628
cg04258189	0.08664803577825209	628
cg20906802	0.0866474167548042	628
cg16642063	0.08664706713492881	628
cg12432568	0.08664626800694364	628
cg23085281	0.0866437798076895	628
cg18022224	0.08664338508617193	628
cg23247845	0.0866431632992567	628
cg25017403	0.08664303704829007	628
cg10751382	0.08664244276815203	628
cg16137147	0.08664150117695338	628
cg05856884	0.08664057442679052	628
cg18050804	0.08664019495150388	628
cg07422329	0.08664013791552291	628
cg07278425	0.08664006838929547	628
cg17413750	0.08663993071679782	628
cg12648201	0.08663961892227351	628
cg07618759	0.08663912105151389	628
cg11323506	0.08663842688516235	628
cg10279360	0.0866382049788999	628
cg03346415	0.08663683768696173	628
cg21386766	0.08663577136752365	628
cg06500096	0.08663450678625739	628
cg10271061	0.08663419033729186	628
cg14854474	0.08663197790061106	628
cg08178991	0.0866318773141242	628
cg06856720	0.08663160441376974	628
cg03601053	0.08662869535538725	628
cg04740898	0.08662778461670664	628
cg11761483	0.08662655217273042	628
cg08415557	0.08662583565692877	628
cg19659741	0.08662531097078796	628
cg12121643	0.08662511944300762	628
cg18739932	0.0866243826076375	628
cg16426764	0.08662390783199264	628
cg14845091	0.08662294444726734	628
cg13885788	0.08662242845638418	628
cg14200127	0.08662065961422266	628
cg03590420	0.08661879262693711	628
cg17852104	0.08661789135393502	628
cg11285998	0.0866167806325126	628
cg23292965	0.08661595119081075	628
cg07623058	0.08661441413710158	628
cg17781789	0.08661413601463691	628
cg01900800	0.08661357374978057	628
cg04558424	0.08661285754906961	628
cg11346722	0.08661269796588089	628
cg15451248	0.08661120013891385	628
cg21204522	0.08661101682906241	628
cg01581024	0.08661044032091136	628
cg12475092	0.08661024362760722	628
cg02753511	0.08660949971730736	628
cg23518655	0.0866087950703533	628
cg26555531	0.08660876236269693	628
cg09915729	0.08660768123229529	628
cg11794956	0.08660756178513856	628
cg23597015	0.08660432454611455	628
cg25342409	0.08660404134087507	628
cg11903197	0.0866021737489242	628
cg20299572	0.08660154649933932	628
cg23018063	0.0865993295538221	628
cg15031579	0.08659901688528182	628
cg09080522	0.08659898639214764	628
cg05709657	0.08659747067669157	628
cg27407147	0.08659625579690589	628
cg12913512	0.08659618053510504	628
cg20778547	0.08659580708773737	628
cg09439817	0.08659418682871628	628
cg16314851	0.0865929259993885	628
cg23207876	0.0865928957396459	628
cg21187195	0.08659279932093217	628
cg15251140	0.08659212580439068	628
cg01539510	0.08659190223137175	628
cg03199006	0.08659175926814727	628
cg24496800	0.08659102087882264	628
cg05217213	0.08659021858588062	628
cg18178840	0.08658990619103649	628
cg26802256	0.08658944414043124	628
cg01160692	0.08658928792551679	628
cg19172265	0.0865888083788885	628
cg12843033	0.08658841918730426	628
cg06102419	0.08658794309507997	628
cg22477343	0.08658769435855211	628
cg10987840	0.086585860130453	628
cg04314111	0.08658438029145643	628
cg21184454	0.0865817184796383	628
cg06024930	0.08658089214402065	628
cg27272853	0.0865803042201051	628
cg08090557	0.08657985089617806	628
cg10607454	0.0865792852903467	628
cg14724419	0.08657879786090078	628
cg04852399	0.08657854579128027	628
cg00847857	0.08657807019653124	628
cg21724239	0.0865777874007721	628
cg21126626	0.08657650526379182	628
cg09223687	0.08657541489691994	628
cg02714192	0.0865748558473246	628
cg21392435	0.08657398249566006	628
cg06468133	0.08657056257983076	628
cg05378938	0.086570433329463	628
cg10445599	0.08657005368611481	628
cg07983363	0.08656977137330185	628
cg04640675	0.08656842912336804	628
cg03679504	0.08656783961558479	628
cg08692676	0.08656737686536811	628
cg09148630	0.08656730637192084	628
cg13519549	0.08656663225524558	628
cg25369058	0.08656595806696799	628
cg17749710	0.086565418331989	628
cg21727223	0.0865639981971808	628
cg04399631	0.08656393699193501	628
cg08352774	0.086563609012618	628
cg13967811	0.08656230229449813	628
cg10422455	0.0865620295056537	628
cg21133273	0.0865616992273901	628
cg00729103	0.08656130973147058	628
cg01754423	0.08656031505040979	628
cg17388653	0.08655899955267363	628
cg19047068	0.086558471653982	628
cg16408784	0.08655743129665724	628
cg23526980	0.08655704632130606	628
cg10615591	0.08655674233892169	628
cg09955886	0.08655440080108578	628
cg27588093	0.08655425583755114	628
cg12852187	0.08655346656952179	628
cg02013741	0.08655203629408204	628
cg01894038	0.08655198802328556	628
cg22915373	0.08655008984008755	628
cg10852861	0.08654768978352884	628
cg19311244	0.08654740577670378	628
cg26296894	0.08654720509614044	628
cg22064451	0.08654702795690217	628
cg12781568	0.08654661117847645	628
cg19066078	0.08654614898358412	628
cg00912738	0.0865456386885384	628
cg22541400	0.0865449814068488	628
cg05095590	0.08654392519472015	628
cg22108909	0.08654365397866964	628
cg05163071	0.08654349533947159	628
cg18709881	0.08654336710065441	628
cg22849635	0.08654329660095733	628
cg11835200	0.08654311536225406	628
cg09464206	0.08654204239547972	628
cg01703997	0.08654194140037907	628
cg02584760	0.08654084019544239	628
cg15659599	0.08654081192127269	628
cg10635396	0.0865402930569677	628
cg15286206	0.08654027828063765	628
cg20530613	0.08653889148271998	628
cg27105990	0.08653657421541555	628
cg26288715	0.08653645561741885	628
cg27054610	0.08653605832326616	628
cg17336615	0.08653600664495287	628
cg11672390	0.08653520986508739	628
cg01247693	0.08653471286285885	628
cg12082609	0.08653470033759611	628
cg14535828	0.08653432331407468	628
cg23824183	0.08653280233817251	628
cg01116137	0.08653154021954795	628
cg04052934	0.08653128102416441	628
cg01881182	0.08653125427783684	628
cg19923326	0.08652991469400856	628
cg02913882	0.08652985083725434	628
cg15625631	0.08652963308498385	628
cg09552652	0.0865293371144649	628
cg03603669	0.08652928878962379	628
cg11268983	0.0865280277780443	628
cg21153181	0.08652689359765531	628
cg13440206	0.08652584702904137	628
cg22626168	0.08652583316988494	628
cg18456803	0.0865246961275663	628
cg21847036	0.08652386712928761	628
cg01542019	0.08652251151599491	628
cg15577180	0.08652153953246666	628
cg09244277	0.08652152810186775	628
cg00413838	0.08652132343833752	628
cg18238763	0.08652120329925428	628
cg26298409	0.08652104544027961	628
cg09216153	0.08652101892481029	628
cg13563959	0.08652062262172316	628
cg06582708	0.0865196063505026	628
cg02600772	0.08651932870271312	628
cg23099319	0.08651906881575672	628
cg12459904	0.08651570361517535	628
cg20735041	0.08651506481463123	628
cg01844274	0.08651280495494174	628
cg06984903	0.08651184864646094	628
cg13546308	0.08651164055464555	628
cg08980987	0.08651162275585828	628
cg23357209	0.08651116638764272	628
cg00080972	0.08651036118992056	628
cg01081083	0.0865092930118822	628
cg23819669	0.08650875402991098	628
cg05528899	0.08650773475058732	628
cg16831361	0.08650771032070681	628
cg04637961	0.08650746081403327	628
cg26466145	0.08650723079905118	628
cg09265586	0.08650675955738008	628
cg06932415	0.08650625189562727	628
cg04682967	0.08650621176636494	628
cg00364445	0.08650573160169661	628
cg26946311	0.08650486370572263	628
cg18254930	0.08650377095907236	628
cg21631754	0.0865025319305135	628
cg21996351	0.08650161792143868	628
cg12145488	0.08650085608583113	628
cg06394109	0.08649838941355323	628
cg00259886	0.08649827026814316	628
cg16755922	0.08649792321234445	628
cg24876164	0.08649709102256292	628
cg23195753	0.08649660481689089	628
cg08790676	0.08649641377506859	628
cg05351827	0.08649483474332173	628
cg26681414	0.0864944477338701	628
cg10647703	0.08649393685486528	628
cg14702787	0.08649345944331044	628
cg23381884	0.08649312137732501	628
cg16506815	0.08649211632290199	628
cg11853788	0.08649205319858971	628
cg00078348	0.08648952162569046	628
cg14388864	0.08648938916334209	628
cg09430518	0.0864882205026343	628
cg17110052	0.08648548325623048	628
cg16319308	0.08648436335245069	628
cg03030879	0.08648432517360116	628
cg23811057	0.08648430345717589	628
cg13131015	0.08648357960665759	628
cg20117103	0.08648257231314127	628
cg12917058	0.08648231246362542	628
cg01419577	0.08648209880251315	628
cg06398335	0.08648086623697143	628
cg03618016	0.08648069631710675	628
cg03295417	0.08647922196815777	628
cg06521550	0.08647864419363296	628
cg24899626	0.08647858005584808	628
cg00024967	0.08647823046501762	628
cg08895562	0.0864748448143734	628
cg07758738	0.0864736096499977	628
cg05005217	0.0864731605424974	628
cg21156263	0.08647113375435464	628
cg18106366	0.08647025249248258	628
cg18833880	0.08646942040883987	628
cg22708944	0.086469318252056	628
cg13352914	0.08646811498374571	628
cg06381803	0.0864660754335248	628
cg20400904	0.08646525389307641	628
cg10117831	0.08646460939312722	628
cg01578442	0.0864644951900049	628
cg13638420	0.0864638444118698	628
cg22670572	0.0864636679330529	628
cg01789501	0.08646351134607755	628
cg16182685	0.086462218507323	628
cg05160381	0.08646185319914307	628
cg15609387	0.08645969362656453	628
cg11313951	0.0864585792999557	628
cg18576957	0.08645808538686556	628
cg04291404	0.08645760817831338	628
cg03184588	0.08645624937404983	628
cg13764979	0.08645441409953467	628
cg04753836	0.08645426460360583	628
cg23978358	0.08645260983657127	628
cg15241074	0.08645244138478712	628
cg27324117	0.08645174750424972	628
cg04715503	0.08645166096228137	628
cg10000318	0.08644896296635633	628
cg10717691	0.08644878173296801	628
cg03984209	0.08644790069054367	628
cg12113981	0.08644775506949454	628
cg07166550	0.08644555654851926	628
cg11505037	0.08644484741463648	628
cg08825225	0.08644433290280965	628
cg21914941	0.08644219172711755	628
cg22596016	0.08644075181280234	628
cg17156983	0.08644002945420154	628
cg14240300	0.08643960430089681	628
cg16240480	0.08643900292441739	628
cg24194370	0.08643875900348091	628
cg26893699	0.08643824682002899	628
cg24804145	0.08643618342960196	628
cg00375146	0.08643567755485204	628
cg00200755	0.08643546758566761	628
cg16324121	0.08643309297165985	628
cg18795786	0.08643273002552837	628
cg20724476	0.08643133701451536	628
cg04289880	0.08643133372900816	628
cg11625488	0.08643051926785134	628
cg15295200	0.08643038251663016	628
cg07049592	0.08642947658487193	628
cg06577223	0.08642908152948142	628
cg13185005	0.08642881453755122	628
cg17908657	0.08642836053301345	628
cg20987369	0.08642706711167297	628
cg14775960	0.08642699476410659	628
cg08529179	0.08642686153943485	628
cg20050826	0.08642645876443839	628
cg02466892	0.08642594985397023	628
cg01081303	0.08642394425759434	628
cg19509393	0.08642362479896656	628
cg24309769	0.08642353994795982	628
cg27216899	0.08642333751614972	628
cg26227044	0.08642199977494142	628
cg02477557	0.08642163839021748	628
cg20189937	0.08642154783178668	628
cg00441918	0.08641703487414079	628
cg06348423	0.08641398731079408	628
cg01612449	0.08641200802481352	628
cg22460896	0.08641018289439131	628
cg16277214	0.08640992939957803	628
cg19511444	0.08640961448312545	628
cg06565641	0.08640908997000157	628
cg23416081	0.08640896171504825	628
cg09798888	0.08640623235819211	628
cg25988321	0.0864055776582485	628
cg02020350	0.0864048996940947	628
cg06166785	0.08640473517199665	628
cg14660733	0.08640380294340666	628
cg05247305	0.08640034053423737	628
cg14332653	0.08639998646141106	628
cg00807871	0.08639998216548928	628
cg25509871	0.08639910704832636	628
cg10681483	0.0863990742553788	628
cg25279553	0.08639802598640085	628
cg10825530	0.0863978906093763	628
cg20418725	0.0863978172302166	628
cg16400756	0.08639768112368712	628
cg12214003	0.08639654083796505	628
cg02226810	0.08639615710530901	628
cg23886141	0.08639573759831215	628
cg02285003	0.08639457032678144	628
cg08101922	0.08639417974270541	628
cg20570016	0.0863934859528516	628
cg02716490	0.08639273191037161	628
cg09757581	0.08639228238324759	628
cg15793688	0.08639186240204969	628
cg03409151	0.08639099719417712	628
cg20522370	0.08639075299154036	628
cg24703336	0.08639074879799913	628
cg05982460	0.08638883105919387	628
cg14538537	0.08638846753554658	628
cg21760990	0.08638813223864172	628
cg21046148	0.08638695054101966	628
cg01883777	0.08638655981710118	628
cg10135747	0.08638546129748764	628
cg10691387	0.08638460003274229	628
cg04882216	0.08638430372041156	628
cg04400131	0.08638398018347682	628
cg00688460	0.086382965297997	628
cg20805133	0.08638280829666523	628
cg14567917	0.08638248075817156	628
cg03176203	0.08638161969462746	628
cg16289175	0.08638136006221986	628
cg05611670	0.0863801833244105	628
cg14992144	0.08637950442678108	628
cg16196728	0.08637944901524303	628
cg11204876	0.0863786004241775	628
cg06816517	0.08637844098500141	628
cg06805940	0.086377496210303	628
cg08424184	0.08637744770160226	628
cg11386011	0.08637635122993131	628
cg19214707	0.08637633611598791	628
cg13012115	0.08637568929028722	628
cg00452199	0.08637566296632423	628
cg08628233	0.08637556778745903	628
cg18722840	0.08637488259463982	628
cg00126173	0.08637455911152309	628
cg10839823	0.0863740494887559	628
cg18396173	0.08637365229702115	628
cg13366470	0.08637311053247115	628
cg02343008	0.08637254292922383	628
cg00297876	0.08637245118747389	628
cg10098221	0.08637183872726689	628
cg06776976	0.0863709391193459	628
cg24354924	0.08637034933307547	628
cg01416891	0.0863701848188026	628
cg01181307	0.08636997106726607	628
cg03381604	0.0863687423549086	628
cg03910557	0.0863678497695432	628
cg18011188	0.08636558324664118	628
cg03395898	0.08636398176132398	628
cg06368184	0.08636374851157726	628
cg00324748	0.08636278289033505	628
cg15462970	0.08636180944879646	628
cg00901675	0.08636104835319164	628
cg24239780	0.08636081382214089	628
cg21100328	0.08636024776867293	628
cg07496545	0.08635782954836968	628
cg06643156	0.08635642195254456	628
cg26186239	0.08635596234643486	628
cg26395507	0.08635579181141667	628
cg19427399	0.08635502454825572	628
cg11087016	0.08635447135388158	628
cg25105657	0.08635249115948496	628
cg12687069	0.08635210423035938	628
cg06881914	0.0863518575186693	628
cg14074366	0.08635178284059508	628
cg11141718	0.08635129220170662	628
cg16060204	0.08635106582220023	628
cg11938832	0.08635048926139904	628
cg05685892	0.08634799349608391	628
cg12934258	0.0863478935833667	628
cg02333187	0.08634758425551708	628
cg02286602	0.08634659512265852	628
cg06853587	0.08634477570647647	628
cg25512249	0.08634220174746754	628
cg20171999	0.08634159973866534	628
cg25313468	0.08633915952206492	628
cg10211383	0.08633815592427152	628
cg01068621	0.08633741040089271	628
cg04803153	0.08633702752964163	628
cg15526939	0.08633191027632242	628
cg20909380	0.08633152528081917	628
cg17046141	0.08633138882792196	628
cg12807330	0.08633119265819028	628
cg01988136	0.08633098852263621	628
cg14256268	0.08633065852346761	628
cg16277944	0.08633062851955953	628
cg27423357	0.08632994909023961	628
cg11199014	0.08632891653311742	628
cg26266950	0.08632572799614455	628
cg23698950	0.0863238573511938	628
cg20781516	0.08632258869709969	628
cg04926193	0.0863220741601167	628
cg09611620	0.08632203573045005	628
cg08160970	0.08632123529471158	628
cg01165362	0.08632105807453136	628
cg18940763	0.08632092060087554	628
cg23021584	0.08632060421254842	628
cg05775862	0.08632054931778096	628
cg08066129	0.08631985552443505	628
cg19588154	0.08631963873808446	628
cg00887295	0.08631849513054479	628
cg11796996	0.08631776563290805	628
cg20309061	0.08631740906863117	628
cg26725502	0.08631659604586012	628
cg02088237	0.08631646048378944	628
cg22372194	0.0863162314452551	628
cg19598584	0.08631597366887936	628
cg17844718	0.08631453457366439	628
cg06433023	0.08631350465475249	628
cg04956511	0.08631281187558577	628
cg23607309	0.08631092761085107	628
cg01693350	0.0863102640321439	628
cg25390063	0.08630981580157226	628
cg18919720	0.08630906646018885	628
cg24154937	0.0863080618231637	628
cg09367198	0.08630770462348436	628
cg27027230	0.08630751451531266	628
cg03165260	0.08630638231932902	628
cg06499647	0.08630475293699985	628
cg03122476	0.0863047225573359	628
cg06398251	0.08630469235718896	628
cg03055671	0.08630316467262783	628
cg01519225	0.08630297812843112	628
cg13342364	0.08630281077067098	628
cg02469067	0.0863018767776457	628
cg11564275	0.08630165415510638	628
cg07222505	0.08630150617070437	628
cg16152072	0.08630001475022747	628
cg06146234	0.08629991358790193	628
cg24432464	0.08629863126586718	628
cg21226059	0.08629790884333938	628
cg18815018	0.08629340117404949	628
cg12913879	0.08629339877579667	628
cg24663970	0.08629331053884845	628
cg02795546	0.08629172477490604	628
cg22467052	0.08629100287851266	628
cg15723222	0.08628960503776179	628
cg09306696	0.08628940442462707	628
cg07470830	0.08628870430574209	628
cg25432518	0.08628866231359356	628
cg26780705	0.08628686500518401	628
cg05973398	0.08628656722668282	628
cg12013571	0.08628590771755704	628
cg25745201	0.08628580034037897	628
cg24432768	0.08628401245953676	628
cg12626411	0.08628298365999199	628
cg04346701	0.08628222351010684	628
cg12280150	0.08628120173457998	628
cg03626672	0.08628096074607171	628
cg13026730	0.0862795350221573	628
cg19601653	0.08627938058873402	628
cg23601905	0.08627760040705199	628
cg11977500	0.0862767519898493	628
cg09480054	0.08627604959798112	628
cg13905258	0.08627582605183348	628
cg19552640	0.08627475820717706	628
cg11832395	0.08627460461229641	628
cg13060970	0.08627374995751025	628
cg05429895	0.08627355913896348	628
cg14095959	0.08627267278988338	628
cg06783058	0.08627143458077108	628
cg27273643	0.08627104394755292	628
cg03062717	0.08627027888920188	628
cg01591343	0.08626984960879908	628
cg22892437	0.08626943972379968	628
cg05336982	0.08626891492268411	628
cg09124453	0.0862687811863318	628
cg05286252	0.08626818420088828	628
cg21272095	0.08626623471177275	628
cg09997530	0.08626591412640672	628
cg18596947	0.08626548900049125	628
cg07936950	0.08626159544875013	628
cg21396988	0.08626092591893847	628
cg26545580	0.0862593847334687	628
cg11912239	0.08625930731752529	628
cg15669228	0.0862588297739364	628
cg00287096	0.08625810345694834	628
cg20168849	0.08625782819035305	628
cg01899130	0.08625779086107677	628
cg14780132	0.08625705919421839	628
cg11926776	0.08625552913121878	628
cg04885072	0.08625552091332295	628
cg11666098	0.08625404734606612	628
cg14427243	0.0862538436003144	628
cg16312101	0.08625364095600008	628
cg11669998	0.08625312112542516	628
cg16255631	0.08625165286679831	628
cg07889003	0.0862514800061347	628
cg18568589	0.08625117441157629	628
cg10494028	0.08625084513258163	628
cg26315617	0.0862506093006834	628
cg00902153	0.08625054702762219	628
cg11713658	0.08625052514727305	628
cg20354777	0.08625018609139079	628
cg13588517	0.08624995513490252	628
cg04295372	0.08624955927366762	628
cg11953088	0.08624815991040496	628
cg23189194	0.0862480500207243	628
cg23332335	0.08624598808312842	628
cg22250605	0.08624578931626858	628
cg16234557	0.08624486407567093	628
cg18198545	0.08624404388188417	628
cg05513806	0.08624311691093271	628
cg26920451	0.08624291377088578	628
cg01598642	0.0862425124230412	628
cg19562439	0.08624079765779635	628
cg02029908	0.0862394572389324	628
cg15768901	0.08623802034853503	628
cg02285791	0.08623786193432528	628
cg08072840	0.08623699305144156	628
cg21708867	0.0862360933967562	628
cg00176638	0.08623533908501169	628
cg04314978	0.08623395433417116	628
cg08473232	0.08623363773883735	628
cg16191307	0.08623295541564557	628
cg12541454	0.08622692571204894	628
cg25361961	0.08622665245736541	628
cg22280238	0.08622517363159288	628
cg04110962	0.08622352916164133	628
cg19647111	0.08622212466824619	628
cg03930153	0.08622082154708824	628
cg10942056	0.08622015463131016	628
cg00332146	0.08621959087509806	628
cg22238209	0.08621795960115011	628
cg03612791	0.08621657613139133	628
cg05093818	0.08621633694896536	628
cg21770462	0.08621491448245597	628
cg16262201	0.08621360163653607	628
cg15454534	0.0862130691722412	628
cg17879101	0.08621257498939444	628
cg06037095	0.08621148133217105	628
cg06816558	0.08621144440503248	628
cg08396193	0.08621037658685071	628
cg04177426	0.08620974850437568	628
cg14532755	0.08620913101773792	628
cg01909993	0.08620627849562174	628
cg08025954	0.08620519822698597	628
cg20430047	0.08620474762555719	628
cg11274337	0.08620403930086129	628
cg11174855	0.08620215503064242	628
cg13253210	0.08620152061863529	628
cg23725583	0.08619977916609262	628
cg03101413	0.08619957420066054	628
cg10855276	0.08619900097696204	628
cg19041857	0.08619814415005012	628
cg27427491	0.08619669875756075	628
cg01017257	0.08619428698476655	628
cg08891559	0.08619162902805061	628
cg15922246	0.08619138279470234	628
cg04006516	0.08619119215939774	628
cg20636351	0.08619033242966884	628
cg24467349	0.08619026293655263	628
cg02124912	0.08618785719606026	628
cg24323552	0.08618759339788534	628
cg02661728	0.08618748023697692	628
cg01167274	0.0861864282781579	628
cg02109507	0.0861859079184488	628
cg04180046	0.08618463773419158	628
cg26164798	0.08618418849938231	628
cg23833461	0.08618303661647647	628
cg09095221	0.08618300986404653	628
cg09753632	0.0861825714883736	628
cg14575739	0.08618209352303854	628
cg03349134	0.08618184646140903	628
cg10424264	0.08618154520842464	628
cg06285307	0.0861807323912851	628
cg19589922	0.0861799275038293	628
cg24028634	0.08617916665360072	628
cg15836046	0.08617751061278373	628
cg13448775	0.08617664715563844	628
cg19954602	0.08617644853098158	628
cg23779103	0.0861727019582994	628
cg03212674	0.08617176466055368	628
cg26534425	0.08617125859988081	628
cg10640072	0.08617104501791248	628
cg16324018	0.08616859729324333	628
cg15613991	0.08616829580501148	628
cg22734236	0.08616828222286776	628
cg07567326	0.08616787690009553	628
cg02903436	0.08616776157799799	628
cg20013177	0.086166113845691	628
cg12539415	0.08616424782365206	628
cg08369368	0.08616340760453617	628
cg17738841	0.08616279720140299	628
cg16617073	0.08616194459117354	628
cg09165554	0.0861599178608497	628
cg17007108	0.08615951305277131	628
cg15517343	0.0861578864001743	628
cg11969213	0.08615660225007821	628
cg18738190	0.08615658088831946	628
cg27159673	0.08615547944140159	628
cg23204680	0.08615533058473615	628
cg09841150	0.08615510357899114	628
cg02163885	0.08615465491832978	628
cg18231054	0.08615369442588794	628
cg11176525	0.08615320789723324	628
cg14422085	0.08615301353490556	628
cg00342530	0.0861519575756359	628
cg14032950	0.08615174203030596	628
cg27631256	0.08615149072262551	628
cg20288000	0.08615138331698341	628
cg26035071	0.08615058645145501	628
cg19878627	0.08614966565571408	628
cg26552743	0.08614740346345723	628
cg13858900	0.0861470453876706	628
cg27391679	0.08614674987560045	628
cg07741840	0.0861467184871498	628
cg13939602	0.08614445623006088	628
cg09069072	0.08614402480697717	628
cg24871437	0.08614384697490596	628
cg02794696	0.08614334128714107	628
cg18921025	0.08614312935498247	628
cg26159933	0.08614264354134571	628
cg11606215	0.08614208557382769	628
cg06982190	0.08614197798295128	628
cg23442981	0.0861413493373018	628
cg16363238	0.08614130614699589	628
cg08430325	0.08614101651580913	628
cg23099587	0.08613996541179081	628
cg16572957	0.08613982370735579	628
cg22337626	0.08613977315586735	628
cg26607103	0.0861395286731842	628
cg16301894	0.08613881684432359	628
cg02565999	0.08613746873746508	628
cg12634840	0.08613709373310235	628
cg06569229	0.08613423933133357	628
cg02267483	0.08613407296218045	628
cg16267979	0.08613404989250362	628
cg21760402	0.08613116844522631	628
cg12680719	0.0861294245216456	628
cg16057408	0.08612896573492707	628
cg06988349	0.08612895734597131	628
cg25256067	0.08612845871078806	628
cg10753636	0.0861256789564594	628
cg17826043	0.08612495154304717	628
cg24840062	0.08612294672932877	628
cg18165065	0.08612236079177688	628
cg13585930	0.08612180113667445	628
cg23251701	0.08612071032264798	628
cg23630179	0.08612054444123479	628
cg07538406	0.08611940158437814	628
cg10116178	0.08611880786259285	628
cg08539965	0.08611704683443283	628
cg06518884	0.0861167776999317	628
cg14392652	0.08611675599558599	628
cg17171722	0.08611660367042856	628
cg14307223	0.08611636071429879	628
cg08690999	0.08611628665067395	628
cg25813936	0.08611557127933317	628
cg05956462	0.08611544937517895	628
cg18757468	0.08611437889186185	628
cg06233930	0.0861143585144638	628
cg24537942	0.08611297060672768	628
cg27271937	0.08611177475960775	628
cg00623774	0.08610988053744245	628
cg02680398	0.08610954263846754	628
cg03122427	0.08610927395782925	628
cg26326208	0.08610853120947198	628
cg10592494	0.08610762716614584	628
cg16673446	0.086107091742782	628
cg07720926	0.08610686084865593	628
cg24922596	0.08610380716614668	628
cg16719771	0.08610359194312756	628
cg06127294	0.08610352289228262	628
cg19535607	0.08610350585933935	628
cg14996490	0.0861032013627806	628
cg04614483	0.08610302142234816	628
cg17176002	0.0861028404159555	628
cg26659805	0.08610168372113174	628
cg13714832	0.0861012139266959	628
cg07902983	0.08609793472715871	628
cg10448227	0.08609622876975352	628
cg03001305	0.08609616392892577	628
cg12500951	0.08609590824863145	628
cg04957177	0.08609455034691565	628
cg14386668	0.08609322001293052	628
cg10040530	0.08609272755840208	628
cg06995503	0.08609237461824176	628
cg14660676	0.08609232385667734	628
cg18855674	0.08609170005068817	628
cg23982392	0.08609034282897729	628
cg06872019	0.08608970136505689	628
cg12105691	0.08608945586633832	628
cg07759478	0.08608900086735999	628
cg04456916	0.08608863729792471	628
cg00546757	0.0860871218686769	628
cg03514381	0.08608602725087111	628
cg21032476	0.08608602031225343	628
cg11999580	0.08608340070085846	628
cg22967717	0.08608302000923457	628
cg08641706	0.08608167522445348	628
cg05352016	0.0860814669899922	628
cg02517686	0.08608040194442212	628
cg06760830	0.08607987625839408	628
cg21577356	0.08607964539078447	628
cg22553634	0.08607943737029111	628
cg07963563	0.08607889141851088	628
cg11657665	0.08607875937052714	628
cg26211041	0.08607817930096634	628
cg03995300	0.08607755164328934	628
cg03200120	0.08607750797031305	628
cg27053040	0.08607698964063015	628
cg21100638	0.08607593190792406	628
cg06846010	0.08607556784011977	628
cg06618450	0.08607517470515608	628
cg26931101	0.08607411302260676	628
cg13880868	0.08607389120541181	628
cg16873414	0.08607354179474452	628
cg09482050	0.08607349676084655	628
cg24260156	0.0860720331492425	628
cg26888012	0.08607139398235633	628
cg17484699	0.086071326118983	628
cg16856049	0.08606885455215613	628
cg25955180	0.08606885037061249	628
cg18361425	0.0860676765609153	628
cg00829845	0.08606629638161559	628
cg00714464	0.08606579658041974	628
cg03607415	0.0860647628562799	628
cg27007255	0.08606472565798201	628
cg01127291	0.08606330527758502	628
cg04544858	0.08606313517782929	628
cg16301768	0.08606111002744954	628
cg13925692	0.0860604648593539	628
cg09633081	0.0860603921331386	628
cg03018058	0.08605424690779705	628
cg12586386	0.08605406642889579	628
cg22337407	0.0860532123207784	628
cg25427625	0.08605267754487891	628
cg20444218	0.08605032328598011	628
cg19169932	0.0860502015605451	628
cg24722073	0.08604979062032399	628
cg04820362	0.0860496854221443	628
cg18987431	0.08604960022875402	628
cg16255697	0.08604938250611952	628
cg25745642	0.0860491168300736	628
cg16291917	0.08604901958830191	628
cg12230983	0.08604896749905655	628
cg17128947	0.08604836750673929	628
cg14021550	0.08604750716131515	628
cg00394583	0.08604675670890383	628
cg08113187	0.086046658223428	628
cg22594201	0.08604381767596553	628
cg14482811	0.08604353020845765	628
cg26365545	0.08604343494340944	628
cg26406074	0.08604188365549474	628
cg12166520	0.08604157469610041	628
cg17508941	0.08604061388010142	628
cg17590101	0.08604027968014749	628
cg10080474	0.08604020678883517	628
cg01142475	0.08603804867591214	628
cg27342781	0.08603722881741832	628
cg02859992	0.08603676895272305	628
cg13630878	0.08603558077359136	628
cg01811674	0.08603508579218422	628
cg27631817	0.08603468247074497	628
cg02070906	0.08603434785956782	628
cg12036877	0.08603425867239728	628
cg02633229	0.08603408049647848	628
cg02115818	0.08603269386517375	628
cg11351746	0.0860325291346083	628
cg12475879	0.08602603506745382	628
cg18888461	0.08602503194660477	628
cg10837783	0.08602168810011912	628
cg26856924	0.08602138786009456	628
cg13546223	0.08602131325263485	628
cg10701801	0.08602120207425175	628
cg25443560	0.08602073789621095	628
cg17504591	0.08601904492400797	628
cg08230177	0.08601849372014601	628
cg24913168	0.08601748905258694	628
cg16115627	0.08601698310712863	628
cg06857473	0.08601512791737315	628
cg02590060	0.08601495320259345	628
cg15633073	0.08601435491656284	628
cg24035519	0.08601321671118389	628
cg04196862	0.08601300186942543	628
cg00433866	0.08601114920091896	628
cg09502865	0.08601104485125743	628
cg19667811	0.0860095796712485	628
cg21128953	0.08600891779563563	628
cg07304315	0.08600728852407011	628
cg23634624	0.08600694536543702	628
cg00968488	0.08600687246036792	628
cg05993643	0.08600648897869245	628
cg09333584	0.08600560226558415	628
cg12439852	0.08600444050118766	628
cg06026468	0.08600417660617216	628
cg25360761	0.08600403800919687	628
cg23202177	0.08600206430871932	628
cg23490611	0.08600186881832639	628
cg06382028	0.08600167264381697	628
cg13002493	0.08600014262487995	628
cg00750366	0.0859994533057884	628
cg11353598	0.08599914206905483	628
cg26070865	0.08599697868247869	628
cg19563525	0.08599582450687235	628
cg18565268	0.08599527359685716	628
cg25928396	0.08599379461478879	628
cg01377200	0.08599291993123592	628
cg26230275	0.08599285722077632	628
cg24722950	0.08599270673206888	628
cg08886676	0.0859926013704429	628
cg18699242	0.08599076473054326	628
cg26707052	0.08598976914464457	628
cg07726215	0.0859894810741213	628
cg23913465	0.08598603903999591	628
cg23130165	0.0859835853284533	628
cg09976051	0.08598309586454556	628
cg22154659	0.08598193515808478	628
cg20421996	0.08597904106997056	628
cg24024214	0.08597806860360069	628
cg07032439	0.0859774095650373	628
cg18666454	0.0859768060174535	628
cg15001032	0.08597600439319461	628
cg00403478	0.08597586591986095	628
cg03768057	0.0859756897502646	628
cg13664931	0.08597334188641431	628
cg16406611	0.08597095722827341	628
cg16596317	0.08596869595811485	628
cg05215304	0.08596846996345475	628
cg01868405	0.08596718746863823	628
cg16305787	0.08596691414763402	628
cg13883671	0.08596687382188861	628
cg07214954	0.08596528141124166	628
cg18639578	0.08596499575402794	628
cg08657705	0.08596406558821623	628
cg11791078	0.08596362134330926	628
cg25720793	0.08596341538940806	628
cg16523655	0.0859626200099457	628
cg18179931	0.08595960178914658	628
cg01755009	0.08595780956112403	628
cg18127481	0.08595370011816061	628
cg03574571	0.08595287977989158	628
cg02097254	0.08595200172128503	628
cg27556492	0.08595160719169648	628
cg11928198	0.08595053929688987	628
cg09199014	0.08594809074905785	628
cg07795168	0.08594739109886246	628
cg17635970	0.08594726650626999	628
cg23780731	0.08594649939676069	628
cg10194573	0.08594391588103995	628
cg20327845	0.08594114773159278	628
cg17706411	0.0859409763542921	628
cg02500883	0.08594058921888248	628
cg02962903	0.08594055297312808	628
cg11550550	0.08594012788914851	628
cg25449440	0.08593874010412965	628
cg19626253	0.08593800091777207	628
cg02619408	0.08593748603407658	628
cg11519930	0.08593316879488291	628
cg03573068	0.08593269487331436	628
cg15823642	0.0859324768228808	628
cg22040202	0.08593246027355222	628
cg19708901	0.08593240010352182	628
cg26086902	0.08593102995673377	628
cg01273991	0.08593011727206307	628
cg09388991	0.08592939626821944	628
cg06520095	0.08592927745646844	628
cg01528369	0.08592911313144913	628
cg13878677	0.08592780728638777	628
cg16077086	0.08592772238345547	628
cg02652072	0.08592696153241183	628
cg03394422	0.08592668347577276	628
cg22749859	0.08592659294780336	628
cg23933095	0.08592650583961897	628
cg16576935	0.08592501390372931	628
cg06596943	0.08592392498523954	628
cg24286765	0.08592378028963266	628
cg01321419	0.08592353823839427	628
cg04529938	0.08592260870044482	628
cg24699296	0.08592238668901253	628
cg21855392	0.085921905773856	628
cg21717724	0.08592170741534322	628
cg20245568	0.08592116499233998	628
cg07815131	0.08592063276532425	628
cg10129944	0.08592043306835034	628
cg10002185	0.08591974284662107	628
cg12690127	0.08591968110646583	628
cg18964319	0.08591965798675316	628
cg12304937	0.08591882976952525	628
cg22524980	0.08591700368897581	628
cg12751042	0.08591588294633287	628
cg21561701	0.08591576268803669	628
cg00756032	0.08591565392027647	628
cg26562532	0.0859154402002249	628
cg06423357	0.0859138146590197	628
cg16958939	0.08591367770751396	628
cg05851542	0.08591359507459079	628
cg20535085	0.08591350582497032	628
cg03026011	0.08591345992003357	628
cg16291069	0.08591338069271681	628
cg24912956	0.08591262039708653	628
cg12127282	0.08591166684229457	628
cg01146501	0.08591091962344882	628
cg13619074	0.08591029185342347	628
cg18735775	0.08590946679880673	628
cg00103448	0.08590790668212167	628
cg18822243	0.08590721801244727	628
cg15074838	0.08590590384907665	628
cg11620557	0.08590362188374151	628
cg05511148	0.08590344737964178	628
cg20569758	0.08590342549855247	628
cg27021181	0.08590324433792795	628
cg04200627	0.08590309507462879	628
cg10479672	0.08590255510599115	628
cg24686918	0.08590114610896651	628
cg09599971	0.08589951110692906	628
cg20377232	0.08589945431165102	628
cg16597391	0.08589927040003756	628
cg19544707	0.08589902742794364	628
cg17924243	0.08589847766844771	628
cg09219575	0.0858975888476105	628
cg25282976	0.08589458173869363	628
cg10211414	0.08589337927519491	628
cg14550153	0.08589200347948314	628
cg06855422	0.08589156964247929	628
cg03238702	0.08589126063600305	628
cg22641280	0.08589043803095806	628
cg07483650	0.08588911322269388	628
cg23330450	0.08588761588764166	628
cg17279359	0.0858864531215956	628
cg23879118	0.08588504217360438	628
cg26620747	0.08588179658355732	628
cg18642369	0.08588034973925873	628
cg14453174	0.08587957747697003	628
cg09560763	0.08587918015948548	628
cg27524128	0.08587916027400816	628
cg15552491	0.08587864370604603	628
cg21847368	0.085877185505984	628
cg25352836	0.08587547123984371	628
cg03751967	0.08587462341394925	628
cg06395232	0.0858732733657718	628
cg03657281	0.08587314694304504	628
cg15339435	0.08587308628348411	628
cg01718479	0.08587261585786671	628
cg15411272	0.0858667418950225	628
cg17201760	0.08586536009324705	628
cg26148774	0.08586496659832182	628
cg07726456	0.08586366729810635	628
cg03540894	0.08586237466920754	628
cg19296258	0.08586236224914712	628
cg24629711	0.08586127230362095	628
cg01335210	0.08585983441325062	628
cg10693635	0.08585867686961624	628
cg27444744	0.08585736272742933	628
cg25312054	0.0858565322184014	628
cg17940495	0.08585482418203999	628
cg03041109	0.08585278106179389	628
cg07857278	0.08585215324138168	628
cg20175702	0.08585210545313772	628
cg16619576	0.0858518916171257	628
cg18200075	0.08585163262583628	628
cg18185971	0.0858516278878852	628
cg23026930	0.08585148379045293	628
cg26970800	0.08585127076895627	628
cg06566087	0.08585098230705523	628
cg21232937	0.08585076147896453	628
cg23663476	0.08585027680563428	628
cg25002788	0.08584914300864985	628
cg00690280	0.08584908587184614	628
cg18335796	0.08584855730961047	628
cg27048067	0.0858472477695566	628
cg03925072	0.08584586025871521	628
cg21294960	0.08584518292757315	628
cg08482837	0.0858450379867512	628
cg12478032	0.08584424542634672	628
cg27207881	0.08584196439599082	628
cg21644778	0.08584027632394087	628
cg15918355	0.08583987223203582	628
cg01135546	0.08583977490645166	628
cg05165825	0.08583958983216661	628
cg11717883	0.08583812230929866	628
cg00624939	0.0858378826545601	628
cg05036991	0.08583739920694172	628
cg24927174	0.08583718596318493	628
cg20020844	0.08583715058541977	628
cg02491003	0.08583673086967342	628
cg23803206	0.0858355106224008	628
cg15187223	0.08583498456943273	628
cg05130115	0.08583288679419346	628
cg19989043	0.08583080440935187	628
cg24322628	0.08583024953216989	628
cg00796424	0.0858294738573363	628
cg24363955	0.08582944428386075	628
cg03829542	0.08582848368980175	628
cg05343159	0.0858272714092829	628
cg06584218	0.08582709623941931	628
cg19596983	0.08582564539421328	628
cg10986462	0.08582449090368721	628
cg01431873	0.08582356158878879	628
cg16429758	0.08582287492145127	628
cg04667640	0.08582254901610548	628
cg10305299	0.08582246357747791	628
cg24586758	0.08582222271588352	628
cg18438823	0.08582167304126975	628
cg08474467	0.08582090351829386	628
cg09137533	0.08582082801328259	628
cg04180823	0.08582060050636886	628
cg20926021	0.08581905808973633	628
cg17315703	0.08581580623229057	628
cg01929340	0.08581556243819233	628
cg09035930	0.0858154254265176	628
cg11044716	0.0858151621139081	628
cg26824678	0.08581431086956742	628
cg26789888	0.08581408465944013	628
cg15177613	0.08581303086443001	628
cg10118462	0.08581215558736283	628
cg15505103	0.08581123049721195	628
cg11616411	0.08581087734427967	628
cg23370710	0.08581077848779145	628
cg11088489	0.08580947696021732	628
cg07070466	0.08580831416550033	628
cg05501320	0.08580791989091259	628
cg15545468	0.08580762614926835	628
cg01081346	0.0858074790233932	628
cg00709966	0.08580671537528933	628
cg20072442	0.08580348113759631	628
cg01447914	0.08580280753516678	628
cg02698576	0.08580248305341925	628
cg07577731	0.0858022167107409	628
cg11286294	0.0858013328504185	628
cg10757144	0.08580076650604429	628
cg10319053	0.08579925807055509	628
cg13583523	0.08579925376059244	628
cg05667197	0.08579892067323419	628
cg21647584	0.08579855440528766	628
cg06591973	0.08579815401205412	628
cg14755900	0.08579788345994757	628
cg27309110	0.08579766476603501	628
cg01037082	0.08579475292050552	628
cg27398401	0.08579468970224519	628
cg07120097	0.08579461657226972	628
cg17291423	0.08579429940451527	628
cg10037579	0.08579404919116485	628
cg23250574	0.08579364093013632	628
cg16442953	0.0857931905169626	628
cg24644902	0.08579316796486197	628
cg04373379	0.0857930177246563	628
cg15319032	0.08579211758550578	628
cg14234656	0.08579169341118151	628
cg26400230	0.08579156310476621	628
cg19957803	0.0857894906239878	628
cg21855830	0.08578930440221105	628
cg03213967	0.08578819787025116	628
cg24343720	0.08578685527974611	628
cg22888055	0.08578550390269818	628
cg20381372	0.0857833911188638	628
cg19795594	0.0857832408231117	628
cg00721947	0.0857830077296459	628
cg08729981	0.08578246460507544	628
cg26995083	0.08578231371513179	628
cg12097791	0.08578220901867883	628
cg07276621	0.0857819182997347	628
cg01323104	0.08578137113828951	628
cg16913064	0.08578116496869162	628
cg05568423	0.08577795789116349	628
cg02784823	0.08577637897090845	628
cg19823847	0.08577517022122	628
cg23442112	0.08577508254120503	628
cg26337307	0.08577481546714338	628
cg22153728	0.08577466545434131	628
cg20634498	0.08577448098086171	628
cg15988970	0.08577430758693264	628
cg22307508	0.08577367076543851	628
cg04843555	0.08577299043134068	628
cg15943603	0.08577167931578794	628
cg23812489	0.08577100210855543	628
cg09644562	0.0857703608974868	628
cg13912573	0.08576791946656676	628
cg00243527	0.08576662098455073	628
cg25142416	0.08576537985672478	628
cg21741708	0.08576489481839569	628
cg14659082	0.08576366495031029	628
cg22968966	0.08576325774971136	628
cg22418337	0.08576127638404352	628
cg27264390	0.08576059743721615	628
cg03988374	0.08575937231665032	628
cg09904358	0.08575866249403247	628
cg17654752	0.08575804941047355	628
cg06442865	0.08575773091931937	628
cg17116120	0.0857572141489043	628
cg18074403	0.08575683748387342	628
cg14976447	0.08575637899290517	628
cg03966751	0.08575401865608737	628
cg25488547	0.08575344073026209	628
cg02608452	0.08575279793143681	628
cg18268177	0.08575173418533344	628
cg10005224	0.08575131779111181	628
cg11972626	0.0857505682323173	628
cg06626599	0.08575020345053555	628
cg01830271	0.08575006458794676	628
cg24738806	0.0857492125464061	628
cg08479752	0.08574849830012571	628
cg05104639	0.08574768036876357	628
cg02522936	0.08574733569215742	628
cg18816122	0.0857472770014652	628
cg18771034	0.08574571221839317	628
cg24338843	0.08574543318937505	628
cg16905265	0.08574371521310487	628
cg00444390	0.08574000810992027	628
cg19451848	0.08573986403236478	628
cg16426293	0.08573985641760529	628
cg13055385	0.08573930472100155	628
cg16773563	0.08573928303205908	628
cg06569117	0.08573865312473289	628
cg16544220	0.08573854236114675	628
cg17611235	0.08573780105950526	628
cg01507200	0.08573688002181845	628
cg16412772	0.08573665824696663	628
cg09691134	0.08573517852171647	628
cg08833741	0.08573492259124255	628
cg13447818	0.08573366620372014	628
cg08491437	0.08573262230249634	628
cg24770408	0.08573236226436681	628
cg26286839	0.08573111987520715	628
cg04245097	0.08573106847910988	628
cg00636390	0.08572878863698374	628
cg00026776	0.08572862101556228	628
cg19008877	0.08572633397815499	628
cg11703139	0.08572605389533827	628
cg02311864	0.08572461321417962	628
cg12349837	0.08572300440191205	628
cg21736476	0.08572236909666797	628
cg12446088	0.08572057004904493	628
cg20979384	0.08572054902380644	628
cg16627090	0.08572036269138222	628
cg15638170	0.08572009317206769	628
cg09135320	0.0857198260646787	628
cg06772643	0.08571873226228088	628
cg01028364	0.08571840446753506	628
cg14130459	0.08571743064473525	628
cg23727079	0.08571730108892464	628
cg13069985	0.08571688213590789	628
cg01597882	0.08571659850698543	628
cg17878878	0.08571445761688073	628
cg24408469	0.08571279293329374	628
cg05014837	0.085711534753495	628
cg08450554	0.08571103149825487	628
cg21245653	0.08570847808265597	628
cg13112404	0.08570828697088195	628
cg13762612	0.08570777371735419	628
cg04255230	0.08570777338934787	628
cg05854261	0.0857075532540712	628
cg07416291	0.08570634420214857	628
cg01227537	0.08570597619767303	628
cg08111922	0.08570543768415118	628
cg14361672	0.08570306809283773	628
cg04706655	0.08570256307159403	628
cg03507064	0.08570182282217992	628
cg18484299	0.08570137381164165	628
cg16051195	0.0857013604952731	628
cg22229470	0.0856988547781461	628
cg18245281	0.0856984511179314	628
cg01063935	0.08569712061470958	628
cg13445486	0.08569691806278733	628
cg09712464	0.08569604996678781	628
cg22730864	0.08569526072594547	628
cg14601210	0.08569407015458602	628
cg03337886	0.0856927778572606	628
cg04510874	0.08569275736160895	628
cg10643982	0.08569117093991502	628
cg25237396	0.0856909780435487	628
cg17658266	0.08568983905691646	628
cg20663846	0.08568916872662097	628
cg12959048	0.08568845984250728	628
cg24102792	0.0856880756273829	628
cg14679230	0.08568707173272105	628
cg26929700	0.08568706585243885	628
cg12686055	0.08568691106660309	628
cg23072571	0.0856865761229803	628
cg05624226	0.08568608662111465	628
cg10868156	0.08568503956361856	628
cg11341011	0.08568465528119168	628
cg25616547	0.08568461782658421	628
cg22552139	0.08568308888585996	628
cg19883813	0.0856819000818476	628
cg03818193	0.08568161238826644	628
cg02129962	0.08568142912244053	628
cg17160525	0.08567887353969382	628
cg19072083	0.08567885058405117	628
cg01569500	0.08567845192865736	628
cg14317384	0.0856772249126384	628
cg08401657	0.0856769111020837	628
cg25667676	0.08567666405456337	628
cg21262652	0.08567656624734687	628
cg10853416	0.08567610056955	628
cg02856402	0.08567605347688373	628
cg05258689	0.08567574416297863	628
cg05929502	0.08567571858647416	628
cg20347666	0.08567415203489748	628
cg00147509	0.08567299259724198	628
cg14909198	0.0856723790635579	628
cg09228051	0.0856713589169821	628
cg09358975	0.0856701364604261	628
cg22136013	0.0856700496020843	628
cg02984092	0.08566952452132176	628
cg24320816	0.08566840015313182	628
cg10709461	0.08566427679806515	628
cg11234281	0.0856629768446297	628
cg02550950	0.08566278322444931	628
cg01028389	0.08566116020602443	628
cg11525409	0.08566106912520625	628
cg03505225	0.08565994272608804	628
cg16783186	0.08565973313020131	628
cg24828648	0.08565949123264288	628
cg25928199	0.08565860487238869	628
cg01561304	0.08565785185792629	628
cg21475150	0.08565713635896843	628
cg21105750	0.08565558508364435	628
cg26446499	0.08565534745357217	628
cg03403640	0.08565463836024459	628
cg23172480	0.08565307450901774	628
cg02436616	0.08565287059439491	628
cg12405639	0.08565216957601621	628
cg04410989	0.08565026988206342	628
cg18618432	0.08565012536074215	628
cg20754034	0.0856470331479478	628
cg25353171	0.08564629722501549	628
cg25396728	0.0856462929943782	628
cg00701951	0.08564618229460536	628
cg03437887	0.08564557907168391	628
cg09705456	0.0856429628896278	628
cg23390595	0.08564287017704364	628
cg03193328	0.08564161337124776	628
cg25573884	0.0856401258290263	628
cg01016092	0.08564006246046421	628
cg07435894	0.0856395345063065	628
cg04860674	0.0856393183824326	628
cg25618731	0.08563705133512045	628
cg27387705	0.08563660419860375	628
cg23553480	0.08563625943607553	628
cg07677598	0.08563619285786633	628
cg17066594	0.08563602673053888	628
cg16744996	0.08563562791079218	628
cg08144172	0.0856348283804161	628
cg03638905	0.08563466948826216	628
cg07647677	0.08563459726142353	628
cg03222965	0.08563406226379189	628
cg04887494	0.08563399166186347	628
cg24845998	0.0856333841627625	628
cg12219638	0.08563245386706902	628
cg21804574	0.08563166579494724	628
cg08876518	0.08563124345929285	628
cg26706077	0.08563087682159232	628
cg20184247	0.08562979947978247	628
cg00883837	0.08562899078399391	628
cg11841562	0.0856274627880716	628
cg03670238	0.08562626225290665	628
cg02555772	0.0856260044153056	628
cg12105382	0.08562509628117773	628
cg22675593	0.08562430078691033	628
cg24173428	0.08562390485604848	628
cg16524733	0.08562205157166111	628
cg16076654	0.08562132770157882	628
cg23013977	0.08562101792695853	628
cg14391419	0.08562098907065376	628
cg14698665	0.0856206885572956	628
cg18280830	0.08562047222602731	628
cg27136847	0.08561929268781654	628
cg18833133	0.08561913775028462	628
cg21128398	0.08561654120119755	628
cg00762830	0.0856159102302233	628
cg14450910	0.08561523373260516	628
cg04223863	0.08561472655954727	628
cg07468307	0.08561278412874107	628
cg02426072	0.08561117512171951	628
cg11627582	0.08560988416346393	628
cg24660669	0.08560938315417838	628
cg02513556	0.08560696597584597	628
cg24247537	0.08560671071039361	628
cg18761549	0.08560523242919019	628
cg10387579	0.08560286315282378	628
cg02395590	0.08560286253459087	628
cg25714208	0.08560281803765049	628
cg24771804	0.08560267430969952	628
cg26140394	0.08560255821307876	628
cg05855490	0.08560166447869724	628
cg01421943	0.08560120629437573	628
cg03249630	0.08560028753025539	628
cg19579500	0.08559912084332677	628
cg08250921	0.08559896044339543	628
cg11893412	0.08559751402479626	628
cg14713231	0.0855965361722657	628
cg15436606	0.08559565818474849	628
cg18971175	0.08559419590500095	628
cg09515442	0.085593271126568	628
cg04358214	0.08559214681658073	628
cg03407524	0.08559199132121165	628
cg01466631	0.08559099461982267	628
cg13091627	0.08558881838297205	628
cg04138756	0.08558683953265206	628
cg21749424	0.0855864891638281	628
cg18443437	0.08558635314339824	628
cg22451657	0.08558616579481448	628
cg13459217	0.08558377094218311	628
cg03403996	0.08558284211711092	628
cg06653292	0.08558083413066286	628
cg06902025	0.08558058902345514	628
cg06166490	0.08557954676831808	628
cg15654485	0.08557898787703028	628
cg01673307	0.08557883977631414	628
cg26983835	0.08557819684940587	628
cg16355550	0.08557810236311392	628
cg15864612	0.08557622423630884	628
cg00647233	0.08557617350590987	628
cg21023952	0.08557601874212672	628
cg00415333	0.08557489458409473	628
cg02286761	0.08557274633989001	628
cg16870655	0.08557159885012611	628
cg16048803	0.08556932998464917	628
cg04498921	0.08556880867691949	628
cg25457884	0.0855678260802139	628
cg25801976	0.08556710835738793	628
cg02370232	0.08556688768954446	628
cg19704073	0.08556529853266431	628
cg08287903	0.08556269173526337	628
cg08481464	0.08556111432208635	628
cg19495969	0.08556077600141909	628
cg08424981	0.08556043972456182	628
cg07097725	0.08555942842964195	628
cg25741487	0.08555701570502423	628
cg21303745	0.08555680095489537	628
cg01021552	0.085556003187793	628
cg18139178	0.08555577731485825	628
cg26954751	0.08555510783287834	628
cg11253122	0.08555429589035418	628
cg04350675	0.08555359992150051	628
cg05931497	0.085552543790761	628
cg05627365	0.08555200001270125	628
cg20917083	0.08555184731108652	628
cg19605788	0.0855514206466251	628
cg16080552	0.08555026814662156	628
cg06912922	0.08554979921635264	628
cg00090787	0.0855487115063987	628
cg13064897	0.08554740013885437	628
cg24844518	0.08554627095111988	628
cg13018639	0.08554565865032582	628
cg17103638	0.08554378626531167	628
cg25302646	0.08554369350855656	628
cg09038267	0.08554223445406234	628
cg25735305	0.08554188180776681	628
cg23267550	0.08554066350510181	628
cg02866996	0.08554039830843962	628
cg16895086	0.08553871074222352	628
cg11072570	0.08553860585068174	628
cg01300852	0.08553790897874952	628
cg18023943	0.08553552208186554	628
cg25144558	0.08553523636636945	628
cg05989089	0.08553467201313261	628
cg26104752	0.08553362302980345	628
cg08325898	0.08552907716076819	628
cg06220112	0.08552805673695327	628
cg05309399	0.08552758458725335	628
cg26974444	0.0855264141501044	628
cg18947550	0.08552639517983449	628
cg01857838	0.08552574033856997	628
cg07422412	0.08552326190183646	628
cg26790059	0.08552249719572047	628
cg00390259	0.08552192093533545	628
cg08036309	0.0855197066605081	628
cg02556655	0.0855196190596984	628
cg17754510	0.08551773470118043	628
cg04381865	0.08551750634533634	628
cg10589577	0.08551733469388101	628
cg00138041	0.08551728196977254	628
cg25285053	0.08551602724625051	628
cg23662142	0.08551565067692748	628
cg19383430	0.08551555420420504	628
cg00019678	0.08551533223183816	628
cg15325875	0.08551521993767461	628
cg02695343	0.08551442012002303	628
cg05986933	0.0855143045670885	628
cg03058466	0.08551410559583644	628
cg05408521	0.0855140955396142	628
cg06960356	0.08551379515995217	628
cg03265564	0.08551337210750268	628
cg18404811	0.0855124682993344	628
cg01323706	0.08551124648808345	628
cg15128334	0.08550935713838761	628
cg10816378	0.08550897425309456	628
cg24779941	0.08550778029679934	628
cg13677289	0.08550752449911558	628
cg03736235	0.08550744742750974	628
cg01476044	0.08550699186111571	628
cg19064302	0.08550597200903809	628
cg23526586	0.08550560989488593	628
cg12286415	0.08550553588705978	628
cg10997540	0.08550536162542977	628
cg08233811	0.08550509775105726	628
cg15878685	0.0855034395897935	628
cg16710124	0.08550265255775968	628
cg06028870	0.08550145270469367	628
cg04908668	0.08550135853229879	628
cg02086801	0.08549903058572238	628
cg16109423	0.08549837191868381	628
cg10092198	0.08549774087194761	628
cg07638320	0.08549687108815462	628
cg04791080	0.08549568440728839	628
cg24316982	0.0854955066251511	628
cg11750112	0.08549528397913742	628
cg01010285	0.08549488684342332	628
cg21875946	0.08549459036830126	628
cg05571619	0.08549432997219847	628
cg00731062	0.08549419057839244	628
cg24874254	0.08549396231473205	628
cg02210151	0.08549383200542326	628
cg04259358	0.08549358944104793	628
cg25384089	0.08549356369409411	628
cg12850636	0.08549331582254366	628
cg10312522	0.08549168570293533	628
cg10406526	0.08549163845724533	628
cg10535597	0.08549139795056981	628
cg08129331	0.08549131961685685	628
cg22639352	0.08549035912293312	628
cg15244327	0.08549031532028942	628
cg09219280	0.0854879157888409	628
cg21218183	0.08548776374717026	628
cg22542373	0.08548727701112374	628
cg21992771	0.0854860727556086	628
cg05481881	0.08548415644804183	628
cg14526718	0.08548396105531891	628
cg18913923	0.08548280124644209	628
cg08478685	0.08548231276133583	628
cg15541630	0.0854812750303876	628
cg21110576	0.08548031354160296	628
cg03771832	0.08547991506391067	628
cg18047159	0.08547919016820349	628
cg08369780	0.08547821421055679	628
cg17075459	0.08547586490874937	628
cg10976626	0.08547437255659512	628
cg17722435	0.08547305708000541	628
cg22444584	0.08547126701153306	628
cg11589062	0.08547105015352963	628
cg03092680	0.08547081735848866	628
cg03089725	0.08546987846830445	628
cg08197569	0.08546820988069359	628
cg26513854	0.08546792221851207	628
cg25002294	0.08546632508232427	628
cg16928382	0.0854661996275311	628
cg04707519	0.08546420193568399	628
cg05041477	0.08546399016099127	628
cg09353705	0.08546348966586977	628
cg07294323	0.08546291071907819	628
cg21004924	0.08546245296531463	628
cg03301579	0.08546152732233414	628
cg24227481	0.08546036180341433	628
cg18514949	0.08546019714331099	628
cg15904283	0.0854589569747754	628
cg00182256	0.08545812880464254	628
cg04706627	0.08545791962221738	628
cg26017484	0.08545777574003505	628
cg24060890	0.08545732743398243	628
cg19283806	0.08545631327614339	628
cg17352045	0.08545495778717194	628
cg26668276	0.08545466965216529	628
cg09845914	0.08545396118176957	628
cg17882587	0.08545299930689215	628
cg02269497	0.08545213470099	628
cg01971181	0.08545183605524337	628
cg00667751	0.08545132135666286	628
cg08898055	0.08545029895069758	628
cg10885151	0.08544854570643237	628
cg04737131	0.08544817282272711	628
cg04973505	0.08544773089932534	628
cg03505125	0.0854469562823223	628
cg02336334	0.08544692387151637	628
cg13001963	0.08544613394669032	628
cg05477823	0.08544590048542006	628
cg23318893	0.08544589293876725	628
cg22168512	0.08544584216660778	628
cg03731268	0.0854451352226579	628
cg21969566	0.0854450768451201	628
cg08211413	0.08544371010754515	628
cg26869417	0.08544342102370334	628
cg07232063	0.08544263580417172	628
cg00735883	0.08544188369530209	628
cg09151979	0.08544179141697769	628
cg06434709	0.08544101248527963	628
cg03108250	0.0854407700867201	628
cg02366100	0.08544034940744763	628
cg02662596	0.08543939581204057	628
cg10536999	0.08543898796195536	628
cg18876007	0.08543830467480276	628
cg06093039	0.08543557280784339	628
cg19727801	0.08543422853217608	628
cg18118743	0.08543082559467022	628
cg18624102	0.08542920510249177	628
cg03831180	0.0854291339172757	628
cg07147475	0.08542874515502114	628
cg11001769	0.08542807943434566	628
cg02078164	0.0854276510389021	628
cg26035201	0.0854274212931948	628
cg17474422	0.0854272674465108	628
cg23421392	0.08542628753982057	628
cg22471075	0.08542358558556087	628
cg01606885	0.08542332141360409	628
cg13378400	0.08542245049800684	628
cg23406407	0.08542207375693228	628
cg07069575	0.08542190240507969	628
cg12268236	0.08542187040186477	628
cg14839087	0.08542128731624854	628
cg21041775	0.08542083810917983	628
cg03109209	0.08542000392377413	628
cg11911736	0.08541685324138854	628
cg14652403	0.0854165985555228	628
cg03420978	0.08541298830190239	628
cg00907399	0.08541097079420767	628
cg01687189	0.0854102854993003	628
cg05025071	0.08541003799340163	628
cg07054208	0.08540930654983483	628
cg08209711	0.08540868533821361	628
cg07375851	0.08540864063615805	628
cg05078019	0.085408405509723	628
cg03105348	0.08540803934835153	628
cg06092502	0.08540680821279273	628
cg20435284	0.08540637556256225	628
cg04893786	0.08540633689015123	628
cg12858416	0.08540622377356905	628
cg21114303	0.08540565511200224	628
cg11499689	0.08540563567780335	628
cg18648169	0.08540487868551089	628
cg11111460	0.0854037820443172	628
cg06772717	0.08540300359041562	628
cg01849065	0.08540280461970726	628
cg04295322	0.08540242557012279	628
cg13650654	0.08540215357751504	628
cg07304760	0.08540213552931553	628
cg21552300	0.08540013043794037	628
cg11531687	0.08539804757079594	628
cg12629796	0.0853979402758898	628
cg05768427	0.08539767219175645	628
cg18105139	0.08539580758929793	628
cg03854025	0.08539544331536075	628
cg17014757	0.08539533245072906	628
cg07288447	0.08539462953907767	628
cg18919478	0.08539411952639031	628
cg10528455	0.08539395732356742	628
cg14057456	0.08539381572688404	628
cg05756029	0.08539376204974519	628
cg21251563	0.0853934955679505	628
cg18631330	0.0853932104053354	628
cg04615865	0.08539217106445862	628
cg17001652	0.0853920248056686	628
cg03186440	0.08539188822703284	628
cg15752885	0.08539125105137124	628
cg02526277	0.08539092792232522	628
cg03127506	0.08539053163559951	628
cg08577046	0.08539043352299874	628
cg27448426	0.08539026312400133	628
cg12537796	0.08539016961151666	628
cg02318043	0.0853864406416277	628
cg12726120	0.08538593150064314	628
cg02939105	0.08538560743927714	628
cg17120366	0.0853854615980103	628
cg17714832	0.085385283753864	628
cg13253856	0.08538419539886166	628
cg11704201	0.08538403455808619	628
cg09124230	0.08538387564382238	628
cg26955491	0.08538326437317689	628
cg05633597	0.08538129580218323	628
cg09807356	0.0853807941816534	628
cg07458308	0.08538066828884124	628
cg24544490	0.08538007172563108	628
cg01029568	0.08537791320850069	628
cg09586924	0.08537767613358288	628
cg21419383	0.08537695511795629	628
cg07674095	0.08537552112554792	628
cg10429523	0.08537532347558502	628
cg20785336	0.08537380216846238	628
cg04412755	0.08537305339719092	628
cg17854440	0.08537259644926481	628
cg17657322	0.08537052219637242	628
cg06012932	0.08536889769504702	628
cg03751829	0.08536860652886066	628
cg11714502	0.08536804922839099	628
cg01507173	0.0853679881793924	628
cg03407747	0.08536747589029053	628
cg17159699	0.08536729540556842	628
cg23099439	0.085367251237367	628
cg09333723	0.08536575111343875	628
cg17264271	0.08536354163523795	628
cg10118717	0.08536340025728698	628
cg00992687	0.08536329027293121	628
cg10276433	0.08536224578150364	628
cg04482120	0.08536144563977055	628
cg00929860	0.08536031260885024	628
cg22942897	0.0853574944842253	628
cg12550731	0.08535719245376883	628
cg04548699	0.0853568369018819	628
cg26186954	0.08535658816775266	628
cg00119896	0.0853558607226294	628
cg07083043	0.08535536437641858	628
cg09098195	0.08535459960687045	628
cg12690996	0.08535395107983018	628
cg09541794	0.08535348474964588	628
cg07465275	0.0853533587632786	628
cg23943944	0.08535292937777234	628
cg10257110	0.08535194037094629	628
cg20116800	0.08535167818006201	628
cg19547972	0.08535110417063507	628
cg04145681	0.08535004912689698	628
cg06445343	0.08534970947296003	628
cg27304204	0.08534943489925162	628
cg09860353	0.08534883147220607	628
cg14567963	0.08534801658704405	628
cg18879389	0.08534712014760398	628
cg24911721	0.08534471113093767	628
cg15169121	0.08534460424887313	628
cg01997813	0.08534397358894358	628
cg03960066	0.08534379387276887	628
cg10448608	0.08534377557498027	628
cg25546118	0.08534327637866157	628
cg09134179	0.08534300761383562	628
cg01192748	0.08534239233718555	628
cg09152813	0.08534007270965932	628
cg25275443	0.08534005287697377	628
cg12861622	0.08533972932526288	628
cg17796198	0.08533899442571996	628
cg13537237	0.08533796083231077	628
cg06013117	0.08533771668727236	628
cg25518276	0.08533682040368368	628
cg02150582	0.08533570222657255	628
cg04589008	0.0853349554560634	628
cg17331569	0.08533268372591263	628
cg18482303	0.0853322403507108	628
cg18053607	0.08533206834658814	628
cg04608190	0.08533204064121597	628
cg21411702	0.08533144297759099	628
cg02760962	0.0853311690927391	628
cg01015401	0.08533094540254277	628
cg12427317	0.08533034695907554	628
cg01479473	0.08533010765012447	628
cg16431720	0.08532972108705	628
cg08642285	0.08532866415913115	628
cg00789198	0.08532561090088758	628
cg13935380	0.08532363899462131	628
cg20520888	0.0853236015611448	628
cg19937499	0.0853234874133858	628
cg05372765	0.08532284726676398	628
cg15954878	0.08532179911740795	628
cg08623277	0.08532145065175886	628
cg21095142	0.0853211706231552	628
cg04504627	0.08531986105086148	628
cg09702010	0.08531970548461526	628
cg08611163	0.08531839286335484	628
cg08388763	0.08531834585722417	628
cg15169286	0.0853181697465058	628
cg26678383	0.0853141574156921	628
cg10090761	0.08531372205378551	628
cg20892919	0.08531278185099742	628
cg05917748	0.08531200808027012	628
cg05121006	0.08531161389854601	628
cg04717895	0.08531063872069626	628
cg24419602	0.08531011963915736	628
cg05137263	0.0853081537707018	628
cg01007458	0.08530691441671817	628
cg10765212	0.08530517820910566	628
cg03329597	0.08530415029493826	628
cg26160218	0.08530410751904632	628
cg23020891	0.08530344582874239	628
cg05053735	0.08530343192258572	628
cg01025720	0.08530195941172425	628
cg09584358	0.08530044994614933	628
cg14041976	0.08530004932292914	628
cg26860604	0.08530002222417887	628
cg08845028	0.08529929539038589	628
cg12885751	0.08529873079501056	628
cg20022223	0.0852927816438191	628
cg23892028	0.08529220541592687	628
cg14434412	0.08529201055847127	628
cg00659931	0.08529183095108628	628
cg03361164	0.08529155693446136	628
cg18894440	0.08529058039191924	628
cg20661080	0.08529041006063942	628
cg08529825	0.0852899117433957	628
cg08000731	0.08528827709281755	628
cg10477621	0.08528798632972223	628
cg16604035	0.08528736686402541	628
cg00653790	0.0852873184461164	628
cg08663653	0.0852868425070114	628
cg08786674	0.08528643446565129	628
cg27244482	0.08528569186787655	628
cg08170608	0.08528533536711841	628
cg01808723	0.08528532895390223	628
cg10399005	0.0852849151052294	628
cg15965006	0.08528363494888647	628
cg12015443	0.08528309225309166	628
cg12695465	0.08528263230820003	628
cg07790085	0.08528187858323122	628
cg13268590	0.08528167734775965	628
cg06116009	0.08528101853972447	628
cg25852052	0.08527887289752667	628
cg05740254	0.08527871734778467	628
cg19795338	0.0852771416792164	628
cg19390317	0.08527692328430214	628
cg06096336	0.08527558682172381	628
cg10663316	0.08527557623415383	628
cg17350632	0.085274825321352	628
cg26363935	0.0852747292547763	628
cg03065459	0.08527336195859381	628
cg04223420	0.08527250916121844	628
cg13394191	0.08527193777927315	628
cg26472910	0.08527165190577585	628
cg03539051	0.08527058993637138	628
cg23521230	0.08527040517514983	628
cg20208979	0.085268709950853	628
cg20648149	0.08526807223737948	628
cg11083235	0.08526798204796449	628
cg03261347	0.08526766279747855	628
cg15212266	0.08526701844657807	628
cg08868915	0.08526536037465246	628
cg24780007	0.08526496864657063	628
cg17317391	0.085264827332666	628
cg05798194	0.08526416886459887	628
cg06794374	0.08526262222225667	628
cg06078892	0.0852619582474507	628
cg13016851	0.08526174653973762	628
cg01546561	0.08526088663052078	628
cg20388732	0.08525892721425624	628
cg03998719	0.085258736875827	628
cg11671265	0.08525611254691096	628
cg07398352	0.08525496310157588	628
cg25050332	0.08525401266084576	628
cg14221460	0.0852537404287891	628
cg23493119	0.08525245134697751	628
cg22902799	0.08525238168551813	628
cg01851450	0.08525226009651135	628
cg15803618	0.08524904634305203	628
cg08106847	0.08524840558105662	628
cg02786062	0.08524821377336822	628
cg13897122	0.08524749020061848	628
cg00810292	0.08524739969916262	628
cg25673593	0.08524699178124256	628
cg11672740	0.08524684811965227	628
cg11635029	0.08524569904283902	628
cg03182620	0.08524522666226836	628
cg10457440	0.08524475670444628	628
cg08889347	0.08524465078677484	628
cg09577511	0.08524446360900823	628
cg05833851	0.08524114631744206	628
cg19809865	0.08523805728480216	628
cg09614389	0.08523707982337625	628
cg12433386	0.08523656596273754	628
cg01011918	0.08523475261127728	628
cg26676090	0.0852314486227671	628
cg16720578	0.08523108552603631	628
cg00191903	0.08523003646630184	628
cg24392672	0.08522977581528535	628
cg20410409	0.08522950934067242	628
cg03046001	0.08522948616945802	628
cg15027358	0.08522870913776825	628
cg24317069	0.08522816013464818	628
cg23291886	0.08522801655921147	628
cg04388901	0.08522798240529267	628
cg04018164	0.08522774629252239	628
cg26503792	0.08522691201789429	628
cg01465364	0.08522677788077782	628
cg00378950	0.08522670908511681	628
cg02359511	0.08522566240664531	628
cg17534916	0.0852245815792512	628
cg01473187	0.08522383069338962	628
cg04280772	0.08522334966155992	628
cg06034711	0.08522228008883198	628
cg23934731	0.08522203315587222	628
cg24161397	0.08522196764898965	628
cg09781827	0.08522195052661527	628
cg02769477	0.08521846023142815	628
cg09436713	0.08521746619917109	628
cg03044684	0.08521646485313078	628
cg05858130	0.08521613334064732	628
cg02140384	0.08521468874249127	628
cg17295739	0.08521431309782745	628
cg06422883	0.08521389435999983	628
cg04299200	0.08521371551392082	628
cg21314318	0.08521339603546418	628
cg01107874	0.08521322515337781	628
cg15025379	0.08521270849634349	628
cg20854374	0.08521057286455908	628
cg25936358	0.0852088275037394	628
cg12492345	0.08520806576870327	628
cg04588051	0.08520791463313876	628
cg22933800	0.08520747763004588	628
cg18609078	0.08520739165639069	628
cg01653080	0.0852070337805308	628
cg09955012	0.08520694076218788	628
cg03636163	0.08520465430530749	628
cg21414251	0.08520438380144665	628
cg06862644	0.08520417913951478	628
cg17329859	0.08520338493311208	628
cg05545891	0.08520130882099547	628
cg06235224	0.08519712305122853	628
cg27403658	0.08519617451411132	628
cg17308044	0.08519571269324389	628
cg15588258	0.08519529900568157	628
cg20667964	0.08519524766703668	628
cg01066472	0.08519478748080961	628
cg23367358	0.0851937063325961	628
cg13077031	0.08519349867260068	628
cg15465823	0.08519325590532834	628
cg18323846	0.0851909516996448	628
cg19435453	0.08519055742805215	628
cg26154937	0.08519009711992243	628
cg19185339	0.08518962301696525	628
cg01594662	0.08518848396312739	628
cg19968790	0.08518831375912117	628
cg08337633	0.08518811182774078	628
cg25270367	0.0851864437259392	628
cg22249529	0.08518642955394365	628
cg20318156	0.08518480080075924	628
cg12093662	0.08518417279552254	628
cg19922435	0.08518409010696412	628
cg01683215	0.08518339322212198	628
cg10832035	0.08518320028121606	628
cg02366772	0.08518318125742269	628
cg15239627	0.08518276747421871	628
cg26957187	0.08518091757603496	628
cg19299755	0.08518088059473278	628
cg01522249	0.08517958380368085	628
cg02666257	0.08517787393269619	628
cg23530239	0.08517780599876654	628
cg10442735	0.085176674420225	628
cg17022548	0.08517506758850235	628
cg13229961	0.08517446736092271	628
cg07162085	0.08517304361400063	628
cg13486805	0.0851729684640777	628
cg24401262	0.0851725652404017	628
cg00007987	0.0851722912309294	628
cg08489309	0.08516976090911621	628
cg19366877	0.08516964421301831	628
cg13979407	0.08516950193213718	628
cg17146738	0.08516945127402328	628
cg10839475	0.08516894911025757	628
cg23975840	0.08516837222580514	628
cg27201767	0.08516809452294899	628
cg17054708	0.08516790900371585	628
cg00409126	0.08516743235675192	628
cg06646218	0.08516573039282005	628
cg04199354	0.08516362734590294	628
cg14043253	0.0851635124817721	628
cg11153256	0.08516323219084565	628
cg03570577	0.08516272078675424	628
cg08993283	0.085162625960785	628
cg16444607	0.0851625397808363	628
cg02585849	0.0851618795541414	628
cg12920361	0.08516120000039606	628
cg11769400	0.08516070723374355	628
cg05779068	0.08516022281554891	628
cg01408363	0.08515922733717718	628
cg16206090	0.08515902094696243	628
cg16047053	0.08515860160709246	628
cg18348836	0.08515841284343123	628
cg00724728	0.0851569980215813	628
cg23573900	0.08515668456341752	628
cg15690400	0.08515586107020234	628
cg18239942	0.08515574798232534	628
cg15602298	0.08515570357789459	628
cg19092096	0.08515558442590043	628
cg06825512	0.08515505516434352	628
cg25373630	0.08515481890735926	628
cg20876760	0.08515309193652926	628
cg21377396	0.08515279869669412	628
cg27516302	0.08515261911018462	628
cg08315145	0.08515082098495394	628
cg21370255	0.08515073561488651	628
cg25076039	0.08515017159044669	628
cg22182451	0.08514990143116263	628
cg05393861	0.0851497894032982	628
cg23975973	0.085149780607914	628
cg21962324	0.08514935679643582	628
cg15936861	0.08514896959298868	628
cg22271663	0.08514832141644027	628
cg14437045	0.08514816256641985	628
cg22021975	0.08514730264969356	628
cg21864961	0.08514701297929733	628
cg06977987	0.08514650064315143	628
cg09148852	0.08514551466572491	628
cg01953615	0.08514509593544833	628
cg12324708	0.08514457724030866	628
cg18480946	0.08514432892245366	628
cg10796603	0.0851437984424164	628
cg22953731	0.08514175900101179	628
cg02888247	0.08514137853893977	628
cg18390345	0.08514118041592258	628
cg06663615	0.08514116453887391	628
cg06704573	0.08514103967329942	628
cg03540589	0.08513832063276172	628
cg21082272	0.08513570759001143	628
cg16535080	0.08513561633101574	628
cg24238265	0.08513493442858727	628
cg23077453	0.08513493130003658	628
cg24529771	0.0851342121242355	628
cg00036347	0.08513389522908779	628
cg06472309	0.08513334322441035	628
cg08200851	0.08513125285897843	628
cg05277329	0.08513066252275414	628
cg12843448	0.08513025175689695	628
cg04515268	0.08513015380435368	628
cg16749930	0.08512968657467831	628
cg13237021	0.08512905072061461	628
cg25788103	0.08512890934166356	628
cg20032056	0.0851284400460679	628
cg20740157	0.08512771437906917	628
cg10836120	0.08512747648964308	628
cg04109898	0.08512680593760188	628
cg06394333	0.08512611412828597	628
cg03795847	0.08512396635898062	628
cg12434897	0.0851229255055978	628
cg00501542	0.08512280939012307	628
cg21527078	0.08512274396636765	628
cg07868917	0.08511870171164859	628
cg00214856	0.08511805287441737	628
cg19787070	0.08511769783037981	628
cg17920936	0.08511688535893305	628
cg11583211	0.08511674073711256	628
cg01601949	0.08511558736445596	628
cg25565505	0.08511554380637215	628
cg22958047	0.08511530936865533	628
cg02869486	0.08511503541839044	628
cg18346634	0.0851148317867228	628
cg13763876	0.08511300349389131	628
cg07540917	0.08511225537368716	628
cg25439798	0.0851121053503936	628
cg03467706	0.08511092535757109	628
cg03923071	0.08511075699197651	628
cg25750714	0.0851107232938782	628
cg25199591	0.0851106510076809	628
cg25761791	0.08511043961653553	628
cg01313732	0.08510941940114725	628
cg17639493	0.08510862883892978	628
cg13782301	0.08510819193969221	628
cg27129755	0.08510797680876192	628
cg14671384	0.08510797032681909	628
cg24384051	0.08510790650829764	628
cg19758859	0.08510743962472433	628
cg21526750	0.08510738221946582	628
cg19101433	0.085106412478402	628
cg06051619	0.0851063289049564	628
cg01047748	0.08510583517405906	628
cg00826640	0.08510517915023691	628
cg08811210	0.08510494477312708	628
cg27408171	0.08510412554143287	628
cg05924489	0.08510405333854171	628
cg06159562	0.08510364872255011	628
cg25807487	0.08510359573538157	628
cg02730156	0.08510297375172006	628
cg09403559	0.08510198030930782	628
cg17574911	0.08510011353989994	628
cg07571344	0.08509921888264971	628
cg09073348	0.08509883370980803	628
cg03874868	0.08509729602804394	628
cg14670629	0.08509657655144653	628
cg10583651	0.08509524106005367	628
cg04987362	0.08509494066580815	628
cg26876664	0.0850937034429069	628
cg23304605	0.08509258500071037	628
cg21786372	0.08509156402376683	628
cg17786659	0.08509112138027974	628
cg08607209	0.0850907250459193	628
cg12307484	0.08509023938134577	628
cg01118640	0.085089262249546	628
cg25247859	0.08508770267713764	628
cg07829804	0.085084107588497	628
cg13868361	0.08508406498047133	628
cg17470231	0.08508366833653142	628
cg00744739	0.08508366368870099	628
cg24360034	0.08508294103600872	628
cg03804240	0.08508237440793673	628
cg14799927	0.085082351562936	628
cg03102386	0.0850820097295254	628
cg19755928	0.08508179236716323	628
cg19318393	0.08508159454745645	628
cg14948655	0.08508145942905065	628
cg23267987	0.0850810932425814	628
cg13688966	0.08507883881270464	628
cg16327489	0.08507881071181517	628
cg09958065	0.08507747031083035	628
cg15381259	0.085077156223065	628
cg23911291	0.08507569009030314	628
cg25857695	0.08507538829814709	628
cg00961617	0.08507513302987263	628
cg11028622	0.08507477686216816	628
cg01303236	0.0850744147583925	628
cg20956411	0.08507347793744025	628
cg19453059	0.08507337762042338	628
cg14193430	0.08507131887704988	628
cg22400102	0.08507093566360724	628
cg23032993	0.08507041274523125	628
cg14079359	0.0850704022802376	628
cg14478663	0.08506968043330373	628
cg02066813	0.08506944735810257	628
cg17471720	0.08506859976146197	628
cg22322158	0.0850681181261767	628
cg07324045	0.08506765668558253	628
cg21241195	0.0850660109404846	628
cg18493502	0.08506544843621128	628
cg26714230	0.08506213330874982	628
cg25652701	0.08506208587166952	628
cg07464977	0.08506194579614967	628
cg13647536	0.08506179365204543	628
cg07380504	0.08506047148184342	628
cg19287817	0.0850597449684975	628
cg16399300	0.08505949370132154	628
cg21431617	0.08505919131551626	628
cg24432977	0.08505890865522836	628
cg06952681	0.08505867221649266	628
cg14394550	0.08505637373049918	628
cg00328965	0.08505633702331572	628
cg22333833	0.08505582919301868	628
cg03992114	0.08505529926555855	628
cg17360680	0.08505526290566987	628
cg27276994	0.0850551108741247	628
cg20100998	0.08505483176728229	628
cg10920224	0.0850545060065091	628
cg16314543	0.085051859516422	628
cg07694400	0.0850517488698348	628
cg23258611	0.08505155332224085	628
cg07735952	0.08505139644403067	628
cg09250367	0.08505123600571013	628
cg01571660	0.08505005086724626	628
cg22670759	0.08504936656987111	628
cg15411736	0.08504934615100118	628
cg25925177	0.08504585663892171	628
cg02896757	0.08504581411831924	628
cg22610980	0.08504552550615059	628
cg27414487	0.08504484393063133	628
cg15484651	0.08504392387737297	628
cg21131239	0.08504349510054268	628
cg01858157	0.08504312522799506	628
cg05179921	0.08504247735362613	628
cg11981868	0.0850424654230843	628
cg06650246	0.08504234396110033	628
cg16332065	0.08504192440631796	628
cg01574481	0.08504037614594476	628
cg11863854	0.08504026817122678	628
cg19998400	0.08503939447201869	628
cg19811148	0.0850393618870244	628
cg18372208	0.08503814119930095	628
cg18229178	0.08503737826915247	628
cg06908202	0.08503736862036118	628
cg00751958	0.08503593251035146	628
cg06931356	0.08503568045348997	628
cg06800231	0.08503525670920206	628
cg00430036	0.08503518076924342	628
cg02979850	0.08503442943010633	628
cg16336556	0.08503335124594774	628
cg23185753	0.08503186286154207	628
cg14289228	0.0850316725986889	628
cg25403488	0.08503132002358588	628
cg27586243	0.08503022211546668	628
cg20584546	0.0850272114169846	628
cg06762877	0.08502518512515594	628
cg05649077	0.08502503091079	628
cg10089963	0.08502481449723709	628
cg08288107	0.08502215054986617	628
cg04309214	0.08502116929891185	628
cg15046062	0.0850209826461519	628
cg25391023	0.08502027490247765	628
cg06668065	0.08502025664502941	628
cg18766685	0.08501814931741719	628
cg26397662	0.08501797834637981	628
cg13782905	0.08501712176813725	628
cg24936695	0.08501633227166577	628
cg03613433	0.08501539343305153	628
cg07333792	0.08501435602871317	628
cg02303016	0.08501345079457195	628
cg03630821	0.08501278170489862	628
cg10451565	0.0850113586096892	628
cg26348616	0.08501127309520884	628
cg03802185	0.0850102067222292	628
cg20749059	0.0850094823701277	628
cg01955153	0.08500894898972261	628
cg05894847	0.0850086565132441	628
cg26469387	0.08500793273075063	628
cg01281175	0.08500606623426954	628
cg04008703	0.08500549768839173	628
cg16595607	0.08500532541828515	628
cg21449463	0.08500510560413255	628
cg03203197	0.08500300439118974	628
cg19181528	0.08500285536531788	628
cg05996811	0.08500222608461172	628
cg14206523	0.08500143848314146	628
cg23844085	0.08500072936230085	628
cg14928510	0.0849997326989209	628
cg23942604	0.0849982888270995	628
cg18739675	0.0849976662257439	628
cg02705910	0.08499759707125382	628
cg21644740	0.08499755342857548	628
cg26850673	0.08499690461050324	628
cg15474337	0.0849964318836923	628
cg02870946	0.08499553526976597	628
cg13996610	0.084995261806882	628
cg00048436	0.08499386924147193	628
cg25372296	0.08499339095498509	628
cg13303358	0.08499317046834243	628
cg17557340	0.0849927137554683	628
cg14338513	0.08499207638948636	628
cg12220466	0.08499161343517231	628
cg06692929	0.08499160782967913	628
cg23718195	0.0849915932208069	628
cg18446069	0.08499088564801133	628
cg08222513	0.08498911699747543	628
cg00747241	0.08498877902185992	628
cg27509967	0.08498684721860533	628
cg21001780	0.08498668616847194	628
cg09557462	0.08498651832217607	628
cg15533046	0.0849862105964706	628
cg13998093	0.08498612524056294	628
cg24351427	0.08498569509934967	628
cg02728223	0.08498543680419637	628
cg26734888	0.08498491706768398	628
cg07659054	0.08498468475138557	628
cg26472802	0.0849845175878508	628
cg27045756	0.0849839933047869	628
cg22571393	0.08498351963172635	628
cg21792155	0.08498269041958018	628
cg00670721	0.08498160737073462	628
cg24939196	0.084980343336694	628
cg19251719	0.0849795462278955	628
cg09738733	0.08497838277640718	628
cg07704981	0.0849781557301793	628
cg06681656	0.08497768798704147	628
cg05067427	0.08497647654532156	628
cg19138905	0.08497602369064639	628
cg11947162	0.08497591254012732	628
cg01695406	0.08497591172844571	628
cg01896130	0.08497498204152687	628
cg11097954	0.08497472288202143	628
cg19733736	0.08497401115378778	628
cg08591388	0.0849738788218688	628
cg02463988	0.08497288821600096	628
cg15823438	0.0849727766830567	628
cg11878955	0.08497009532357253	628
cg16634737	0.08496962363631794	628
cg04095070	0.08496938920214403	628
cg17860198	0.08496883658235849	628
cg18596621	0.0849686366126211	628
cg05681981	0.08496845186998025	628
cg24536349	0.08496727252805575	628
cg12469381	0.08496617132616732	628
cg13858106	0.0849655421136592	628
cg06264984	0.08496436537050547	628
cg12670403	0.08496168340216825	628
cg12613632	0.08496125696251722	628
cg06657721	0.08496098226234411	628
cg07497941	0.08495788616041058	628
cg27032427	0.08495785915871798	628
cg01572694	0.08495686751615081	628
cg26821137	0.08495683442946339	628
cg07270153	0.08495682037884417	628
cg07198345	0.08495656974594484	628
cg07691146	0.0849565489085273	628
cg07259382	0.08495591344395381	628
cg03357999	0.08495525030156142	628
cg26114570	0.08495336592468258	628
cg04075024	0.08495305515884416	628
cg01982166	0.08495270289317286	628
cg01281904	0.08495258809357248	628
cg03774288	0.08495191084765186	628
cg12653626	0.08495117672165226	628
cg14373797	0.08494880220791529	628
cg13560612	0.08494875411039127	628
cg12033622	0.08494846337895348	628
cg17806717	0.08494754774910313	628
cg10409702	0.08494644863921053	628
cg15195495	0.08494641097627542	628
cg21828432	0.08494615970529018	628
cg22923409	0.08494578001914609	628
cg15714846	0.0849454482438014	628
cg09491901	0.08494428977365037	628
cg06408679	0.08494403466888367	628
cg22081371	0.08494350486931213	628
cg08807414	0.08494318670783735	628
cg00934037	0.08494297668279982	628
cg08417991	0.08494197710940726	628
cg16805553	0.08494064595078138	628
cg20320823	0.08494010491536341	628
cg20122043	0.08493791610738144	628
cg01631454	0.08493778078954464	628
cg02613300	0.08493702380342144	628
cg25019526	0.0849369292350054	628
cg15700429	0.08493590769808995	628
cg22032709	0.08493566247552392	628
cg14646244	0.08493556235064359	628
cg16795307	0.08493486747935308	628
cg23339720	0.08493447980349589	628
cg23090824	0.08493438676029104	628
cg02832952	0.08493236611768584	628
cg06119452	0.08493219853025002	628
cg12534008	0.08493205257611625	628
cg23265656	0.08493140476325733	628
cg13699101	0.08493135945185165	628
cg07605285	0.08493096372616701	628
cg06619939	0.08492929646358255	628
cg25697442	0.08492854748825607	628
cg18182216	0.08492827666554989	628
cg06573096	0.08492677631393403	628
cg11671688	0.08492581208710959	628
cg07013955	0.08492522170459488	628
cg23629792	0.08492507836382429	628
cg24755189	0.08492481564895066	628
cg25217100	0.08492445270946927	628
cg00243661	0.08492367631418635	628
cg20632887	0.08492228476887562	628
cg06231581	0.08492159091656837	628
cg19524533	0.08492025813767301	628
cg00536792	0.0849200418552798	628
cg21561807	0.08491866268761777	628
cg14799809	0.08491781090989597	628
cg27187798	0.08491742325091786	628
cg14944362	0.08491698803854242	628
cg26770907	0.08491645112697536	628
cg05474265	0.0849164209739709	628
cg21880888	0.08491536845332098	628
cg02611811	0.08491453055164111	628
cg24885556	0.08491423514666269	628
cg20015689	0.08491398245070164	628
cg12248672	0.08491397296065116	628
cg11082635	0.08491325026848934	628
cg03356494	0.08491105151225886	628
cg18116418	0.08490899491553383	628
cg05548945	0.08490887379117923	628
cg26270263	0.08490648945297175	628
cg16449243	0.0849059102874406	628
cg02926769	0.08490508391418078	628
cg04564333	0.08490419425229945	628
cg03613942	0.08490309632777232	628
cg13814677	0.08490146166629187	628
cg03603888	0.08490097681883407	628
cg13003527	0.08490038716931753	628
cg07879612	0.0848997357862048	628
cg14152268	0.0848985150390976	628
cg00108992	0.08489685983035655	628
cg00461650	0.08489676091120651	628
cg17697016	0.08489611710928763	628
cg01929435	0.08489603097741427	628
cg17315383	0.08489588842351137	628
cg07400294	0.08489575392994908	628
cg19370451	0.08489350146060104	628
cg25491122	0.0848926494493053	628
cg17683593	0.08489068301354177	628
cg04603391	0.08488903338666298	628
cg02748089	0.0848881377258145	628
cg10520672	0.08488741882648622	628
cg00487831	0.0848872661319301	628
cg23497020	0.08488376731122754	628
cg04907151	0.08488347826585269	628
cg00153919	0.08488330801552346	628
cg14394126	0.08488138337156101	628
cg14003693	0.0848798645818577	628
cg22843712	0.08487931199418741	628
cg07137934	0.08487851791530066	628
cg07708521	0.08487787289945647	628
cg06901711	0.08487422671173414	628
cg13786236	0.08487310308300833	628
cg24903893	0.08487275045919052	628
cg08911852	0.08486980485203524	628
cg06207120	0.0848689771399827	628
cg09940267	0.08486840283473934	628
cg10623221	0.0848683982252344	628
cg17575915	0.08486835165292267	628
cg04387924	0.08486576737445001	628
cg15851882	0.08486569459431831	628
cg23972735	0.08486411833538687	628
cg15696968	0.08486403354537622	628
cg11076668	0.08486243490333167	628
cg01421252	0.08486201049757164	628
cg06329735	0.08486106629575832	628
cg18042724	0.08486011078320532	628
cg01458646	0.08485888183690887	628
cg14014627	0.0848583759182936	628
cg14226755	0.08485773663959295	628
cg02997295	0.08485755041550602	628
cg04892646	0.08485728716225877	628
cg07318204	0.08485721627937315	628
cg25339054	0.08485704332775512	628
cg16519399	0.08485643692873035	628
cg26301690	0.08485539509151598	628
cg14712202	0.08485094216006195	628
cg11793699	0.0848504332703624	628
cg14258877	0.08485021926955089	628
cg08166767	0.08484990737309095	628
cg24724664	0.08484973110015875	628
cg18234111	0.08484947064324279	628
cg18997129	0.08484838385016918	628
cg21289015	0.08484740897475083	628
cg18792031	0.08484571471730551	628
cg26987660	0.08484452753667651	628
cg18842157	0.08484287498288429	628
cg26030770	0.084842625868017	628
cg10653607	0.0848421643726453	628
cg04778012	0.08484117160163193	628
cg11680200	0.08484082480703062	628
cg22252931	0.08484061147083632	628
cg06547209	0.08484041745420656	628
cg04869854	0.08483993437868653	628
cg04507915	0.08483988547470839	628
cg13608733	0.08483967743193177	628
cg18041277	0.08483859225468188	628
cg13655303	0.08483831404671302	628
cg18441102	0.08483786593395076	628
cg25259564	0.08483748502517319	628
cg01152624	0.08483675846393751	628
cg14299483	0.0848362509826675	628
cg16591159	0.08483623453640393	628
cg11229715	0.08483486334301728	628
cg09119854	0.08483483962671895	628
cg19133023	0.08483336506909561	628
cg10600889	0.08483274360243698	628
cg19474546	0.08483070532598905	628
cg00045690	0.08483032310035005	628
cg01421615	0.08483009580781004	628
cg10180058	0.08482984636906638	628
cg01128025	0.08482929793660221	628
cg22664450	0.08482920797611038	628
cg00131261	0.08482905386446415	628
cg24867468	0.084827735642384	628
cg23847262	0.08482733758180055	628
cg21955916	0.08482670054471592	628
cg21047429	0.08482536895766357	628
cg07774964	0.08482536106475044	628
cg27293357	0.08482354026500971	628
cg06518781	0.08482328635643999	628
cg07820423	0.0848213514645661	628
cg17164063	0.08482061496687558	628
cg15442037	0.0848195778448339	628
cg13969674	0.08481909532773044	628
cg12756504	0.08481783958707054	628
cg02672759	0.08481662911402821	628
cg15594471	0.08481624370070473	628
cg12146699	0.0848155441920534	628
cg03763873	0.08481511078955367	628
cg01178971	0.08481470185932499	628
cg04690342	0.0848141634453421	628
cg01126532	0.0848133324370619	628
cg25968247	0.08481220328178302	628
cg14044669	0.08481137520354742	628
cg01487803	0.08481132319432341	628
