platform	file_project	sample_id	original_column	source_file	proj	patient	stype	disease	is_normal
EPIC	TARGET-ALL-P3	TARGET-20-SJAML045739-09A	TARGET-20-SJAML045739-09A.Ave_Beta	idat_sample_sheet_TARGET-ALL-P3__EPIC_beta.txt	20	SJAML045739	09	AML	False
EPIC	TARGET-ALL-P3	TARGET-00-SJNORM018231-17A.5	TARGET-00-SJNORM018231-17A.5.Ave_Beta	idat_sample_sheet_TARGET-ALL-P3__EPIC_beta.txt	00	SJNORM018231	17	Normal/other	True
EPIC	TARGET-ALL-P3	TARGET-10-PANYHW-09A	TARGET-10-PANYHW-09A.Ave_Beta	idat_sample_sheet_TARGET-ALL-P3__EPIC_beta.txt	10	PANYHW	09	ALL	False
EPIC	TARGET-ALL-P3	TARGET-00-SJNORM016096-14A.4	TARGET-00-SJNORM016096-14A.4.Ave_Beta	idat_sample_sheet_TARGET-ALL-P3__EPIC_beta.txt	00	SJNORM016096	14	Normal/other	True
EPIC	TARGET-ALL-P3	TARGET-10-PAPGMC-09A	TARGET-10-PAPGMC-09A.Ave_Beta	idat_sample_sheet_TARGET-ALL-P3__EPIC_beta.txt	10	PAPGMC	09	ALL	False
EPIC	TARGET-ALL-P3	TARGET-15-SJMPAL012427-09A	TARGET-15-SJMPAL012427-09A.Ave_Beta	idat_sample_sheet_TARGET-ALL-P3__EPIC_beta.txt	15	SJMPAL012427	09	MPAL	False
EPIC	TARGET-ALL-P3	TARGET-20-SJAML016570-09A	TARGET-20-SJAML016570-09A.Ave_Beta	idat_sample_sheet_TARGET-ALL-P3__EPIC_beta.txt	20	SJAML016570	09	AML	False
EPIC	TARGET-ALL-P3	TARGET-10-PATGYH-09A	TARGET-10-PATGYH-09A.Ave_Beta	idat_sample_sheet_TARGET-ALL-P3__EPIC_beta.txt	10	PATGYH	09	ALL	False
EPIC	TARGET-ALL-P3	TARGET-10-PATBGC-09A	TARGET-10-PATBGC-09A.Ave_Beta	idat_sample_sheet_TARGET-ALL-P3__EPIC_beta.txt	10	PATBGC	09	ALL	False
EPIC	TARGET-ALL-P3	TARGET-20-SJAML003322-09A	TARGET-20-SJAML003322-09A.Ave_Beta	idat_sample_sheet_TARGET-ALL-P3__EPIC_beta.txt	20	SJAML003322	09	AML	False
EPIC	TARGET-ALL-P3	TARGET-20-SJAML045736-09A	TARGET-20-SJAML045736-09A.Ave_Beta	idat_sample_sheet_TARGET-ALL-P3__EPIC_beta.txt	20	SJAML045736	09	AML	False
EPIC	TARGET-ALL-P3	TARGET-10-PAPDCR-09A	TARGET-10-PAPDCR-09A.Ave_Beta	idat_sample_sheet_TARGET-ALL-P3__EPIC_beta.txt	10	PAPDCR	09	ALL	False
EPIC	TARGET-ALL-P3	TARGET-15-SJMPAL012422-09A	TARGET-15-SJMPAL012422-09A.Ave_Beta	idat_sample_sheet_TARGET-ALL-P3__EPIC_beta.txt	15	SJMPAL012422	09	MPAL	False
EPIC	TARGET-ALL-P3	TARGET-20-SJAML045735-09A	TARGET-20-SJAML045735-09A.Ave_Beta	idat_sample_sheet_TARGET-ALL-P3__EPIC_beta.txt	20	SJAML045735	09	AML	False
EPIC	TARGET-ALL-P3	TARGET-15-SJMPAL040037-09A	TARGET-15-SJMPAL040037-09A.Ave_Beta	idat_sample_sheet_TARGET-ALL-P3__EPIC_beta.txt	15	SJMPAL040037	09	MPAL	False
EPIC	TARGET-ALL-P3	TARGET-15-SJMPAL016343-04A.2	TARGET-15-SJMPAL016343-04A.2.Ave_Beta	idat_sample_sheet_TARGET-ALL-P3__EPIC_beta.txt	15	SJMPAL016343	04	MPAL	False
EPIC	TARGET-ALL-P3	TARGET-10-PASJYI-09A	TARGET-10-PASJYI-09A.Ave_Beta	idat_sample_sheet_TARGET-ALL-P3__EPIC_beta.txt	10	PASJYI	09	ALL	False
EPIC	TARGET-ALL-P3	TARGET-15-SJMPAL043771-09A	TARGET-15-SJMPAL043771-09A.Ave_Beta	idat_sample_sheet_TARGET-ALL-P3__EPIC_beta.txt	15	SJMPAL043771	09	MPAL	False
EPIC	TARGET-ALL-P3	TARGET-10-PATGWP-09A	TARGET-10-PATGWP-09A.Ave_Beta	idat_sample_sheet_TARGET-ALL-P3__EPIC_beta.txt	10	PATGWP	09	ALL	False
EPIC	TARGET-ALL-P3	TARGET-10-PARTPW-09A	TARGET-10-PARTPW-09A.Ave_Beta	idat_sample_sheet_TARGET-ALL-P3__EPIC_beta.txt	10	PARTPW	09	ALL	False
EPIC	TARGET-ALL-P3	TARGET-15-SJMPAL012418-09A.2	TARGET-15-SJMPAL012418-09A.2.Ave_Beta	idat_sample_sheet_TARGET-ALL-P3__EPIC_beta.txt	15	SJMPAL012418	09	MPAL	False
EPIC	TARGET-ALL-P3	TARGET-10-PASHUP-09A	TARGET-10-PASHUP-09A.Ave_Beta	idat_sample_sheet_TARGET-ALL-P3__EPIC_beta.txt	10	PASHUP	09	ALL	False
EPIC	TARGET-ALL-P3	TARGET-00-SJNORM016314-17A.2	TARGET-00-SJNORM016314-17A.2.Ave_Beta	idat_sample_sheet_TARGET-ALL-P3__EPIC_beta.txt	00	SJNORM016314	17	Normal/other	True
EPIC	TARGET-ALL-P3	TARGET-15-SJMPAL046472-09A	TARGET-15-SJMPAL046472-09A.Ave_Beta	idat_sample_sheet_TARGET-ALL-P3__EPIC_beta.txt	15	SJMPAL046472	09	MPAL	False
EPIC	TARGET-ALL-P3	TARGET-10-PAPAWY-09A	TARGET-10-PAPAWY-09A.Ave_Beta	idat_sample_sheet_TARGET-ALL-P3__EPIC_beta.txt	10	PAPAWY	09	ALL	False
EPIC	TARGET-ALL-P3	TARGET-10-PATDKH-09A	TARGET-10-PATDKH-09A.Ave_Beta	idat_sample_sheet_TARGET-ALL-P3__EPIC_beta.txt	10	PATDKH	09	ALL	False
EPIC	TARGET-ALL-P3	TARGET-10-PAPIGX-09A	TARGET-10-PAPIGX-09A.Ave_Beta	idat_sample_sheet_TARGET-ALL-P3__EPIC_beta.txt	10	PAPIGX	09	ALL	False
EPIC	TARGET-ALL-P3	TARGET-10-PASJJR-09A	TARGET-10-PASJJR-09A.Ave_Beta	idat_sample_sheet_TARGET-ALL-P3__EPIC_beta.txt	10	PASJJR	09	ALL	False
EPIC	TARGET-ALL-P3	TARGET-15-SJMPAL003414-04A.1	TARGET-15-SJMPAL003414-04A.1.Ave_Beta	idat_sample_sheet_TARGET-ALL-P3__EPIC_beta.txt	15	SJMPAL003414	04	MPAL	False
EPIC	TARGET-ALL-P3	TARGET-15-SJMPAL016344-09A	TARGET-15-SJMPAL016344-09A.Ave_Beta	idat_sample_sheet_TARGET-ALL-P3__EPIC_beta.txt	15	SJMPAL016344	09	MPAL	False
EPIC	TARGET-ALL-P3	TARGET-15-SJMPAL046471-09A.3	TARGET-15-SJMPAL046471-09A.3.Ave_Beta	idat_sample_sheet_TARGET-ALL-P3__EPIC_beta.txt	15	SJMPAL046471	09	MPAL	False
EPIC	TARGET-ALL-P3	TARGET-15-SJMPAL040024-09A.2	TARGET-15-SJMPAL040024-09A.2.Ave_Beta	idat_sample_sheet_TARGET-ALL-P3__EPIC_beta.txt	15	SJMPAL040024	09	MPAL	False
EPIC	TARGET-ALL-P3	TARGET-15-SJMPAL012421-09A	TARGET-15-SJMPAL012421-09A.Ave_Beta	idat_sample_sheet_TARGET-ALL-P3__EPIC_beta.txt	15	SJMPAL012421	09	MPAL	False
EPIC	TARGET-ALL-P3	TARGET-10-PAPEWV-09A	TARGET-10-PAPEWV-09A.Ave_Beta	idat_sample_sheet_TARGET-ALL-P3__EPIC_beta.txt	10	PAPEWV	09	ALL	False
EPIC	TARGET-ALL-P3	TARGET-20-SJAML007112-09A	TARGET-20-SJAML007112-09A.Ave_Beta	idat_sample_sheet_TARGET-ALL-P3__EPIC_beta.txt	20	SJAML007112	09	AML	False
EPIC	TARGET-ALL-P3	TARGET-15-SJMPAL012420-09A.1	TARGET-15-SJMPAL012420-09A.1.Ave_Beta	idat_sample_sheet_TARGET-ALL-P3__EPIC_beta.txt	15	SJMPAL012420	09	MPAL	False
EPIC	TARGET-ALL-P3	TARGET-00-SJNORM018231-17A.4	TARGET-00-SJNORM018231-17A.4.Ave_Beta	idat_sample_sheet_TARGET-ALL-P3__EPIC_beta.txt	00	SJNORM018231	17	Normal/other	True
EPIC	TARGET-ALL-P3	TARGET-10-SJBALL004182-09A.3	TARGET-10-SJBALL004182-09A.3.Ave_Beta	idat_sample_sheet_TARGET-ALL-P3__EPIC_beta.txt	10	SJBALL004182	09	ALL	False
EPIC	TARGET-ALL-P3	TARGET-15-SJMPAL040037-09A.2	TARGET-15-SJMPAL040037-09A.2.Ave_Beta	idat_sample_sheet_TARGET-ALL-P3__EPIC_beta.txt	15	SJMPAL040037	09	MPAL	False
EPIC	TARGET-ALL-P3	TARGET-10-PANKMB-09A	TARGET-10-PANKMB-09A.Ave_Beta	idat_sample_sheet_TARGET-ALL-P3__EPIC_beta.txt	10	PANKMB	09	ALL	False
EPIC	TARGET-ALL-P3	TARGET-10-PASIIY-09A	TARGET-10-PASIIY-09A.Ave_Beta	idat_sample_sheet_TARGET-ALL-P3__EPIC_beta.txt	10	PASIIY	09	ALL	False
EPIC	TARGET-ALL-P3	TARGET-00-SJNORM054698-14A.3	TARGET-00-SJNORM054698-14A.3.Ave_Beta	idat_sample_sheet_TARGET-ALL-P3__EPIC_beta.txt	00	SJNORM054698	14	Normal/other	True
EPIC	TARGET-ALL-P3	TARGET-00-SJNORM016314-17A.1	TARGET-00-SJNORM016314-17A.1.Ave_Beta	idat_sample_sheet_TARGET-ALL-P3__EPIC_beta.txt	00	SJNORM016314	17	Normal/other	True
EPIC	TARGET-ALL-P3	TARGET-20-SJAML045741-09A	TARGET-20-SJAML045741-09A.Ave_Beta	idat_sample_sheet_TARGET-ALL-P3__EPIC_beta.txt	20	SJAML045741	09	AML	False
EPIC	TARGET-ALL-P3	TARGET-15-SJMPAL042793-09A.1	TARGET-15-SJMPAL042793-09A.1.Ave_Beta	idat_sample_sheet_TARGET-ALL-P3__EPIC_beta.txt	15	SJMPAL042793	09	MPAL	False
EPIC	TARGET-ALL-P3	TARGET-00-SJNORM054698-14A.2	TARGET-00-SJNORM054698-14A.2.Ave_Beta	idat_sample_sheet_TARGET-ALL-P3__EPIC_beta.txt	00	SJNORM054698	14	Normal/other	True
EPIC	TARGET-ALL-P3	TARGET-20-SJAML045734-09A	TARGET-20-SJAML045734-09A.Ave_Beta	idat_sample_sheet_TARGET-ALL-P3__EPIC_beta.txt	20	SJAML045734	09	AML	False
EPIC	TARGET-ALL-P3	TARGET-10-PATHBG-09A	TARGET-10-PATHBG-09A.Ave_Beta	idat_sample_sheet_TARGET-ALL-P3__EPIC_beta.txt	10	PATHBG	09	ALL	False
EPIC	TARGET-ALL-P3	TARGET-15-SJMPAL016342-09A	TARGET-15-SJMPAL016342-09A.Ave_Beta	idat_sample_sheet_TARGET-ALL-P3__EPIC_beta.txt	15	SJMPAL016342	09	MPAL	False
EPIC	TARGET-ALL-P3	TARGET-15-SJMPAL046470-09A	TARGET-15-SJMPAL046470-09A.Ave_Beta	idat_sample_sheet_TARGET-ALL-P3__EPIC_beta.txt	15	SJMPAL046470	09	MPAL	False
EPIC	TARGET-ALL-P3	TARGET-10-PATXKD-09A	TARGET-10-PATXKD-09A.Ave_Beta	idat_sample_sheet_TARGET-ALL-P3__EPIC_beta.txt	10	PATXKD	09	ALL	False
EPIC	TARGET-ALL-P3	TARGET-10-PATGBY-09A	TARGET-10-PATGBY-09A.Ave_Beta	idat_sample_sheet_TARGET-ALL-P3__EPIC_beta.txt	10	PATGBY	09	ALL	False
EPIC	TARGET-ALL-P3	TARGET-15-SJMPAL040037-09A.1	TARGET-15-SJMPAL040037-09A.1.Ave_Beta	idat_sample_sheet_TARGET-ALL-P3__EPIC_beta.txt	15	SJMPAL040037	09	MPAL	False
EPIC	TARGET-ALL-P3	TARGET-10-PASWFN-09A	TARGET-10-PASWFN-09A.Ave_Beta	idat_sample_sheet_TARGET-ALL-P3__EPIC_beta.txt	10	PASWFN	09	ALL	False
EPIC	TARGET-ALL-P3	TARGET-20-SJAML007113-09A	TARGET-20-SJAML007113-09A.Ave_Beta	idat_sample_sheet_TARGET-ALL-P3__EPIC_beta.txt	20	SJAML007113	09	AML	False
EPIC	TARGET-ALL-P3	TARGET-20-SJAML045740-09A	TARGET-20-SJAML045740-09A.Ave_Beta	idat_sample_sheet_TARGET-ALL-P3__EPIC_beta.txt	20	SJAML045740	09	AML	False
EPIC	TARGET-ALL-P3	TARGET-15-SJMPAL040024-09A.3	TARGET-15-SJMPAL040024-09A.3.Ave_Beta	idat_sample_sheet_TARGET-ALL-P3__EPIC_beta.txt	15	SJMPAL040024	09	MPAL	False
EPIC	TARGET-ALL-P3	TARGET-10-PASFLK-09A	TARGET-10-PASFLK-09A.Ave_Beta	idat_sample_sheet_TARGET-ALL-P3__EPIC_beta.txt	10	PASFLK	09	ALL	False
EPIC	TARGET-ALL-P3	TARGET-20-SJAML003320-09A	TARGET-20-SJAML003320-09A.Ave_Beta	idat_sample_sheet_TARGET-ALL-P3__EPIC_beta.txt	20	SJAML003320	09	AML	False
EPIC	TARGET-ALL-P3	TARGET-10-PARXLS-09A	TARGET-10-PARXLS-09A.Ave_Beta	idat_sample_sheet_TARGET-ALL-P3__EPIC_beta.txt	10	PARXLS	09	ALL	False
EPIC	TARGET-ALL-P3	TARGET-15-SJMPAL012420-09A.2	TARGET-15-SJMPAL012420-09A.2.Ave_Beta	idat_sample_sheet_TARGET-ALL-P3__EPIC_beta.txt	15	SJMPAL012420	09	MPAL	False
EPIC	TARGET-ALL-P3	TARGET-15-SJMPAL016108-09A	TARGET-15-SJMPAL016108-09A.Ave_Beta	idat_sample_sheet_TARGET-ALL-P3__EPIC_beta.txt	15	SJMPAL016108	09	MPAL	False
EPIC	TARGET-ALL-P3	TARGET-10-PATRGV-09A	TARGET-10-PATRGV-09A.Ave_Beta	idat_sample_sheet_TARGET-ALL-P3__EPIC_beta.txt	10	PATRGV	09	ALL	False
EPIC	TARGET-ALL-P3	TARGET-00-SJNORM018231-17A.1	TARGET-00-SJNORM018231-17A.1.Ave_Beta	idat_sample_sheet_TARGET-ALL-P3__EPIC_beta.txt	00	SJNORM018231	17	Normal/other	True
EPIC	TARGET-ALL-P3	TARGET-15-SJMPAL046471-09A.2	TARGET-15-SJMPAL046471-09A.2.Ave_Beta	idat_sample_sheet_TARGET-ALL-P3__EPIC_beta.txt	15	SJMPAL046471	09	MPAL	False
EPIC	TARGET-ALL-P3	TARGET-10-PARSET-09A	TARGET-10-PARSET-09A.Ave_Beta	idat_sample_sheet_TARGET-ALL-P3__EPIC_beta.txt	10	PARSET	09	ALL	False
EPIC	TARGET-ALL-P3	TARGET-15-SJMPAL012425-09A.3	TARGET-15-SJMPAL012425-09A.3.Ave_Beta	idat_sample_sheet_TARGET-ALL-P3__EPIC_beta.txt	15	SJMPAL012425	09	MPAL	False
EPIC	TARGET-ALL-P3	TARGET-10-PANYXC-09A	TARGET-10-PANYXC-09A.Ave_Beta	idat_sample_sheet_TARGET-ALL-P3__EPIC_beta.txt	10	PANYXC	09	ALL	False
EPIC	TARGET-ALL-P3	TARGET-00-SJNORM016096-14A.3	TARGET-00-SJNORM016096-14A.3.Ave_Beta	idat_sample_sheet_TARGET-ALL-P3__EPIC_beta.txt	00	SJNORM016096	14	Normal/other	True
EPIC	TARGET-ALL-P3	TARGET-15-SJMPAL042793-09A.3	TARGET-15-SJMPAL042793-09A.3.Ave_Beta	idat_sample_sheet_TARGET-ALL-P3__EPIC_beta.txt	15	SJMPAL042793	09	MPAL	False
EPIC	TARGET-ALL-P3	TARGET-10-PASRMM-09A	TARGET-10-PASRMM-09A.Ave_Beta	idat_sample_sheet_TARGET-ALL-P3__EPIC_beta.txt	10	PASRMM	09	ALL	False
EPIC	TARGET-ALL-P3	TARGET-15-SJMPAL016340-09A	TARGET-15-SJMPAL016340-09A.Ave_Beta	idat_sample_sheet_TARGET-ALL-P3__EPIC_beta.txt	15	SJMPAL016340	09	MPAL	False
EPIC	TARGET-ALL-P3	TARGET-15-SJMPAL046466-09A	TARGET-15-SJMPAL046466-09A.Ave_Beta	idat_sample_sheet_TARGET-ALL-P3__EPIC_beta.txt	15	SJMPAL046466	09	MPAL	False
EPIC	TARGET-ALL-P3	TARGET-10-PARAMR-09A	TARGET-10-PARAMR-09A.Ave_Beta	idat_sample_sheet_TARGET-ALL-P3__EPIC_beta.txt	10	PARAMR	09	ALL	False
EPIC	TARGET-ALL-P3	TARGET-15-SJMPAL016447-09A.2	TARGET-15-SJMPAL016447-09A.2.Ave_Beta	idat_sample_sheet_TARGET-ALL-P3__EPIC_beta.txt	15	SJMPAL016447	09	MPAL	False
EPIC	TARGET-ALL-P3	TARGET-20-SJAML040268-09A	TARGET-20-SJAML040268-09A.Ave_Beta	idat_sample_sheet_TARGET-ALL-P3__EPIC_beta.txt	20	SJAML040268	09	AML	False
EPIC	TARGET-ALL-P3	TARGET-15-SJMPAL012417-09A	TARGET-15-SJMPAL012417-09A.Ave_Beta	idat_sample_sheet_TARGET-ALL-P3__EPIC_beta.txt	15	SJMPAL012417	09	MPAL	False
EPIC	TARGET-ALL-P3	TARGET-10-PARMGY-09A	TARGET-10-PARMGY-09A.Ave_Beta	idat_sample_sheet_TARGET-ALL-P3__EPIC_beta.txt	10	PARMGY	09	ALL	False
EPIC	TARGET-ALL-P3	TARGET-15-SJMPAL012424-03A.2	TARGET-15-SJMPAL012424-03A.2.Ave_Beta	idat_sample_sheet_TARGET-ALL-P3__EPIC_beta.txt	15	SJMPAL012424	03	MPAL	False
EPIC	TARGET-ALL-P3	TARGET-10-PASHNK-09A	TARGET-10-PASHNK-09A.Ave_Beta	idat_sample_sheet_TARGET-ALL-P3__EPIC_beta.txt	10	PASHNK	09	ALL	False
EPIC	TARGET-ALL-P3	TARGET-15-SJMPAL012425-09A.1	TARGET-15-SJMPAL012425-09A.1.Ave_Beta	idat_sample_sheet_TARGET-ALL-P3__EPIC_beta.txt	15	SJMPAL012425	09	MPAL	False
EPIC	TARGET-ALL-P3	TARGET-15-SJMPAL046470-09A.1	TARGET-15-SJMPAL046470-09A.1.Ave_Beta	idat_sample_sheet_TARGET-ALL-P3__EPIC_beta.txt	15	SJMPAL046470	09	MPAL	False
EPIC	TARGET-ALL-P3	TARGET-15-SJMPAL016447-09A.1	TARGET-15-SJMPAL016447-09A.1.Ave_Beta	idat_sample_sheet_TARGET-ALL-P3__EPIC_beta.txt	15	SJMPAL016447	09	MPAL	False
EPIC	TARGET-ALL-P3	TARGET-10-PAPIGH-09A	TARGET-10-PAPIGH-09A.Ave_Beta	idat_sample_sheet_TARGET-ALL-P3__EPIC_beta.txt	10	PAPIGH	09	ALL	False
EPIC	TARGET-ALL-P3	TARGET-10-PANRIM-03A	TARGET-10-PANRIM-03A.Ave_Beta	idat_sample_sheet_TARGET-ALL-P3__EPIC_beta.txt	10	PANRIM	03	ALL	False
EPIC	TARGET-ALL-P3	TARGET-15-SJMPAL042793-09A.2	TARGET-15-SJMPAL042793-09A.2.Ave_Beta	idat_sample_sheet_TARGET-ALL-P3__EPIC_beta.txt	15	SJMPAL042793	09	MPAL	False
EPIC	TARGET-ALL-P3	TARGET-10-SJBALL014146-09A	TARGET-10-SJBALL014146-09A.Ave_Beta	idat_sample_sheet_TARGET-ALL-P3__EPIC_beta.txt	10	SJBALL014146	09	ALL	False
EPIC	TARGET-ALL-P3	TARGET-10-PANJRD-09A	TARGET-10-PANJRD-09A.Ave_Beta	idat_sample_sheet_TARGET-ALL-P3__EPIC_beta.txt	10	PANJRD	09	ALL	False
EPIC	TARGET-ALL-P3	TARGET-00-SJNORM016096-14A.2	TARGET-00-SJNORM016096-14A.2.Ave_Beta	idat_sample_sheet_TARGET-ALL-P3__EPIC_beta.txt	00	SJNORM016096	14	Normal/other	True
EPIC	TARGET-ALL-P3	TARGET-15-SJMPAL040037-09A.3	TARGET-15-SJMPAL040037-09A.3.Ave_Beta	idat_sample_sheet_TARGET-ALL-P3__EPIC_beta.txt	15	SJMPAL040037	09	MPAL	False
EPIC	TARGET-ALL-P3	TARGET-15-PARWPU-09A	TARGET-15-PARWPU-09A.Ave_Beta	idat_sample_sheet_TARGET-ALL-P3__EPIC_beta.txt	15	PARWPU	09	MPAL	False
EPIC	TARGET-ALL-P3	TARGET-00-SJNORM016314-17A.5	TARGET-00-SJNORM016314-17A.5.Ave_Beta	idat_sample_sheet_TARGET-ALL-P3__EPIC_beta.txt	00	SJNORM016314	17	Normal/other	True
EPIC	TARGET-ALL-P3	TARGET-10-PASZEW-09A	TARGET-10-PASZEW-09A.Ave_Beta	idat_sample_sheet_TARGET-ALL-P3__EPIC_beta.txt	10	PASZEW	09	ALL	False
EPIC	TARGET-ALL-P3	TARGET-15-SJMPAL016448-09A	TARGET-15-SJMPAL016448-09A.Ave_Beta	idat_sample_sheet_TARGET-ALL-P3__EPIC_beta.txt	15	SJMPAL016448	09	MPAL	False
EPIC	TARGET-ALL-P3	TARGET-10-SJBALL004182-09A.2	TARGET-10-SJBALL004182-09A.2.Ave_Beta	idat_sample_sheet_TARGET-ALL-P3__EPIC_beta.txt	10	SJBALL004182	09	ALL	False
EPIC	TARGET-ALL-P3	TARGET-10-PAPGPJ-09A	TARGET-10-PAPGPJ-09A.Ave_Beta	idat_sample_sheet_TARGET-ALL-P3__EPIC_beta.txt	10	PAPGPJ	09	ALL	False
EPIC	TARGET-ALL-P3	TARGET-10-PATCNI-09A	TARGET-10-PATCNI-09A.Ave_Beta	idat_sample_sheet_TARGET-ALL-P3__EPIC_beta.txt	10	PATCNI	09	ALL	False
EPIC	TARGET-ALL-P3	TARGET-15-SJMPAL046471-09A	TARGET-15-SJMPAL046471-09A.Ave_Beta	idat_sample_sheet_TARGET-ALL-P3__EPIC_beta.txt	15	SJMPAL046471	09	MPAL	False
EPIC	TARGET-ALL-P3	TARGET-10-SJBALL021816-09A	TARGET-10-SJBALL021816-09A.Ave_Beta	idat_sample_sheet_TARGET-ALL-P3__EPIC_beta.txt	10	SJBALL021816	09	ALL	False
EPIC	TARGET-ALL-P3	TARGET-15-SJMPAL016343-09A	TARGET-15-SJMPAL016343-09A.Ave_Beta	idat_sample_sheet_TARGET-ALL-P3__EPIC_beta.txt	15	SJMPAL016343	09	MPAL	False
EPIC	TARGET-ALL-P3	TARGET-15-SJMPAL046470-09A.2	TARGET-15-SJMPAL046470-09A.2.Ave_Beta	idat_sample_sheet_TARGET-ALL-P3__EPIC_beta.txt	15	SJMPAL046470	09	MPAL	False
EPIC	TARGET-ALL-P3	TARGET-00-SJNORM016314-17A.4	TARGET-00-SJNORM016314-17A.4.Ave_Beta	idat_sample_sheet_TARGET-ALL-P3__EPIC_beta.txt	00	SJNORM016314	17	Normal/other	True
EPIC	TARGET-ALL-P3	TARGET-00-SJNORM018231-17A.2	TARGET-00-SJNORM018231-17A.2.Ave_Beta	idat_sample_sheet_TARGET-ALL-P3__EPIC_beta.txt	00	SJNORM018231	17	Normal/other	True
EPIC	TARGET-ALL-P3	TARGET-10-PARPYJ-09A	TARGET-10-PARPYJ-09A.Ave_Beta	idat_sample_sheet_TARGET-ALL-P3__EPIC_beta.txt	10	PARPYJ	09	ALL	False
EPIC	TARGET-ALL-P3	TARGET-20-SJAML045738-09A	TARGET-20-SJAML045738-09A.Ave_Beta	idat_sample_sheet_TARGET-ALL-P3__EPIC_beta.txt	20	SJAML045738	09	AML	False
EPIC	TARGET-ALL-P3	TARGET-10-PAPHGD-09A	TARGET-10-PAPHGD-09A.Ave_Beta	idat_sample_sheet_TARGET-ALL-P3__EPIC_beta.txt	10	PAPHGD	09	ALL	False
EPIC	TARGET-ALL-P3	TARGET-15-SJMPAL012424-03A.1	TARGET-15-SJMPAL012424-03A.1.Ave_Beta	idat_sample_sheet_TARGET-ALL-P3__EPIC_beta.txt	15	SJMPAL012424	03	MPAL	False
EPIC	TARGET-ALL-P3	TARGET-15-SJMPAL046467-09A	TARGET-15-SJMPAL046467-09A.Ave_Beta	idat_sample_sheet_TARGET-ALL-P3__EPIC_beta.txt	15	SJMPAL046467	09	MPAL	False
EPIC	TARGET-ALL-P3	TARGET-15-SJMPAL012418-09A.1	TARGET-15-SJMPAL012418-09A.1.Ave_Beta	idat_sample_sheet_TARGET-ALL-P3__EPIC_beta.txt	15	SJMPAL012418	09	MPAL	False
EPIC	TARGET-ALL-P3	TARGET-00-SJNORM054698-14A.1	TARGET-00-SJNORM054698-14A.1.Ave_Beta	idat_sample_sheet_TARGET-ALL-P3__EPIC_beta.txt	00	SJNORM054698	14	Normal/other	True
EPIC	TARGET-ALL-P3	TARGET-15-SJMPAL040037-09A.4	TARGET-15-SJMPAL040037-09A.4.Ave_Beta	idat_sample_sheet_TARGET-ALL-P3__EPIC_beta.txt	15	SJMPAL040037	09	MPAL	False
EPIC	TARGET-ALL-P3	TARGET-20-SJAML045742-09A	TARGET-20-SJAML045742-09A.Ave_Beta	idat_sample_sheet_TARGET-ALL-P3__EPIC_beta.txt	20	SJAML045742	09	AML	False
EPIC	TARGET-ALL-P3	TARGET-10-PATKVD-09A	TARGET-10-PATKVD-09A.Ave_Beta	idat_sample_sheet_TARGET-ALL-P3__EPIC_beta.txt	10	PATKVD	09	ALL	False
EPIC	TARGET-ALL-P3	TARGET-00-SJNORM016314-17A.3	TARGET-00-SJNORM016314-17A.3.Ave_Beta	idat_sample_sheet_TARGET-ALL-P3__EPIC_beta.txt	00	SJNORM016314	17	Normal/other	True
EPIC	TARGET-ALL-P3	TARGET-15-SJMPAL040024-09A.1	TARGET-15-SJMPAL040024-09A.1.Ave_Beta	idat_sample_sheet_TARGET-ALL-P3__EPIC_beta.txt	15	SJMPAL040024	09	MPAL	False
EPIC	TARGET-ALL-P3	TARGET-10-SJALL040058-09A	TARGET-10-SJALL040058-09A.Ave_Beta	idat_sample_sheet_TARGET-ALL-P3__EPIC_beta.txt	10	SJALL040058	09	ALL	False
EPIC	TARGET-ALL-P3	TARGET-10-PASNTZ-09A	TARGET-10-PASNTZ-09A.Ave_Beta	idat_sample_sheet_TARGET-ALL-P3__EPIC_beta.txt	10	PASNTZ	09	ALL	False
EPIC	TARGET-ALL-P3	TARGET-00-SJNORM016096-14A.1	TARGET-00-SJNORM016096-14A.1.Ave_Beta	idat_sample_sheet_TARGET-ALL-P3__EPIC_beta.txt	00	SJNORM016096	14	Normal/other	True
EPIC	TARGET-ALL-P3	TARGET-10-PARXMV-03A	TARGET-10-PARXMV-03A.Ave_Beta	idat_sample_sheet_TARGET-ALL-P3__EPIC_beta.txt	10	PARXMV	03	ALL	False
EPIC	TARGET-ALL-P3	TARGET-10-PASRCV-09A	TARGET-10-PASRCV-09A.Ave_Beta	idat_sample_sheet_TARGET-ALL-P3__EPIC_beta.txt	10	PASRCV	09	ALL	False
EPIC	TARGET-ALL-P3	TARGET-15-SJMPAL016343-04A.1	TARGET-15-SJMPAL016343-04A.1.Ave_Beta	idat_sample_sheet_TARGET-ALL-P3__EPIC_beta.txt	15	SJMPAL016343	04	MPAL	False
EPIC	TARGET-ALL-P3	TARGET-10-SJBALL004182-09A.1	TARGET-10-SJBALL004182-09A.1.Ave_Beta	idat_sample_sheet_TARGET-ALL-P3__EPIC_beta.txt	10	SJBALL004182	09	ALL	False
EPIC	TARGET-ALL-P3	TARGET-10-PARUEU-09A	TARGET-10-PARUEU-09A.Ave_Beta	idat_sample_sheet_TARGET-ALL-P3__EPIC_beta.txt	10	PARUEU	09	ALL	False
EPIC	TARGET-ALL-P3	TARGET-10-PATALJ-09A	TARGET-10-PATALJ-09A.Ave_Beta	idat_sample_sheet_TARGET-ALL-P3__EPIC_beta.txt	10	PATALJ	09	ALL	False
EPIC	TARGET-ALL-P3	TARGET-10-PAPEZX-09A	TARGET-10-PAPEZX-09A.Ave_Beta	idat_sample_sheet_TARGET-ALL-P3__EPIC_beta.txt	10	PAPEZX	09	ALL	False
EPIC	TARGET-ALL-P3	TARGET-15-SJMPAL012418-09A.3	TARGET-15-SJMPAL012418-09A.3.Ave_Beta	idat_sample_sheet_TARGET-ALL-P3__EPIC_beta.txt	15	SJMPAL012418	09	MPAL	False
EPIC	TARGET-ALL-P3	TARGET-10-PASZJW-03A	TARGET-10-PASZJW-03A.Ave_Beta	idat_sample_sheet_TARGET-ALL-P3__EPIC_beta.txt	10	PASZJW	03	ALL	False
EPIC	TARGET-ALL-P3	TARGET-15-SJMPAL012419-09A.1	TARGET-15-SJMPAL012419-09A.1.Ave_Beta	idat_sample_sheet_TARGET-ALL-P3__EPIC_beta.txt	15	SJMPAL012419	09	MPAL	False
EPIC	TARGET-ALL-P3	TARGET-20-SJAML045737-09A	TARGET-20-SJAML045737-09A.Ave_Beta	idat_sample_sheet_TARGET-ALL-P3__EPIC_beta.txt	20	SJAML045737	09	AML	False
EPIC	TARGET-ALL-P3	TARGET-15-SJMPAL016447-09A.3	TARGET-15-SJMPAL016447-09A.3.Ave_Beta	idat_sample_sheet_TARGET-ALL-P3__EPIC_beta.txt	15	SJMPAL016447	09	MPAL	False
EPIC	TARGET-ALL-P3	TARGET-10-PARTBP-09A	TARGET-10-PARTBP-09A.Ave_Beta	idat_sample_sheet_TARGET-ALL-P3__EPIC_beta.txt	10	PARTBP	09	ALL	False
EPIC	TARGET-ALL-P3	TARGET-15-SJMPAL012425-09A.2	TARGET-15-SJMPAL012425-09A.2.Ave_Beta	idat_sample_sheet_TARGET-ALL-P3__EPIC_beta.txt	15	SJMPAL012425	09	MPAL	False
EPIC	TARGET-ALL-P3	TARGET-10-SJBALL004182-09A	TARGET-10-SJBALL004182-09A.Ave_Beta	idat_sample_sheet_TARGET-ALL-P3__EPIC_beta.txt	10	SJBALL004182	09	ALL	False
EPIC	TARGET-ALL-P3	TARGET-10-PAPAJU-09A	TARGET-10-PAPAJU-09A.Ave_Beta	idat_sample_sheet_TARGET-ALL-P3__EPIC_beta.txt	10	PAPAJU	09	ALL	False
EPIC	TARGET-ALL-P3	TARGET-15-SJMPAL046471-09A.1	TARGET-15-SJMPAL046471-09A.1.Ave_Beta	idat_sample_sheet_TARGET-ALL-P3__EPIC_beta.txt	15	SJMPAL046471	09	MPAL	False
EPIC	TARGET-ALL-P3	TARGET-10-PASJLN-09A	TARGET-10-PASJLN-09A.Ave_Beta	idat_sample_sheet_TARGET-ALL-P3__EPIC_beta.txt	10	PASJLN	09	ALL	False
EPIC	TARGET-ALL-P3	TARGET-10-PANWPI-09A	TARGET-10-PANWPI-09A.Ave_Beta	idat_sample_sheet_TARGET-ALL-P3__EPIC_beta.txt	10	PANWPI	09	ALL	False
EPIC	TARGET-ALL-P3	TARGET-00-SJNORM018231-17A.3	TARGET-00-SJNORM018231-17A.3.Ave_Beta	idat_sample_sheet_TARGET-ALL-P3__EPIC_beta.txt	00	SJNORM018231	17	Normal/other	True
EPIC	TARGET-ALL-P3	TARGET-10-PAPDAU-09A	TARGET-10-PAPDAU-09A.Ave_Beta	idat_sample_sheet_TARGET-ALL-P3__EPIC_beta.txt	10	PAPDAU	09	ALL	False
EPIC	TARGET-ALL-P3	TARGET-10-SJBALL014594-03A	TARGET-10-SJBALL014594-03A.Ave_Beta	idat_sample_sheet_TARGET-ALL-P3__EPIC_beta.txt	10	SJBALL014594	03	ALL	False
EPIC	TARGET-ALL-P3	TARGET-10-PATFWF-09A	TARGET-10-PATFWF-09A.Ave_Beta	idat_sample_sheet_TARGET-ALL-P3__EPIC_beta.txt	10	PATFWF	09	ALL	False
450K	TARGET-AML	TARGET-20-PASCGR-10A	TARGET-20-PASCGR-10A.Ave_Beta	idat_sample_sheet_TARGET-AML__450k_beta.txt	20	PASCGR	10	AML	True
450K	TARGET-AML	TARGET-20-PASJGZ-04A	TARGET-20-PASJGZ-04A.Ave_Beta	idat_sample_sheet_TARGET-AML__450k_beta.txt	20	PASJGZ	04	AML	False
450K	TARGET-AML	TARGET-20-PADZCG-09A	TARGET-20-PADZCG-09A.Ave_Beta	idat_sample_sheet_TARGET-AML__450k_beta.txt	20	PADZCG	09	AML	False
450K	TARGET-AML	TARGET-21-PARNAW-15A	TARGET-21-PARNAW-15A.Ave_Beta	idat_sample_sheet_TARGET-AML__450k_beta.txt	21	PARNAW	15	AML	True
450K	TARGET-AML	TARGET-20-PARNZW-14A	TARGET-20-PARNZW-14A.Ave_Beta	idat_sample_sheet_TARGET-AML__450k_beta.txt	20	PARNZW	14	AML	True
450K	TARGET-AML	TARGET-20-PARFIW-14A	TARGET-20-PARFIW-14A.Ave_Beta	idat_sample_sheet_TARGET-AML__450k_beta.txt	20	PARFIW	14	AML	True
450K	TARGET-AML	TARGET-20-PANLLX-14A	TARGET-20-PANLLX-14A.Ave_Beta	idat_sample_sheet_TARGET-AML__450k_beta.txt	20	PANLLX	14	AML	True
450K	TARGET-AML	TARGET-20-PABLDZ-09A	TARGET-20-PABLDZ-09A.Ave_Beta	idat_sample_sheet_TARGET-AML__450k_beta.txt	20	PABLDZ	09	AML	False
450K	TARGET-AML	TARGET-20-PARDMG-10A	TARGET-20-PARDMG-10A.Ave_Beta	idat_sample_sheet_TARGET-AML__450k_beta.txt	20	PARDMG	10	AML	True
450K	TARGET-AML	TARGET-20-PANTWV-04A	TARGET-20-PANTWV-04A.Ave_Beta	idat_sample_sheet_TARGET-AML__450k_beta.txt	20	PANTWV	04	AML	False
450K	TARGET-AML	TARGET-21-PARZIA-14A	TARGET-21-PARZIA-14A.Ave_Beta	idat_sample_sheet_TARGET-AML__450k_beta.txt	21	PARZIA	14	AML	True
450K	TARGET-AML	TARGET-20-PAKERZ-14A	TARGET-20-PAKERZ-14A.Ave_Beta	idat_sample_sheet_TARGET-AML__450k_beta.txt	20	PAKERZ	14	AML	True
450K	TARGET-AML	TARGET-20-PASIEP-09A	TARGET-20-PASIEP-09A.Ave_Beta	idat_sample_sheet_TARGET-AML__450k_beta.txt	20	PASIEP	09	AML	False
450K	TARGET-AML	TARGET-21-PATKKJ-15A	TARGET-21-PATKKJ-15A.Ave_Beta	idat_sample_sheet_TARGET-AML__450k_beta.txt	21	PATKKJ	15	AML	True
450K	TARGET-AML	TARGET-20-PASCFW-14A	TARGET-20-PASCFW-14A.Ave_Beta	idat_sample_sheet_TARGET-AML__450k_beta.txt	20	PASCFW	14	AML	True
450K	TARGET-AML	TARGET-20-PARIMT-14A	TARGET-20-PARIMT-14A.Ave_Beta	idat_sample_sheet_TARGET-AML__450k_beta.txt	20	PARIMT	14	AML	True
450K	TARGET-AML	TARGET-20-PANLIR-09A	TARGET-20-PANLIR-09A.Ave_Beta	idat_sample_sheet_TARGET-AML__450k_beta.txt	20	PANLIR	09	AML	False
450K	TARGET-AML	TARGET-20-PARBTC-14A	TARGET-20-PARBTC-14A.Ave_Beta	idat_sample_sheet_TARGET-AML__450k_beta.txt	20	PARBTC	14	AML	True
450K	TARGET-AML	TARGET-21-PARLSL-09A	TARGET-21-PARLSL-09A.Ave_Beta	idat_sample_sheet_TARGET-AML__450k_beta.txt	21	PARLSL	09	AML	False
450K	TARGET-AML	TARGET-20-PANLIR-14A	TARGET-20-PANLIR-14A.Ave_Beta	idat_sample_sheet_TARGET-AML__450k_beta.txt	20	PANLIR	14	AML	True
450K	TARGET-AML	TARGET-21-PASYEJ-14A	TARGET-21-PASYEJ-14A.Ave_Beta	idat_sample_sheet_TARGET-AML__450k_beta.txt	21	PASYEJ	14	AML	True
450K	TARGET-AML	TARGET-21-PASIGA-14A	TARGET-21-PASIGA-14A.Ave_Beta	idat_sample_sheet_TARGET-AML__450k_beta.txt	21	PASIGA	14	AML	True
450K	TARGET-AML	TARGET-21-PASTZK-14A	TARGET-21-PASTZK-14A.Ave_Beta	idat_sample_sheet_TARGET-AML__450k_beta.txt	21	PASTZK	14	AML	True
450K	TARGET-AML	TARGET-20-PASCFW-09A	TARGET-20-PASCFW-09A.Ave_Beta	idat_sample_sheet_TARGET-AML__450k_beta.txt	20	PASCFW	09	AML	False
450K	TARGET-AML	TARGET-20-PAKSMZ-03A	TARGET-20-PAKSMZ-03A.Ave_Beta	idat_sample_sheet_TARGET-AML__450k_beta.txt	20	PAKSMZ	03	AML	False
450K	TARGET-AML	TARGET-21-PATKKJ-14A	TARGET-21-PATKKJ-14A.Ave_Beta	idat_sample_sheet_TARGET-AML__450k_beta.txt	21	PATKKJ	14	AML	True
450K	TARGET-AML	TARGET-20-PARSHM-14A	TARGET-20-PARSHM-14A.Ave_Beta	idat_sample_sheet_TARGET-AML__450k_beta.txt	20	PARSHM	14	AML	True
450K	TARGET-AML	TARGET-21-PAMYMA-14A	TARGET-21-PAMYMA-14A.Ave_Beta	idat_sample_sheet_TARGET-AML__450k_beta.txt	21	PAMYMA	14	AML	True
450K	TARGET-AML	TARGET-20-PANLXM-14A	TARGET-20-PANLXM-14A.Ave_Beta	idat_sample_sheet_TARGET-AML__450k_beta.txt	20	PANLXM	14	AML	True
450K	TARGET-AML	TARGET-20-PANDER-09A	TARGET-20-PANDER-09A.Ave_Beta	idat_sample_sheet_TARGET-AML__450k_beta.txt	20	PANDER	09	AML	False
450K	TARGET-AML	TARGET-20-PASJGZ-03A	TARGET-20-PASJGZ-03A.Ave_Beta	idat_sample_sheet_TARGET-AML__450k_beta.txt	20	PASJGZ	03	AML	False
450K	TARGET-AML	TARGET-20-PATKJB-09A	TARGET-20-PATKJB-09A.Ave_Beta	idat_sample_sheet_TARGET-AML__450k_beta.txt	20	PATKJB	09	AML	False
450K	TARGET-AML	TARGET-20-PANYNR-04A	TARGET-20-PANYNR-04A.Ave_Beta	idat_sample_sheet_TARGET-AML__450k_beta.txt	20	PANYNR	04	AML	False
450K	TARGET-AML	TARGET-20-PARUDL-03A	TARGET-20-PARUDL-03A.Ave_Beta	idat_sample_sheet_TARGET-AML__450k_beta.txt	20	PARUDL	03	AML	False
450K	TARGET-AML	TARGET-21-PASDKZ-15A	TARGET-21-PASDKZ-15A.Ave_Beta	idat_sample_sheet_TARGET-AML__450k_beta.txt	21	PASDKZ	15	AML	True
450K	TARGET-AML	TARGET-20-PATIAK-09A	TARGET-20-PATIAK-09A.Ave_Beta	idat_sample_sheet_TARGET-AML__450k_beta.txt	20	PATIAK	09	AML	False
450K	TARGET-AML	TARGET-20-PAECCE-04A	TARGET-20-PAECCE-04A.Ave_Beta	idat_sample_sheet_TARGET-AML__450k_beta.txt	20	PAECCE	04	AML	False
450K	TARGET-AML	TARGET-20-PATJHJ-14A	TARGET-20-PATJHJ-14A.Ave_Beta	idat_sample_sheet_TARGET-AML__450k_beta.txt	20	PATJHJ	14	AML	True
450K	TARGET-AML	TARGET-20-PAKSMZ-10A	TARGET-20-PAKSMZ-10A.Ave_Beta	idat_sample_sheet_TARGET-AML__450k_beta.txt	20	PAKSMZ	10	AML	True
450K	TARGET-AML	TARGET-20-PASGMZ-14A	TARGET-20-PASGMZ-14A.Ave_Beta	idat_sample_sheet_TARGET-AML__450k_beta.txt	20	PASGMZ	14	AML	True
450K	TARGET-AML	TARGET-20-PATIAK-14A	TARGET-20-PATIAK-14A.Ave_Beta	idat_sample_sheet_TARGET-AML__450k_beta.txt	20	PATIAK	14	AML	True
450K	TARGET-AML	TARGET-21-PANZLR-15A	TARGET-21-PANZLR-15A.Ave_Beta	idat_sample_sheet_TARGET-AML__450k_beta.txt	21	PANZLR	15	AML	True
450K	TARGET-AML	TARGET-20-PANNHB-04A	TARGET-20-PANNHB-04A.Ave_Beta	idat_sample_sheet_TARGET-AML__450k_beta.txt	20	PANNHB	04	AML	False
450K	TARGET-AML	TARGET-21-PASHMK-14A	TARGET-21-PASHMK-14A.Ave_Beta	idat_sample_sheet_TARGET-AML__450k_beta.txt	21	PASHMK	14	AML	True
450K	TARGET-AML	TARGET-21-PATKKJ-09A	TARGET-21-PATKKJ-09A.Ave_Beta	idat_sample_sheet_TARGET-AML__450k_beta.txt	21	PATKKJ	09	AML	False
450K	TARGET-AML	TARGET-20-PALGKX-04A	TARGET-20-PALGKX-04A.Ave_Beta	idat_sample_sheet_TARGET-AML__450k_beta.txt	20	PALGKX	04	AML	False
450K	TARGET-AML	TARGET-20-PARSAN-14A	TARGET-20-PARSAN-14A.Ave_Beta	idat_sample_sheet_TARGET-AML__450k_beta.txt	20	PARSAN	14	AML	True
450K	TARGET-AML	TARGET-20-PABLDZ-04A	TARGET-20-PABLDZ-04A.Ave_Beta	idat_sample_sheet_TARGET-AML__450k_beta.txt	20	PABLDZ	04	AML	False
450K	TARGET-AML	TARGET-20-PAKIWK-09A	TARGET-20-PAKIWK-09A.Ave_Beta	idat_sample_sheet_TARGET-AML__450k_beta.txt	20	PAKIWK	09	AML	False
450K	TARGET-AML	TARGET-21-PASDXR-14A	TARGET-21-PASDXR-14A.Ave_Beta	idat_sample_sheet_TARGET-AML__450k_beta.txt	21	PASDXR	14	AML	True
450K	TARGET-AML	TARGET-20-PARUBT-09A	TARGET-20-PARUBT-09A.Ave_Beta	idat_sample_sheet_TARGET-AML__450k_beta.txt	20	PARUBT	09	AML	False
450K	TARGET-AML	TARGET-20-PARBIU-09A	TARGET-20-PARBIU-09A.Ave_Beta	idat_sample_sheet_TARGET-AML__450k_beta.txt	20	PARBIU	09	AML	False
450K	TARGET-AML	TARGET-20-PASCGR-04A	TARGET-20-PASCGR-04A.Ave_Beta	idat_sample_sheet_TARGET-AML__450k_beta.txt	20	PASCGR	04	AML	False
450K	TARGET-AML	TARGET-20-PATKJB-14A	TARGET-20-PATKJB-14A.Ave_Beta	idat_sample_sheet_TARGET-AML__450k_beta.txt	20	PATKJB	14	AML	True
450K	TARGET-AML	TARGET-20-PARFXF-09A	TARGET-20-PARFXF-09A.Ave_Beta	idat_sample_sheet_TARGET-AML__450k_beta.txt	20	PARFXF	09	AML	False
450K	TARGET-AML	TARGET-21-PAMYMA-09A	TARGET-21-PAMYMA-09A.Ave_Beta	idat_sample_sheet_TARGET-AML__450k_beta.txt	21	PAMYMA	09	AML	False
450K	TARGET-AML	TARGET-21-PANVPB-09A	TARGET-21-PANVPB-09A.Ave_Beta	idat_sample_sheet_TARGET-AML__450k_beta.txt	21	PANVPB	09	AML	False
450K	TARGET-AML	TARGET-20-PASHHH-09A	TARGET-20-PASHHH-09A.Ave_Beta	idat_sample_sheet_TARGET-AML__450k_beta.txt	20	PASHHH	09	AML	False
450K	TARGET-AML	TARGET-20-PARNZW-09A	TARGET-20-PARNZW-09A.Ave_Beta	idat_sample_sheet_TARGET-AML__450k_beta.txt	20	PARNZW	09	AML	False
450K	TARGET-AML	TARGET-20-PARFXF-14A	TARGET-20-PARFXF-14A.Ave_Beta	idat_sample_sheet_TARGET-AML__450k_beta.txt	20	PARFXF	14	AML	True
450K	TARGET-AML	TARGET-20-PAPBEJ-09A	TARGET-20-PAPBEJ-09A.Ave_Beta	idat_sample_sheet_TARGET-AML__450k_beta.txt	20	PAPBEJ	09	AML	False
450K	TARGET-AML	TARGET-20-PAPVZK-40A	TARGET-20-PAPVZK-40A.Ave_Beta	idat_sample_sheet_TARGET-AML__450k_beta.txt	20	PAPVZK	40	AML	False
450K	TARGET-AML	TARGET-20-PAPXRJ-14A	TARGET-20-PAPXRJ-14A.Ave_Beta	idat_sample_sheet_TARGET-AML__450k_beta.txt	20	PAPXRJ	14	AML	True
450K	TARGET-AML	TARGET-21-PATISD-14A	TARGET-21-PATISD-14A.Ave_Beta	idat_sample_sheet_TARGET-AML__450k_beta.txt	21	PATISD	14	AML	True
450K	TARGET-AML	TARGET-20-PARCEC-14A	TARGET-20-PARCEC-14A.Ave_Beta	idat_sample_sheet_TARGET-AML__450k_beta.txt	20	PARCEC	14	AML	True
450K	TARGET-AML	TARGET-20-PAKERZ-04A	TARGET-20-PAKERZ-04A.Ave_Beta	idat_sample_sheet_TARGET-AML__450k_beta.txt	20	PAKERZ	04	AML	False
450K	TARGET-AML	TARGET-21-PASTZK-09A	TARGET-21-PASTZK-09A.Ave_Beta	idat_sample_sheet_TARGET-AML__450k_beta.txt	21	PASTZK	09	AML	False
450K	TARGET-AML	TARGET-20-PAEIKD-04A	TARGET-20-PAEIKD-04A.Ave_Beta	idat_sample_sheet_TARGET-AML__450k_beta.txt	20	PAEIKD	04	AML	False
450K	TARGET-AML	TARGET-21-PASIGA-09A	TARGET-21-PASIGA-09A.Ave_Beta	idat_sample_sheet_TARGET-AML__450k_beta.txt	21	PASIGA	09	AML	False
450K	TARGET-AML	TARGET-21-PATKBK-03A	TARGET-21-PATKBK-03A.Ave_Beta	idat_sample_sheet_TARGET-AML__450k_beta.txt	21	PATKBK	03	AML	False
450K	TARGET-AML	TARGET-20-PASJTM-09A	TARGET-20-PASJTM-09A.Ave_Beta	idat_sample_sheet_TARGET-AML__450k_beta.txt	20	PASJTM	09	AML	False
450K	TARGET-AML	TARGET-20-PARUBT-40A	TARGET-20-PARUBT-40A.Ave_Beta	idat_sample_sheet_TARGET-AML__450k_beta.txt	20	PARUBT	40	AML	False
450K	TARGET-AML	TARGET-20-PASCGR-03A	TARGET-20-PASCGR-03A.Ave_Beta	idat_sample_sheet_TARGET-AML__450k_beta.txt	20	PASCGR	03	AML	False
450K	TARGET-AML	TARGET-20-PARUCB-14A	TARGET-20-PARUCB-14A.Ave_Beta	idat_sample_sheet_TARGET-AML__450k_beta.txt	20	PARUCB	14	AML	True
450K	TARGET-AML	TARGET-20-PASPLU-09A	TARGET-20-PASPLU-09A.Ave_Beta	idat_sample_sheet_TARGET-AML__450k_beta.txt	20	PASPLU	09	AML	False
450K	TARGET-AML	TARGET-20-PANLRE-14A	TARGET-20-PANLRE-14A.Ave_Beta	idat_sample_sheet_TARGET-AML__450k_beta.txt	20	PANLRE	14	AML	True
450K	TARGET-AML	TARGET-20-PASTTW-09A	TARGET-20-PASTTW-09A.Ave_Beta	idat_sample_sheet_TARGET-AML__450k_beta.txt	20	PASTTW	09	AML	False
450K	TARGET-AML	TARGET-20-PARPDS-14A	TARGET-20-PARPDS-14A.Ave_Beta	idat_sample_sheet_TARGET-AML__450k_beta.txt	20	PARPDS	14	AML	True
450K	TARGET-AML	TARGET-20-PASMHY-03A	TARGET-20-PASMHY-03A.Ave_Beta	idat_sample_sheet_TARGET-AML__450k_beta.txt	20	PASMHY	03	AML	False
450K	TARGET-AML	TARGET-20-PAKVGI-14A	TARGET-20-PAKVGI-14A.Ave_Beta	idat_sample_sheet_TARGET-AML__450k_beta.txt	20	PAKVGI	14	AML	True
450K	TARGET-AML	TARGET-20-PASZLJ-09A	TARGET-20-PASZLJ-09A.Ave_Beta	idat_sample_sheet_TARGET-AML__450k_beta.txt	20	PASZLJ	09	AML	False
450K	TARGET-AML	TARGET-20-PANDIX-04A	TARGET-20-PANDIX-04A.Ave_Beta	idat_sample_sheet_TARGET-AML__450k_beta.txt	20	PANDIX	04	AML	False
450K	TARGET-AML	TARGET-20-PAEERJ-03A	TARGET-20-PAEERJ-03A.Ave_Beta	idat_sample_sheet_TARGET-AML__450k_beta.txt	20	PAEERJ	03	AML	False
450K	TARGET-AML	TARGET-21-PATKWH-09A	TARGET-21-PATKWH-09A.Ave_Beta	idat_sample_sheet_TARGET-AML__450k_beta.txt	21	PATKWH	09	AML	False
450K	TARGET-AML	TARGET-21-PASDXR-15A	TARGET-21-PASDXR-15A.Ave_Beta	idat_sample_sheet_TARGET-AML__450k_beta.txt	21	PASDXR	15	AML	True
450K	TARGET-AML	TARGET-20-PARASV-04A	TARGET-20-PARASV-04A.Ave_Beta	idat_sample_sheet_TARGET-AML__450k_beta.txt	20	PARASV	04	AML	False
450K	TARGET-AML	TARGET-20-PAKVGI-09A	TARGET-20-PAKVGI-09A.Ave_Beta	idat_sample_sheet_TARGET-AML__450k_beta.txt	20	PAKVGI	09	AML	False
450K	TARGET-AML	TARGET-20-PASMHY-10A	TARGET-20-PASMHY-10A.Ave_Beta	idat_sample_sheet_TARGET-AML__450k_beta.txt	20	PASMHY	10	AML	True
450K	TARGET-AML	TARGET-20-PAKERZ-09A	TARGET-20-PAKERZ-09A.Ave_Beta	idat_sample_sheet_TARGET-AML__450k_beta.txt	20	PAKERZ	09	AML	False
450K	TARGET-AML	TARGET-20-PARCCH-03A	TARGET-20-PARCCH-03A.Ave_Beta	idat_sample_sheet_TARGET-AML__450k_beta.txt	20	PARCCH	03	AML	False
450K	TARGET-AML	TARGET-20-PASJIM-14A	TARGET-20-PASJIM-14A.Ave_Beta	idat_sample_sheet_TARGET-AML__450k_beta.txt	20	PASJIM	14	AML	True
450K	TARGET-AML	TARGET-20-PADYIR-14A	TARGET-20-PADYIR-14A.Ave_Beta	idat_sample_sheet_TARGET-AML__450k_beta.txt	20	PADYIR	14	AML	True
450K	TARGET-AML	TARGET-21-PAMXZY-09A	TARGET-21-PAMXZY-09A.Ave_Beta	idat_sample_sheet_TARGET-AML__450k_beta.txt	21	PAMXZY	09	AML	False
450K	TARGET-AML	TARGET-21-PARZIA-09A	TARGET-21-PARZIA-09A.Ave_Beta	idat_sample_sheet_TARGET-AML__450k_beta.txt	21	PARZIA	09	AML	False
450K	TARGET-AML	TARGET-20-PASTTW-14A	TARGET-20-PASTTW-14A.Ave_Beta	idat_sample_sheet_TARGET-AML__450k_beta.txt	20	PASTTW	14	AML	True
450K	TARGET-AML	TARGET-20-PASVVS-09A	TARGET-20-PASVVS-09A.Ave_Beta	idat_sample_sheet_TARGET-AML__450k_beta.txt	20	PASVVS	09	AML	False
450K	TARGET-AML	TARGET-20-PAEFGT-03A	TARGET-20-PAEFGT-03A.Ave_Beta	idat_sample_sheet_TARGET-AML__450k_beta.txt	20	PAEFGT	03	AML	False
450K	TARGET-AML	TARGET-21-PASVJS-14A	TARGET-21-PASVJS-14A.Ave_Beta	idat_sample_sheet_TARGET-AML__450k_beta.txt	21	PASVJS	14	AML	True
450K	TARGET-AML	TARGET-20-PARUCB-04A	TARGET-20-PARUCB-04A.Ave_Beta	idat_sample_sheet_TARGET-AML__450k_beta.txt	20	PARUCB	04	AML	False
450K	TARGET-AML	TARGET-20-PARVAI-14A	TARGET-20-PARVAI-14A.Ave_Beta	idat_sample_sheet_TARGET-AML__450k_beta.txt	20	PARVAI	14	AML	True
450K	TARGET-AML	TARGET-20-PARPDS-04A	TARGET-20-PARPDS-04A.Ave_Beta	idat_sample_sheet_TARGET-AML__450k_beta.txt	20	PARPDS	04	AML	False
450K	TARGET-AML	TARGET-20-PASJIM-09A	TARGET-20-PASJIM-09A.Ave_Beta	idat_sample_sheet_TARGET-AML__450k_beta.txt	20	PASJIM	09	AML	False
450K	TARGET-AML	TARGET-20-PAKTCX-04A	TARGET-20-PAKTCX-04A.Ave_Beta	idat_sample_sheet_TARGET-AML__450k_beta.txt	20	PAKTCX	04	AML	False
450K	TARGET-AML	TARGET-20-PAEFGT-14A	TARGET-20-PAEFGT-14A.Ave_Beta	idat_sample_sheet_TARGET-AML__450k_beta.txt	20	PAEFGT	14	AML	True
450K	TARGET-AML	TARGET-20-PARWXU-04A	TARGET-20-PARWXU-04A.Ave_Beta	idat_sample_sheet_TARGET-AML__450k_beta.txt	20	PARWXU	04	AML	False
450K	TARGET-AML	TARGET-20-PASRTP-14A	TARGET-20-PASRTP-14A.Ave_Beta	idat_sample_sheet_TARGET-AML__450k_beta.txt	20	PASRTP	14	AML	True
450K	TARGET-AML	TARGET-21-PATKWH-14A	TARGET-21-PATKWH-14A.Ave_Beta	idat_sample_sheet_TARGET-AML__450k_beta.txt	21	PATKWH	14	AML	True
450K	TARGET-AML	TARGET-20-PANTWV-14A	TARGET-20-PANTWV-14A.Ave_Beta	idat_sample_sheet_TARGET-AML__450k_beta.txt	20	PANTWV	14	AML	True
450K	TARGET-AML	TARGET-20-PASLSD-14A	TARGET-20-PASLSD-14A.Ave_Beta	idat_sample_sheet_TARGET-AML__450k_beta.txt	20	PASLSD	14	AML	True
450K	TARGET-AML	TARGET-20-PAPBEJ-04A	TARGET-20-PAPBEJ-04A.Ave_Beta	idat_sample_sheet_TARGET-AML__450k_beta.txt	20	PAPBEJ	04	AML	False
450K	TARGET-AML	TARGET-20-PARTAL-14A	TARGET-20-PARTAL-14A.Ave_Beta	idat_sample_sheet_TARGET-AML__450k_beta.txt	20	PARTAL	14	AML	True
450K	TARGET-AML	TARGET-20-PASLSD-04A	TARGET-20-PASLSD-04A.Ave_Beta	idat_sample_sheet_TARGET-AML__450k_beta.txt	20	PASLSD	04	AML	False
450K	TARGET-AML	TARGET-21-PASNKZ-09A	TARGET-21-PASNKZ-09A.Ave_Beta	idat_sample_sheet_TARGET-AML__450k_beta.txt	21	PASNKZ	09	AML	False
450K	TARGET-AML	TARGET-20-PANLIR-04A	TARGET-20-PANLIR-04A.Ave_Beta	idat_sample_sheet_TARGET-AML__450k_beta.txt	20	PANLIR	04	AML	False
450K	TARGET-AML	TARGET-20-PASWLN-04A	TARGET-20-PASWLN-04A.Ave_Beta	idat_sample_sheet_TARGET-AML__450k_beta.txt	20	PASWLN	04	AML	False
450K	TARGET-AML	TARGET-20-PATJHJ-09A	TARGET-20-PATJHJ-09A.Ave_Beta	idat_sample_sheet_TARGET-AML__450k_beta.txt	20	PATJHJ	09	AML	False
450K	TARGET-AML	TARGET-20-PARUDL-14A	TARGET-20-PARUDL-14A.Ave_Beta	idat_sample_sheet_TARGET-AML__450k_beta.txt	20	PARUDL	14	AML	True
450K	TARGET-AML	TARGET-20-PAPXRJ-04A	TARGET-20-PAPXRJ-04A.Ave_Beta	idat_sample_sheet_TARGET-AML__450k_beta.txt	20	PAPXRJ	04	AML	False
450K	TARGET-AML	TARGET-21-PARBTV-09A	TARGET-21-PARBTV-09A.Ave_Beta	idat_sample_sheet_TARGET-AML__450k_beta.txt	21	PARBTV	09	AML	False
450K	TARGET-AML	TARGET-20-PARBIU-14A	TARGET-20-PARBIU-14A.Ave_Beta	idat_sample_sheet_TARGET-AML__450k_beta.txt	20	PARBIU	14	AML	True
450K	TARGET-AML	TARGET-20-PARSAN-09A	TARGET-20-PARSAN-09A.Ave_Beta	idat_sample_sheet_TARGET-AML__450k_beta.txt	20	PARSAN	09	AML	False
450K	TARGET-AML	TARGET-20-PAEERJ-14A	TARGET-20-PAEERJ-14A.Ave_Beta	idat_sample_sheet_TARGET-AML__450k_beta.txt	20	PAEERJ	14	AML	True
450K	TARGET-AML	TARGET-21-PASNKZ-14A	TARGET-21-PASNKZ-14A.Ave_Beta	idat_sample_sheet_TARGET-AML__450k_beta.txt	21	PASNKZ	14	AML	True
450K	TARGET-AML	TARGET-21-PASSLT-09A	TARGET-21-PASSLT-09A.Ave_Beta	idat_sample_sheet_TARGET-AML__450k_beta.txt	21	PASSLT	09	AML	False
450K	TARGET-AML	TARGET-20-PASVYA-04A	TARGET-20-PASVYA-04A.Ave_Beta	idat_sample_sheet_TARGET-AML__450k_beta.txt	20	PASVYA	04	AML	False
450K	TARGET-AML	TARGET-21-PASFJJ-14A	TARGET-21-PASFJJ-14A.Ave_Beta	idat_sample_sheet_TARGET-AML__450k_beta.txt	21	PASFJJ	14	AML	True
450K	TARGET-AML	TARGET-20-PANGDN-04A	TARGET-20-PANGDN-04A.Ave_Beta	idat_sample_sheet_TARGET-AML__450k_beta.txt	20	PANGDN	04	AML	False
450K	TARGET-AML	TARGET-21-PARBTV-14A	TARGET-21-PARBTV-14A.Ave_Beta	idat_sample_sheet_TARGET-AML__450k_beta.txt	21	PARBTV	14	AML	True
450K	TARGET-AML	TARGET-20-PARPDS-09A	TARGET-20-PARPDS-09A.Ave_Beta	idat_sample_sheet_TARGET-AML__450k_beta.txt	20	PARPDS	09	AML	False
450K	TARGET-AML	TARGET-21-PARXYR-14A	TARGET-21-PARXYR-14A.Ave_Beta	idat_sample_sheet_TARGET-AML__450k_beta.txt	21	PARXYR	14	AML	True
450K	TARGET-AML	TARGET-20-PARCEC-03A	TARGET-20-PARCEC-03A.Ave_Beta	idat_sample_sheet_TARGET-AML__450k_beta.txt	20	PARCEC	03	AML	False
450K	TARGET-AML	TARGET-20-PASWLN-14A	TARGET-20-PASWLN-14A.Ave_Beta	idat_sample_sheet_TARGET-AML__450k_beta.txt	20	PASWLN	14	AML	True
450K	TARGET-AML	TARGET-20-PASMGW-04A	TARGET-20-PASMGW-04A.Ave_Beta	idat_sample_sheet_TARGET-AML__450k_beta.txt	20	PASMGW	04	AML	False
450K	TARGET-AML	TARGET-20-PASVYA-14A	TARGET-20-PASVYA-14A.Ave_Beta	idat_sample_sheet_TARGET-AML__450k_beta.txt	20	PASVYA	14	AML	True
450K	TARGET-AML	TARGET-20-PASBBE-09A	TARGET-20-PASBBE-09A.Ave_Beta	idat_sample_sheet_TARGET-AML__450k_beta.txt	20	PASBBE	09	AML	False
450K	TARGET-AML	TARGET-20-PAMYJX-04A	TARGET-20-PAMYJX-04A.Ave_Beta	idat_sample_sheet_TARGET-AML__450k_beta.txt	20	PAMYJX	04	AML	False
450K	TARGET-AML	TARGET-20-PASLSD-03A	TARGET-20-PASLSD-03A.Ave_Beta	idat_sample_sheet_TARGET-AML__450k_beta.txt	20	PASLSD	03	AML	False
450K	TARGET-AML	TARGET-20-PANSJB-14A	TARGET-20-PANSJB-14A.Ave_Beta	idat_sample_sheet_TARGET-AML__450k_beta.txt	20	PANSJB	14	AML	True
450K	TARGET-AML	TARGET-21-PASFJJ-15A	TARGET-21-PASFJJ-15A.Ave_Beta	idat_sample_sheet_TARGET-AML__450k_beta.txt	21	PASFJJ	15	AML	True
450K	TARGET-AML	TARGET-21-PASFLG-14A	TARGET-21-PASFLG-14A.Ave_Beta	idat_sample_sheet_TARGET-AML__450k_beta.txt	21	PASFLG	14	AML	True
450K	TARGET-AML	TARGET-20-PASAUT-14A	TARGET-20-PASAUT-14A.Ave_Beta	idat_sample_sheet_TARGET-AML__450k_beta.txt	20	PASAUT	14	AML	True
450K	TARGET-AML	TARGET-20-PANGTF-14A	TARGET-20-PANGTF-14A.Ave_Beta	idat_sample_sheet_TARGET-AML__450k_beta.txt	20	PANGTF	14	AML	True
450K	TARGET-AML	TARGET-20-PARIMT-03A	TARGET-20-PARIMT-03A.Ave_Beta	idat_sample_sheet_TARGET-AML__450k_beta.txt	20	PARIMT	03	AML	False
450K	TARGET-AML	TARGET-20-PANYCG-09A	TARGET-20-PANYCG-09A.Ave_Beta	idat_sample_sheet_TARGET-AML__450k_beta.txt	20	PANYCG	09	AML	False
450K	TARGET-AML	TARGET-20-PATDHA-14A	TARGET-20-PATDHA-14A.Ave_Beta	idat_sample_sheet_TARGET-AML__450k_beta.txt	20	PATDHA	14	AML	True
450K	TARGET-AML	TARGET-20-PASGCE-40A	TARGET-20-PASGCE-40A.Ave_Beta	idat_sample_sheet_TARGET-AML__450k_beta.txt	20	PASGCE	40	AML	False
450K	TARGET-AML	TARGET-20-PADZCG-04A	TARGET-20-PADZCG-04A.Ave_Beta	idat_sample_sheet_TARGET-AML__450k_beta.txt	20	PADZCG	04	AML	False
450K	TARGET-AML	TARGET-21-PARBTV-15A	TARGET-21-PARBTV-15A.Ave_Beta	idat_sample_sheet_TARGET-AML__450k_beta.txt	21	PARBTV	15	AML	True
450K	TARGET-AML	TARGET-21-PASFJJ-09A	TARGET-21-PASFJJ-09A.Ave_Beta	idat_sample_sheet_TARGET-AML__450k_beta.txt	21	PASFJJ	09	AML	False
450K	TARGET-AML	TARGET-20-PARYVW-14A	TARGET-20-PARYVW-14A.Ave_Beta	idat_sample_sheet_TARGET-AML__450k_beta.txt	20	PARYVW	14	AML	True
450K	TARGET-AML	TARGET-21-PASDKZ-03A	TARGET-21-PASDKZ-03A.Ave_Beta	idat_sample_sheet_TARGET-AML__450k_beta.txt	21	PASDKZ	03	AML	False
450K	TARGET-AML	TARGET-20-PASTUH-09A	TARGET-20-PASTUH-09A.Ave_Beta	idat_sample_sheet_TARGET-AML__450k_beta.txt	20	PASTUH	09	AML	False
450K	TARGET-AML	TARGET-20-PATJHJ-40A	TARGET-20-PATJHJ-40A.Ave_Beta	idat_sample_sheet_TARGET-AML__450k_beta.txt	20	PATJHJ	40	AML	False
450K	TARGET-AML	TARGET-20-PAKTCX-09A	TARGET-20-PAKTCX-09A.Ave_Beta	idat_sample_sheet_TARGET-AML__450k_beta.txt	20	PAKTCX	09	AML	False
450K	TARGET-AML	TARGET-21-PASVJS-15A	TARGET-21-PASVJS-15A.Ave_Beta	idat_sample_sheet_TARGET-AML__450k_beta.txt	21	PASVJS	15	AML	True
450K	TARGET-AML	TARGET-20-PANYCG-14A	TARGET-20-PANYCG-14A.Ave_Beta	idat_sample_sheet_TARGET-AML__450k_beta.txt	20	PANYCG	14	AML	True
450K	TARGET-AML	TARGET-20-PASVYL-04A	TARGET-20-PASVYL-04A.Ave_Beta	idat_sample_sheet_TARGET-AML__450k_beta.txt	20	PASVYL	04	AML	False
450K	TARGET-AML	TARGET-21-PASFHK-15A	TARGET-21-PASFHK-15A.Ave_Beta	idat_sample_sheet_TARGET-AML__450k_beta.txt	21	PASFHK	15	AML	True
450K	TARGET-AML	TARGET-20-PAKVGI-04A	TARGET-20-PAKVGI-04A.Ave_Beta	idat_sample_sheet_TARGET-AML__450k_beta.txt	20	PAKVGI	04	AML	False
450K	TARGET-AML	TARGET-21-PASHMK-15A	TARGET-21-PASHMK-15A.Ave_Beta	idat_sample_sheet_TARGET-AML__450k_beta.txt	21	PASHMK	15	AML	True
450K	TARGET-AML	TARGET-20-PARNNT-09A	TARGET-20-PARNNT-09A.Ave_Beta	idat_sample_sheet_TARGET-AML__450k_beta.txt	20	PARNNT	09	AML	False
450K	TARGET-AML	TARGET-20-PANLXM-04A	TARGET-20-PANLXM-04A.Ave_Beta	idat_sample_sheet_TARGET-AML__450k_beta.txt	20	PANLXM	04	AML	False
450K	TARGET-AML	TARGET-20-PAMYJX-09A	TARGET-20-PAMYJX-09A.Ave_Beta	idat_sample_sheet_TARGET-AML__450k_beta.txt	20	PAMYJX	09	AML	False
450K	TARGET-AML	TARGET-21-PASYWA-15A	TARGET-21-PASYWA-15A.Ave_Beta	idat_sample_sheet_TARGET-AML__450k_beta.txt	21	PASYWA	15	AML	True
450K	TARGET-AML	TARGET-21-PATISD-09A	TARGET-21-PATISD-09A.Ave_Beta	idat_sample_sheet_TARGET-AML__450k_beta.txt	21	PATISD	09	AML	False
450K	TARGET-AML	TARGET-21-PASSLT-14A	TARGET-21-PASSLT-14A.Ave_Beta	idat_sample_sheet_TARGET-AML__450k_beta.txt	21	PASSLT	14	AML	True
450K	TARGET-AML	TARGET-20-PAMYAS-04A	TARGET-20-PAMYAS-04A.Ave_Beta	idat_sample_sheet_TARGET-AML__450k_beta.txt	20	PAMYAS	04	AML	False
450K	TARGET-AML	TARGET-20-PASWPD-09A	TARGET-20-PASWPD-09A.Ave_Beta	idat_sample_sheet_TARGET-AML__450k_beta.txt	20	PASWPD	09	AML	False
450K	TARGET-AML	TARGET-20-PARPPY-40A	TARGET-20-PARPPY-40A.Ave_Beta	idat_sample_sheet_TARGET-AML__450k_beta.txt	20	PARPPY	40	AML	False
450K	TARGET-AML	TARGET-20-PASVYA-09A	TARGET-20-PASVYA-09A.Ave_Beta	idat_sample_sheet_TARGET-AML__450k_beta.txt	20	PASVYA	09	AML	False
450K	TARGET-AML	TARGET-20-PANNHB-09A	TARGET-20-PANNHB-09A.Ave_Beta	idat_sample_sheet_TARGET-AML__450k_beta.txt	20	PANNHB	09	AML	False
450K	TARGET-AML	TARGET-21-PATJMY-09A	TARGET-21-PATJMY-09A.Ave_Beta	idat_sample_sheet_TARGET-AML__450k_beta.txt	21	PATJMY	09	AML	False
450K	TARGET-AML	TARGET-21-PARHRS-14A	TARGET-21-PARHRS-14A.Ave_Beta	idat_sample_sheet_TARGET-AML__450k_beta.txt	21	PARHRS	14	AML	True
450K	TARGET-AML	TARGET-20-PASZLJ-14A	TARGET-20-PASZLJ-14A.Ave_Beta	idat_sample_sheet_TARGET-AML__450k_beta.txt	20	PASZLJ	14	AML	True
450K	TARGET-AML	TARGET-20-PAKIWK-14A	TARGET-20-PAKIWK-14A.Ave_Beta	idat_sample_sheet_TARGET-AML__450k_beta.txt	20	PAKIWK	14	AML	True
450K	TARGET-AML	TARGET-20-PAEFGR-04A	TARGET-20-PAEFGR-04A.Ave_Beta	idat_sample_sheet_TARGET-AML__450k_beta.txt	20	PAEFGR	04	AML	False
450K	TARGET-AML	TARGET-20-PANYNR-14A	TARGET-20-PANYNR-14A.Ave_Beta	idat_sample_sheet_TARGET-AML__450k_beta.txt	20	PANYNR	14	AML	True
450K	TARGET-AML	TARGET-21-PASYEJ-15A	TARGET-21-PASYEJ-15A.Ave_Beta	idat_sample_sheet_TARGET-AML__450k_beta.txt	21	PASYEJ	15	AML	True
450K	TARGET-AML	TARGET-21-PARZIA-15A	TARGET-21-PARZIA-15A.Ave_Beta	idat_sample_sheet_TARGET-AML__450k_beta.txt	21	PARZIA	15	AML	True
450K	TARGET-AML	TARGET-20-PANNHB-14A	TARGET-20-PANNHB-14A.Ave_Beta	idat_sample_sheet_TARGET-AML__450k_beta.txt	20	PANNHB	14	AML	True
450K	TARGET-AML	TARGET-20-PARSAN-04A	TARGET-20-PARSAN-04A.Ave_Beta	idat_sample_sheet_TARGET-AML__450k_beta.txt	20	PARSAN	04	AML	False
450K	TARGET-AML	TARGET-20-PANLXM-09A	TARGET-20-PANLXM-09A.Ave_Beta	idat_sample_sheet_TARGET-AML__450k_beta.txt	20	PANLXM	09	AML	False
450K	TARGET-AML	TARGET-20-PARYVW-04A	TARGET-20-PARYVW-04A.Ave_Beta	idat_sample_sheet_TARGET-AML__450k_beta.txt	20	PARYVW	04	AML	False
450K	TARGET-AML	TARGET-20-PASCRZ-04A	TARGET-20-PASCRZ-04A.Ave_Beta	idat_sample_sheet_TARGET-AML__450k_beta.txt	20	PASCRZ	04	AML	False
450K	TARGET-AML	TARGET-20-PASGCE-09A	TARGET-20-PASGCE-09A.Ave_Beta	idat_sample_sheet_TARGET-AML__450k_beta.txt	20	PASGCE	09	AML	False
450K	TARGET-AML	TARGET-20-PASCRZ-03A	TARGET-20-PASCRZ-03A.Ave_Beta	idat_sample_sheet_TARGET-AML__450k_beta.txt	20	PASCRZ	03	AML	False
450K	TARGET-AML	TARGET-21-PASSLT-15A	TARGET-21-PASSLT-15A.Ave_Beta	idat_sample_sheet_TARGET-AML__450k_beta.txt	21	PASSLT	15	AML	True
450K	TARGET-AML	TARGET-20-PASRLS-14A	TARGET-20-PASRLS-14A.Ave_Beta	idat_sample_sheet_TARGET-AML__450k_beta.txt	20	PASRLS	14	AML	True
450K	TARGET-AML	TARGET-20-PARNIA-04A	TARGET-20-PARNIA-04A.Ave_Beta	idat_sample_sheet_TARGET-AML__450k_beta.txt	20	PARNIA	04	AML	False
450K	TARGET-AML	TARGET-20-PAMYAS-09A	TARGET-20-PAMYAS-09A.Ave_Beta	idat_sample_sheet_TARGET-AML__450k_beta.txt	20	PAMYAS	09	AML	False
450K	TARGET-AML	TARGET-21-PARNAW-09A	TARGET-21-PARNAW-09A.Ave_Beta	idat_sample_sheet_TARGET-AML__450k_beta.txt	21	PARNAW	09	AML	False
450K	TARGET-AML	TARGET-20-PANYCG-04A	TARGET-20-PANYCG-04A.Ave_Beta	idat_sample_sheet_TARGET-AML__450k_beta.txt	20	PANYCG	04	AML	False
450K	TARGET-AML	TARGET-20-PAMYJX-14A	TARGET-20-PAMYJX-14A.Ave_Beta	idat_sample_sheet_TARGET-AML__450k_beta.txt	20	PAMYJX	14	AML	True
450K	TARGET-AML	TARGET-20-PASAUT-03A	TARGET-20-PASAUT-03A.Ave_Beta	idat_sample_sheet_TARGET-AML__450k_beta.txt	20	PASAUT	03	AML	False
450K	TARGET-AML	TARGET-20-PARVAI-03A	TARGET-20-PARVAI-03A.Ave_Beta	idat_sample_sheet_TARGET-AML__450k_beta.txt	20	PARVAI	03	AML	False
450K	TARGET-AML	TARGET-20-PASWAT-04A	TARGET-20-PASWAT-04A.Ave_Beta	idat_sample_sheet_TARGET-AML__450k_beta.txt	20	PASWAT	04	AML	False
450K	TARGET-AML	TARGET-20-PASIEP-14A	TARGET-20-PASIEP-14A.Ave_Beta	idat_sample_sheet_TARGET-AML__450k_beta.txt	20	PASIEP	14	AML	True
450K	TARGET-AML	TARGET-20-PASTUH-04A	TARGET-20-PASTUH-04A.Ave_Beta	idat_sample_sheet_TARGET-AML__450k_beta.txt	20	PASTUH	04	AML	False
450K	TARGET-AML	TARGET-21-PATAIJ-09A	TARGET-21-PATAIJ-09A.Ave_Beta	idat_sample_sheet_TARGET-AML__450k_beta.txt	21	PATAIJ	09	AML	False
450K	TARGET-AML	TARGET-20-PAECCE-09A	TARGET-20-PAECCE-09A.Ave_Beta	idat_sample_sheet_TARGET-AML__450k_beta.txt	20	PAECCE	09	AML	False
450K	TARGET-AML	TARGET-20-PASGCE-14A	TARGET-20-PASGCE-14A.Ave_Beta	idat_sample_sheet_TARGET-AML__450k_beta.txt	20	PASGCE	14	AML	True
450K	TARGET-AML	TARGET-20-PANYNR-03A	TARGET-20-PANYNR-03A.Ave_Beta	idat_sample_sheet_TARGET-AML__450k_beta.txt	20	PANYNR	03	AML	False
450K	TARGET-AML	TARGET-20-PAECCE-10A	TARGET-20-PAECCE-10A.Ave_Beta	idat_sample_sheet_TARGET-AML__450k_beta.txt	20	PAECCE	10	AML	True
450K	TARGET-AML	TARGET-20-PASRLS-09A	TARGET-20-PASRLS-09A.Ave_Beta	idat_sample_sheet_TARGET-AML__450k_beta.txt	20	PASRLS	09	AML	False
450K	TARGET-AML	TARGET-21-PASFLG-15A	TARGET-21-PASFLG-15A.Ave_Beta	idat_sample_sheet_TARGET-AML__450k_beta.txt	21	PASFLG	15	AML	True
450K	TARGET-AML	TARGET-20-PARIMT-04A	TARGET-20-PARIMT-04A.Ave_Beta	idat_sample_sheet_TARGET-AML__450k_beta.txt	20	PARIMT	04	AML	False
450K	TARGET-AML	TARGET-20-PARDMG-09A	TARGET-20-PARDMG-09A.Ave_Beta	idat_sample_sheet_TARGET-AML__450k_beta.txt	20	PARDMG	09	AML	False
450K	TARGET-AML	TARGET-20-PARPPY-09A	TARGET-20-PARPPY-09A.Ave_Beta	idat_sample_sheet_TARGET-AML__450k_beta.txt	20	PARPPY	09	AML	False
450K	TARGET-AML	TARGET-20-PASHHH-14A	TARGET-20-PASHHH-14A.Ave_Beta	idat_sample_sheet_TARGET-AML__450k_beta.txt	20	PASHHH	14	AML	True
450K	TARGET-AML	TARGET-21-PANVPB-15A	TARGET-21-PANVPB-15A.Ave_Beta	idat_sample_sheet_TARGET-AML__450k_beta.txt	21	PANVPB	15	AML	True
450K	TARGET-AML	TARGET-20-PARNZW-40A	TARGET-20-PARNZW-40A.Ave_Beta	idat_sample_sheet_TARGET-AML__450k_beta.txt	20	PARNZW	40	AML	False
450K	TARGET-AML	TARGET-20-PARCCH-14A	TARGET-20-PARCCH-14A.Ave_Beta	idat_sample_sheet_TARGET-AML__450k_beta.txt	20	PARCCH	14	AML	True
450K	TARGET-AML	TARGET-20-PARVUA-14A	TARGET-20-PARVUA-14A.Ave_Beta	idat_sample_sheet_TARGET-AML__450k_beta.txt	20	PARVUA	14	AML	True
450K	TARGET-AML	TARGET-20-PASJGZ-14A	TARGET-20-PASJGZ-14A.Ave_Beta	idat_sample_sheet_TARGET-AML__450k_beta.txt	20	PASJGZ	14	AML	True
450K	TARGET-AML	TARGET-21-PATHIU-09A	TARGET-21-PATHIU-09A.Ave_Beta	idat_sample_sheet_TARGET-AML__450k_beta.txt	21	PATHIU	09	AML	False
450K	TARGET-AML	TARGET-21-PATAIJ-15A	TARGET-21-PATAIJ-15A.Ave_Beta	idat_sample_sheet_TARGET-AML__450k_beta.txt	21	PATAIJ	15	AML	True
450K	TARGET-AML	TARGET-20-PAEIKD-09A	TARGET-20-PAEIKD-09A.Ave_Beta	idat_sample_sheet_TARGET-AML__450k_beta.txt	20	PAEIKD	09	AML	False
450K	TARGET-AML	TARGET-20-PARWXU-09A	TARGET-20-PARWXU-09A.Ave_Beta	idat_sample_sheet_TARGET-AML__450k_beta.txt	20	PARWXU	09	AML	False
450K	TARGET-AML	TARGET-20-PANDER-14A	TARGET-20-PANDER-14A.Ave_Beta	idat_sample_sheet_TARGET-AML__450k_beta.txt	20	PANDER	14	AML	True
450K	TARGET-AML	TARGET-21-PAMYMA-15A	TARGET-21-PAMYMA-15A.Ave_Beta	idat_sample_sheet_TARGET-AML__450k_beta.txt	21	PAMYMA	15	AML	True
450K	TARGET-AML	TARGET-20-PARUCB-09A	TARGET-20-PARUCB-09A.Ave_Beta	idat_sample_sheet_TARGET-AML__450k_beta.txt	20	PARUCB	09	AML	False
450K	TARGET-AML	TARGET-20-PARCUK-04A	TARGET-20-PARCUK-04A.Ave_Beta	idat_sample_sheet_TARGET-AML__450k_beta.txt	20	PARCUK	04	AML	False
450K	TARGET-AML	TARGET-21-PASTZK-15A	TARGET-21-PASTZK-15A.Ave_Beta	idat_sample_sheet_TARGET-AML__450k_beta.txt	21	PASTZK	15	AML	True
450K	TARGET-AML	TARGET-20-PARBTC-03A	TARGET-20-PARBTC-03A.Ave_Beta	idat_sample_sheet_TARGET-AML__450k_beta.txt	20	PARBTC	03	AML	False
450K	TARGET-AML	TARGET-20-PARUBT-14A	TARGET-20-PARUBT-14A.Ave_Beta	idat_sample_sheet_TARGET-AML__450k_beta.txt	20	PARUBT	14	AML	True
450K	TARGET-AML	TARGET-21-PATAIJ-10A	TARGET-21-PATAIJ-10A.Ave_Beta	idat_sample_sheet_TARGET-AML__450k_beta.txt	21	PATAIJ	10	AML	True
450K	TARGET-AML	TARGET-20-PANDIX-09A	TARGET-20-PANDIX-09A.Ave_Beta	idat_sample_sheet_TARGET-AML__450k_beta.txt	20	PANDIX	09	AML	False
450K	TARGET-AML	TARGET-21-PASYEJ-09A	TARGET-21-PASYEJ-09A.Ave_Beta	idat_sample_sheet_TARGET-AML__450k_beta.txt	21	PASYEJ	09	AML	False
450K	TARGET-AML	TARGET-20-PAKIWK-04A	TARGET-20-PAKIWK-04A.Ave_Beta	idat_sample_sheet_TARGET-AML__450k_beta.txt	20	PAKIWK	04	AML	False
450K	TARGET-AML	TARGET-20-PARSHM-03A	TARGET-20-PARSHM-03A.Ave_Beta	idat_sample_sheet_TARGET-AML__450k_beta.txt	20	PARSHM	03	AML	False
450K	TARGET-AML	TARGET-20-PAEDKB-09A	TARGET-20-PAEDKB-09A.Ave_Beta	idat_sample_sheet_TARGET-AML__450k_beta.txt	20	PAEDKB	09	AML	False
450K	TARGET-AML	TARGET-20-PARTAL-04A	TARGET-20-PARTAL-04A.Ave_Beta	idat_sample_sheet_TARGET-AML__450k_beta.txt	20	PARTAL	04	AML	False
450K	TARGET-AML	TARGET-20-PAEDKB-10A	TARGET-20-PAEDKB-10A.Ave_Beta	idat_sample_sheet_TARGET-AML__450k_beta.txt	20	PAEDKB	10	AML	True
450K	TARGET-AML	TARGET-21-PASFHK-09A	TARGET-21-PASFHK-09A.Ave_Beta	idat_sample_sheet_TARGET-AML__450k_beta.txt	21	PASFHK	09	AML	False
450K	TARGET-AML	TARGET-20-PARNIA-09A	TARGET-20-PARNIA-09A.Ave_Beta	idat_sample_sheet_TARGET-AML__450k_beta.txt	20	PARNIA	09	AML	False
450K	TARGET-AML	TARGET-20-PAEIKD-14A	TARGET-20-PAEIKD-14A.Ave_Beta	idat_sample_sheet_TARGET-AML__450k_beta.txt	20	PAEIKD	14	AML	True
450K	TARGET-AML	TARGET-20-PASPLU-04A	TARGET-20-PASPLU-04A.Ave_Beta	idat_sample_sheet_TARGET-AML__450k_beta.txt	20	PASPLU	04	AML	False
450K	TARGET-AML	TARGET-21-PANZLR-09A	TARGET-21-PANZLR-09A.Ave_Beta	idat_sample_sheet_TARGET-AML__450k_beta.txt	21	PANZLR	09	AML	False
450K	TARGET-AML	TARGET-20-PASHBI-09A	TARGET-20-PASHBI-09A.Ave_Beta	idat_sample_sheet_TARGET-AML__450k_beta.txt	20	PASHBI	09	AML	False
450K	TARGET-AML	TARGET-20-PATDHA-04A	TARGET-20-PATDHA-04A.Ave_Beta	idat_sample_sheet_TARGET-AML__450k_beta.txt	20	PATDHA	04	AML	False
450K	TARGET-AML	TARGET-20-PARUWX-09A	TARGET-20-PARUWX-09A.Ave_Beta	idat_sample_sheet_TARGET-AML__450k_beta.txt	20	PARUWX	09	AML	False
450K	TARGET-AML	TARGET-20-PATIAK-04A	TARGET-20-PATIAK-04A.Ave_Beta	idat_sample_sheet_TARGET-AML__450k_beta.txt	20	PATIAK	04	AML	False
450K	TARGET-AML	TARGET-20-PASRTP-09A	TARGET-20-PASRTP-09A.Ave_Beta	idat_sample_sheet_TARGET-AML__450k_beta.txt	20	PASRTP	09	AML	False
450K	TARGET-AML	TARGET-20-PARTAL-09A	TARGET-20-PARTAL-09A.Ave_Beta	idat_sample_sheet_TARGET-AML__450k_beta.txt	20	PARTAL	09	AML	False
450K	TARGET-AML	TARGET-20-PANCSC-04A	TARGET-20-PANCSC-04A.Ave_Beta	idat_sample_sheet_TARGET-AML__450k_beta.txt	20	PANCSC	04	AML	False
450K	TARGET-AML	TARGET-20-PASHBI-14A	TARGET-20-PASHBI-14A.Ave_Beta	idat_sample_sheet_TARGET-AML__450k_beta.txt	20	PASHBI	14	AML	True
450K	TARGET-AML	TARGET-21-PASYWA-09A	TARGET-21-PASYWA-09A.Ave_Beta	idat_sample_sheet_TARGET-AML__450k_beta.txt	21	PASYWA	09	AML	False
450K	TARGET-AML	TARGET-20-PAEFGR-14A	TARGET-20-PAEFGR-14A.Ave_Beta	idat_sample_sheet_TARGET-AML__450k_beta.txt	20	PAEFGR	14	AML	True
450K	TARGET-AML	TARGET-21-PASFHK-14A	TARGET-21-PASFHK-14A.Ave_Beta	idat_sample_sheet_TARGET-AML__450k_beta.txt	21	PASFHK	14	AML	True
450K	TARGET-AML	TARGET-20-PANLLX-04A	TARGET-20-PANLLX-04A.Ave_Beta	idat_sample_sheet_TARGET-AML__450k_beta.txt	20	PANLLX	04	AML	False
450K	TARGET-AML	TARGET-20-PASCRZ-14A	TARGET-20-PASCRZ-14A.Ave_Beta	idat_sample_sheet_TARGET-AML__450k_beta.txt	20	PASCRZ	14	AML	True
450K	TARGET-AML	TARGET-20-PARNIA-14A	TARGET-20-PARNIA-14A.Ave_Beta	idat_sample_sheet_TARGET-AML__450k_beta.txt	20	PARNIA	14	AML	True
450K	TARGET-AML	TARGET-21-PATKWH-15A	TARGET-21-PATKWH-15A.Ave_Beta	idat_sample_sheet_TARGET-AML__450k_beta.txt	21	PATKWH	15	AML	True
450K	TARGET-AML	TARGET-20-PANLRE-09A	TARGET-20-PANLRE-09A.Ave_Beta	idat_sample_sheet_TARGET-AML__450k_beta.txt	20	PANLRE	09	AML	False
450K	TARGET-AML	TARGET-20-PASWPD-14A	TARGET-20-PASWPD-14A.Ave_Beta	idat_sample_sheet_TARGET-AML__450k_beta.txt	20	PASWPD	14	AML	True
450K	TARGET-AML	TARGET-20-PAPBEJ-14A	TARGET-20-PAPBEJ-14A.Ave_Beta	idat_sample_sheet_TARGET-AML__450k_beta.txt	20	PAPBEJ	14	AML	True
450K	TARGET-AML	TARGET-20-PASIEJ-14A	TARGET-20-PASIEJ-14A.Ave_Beta	idat_sample_sheet_TARGET-AML__450k_beta.txt	20	PASIEJ	14	AML	True
450K	TARGET-AML	TARGET-21-PATJMY-15A	TARGET-21-PATJMY-15A.Ave_Beta	idat_sample_sheet_TARGET-AML__450k_beta.txt	21	PATJMY	15	AML	True
450K	TARGET-AML	TARGET-20-PADYIR-04A	TARGET-20-PADYIR-04A.Ave_Beta	idat_sample_sheet_TARGET-AML__450k_beta.txt	20	PADYIR	04	AML	False
450K	TARGET-AML	TARGET-20-PASBBE-14A	TARGET-20-PASBBE-14A.Ave_Beta	idat_sample_sheet_TARGET-AML__450k_beta.txt	20	PASBBE	14	AML	True
450K	TARGET-AML	TARGET-20-PAEFGR-09A	TARGET-20-PAEFGR-09A.Ave_Beta	idat_sample_sheet_TARGET-AML__450k_beta.txt	20	PAEFGR	09	AML	False
450K	TARGET-AML	TARGET-20-PASJIM-04A	TARGET-20-PASJIM-04A.Ave_Beta	idat_sample_sheet_TARGET-AML__450k_beta.txt	20	PASJIM	04	AML	False
450K	TARGET-AML	TARGET-21-PATKBK-14A	TARGET-21-PATKBK-14A.Ave_Beta	idat_sample_sheet_TARGET-AML__450k_beta.txt	21	PATKBK	14	AML	True
450K	TARGET-AML	TARGET-20-PARUWX-14A	TARGET-20-PARUWX-14A.Ave_Beta	idat_sample_sheet_TARGET-AML__450k_beta.txt	20	PARUWX	14	AML	True
450K	TARGET-AML	TARGET-21-PARHRS-09A	TARGET-21-PARHRS-09A.Ave_Beta	idat_sample_sheet_TARGET-AML__450k_beta.txt	21	PARHRS	09	AML	False
450K	TARGET-AML	TARGET-20-PAPXRJ-09A	TARGET-20-PAPXRJ-09A.Ave_Beta	idat_sample_sheet_TARGET-AML__450k_beta.txt	20	PAPXRJ	09	AML	False
450K	TARGET-AML	TARGET-20-PAKTCX-14A	TARGET-20-PAKTCX-14A.Ave_Beta	idat_sample_sheet_TARGET-AML__450k_beta.txt	20	PAKTCX	14	AML	True
450K	TARGET-AML	TARGET-20-PASTUH-14A	TARGET-20-PASTUH-14A.Ave_Beta	idat_sample_sheet_TARGET-AML__450k_beta.txt	20	PASTUH	14	AML	True
450K	TARGET-AML	TARGET-20-PARYVW-09A	TARGET-20-PARYVW-09A.Ave_Beta	idat_sample_sheet_TARGET-AML__450k_beta.txt	20	PARYVW	09	AML	False
450K	TARGET-AML	TARGET-20-PASIEJ-09A	TARGET-20-PASIEJ-09A.Ave_Beta	idat_sample_sheet_TARGET-AML__450k_beta.txt	20	PASIEJ	09	AML	False
450K	TARGET-AML	TARGET-21-PASDKZ-14A	TARGET-21-PASDKZ-14A.Ave_Beta	idat_sample_sheet_TARGET-AML__450k_beta.txt	21	PASDKZ	14	AML	True
450K	TARGET-AML	TARGET-21-PASYWA-14A	TARGET-21-PASYWA-14A.Ave_Beta	idat_sample_sheet_TARGET-AML__450k_beta.txt	21	PASYWA	14	AML	True
450K	TARGET-AML	TARGET-21-PANZLR-14A	TARGET-21-PANZLR-14A.Ave_Beta	idat_sample_sheet_TARGET-AML__450k_beta.txt	21	PANZLR	14	AML	True
450K	TARGET-AML	TARGET-21-PATISD-15A	TARGET-21-PATISD-15A.Ave_Beta	idat_sample_sheet_TARGET-AML__450k_beta.txt	21	PATISD	15	AML	True
450K	TARGET-AML	TARGET-20-PASVVS-04A	TARGET-20-PASVVS-04A.Ave_Beta	idat_sample_sheet_TARGET-AML__450k_beta.txt	20	PASVVS	04	AML	False
450K	TARGET-AML	TARGET-20-PADZCG-14A	TARGET-20-PADZCG-14A.Ave_Beta	idat_sample_sheet_TARGET-AML__450k_beta.txt	20	PADZCG	14	AML	True
450K	TARGET-AML	TARGET-20-PARNNT-14A	TARGET-20-PARNNT-14A.Ave_Beta	idat_sample_sheet_TARGET-AML__450k_beta.txt	20	PARNNT	14	AML	True
450K	TARGET-AML	TARGET-21-PARLSL-14A	TARGET-21-PARLSL-14A.Ave_Beta	idat_sample_sheet_TARGET-AML__450k_beta.txt	21	PARLSL	14	AML	True
450K	TARGET-AML	TARGET-20-PANDIX-14A	TARGET-20-PANDIX-14A.Ave_Beta	idat_sample_sheet_TARGET-AML__450k_beta.txt	20	PANDIX	14	AML	True
450K	TARGET-AML	TARGET-20-PANLLX-09A	TARGET-20-PANLLX-09A.Ave_Beta	idat_sample_sheet_TARGET-AML__450k_beta.txt	20	PANLLX	09	AML	False
450K	TARGET-AML	TARGET-21-PASFLG-09A	TARGET-21-PASFLG-09A.Ave_Beta	idat_sample_sheet_TARGET-AML__450k_beta.txt	21	PASFLG	09	AML	False
450K	TARGET-AML	TARGET-20-PASPLU-14A	TARGET-20-PASPLU-14A.Ave_Beta	idat_sample_sheet_TARGET-AML__450k_beta.txt	20	PASPLU	14	AML	True
450K	TARGET-AML	TARGET-20-PAEDKB-04A	TARGET-20-PAEDKB-04A.Ave_Beta	idat_sample_sheet_TARGET-AML__450k_beta.txt	20	PAEDKB	04	AML	False
450K	TARGET-AML	TARGET-20-PARPPY-14A	TARGET-20-PARPPY-14A.Ave_Beta	idat_sample_sheet_TARGET-AML__450k_beta.txt	20	PARPPY	14	AML	True
450K	TARGET-AML	TARGET-20-PATDHA-09A	TARGET-20-PATDHA-09A.Ave_Beta	idat_sample_sheet_TARGET-AML__450k_beta.txt	20	PATDHA	09	AML	False
450K	TARGET-AML	TARGET-20-PASWPD-04A	TARGET-20-PASWPD-04A.Ave_Beta	idat_sample_sheet_TARGET-AML__450k_beta.txt	20	PASWPD	04	AML	False
450K	TARGET-AML	TARGET-20-PAMYAS-14A	TARGET-20-PAMYAS-14A.Ave_Beta	idat_sample_sheet_TARGET-AML__450k_beta.txt	20	PAMYAS	14	AML	True
450K	TARGET-AML	TARGET-21-PATJMY-14A	TARGET-21-PATJMY-14A.Ave_Beta	idat_sample_sheet_TARGET-AML__450k_beta.txt	21	PATJMY	14	AML	True
450K	TARGET-AML	TARGET-20-PARBIU-04A	TARGET-20-PARBIU-04A.Ave_Beta	idat_sample_sheet_TARGET-AML__450k_beta.txt	20	PARBIU	04	AML	False
450K	TARGET-AML	TARGET-20-PAEFGT-04A	TARGET-20-PAEFGT-04A.Ave_Beta	idat_sample_sheet_TARGET-AML__450k_beta.txt	20	PAEFGT	04	AML	False
450K	TARGET-AML	TARGET-20-PASVVS-14A	TARGET-20-PASVVS-14A.Ave_Beta	idat_sample_sheet_TARGET-AML__450k_beta.txt	20	PASVVS	14	AML	True
450K	TARGET-AML	TARGET-21-PARLSL-15A	TARGET-21-PARLSL-15A.Ave_Beta	idat_sample_sheet_TARGET-AML__450k_beta.txt	21	PARLSL	15	AML	True
450K	TARGET-AML	TARGET-20-PASIEJ-04A	TARGET-20-PASIEJ-04A.Ave_Beta	idat_sample_sheet_TARGET-AML__450k_beta.txt	20	PASIEJ	04	AML	False
450K	TARGET-AML	TARGET-21-PASIGA-15A	TARGET-21-PASIGA-15A.Ave_Beta	idat_sample_sheet_TARGET-AML__450k_beta.txt	21	PASIGA	15	AML	True
450K	TARGET-AML	TARGET-20-PAEERJ-04A	TARGET-20-PAEERJ-04A.Ave_Beta	idat_sample_sheet_TARGET-AML__450k_beta.txt	20	PAEERJ	04	AML	False
450K	TARGET-AML	TARGET-20-PANTNA-04A	TARGET-20-PANTNA-04A.Ave_Beta	idat_sample_sheet_TARGET-AML__450k_beta.txt	20	PANTNA	04	AML	False
450K	TARGET-AML	TARGET-21-PASHMK-09A	TARGET-21-PASHMK-09A.Ave_Beta	idat_sample_sheet_TARGET-AML__450k_beta.txt	21	PASHMK	09	AML	False
450K	TARGET-AML	TARGET-21-PATKBK-15A	TARGET-21-PATKBK-15A.Ave_Beta	idat_sample_sheet_TARGET-AML__450k_beta.txt	21	PATKBK	15	AML	True
450K	TARGET-AML	TARGET-20-PAPXWI-04A	TARGET-20-PAPXWI-04A.Ave_Beta	idat_sample_sheet_TARGET-AML__450k_beta.txt	20	PAPXWI	04	AML	False
450K	TARGET-AML	TARGET-21-PASDXR-09A	TARGET-21-PASDXR-09A.Ave_Beta	idat_sample_sheet_TARGET-AML__450k_beta.txt	21	PASDXR	09	AML	False
450K	TARGET-AML	TARGET-21-PARHRS-15A	TARGET-21-PARHRS-15A.Ave_Beta	idat_sample_sheet_TARGET-AML__450k_beta.txt	21	PARHRS	15	AML	True
450K	TARGET-AML	TARGET-20-PASJTM-14A	TARGET-20-PASJTM-14A.Ave_Beta	idat_sample_sheet_TARGET-AML__450k_beta.txt	20	PASJTM	14	AML	True
450K	TARGET-AML	TARGET-20-PARVUA-03A	TARGET-20-PARVUA-03A.Ave_Beta	idat_sample_sheet_TARGET-AML__450k_beta.txt	20	PARVUA	03	AML	False
450K	TARGET-AML	TARGET-20-PARWXU-14A	TARGET-20-PARWXU-14A.Ave_Beta	idat_sample_sheet_TARGET-AML__450k_beta.txt	20	PARWXU	14	AML	True
450K	TARGET-AML	TARGET-20-PANCSC-14A	TARGET-20-PANCSC-14A.Ave_Beta	idat_sample_sheet_TARGET-AML__450k_beta.txt	20	PANCSC	14	AML	True
450K	TARGET-AML	TARGET-20-PARXMP-09A	TARGET-20-PARXMP-09A.Ave_Beta	idat_sample_sheet_TARGET-AML__450k_beta.txt	20	PARXMP	09	AML	False
450K	TARGET-AML	TARGET-20-PARFIW-03A	TARGET-20-PARFIW-03A.Ave_Beta	idat_sample_sheet_TARGET-AML__450k_beta.txt	20	PARFIW	03	AML	False
450K	TARGET-AML	TARGET-20-PABLDZ-14A	TARGET-20-PABLDZ-14A.Ave_Beta	idat_sample_sheet_TARGET-AML__450k_beta.txt	20	PABLDZ	14	AML	True
450K	TARGET-AML	TARGET-20-PARXMP-14A	TARGET-20-PARXMP-14A.Ave_Beta	idat_sample_sheet_TARGET-AML__450k_beta.txt	20	PARXMP	14	AML	True
450K	TARGET-AML	TARGET-20-PANGTF-09A	TARGET-20-PANGTF-09A.Ave_Beta	idat_sample_sheet_TARGET-AML__450k_beta.txt	20	PANGTF	09	AML	False
450K	TARGET-AML	TARGET-20-PADYIR-03A	TARGET-20-PADYIR-03A.Ave_Beta	idat_sample_sheet_TARGET-AML__450k_beta.txt	20	PADYIR	03	AML	False
450K	TARGET-AML	TARGET-20-PASGMZ-09A	TARGET-20-PASGMZ-09A.Ave_Beta	idat_sample_sheet_TARGET-AML__450k_beta.txt	20	PASGMZ	09	AML	False
450K	TARGET-AML	TARGET-20-PASWLN-09A	TARGET-20-PASWLN-09A.Ave_Beta	idat_sample_sheet_TARGET-AML__450k_beta.txt	20	PASWLN	09	AML	False
450K	TARGET-AML	TARGET-21-PARXYR-15A	TARGET-21-PARXYR-15A.Ave_Beta	idat_sample_sheet_TARGET-AML__450k_beta.txt	21	PARXYR	15	AML	True
450K	TARGET-AML	TARGET-21-PARNAW-14A	TARGET-21-PARNAW-14A.Ave_Beta	idat_sample_sheet_TARGET-AML__450k_beta.txt	21	PARNAW	14	AML	True
450K	TARGET-AML	TARGET-20-PANCSC-09A	TARGET-20-PANCSC-09A.Ave_Beta	idat_sample_sheet_TARGET-AML__450k_beta.txt	20	PANCSC	09	AML	False
450K	TARGET-AML	TARGET-20-PANSJB-09A	TARGET-20-PANSJB-09A.Ave_Beta	idat_sample_sheet_TARGET-AML__450k_beta.txt	20	PANSJB	09	AML	False
450K	TARGET-CCSK	TARGET-51-PAJMFS-01A	TARGET-51-PAJMFS-01A.Ave_Beta	idat_sample_sheet_TARGET-CCSK__450k_beta.txt	51	PAJMFS	01	CCSK	False
450K	TARGET-CCSK	TARGET-51-PAKWMM-01A	TARGET-51-PAKWMM-01A.Ave_Beta	idat_sample_sheet_TARGET-CCSK__450k_beta.txt	51	PAKWMM	01	CCSK	False
450K	TARGET-CCSK	TARGET-51-PALEIR-01A	TARGET-51-PALEIR-01A.Ave_Beta	idat_sample_sheet_TARGET-CCSK__450k_beta.txt	51	PALEIR	01	CCSK	False
450K	TARGET-CCSK	TARGET-51-PAEALX-01A	TARGET-51-PAEALX-01A.Ave_Beta	idat_sample_sheet_TARGET-CCSK__450k_beta.txt	51	PAEALX	01	CCSK	False
450K	TARGET-CCSK	TARGET-51-PAJLWU-01A	TARGET-51-PAJLWU-01A.Ave_Beta	idat_sample_sheet_TARGET-CCSK__450k_beta.txt	51	PAJLWU	01	CCSK	False
450K	TARGET-CCSK	TARGET-51-PALFYG-01A	TARGET-51-PALFYG-01A.Ave_Beta	idat_sample_sheet_TARGET-CCSK__450k_beta.txt	51	PALFYG	01	CCSK	False
450K	TARGET-CCSK	TARGET-51-PALKEI-01A	TARGET-51-PALKEI-01A.Ave_Beta	idat_sample_sheet_TARGET-CCSK__450k_beta.txt	51	PALKEI	01	CCSK	False
450K	TARGET-CCSK	TARGET-51-PALLXV-01A	TARGET-51-PALLXV-01A.Ave_Beta	idat_sample_sheet_TARGET-CCSK__450k_beta.txt	51	PALLXV	01	CCSK	False
450K	TARGET-CCSK	TARGET-51-PAJPFB-01A	TARGET-51-PAJPFB-01A.Ave_Beta	idat_sample_sheet_TARGET-CCSK__450k_beta.txt	51	PAJPFB	01	CCSK	False
450K	TARGET-CCSK	TARGET-51-PALFEF-01A	TARGET-51-PALFEF-01A.Ave_Beta	idat_sample_sheet_TARGET-CCSK__450k_beta.txt	51	PALFEF	01	CCSK	False
450K	TARGET-CCSK	TARGET-51-PAJNCV-01A	TARGET-51-PAJNCV-01A.Ave_Beta	idat_sample_sheet_TARGET-CCSK__450k_beta.txt	51	PAJNCV	01	CCSK	False
450K	TARGET-NBL	TARGET-30-PAPSEI-01A	TARGET-30-PAPSEI-01A.Ave_Beta	idat_sample_sheet_TARGET-NBL__450k_beta.txt	30	PAPSEI	01	NBL	False
450K	TARGET-NBL	TARGET-30-PASUYG-01A	TARGET-30-PASUYG-01A.Ave_Beta	idat_sample_sheet_TARGET-NBL__450k_beta.txt	30	PASUYG	01	NBL	False
450K	TARGET-NBL	TARGET-30-PAPTAN-01A	TARGET-30-PAPTAN-01A.Ave_Beta	idat_sample_sheet_TARGET-NBL__450k_beta.txt	30	PAPTAN	01	NBL	False
450K	TARGET-NBL	TARGET-30-PARACM-01A	TARGET-30-PARACM-01A.Ave_Beta	idat_sample_sheet_TARGET-NBL__450k_beta.txt	30	PARACM	01	NBL	False
450K	TARGET-NBL	TARGET-30-PAPVXS-01A	TARGET-30-PAPVXS-01A.Ave_Beta	idat_sample_sheet_TARGET-NBL__450k_beta.txt	30	PAPVXS	01	NBL	False
450K	TARGET-NBL	TARGET-30-PAMMXF-01A	TARGET-30-PAMMXF-01A.Ave_Beta	idat_sample_sheet_TARGET-NBL__450k_beta.txt	30	PAMMXF	01	NBL	False
450K	TARGET-NBL	TARGET-30-PASTKC-01A	TARGET-30-PASTKC-01A.Ave_Beta	idat_sample_sheet_TARGET-NBL__450k_beta.txt	30	PASTKC	01	NBL	False
450K	TARGET-NBL	TARGET-30-PARHYL-01A	TARGET-30-PARHYL-01A.Ave_Beta	idat_sample_sheet_TARGET-NBL__450k_beta.txt	30	PARHYL	01	NBL	False
450K	TARGET-NBL	TARGET-30-PALBFW-01A	TARGET-30-PALBFW-01A.Ave_Beta	idat_sample_sheet_TARGET-NBL__450k_beta.txt	30	PALBFW	01	NBL	False
450K	TARGET-NBL	TARGET-30-PASJYB-01A	TARGET-30-PASJYB-01A.Ave_Beta	idat_sample_sheet_TARGET-NBL__450k_beta.txt	30	PASJYB	01	NBL	False
450K	TARGET-NBL	TARGET-30-PAPUJU-01A	TARGET-30-PAPUJU-01A.Ave_Beta	idat_sample_sheet_TARGET-NBL__450k_beta.txt	30	PAPUJU	01	NBL	False
450K	TARGET-NBL	TARGET-30-PAMZMJ-01A	TARGET-30-PAMZMJ-01A.Ave_Beta	idat_sample_sheet_TARGET-NBL__450k_beta.txt	30	PAMZMJ	01	NBL	False
450K	TARGET-NBL	TARGET-30-PASGUT-01A	TARGET-30-PASGUT-01A.Ave_Beta	idat_sample_sheet_TARGET-NBL__450k_beta.txt	30	PASGUT	01	NBL	False
450K	TARGET-NBL	TARGET-30-PASNPG-01A	TARGET-30-PASNPG-01A.Ave_Beta	idat_sample_sheet_TARGET-NBL__450k_beta.txt	30	PASNPG	01	NBL	False
450K	TARGET-NBL	TARGET-30-PANRVJ-01A	TARGET-30-PANRVJ-01A.Ave_Beta	idat_sample_sheet_TARGET-NBL__450k_beta.txt	30	PANRVJ	01	NBL	False
450K	TARGET-NBL	TARGET-30-PASMDM-01A	TARGET-30-PASMDM-01A.Ave_Beta	idat_sample_sheet_TARGET-NBL__450k_beta.txt	30	PASMDM	01	NBL	False
450K	TARGET-NBL	TARGET-30-PASGPY-01A	TARGET-30-PASGPY-01A.Ave_Beta	idat_sample_sheet_TARGET-NBL__450k_beta.txt	30	PASGPY	01	NBL	False
450K	TARGET-NBL	TARGET-30-PASWFB-01A	TARGET-30-PASWFB-01A.Ave_Beta	idat_sample_sheet_TARGET-NBL__450k_beta.txt	30	PASWFB	01	NBL	False
450K	TARGET-NBL	TARGET-00-NAAENN-11A	TARGET-00-NAAENN-11A.Ave_Beta	idat_sample_sheet_TARGET-NBL__450k_beta.txt	00	NAAENN	11	Normal/other	True
450K	TARGET-NBL	TARGET-30-PAPVEB-04A	TARGET-30-PAPVEB-04A.Ave_Beta	idat_sample_sheet_TARGET-NBL__450k_beta.txt	30	PAPVEB	04	NBL	False
450K	TARGET-NBL	TARGET-30-PAIVMJ-01A	TARGET-30-PAIVMJ-01A.Ave_Beta	idat_sample_sheet_TARGET-NBL__450k_beta.txt	30	PAIVMJ	01	NBL	False
450K	TARGET-NBL	TARGET-30-PATYIL-01A	TARGET-30-PATYIL-01A.Ave_Beta	idat_sample_sheet_TARGET-NBL__450k_beta.txt	30	PATYIL	01	NBL	False
450K	TARGET-NBL	TARGET-30-PARSHT-01A	TARGET-30-PARSHT-01A.Ave_Beta	idat_sample_sheet_TARGET-NBL__450k_beta.txt	30	PARSHT	01	NBL	False
450K	TARGET-NBL	TARGET-30-PARSBI-01A	TARGET-30-PARSBI-01A.Ave_Beta	idat_sample_sheet_TARGET-NBL__450k_beta.txt	30	PARSBI	01	NBL	False
450K	TARGET-NBL	TARGET-30-PANNMS-01A	TARGET-30-PANNMS-01A.Ave_Beta	idat_sample_sheet_TARGET-NBL__450k_beta.txt	30	PANNMS	01	NBL	False
450K	TARGET-NBL	TARGET-30-PASXIE-01A	TARGET-30-PASXIE-01A.Ave_Beta	idat_sample_sheet_TARGET-NBL__450k_beta.txt	30	PASXIE	01	NBL	False
450K	TARGET-NBL	TARGET-30-PASREY-01A	TARGET-30-PASREY-01A.Ave_Beta	idat_sample_sheet_TARGET-NBL__450k_beta.txt	30	PASREY	01	NBL	False
450K	TARGET-NBL	TARGET-30-PASHFA-02A	TARGET-30-PASHFA-02A.Ave_Beta	idat_sample_sheet_TARGET-NBL__450k_beta.txt	30	PASHFA	02	NBL	False
450K	TARGET-NBL	TARGET-30-PAPEFE-01A	TARGET-30-PAPEFE-01A.Ave_Beta	idat_sample_sheet_TARGET-NBL__450k_beta.txt	30	PAPEFE	01	NBL	False
450K	TARGET-NBL	TARGET-30-PASNEF-01A	TARGET-30-PASNEF-01A.Ave_Beta	idat_sample_sheet_TARGET-NBL__450k_beta.txt	30	PASNEF	01	NBL	False
450K	TARGET-NBL	TARGET-30-PALXTB-01A	TARGET-30-PALXTB-01A.Ave_Beta	idat_sample_sheet_TARGET-NBL__450k_beta.txt	30	PALXTB	01	NBL	False
450K	TARGET-NBL	TARGET-30-PARVLK-01A	TARGET-30-PARVLK-01A.Ave_Beta	idat_sample_sheet_TARGET-NBL__450k_beta.txt	30	PARVLK	01	NBL	False
450K	TARGET-NBL	TARGET-30-PALKXJ-01A	TARGET-30-PALKXJ-01A.Ave_Beta	idat_sample_sheet_TARGET-NBL__450k_beta.txt	30	PALKXJ	01	NBL	False
450K	TARGET-NBL	TARGET-30-PAPTLY-01A	TARGET-30-PAPTLY-01A.Ave_Beta	idat_sample_sheet_TARGET-NBL__450k_beta.txt	30	PAPTLY	01	NBL	False
450K	TARGET-NBL	TARGET-30-PARSEA-01A	TARGET-30-PARSEA-01A.Ave_Beta	idat_sample_sheet_TARGET-NBL__450k_beta.txt	30	PARSEA	01	NBL	False
450K	TARGET-NBL	TARGET-30-PARGDJ-01A	TARGET-30-PARGDJ-01A.Ave_Beta	idat_sample_sheet_TARGET-NBL__450k_beta.txt	30	PARGDJ	01	NBL	False
450K	TARGET-NBL	TARGET-30-PATDWN-01A	TARGET-30-PATDWN-01A.Ave_Beta	idat_sample_sheet_TARGET-NBL__450k_beta.txt	30	PATDWN	01	NBL	False
450K	TARGET-NBL	TARGET-30-PATGLU-01A	TARGET-30-PATGLU-01A.Ave_Beta	idat_sample_sheet_TARGET-NBL__450k_beta.txt	30	PATGLU	01	NBL	False
450K	TARGET-NBL	TARGET-30-PANUIF-01A	TARGET-30-PANUIF-01A.Ave_Beta	idat_sample_sheet_TARGET-NBL__450k_beta.txt	30	PANUIF	01	NBL	False
450K	TARGET-NBL	TARGET-30-PARZCJ-01A	TARGET-30-PARZCJ-01A.Ave_Beta	idat_sample_sheet_TARGET-NBL__450k_beta.txt	30	PARZCJ	01	NBL	False
450K	TARGET-NBL	TARGET-30-PASNPG-02A	TARGET-30-PASNPG-02A.Ave_Beta	idat_sample_sheet_TARGET-NBL__450k_beta.txt	30	PASNPG	02	NBL	False
450K	TARGET-NBL	TARGET-30-PASATK-01A	TARGET-30-PASATK-01A.Ave_Beta	idat_sample_sheet_TARGET-NBL__450k_beta.txt	30	PASATK	01	NBL	False
450K	TARGET-NBL	TARGET-00-NAAENF-11A	TARGET-00-NAAENF-11A.Ave_Beta	idat_sample_sheet_TARGET-NBL__450k_beta.txt	00	NAAENF	11	Normal/other	True
450K	TARGET-NBL	TARGET-30-PARGKK-01A	TARGET-30-PARGKK-01A.Ave_Beta	idat_sample_sheet_TARGET-NBL__450k_beta.txt	30	PARGKK	01	NBL	False
450K	TARGET-NBL	TARGET-30-PARAMT-01A	TARGET-30-PARAMT-01A.Ave_Beta	idat_sample_sheet_TARGET-NBL__450k_beta.txt	30	PARAMT	01	NBL	False
450K	TARGET-NBL	TARGET-30-PARIRD-01A	TARGET-30-PARIRD-01A.Ave_Beta	idat_sample_sheet_TARGET-NBL__450k_beta.txt	30	PARIRD	01	NBL	False
450K	TARGET-NBL	TARGET-30-PARZIP-01A	TARGET-30-PARZIP-01A.Ave_Beta	idat_sample_sheet_TARGET-NBL__450k_beta.txt	30	PARZIP	01	NBL	False
450K	TARGET-NBL	TARGET-30-PASVRU-01A	TARGET-30-PASVRU-01A.Ave_Beta	idat_sample_sheet_TARGET-NBL__450k_beta.txt	30	PASVRU	01	NBL	False
450K	TARGET-NBL	TARGET-30-PAPCTS-01A	TARGET-30-PAPCTS-01A.Ave_Beta	idat_sample_sheet_TARGET-NBL__450k_beta.txt	30	PAPCTS	01	NBL	False
450K	TARGET-NBL	TARGET-30-PALETP-01A	TARGET-30-PALETP-01A.Ave_Beta	idat_sample_sheet_TARGET-NBL__450k_beta.txt	30	PALETP	01	NBL	False
450K	TARGET-NBL	TARGET-30-PALRIA-01A	TARGET-30-PALRIA-01A.Ave_Beta	idat_sample_sheet_TARGET-NBL__450k_beta.txt	30	PALRIA	01	NBL	False
450K	TARGET-NBL	TARGET-30-PAKINP-01A	TARGET-30-PAKINP-01A.Ave_Beta	idat_sample_sheet_TARGET-NBL__450k_beta.txt	30	PAKINP	01	NBL	False
450K	TARGET-NBL	TARGET-30-PASCLP-01A	TARGET-30-PASCLP-01A.Ave_Beta	idat_sample_sheet_TARGET-NBL__450k_beta.txt	30	PASCLP	01	NBL	False
450K	TARGET-NBL	TARGET-30-PAPTLD-01A	TARGET-30-PAPTLD-01A.Ave_Beta	idat_sample_sheet_TARGET-NBL__450k_beta.txt	30	PAPTLD	01	NBL	False
450K	TARGET-NBL	TARGET-30-PASCKI-01A	TARGET-30-PASCKI-01A.Ave_Beta	idat_sample_sheet_TARGET-NBL__450k_beta.txt	30	PASCKI	01	NBL	False
450K	TARGET-NBL	TARGET-30-PASLGS-01A	TARGET-30-PASLGS-01A.Ave_Beta	idat_sample_sheet_TARGET-NBL__450k_beta.txt	30	PASLGS	01	NBL	False
450K	TARGET-NBL	TARGET-30-PAPICY-01A	TARGET-30-PAPICY-01A.Ave_Beta	idat_sample_sheet_TARGET-NBL__450k_beta.txt	30	PAPICY	01	NBL	False
450K	TARGET-NBL	TARGET-30-PALHVD-01A	TARGET-30-PALHVD-01A.Ave_Beta	idat_sample_sheet_TARGET-NBL__450k_beta.txt	30	PALHVD	01	NBL	False
450K	TARGET-NBL	TARGET-30-PAPTLV-01A	TARGET-30-PAPTLV-01A.Ave_Beta	idat_sample_sheet_TARGET-NBL__450k_beta.txt	30	PAPTLV	01	NBL	False
450K	TARGET-NBL	TARGET-30-PAPWUC-01A	TARGET-30-PAPWUC-01A.Ave_Beta	idat_sample_sheet_TARGET-NBL__450k_beta.txt	30	PAPWUC	01	NBL	False
450K	TARGET-NBL	TARGET-30-PALIIN-01A	TARGET-30-PALIIN-01A.Ave_Beta	idat_sample_sheet_TARGET-NBL__450k_beta.txt	30	PALIIN	01	NBL	False
450K	TARGET-NBL	TARGET-30-PAPUAR-01A	TARGET-30-PAPUAR-01A.Ave_Beta	idat_sample_sheet_TARGET-NBL__450k_beta.txt	30	PAPUAR	01	NBL	False
450K	TARGET-NBL	TARGET-30-PATNKP-01A	TARGET-30-PATNKP-01A.Ave_Beta	idat_sample_sheet_TARGET-NBL__450k_beta.txt	30	PATNKP	01	NBL	False
450K	TARGET-NBL	TARGET-30-PATCFL-01A	TARGET-30-PATCFL-01A.Ave_Beta	idat_sample_sheet_TARGET-NBL__450k_beta.txt	30	PATCFL	01	NBL	False
450K	TARGET-NBL	TARGET-30-PARNTS-01A	TARGET-30-PARNTS-01A.Ave_Beta	idat_sample_sheet_TARGET-NBL__450k_beta.txt	30	PARNTS	01	NBL	False
450K	TARGET-NBL	TARGET-00-NAAENH-11A	TARGET-00-NAAENH-11A.Ave_Beta	idat_sample_sheet_TARGET-NBL__450k_beta.txt	00	NAAENH	11	Normal/other	True
450K	TARGET-NBL	TARGET-30-PAPUNH-01A	TARGET-30-PAPUNH-01A.Ave_Beta	idat_sample_sheet_TARGET-NBL__450k_beta.txt	30	PAPUNH	01	NBL	False
450K	TARGET-NBL	TARGET-30-PAUDDK-02A	TARGET-30-PAUDDK-02A.Ave_Beta	idat_sample_sheet_TARGET-NBL__450k_beta.txt	30	PAUDDK	02	NBL	False
450K	TARGET-NBL	TARGET-30-PAITCI-01A	TARGET-30-PAITCI-01A.Ave_Beta	idat_sample_sheet_TARGET-NBL__450k_beta.txt	30	PAITCI	01	NBL	False
450K	TARGET-NBL	TARGET-00-NAAENM-11A	TARGET-00-NAAENM-11A.Ave_Beta	idat_sample_sheet_TARGET-NBL__450k_beta.txt	00	NAAENM	11	Normal/other	True
450K	TARGET-NBL	TARGET-30-PASNML-01A	TARGET-30-PASNML-01A.Ave_Beta	idat_sample_sheet_TARGET-NBL__450k_beta.txt	30	PASNML	01	NBL	False
450K	TARGET-NBL	TARGET-30-PAPTIP-01A	TARGET-30-PAPTIP-01A.Ave_Beta	idat_sample_sheet_TARGET-NBL__450k_beta.txt	30	PAPTIP	01	NBL	False
450K	TARGET-NBL	TARGET-30-PASXHE-01A	TARGET-30-PASXHE-01A.Ave_Beta	idat_sample_sheet_TARGET-NBL__450k_beta.txt	30	PASXHE	01	NBL	False
450K	TARGET-NBL	TARGET-30-PASUCB-01A	TARGET-30-PASUCB-01A.Ave_Beta	idat_sample_sheet_TARGET-NBL__450k_beta.txt	30	PASUCB	01	NBL	False
450K	TARGET-NBL	TARGET-30-PASCUF-01A	TARGET-30-PASCUF-01A.Ave_Beta	idat_sample_sheet_TARGET-NBL__450k_beta.txt	30	PASCUF	01	NBL	False
450K	TARGET-NBL	TARGET-30-PASPER-01A	TARGET-30-PASPER-01A.Ave_Beta	idat_sample_sheet_TARGET-NBL__450k_beta.txt	30	PASPER	01	NBL	False
450K	TARGET-NBL	TARGET-30-PAPVRN-01A	TARGET-30-PAPVRN-01A.Ave_Beta	idat_sample_sheet_TARGET-NBL__450k_beta.txt	30	PAPVRN	01	NBL	False
450K	TARGET-NBL	TARGET-30-PASJZC-01A	TARGET-30-PASJZC-01A.Ave_Beta	idat_sample_sheet_TARGET-NBL__450k_beta.txt	30	PASJZC	01	NBL	False
450K	TARGET-NBL	TARGET-30-PASSWW-01A	TARGET-30-PASSWW-01A.Ave_Beta	idat_sample_sheet_TARGET-NBL__450k_beta.txt	30	PASSWW	01	NBL	False
450K	TARGET-NBL	TARGET-30-PARMFA-01A	TARGET-30-PARMFA-01A.Ave_Beta	idat_sample_sheet_TARGET-NBL__450k_beta.txt	30	PARMFA	01	NBL	False
450K	TARGET-NBL	TARGET-30-PARDIW-01A	TARGET-30-PARDIW-01A.Ave_Beta	idat_sample_sheet_TARGET-NBL__450k_beta.txt	30	PARDIW	01	NBL	False
450K	TARGET-NBL	TARGET-30-PARABN-01A	TARGET-30-PARABN-01A.Ave_Beta	idat_sample_sheet_TARGET-NBL__450k_beta.txt	30	PARABN	01	NBL	False
450K	TARGET-NBL	TARGET-30-PALSAE-01A	TARGET-30-PALSAE-01A.Ave_Beta	idat_sample_sheet_TARGET-NBL__450k_beta.txt	30	PALSAE	01	NBL	False
450K	TARGET-NBL	TARGET-30-PARKGJ-01A	TARGET-30-PARKGJ-01A.Ave_Beta	idat_sample_sheet_TARGET-NBL__450k_beta.txt	30	PARKGJ	01	NBL	False
450K	TARGET-NBL	TARGET-30-PATFXV-01A	TARGET-30-PATFXV-01A.Ave_Beta	idat_sample_sheet_TARGET-NBL__450k_beta.txt	30	PATFXV	01	NBL	False
450K	TARGET-NBL	TARGET-30-PALZRG-01A	TARGET-30-PALZRG-01A.Ave_Beta	idat_sample_sheet_TARGET-NBL__450k_beta.txt	30	PALZRG	01	NBL	False
450K	TARGET-NBL	TARGET-30-PASSRN-01A	TARGET-30-PASSRN-01A.Ave_Beta	idat_sample_sheet_TARGET-NBL__450k_beta.txt	30	PASSRN	01	NBL	False
450K	TARGET-NBL	TARGET-30-PAIVZR-01A	TARGET-30-PAIVZR-01A.Ave_Beta	idat_sample_sheet_TARGET-NBL__450k_beta.txt	30	PAIVZR	01	NBL	False
450K	TARGET-NBL	TARGET-30-PAPBZI-01A	TARGET-30-PAPBZI-01A.Ave_Beta	idat_sample_sheet_TARGET-NBL__450k_beta.txt	30	PAPBZI	01	NBL	False
450K	TARGET-NBL	TARGET-30-PARFWB-01A	TARGET-30-PARFWB-01A.Ave_Beta	idat_sample_sheet_TARGET-NBL__450k_beta.txt	30	PARFWB	01	NBL	False
450K	TARGET-NBL	TARGET-30-PASSRS-01A	TARGET-30-PASSRS-01A.Ave_Beta	idat_sample_sheet_TARGET-NBL__450k_beta.txt	30	PASSRS	01	NBL	False
450K	TARGET-NBL	TARGET-30-PANBSP-01A	TARGET-30-PANBSP-01A.Ave_Beta	idat_sample_sheet_TARGET-NBL__450k_beta.txt	30	PANBSP	01	NBL	False
450K	TARGET-NBL	TARGET-30-PARDCK-01A	TARGET-30-PARDCK-01A.Ave_Beta	idat_sample_sheet_TARGET-NBL__450k_beta.txt	30	PARDCK	01	NBL	False
450K	TARGET-NBL	TARGET-30-PAKYZS-01A	TARGET-30-PAKYZS-01A.Ave_Beta	idat_sample_sheet_TARGET-NBL__450k_beta.txt	30	PAKYZS	01	NBL	False
450K	TARGET-NBL	TARGET-30-PAPTCR-01A	TARGET-30-PAPTCR-01A.Ave_Beta	idat_sample_sheet_TARGET-NBL__450k_beta.txt	30	PAPTCR	01	NBL	False
450K	TARGET-NBL	TARGET-30-PARIKF-01A	TARGET-30-PARIKF-01A.Ave_Beta	idat_sample_sheet_TARGET-NBL__450k_beta.txt	30	PARIKF	01	NBL	False
450K	TARGET-NBL	TARGET-30-PARJVP-01A	TARGET-30-PARJVP-01A.Ave_Beta	idat_sample_sheet_TARGET-NBL__450k_beta.txt	30	PARJVP	01	NBL	False
450K	TARGET-NBL	TARGET-30-PALZZV-01A	TARGET-30-PALZZV-01A.Ave_Beta	idat_sample_sheet_TARGET-NBL__450k_beta.txt	30	PALZZV	01	NBL	False
450K	TARGET-NBL	TARGET-30-PATESI-01A	TARGET-30-PATESI-01A.Ave_Beta	idat_sample_sheet_TARGET-NBL__450k_beta.txt	30	PATESI	01	NBL	False
450K	TARGET-NBL	TARGET-30-PALEVG-01A	TARGET-30-PALEVG-01A.Ave_Beta	idat_sample_sheet_TARGET-NBL__450k_beta.txt	30	PALEVG	01	NBL	False
450K	TARGET-NBL	TARGET-30-PAPSKM-01A	TARGET-30-PAPSKM-01A.Ave_Beta	idat_sample_sheet_TARGET-NBL__450k_beta.txt	30	PAPSKM	01	NBL	False
450K	TARGET-NBL	TARGET-30-PASWVY-01A	TARGET-30-PASWVY-01A.Ave_Beta	idat_sample_sheet_TARGET-NBL__450k_beta.txt	30	PASWVY	01	NBL	False
450K	TARGET-NBL	TARGET-30-PASFIC-01A	TARGET-30-PASFIC-01A.Ave_Beta	idat_sample_sheet_TARGET-NBL__450k_beta.txt	30	PASFIC	01	NBL	False
450K	TARGET-NBL	TARGET-30-PASBEN-01A	TARGET-30-PASBEN-01A.Ave_Beta	idat_sample_sheet_TARGET-NBL__450k_beta.txt	30	PASBEN	01	NBL	False
450K	TARGET-NBL	TARGET-30-PARMTT-01A	TARGET-30-PARMTT-01A.Ave_Beta	idat_sample_sheet_TARGET-NBL__450k_beta.txt	30	PARMTT	01	NBL	False
450K	TARGET-NBL	TARGET-00-NAAENL-11A	TARGET-00-NAAENL-11A.Ave_Beta	idat_sample_sheet_TARGET-NBL__450k_beta.txt	00	NAAENL	11	Normal/other	True
450K	TARGET-NBL	TARGET-30-PARVME-01A	TARGET-30-PARVME-01A.Ave_Beta	idat_sample_sheet_TARGET-NBL__450k_beta.txt	30	PARVME	01	NBL	False
450K	TARGET-NBL	TARGET-30-PASRFS-01A	TARGET-30-PASRFS-01A.Ave_Beta	idat_sample_sheet_TARGET-NBL__450k_beta.txt	30	PASRFS	01	NBL	False
450K	TARGET-NBL	TARGET-00-NAAENP-11A	TARGET-00-NAAENP-11A.Ave_Beta	idat_sample_sheet_TARGET-NBL__450k_beta.txt	00	NAAENP	11	Normal/other	True
450K	TARGET-NBL	TARGET-30-PAUDDK-01A	TARGET-30-PAUDDK-01A.Ave_Beta	idat_sample_sheet_TARGET-NBL__450k_beta.txt	30	PAUDDK	01	NBL	False
450K	TARGET-NBL	TARGET-30-PANZVU-01A	TARGET-30-PANZVU-01A.Ave_Beta	idat_sample_sheet_TARGET-NBL__450k_beta.txt	30	PANZVU	01	NBL	False
450K	TARGET-NBL	TARGET-30-PAPKXS-01A	TARGET-30-PAPKXS-01A.Ave_Beta	idat_sample_sheet_TARGET-NBL__450k_beta.txt	30	PAPKXS	01	NBL	False
450K	TARGET-NBL	TARGET-30-PARACS-01A	TARGET-30-PARACS-01A.Ave_Beta	idat_sample_sheet_TARGET-NBL__450k_beta.txt	30	PARACS	01	NBL	False
450K	TARGET-NBL	TARGET-30-PATAYJ-01A	TARGET-30-PATAYJ-01A.Ave_Beta	idat_sample_sheet_TARGET-NBL__450k_beta.txt	30	PATAYJ	01	NBL	False
450K	TARGET-NBL	TARGET-30-PAPRXW-01A	TARGET-30-PAPRXW-01A.Ave_Beta	idat_sample_sheet_TARGET-NBL__450k_beta.txt	30	PAPRXW	01	NBL	False
450K	TARGET-NBL	TARGET-30-PARFRE-01A	TARGET-30-PARFRE-01A.Ave_Beta	idat_sample_sheet_TARGET-NBL__450k_beta.txt	30	PARFRE	01	NBL	False
450K	TARGET-NBL	TARGET-00-NAAENR-11A	TARGET-00-NAAENR-11A.Ave_Beta	idat_sample_sheet_TARGET-NBL__450k_beta.txt	00	NAAENR	11	Normal/other	True
450K	TARGET-NBL	TARGET-30-PAREGK-01A	TARGET-30-PAREGK-01A.Ave_Beta	idat_sample_sheet_TARGET-NBL__450k_beta.txt	30	PAREGK	01	NBL	False
450K	TARGET-NBL	TARGET-30-PAPBGH-01A	TARGET-30-PAPBGH-01A.Ave_Beta	idat_sample_sheet_TARGET-NBL__450k_beta.txt	30	PAPBGH	01	NBL	False
450K	TARGET-NBL	TARGET-30-PASMJG-01A	TARGET-30-PASMJG-01A.Ave_Beta	idat_sample_sheet_TARGET-NBL__450k_beta.txt	30	PASMJG	01	NBL	False
450K	TARGET-NBL	TARGET-30-PATGJU-01A	TARGET-30-PATGJU-01A.Ave_Beta	idat_sample_sheet_TARGET-NBL__450k_beta.txt	30	PATGJU	01	NBL	False
450K	TARGET-NBL	TARGET-30-PANZPV-01A	TARGET-30-PANZPV-01A.Ave_Beta	idat_sample_sheet_TARGET-NBL__450k_beta.txt	30	PANZPV	01	NBL	False
450K	TARGET-NBL	TARGET-30-PANRRW-01A	TARGET-30-PANRRW-01A.Ave_Beta	idat_sample_sheet_TARGET-NBL__450k_beta.txt	30	PANRRW	01	NBL	False
450K	TARGET-NBL	TARGET-30-PARCET-01A	TARGET-30-PARCET-01A.Ave_Beta	idat_sample_sheet_TARGET-NBL__450k_beta.txt	30	PARCET	01	NBL	False
450K	TARGET-NBL	TARGET-30-PALVUC-01A	TARGET-30-PALVUC-01A.Ave_Beta	idat_sample_sheet_TARGET-NBL__450k_beta.txt	30	PALVUC	01	NBL	False
450K	TARGET-NBL	TARGET-30-PARBAJ-01A	TARGET-30-PARBAJ-01A.Ave_Beta	idat_sample_sheet_TARGET-NBL__450k_beta.txt	30	PARBAJ	01	NBL	False
450K	TARGET-NBL	TARGET-30-PALCBW-01A	TARGET-30-PALCBW-01A.Ave_Beta	idat_sample_sheet_TARGET-NBL__450k_beta.txt	30	PALCBW	01	NBL	False
450K	TARGET-NBL	TARGET-30-PALNVP-01A	TARGET-30-PALNVP-01A.Ave_Beta	idat_sample_sheet_TARGET-NBL__450k_beta.txt	30	PALNVP	01	NBL	False
450K	TARGET-NBL	TARGET-30-PASXRJ-01A	TARGET-30-PASXRJ-01A.Ave_Beta	idat_sample_sheet_TARGET-NBL__450k_beta.txt	30	PASXRJ	01	NBL	False
450K	TARGET-NBL	TARGET-30-PASFRV-01A	TARGET-30-PASFRV-01A.Ave_Beta	idat_sample_sheet_TARGET-NBL__450k_beta.txt	30	PASFRV	01	NBL	False
450K	TARGET-NBL	TARGET-30-PAPZYP-01A	TARGET-30-PAPZYP-01A.Ave_Beta	idat_sample_sheet_TARGET-NBL__450k_beta.txt	30	PAPZYP	01	NBL	False
450K	TARGET-NBL	TARGET-30-PARURB-01A	TARGET-30-PARURB-01A.Ave_Beta	idat_sample_sheet_TARGET-NBL__450k_beta.txt	30	PARURB	01	NBL	False
450K	TARGET-NBL	TARGET-30-PAPVFD-01A	TARGET-30-PAPVFD-01A.Ave_Beta	idat_sample_sheet_TARGET-NBL__450k_beta.txt	30	PAPVFD	01	NBL	False
450K	TARGET-NBL	TARGET-30-PATNKP-02A	TARGET-30-PATNKP-02A.Ave_Beta	idat_sample_sheet_TARGET-NBL__450k_beta.txt	30	PATNKP	02	NBL	False
450K	TARGET-NBL	TARGET-30-PATDXC-01A	TARGET-30-PATDXC-01A.Ave_Beta	idat_sample_sheet_TARGET-NBL__450k_beta.txt	30	PATDXC	01	NBL	False
450K	TARGET-NBL	TARGET-00-NAAENK-11A	TARGET-00-NAAENK-11A.Ave_Beta	idat_sample_sheet_TARGET-NBL__450k_beta.txt	00	NAAENK	11	Normal/other	True
450K	TARGET-NBL	TARGET-30-PASKJX-01A	TARGET-30-PASKJX-01A.Ave_Beta	idat_sample_sheet_TARGET-NBL__450k_beta.txt	30	PASKJX	01	NBL	False
450K	TARGET-NBL	TARGET-30-PAPZFW-01A	TARGET-30-PAPZFW-01A.Ave_Beta	idat_sample_sheet_TARGET-NBL__450k_beta.txt	30	PAPZFW	01	NBL	False
450K	TARGET-NBL	TARGET-30-PASZKE-01A	TARGET-30-PASZKE-01A.Ave_Beta	idat_sample_sheet_TARGET-NBL__450k_beta.txt	30	PASZKE	01	NBL	False
450K	TARGET-NBL	TARGET-30-PARCWT-01A	TARGET-30-PARCWT-01A.Ave_Beta	idat_sample_sheet_TARGET-NBL__450k_beta.txt	30	PARCWT	01	NBL	False
450K	TARGET-NBL	TARGET-30-PARRBU-01A	TARGET-30-PARRBU-01A.Ave_Beta	idat_sample_sheet_TARGET-NBL__450k_beta.txt	30	PARRBU	01	NBL	False
450K	TARGET-NBL	TARGET-30-PAPUTN-01A	TARGET-30-PAPUTN-01A.Ave_Beta	idat_sample_sheet_TARGET-NBL__450k_beta.txt	30	PAPUTN	01	NBL	False
450K	TARGET-NBL	TARGET-30-PAPTFZ-01A	TARGET-30-PAPTFZ-01A.Ave_Beta	idat_sample_sheet_TARGET-NBL__450k_beta.txt	30	PAPTFZ	01	NBL	False
450K	TARGET-NBL	TARGET-30-PAMZSH-01A	TARGET-30-PAMZSH-01A.Ave_Beta	idat_sample_sheet_TARGET-NBL__450k_beta.txt	30	PAMZSH	01	NBL	False
450K	TARGET-NBL	TARGET-30-PAPKWN-01A	TARGET-30-PAPKWN-01A.Ave_Beta	idat_sample_sheet_TARGET-NBL__450k_beta.txt	30	PAPKWN	01	NBL	False
450K	TARGET-NBL	TARGET-30-PASDZJ-01A	TARGET-30-PASDZJ-01A.Ave_Beta	idat_sample_sheet_TARGET-NBL__450k_beta.txt	30	PASDZJ	01	NBL	False
450K	TARGET-NBL	TARGET-30-PALVVH-01A	TARGET-30-PALVVH-01A.Ave_Beta	idat_sample_sheet_TARGET-NBL__450k_beta.txt	30	PALVVH	01	NBL	False
450K	TARGET-NBL	TARGET-30-PARDUJ-01A	TARGET-30-PARDUJ-01A.Ave_Beta	idat_sample_sheet_TARGET-NBL__450k_beta.txt	30	PARDUJ	01	NBL	False
450K	TARGET-NBL	TARGET-30-PATFCY-01A	TARGET-30-PATFCY-01A.Ave_Beta	idat_sample_sheet_TARGET-NBL__450k_beta.txt	30	PATFCY	01	NBL	False
450K	TARGET-NBL	TARGET-30-PAMYCE-01A	TARGET-30-PAMYCE-01A.Ave_Beta	idat_sample_sheet_TARGET-NBL__450k_beta.txt	30	PAMYCE	01	NBL	False
450K	TARGET-NBL	TARGET-30-PAKZRH-01A	TARGET-30-PAKZRH-01A.Ave_Beta	idat_sample_sheet_TARGET-NBL__450k_beta.txt	30	PAKZRH	01	NBL	False
450K	TARGET-NBL	TARGET-30-PAMNLH-01A	TARGET-30-PAMNLH-01A.Ave_Beta	idat_sample_sheet_TARGET-NBL__450k_beta.txt	30	PAMNLH	01	NBL	False
450K	TARGET-NBL	TARGET-30-PAPTLA-01A	TARGET-30-PAPTLA-01A.Ave_Beta	idat_sample_sheet_TARGET-NBL__450k_beta.txt	30	PAPTLA	01	NBL	False
450K	TARGET-NBL	TARGET-30-PASMNT-01A	TARGET-30-PASMNT-01A.Ave_Beta	idat_sample_sheet_TARGET-NBL__450k_beta.txt	30	PASMNT	01	NBL	False
450K	TARGET-NBL	TARGET-30-PAMLNB-01A	TARGET-30-PAMLNB-01A.Ave_Beta	idat_sample_sheet_TARGET-NBL__450k_beta.txt	30	PAMLNB	01	NBL	False
450K	TARGET-NBL	TARGET-30-PANRHJ-01A	TARGET-30-PANRHJ-01A.Ave_Beta	idat_sample_sheet_TARGET-NBL__450k_beta.txt	30	PANRHJ	01	NBL	False
450K	TARGET-NBL	TARGET-30-PASEGA-01A	TARGET-30-PASEGA-01A.Ave_Beta	idat_sample_sheet_TARGET-NBL__450k_beta.txt	30	PASEGA	01	NBL	False
450K	TARGET-NBL	TARGET-30-PARYNK-01A	TARGET-30-PARYNK-01A.Ave_Beta	idat_sample_sheet_TARGET-NBL__450k_beta.txt	30	PARYNK	01	NBL	False
450K	TARGET-NBL	TARGET-30-PASWIJ-01A	TARGET-30-PASWIJ-01A.Ave_Beta	idat_sample_sheet_TARGET-NBL__450k_beta.txt	30	PASWIJ	01	NBL	False
450K	TARGET-NBL	TARGET-30-PAMZMG-01A	TARGET-30-PAMZMG-01A.Ave_Beta	idat_sample_sheet_TARGET-NBL__450k_beta.txt	30	PAMZMG	01	NBL	False
450K	TARGET-NBL	TARGET-30-PAIFXV-01A	TARGET-30-PAIFXV-01A.Ave_Beta	idat_sample_sheet_TARGET-NBL__450k_beta.txt	30	PAIFXV	01	NBL	False
450K	TARGET-NBL	TARGET-30-PATBMM-01A	TARGET-30-PATBMM-01A.Ave_Beta	idat_sample_sheet_TARGET-NBL__450k_beta.txt	30	PATBMM	01	NBL	False
450K	TARGET-NBL	TARGET-30-PALKKV-01A	TARGET-30-PALKKV-01A.Ave_Beta	idat_sample_sheet_TARGET-NBL__450k_beta.txt	30	PALKKV	01	NBL	False
450K	TARGET-NBL	TARGET-30-PALUDH-01A	TARGET-30-PALUDH-01A.Ave_Beta	idat_sample_sheet_TARGET-NBL__450k_beta.txt	30	PALUDH	01	NBL	False
450K	TARGET-NBL	TARGET-30-PAPBJE-01A	TARGET-30-PAPBJE-01A.Ave_Beta	idat_sample_sheet_TARGET-NBL__450k_beta.txt	30	PAPBJE	01	NBL	False
450K	TARGET-NBL	TARGET-30-PASGAP-01A	TARGET-30-PASGAP-01A.Ave_Beta	idat_sample_sheet_TARGET-NBL__450k_beta.txt	30	PASGAP	01	NBL	False
450K	TARGET-NBL	TARGET-30-PAPZYZ-01A	TARGET-30-PAPZYZ-01A.Ave_Beta	idat_sample_sheet_TARGET-NBL__450k_beta.txt	30	PAPZYZ	01	NBL	False
450K	TARGET-NBL	TARGET-30-PATYIL-02A	TARGET-30-PATYIL-02A.Ave_Beta	idat_sample_sheet_TARGET-NBL__450k_beta.txt	30	PATYIL	02	NBL	False
450K	TARGET-NBL	TARGET-30-PARHAM-01A	TARGET-30-PARHAM-01A.Ave_Beta	idat_sample_sheet_TARGET-NBL__450k_beta.txt	30	PARHAM	01	NBL	False
450K	TARGET-NBL	TARGET-30-PAPTMM-01A	TARGET-30-PAPTMM-01A.Ave_Beta	idat_sample_sheet_TARGET-NBL__450k_beta.txt	30	PAPTMM	01	NBL	False
450K	TARGET-NBL	TARGET-30-PANXJL-01A	TARGET-30-PANXJL-01A.Ave_Beta	idat_sample_sheet_TARGET-NBL__450k_beta.txt	30	PANXJL	01	NBL	False
450K	TARGET-NBL	TARGET-30-PASAZJ-01A	TARGET-30-PASAZJ-01A.Ave_Beta	idat_sample_sheet_TARGET-NBL__450k_beta.txt	30	PASAZJ	01	NBL	False
450K	TARGET-NBL	TARGET-30-PARDYU-01A	TARGET-30-PARDYU-01A.Ave_Beta	idat_sample_sheet_TARGET-NBL__450k_beta.txt	30	PARDYU	01	NBL	False
450K	TARGET-NBL	TARGET-30-PANBMJ-01A	TARGET-30-PANBMJ-01A.Ave_Beta	idat_sample_sheet_TARGET-NBL__450k_beta.txt	30	PANBMJ	01	NBL	False
450K	TARGET-NBL	TARGET-30-PARBLH-01A	TARGET-30-PARBLH-01A.Ave_Beta	idat_sample_sheet_TARGET-NBL__450k_beta.txt	30	PARBLH	01	NBL	False
450K	TARGET-NBL	TARGET-30-PASGAP-02A	TARGET-30-PASGAP-02A.Ave_Beta	idat_sample_sheet_TARGET-NBL__450k_beta.txt	30	PASGAP	02	NBL	False
450K	TARGET-NBL	TARGET-30-PARNNC-01A	TARGET-30-PARNNC-01A.Ave_Beta	idat_sample_sheet_TARGET-NBL__450k_beta.txt	30	PARNNC	01	NBL	False
450K	TARGET-NBL	TARGET-30-PARASL-01A	TARGET-30-PARASL-01A.Ave_Beta	idat_sample_sheet_TARGET-NBL__450k_beta.txt	30	PARASL	01	NBL	False
450K	TARGET-NBL	TARGET-30-PANUKV-01A	TARGET-30-PANUKV-01A.Ave_Beta	idat_sample_sheet_TARGET-NBL__450k_beta.txt	30	PANUKV	01	NBL	False
450K	TARGET-NBL	TARGET-30-PASNZU-01A	TARGET-30-PASNZU-01A.Ave_Beta	idat_sample_sheet_TARGET-NBL__450k_beta.txt	30	PASNZU	01	NBL	False
450K	TARGET-NBL	TARGET-30-PARBGP-01A	TARGET-30-PARBGP-01A.Ave_Beta	idat_sample_sheet_TARGET-NBL__450k_beta.txt	30	PARBGP	01	NBL	False
450K	TARGET-NBL	TARGET-30-PASHFA-01A	TARGET-30-PASHFA-01A.Ave_Beta	idat_sample_sheet_TARGET-NBL__450k_beta.txt	30	PASHFA	01	NBL	False
450K	TARGET-NBL	TARGET-30-PASCTR-01A	TARGET-30-PASCTR-01A.Ave_Beta	idat_sample_sheet_TARGET-NBL__450k_beta.txt	30	PASCTR	01	NBL	False
450K	TARGET-NBL	TARGET-30-PANWRR-01A	TARGET-30-PANWRR-01A.Ave_Beta	idat_sample_sheet_TARGET-NBL__450k_beta.txt	30	PANWRR	01	NBL	False
450K	TARGET-NBL	TARGET-30-PAMCXF-01A	TARGET-30-PAMCXF-01A.Ave_Beta	idat_sample_sheet_TARGET-NBL__450k_beta.txt	30	PAMCXF	01	NBL	False
450K	TARGET-NBL	TARGET-30-PAPTDH-01A	TARGET-30-PAPTDH-01A.Ave_Beta	idat_sample_sheet_TARGET-NBL__450k_beta.txt	30	PAPTDH	01	NBL	False
450K	TARGET-NBL	TARGET-30-PARSRJ-01A	TARGET-30-PARSRJ-01A.Ave_Beta	idat_sample_sheet_TARGET-NBL__450k_beta.txt	30	PARSRJ	01	NBL	False
450K	TARGET-NBL	TARGET-30-PAIPGU-01A	TARGET-30-PAIPGU-01A.Ave_Beta	idat_sample_sheet_TARGET-NBL__450k_beta.txt	30	PAIPGU	01	NBL	False
450K	TARGET-NBL	TARGET-30-PAMZGT-01A	TARGET-30-PAMZGT-01A.Ave_Beta	idat_sample_sheet_TARGET-NBL__450k_beta.txt	30	PAMZGT	01	NBL	False
450K	TARGET-NBL	TARGET-30-PASUML-01A	TARGET-30-PASUML-01A.Ave_Beta	idat_sample_sheet_TARGET-NBL__450k_beta.txt	30	PASUML	01	NBL	False
450K	TARGET-NBL	TARGET-30-PATHKB-01A	TARGET-30-PATHKB-01A.Ave_Beta	idat_sample_sheet_TARGET-NBL__450k_beta.txt	30	PATHKB	01	NBL	False
450K	TARGET-NBL	TARGET-30-PARUXY-01A	TARGET-30-PARUXY-01A.Ave_Beta	idat_sample_sheet_TARGET-NBL__450k_beta.txt	30	PARUXY	01	NBL	False
450K	TARGET-NBL	TARGET-30-PARDVT-01A	TARGET-30-PARDVT-01A.Ave_Beta	idat_sample_sheet_TARGET-NBL__450k_beta.txt	30	PARDVT	01	NBL	False
450K	TARGET-NBL	TARGET-30-PASYLD-01A	TARGET-30-PASYLD-01A.Ave_Beta	idat_sample_sheet_TARGET-NBL__450k_beta.txt	30	PASYLD	01	NBL	False
450K	TARGET-NBL	TARGET-30-PAIXFZ-01A	TARGET-30-PAIXFZ-01A.Ave_Beta	idat_sample_sheet_TARGET-NBL__450k_beta.txt	30	PAIXFZ	01	NBL	False
450K	TARGET-NBL	TARGET-30-PASPBZ-01A	TARGET-30-PASPBZ-01A.Ave_Beta	idat_sample_sheet_TARGET-NBL__450k_beta.txt	30	PASPBZ	01	NBL	False
450K	TARGET-NBL	TARGET-30-PASCFC-01A	TARGET-30-PASCFC-01A.Ave_Beta	idat_sample_sheet_TARGET-NBL__450k_beta.txt	30	PASCFC	01	NBL	False
450K	TARGET-NBL	TARGET-30-PASYPX-01A	TARGET-30-PASYPX-01A.Ave_Beta	idat_sample_sheet_TARGET-NBL__450k_beta.txt	30	PASYPX	01	NBL	False
450K	TARGET-NBL	TARGET-30-PATHVK-01A	TARGET-30-PATHVK-01A.Ave_Beta	idat_sample_sheet_TARGET-NBL__450k_beta.txt	30	PATHVK	01	NBL	False
450K	TARGET-NBL	TARGET-30-PANYGR-01A	TARGET-30-PANYGR-01A.Ave_Beta	idat_sample_sheet_TARGET-NBL__450k_beta.txt	30	PANYGR	01	NBL	False
450K	TARGET-NBL	TARGET-30-PASWYR-01A	TARGET-30-PASWYR-01A.Ave_Beta	idat_sample_sheet_TARGET-NBL__450k_beta.txt	30	PASWYR	01	NBL	False
450K	TARGET-NBL	TARGET-30-PARNCW-01A	TARGET-30-PARNCW-01A.Ave_Beta	idat_sample_sheet_TARGET-NBL__450k_beta.txt	30	PARNCW	01	NBL	False
450K	TARGET-NBL	TARGET-30-PANKFE-01A	TARGET-30-PANKFE-01A.Ave_Beta	idat_sample_sheet_TARGET-NBL__450k_beta.txt	30	PANKFE	01	NBL	False
450K	TARGET-NBL	TARGET-30-PARNEE-01A	TARGET-30-PARNEE-01A.Ave_Beta	idat_sample_sheet_TARGET-NBL__450k_beta.txt	30	PARNEE	01	NBL	False
450K	TARGET-NBL	TARGET-30-PAPUWY-01A	TARGET-30-PAPUWY-01A.Ave_Beta	idat_sample_sheet_TARGET-NBL__450k_beta.txt	30	PAPUWY	01	NBL	False
450K	TARGET-NBL	TARGET-30-PASXRG-01A	TARGET-30-PASXRG-01A.Ave_Beta	idat_sample_sheet_TARGET-NBL__450k_beta.txt	30	PASXRG	01	NBL	False
450K	TARGET-NBL	TARGET-30-PAIVHE-01A	TARGET-30-PAIVHE-01A.Ave_Beta	idat_sample_sheet_TARGET-NBL__450k_beta.txt	30	PAIVHE	01	NBL	False
450K	TARGET-NBL	TARGET-30-PASFGG-01A	TARGET-30-PASFGG-01A.Ave_Beta	idat_sample_sheet_TARGET-NBL__450k_beta.txt	30	PASFGG	01	NBL	False
450K	TARGET-NBL	TARGET-30-PARBAJ-02A	TARGET-30-PARBAJ-02A.Ave_Beta	idat_sample_sheet_TARGET-NBL__450k_beta.txt	30	PARBAJ	02	NBL	False
450K	TARGET-NBL	TARGET-30-PARAHE-01A	TARGET-30-PARAHE-01A.Ave_Beta	idat_sample_sheet_TARGET-NBL__450k_beta.txt	30	PARAHE	01	NBL	False
450K	TARGET-NBL	TARGET-30-PARXLM-01A	TARGET-30-PARXLM-01A.Ave_Beta	idat_sample_sheet_TARGET-NBL__450k_beta.txt	30	PARXLM	01	NBL	False
450K	TARGET-NBL	TARGET-30-PAISNS-01A	TARGET-30-PAISNS-01A.Ave_Beta	idat_sample_sheet_TARGET-NBL__450k_beta.txt	30	PAISNS	01	NBL	False
450K	TARGET-NBL	TARGET-00-NAAEPE-11A	TARGET-00-NAAEPE-11A.Ave_Beta	idat_sample_sheet_TARGET-NBL__450k_beta.txt	00	NAAEPE	11	Normal/other	True
450K	TARGET-NBL	TARGET-30-PALLJJ-01A	TARGET-30-PALLJJ-01A.Ave_Beta	idat_sample_sheet_TARGET-NBL__450k_beta.txt	30	PALLJJ	01	NBL	False
450K	TARGET-NBL	TARGET-00-NAAENI-11A	TARGET-00-NAAENI-11A.Ave_Beta	idat_sample_sheet_TARGET-NBL__450k_beta.txt	00	NAAENI	11	Normal/other	True
450K	TARGET-NBL	TARGET-30-PAPVEB-01A	TARGET-30-PAPVEB-01A.Ave_Beta	idat_sample_sheet_TARGET-NBL__450k_beta.txt	30	PAPVEB	01	NBL	False
450K	TARGET-NBL	TARGET-00-NAAENJ-11A	TARGET-00-NAAENJ-11A.Ave_Beta	idat_sample_sheet_TARGET-NBL__450k_beta.txt	00	NAAENJ	11	Normal/other	True
450K	TARGET-NBL	TARGET-30-PASTCN-01A	TARGET-30-PASTCN-01A.Ave_Beta	idat_sample_sheet_TARGET-NBL__450k_beta.txt	30	PASTCN	01	NBL	False
450K	TARGET-NBL	TARGET-30-PANLET-01A	TARGET-30-PANLET-01A.Ave_Beta	idat_sample_sheet_TARGET-NBL__450k_beta.txt	30	PANLET	01	NBL	False
450K	TARGET-NBL	TARGET-00-NAAENG-11A	TARGET-00-NAAENG-11A.Ave_Beta	idat_sample_sheet_TARGET-NBL__450k_beta.txt	00	NAAENG	11	Normal/other	True
450K	TARGET-NBL	TARGET-30-PATGWT-01A	TARGET-30-PATGWT-01A.Ave_Beta	idat_sample_sheet_TARGET-NBL__450k_beta.txt	30	PATGWT	01	NBL	False
450K	TARGET-NBL	TARGET-30-PARZHA-01A	TARGET-30-PARZHA-01A.Ave_Beta	idat_sample_sheet_TARGET-NBL__450k_beta.txt	30	PARZHA	01	NBL	False
450K	TARGET-NBL	TARGET-30-PARKGJ-01A_1	TARGET-30-PARKGJ-01A_1.Ave_Beta	idat_sample_sheet_TARGET-NBL__450k_beta.txt	30	PARKGJ	01	NBL	False
450K	TARGET-NBL	TARGET-30-PALEAC-01A	TARGET-30-PALEAC-01A.Ave_Beta	idat_sample_sheet_TARGET-NBL__450k_beta.txt	30	PALEAC	01	NBL	False
450K	TARGET-NBL	TARGET-30-PATEPF-01A	TARGET-30-PATEPF-01A.Ave_Beta	idat_sample_sheet_TARGET-NBL__450k_beta.txt	30	PATEPF	01	NBL	False
450K	TARGET-NBL	TARGET-30-PAPHPE-01A	TARGET-30-PAPHPE-01A.Ave_Beta	idat_sample_sheet_TARGET-NBL__450k_beta.txt	30	PAPHPE	01	NBL	False
450K	TARGET-NBL	TARGET-30-PARHAM-02A	TARGET-30-PARHAM-02A.Ave_Beta	idat_sample_sheet_TARGET-NBL__450k_beta.txt	30	PARHAM	02	NBL	False
450K	TARGET-NBL	TARGET-30-PAKGCI-01A	TARGET-30-PAKGCI-01A.Ave_Beta	idat_sample_sheet_TARGET-NBL__450k_beta.txt	30	PAKGCI	01	NBL	False
450K	TARGET-NBL	TARGET-30-PARETE-01A	TARGET-30-PARETE-01A.Ave_Beta	idat_sample_sheet_TARGET-NBL__450k_beta.txt	30	PARETE	01	NBL	False
450K	TARGET-NBL	TARGET-30-PAPEAV-01A	TARGET-30-PAPEAV-01A.Ave_Beta	idat_sample_sheet_TARGET-NBL__450k_beta.txt	30	PAPEAV	01	NBL	False
450K	TARGET-NBL	TARGET-30-PARGUX-01A	TARGET-30-PARGUX-01A.Ave_Beta	idat_sample_sheet_TARGET-NBL__450k_beta.txt	30	PARGUX	01	NBL	False
450K	TARGET-NBL	TARGET-30-PAMAFV-01A	TARGET-30-PAMAFV-01A.Ave_Beta	idat_sample_sheet_TARGET-NBL__450k_beta.txt	30	PAMAFV	01	NBL	False
450K	TARGET-NBL	TARGET-30-PASXGP-01A	TARGET-30-PASXGP-01A.Ave_Beta	idat_sample_sheet_TARGET-NBL__450k_beta.txt	30	PASXGP	01	NBL	False
450K	TARGET-NBL	TARGET-30-PALFSE-01A	TARGET-30-PALFSE-01A.Ave_Beta	idat_sample_sheet_TARGET-NBL__450k_beta.txt	30	PALFSE	01	NBL	False
450K	TARGET-NBL	TARGET-30-PAKHAV-01A	TARGET-30-PAKHAV-01A.Ave_Beta	idat_sample_sheet_TARGET-NBL__450k_beta.txt	30	PAKHAV	01	NBL	False
450K	TARGET-OS	TARGET-40-PASYUK-01A	TARGET-40-PASYUK-01A.Ave_Beta	idat_sample_sheet_TARGET-OS__450k_beta.txt	40	PASYUK	01	OS	False
450K	TARGET-OS	TARGET-40-0A4HMC-01A	TARGET-40-0A4HMC-01A.Ave_Beta	idat_sample_sheet_TARGET-OS__450k_beta.txt	40	0A4HMC	01	OS	False
450K	TARGET-OS	TARGET-40-PAPXGT-01A	TARGET-40-PAPXGT-01A.Ave_Beta	idat_sample_sheet_TARGET-OS__450k_beta.txt	40	PAPXGT	01	OS	False
450K	TARGET-OS	TARGET-40-PALHRL-01A	TARGET-40-PALHRL-01A.Ave_Beta	idat_sample_sheet_TARGET-OS__450k_beta.txt	40	PALHRL	01	OS	False
450K	TARGET-OS	TARGET-40-PANGRW-01A	TARGET-40-PANGRW-01A.Ave_Beta	idat_sample_sheet_TARGET-OS__450k_beta.txt	40	PANGRW	01	OS	False
450K	TARGET-OS	TARGET-40-PATPBS-01A	TARGET-40-PATPBS-01A.Ave_Beta	idat_sample_sheet_TARGET-OS__450k_beta.txt	40	PATPBS	01	OS	False
450K	TARGET-OS	TARGET-40-PAUBIT-01A	TARGET-40-PAUBIT-01A.Ave_Beta	idat_sample_sheet_TARGET-OS__450k_beta.txt	40	PAUBIT	01	OS	False
450K	TARGET-OS	TARGET-40-PANPUM-01A	TARGET-40-PANPUM-01A.Ave_Beta	idat_sample_sheet_TARGET-OS__450k_beta.txt	40	PANPUM	01	OS	False
450K	TARGET-OS	TARGET-40-PAVCLP-01A	TARGET-40-PAVCLP-01A.Ave_Beta	idat_sample_sheet_TARGET-OS__450k_beta.txt	40	PAVCLP	01	OS	False
450K	TARGET-OS	TARGET-40-PATEEM-01A	TARGET-40-PATEEM-01A.Ave_Beta	idat_sample_sheet_TARGET-OS__450k_beta.txt	40	PATEEM	01	OS	False
450K	TARGET-OS	TARGET-40-0A4HX8-01A	TARGET-40-0A4HX8-01A.Ave_Beta	idat_sample_sheet_TARGET-OS__450k_beta.txt	40	0A4HX8	01	OS	False
450K	TARGET-OS	TARGET-40-PASKZZ-01A	TARGET-40-PASKZZ-01A.Ave_Beta	idat_sample_sheet_TARGET-OS__450k_beta.txt	40	PASKZZ	01	OS	False
450K	TARGET-OS	TARGET-40-PAUTWB-01A	TARGET-40-PAUTWB-01A.Ave_Beta	idat_sample_sheet_TARGET-OS__450k_beta.txt	40	PAUTWB	01	OS	False
450K	TARGET-OS	TARGET-40-0A4I0Q-01A	TARGET-40-0A4I0Q-01A.Ave_Beta	idat_sample_sheet_TARGET-OS__450k_beta.txt	40	0A4I0Q	01	OS	False
450K	TARGET-OS	TARGET-40-PAKFVX-01A	TARGET-40-PAKFVX-01A.Ave_Beta	idat_sample_sheet_TARGET-OS__450k_beta.txt	40	PAKFVX	01	OS	False
450K	TARGET-OS	TARGET-40-PASEFS-01A	TARGET-40-PASEFS-01A.Ave_Beta	idat_sample_sheet_TARGET-OS__450k_beta.txt	40	PASEFS	01	OS	False
450K	TARGET-OS	TARGET-40-0A4I42-01A	TARGET-40-0A4I42-01A.Ave_Beta	idat_sample_sheet_TARGET-OS__450k_beta.txt	40	0A4I42	01	OS	False
450K	TARGET-OS	TARGET-40-PANZZJ-01A	TARGET-40-PANZZJ-01A.Ave_Beta	idat_sample_sheet_TARGET-OS__450k_beta.txt	40	PANZZJ	01	OS	False
450K	TARGET-OS	TARGET-40-0A4I8U-01A	TARGET-40-0A4I8U-01A.Ave_Beta	idat_sample_sheet_TARGET-OS__450k_beta.txt	40	0A4I8U	01	OS	False
450K	TARGET-OS	TARGET-40-PAMJXS-01A	TARGET-40-PAMJXS-01A.Ave_Beta	idat_sample_sheet_TARGET-OS__450k_beta.txt	40	PAMJXS	01	OS	False
450K	TARGET-OS	TARGET-40-0A4HLD-01A	TARGET-40-0A4HLD-01A.Ave_Beta	idat_sample_sheet_TARGET-OS__450k_beta.txt	40	0A4HLD	01	OS	False
450K	TARGET-OS	TARGET-40-PAMLKS-01A	TARGET-40-PAMLKS-01A.Ave_Beta	idat_sample_sheet_TARGET-OS__450k_beta.txt	40	PAMLKS	01	OS	False
450K	TARGET-OS	TARGET-40-0A4I4E-01A	TARGET-40-0A4I4E-01A.Ave_Beta	idat_sample_sheet_TARGET-OS__450k_beta.txt	40	0A4I4E	01	OS	False
450K	TARGET-OS	TARGET-40-0A4I3S-01A	TARGET-40-0A4I3S-01A.Ave_Beta	idat_sample_sheet_TARGET-OS__450k_beta.txt	40	0A4I3S	01	OS	False
450K	TARGET-OS	TARGET-40-PANVJJ-01A	TARGET-40-PANVJJ-01A.Ave_Beta	idat_sample_sheet_TARGET-OS__450k_beta.txt	40	PANVJJ	01	OS	False
450K	TARGET-OS	TARGET-40-0A4I4M-01A	TARGET-40-0A4I4M-01A.Ave_Beta	idat_sample_sheet_TARGET-OS__450k_beta.txt	40	0A4I4M	01	OS	False
450K	TARGET-OS	TARGET-40-0A4I48-01A	TARGET-40-0A4I48-01A.Ave_Beta	idat_sample_sheet_TARGET-OS__450k_beta.txt	40	0A4I48	01	OS	False
450K	TARGET-OS	TARGET-40-PASEBY-01A	TARGET-40-PASEBY-01A.Ave_Beta	idat_sample_sheet_TARGET-OS__450k_beta.txt	40	PASEBY	01	OS	False
450K	TARGET-OS	TARGET-40-PALECC-01A	TARGET-40-PALECC-01A.Ave_Beta	idat_sample_sheet_TARGET-OS__450k_beta.txt	40	PALECC	01	OS	False
450K	TARGET-OS	TARGET-40-PAVDTY-01A	TARGET-40-PAVDTY-01A.Ave_Beta	idat_sample_sheet_TARGET-OS__450k_beta.txt	40	PAVDTY	01	OS	False
450K	TARGET-OS	TARGET-40-PASUUH-01A	TARGET-40-PASUUH-01A.Ave_Beta	idat_sample_sheet_TARGET-OS__450k_beta.txt	40	PASUUH	01	OS	False
450K	TARGET-OS	TARGET-40-PATMXR-01A	TARGET-40-PATMXR-01A.Ave_Beta	idat_sample_sheet_TARGET-OS__450k_beta.txt	40	PATMXR	01	OS	False
450K	TARGET-OS	TARGET-40-PANZHX-01A	TARGET-40-PANZHX-01A.Ave_Beta	idat_sample_sheet_TARGET-OS__450k_beta.txt	40	PANZHX	01	OS	False
450K	TARGET-OS	TARGET-40-PAKZZK-01A	TARGET-40-PAKZZK-01A.Ave_Beta	idat_sample_sheet_TARGET-OS__450k_beta.txt	40	PAKZZK	01	OS	False
450K	TARGET-OS	TARGET-40-0A4I6O-01A	TARGET-40-0A4I6O-01A.Ave_Beta	idat_sample_sheet_TARGET-OS__450k_beta.txt	40	0A4I6O	01	OS	False
450K	TARGET-OS	TARGET-40-PASRNE-01A	TARGET-40-PASRNE-01A.Ave_Beta	idat_sample_sheet_TARGET-OS__450k_beta.txt	40	PASRNE	01	OS	False
450K	TARGET-OS	TARGET-40-PALKDP-01A	TARGET-40-PALKDP-01A.Ave_Beta	idat_sample_sheet_TARGET-OS__450k_beta.txt	40	PALKDP	01	OS	False
450K	TARGET-OS	TARGET-40-PALFYN-01A	TARGET-40-PALFYN-01A.Ave_Beta	idat_sample_sheet_TARGET-OS__450k_beta.txt	40	PALFYN	01	OS	False
450K	TARGET-OS	TARGET-40-PANMIG-01A	TARGET-40-PANMIG-01A.Ave_Beta	idat_sample_sheet_TARGET-OS__450k_beta.txt	40	PANMIG	01	OS	False
450K	TARGET-OS	TARGET-40-PARGTM-01A	TARGET-40-PARGTM-01A.Ave_Beta	idat_sample_sheet_TARGET-OS__450k_beta.txt	40	PARGTM	01	OS	False
450K	TARGET-OS	TARGET-40-PAVECB-01A	TARGET-40-PAVECB-01A.Ave_Beta	idat_sample_sheet_TARGET-OS__450k_beta.txt	40	PAVECB	01	OS	False
450K	TARGET-OS	TARGET-40-PASSLM-01A	TARGET-40-PASSLM-01A.Ave_Beta	idat_sample_sheet_TARGET-OS__450k_beta.txt	40	PASSLM	01	OS	False
450K	TARGET-OS	TARGET-40-PAUTYB-01A	TARGET-40-PAUTYB-01A.Ave_Beta	idat_sample_sheet_TARGET-OS__450k_beta.txt	40	PAUTYB	01	OS	False
450K	TARGET-OS	TARGET-40-PANGPE-01A	TARGET-40-PANGPE-01A.Ave_Beta	idat_sample_sheet_TARGET-OS__450k_beta.txt	40	PANGPE	01	OS	False
450K	TARGET-OS	TARGET-40-PASNZV-01A	TARGET-40-PASNZV-01A.Ave_Beta	idat_sample_sheet_TARGET-OS__450k_beta.txt	40	PASNZV	01	OS	False
450K	TARGET-OS	TARGET-40-PATMIF-01A	TARGET-40-PATMIF-01A.Ave_Beta	idat_sample_sheet_TARGET-OS__450k_beta.txt	40	PATMIF	01	OS	False
450K	TARGET-OS	TARGET-40-PAPKWD-01A	TARGET-40-PAPKWD-01A.Ave_Beta	idat_sample_sheet_TARGET-OS__450k_beta.txt	40	PAPKWD	01	OS	False
450K	TARGET-OS	TARGET-40-PATAWV-01A	TARGET-40-PATAWV-01A.Ave_Beta	idat_sample_sheet_TARGET-OS__450k_beta.txt	40	PATAWV	01	OS	False
450K	TARGET-OS	TARGET-40-PASFCV-01A	TARGET-40-PASFCV-01A.Ave_Beta	idat_sample_sheet_TARGET-OS__450k_beta.txt	40	PASFCV	01	OS	False
450K	TARGET-OS	TARGET-40-PANSEN-01A	TARGET-40-PANSEN-01A.Ave_Beta	idat_sample_sheet_TARGET-OS__450k_beta.txt	40	PANSEN	01	OS	False
450K	TARGET-OS	TARGET-40-PAUYTT-01A	TARGET-40-PAUYTT-01A.Ave_Beta	idat_sample_sheet_TARGET-OS__450k_beta.txt	40	PAUYTT	01	OS	False
450K	TARGET-OS	TARGET-40-PAVALD-01A	TARGET-40-PAVALD-01A.Ave_Beta	idat_sample_sheet_TARGET-OS__450k_beta.txt	40	PAVALD	01	OS	False
450K	TARGET-OS	TARGET-40-PAKXLD-01A	TARGET-40-PAKXLD-01A.Ave_Beta	idat_sample_sheet_TARGET-OS__450k_beta.txt	40	PAKXLD	01	OS	False
450K	TARGET-OS	TARGET-40-PAUVUL-01A	TARGET-40-PAUVUL-01A.Ave_Beta	idat_sample_sheet_TARGET-OS__450k_beta.txt	40	PAUVUL	01	OS	False
450K	TARGET-OS	TARGET-40-PAMEKS-01A	TARGET-40-PAMEKS-01A.Ave_Beta	idat_sample_sheet_TARGET-OS__450k_beta.txt	40	PAMEKS	01	OS	False
450K	TARGET-OS	TARGET-40-PARDAX-01A	TARGET-40-PARDAX-01A.Ave_Beta	idat_sample_sheet_TARGET-OS__450k_beta.txt	40	PARDAX	01	OS	False
450K	TARGET-OS	TARGET-40-PARFTG-01A	TARGET-40-PARFTG-01A.Ave_Beta	idat_sample_sheet_TARGET-OS__450k_beta.txt	40	PARFTG	01	OS	False
450K	TARGET-OS	TARGET-40-PAUXPZ-01A	TARGET-40-PAUXPZ-01A.Ave_Beta	idat_sample_sheet_TARGET-OS__450k_beta.txt	40	PAUXPZ	01	OS	False
450K	TARGET-OS	TARGET-40-PANXSC-01A	TARGET-40-PANXSC-01A.Ave_Beta	idat_sample_sheet_TARGET-OS__450k_beta.txt	40	PANXSC	01	OS	False
450K	TARGET-OS	TARGET-40-0A4I65-01A	TARGET-40-0A4I65-01A.Ave_Beta	idat_sample_sheet_TARGET-OS__450k_beta.txt	40	0A4I65	01	OS	False
450K	TARGET-OS	TARGET-40-PAPFLB-01A	TARGET-40-PAPFLB-01A.Ave_Beta	idat_sample_sheet_TARGET-OS__450k_beta.txt	40	PAPFLB	01	OS	False
450K	TARGET-OS	TARGET-40-PAPNVD-01A	TARGET-40-PAPNVD-01A.Ave_Beta	idat_sample_sheet_TARGET-OS__450k_beta.txt	40	PAPNVD	01	OS	False
450K	TARGET-OS	TARGET-40-PAPWWC-01A	TARGET-40-PAPWWC-01A.Ave_Beta	idat_sample_sheet_TARGET-OS__450k_beta.txt	40	PAPWWC	01	OS	False
450K	TARGET-OS	TARGET-40-0A4HY5-01A	TARGET-40-0A4HY5-01A.Ave_Beta	idat_sample_sheet_TARGET-OS__450k_beta.txt	40	0A4HY5	01	OS	False
450K	TARGET-OS	TARGET-40-PATKSS-01A	TARGET-40-PATKSS-01A.Ave_Beta	idat_sample_sheet_TARGET-OS__450k_beta.txt	40	PATKSS	01	OS	False
450K	TARGET-OS	TARGET-40-PATJVI-01A	TARGET-40-PATJVI-01A.Ave_Beta	idat_sample_sheet_TARGET-OS__450k_beta.txt	40	PATJVI	01	OS	False
450K	TARGET-OS	TARGET-40-0A4I0W-01A	TARGET-40-0A4I0W-01A.Ave_Beta	idat_sample_sheet_TARGET-OS__450k_beta.txt	40	0A4I0W	01	OS	False
450K	TARGET-OS	TARGET-40-PALKGN-01A	TARGET-40-PALKGN-01A.Ave_Beta	idat_sample_sheet_TARGET-OS__450k_beta.txt	40	PALKGN	01	OS	False
450K	TARGET-OS	TARGET-40-PALZGU-01A	TARGET-40-PALZGU-01A.Ave_Beta	idat_sample_sheet_TARGET-OS__450k_beta.txt	40	PALZGU	01	OS	False
450K	TARGET-OS	TARGET-40-0A4I4O-01A	TARGET-40-0A4I4O-01A.Ave_Beta	idat_sample_sheet_TARGET-OS__450k_beta.txt	40	0A4I4O	01	OS	False
450K	TARGET-OS	TARGET-40-PAMRHD-01A	TARGET-40-PAMRHD-01A.Ave_Beta	idat_sample_sheet_TARGET-OS__450k_beta.txt	40	PAMRHD	01	OS	False
450K	TARGET-OS	TARGET-40-0A4HXS-01A	TARGET-40-0A4HXS-01A.Ave_Beta	idat_sample_sheet_TARGET-OS__450k_beta.txt	40	0A4HXS	01	OS	False
450K	TARGET-OS	TARGET-40-PATUXZ-01A	TARGET-40-PATUXZ-01A.Ave_Beta	idat_sample_sheet_TARGET-OS__450k_beta.txt	40	PATUXZ	01	OS	False
450K	TARGET-OS	TARGET-40-PAMTCM-01A	TARGET-40-PAMTCM-01A.Ave_Beta	idat_sample_sheet_TARGET-OS__450k_beta.txt	40	PAMTCM	01	OS	False
450K	TARGET-OS	TARGET-40-PALWWX-01A	TARGET-40-PALWWX-01A.Ave_Beta	idat_sample_sheet_TARGET-OS__450k_beta.txt	40	PALWWX	01	OS	False
450K	TARGET-OS	TARGET-40-PARKAF-01A	TARGET-40-PARKAF-01A.Ave_Beta	idat_sample_sheet_TARGET-OS__450k_beta.txt	40	PARKAF	01	OS	False
450K	TARGET-OS	TARGET-40-PAUUML-01A	TARGET-40-PAUUML-01A.Ave_Beta	idat_sample_sheet_TARGET-OS__450k_beta.txt	40	PAUUML	01	OS	False
450K	TARGET-OS	TARGET-40-PAMYYJ-01A	TARGET-40-PAMYYJ-01A.Ave_Beta	idat_sample_sheet_TARGET-OS__450k_beta.txt	40	PAMYYJ	01	OS	False
450K	TARGET-OS	TARGET-40-PAKUZU-01A	TARGET-40-PAKUZU-01A.Ave_Beta	idat_sample_sheet_TARGET-OS__450k_beta.txt	40	PAKUZU	01	OS	False
450K	TARGET-OS	TARGET-40-PAPIJR-01A	TARGET-40-PAPIJR-01A.Ave_Beta	idat_sample_sheet_TARGET-OS__450k_beta.txt	40	PAPIJR	01	OS	False
450K	TARGET-OS	TARGET-40-PAPVYW-01A	TARGET-40-PAPVYW-01A.Ave_Beta	idat_sample_sheet_TARGET-OS__450k_beta.txt	40	PAPVYW	01	OS	False
450K	TARGET-OS	TARGET-40-PATMPU-01A	TARGET-40-PATMPU-01A.Ave_Beta	idat_sample_sheet_TARGET-OS__450k_beta.txt	40	PATMPU	01	OS	False
450K	TARGET-OS	TARGET-40-0A4I9K-01A	TARGET-40-0A4I9K-01A.Ave_Beta	idat_sample_sheet_TARGET-OS__450k_beta.txt	40	0A4I9K	01	OS	False
450K	TARGET-OS	TARGET-40-PARJXU-01A	TARGET-40-PARJXU-01A.Ave_Beta	idat_sample_sheet_TARGET-OS__450k_beta.txt	40	PARJXU	01	OS	False
450K	TARGET-OS	TARGET-40-PAMHYN-01A	TARGET-40-PAMHYN-01A.Ave_Beta	idat_sample_sheet_TARGET-OS__450k_beta.txt	40	PAMHYN	01	OS	False
450K	TARGET-OS	TARGET-40-0A4I5B-01A	TARGET-40-0A4I5B-01A.Ave_Beta	idat_sample_sheet_TARGET-OS__450k_beta.txt	40	0A4I5B	01	OS	False
EPIC	TARGET-RT	TARGET-52-PARECB-01A	TARGET-52-PARECB-01A.Ave_Beta	idat_sample_sheet_TARGET-RT__EPIC_beta.txt	52	PARECB	01	RT	False
EPIC	TARGET-RT	TARGET-52-PASVDP-01A	TARGET-52-PASVDP-01A.Ave_Beta	idat_sample_sheet_TARGET-RT__EPIC_beta.txt	52	PASVDP	01	RT	False
EPIC	TARGET-RT	TARGET-52-PAUFVP-01A	TARGET-52-PAUFVP-01A.Ave_Beta	idat_sample_sheet_TARGET-RT__EPIC_beta.txt	52	PAUFVP	01	RT	False
EPIC	TARGET-RT	TARGET-52-PATAFT-01A	TARGET-52-PATAFT-01A.Ave_Beta	idat_sample_sheet_TARGET-RT__EPIC_beta.txt	52	PATAFT	01	RT	False
EPIC	TARGET-RT	TARGET-52-PAWFWK-01A	TARGET-52-PAWFWK-01A.Ave_Beta	idat_sample_sheet_TARGET-RT__EPIC_beta.txt	52	PAWFWK	01	RT	False
EPIC	TARGET-RT	TARGET-52-PARTKH-01A	TARGET-52-PARTKH-01A.Ave_Beta	idat_sample_sheet_TARGET-RT__EPIC_beta.txt	52	PARTKH	01	RT	False
EPIC	TARGET-RT	TARGET-52-PAKHTL-01A	TARGET-52-PAKHTL-01A.Ave_Beta	idat_sample_sheet_TARGET-RT__EPIC_beta.txt	52	PAKHTL	01	RT	False
EPIC	TARGET-RT	TARGET-52-PADWRZ-01A	TARGET-52-PADWRZ-01A.Ave_Beta	idat_sample_sheet_TARGET-RT__EPIC_beta.txt	52	PADWRZ	01	RT	False
EPIC	TARGET-RT	TARGET-52-PATENH-01A	TARGET-52-PATENH-01A.Ave_Beta	idat_sample_sheet_TARGET-RT__EPIC_beta.txt	52	PATENH	01	RT	False
EPIC	TARGET-RT	TARGET-52-PAVDPR-01A	TARGET-52-PAVDPR-01A.Ave_Beta	idat_sample_sheet_TARGET-RT__EPIC_beta.txt	52	PAVDPR	01	RT	False
EPIC	TARGET-RT	TARGET-52-PABKLN-01A	TARGET-52-PABKLN-01A.Ave_Beta	idat_sample_sheet_TARGET-RT__EPIC_beta.txt	52	PABKLN	01	RT	False
EPIC	TARGET-RT	TARGET-52-PAVCKS-01A	TARGET-52-PAVCKS-01A.Ave_Beta	idat_sample_sheet_TARGET-RT__EPIC_beta.txt	52	PAVCKS	01	RT	False
EPIC	TARGET-RT	TARGET-52-PASXNA-01A	TARGET-52-PASXNA-01A.Ave_Beta	idat_sample_sheet_TARGET-RT__EPIC_beta.txt	52	PASXNA	01	RT	False
EPIC	TARGET-RT	TARGET-52-PASDLA-01A	TARGET-52-PASDLA-01A.Ave_Beta	idat_sample_sheet_TARGET-RT__EPIC_beta.txt	52	PASDLA	01	RT	False
EPIC	TARGET-RT	TARGET-52-PATXKA-01A	TARGET-52-PATXKA-01A.Ave_Beta	idat_sample_sheet_TARGET-RT__EPIC_beta.txt	52	PATXKA	01	RT	False
EPIC	TARGET-RT	TARGET-52-PARRCL-01A	TARGET-52-PARRCL-01A.Ave_Beta	idat_sample_sheet_TARGET-RT__EPIC_beta.txt	52	PARRCL	01	RT	False
EPIC	TARGET-RT	TARGET-52-PARGRN-01A	TARGET-52-PARGRN-01A.Ave_Beta	idat_sample_sheet_TARGET-RT__EPIC_beta.txt	52	PARGRN	01	RT	False
EPIC	TARGET-RT	TARGET-52-PADYZI-01A	TARGET-52-PADYZI-01A.Ave_Beta	idat_sample_sheet_TARGET-RT__EPIC_beta.txt	52	PADYZI	01	RT	False
EPIC	TARGET-RT	TARGET-52-PASYNF-01A	TARGET-52-PASYNF-01A.Ave_Beta	idat_sample_sheet_TARGET-RT__EPIC_beta.txt	52	PASYNF	01	RT	False
EPIC	TARGET-RT	TARGET-52-PAVYKD-01A	TARGET-52-PAVYKD-01A.Ave_Beta	idat_sample_sheet_TARGET-RT__EPIC_beta.txt	52	PAVYKD	01	RT	False
EPIC	TARGET-RT	TARGET-52-PAJMRB-01A	TARGET-52-PAJMRB-01A.Ave_Beta	idat_sample_sheet_TARGET-RT__EPIC_beta.txt	52	PAJMRB	01	RT	False
EPIC	TARGET-RT	TARGET-52-PAVVIT-01A	TARGET-52-PAVVIT-01A.Ave_Beta	idat_sample_sheet_TARGET-RT__EPIC_beta.txt	52	PAVVIT	01	RT	False
EPIC	TARGET-RT	TARGET-52-PATYUA-01A	TARGET-52-PATYUA-01A.Ave_Beta	idat_sample_sheet_TARGET-RT__EPIC_beta.txt	52	PATYUA	01	RT	False
EPIC	TARGET-RT	TARGET-52-PATFZZ-01A	TARGET-52-PATFZZ-01A.Ave_Beta	idat_sample_sheet_TARGET-RT__EPIC_beta.txt	52	PATFZZ	01	RT	False
EPIC	TARGET-RT	TARGET-52-PAJLRA-01A	TARGET-52-PAJLRA-01A.Ave_Beta	idat_sample_sheet_TARGET-RT__EPIC_beta.txt	52	PAJLRA	01	RT	False
EPIC	TARGET-RT	TARGET-52-PAJNER-01A	TARGET-52-PAJNER-01A.Ave_Beta	idat_sample_sheet_TARGET-RT__EPIC_beta.txt	52	PAJNER	01	RT	False
EPIC	TARGET-RT	TARGET-52-PARKKN-01A	TARGET-52-PARKKN-01A.Ave_Beta	idat_sample_sheet_TARGET-RT__EPIC_beta.txt	52	PARKKN	01	RT	False
EPIC	TARGET-RT	TARGET-52-PAKPEW-01A	TARGET-52-PAKPEW-01A.Ave_Beta	idat_sample_sheet_TARGET-RT__EPIC_beta.txt	52	PAKPEW	01	RT	False
EPIC	TARGET-RT	TARGET-52-PAUDPV-01A	TARGET-52-PAUDPV-01A.Ave_Beta	idat_sample_sheet_TARGET-RT__EPIC_beta.txt	52	PAUDPV	01	RT	False
EPIC	TARGET-RT	TARGET-52-PAREWI-01A	TARGET-52-PAREWI-01A.Ave_Beta	idat_sample_sheet_TARGET-RT__EPIC_beta.txt	52	PAREWI	01	RT	False
EPIC	TARGET-RT	TARGET-52-PAUNPA-01A	TARGET-52-PAUNPA-01A.Ave_Beta	idat_sample_sheet_TARGET-RT__EPIC_beta.txt	52	PAUNPA	01	RT	False
EPIC	TARGET-RT	TARGET-52-PAKLYZ-01A	TARGET-52-PAKLYZ-01A.Ave_Beta	idat_sample_sheet_TARGET-RT__EPIC_beta.txt	52	PAKLYZ	01	RT	False
EPIC	TARGET-RT	TARGET-52-PASGCL-01A	TARGET-52-PASGCL-01A.Ave_Beta	idat_sample_sheet_TARGET-RT__EPIC_beta.txt	52	PASGCL	01	RT	False
EPIC	TARGET-RT	TARGET-52-PAUCGJ-01A	TARGET-52-PAUCGJ-01A.Ave_Beta	idat_sample_sheet_TARGET-RT__EPIC_beta.txt	52	PAUCGJ	01	RT	False
EPIC	TARGET-RT	TARGET-52-PASNED-01A	TARGET-52-PASNED-01A.Ave_Beta	idat_sample_sheet_TARGET-RT__EPIC_beta.txt	52	PASNED	01	RT	False
EPIC	TARGET-RT	TARGET-52-PARZBI-01A	TARGET-52-PARZBI-01A.Ave_Beta	idat_sample_sheet_TARGET-RT__EPIC_beta.txt	52	PARZBI	01	RT	False
EPIC	TARGET-RT	TARGET-52-PAKTCT-01A	TARGET-52-PAKTCT-01A.Ave_Beta	idat_sample_sheet_TARGET-RT__EPIC_beta.txt	52	PAKTCT	01	RT	False
EPIC	TARGET-RT	TARGET-52-PASABD-01A	TARGET-52-PASABD-01A.Ave_Beta	idat_sample_sheet_TARGET-RT__EPIC_beta.txt	52	PASABD	01	RT	False
EPIC	TARGET-RT	TARGET-52-PASAMZ-01A	TARGET-52-PASAMZ-01A.Ave_Beta	idat_sample_sheet_TARGET-RT__EPIC_beta.txt	52	PASAMZ	01	RT	False
EPIC	TARGET-RT	TARGET-52-PARUGK-01A	TARGET-52-PARUGK-01A.Ave_Beta	idat_sample_sheet_TARGET-RT__EPIC_beta.txt	52	PARUGK	01	RT	False
EPIC	TARGET-RT	TARGET-52-PAUHAZ-01A	TARGET-52-PAUHAZ-01A.Ave_Beta	idat_sample_sheet_TARGET-RT__EPIC_beta.txt	52	PAUHAZ	01	RT	False
EPIC	TARGET-RT	TARGET-52-PAWDGA-01A	TARGET-52-PAWDGA-01A.Ave_Beta	idat_sample_sheet_TARGET-RT__EPIC_beta.txt	52	PAWDGA	01	RT	False
EPIC	TARGET-RT	TARGET-52-PATFXW-01A	TARGET-52-PATFXW-01A.Ave_Beta	idat_sample_sheet_TARGET-RT__EPIC_beta.txt	52	PATFXW	01	RT	False
EPIC	TARGET-RT	TARGET-52-PAEHIP-01A	TARGET-52-PAEHIP-01A.Ave_Beta	idat_sample_sheet_TARGET-RT__EPIC_beta.txt	52	PAEHIP	01	RT	False
EPIC	TARGET-RT	TARGET-52-PASRHU-01A	TARGET-52-PASRHU-01A.Ave_Beta	idat_sample_sheet_TARGET-RT__EPIC_beta.txt	52	PASRHU	01	RT	False
EPIC	TARGET-RT	TARGET-52-PAJNFZ-01A	TARGET-52-PAJNFZ-01A.Ave_Beta	idat_sample_sheet_TARGET-RT__EPIC_beta.txt	52	PAJNFZ	01	RT	False
EPIC	TARGET-RT	TARGET-52-PAUGYZ-01A	TARGET-52-PAUGYZ-01A.Ave_Beta	idat_sample_sheet_TARGET-RT__EPIC_beta.txt	52	PAUGYZ	01	RT	False
EPIC	TARGET-RT	TARGET-52-PASXGF-01A	TARGET-52-PASXGF-01A.Ave_Beta	idat_sample_sheet_TARGET-RT__EPIC_beta.txt	52	PASXGF	01	RT	False
EPIC	TARGET-RT	TARGET-52-PASILR-01A	TARGET-52-PASILR-01A.Ave_Beta	idat_sample_sheet_TARGET-RT__EPIC_beta.txt	52	PASILR	01	RT	False
EPIC	TARGET-RT	TARGET-52-PARZRH-01A	TARGET-52-PARZRH-01A.Ave_Beta	idat_sample_sheet_TARGET-RT__EPIC_beta.txt	52	PARZRH	01	RT	False
EPIC	TARGET-RT	TARGET-52-PARIRN-01A	TARGET-52-PARIRN-01A.Ave_Beta	idat_sample_sheet_TARGET-RT__EPIC_beta.txt	52	PARIRN	01	RT	False
EPIC	TARGET-RT	TARGET-52-PARPFY-01A	TARGET-52-PARPFY-01A.Ave_Beta	idat_sample_sheet_TARGET-RT__EPIC_beta.txt	52	PARPFY	01	RT	False
EPIC	TARGET-RT	TARGET-52-PASZYE-01A	TARGET-52-PASZYE-01A.Ave_Beta	idat_sample_sheet_TARGET-RT__EPIC_beta.txt	52	PASZYE	01	RT	False
EPIC	TARGET-RT	TARGET-52-PASADZ-01A	TARGET-52-PASADZ-01A.Ave_Beta	idat_sample_sheet_TARGET-RT__EPIC_beta.txt	52	PASADZ	01	RT	False
EPIC	TARGET-RT	TARGET-52-PATBLF-01A	TARGET-52-PATBLF-01A.Ave_Beta	idat_sample_sheet_TARGET-RT__EPIC_beta.txt	52	PATBLF	01	RT	False
EPIC	TARGET-RT	TARGET-52-PAJLWM-01A	TARGET-52-PAJLWM-01A.Ave_Beta	idat_sample_sheet_TARGET-RT__EPIC_beta.txt	52	PAJLWM	01	RT	False
EPIC	TARGET-RT	TARGET-52-PAWFBL-01A	TARGET-52-PAWFBL-01A.Ave_Beta	idat_sample_sheet_TARGET-RT__EPIC_beta.txt	52	PAWFBL	01	RT	False
EPIC	TARGET-RT	TARGET-52-PAJPHJ-01A	TARGET-52-PAJPHJ-01A.Ave_Beta	idat_sample_sheet_TARGET-RT__EPIC_beta.txt	52	PAJPHJ	01	RT	False
EPIC	TARGET-RT	TARGET-52-PASGGN-01A	TARGET-52-PASGGN-01A.Ave_Beta	idat_sample_sheet_TARGET-RT__EPIC_beta.txt	52	PASGGN	01	RT	False
EPIC	TARGET-RT	TARGET-52-PASWZZ-01A	TARGET-52-PASWZZ-01A.Ave_Beta	idat_sample_sheet_TARGET-RT__EPIC_beta.txt	52	PASWZZ	01	RT	False
EPIC	TARGET-RT	TARGET-52-PAJMBW-01A	TARGET-52-PAJMBW-01A.Ave_Beta	idat_sample_sheet_TARGET-RT__EPIC_beta.txt	52	PAJMBW	01	RT	False
EPIC	TARGET-RT	TARGET-52-PAVYDM-01A	TARGET-52-PAVYDM-01A.Ave_Beta	idat_sample_sheet_TARGET-RT__EPIC_beta.txt	52	PAVYDM	01	RT	False
EPIC	TARGET-RT	TARGET-52-PASCDH-01A	TARGET-52-PASCDH-01A.Ave_Beta	idat_sample_sheet_TARGET-RT__EPIC_beta.txt	52	PASCDH	01	RT	False
EPIC	TARGET-RT	TARGET-52-PAJNFP-01A	TARGET-52-PAJNFP-01A.Ave_Beta	idat_sample_sheet_TARGET-RT__EPIC_beta.txt	52	PAJNFP	01	RT	False
EPIC	TARGET-RT	TARGET-52-PATXEE-01A	TARGET-52-PATXEE-01A.Ave_Beta	idat_sample_sheet_TARGET-RT__EPIC_beta.txt	52	PATXEE	01	RT	False
EPIC	TARGET-RT	TARGET-52-PAVITI-01A	TARGET-52-PAVITI-01A.Ave_Beta	idat_sample_sheet_TARGET-RT__EPIC_beta.txt	52	PAVITI	01	RT	False
EPIC	TARGET-RT	TARGET-52-PATDVL-01A	TARGET-52-PATDVL-01A.Ave_Beta	idat_sample_sheet_TARGET-RT__EPIC_beta.txt	52	PATDVL	01	RT	False
EPIC	TARGET-RT	TARGET-52-PAUEKW-01A	TARGET-52-PAUEKW-01A.Ave_Beta	idat_sample_sheet_TARGET-RT__EPIC_beta.txt	52	PAUEKW	01	RT	False
450K	TARGET-WT	TARGET-50-PAJNNC-01A	TARGET-50-PAJNNC-01A.Ave_Beta	idat_sample_sheet_TARGET-WT__450k_beta.txt	50	PAJNNC	01	WT	False
450K	TARGET-WT	TARGET-50-PAJMKJ-01A	TARGET-50-PAJMKJ-01A.Ave_Beta	idat_sample_sheet_TARGET-WT__450k_beta.txt	50	PAJMKJ	01	WT	False
450K	TARGET-WT	TARGET-50-PAJMVC-01A	TARGET-50-PAJMVC-01A.Ave_Beta	idat_sample_sheet_TARGET-WT__450k_beta.txt	50	PAJMVC	01	WT	False
450K	TARGET-WT	TARGET-50-PAJMIZ-01A	TARGET-50-PAJMIZ-01A.Ave_Beta	idat_sample_sheet_TARGET-WT__450k_beta.txt	50	PAJMIZ	01	WT	False
450K	TARGET-WT	TARGET-50-PAJNUS-01A	TARGET-50-PAJNUS-01A.Ave_Beta	idat_sample_sheet_TARGET-WT__450k_beta.txt	50	PAJNUS	01	WT	False
450K	TARGET-WT	TARGET-50-PAJMSE-01A	TARGET-50-PAJMSE-01A.Ave_Beta	idat_sample_sheet_TARGET-WT__450k_beta.txt	50	PAJMSE	01	WT	False
450K	TARGET-WT	TARGET-50-PAKNRX-01A	TARGET-50-PAKNRX-01A.Ave_Beta	idat_sample_sheet_TARGET-WT__450k_beta.txt	50	PAKNRX	01	WT	False
450K	TARGET-WT	TARGET-50-PAJLKC-01A	TARGET-50-PAJLKC-01A.Ave_Beta	idat_sample_sheet_TARGET-WT__450k_beta.txt	50	PAJLKC	01	WT	False
450K	TARGET-WT	TARGET-50-PAJNUP-01A	TARGET-50-PAJNUP-01A.Ave_Beta	idat_sample_sheet_TARGET-WT__450k_beta.txt	50	PAJNUP	01	WT	False
450K	TARGET-WT	TARGET-50-PAJMEL-01A	TARGET-50-PAJMEL-01A.Ave_Beta	idat_sample_sheet_TARGET-WT__450k_beta.txt	50	PAJMEL	01	WT	False
450K	TARGET-WT	TARGET-50-PAJNTJ-02A	TARGET-50-PAJNTJ-02A.Ave_Beta	idat_sample_sheet_TARGET-WT__450k_beta.txt	50	PAJNTJ	02	WT	False
450K	TARGET-WT	TARGET-50-PAJNBN-01A	TARGET-50-PAJNBN-01A.Ave_Beta	idat_sample_sheet_TARGET-WT__450k_beta.txt	50	PAJNBN	01	WT	False
450K	TARGET-WT	TARGET-50-PAJMKI-01A	TARGET-50-PAJMKI-01A.Ave_Beta	idat_sample_sheet_TARGET-WT__450k_beta.txt	50	PAJMKI	01	WT	False
450K	TARGET-WT	TARGET-50-PAJPAU-01A	TARGET-50-PAJPAU-01A.Ave_Beta	idat_sample_sheet_TARGET-WT__450k_beta.txt	50	PAJPAU	01	WT	False
450K	TARGET-WT	TARGET-50-PAJLIP-01A	TARGET-50-PAJLIP-01A.Ave_Beta	idat_sample_sheet_TARGET-WT__450k_beta.txt	50	PAJLIP	01	WT	False
450K	TARGET-WT	TARGET-50-CAAAAJ-01A	TARGET-50-CAAAAJ-01A.Ave_Beta	idat_sample_sheet_TARGET-WT__450k_beta.txt	50	CAAAAJ	01	WT	False
450K	TARGET-WT	TARGET-50-PALEZT-01A	TARGET-50-PALEZT-01A.Ave_Beta	idat_sample_sheet_TARGET-WT__450k_beta.txt	50	PALEZT	01	WT	False
450K	TARGET-WT	TARGET-50-PAJMEN-01A	TARGET-50-PAJMEN-01A.Ave_Beta	idat_sample_sheet_TARGET-WT__450k_beta.txt	50	PAJMEN	01	WT	False
450K	TARGET-WT	TARGET-50-PAKZFK-01A	TARGET-50-PAKZFK-01A.Ave_Beta	idat_sample_sheet_TARGET-WT__450k_beta.txt	50	PAKZFK	01	WT	False
450K	TARGET-WT	TARGET-50-PAKPDF-01A	TARGET-50-PAKPDF-01A.Ave_Beta	idat_sample_sheet_TARGET-WT__450k_beta.txt	50	PAKPDF	01	WT	False
450K	TARGET-WT	TARGET-50-CAAAAM-01A	TARGET-50-CAAAAM-01A.Ave_Beta	idat_sample_sheet_TARGET-WT__450k_beta.txt	50	CAAAAM	01	WT	False
450K	TARGET-WT	TARGET-50-PALERC-01A	TARGET-50-PALERC-01A.Ave_Beta	idat_sample_sheet_TARGET-WT__450k_beta.txt	50	PALERC	01	WT	False
450K	TARGET-WT	TARGET-50-PAKGED-01A	TARGET-50-PAKGED-01A.Ave_Beta	idat_sample_sheet_TARGET-WT__450k_beta.txt	50	PAKGED	01	WT	False
450K	TARGET-WT	TARGET-50-PAJNJJ-01A	TARGET-50-PAJNJJ-01A.Ave_Beta	idat_sample_sheet_TARGET-WT__450k_beta.txt	50	PAJNJJ	01	WT	False
450K	TARGET-WT	TARGET-50-PAKECR-01A	TARGET-50-PAKECR-01A.Ave_Beta	idat_sample_sheet_TARGET-WT__450k_beta.txt	50	PAKECR	01	WT	False
450K	TARGET-WT	TARGET-50-PAJNZS-01A	TARGET-50-PAJNZS-01A.Ave_Beta	idat_sample_sheet_TARGET-WT__450k_beta.txt	50	PAJNZS	01	WT	False
450K	TARGET-WT	TARGET-50-PAJMRL-01A	TARGET-50-PAJMRL-01A.Ave_Beta	idat_sample_sheet_TARGET-WT__450k_beta.txt	50	PAJMRL	01	WT	False
450K	TARGET-WT	TARGET-50-PAJNNR-01A	TARGET-50-PAJNNR-01A.Ave_Beta	idat_sample_sheet_TARGET-WT__450k_beta.txt	50	PAJNNR	01	WT	False
450K	TARGET-WT	TARGET-50-PAJLTH-01A	TARGET-50-PAJLTH-01A.Ave_Beta	idat_sample_sheet_TARGET-WT__450k_beta.txt	50	PAJLTH	01	WT	False
450K	TARGET-WT	TARGET-50-PALFRD-01A	TARGET-50-PALFRD-01A.Ave_Beta	idat_sample_sheet_TARGET-WT__450k_beta.txt	50	PALFRD	01	WT	False
450K	TARGET-WT	TARGET-50-PAJNEC-01A	TARGET-50-PAJNEC-01A.Ave_Beta	idat_sample_sheet_TARGET-WT__450k_beta.txt	50	PAJNEC	01	WT	False
450K	TARGET-WT	TARGET-50-PADXAY-01A	TARGET-50-PADXAY-01A.Ave_Beta	idat_sample_sheet_TARGET-WT__450k_beta.txt	50	PADXAY	01	WT	False
450K	TARGET-WT	TARGET-50-PAJPHA-01A	TARGET-50-PAJPHA-01A.Ave_Beta	idat_sample_sheet_TARGET-WT__450k_beta.txt	50	PAJPHA	01	WT	False
450K	TARGET-WT	TARGET-50-PAJNVX-01A	TARGET-50-PAJNVX-01A.Ave_Beta	idat_sample_sheet_TARGET-WT__450k_beta.txt	50	PAJNVX	01	WT	False
450K	TARGET-WT	TARGET-50-PAJMJT-01A	TARGET-50-PAJMJT-01A.Ave_Beta	idat_sample_sheet_TARGET-WT__450k_beta.txt	50	PAJMJT	01	WT	False
450K	TARGET-WT	TARGET-50-PAKSCC-01A	TARGET-50-PAKSCC-01A.Ave_Beta	idat_sample_sheet_TARGET-WT__450k_beta.txt	50	PAKSCC	01	WT	False
450K	TARGET-WT	TARGET-50-PALKRS-01A	TARGET-50-PALKRS-01A.Ave_Beta	idat_sample_sheet_TARGET-WT__450k_beta.txt	50	PALKRS	01	WT	False
450K	TARGET-WT	TARGET-50-PAJMJK-01A	TARGET-50-PAJMJK-01A.Ave_Beta	idat_sample_sheet_TARGET-WT__450k_beta.txt	50	PAJMJK	01	WT	False
450K	TARGET-WT	TARGET-50-PALGVY-01A	TARGET-50-PALGVY-01A.Ave_Beta	idat_sample_sheet_TARGET-WT__450k_beta.txt	50	PALGVY	01	WT	False
450K	TARGET-WT	TARGET-50-PAJNGH-01A	TARGET-50-PAJNGH-01A.Ave_Beta	idat_sample_sheet_TARGET-WT__450k_beta.txt	50	PAJNGH	01	WT	False
450K	TARGET-WT	TARGET-50-CAAAAQ-01A	TARGET-50-CAAAAQ-01A.Ave_Beta	idat_sample_sheet_TARGET-WT__450k_beta.txt	50	CAAAAQ	01	WT	False
450K	TARGET-WT	TARGET-50-PAKWPM-01A	TARGET-50-PAKWPM-01A.Ave_Beta	idat_sample_sheet_TARGET-WT__450k_beta.txt	50	PAKWPM	01	WT	False
450K	TARGET-WT	TARGET-50-PAJNVE-01A	TARGET-50-PAJNVE-01A.Ave_Beta	idat_sample_sheet_TARGET-WT__450k_beta.txt	50	PAJNVE	01	WT	False
450K	TARGET-WT	TARGET-50-CAAAAH-01A	TARGET-50-CAAAAH-01A.Ave_Beta	idat_sample_sheet_TARGET-WT__450k_beta.txt	50	CAAAAH	01	WT	False
450K	TARGET-WT	TARGET-50-PALKCW-01A	TARGET-50-PALKCW-01A.Ave_Beta	idat_sample_sheet_TARGET-WT__450k_beta.txt	50	PALKCW	01	WT	False
450K	TARGET-WT	TARGET-50-PALLFB-01A	TARGET-50-PALLFB-01A.Ave_Beta	idat_sample_sheet_TARGET-WT__450k_beta.txt	50	PALLFB	01	WT	False
450K	TARGET-WT	TARGET-50-PAKRZW-01A	TARGET-50-PAKRZW-01A.Ave_Beta	idat_sample_sheet_TARGET-WT__450k_beta.txt	50	PAKRZW	01	WT	False
450K	TARGET-WT	TARGET-50-PAKZHF-01A	TARGET-50-PAKZHF-01A.Ave_Beta	idat_sample_sheet_TARGET-WT__450k_beta.txt	50	PAKZHF	01	WT	False
450K	TARGET-WT	TARGET-50-PAJMFY-01A	TARGET-50-PAJMFY-01A.Ave_Beta	idat_sample_sheet_TARGET-WT__450k_beta.txt	50	PAJMFY	01	WT	False
450K	TARGET-WT	TARGET-50-PAJNYT-01A	TARGET-50-PAJNYT-01A.Ave_Beta	idat_sample_sheet_TARGET-WT__450k_beta.txt	50	PAJNYT	01	WT	False
450K	TARGET-WT	TARGET-50-PAKYLT-01A	TARGET-50-PAKYLT-01A.Ave_Beta	idat_sample_sheet_TARGET-WT__450k_beta.txt	50	PAKYLT	01	WT	False
450K	TARGET-WT	TARGET-50-PAJNAA-01A	TARGET-50-PAJNAA-01A.Ave_Beta	idat_sample_sheet_TARGET-WT__450k_beta.txt	50	PAJNAA	01	WT	False
450K	TARGET-WT	TARGET-50-PAKKNS-01A	TARGET-50-PAKKNS-01A.Ave_Beta	idat_sample_sheet_TARGET-WT__450k_beta.txt	50	PAKKNS	01	WT	False
450K	TARGET-WT	TARGET-50-PAJPCM-01A	TARGET-50-PAJPCM-01A.Ave_Beta	idat_sample_sheet_TARGET-WT__450k_beta.txt	50	PAJPCM	01	WT	False
450K	TARGET-WT	TARGET-50-PAJLUJ-06A	TARGET-50-PAJLUJ-06A.Ave_Beta	idat_sample_sheet_TARGET-WT__450k_beta.txt	50	PAJLUJ	06	WT	False
450K	TARGET-WT	TARGET-50-PALJIP-01A	TARGET-50-PALJIP-01A.Ave_Beta	idat_sample_sheet_TARGET-WT__450k_beta.txt	50	PALJIP	01	WT	False
450K	TARGET-WT	TARGET-50-PAJNZU-01A	TARGET-50-PAJNZU-01A.Ave_Beta	idat_sample_sheet_TARGET-WT__450k_beta.txt	50	PAJNZU	01	WT	False
450K	TARGET-WT	TARGET-50-CAAAAO-01A	TARGET-50-CAAAAO-01A.Ave_Beta	idat_sample_sheet_TARGET-WT__450k_beta.txt	50	CAAAAO	01	WT	False
450K	TARGET-WT	TARGET-50-PALDTE-01A	TARGET-50-PALDTE-01A.Ave_Beta	idat_sample_sheet_TARGET-WT__450k_beta.txt	50	PALDTE	01	WT	False
450K	TARGET-WT	TARGET-50-PAJLKR-01A	TARGET-50-PAJLKR-01A.Ave_Beta	idat_sample_sheet_TARGET-WT__450k_beta.txt	50	PAJLKR	01	WT	False
450K	TARGET-WT	TARGET-50-PAJPDC-01A	TARGET-50-PAJPDC-01A.Ave_Beta	idat_sample_sheet_TARGET-WT__450k_beta.txt	50	PAJPDC	01	WT	False
450K	TARGET-WT	TARGET-50-CAAAAC-01A	TARGET-50-CAAAAC-01A.Ave_Beta	idat_sample_sheet_TARGET-WT__450k_beta.txt	50	CAAAAC	01	WT	False
450K	TARGET-WT	TARGET-50-PAJLSP-01A	TARGET-50-PAJLSP-01A.Ave_Beta	idat_sample_sheet_TARGET-WT__450k_beta.txt	50	PAJLSP	01	WT	False
450K	TARGET-WT	TARGET-50-PAKUIT-01A	TARGET-50-PAKUIT-01A.Ave_Beta	idat_sample_sheet_TARGET-WT__450k_beta.txt	50	PAKUIT	01	WT	False
450K	TARGET-WT	TARGET-50-PAKZER-01A	TARGET-50-PAKZER-01A.Ave_Beta	idat_sample_sheet_TARGET-WT__450k_beta.txt	50	PAKZER	01	WT	False
450K	TARGET-WT	TARGET-50-CAAAAS-01A	TARGET-50-CAAAAS-01A.Ave_Beta	idat_sample_sheet_TARGET-WT__450k_beta.txt	50	CAAAAS	01	WT	False
450K	TARGET-WT	TARGET-50-CAAAAP-01A	TARGET-50-CAAAAP-01A.Ave_Beta	idat_sample_sheet_TARGET-WT__450k_beta.txt	50	CAAAAP	01	WT	False
450K	TARGET-WT	TARGET-50-PAKXXF-01A	TARGET-50-PAKXXF-01A.Ave_Beta	idat_sample_sheet_TARGET-WT__450k_beta.txt	50	PAKXXF	01	WT	False
450K	TARGET-WT	TARGET-50-PADZUB-01A	TARGET-50-PADZUB-01A.Ave_Beta	idat_sample_sheet_TARGET-WT__450k_beta.txt	50	PADZUB	01	WT	False
450K	TARGET-WT	TARGET-50-PAJNRL-01A	TARGET-50-PAJNRL-01A.Ave_Beta	idat_sample_sheet_TARGET-WT__450k_beta.txt	50	PAJNRL	01	WT	False
450K	TARGET-WT	TARGET-50-PAKNXS-01A	TARGET-50-PAKNXS-01A.Ave_Beta	idat_sample_sheet_TARGET-WT__450k_beta.txt	50	PAKNXS	01	WT	False
450K	TARGET-WT	TARGET-50-PAJMLZ-01A	TARGET-50-PAJMLZ-01A.Ave_Beta	idat_sample_sheet_TARGET-WT__450k_beta.txt	50	PAJMLZ	01	WT	False
450K	TARGET-WT	TARGET-50-PALFME-02A	TARGET-50-PALFME-02A.Ave_Beta	idat_sample_sheet_TARGET-WT__450k_beta.txt	50	PALFME	02	WT	False
450K	TARGET-WT	TARGET-50-PAKRVH-01A	TARGET-50-PAKRVH-01A.Ave_Beta	idat_sample_sheet_TARGET-WT__450k_beta.txt	50	PAKRVH	01	WT	False
450K	TARGET-WT	TARGET-50-PAJMVU-01A	TARGET-50-PAJMVU-01A.Ave_Beta	idat_sample_sheet_TARGET-WT__450k_beta.txt	50	PAJMVU	01	WT	False
450K	TARGET-WT	TARGET-50-PAJNCJ-01A	TARGET-50-PAJNCJ-01A.Ave_Beta	idat_sample_sheet_TARGET-WT__450k_beta.txt	50	PAJNCJ	01	WT	False
450K	TARGET-WT	TARGET-50-PALFME-01A	TARGET-50-PALFME-01A.Ave_Beta	idat_sample_sheet_TARGET-WT__450k_beta.txt	50	PALFME	01	WT	False
450K	TARGET-WT	TARGET-50-PAJMKN-01A	TARGET-50-PAJMKN-01A.Ave_Beta	idat_sample_sheet_TARGET-WT__450k_beta.txt	50	PAJMKN	01	WT	False
450K	TARGET-WT	TARGET-50-PAJLNJ-01A	TARGET-50-PAJLNJ-01A.Ave_Beta	idat_sample_sheet_TARGET-WT__450k_beta.txt	50	PAJLNJ	01	WT	False
450K	TARGET-WT	TARGET-50-PAJPGY-01A	TARGET-50-PAJPGY-01A.Ave_Beta	idat_sample_sheet_TARGET-WT__450k_beta.txt	50	PAJPGY	01	WT	False
450K	TARGET-WT	TARGET-50-PAKMSV-01A	TARGET-50-PAKMSV-01A.Ave_Beta	idat_sample_sheet_TARGET-WT__450k_beta.txt	50	PAKMSV	01	WT	False
450K	TARGET-WT	TARGET-50-PAKYFC-01A	TARGET-50-PAKYFC-01A.Ave_Beta	idat_sample_sheet_TARGET-WT__450k_beta.txt	50	PAKYFC	01	WT	False
450K	TARGET-WT	TARGET-50-CAAAAA-01A	TARGET-50-CAAAAA-01A.Ave_Beta	idat_sample_sheet_TARGET-WT__450k_beta.txt	50	CAAAAA	01	WT	False
450K	TARGET-WT	TARGET-50-CAAAAB-01A	TARGET-50-CAAAAB-01A.Ave_Beta	idat_sample_sheet_TARGET-WT__450k_beta.txt	50	CAAAAB	01	WT	False
450K	TARGET-WT	TARGET-50-PAKJGM-01A	TARGET-50-PAKJGM-01A.Ave_Beta	idat_sample_sheet_TARGET-WT__450k_beta.txt	50	PAKJGM	01	WT	False
450K	TARGET-WT	TARGET-50-PAJPDN-01A	TARGET-50-PAJPDN-01A.Ave_Beta	idat_sample_sheet_TARGET-WT__450k_beta.txt	50	PAJPDN	01	WT	False
450K	TARGET-WT	TARGET-50-CAAAAL-01A	TARGET-50-CAAAAL-01A.Ave_Beta	idat_sample_sheet_TARGET-WT__450k_beta.txt	50	CAAAAL	01	WT	False
450K	TARGET-WT	TARGET-50-PAKSDG-01A	TARGET-50-PAKSDG-01A.Ave_Beta	idat_sample_sheet_TARGET-WT__450k_beta.txt	50	PAKSDG	01	WT	False
450K	TARGET-WT	TARGET-50-PAEBXA-01A	TARGET-50-PAEBXA-01A.Ave_Beta	idat_sample_sheet_TARGET-WT__450k_beta.txt	50	PAEBXA	01	WT	False
450K	TARGET-WT	TARGET-50-PAKXWB-01A	TARGET-50-PAKXWB-01A.Ave_Beta	idat_sample_sheet_TARGET-WT__450k_beta.txt	50	PAKXWB	01	WT	False
450K	TARGET-WT	TARGET-50-PAJNZK-01A	TARGET-50-PAJNZK-01A.Ave_Beta	idat_sample_sheet_TARGET-WT__450k_beta.txt	50	PAJNZK	01	WT	False
450K	TARGET-WT	TARGET-50-PAJLWT-01A	TARGET-50-PAJLWT-01A.Ave_Beta	idat_sample_sheet_TARGET-WT__450k_beta.txt	50	PAJLWT	01	WT	False
450K	TARGET-WT	TARGET-50-PALDWP-01A	TARGET-50-PALDWP-01A.Ave_Beta	idat_sample_sheet_TARGET-WT__450k_beta.txt	50	PALDWP	01	WT	False
450K	TARGET-WT	TARGET-50-PAKVET-01A	TARGET-50-PAKVET-01A.Ave_Beta	idat_sample_sheet_TARGET-WT__450k_beta.txt	50	PAKVET	01	WT	False
450K	TARGET-WT	TARGET-50-PAJMUF-01A	TARGET-50-PAJMUF-01A.Ave_Beta	idat_sample_sheet_TARGET-WT__450k_beta.txt	50	PAJMUF	01	WT	False
450K	TARGET-WT	TARGET-50-PAKFME-01A	TARGET-50-PAKFME-01A.Ave_Beta	idat_sample_sheet_TARGET-WT__450k_beta.txt	50	PAKFME	01	WT	False
450K	TARGET-WT	TARGET-50-PAJPDC-02A	TARGET-50-PAJPDC-02A.Ave_Beta	idat_sample_sheet_TARGET-WT__450k_beta.txt	50	PAJPDC	02	WT	False
450K	TARGET-WT	TARGET-50-PAKKSE-01A	TARGET-50-PAKKSE-01A.Ave_Beta	idat_sample_sheet_TARGET-WT__450k_beta.txt	50	PAKKSE	01	WT	False
450K	TARGET-WT	TARGET-50-PAJNDU-01A	TARGET-50-PAJNDU-01A.Ave_Beta	idat_sample_sheet_TARGET-WT__450k_beta.txt	50	PAJNDU	01	WT	False
450K	TARGET-WT	TARGET-50-PAECJB-01A	TARGET-50-PAECJB-01A.Ave_Beta	idat_sample_sheet_TARGET-WT__450k_beta.txt	50	PAECJB	01	WT	False
450K	TARGET-WT	TARGET-50-PAKULH-01A	TARGET-50-PAKULH-01A.Ave_Beta	idat_sample_sheet_TARGET-WT__450k_beta.txt	50	PAKULH	01	WT	False
450K	TARGET-WT	TARGET-50-PAJMMY-01A	TARGET-50-PAJMMY-01A.Ave_Beta	idat_sample_sheet_TARGET-WT__450k_beta.txt	50	PAJMMY	01	WT	False
450K	TARGET-WT	TARGET-50-PAJNLT-01A	TARGET-50-PAJNLT-01A.Ave_Beta	idat_sample_sheet_TARGET-WT__450k_beta.txt	50	PAJNLT	01	WT	False
450K	TARGET-WT	TARGET-50-PAKGZX-01A	TARGET-50-PAKGZX-01A.Ave_Beta	idat_sample_sheet_TARGET-WT__450k_beta.txt	50	PAKGZX	01	WT	False
450K	TARGET-WT	TARGET-50-PAJPAR-01A	TARGET-50-PAJPAR-01A.Ave_Beta	idat_sample_sheet_TARGET-WT__450k_beta.txt	50	PAJPAR	01	WT	False
450K	TARGET-WT	TARGET-50-PAJMXF-01A	TARGET-50-PAJMXF-01A.Ave_Beta	idat_sample_sheet_TARGET-WT__450k_beta.txt	50	PAJMXF	01	WT	False
450K	TARGET-WT	TARGET-50-PALGAZ-01A	TARGET-50-PALGAZ-01A.Ave_Beta	idat_sample_sheet_TARGET-WT__450k_beta.txt	50	PALGAZ	01	WT	False
450K	TARGET-WT	TARGET-50-PAJMFU-01A	TARGET-50-PAJMFU-01A.Ave_Beta	idat_sample_sheet_TARGET-WT__450k_beta.txt	50	PAJMFU	01	WT	False
450K	TARGET-WT	TARGET-50-PAJNCZ-01A	TARGET-50-PAJNCZ-01A.Ave_Beta	idat_sample_sheet_TARGET-WT__450k_beta.txt	50	PAJNCZ	01	WT	False
450K	TARGET-WT	TARGET-50-PAJNRH-01A	TARGET-50-PAJNRH-01A.Ave_Beta	idat_sample_sheet_TARGET-WT__450k_beta.txt	50	PAJNRH	01	WT	False
450K	TARGET-WT	TARGET-50-PAEAFB-01A	TARGET-50-PAEAFB-01A.Ave_Beta	idat_sample_sheet_TARGET-WT__450k_beta.txt	50	PAEAFB	01	WT	False
450K	TARGET-WT	TARGET-50-PAKFYV-01A	TARGET-50-PAKFYV-01A.Ave_Beta	idat_sample_sheet_TARGET-WT__450k_beta.txt	50	PAKFYV	01	WT	False
450K	TARGET-WT	TARGET-50-PALLCK-01A	TARGET-50-PALLCK-01A.Ave_Beta	idat_sample_sheet_TARGET-WT__450k_beta.txt	50	PALLCK	01	WT	False
450K	TARGET-WT	TARGET-50-PAJLTI-01A	TARGET-50-PAJLTI-01A.Ave_Beta	idat_sample_sheet_TARGET-WT__450k_beta.txt	50	PAJLTI	01	WT	False
450K	TARGET-WT	TARGET-50-PAKNTW-01A	TARGET-50-PAKNTW-01A.Ave_Beta	idat_sample_sheet_TARGET-WT__450k_beta.txt	50	PAKNTW	01	WT	False
450K	TARGET-WT	TARGET-50-PAJNSL-01A	TARGET-50-PAJNSL-01A.Ave_Beta	idat_sample_sheet_TARGET-WT__450k_beta.txt	50	PAJNSL	01	WT	False
450K	TARGET-WT	TARGET-50-CAAAAR-01A	TARGET-50-CAAAAR-01A.Ave_Beta	idat_sample_sheet_TARGET-WT__450k_beta.txt	50	CAAAAR	01	WT	False
450K	TARGET-WT	TARGET-50-PALGLU-01A	TARGET-50-PALGLU-01A.Ave_Beta	idat_sample_sheet_TARGET-WT__450k_beta.txt	50	PALGLU	01	WT	False
450K	TARGET-WT	TARGET-50-PAJLLF-01A	TARGET-50-PAJLLF-01A.Ave_Beta	idat_sample_sheet_TARGET-WT__450k_beta.txt	50	PAJLLF	01	WT	False
450K	TARGET-WT	TARGET-50-PAJPEW-01A	TARGET-50-PAJPEW-01A.Ave_Beta	idat_sample_sheet_TARGET-WT__450k_beta.txt	50	PAJPEW	01	WT	False
450K	TARGET-WT	TARGET-50-PAJNTJ-01A	TARGET-50-PAJNTJ-01A.Ave_Beta	idat_sample_sheet_TARGET-WT__450k_beta.txt	50	PAJNTJ	01	WT	False
450K	TARGET-WT	TARGET-50-PALJIP-02A	TARGET-50-PALJIP-02A.Ave_Beta	idat_sample_sheet_TARGET-WT__450k_beta.txt	50	PALJIP	02	WT	False
450K	TARGET-WT	TARGET-50-PAJNGH-02A	TARGET-50-PAJNGH-02A.Ave_Beta	idat_sample_sheet_TARGET-WT__450k_beta.txt	50	PAJNGH	02	WT	False
450K	TARGET-WT	TARGET-50-PAJNAV-01A	TARGET-50-PAJNAV-01A.Ave_Beta	idat_sample_sheet_TARGET-WT__450k_beta.txt	50	PAJNAV	01	WT	False
450K	TARGET-WT	TARGET-50-PAJNZI-01A	TARGET-50-PAJNZI-01A.Ave_Beta	idat_sample_sheet_TARGET-WT__450k_beta.txt	50	PAJNZI	01	WT	False
450K	TARGET-WT	TARGET-50-PAKNAL-01A	TARGET-50-PAKNAL-01A.Ave_Beta	idat_sample_sheet_TARGET-WT__450k_beta.txt	50	PAKNAL	01	WT	False
450K	TARGET-WT	TARGET-50-PAJLPX-01A	TARGET-50-PAJLPX-01A.Ave_Beta	idat_sample_sheet_TARGET-WT__450k_beta.txt	50	PAJLPX	01	WT	False
450K	TARGET-WT	TARGET-50-PAJMEP-01A	TARGET-50-PAJMEP-01A.Ave_Beta	idat_sample_sheet_TARGET-WT__450k_beta.txt	50	PAJMEP	01	WT	False
450K	TARGET-WT	TARGET-50-PAKMUB-01A	TARGET-50-PAKMUB-01A.Ave_Beta	idat_sample_sheet_TARGET-WT__450k_beta.txt	50	PAKMUB	01	WT	False
450K	TARGET-WT	TARGET-50-PAJMLI-01A	TARGET-50-PAJMLI-01A.Ave_Beta	idat_sample_sheet_TARGET-WT__450k_beta.txt	50	PAJMLI	01	WT	False
450K	TARGET-WT	TARGET-50-PAJNCC-01A	TARGET-50-PAJNCC-01A.Ave_Beta	idat_sample_sheet_TARGET-WT__450k_beta.txt	50	PAJNCC	01	WT	False
