sample_id	original_column	file_project	platform	source_file	missing_fraction	UMAP1	UMAP2
TARGET-20-PASCGR-10A	TARGET-20-PASCGR-10A.Ave_Beta	TARGET-AML	450K	idat_sample_sheet_TARGET-AML__450k_beta.txt	0.0	-3.9668238	14.815892
TARGET-20-PASJGZ-04A	TARGET-20-PASJGZ-04A.Ave_Beta	TARGET-AML	450K	idat_sample_sheet_TARGET-AML__450k_beta.txt	0.0	-3.8589907	14.837109
TARGET-20-PADZCG-09A	TARGET-20-PADZCG-09A.Ave_Beta	TARGET-AML	450K	idat_sample_sheet_TARGET-AML__450k_beta.txt	0.0	-4.4009676	14.849108
TARGET-21-PARNAW-15A	TARGET-21-PARNAW-15A.Ave_Beta	TARGET-AML	450K	idat_sample_sheet_TARGET-AML__450k_beta.txt	0.0	1.4200842	15.392248
TARGET-20-PARNZW-14A	TARGET-20-PARNZW-14A.Ave_Beta	TARGET-AML	450K	idat_sample_sheet_TARGET-AML__450k_beta.txt	0.0	-4.4423165	14.666337
TARGET-20-PARFIW-14A	TARGET-20-PARFIW-14A.Ave_Beta	TARGET-AML	450K	idat_sample_sheet_TARGET-AML__450k_beta.txt	0.0	-5.356939	13.474922
TARGET-20-PANLLX-14A	TARGET-20-PANLLX-14A.Ave_Beta	TARGET-AML	450K	idat_sample_sheet_TARGET-AML__450k_beta.txt	0.0	-3.8542073	14.875174
TARGET-20-PABLDZ-09A	TARGET-20-PABLDZ-09A.Ave_Beta	TARGET-AML	450K	idat_sample_sheet_TARGET-AML__450k_beta.txt	0.0	-4.2319837	14.844217
TARGET-20-PARDMG-10A	TARGET-20-PARDMG-10A.Ave_Beta	TARGET-AML	450K	idat_sample_sheet_TARGET-AML__450k_beta.txt	0.0	-4.3797317	14.2480345
TARGET-20-PANTWV-04A	TARGET-20-PANTWV-04A.Ave_Beta	TARGET-AML	450K	idat_sample_sheet_TARGET-AML__450k_beta.txt	0.0	-0.67755663	13.988469
TARGET-21-PARZIA-14A	TARGET-21-PARZIA-14A.Ave_Beta	TARGET-AML	450K	idat_sample_sheet_TARGET-AML__450k_beta.txt	0.0	-0.4137557	13.99782
TARGET-20-PAKERZ-14A	TARGET-20-PAKERZ-14A.Ave_Beta	TARGET-AML	450K	idat_sample_sheet_TARGET-AML__450k_beta.txt	0.0	-4.10347	14.686722
TARGET-20-PASIEP-09A	TARGET-20-PASIEP-09A.Ave_Beta	TARGET-AML	450K	idat_sample_sheet_TARGET-AML__450k_beta.txt	0.0	-3.7085907	14.904989
TARGET-21-PATKKJ-15A	TARGET-21-PATKKJ-15A.Ave_Beta	TARGET-AML	450K	idat_sample_sheet_TARGET-AML__450k_beta.txt	0.0	1.4720757	15.341021
TARGET-20-PASCFW-14A	TARGET-20-PASCFW-14A.Ave_Beta	TARGET-AML	450K	idat_sample_sheet_TARGET-AML__450k_beta.txt	0.0	-5.240626	13.569168
TARGET-20-PARIMT-14A	TARGET-20-PARIMT-14A.Ave_Beta	TARGET-AML	450K	idat_sample_sheet_TARGET-AML__450k_beta.txt	0.0	-4.627959	14.715991
TARGET-20-PANLIR-09A	TARGET-20-PANLIR-09A.Ave_Beta	TARGET-AML	450K	idat_sample_sheet_TARGET-AML__450k_beta.txt	0.0	-3.8171053	15.062274
TARGET-20-PARBTC-14A	TARGET-20-PARBTC-14A.Ave_Beta	TARGET-AML	450K	idat_sample_sheet_TARGET-AML__450k_beta.txt	0.0	-3.9763205	14.6733
TARGET-21-PARLSL-09A	TARGET-21-PARLSL-09A.Ave_Beta	TARGET-AML	450K	idat_sample_sheet_TARGET-AML__450k_beta.txt	0.0	-0.86491036	13.927575
TARGET-20-PANLIR-14A	TARGET-20-PANLIR-14A.Ave_Beta	TARGET-AML	450K	idat_sample_sheet_TARGET-AML__450k_beta.txt	0.0	-5.151066	13.632361
TARGET-21-PASYEJ-14A	TARGET-21-PASYEJ-14A.Ave_Beta	TARGET-AML	450K	idat_sample_sheet_TARGET-AML__450k_beta.txt	0.0	-0.7097314	13.993271
TARGET-21-PASIGA-14A	TARGET-21-PASIGA-14A.Ave_Beta	TARGET-AML	450K	idat_sample_sheet_TARGET-AML__450k_beta.txt	0.0	-0.30572897	13.757035
TARGET-21-PASTZK-14A	TARGET-21-PASTZK-14A.Ave_Beta	TARGET-AML	450K	idat_sample_sheet_TARGET-AML__450k_beta.txt	0.0	-0.20216559	13.8314705
TARGET-20-PASCFW-09A	TARGET-20-PASCFW-09A.Ave_Beta	TARGET-AML	450K	idat_sample_sheet_TARGET-AML__450k_beta.txt	0.0	-4.1205053	14.450476
TARGET-20-PAKSMZ-03A	TARGET-20-PAKSMZ-03A.Ave_Beta	TARGET-AML	450K	idat_sample_sheet_TARGET-AML__450k_beta.txt	0.0	-3.6838672	15.000717
TARGET-21-PATKKJ-14A	TARGET-21-PATKKJ-14A.Ave_Beta	TARGET-AML	450K	idat_sample_sheet_TARGET-AML__450k_beta.txt	0.0	-0.024469148	14.117197
TARGET-20-PARSHM-14A	TARGET-20-PARSHM-14A.Ave_Beta	TARGET-AML	450K	idat_sample_sheet_TARGET-AML__450k_beta.txt	0.0	-5.3285117	13.499322
TARGET-21-PAMYMA-14A	TARGET-21-PAMYMA-14A.Ave_Beta	TARGET-AML	450K	idat_sample_sheet_TARGET-AML__450k_beta.txt	0.0	-1.2001117	14.236885
TARGET-20-PANLXM-14A	TARGET-20-PANLXM-14A.Ave_Beta	TARGET-AML	450K	idat_sample_sheet_TARGET-AML__450k_beta.txt	0.0	-5.1277285	13.668819
TARGET-20-PANDER-09A	TARGET-20-PANDER-09A.Ave_Beta	TARGET-AML	450K	idat_sample_sheet_TARGET-AML__450k_beta.txt	0.0	-3.3475192	14.278579
TARGET-20-PASJGZ-03A	TARGET-20-PASJGZ-03A.Ave_Beta	TARGET-AML	450K	idat_sample_sheet_TARGET-AML__450k_beta.txt	0.0	-1.9889574	14.28057
TARGET-20-PATKJB-09A	TARGET-20-PATKJB-09A.Ave_Beta	TARGET-AML	450K	idat_sample_sheet_TARGET-AML__450k_beta.txt	0.0	-4.819494	14.557383
TARGET-20-PANYNR-04A	TARGET-20-PANYNR-04A.Ave_Beta	TARGET-AML	450K	idat_sample_sheet_TARGET-AML__450k_beta.txt	0.0	-4.6197996	14.71712
TARGET-20-PARUDL-03A	TARGET-20-PARUDL-03A.Ave_Beta	TARGET-AML	450K	idat_sample_sheet_TARGET-AML__450k_beta.txt	0.0	-3.6922677	14.442581
TARGET-21-PASDKZ-15A	TARGET-21-PASDKZ-15A.Ave_Beta	TARGET-AML	450K	idat_sample_sheet_TARGET-AML__450k_beta.txt	0.0	1.4459295	15.373284
TARGET-20-PATIAK-09A	TARGET-20-PATIAK-09A.Ave_Beta	TARGET-AML	450K	idat_sample_sheet_TARGET-AML__450k_beta.txt	0.0	-0.31465173	13.857601
TARGET-20-PAECCE-04A	TARGET-20-PAECCE-04A.Ave_Beta	TARGET-AML	450K	idat_sample_sheet_TARGET-AML__450k_beta.txt	0.0	-4.1029205	14.853791
TARGET-20-PATJHJ-14A	TARGET-20-PATJHJ-14A.Ave_Beta	TARGET-AML	450K	idat_sample_sheet_TARGET-AML__450k_beta.txt	0.0	-4.6586294	14.682033
TARGET-20-PAKSMZ-10A	TARGET-20-PAKSMZ-10A.Ave_Beta	TARGET-AML	450K	idat_sample_sheet_TARGET-AML__450k_beta.txt	0.0	-3.7675996	14.95416
TARGET-20-PASGMZ-14A	TARGET-20-PASGMZ-14A.Ave_Beta	TARGET-AML	450K	idat_sample_sheet_TARGET-AML__450k_beta.txt	0.0	-3.793079	14.8806925
TARGET-20-PATIAK-14A	TARGET-20-PATIAK-14A.Ave_Beta	TARGET-AML	450K	idat_sample_sheet_TARGET-AML__450k_beta.txt	0.0	-4.6085367	14.633968
TARGET-21-PANZLR-15A	TARGET-21-PANZLR-15A.Ave_Beta	TARGET-AML	450K	idat_sample_sheet_TARGET-AML__450k_beta.txt	0.0	1.4643954	15.403043
TARGET-20-PANNHB-04A	TARGET-20-PANNHB-04A.Ave_Beta	TARGET-AML	450K	idat_sample_sheet_TARGET-AML__450k_beta.txt	0.0	-5.3541474	13.472077
TARGET-21-PASHMK-14A	TARGET-21-PASHMK-14A.Ave_Beta	TARGET-AML	450K	idat_sample_sheet_TARGET-AML__450k_beta.txt	0.0	-1.6540736	13.353858
TARGET-21-PATKKJ-09A	TARGET-21-PATKKJ-09A.Ave_Beta	TARGET-AML	450K	idat_sample_sheet_TARGET-AML__450k_beta.txt	0.0	0.054607075	14.109197
TARGET-20-PALGKX-04A	TARGET-20-PALGKX-04A.Ave_Beta	TARGET-AML	450K	idat_sample_sheet_TARGET-AML__450k_beta.txt	0.0	-1.3323152	13.930041
TARGET-20-PARSAN-14A	TARGET-20-PARSAN-14A.Ave_Beta	TARGET-AML	450K	idat_sample_sheet_TARGET-AML__450k_beta.txt	0.0	-4.23133	14.307496
TARGET-20-PABLDZ-04A	TARGET-20-PABLDZ-04A.Ave_Beta	TARGET-AML	450K	idat_sample_sheet_TARGET-AML__450k_beta.txt	0.0	-4.4199576	14.801202
TARGET-20-PAKIWK-09A	TARGET-20-PAKIWK-09A.Ave_Beta	TARGET-AML	450K	idat_sample_sheet_TARGET-AML__450k_beta.txt	0.0	-5.2158604	13.571856
TARGET-21-PASDXR-14A	TARGET-21-PASDXR-14A.Ave_Beta	TARGET-AML	450K	idat_sample_sheet_TARGET-AML__450k_beta.txt	0.0	-1.2244276	13.846617
TARGET-20-PARUBT-09A	TARGET-20-PARUBT-09A.Ave_Beta	TARGET-AML	450K	idat_sample_sheet_TARGET-AML__450k_beta.txt	0.0	-3.8902614	14.857326
TARGET-20-PARBIU-09A	TARGET-20-PARBIU-09A.Ave_Beta	TARGET-AML	450K	idat_sample_sheet_TARGET-AML__450k_beta.txt	0.0	-1.0049633	14.115295
TARGET-20-PASCGR-04A	TARGET-20-PASCGR-04A.Ave_Beta	TARGET-AML	450K	idat_sample_sheet_TARGET-AML__450k_beta.txt	0.0	-5.5136404	13.36437
TARGET-20-PATKJB-14A	TARGET-20-PATKJB-14A.Ave_Beta	TARGET-AML	450K	idat_sample_sheet_TARGET-AML__450k_beta.txt	0.0	-5.4954724	13.377914
TARGET-20-PARFXF-09A	TARGET-20-PARFXF-09A.Ave_Beta	TARGET-AML	450K	idat_sample_sheet_TARGET-AML__450k_beta.txt	0.0	-5.476804	13.387034
TARGET-21-PAMYMA-09A	TARGET-21-PAMYMA-09A.Ave_Beta	TARGET-AML	450K	idat_sample_sheet_TARGET-AML__450k_beta.txt	0.0	-0.27109405	14.230615
TARGET-21-PANVPB-09A	TARGET-21-PANVPB-09A.Ave_Beta	TARGET-AML	450K	idat_sample_sheet_TARGET-AML__450k_beta.txt	0.0	-0.7815148	14.232774
TARGET-20-PASHHH-09A	TARGET-20-PASHHH-09A.Ave_Beta	TARGET-AML	450K	idat_sample_sheet_TARGET-AML__450k_beta.txt	0.0	-3.670267	14.792423
TARGET-20-PARNZW-09A	TARGET-20-PARNZW-09A.Ave_Beta	TARGET-AML	450K	idat_sample_sheet_TARGET-AML__450k_beta.txt	0.0	-4.232288	15.019978
TARGET-20-PARFXF-14A	TARGET-20-PARFXF-14A.Ave_Beta	TARGET-AML	450K	idat_sample_sheet_TARGET-AML__450k_beta.txt	0.0	-5.1575494	13.642102
TARGET-20-PAPBEJ-09A	TARGET-20-PAPBEJ-09A.Ave_Beta	TARGET-AML	450K	idat_sample_sheet_TARGET-AML__450k_beta.txt	0.0	-4.6053686	14.15248
TARGET-20-PAPVZK-40A	TARGET-20-PAPVZK-40A.Ave_Beta	TARGET-AML	450K	idat_sample_sheet_TARGET-AML__450k_beta.txt	0.0	-1.4694084	14.260833
TARGET-20-PAPXRJ-14A	TARGET-20-PAPXRJ-14A.Ave_Beta	TARGET-AML	450K	idat_sample_sheet_TARGET-AML__450k_beta.txt	0.0	-5.4920564	13.386655
TARGET-21-PATISD-14A	TARGET-21-PATISD-14A.Ave_Beta	TARGET-AML	450K	idat_sample_sheet_TARGET-AML__450k_beta.txt	0.0	-0.39997688	13.856454
TARGET-20-PARCEC-14A	TARGET-20-PARCEC-14A.Ave_Beta	TARGET-AML	450K	idat_sample_sheet_TARGET-AML__450k_beta.txt	0.0	-3.729448	14.938383
TARGET-20-PAKERZ-04A	TARGET-20-PAKERZ-04A.Ave_Beta	TARGET-AML	450K	idat_sample_sheet_TARGET-AML__450k_beta.txt	0.0	-5.0472016	13.6944475
TARGET-21-PASTZK-09A	TARGET-21-PASTZK-09A.Ave_Beta	TARGET-AML	450K	idat_sample_sheet_TARGET-AML__450k_beta.txt	0.0	-0.24303186	13.882663
TARGET-20-PAEIKD-04A	TARGET-20-PAEIKD-04A.Ave_Beta	TARGET-AML	450K	idat_sample_sheet_TARGET-AML__450k_beta.txt	0.0	-4.0468655	14.582038
TARGET-21-PASIGA-09A	TARGET-21-PASIGA-09A.Ave_Beta	TARGET-AML	450K	idat_sample_sheet_TARGET-AML__450k_beta.txt	0.0	-0.42709732	14.172404
TARGET-21-PATKBK-03A	TARGET-21-PATKBK-03A.Ave_Beta	TARGET-AML	450K	idat_sample_sheet_TARGET-AML__450k_beta.txt	0.0	-0.37929672	13.942071
TARGET-20-PASJTM-09A	TARGET-20-PASJTM-09A.Ave_Beta	TARGET-AML	450K	idat_sample_sheet_TARGET-AML__450k_beta.txt	0.0	-4.233984	14.584905
TARGET-20-PARUBT-40A	TARGET-20-PARUBT-40A.Ave_Beta	TARGET-AML	450K	idat_sample_sheet_TARGET-AML__450k_beta.txt	0.0	-3.8652296	14.893616
TARGET-20-PASCGR-03A	TARGET-20-PASCGR-03A.Ave_Beta	TARGET-AML	450K	idat_sample_sheet_TARGET-AML__450k_beta.txt	0.0	-4.246399	14.560013
TARGET-20-PARUCB-14A	TARGET-20-PARUCB-14A.Ave_Beta	TARGET-AML	450K	idat_sample_sheet_TARGET-AML__450k_beta.txt	0.0	-1.7165593	13.487581
TARGET-20-PASPLU-09A	TARGET-20-PASPLU-09A.Ave_Beta	TARGET-AML	450K	idat_sample_sheet_TARGET-AML__450k_beta.txt	0.0	-0.43562818	13.979493
TARGET-20-PANLRE-14A	TARGET-20-PANLRE-14A.Ave_Beta	TARGET-AML	450K	idat_sample_sheet_TARGET-AML__450k_beta.txt	0.0	-1.8654047	13.937711
TARGET-20-PASTTW-09A	TARGET-20-PASTTW-09A.Ave_Beta	TARGET-AML	450K	idat_sample_sheet_TARGET-AML__450k_beta.txt	0.0	-3.406863	14.280262
TARGET-20-PARPDS-14A	TARGET-20-PARPDS-14A.Ave_Beta	TARGET-AML	450K	idat_sample_sheet_TARGET-AML__450k_beta.txt	0.0	-5.5243134	13.349145
TARGET-20-PASMHY-03A	TARGET-20-PASMHY-03A.Ave_Beta	TARGET-AML	450K	idat_sample_sheet_TARGET-AML__450k_beta.txt	0.0	-1.3680781	14.177165
TARGET-20-PAKVGI-14A	TARGET-20-PAKVGI-14A.Ave_Beta	TARGET-AML	450K	idat_sample_sheet_TARGET-AML__450k_beta.txt	0.0	-4.4732146	14.238407
TARGET-20-PASZLJ-09A	TARGET-20-PASZLJ-09A.Ave_Beta	TARGET-AML	450K	idat_sample_sheet_TARGET-AML__450k_beta.txt	0.0	-4.2653136	14.986073
TARGET-20-PANDIX-04A	TARGET-20-PANDIX-04A.Ave_Beta	TARGET-AML	450K	idat_sample_sheet_TARGET-AML__450k_beta.txt	0.0	-5.214259	13.573048
TARGET-20-PAEERJ-03A	TARGET-20-PAEERJ-03A.Ave_Beta	TARGET-AML	450K	idat_sample_sheet_TARGET-AML__450k_beta.txt	0.0	-4.3292017	15.058061
TARGET-21-PATKWH-09A	TARGET-21-PATKWH-09A.Ave_Beta	TARGET-AML	450K	idat_sample_sheet_TARGET-AML__450k_beta.txt	0.0	-0.092721544	14.466352
TARGET-21-PASDXR-15A	TARGET-21-PASDXR-15A.Ave_Beta	TARGET-AML	450K	idat_sample_sheet_TARGET-AML__450k_beta.txt	0.0	1.4061615	15.338171
TARGET-20-PARASV-04A	TARGET-20-PARASV-04A.Ave_Beta	TARGET-AML	450K	idat_sample_sheet_TARGET-AML__450k_beta.txt	0.0	-4.105123	14.514194
TARGET-20-PAKVGI-09A	TARGET-20-PAKVGI-09A.Ave_Beta	TARGET-AML	450K	idat_sample_sheet_TARGET-AML__450k_beta.txt	0.0	-4.433553	14.084125
TARGET-20-PASMHY-10A	TARGET-20-PASMHY-10A.Ave_Beta	TARGET-AML	450K	idat_sample_sheet_TARGET-AML__450k_beta.txt	0.0	-1.3044167	14.101348
TARGET-20-PAKERZ-09A	TARGET-20-PAKERZ-09A.Ave_Beta	TARGET-AML	450K	idat_sample_sheet_TARGET-AML__450k_beta.txt	0.0	-4.4649377	14.032638
TARGET-20-PARCCH-03A	TARGET-20-PARCCH-03A.Ave_Beta	TARGET-AML	450K	idat_sample_sheet_TARGET-AML__450k_beta.txt	0.0	-3.372101	14.3441
TARGET-20-PASJIM-14A	TARGET-20-PASJIM-14A.Ave_Beta	TARGET-AML	450K	idat_sample_sheet_TARGET-AML__450k_beta.txt	0.0	-1.7267505	13.5270605
TARGET-20-PADYIR-14A	TARGET-20-PADYIR-14A.Ave_Beta	TARGET-AML	450K	idat_sample_sheet_TARGET-AML__450k_beta.txt	0.0	-4.560437	14.376307
TARGET-21-PAMXZY-09A	TARGET-21-PAMXZY-09A.Ave_Beta	TARGET-AML	450K	idat_sample_sheet_TARGET-AML__450k_beta.txt	0.0	-1.4549645	13.921441
TARGET-21-PARZIA-09A	TARGET-21-PARZIA-09A.Ave_Beta	TARGET-AML	450K	idat_sample_sheet_TARGET-AML__450k_beta.txt	0.0	-0.98276776	13.990775
TARGET-20-PASTTW-14A	TARGET-20-PASTTW-14A.Ave_Beta	TARGET-AML	450K	idat_sample_sheet_TARGET-AML__450k_beta.txt	0.0	-3.5941398	14.725915
TARGET-20-PASVVS-09A	TARGET-20-PASVVS-09A.Ave_Beta	TARGET-AML	450K	idat_sample_sheet_TARGET-AML__450k_beta.txt	0.0	-4.0756407	14.665781
TARGET-20-PAEFGT-03A	TARGET-20-PAEFGT-03A.Ave_Beta	TARGET-AML	450K	idat_sample_sheet_TARGET-AML__450k_beta.txt	0.0	-4.2750707	15.111892
TARGET-21-PASVJS-14A	TARGET-21-PASVJS-14A.Ave_Beta	TARGET-AML	450K	idat_sample_sheet_TARGET-AML__450k_beta.txt	0.0	-0.0349507	14.473902
TARGET-20-PARUCB-04A	TARGET-20-PARUCB-04A.Ave_Beta	TARGET-AML	450K	idat_sample_sheet_TARGET-AML__450k_beta.txt	0.0	-0.8965472	14.100188
TARGET-20-PARVAI-14A	TARGET-20-PARVAI-14A.Ave_Beta	TARGET-AML	450K	idat_sample_sheet_TARGET-AML__450k_beta.txt	0.0	-5.3497624	13.528106
TARGET-20-PARPDS-04A	TARGET-20-PARPDS-04A.Ave_Beta	TARGET-AML	450K	idat_sample_sheet_TARGET-AML__450k_beta.txt	0.0	-3.7933142	14.862649
TARGET-20-PASJIM-09A	TARGET-20-PASJIM-09A.Ave_Beta	TARGET-AML	450K	idat_sample_sheet_TARGET-AML__450k_beta.txt	0.0	-1.2750869	13.860691
TARGET-20-PAKTCX-04A	TARGET-20-PAKTCX-04A.Ave_Beta	TARGET-AML	450K	idat_sample_sheet_TARGET-AML__450k_beta.txt	0.0	-4.20485	14.586906
TARGET-20-PAEFGT-14A	TARGET-20-PAEFGT-14A.Ave_Beta	TARGET-AML	450K	idat_sample_sheet_TARGET-AML__450k_beta.txt	0.0	-4.5847554	14.16564
TARGET-20-PARWXU-04A	TARGET-20-PARWXU-04A.Ave_Beta	TARGET-AML	450K	idat_sample_sheet_TARGET-AML__450k_beta.txt	0.0	-1.4212756	14.047354
TARGET-20-PASRTP-14A	TARGET-20-PASRTP-14A.Ave_Beta	TARGET-AML	450K	idat_sample_sheet_TARGET-AML__450k_beta.txt	0.0	-1.5168651	13.898919
TARGET-21-PATKWH-14A	TARGET-21-PATKWH-14A.Ave_Beta	TARGET-AML	450K	idat_sample_sheet_TARGET-AML__450k_beta.txt	0.0	-0.12701163	14.423533
TARGET-20-PANTWV-14A	TARGET-20-PANTWV-14A.Ave_Beta	TARGET-AML	450K	idat_sample_sheet_TARGET-AML__450k_beta.txt	0.0	-1.6883055	13.665257
TARGET-20-PASLSD-14A	TARGET-20-PASLSD-14A.Ave_Beta	TARGET-AML	450K	idat_sample_sheet_TARGET-AML__450k_beta.txt	0.0	-5.545816	13.320667
TARGET-20-PAPBEJ-04A	TARGET-20-PAPBEJ-04A.Ave_Beta	TARGET-AML	450K	idat_sample_sheet_TARGET-AML__450k_beta.txt	0.0	-4.541782	14.14779
TARGET-20-PARTAL-14A	TARGET-20-PARTAL-14A.Ave_Beta	TARGET-AML	450K	idat_sample_sheet_TARGET-AML__450k_beta.txt	0.0	-4.662255	13.985402
TARGET-20-PASLSD-04A	TARGET-20-PASLSD-04A.Ave_Beta	TARGET-AML	450K	idat_sample_sheet_TARGET-AML__450k_beta.txt	0.0	-4.0181904	15.024851
TARGET-21-PASNKZ-09A	TARGET-21-PASNKZ-09A.Ave_Beta	TARGET-AML	450K	idat_sample_sheet_TARGET-AML__450k_beta.txt	0.0	-0.026816644	13.996131
TARGET-20-PANLIR-04A	TARGET-20-PANLIR-04A.Ave_Beta	TARGET-AML	450K	idat_sample_sheet_TARGET-AML__450k_beta.txt	0.0	-5.0400133	13.726299
TARGET-20-PASWLN-04A	TARGET-20-PASWLN-04A.Ave_Beta	TARGET-AML	450K	idat_sample_sheet_TARGET-AML__450k_beta.txt	0.0	-0.332266	13.92096
TARGET-20-PATJHJ-09A	TARGET-20-PATJHJ-09A.Ave_Beta	TARGET-AML	450K	idat_sample_sheet_TARGET-AML__450k_beta.txt	0.0	-4.5601425	14.826697
TARGET-20-PARUDL-14A	TARGET-20-PARUDL-14A.Ave_Beta	TARGET-AML	450K	idat_sample_sheet_TARGET-AML__450k_beta.txt	0.0	-4.388735	14.242501
TARGET-20-PAPXRJ-04A	TARGET-20-PAPXRJ-04A.Ave_Beta	TARGET-AML	450K	idat_sample_sheet_TARGET-AML__450k_beta.txt	0.0	-4.605109	14.800919
TARGET-21-PARBTV-09A	TARGET-21-PARBTV-09A.Ave_Beta	TARGET-AML	450K	idat_sample_sheet_TARGET-AML__450k_beta.txt	0.0	-0.52057755	13.842483
TARGET-20-PARBIU-14A	TARGET-20-PARBIU-14A.Ave_Beta	TARGET-AML	450K	idat_sample_sheet_TARGET-AML__450k_beta.txt	0.0	-0.91473573	13.852342
TARGET-20-PARSAN-09A	TARGET-20-PARSAN-09A.Ave_Beta	TARGET-AML	450K	idat_sample_sheet_TARGET-AML__450k_beta.txt	0.0	-4.8479333	14.400069
TARGET-20-PAEERJ-14A	TARGET-20-PAEERJ-14A.Ave_Beta	TARGET-AML	450K	idat_sample_sheet_TARGET-AML__450k_beta.txt	0.0	-4.310727	15.141763
TARGET-21-PASNKZ-14A	TARGET-21-PASNKZ-14A.Ave_Beta	TARGET-AML	450K	idat_sample_sheet_TARGET-AML__450k_beta.txt	0.0	0.002311854	14.0318
TARGET-21-PASSLT-09A	TARGET-21-PASSLT-09A.Ave_Beta	TARGET-AML	450K	idat_sample_sheet_TARGET-AML__450k_beta.txt	0.0	-0.513075	14.310609
TARGET-20-PASVYA-04A	TARGET-20-PASVYA-04A.Ave_Beta	TARGET-AML	450K	idat_sample_sheet_TARGET-AML__450k_beta.txt	0.0	-1.8266964	13.954354
TARGET-21-PASFJJ-14A	TARGET-21-PASFJJ-14A.Ave_Beta	TARGET-AML	450K	idat_sample_sheet_TARGET-AML__450k_beta.txt	0.0	-0.06039781	14.035732
TARGET-20-PANGDN-04A	TARGET-20-PANGDN-04A.Ave_Beta	TARGET-AML	450K	idat_sample_sheet_TARGET-AML__450k_beta.txt	0.0	-1.7919333	13.273615
TARGET-21-PARBTV-14A	TARGET-21-PARBTV-14A.Ave_Beta	TARGET-AML	450K	idat_sample_sheet_TARGET-AML__450k_beta.txt	0.0	-1.1133217	13.86537
TARGET-20-PARPDS-09A	TARGET-20-PARPDS-09A.Ave_Beta	TARGET-AML	450K	idat_sample_sheet_TARGET-AML__450k_beta.txt	0.0	-3.621716	14.878342
TARGET-21-PARXYR-14A	TARGET-21-PARXYR-14A.Ave_Beta	TARGET-AML	450K	idat_sample_sheet_TARGET-AML__450k_beta.txt	0.0	-1.3033143	13.888599
TARGET-20-PARCEC-03A	TARGET-20-PARCEC-03A.Ave_Beta	TARGET-AML	450K	idat_sample_sheet_TARGET-AML__450k_beta.txt	0.0	-3.6681283	15.020001
TARGET-20-PASWLN-14A	TARGET-20-PASWLN-14A.Ave_Beta	TARGET-AML	450K	idat_sample_sheet_TARGET-AML__450k_beta.txt	0.0	-1.686243	13.57541
TARGET-20-PASMGW-04A	TARGET-20-PASMGW-04A.Ave_Beta	TARGET-AML	450K	idat_sample_sheet_TARGET-AML__450k_beta.txt	0.0	-0.7473745	13.953819
TARGET-20-PASVYA-14A	TARGET-20-PASVYA-14A.Ave_Beta	TARGET-AML	450K	idat_sample_sheet_TARGET-AML__450k_beta.txt	0.0	19.00583	7.382244
TARGET-20-PASBBE-09A	TARGET-20-PASBBE-09A.Ave_Beta	TARGET-AML	450K	idat_sample_sheet_TARGET-AML__450k_beta.txt	0.0	-1.1130713	14.20284
TARGET-20-PAMYJX-04A	TARGET-20-PAMYJX-04A.Ave_Beta	TARGET-AML	450K	idat_sample_sheet_TARGET-AML__450k_beta.txt	0.0	-4.3348665	15.101564
TARGET-20-PASLSD-03A	TARGET-20-PASLSD-03A.Ave_Beta	TARGET-AML	450K	idat_sample_sheet_TARGET-AML__450k_beta.txt	0.0	-3.8688433	15.038896
TARGET-20-PANSJB-14A	TARGET-20-PANSJB-14A.Ave_Beta	TARGET-AML	450K	idat_sample_sheet_TARGET-AML__450k_beta.txt	0.0	-3.7607038	14.874883
TARGET-21-PASFJJ-15A	TARGET-21-PASFJJ-15A.Ave_Beta	TARGET-AML	450K	idat_sample_sheet_TARGET-AML__450k_beta.txt	0.0	1.4206306	15.334437
TARGET-21-PASFLG-14A	TARGET-21-PASFLG-14A.Ave_Beta	TARGET-AML	450K	idat_sample_sheet_TARGET-AML__450k_beta.txt	0.0	-0.5579208	13.802301
TARGET-20-PASAUT-14A	TARGET-20-PASAUT-14A.Ave_Beta	TARGET-AML	450K	idat_sample_sheet_TARGET-AML__450k_beta.txt	0.0	-3.570759	14.918815
TARGET-20-PANGTF-14A	TARGET-20-PANGTF-14A.Ave_Beta	TARGET-AML	450K	idat_sample_sheet_TARGET-AML__450k_beta.txt	0.0	-4.707337	14.096519
TARGET-20-PARIMT-03A	TARGET-20-PARIMT-03A.Ave_Beta	TARGET-AML	450K	idat_sample_sheet_TARGET-AML__450k_beta.txt	0.0	-3.8189054	14.405845
TARGET-20-PANYCG-09A	TARGET-20-PANYCG-09A.Ave_Beta	TARGET-AML	450K	idat_sample_sheet_TARGET-AML__450k_beta.txt	0.0	-4.1332965	15.034239
TARGET-20-PATDHA-14A	TARGET-20-PATDHA-14A.Ave_Beta	TARGET-AML	450K	idat_sample_sheet_TARGET-AML__450k_beta.txt	0.0	-1.7725846	13.275225
TARGET-20-PASGCE-40A	TARGET-20-PASGCE-40A.Ave_Beta	TARGET-AML	450K	idat_sample_sheet_TARGET-AML__450k_beta.txt	0.0	-4.215014	14.958087
TARGET-20-PADZCG-04A	TARGET-20-PADZCG-04A.Ave_Beta	TARGET-AML	450K	idat_sample_sheet_TARGET-AML__450k_beta.txt	0.0	-4.2678385	14.928657
TARGET-21-PARBTV-15A	TARGET-21-PARBTV-15A.Ave_Beta	TARGET-AML	450K	idat_sample_sheet_TARGET-AML__450k_beta.txt	0.0	1.3374349	15.291494
TARGET-21-PASFJJ-09A	TARGET-21-PASFJJ-09A.Ave_Beta	TARGET-AML	450K	idat_sample_sheet_TARGET-AML__450k_beta.txt	0.0	-0.048231527	14.02161
TARGET-20-PARYVW-14A	TARGET-20-PARYVW-14A.Ave_Beta	TARGET-AML	450K	idat_sample_sheet_TARGET-AML__450k_beta.txt	0.0	-4.8063526	14.546876
TARGET-21-PASDKZ-03A	TARGET-21-PASDKZ-03A.Ave_Beta	TARGET-AML	450K	idat_sample_sheet_TARGET-AML__450k_beta.txt	0.0	-0.7830708	14.1266
TARGET-20-PASTUH-09A	TARGET-20-PASTUH-09A.Ave_Beta	TARGET-AML	450K	idat_sample_sheet_TARGET-AML__450k_beta.txt	0.0	-0.30521184	13.886175
TARGET-20-PATJHJ-40A	TARGET-20-PATJHJ-40A.Ave_Beta	TARGET-AML	450K	idat_sample_sheet_TARGET-AML__450k_beta.txt	0.0	-4.62245	14.704251
TARGET-20-PAKTCX-09A	TARGET-20-PAKTCX-09A.Ave_Beta	TARGET-AML	450K	idat_sample_sheet_TARGET-AML__450k_beta.txt	0.0	-4.252235	15.067145
TARGET-21-PASVJS-15A	TARGET-21-PASVJS-15A.Ave_Beta	TARGET-AML	450K	idat_sample_sheet_TARGET-AML__450k_beta.txt	0.0	1.4451355	15.342635
TARGET-20-PANYCG-14A	TARGET-20-PANYCG-14A.Ave_Beta	TARGET-AML	450K	idat_sample_sheet_TARGET-AML__450k_beta.txt	0.0	-4.4342966	14.189839
TARGET-20-PASVYL-04A	TARGET-20-PASVYL-04A.Ave_Beta	TARGET-AML	450K	idat_sample_sheet_TARGET-AML__450k_beta.txt	0.0	-1.7354934	13.439343
TARGET-21-PASFHK-15A	TARGET-21-PASFHK-15A.Ave_Beta	TARGET-AML	450K	idat_sample_sheet_TARGET-AML__450k_beta.txt	0.0	1.4696372	15.349588
TARGET-20-PAKVGI-04A	TARGET-20-PAKVGI-04A.Ave_Beta	TARGET-AML	450K	idat_sample_sheet_TARGET-AML__450k_beta.txt	0.0	-4.113452	14.302946
TARGET-21-PASHMK-15A	TARGET-21-PASHMK-15A.Ave_Beta	TARGET-AML	450K	idat_sample_sheet_TARGET-AML__450k_beta.txt	0.0	1.4124103	15.406363
TARGET-20-PARNNT-09A	TARGET-20-PARNNT-09A.Ave_Beta	TARGET-AML	450K	idat_sample_sheet_TARGET-AML__450k_beta.txt	0.0	-5.284284	13.53879
TARGET-20-PANLXM-04A	TARGET-20-PANLXM-04A.Ave_Beta	TARGET-AML	450K	idat_sample_sheet_TARGET-AML__450k_beta.txt	0.0	-4.1988106	15.210589
TARGET-20-PAMYJX-09A	TARGET-20-PAMYJX-09A.Ave_Beta	TARGET-AML	450K	idat_sample_sheet_TARGET-AML__450k_beta.txt	0.0	-4.3381686	14.9383545
TARGET-21-PASYWA-15A	TARGET-21-PASYWA-15A.Ave_Beta	TARGET-AML	450K	idat_sample_sheet_TARGET-AML__450k_beta.txt	0.0	-0.050141685	14.411908
TARGET-21-PATISD-09A	TARGET-21-PATISD-09A.Ave_Beta	TARGET-AML	450K	idat_sample_sheet_TARGET-AML__450k_beta.txt	0.0	-0.30737934	13.808294
TARGET-21-PASSLT-14A	TARGET-21-PASSLT-14A.Ave_Beta	TARGET-AML	450K	idat_sample_sheet_TARGET-AML__450k_beta.txt	0.0	-0.90054744	14.692924
TARGET-20-PAMYAS-04A	TARGET-20-PAMYAS-04A.Ave_Beta	TARGET-AML	450K	idat_sample_sheet_TARGET-AML__450k_beta.txt	0.0	-0.5950876	14.035943
TARGET-20-PASWPD-09A	TARGET-20-PASWPD-09A.Ave_Beta	TARGET-AML	450K	idat_sample_sheet_TARGET-AML__450k_beta.txt	0.0	-3.6584828	15.1702385
TARGET-20-PARPPY-40A	TARGET-20-PARPPY-40A.Ave_Beta	TARGET-AML	450K	idat_sample_sheet_TARGET-AML__450k_beta.txt	0.0	-3.6455853	14.401445
TARGET-20-PASVYA-09A	TARGET-20-PASVYA-09A.Ave_Beta	TARGET-AML	450K	idat_sample_sheet_TARGET-AML__450k_beta.txt	0.0	-1.4688473	13.996247
TARGET-20-PANNHB-09A	TARGET-20-PANNHB-09A.Ave_Beta	TARGET-AML	450K	idat_sample_sheet_TARGET-AML__450k_beta.txt	0.0	-3.319449	14.196502
TARGET-21-PATJMY-09A	TARGET-21-PATJMY-09A.Ave_Beta	TARGET-AML	450K	idat_sample_sheet_TARGET-AML__450k_beta.txt	0.0	-0.5698286	14.482529
TARGET-21-PARHRS-14A	TARGET-21-PARHRS-14A.Ave_Beta	TARGET-AML	450K	idat_sample_sheet_TARGET-AML__450k_beta.txt	0.0	-0.04179917	14.016104
TARGET-20-PASZLJ-14A	TARGET-20-PASZLJ-14A.Ave_Beta	TARGET-AML	450K	idat_sample_sheet_TARGET-AML__450k_beta.txt	0.0	-0.5763739	13.674912
TARGET-20-PAKIWK-14A	TARGET-20-PAKIWK-14A.Ave_Beta	TARGET-AML	450K	idat_sample_sheet_TARGET-AML__450k_beta.txt	0.0	-4.915645	13.856089
TARGET-20-PAEFGR-04A	TARGET-20-PAEFGR-04A.Ave_Beta	TARGET-AML	450K	idat_sample_sheet_TARGET-AML__450k_beta.txt	0.0	-3.7353566	14.590002
TARGET-20-PANYNR-14A	TARGET-20-PANYNR-14A.Ave_Beta	TARGET-AML	450K	idat_sample_sheet_TARGET-AML__450k_beta.txt	0.0	-3.7408605	15.007727
TARGET-21-PASYEJ-15A	TARGET-21-PASYEJ-15A.Ave_Beta	TARGET-AML	450K	idat_sample_sheet_TARGET-AML__450k_beta.txt	0.0	1.476316	15.401838
TARGET-21-PARZIA-15A	TARGET-21-PARZIA-15A.Ave_Beta	TARGET-AML	450K	idat_sample_sheet_TARGET-AML__450k_beta.txt	0.0	1.326155	15.306164
TARGET-20-PANNHB-14A	TARGET-20-PANNHB-14A.Ave_Beta	TARGET-AML	450K	idat_sample_sheet_TARGET-AML__450k_beta.txt	0.0	-5.3210588	13.499886
TARGET-20-PARSAN-04A	TARGET-20-PARSAN-04A.Ave_Beta	TARGET-AML	450K	idat_sample_sheet_TARGET-AML__450k_beta.txt	0.0	-4.3369393	14.483578
TARGET-20-PANLXM-09A	TARGET-20-PANLXM-09A.Ave_Beta	TARGET-AML	450K	idat_sample_sheet_TARGET-AML__450k_beta.txt	0.0	-4.8000255	14.479093
TARGET-20-PARYVW-04A	TARGET-20-PARYVW-04A.Ave_Beta	TARGET-AML	450K	idat_sample_sheet_TARGET-AML__450k_beta.txt	0.0	-1.1842693	14.140637
TARGET-20-PASCRZ-04A	TARGET-20-PASCRZ-04A.Ave_Beta	TARGET-AML	450K	idat_sample_sheet_TARGET-AML__450k_beta.txt	0.0	-1.5883528	14.0035515
TARGET-20-PASGCE-09A	TARGET-20-PASGCE-09A.Ave_Beta	TARGET-AML	450K	idat_sample_sheet_TARGET-AML__450k_beta.txt	0.0	-1.0805173	14.531048
TARGET-20-PASCRZ-03A	TARGET-20-PASCRZ-03A.Ave_Beta	TARGET-AML	450K	idat_sample_sheet_TARGET-AML__450k_beta.txt	0.0	-3.9998207	14.914959
TARGET-21-PASSLT-15A	TARGET-21-PASSLT-15A.Ave_Beta	TARGET-AML	450K	idat_sample_sheet_TARGET-AML__450k_beta.txt	0.0	1.4946237	15.417305
TARGET-20-PASRLS-14A	TARGET-20-PASRLS-14A.Ave_Beta	TARGET-AML	450K	idat_sample_sheet_TARGET-AML__450k_beta.txt	0.0	-3.75528	14.96821
TARGET-20-PARNIA-04A	TARGET-20-PARNIA-04A.Ave_Beta	TARGET-AML	450K	idat_sample_sheet_TARGET-AML__450k_beta.txt	0.0	-4.4210606	14.143313
TARGET-20-PAMYAS-09A	TARGET-20-PAMYAS-09A.Ave_Beta	TARGET-AML	450K	idat_sample_sheet_TARGET-AML__450k_beta.txt	0.0	-3.1536427	14.1276655
TARGET-21-PARNAW-09A	TARGET-21-PARNAW-09A.Ave_Beta	TARGET-AML	450K	idat_sample_sheet_TARGET-AML__450k_beta.txt	0.0	-2.0142777	14.001812
TARGET-20-PANYCG-04A	TARGET-20-PANYCG-04A.Ave_Beta	TARGET-AML	450K	idat_sample_sheet_TARGET-AML__450k_beta.txt	0.0	-3.7066202	14.789372
TARGET-20-PAMYJX-14A	TARGET-20-PAMYJX-14A.Ave_Beta	TARGET-AML	450K	idat_sample_sheet_TARGET-AML__450k_beta.txt	0.0	-4.2823195	15.06011
TARGET-20-PASAUT-03A	TARGET-20-PASAUT-03A.Ave_Beta	TARGET-AML	450K	idat_sample_sheet_TARGET-AML__450k_beta.txt	0.0	-3.61124	14.9141245
TARGET-20-PARVAI-03A	TARGET-20-PARVAI-03A.Ave_Beta	TARGET-AML	450K	idat_sample_sheet_TARGET-AML__450k_beta.txt	0.0	-4.4564033	14.814215
TARGET-20-PASWAT-04A	TARGET-20-PASWAT-04A.Ave_Beta	TARGET-AML	450K	idat_sample_sheet_TARGET-AML__450k_beta.txt	0.0	-1.7627767	13.399666
TARGET-20-PASIEP-14A	TARGET-20-PASIEP-14A.Ave_Beta	TARGET-AML	450K	idat_sample_sheet_TARGET-AML__450k_beta.txt	0.0	-5.4990907	13.378364
TARGET-20-PASTUH-04A	TARGET-20-PASTUH-04A.Ave_Beta	TARGET-AML	450K	idat_sample_sheet_TARGET-AML__450k_beta.txt	0.0	-0.5316562	13.90145
TARGET-21-PATAIJ-09A	TARGET-21-PATAIJ-09A.Ave_Beta	TARGET-AML	450K	idat_sample_sheet_TARGET-AML__450k_beta.txt	0.0	-0.10545098	14.447632
TARGET-20-PAECCE-09A	TARGET-20-PAECCE-09A.Ave_Beta	TARGET-AML	450K	idat_sample_sheet_TARGET-AML__450k_beta.txt	0.0	-4.2048373	14.980801
TARGET-20-PASGCE-14A	TARGET-20-PASGCE-14A.Ave_Beta	TARGET-AML	450K	idat_sample_sheet_TARGET-AML__450k_beta.txt	0.0	-3.940875	15.005036
TARGET-20-PANYNR-03A	TARGET-20-PANYNR-03A.Ave_Beta	TARGET-AML	450K	idat_sample_sheet_TARGET-AML__450k_beta.txt	0.0	-3.7110994	14.439897
TARGET-20-PAECCE-10A	TARGET-20-PAECCE-10A.Ave_Beta	TARGET-AML	450K	idat_sample_sheet_TARGET-AML__450k_beta.txt	0.0	-3.8604548	14.938744
TARGET-20-PASRLS-09A	TARGET-20-PASRLS-09A.Ave_Beta	TARGET-AML	450K	idat_sample_sheet_TARGET-AML__450k_beta.txt	0.0	-0.40340868	14.321527
TARGET-21-PASFLG-15A	TARGET-21-PASFLG-15A.Ave_Beta	TARGET-AML	450K	idat_sample_sheet_TARGET-AML__450k_beta.txt	0.0	1.473838	15.415282
TARGET-20-PARIMT-04A	TARGET-20-PARIMT-04A.Ave_Beta	TARGET-AML	450K	idat_sample_sheet_TARGET-AML__450k_beta.txt	0.0	-4.4879417	14.864008
TARGET-20-PARDMG-09A	TARGET-20-PARDMG-09A.Ave_Beta	TARGET-AML	450K	idat_sample_sheet_TARGET-AML__450k_beta.txt	0.0	-4.5794864	14.339808
TARGET-20-PARPPY-09A	TARGET-20-PARPPY-09A.Ave_Beta	TARGET-AML	450K	idat_sample_sheet_TARGET-AML__450k_beta.txt	0.0	-3.5061495	14.342296
TARGET-20-PASHHH-14A	TARGET-20-PASHHH-14A.Ave_Beta	TARGET-AML	450K	idat_sample_sheet_TARGET-AML__450k_beta.txt	0.0	-4.44452	14.267644
TARGET-21-PANVPB-15A	TARGET-21-PANVPB-15A.Ave_Beta	TARGET-AML	450K	idat_sample_sheet_TARGET-AML__450k_beta.txt	0.0	1.4403232	15.349855
TARGET-20-PARNZW-40A	TARGET-20-PARNZW-40A.Ave_Beta	TARGET-AML	450K	idat_sample_sheet_TARGET-AML__450k_beta.txt	0.0	-4.4070106	14.851524
TARGET-20-PARCCH-14A	TARGET-20-PARCCH-14A.Ave_Beta	TARGET-AML	450K	idat_sample_sheet_TARGET-AML__450k_beta.txt	0.0	-3.563041	14.948049
TARGET-20-PARVUA-14A	TARGET-20-PARVUA-14A.Ave_Beta	TARGET-AML	450K	idat_sample_sheet_TARGET-AML__450k_beta.txt	0.0	-0.35710523	14.029196
TARGET-20-PASJGZ-14A	TARGET-20-PASJGZ-14A.Ave_Beta	TARGET-AML	450K	idat_sample_sheet_TARGET-AML__450k_beta.txt	0.0	-1.7997175	14.4514265
TARGET-21-PATHIU-09A	TARGET-21-PATHIU-09A.Ave_Beta	TARGET-AML	450K	idat_sample_sheet_TARGET-AML__450k_beta.txt	0.0	-0.024600377	14.406705
TARGET-21-PATAIJ-15A	TARGET-21-PATAIJ-15A.Ave_Beta	TARGET-AML	450K	idat_sample_sheet_TARGET-AML__450k_beta.txt	0.0	1.3705385	15.247552
TARGET-20-PAEIKD-09A	TARGET-20-PAEIKD-09A.Ave_Beta	TARGET-AML	450K	idat_sample_sheet_TARGET-AML__450k_beta.txt	0.0	-3.9631367	14.615132
TARGET-20-PARWXU-09A	TARGET-20-PARWXU-09A.Ave_Beta	TARGET-AML	450K	idat_sample_sheet_TARGET-AML__450k_beta.txt	0.0	-1.4818543	14.029477
TARGET-20-PANDER-14A	TARGET-20-PANDER-14A.Ave_Beta	TARGET-AML	450K	idat_sample_sheet_TARGET-AML__450k_beta.txt	0.0	-3.7161393	14.867887
TARGET-21-PAMYMA-15A	TARGET-21-PAMYMA-15A.Ave_Beta	TARGET-AML	450K	idat_sample_sheet_TARGET-AML__450k_beta.txt	0.0	1.2573278	15.276043
TARGET-20-PARUCB-09A	TARGET-20-PARUCB-09A.Ave_Beta	TARGET-AML	450K	idat_sample_sheet_TARGET-AML__450k_beta.txt	0.0	-5.22532	14.03159
TARGET-20-PARCUK-04A	TARGET-20-PARCUK-04A.Ave_Beta	TARGET-AML	450K	idat_sample_sheet_TARGET-AML__450k_beta.txt	0.0	-4.9759483	13.763966
TARGET-21-PASTZK-15A	TARGET-21-PASTZK-15A.Ave_Beta	TARGET-AML	450K	idat_sample_sheet_TARGET-AML__450k_beta.txt	0.0	1.3743116	15.434001
TARGET-20-PARBTC-03A	TARGET-20-PARBTC-03A.Ave_Beta	TARGET-AML	450K	idat_sample_sheet_TARGET-AML__450k_beta.txt	0.0	-3.8644593	14.971614
TARGET-20-PARUBT-14A	TARGET-20-PARUBT-14A.Ave_Beta	TARGET-AML	450K	idat_sample_sheet_TARGET-AML__450k_beta.txt	0.0	-3.9707038	14.723871
TARGET-21-PATAIJ-10A	TARGET-21-PATAIJ-10A.Ave_Beta	TARGET-AML	450K	idat_sample_sheet_TARGET-AML__450k_beta.txt	0.0	-0.19470571	14.082442
TARGET-20-PANDIX-09A	TARGET-20-PANDIX-09A.Ave_Beta	TARGET-AML	450K	idat_sample_sheet_TARGET-AML__450k_beta.txt	0.0	-4.16569	15.170139
TARGET-21-PASYEJ-09A	TARGET-21-PASYEJ-09A.Ave_Beta	TARGET-AML	450K	idat_sample_sheet_TARGET-AML__450k_beta.txt	0.0	-0.6300884	13.9254
TARGET-20-PAKIWK-04A	TARGET-20-PAKIWK-04A.Ave_Beta	TARGET-AML	450K	idat_sample_sheet_TARGET-AML__450k_beta.txt	0.0	-5.278782	13.530777
TARGET-20-PARSHM-03A	TARGET-20-PARSHM-03A.Ave_Beta	TARGET-AML	450K	idat_sample_sheet_TARGET-AML__450k_beta.txt	0.0	-3.641989	14.723341
TARGET-20-PAEDKB-09A	TARGET-20-PAEDKB-09A.Ave_Beta	TARGET-AML	450K	idat_sample_sheet_TARGET-AML__450k_beta.txt	0.0	-4.4626074	14.576676
TARGET-20-PARTAL-04A	TARGET-20-PARTAL-04A.Ave_Beta	TARGET-AML	450K	idat_sample_sheet_TARGET-AML__450k_beta.txt	0.0	-4.664694	13.988641
TARGET-20-PAEDKB-10A	TARGET-20-PAEDKB-10A.Ave_Beta	TARGET-AML	450K	idat_sample_sheet_TARGET-AML__450k_beta.txt	0.0	-4.6562424	14.68942
TARGET-21-PASFHK-09A	TARGET-21-PASFHK-09A.Ave_Beta	TARGET-AML	450K	idat_sample_sheet_TARGET-AML__450k_beta.txt	0.0	-0.024468051	13.977386
TARGET-20-PARNIA-09A	TARGET-20-PARNIA-09A.Ave_Beta	TARGET-AML	450K	idat_sample_sheet_TARGET-AML__450k_beta.txt	0.0	-4.7632775	13.96462
TARGET-20-PAEIKD-14A	TARGET-20-PAEIKD-14A.Ave_Beta	TARGET-AML	450K	idat_sample_sheet_TARGET-AML__450k_beta.txt	0.0	-3.9312358	14.74821
TARGET-20-PASPLU-04A	TARGET-20-PASPLU-04A.Ave_Beta	TARGET-AML	450K	idat_sample_sheet_TARGET-AML__450k_beta.txt	0.0	-0.38517874	13.800592
TARGET-21-PANZLR-09A	TARGET-21-PANZLR-09A.Ave_Beta	TARGET-AML	450K	idat_sample_sheet_TARGET-AML__450k_beta.txt	0.0	-0.32427624	13.895482
TARGET-20-PASHBI-09A	TARGET-20-PASHBI-09A.Ave_Beta	TARGET-AML	450K	idat_sample_sheet_TARGET-AML__450k_beta.txt	0.0	-3.4318125	14.268733
TARGET-20-PATDHA-04A	TARGET-20-PATDHA-04A.Ave_Beta	TARGET-AML	450K	idat_sample_sheet_TARGET-AML__450k_beta.txt	0.0	-1.7351362	13.414133
TARGET-20-PARUWX-09A	TARGET-20-PARUWX-09A.Ave_Beta	TARGET-AML	450K	idat_sample_sheet_TARGET-AML__450k_beta.txt	0.0	-4.2736855	15.091599
TARGET-20-PATIAK-04A	TARGET-20-PATIAK-04A.Ave_Beta	TARGET-AML	450K	idat_sample_sheet_TARGET-AML__450k_beta.txt	0.0	-4.589924	14.402735
TARGET-20-PASRTP-09A	TARGET-20-PASRTP-09A.Ave_Beta	TARGET-AML	450K	idat_sample_sheet_TARGET-AML__450k_beta.txt	0.0	-0.47588956	13.987668
TARGET-20-PARTAL-09A	TARGET-20-PARTAL-09A.Ave_Beta	TARGET-AML	450K	idat_sample_sheet_TARGET-AML__450k_beta.txt	0.0	-3.7010353	14.4573555
TARGET-20-PANCSC-04A	TARGET-20-PANCSC-04A.Ave_Beta	TARGET-AML	450K	idat_sample_sheet_TARGET-AML__450k_beta.txt	0.0	-1.4512031	13.877101
TARGET-20-PASHBI-14A	TARGET-20-PASHBI-14A.Ave_Beta	TARGET-AML	450K	idat_sample_sheet_TARGET-AML__450k_beta.txt	0.0	-4.417243	14.39626
TARGET-21-PASYWA-09A	TARGET-21-PASYWA-09A.Ave_Beta	TARGET-AML	450K	idat_sample_sheet_TARGET-AML__450k_beta.txt	0.0	-0.009727145	14.1873
TARGET-20-PAEFGR-14A	TARGET-20-PAEFGR-14A.Ave_Beta	TARGET-AML	450K	idat_sample_sheet_TARGET-AML__450k_beta.txt	0.0	-4.3507953	14.401758
TARGET-21-PASFHK-14A	TARGET-21-PASFHK-14A.Ave_Beta	TARGET-AML	450K	idat_sample_sheet_TARGET-AML__450k_beta.txt	0.0	-0.16259833	13.972399
TARGET-20-PANLLX-04A	TARGET-20-PANLLX-04A.Ave_Beta	TARGET-AML	450K	idat_sample_sheet_TARGET-AML__450k_beta.txt	0.0	-3.828315	14.837079
TARGET-20-PASCRZ-14A	TARGET-20-PASCRZ-14A.Ave_Beta	TARGET-AML	450K	idat_sample_sheet_TARGET-AML__450k_beta.txt	0.0	-5.467924	13.389166
TARGET-20-PARNIA-14A	TARGET-20-PARNIA-14A.Ave_Beta	TARGET-AML	450K	idat_sample_sheet_TARGET-AML__450k_beta.txt	0.0	-5.0728283	13.68206
TARGET-21-PATKWH-15A	TARGET-21-PATKWH-15A.Ave_Beta	TARGET-AML	450K	idat_sample_sheet_TARGET-AML__450k_beta.txt	0.0	1.4723774	15.340351
TARGET-20-PANLRE-09A	TARGET-20-PANLRE-09A.Ave_Beta	TARGET-AML	450K	idat_sample_sheet_TARGET-AML__450k_beta.txt	0.0	-3.2283874	14.158478
TARGET-20-PASWPD-14A	TARGET-20-PASWPD-14A.Ave_Beta	TARGET-AML	450K	idat_sample_sheet_TARGET-AML__450k_beta.txt	0.0	-3.6901743	15.150965
TARGET-20-PAPBEJ-14A	TARGET-20-PAPBEJ-14A.Ave_Beta	TARGET-AML	450K	idat_sample_sheet_TARGET-AML__450k_beta.txt	0.0	-4.8556795	13.9262085
TARGET-20-PASIEJ-14A	TARGET-20-PASIEJ-14A.Ave_Beta	TARGET-AML	450K	idat_sample_sheet_TARGET-AML__450k_beta.txt	0.0	-1.7351319	13.313698
TARGET-21-PATJMY-15A	TARGET-21-PATJMY-15A.Ave_Beta	TARGET-AML	450K	idat_sample_sheet_TARGET-AML__450k_beta.txt	0.0	1.3965924	15.423205
TARGET-20-PADYIR-04A	TARGET-20-PADYIR-04A.Ave_Beta	TARGET-AML	450K	idat_sample_sheet_TARGET-AML__450k_beta.txt	0.0	-4.547461	14.411175
TARGET-20-PASBBE-14A	TARGET-20-PASBBE-14A.Ave_Beta	TARGET-AML	450K	idat_sample_sheet_TARGET-AML__450k_beta.txt	0.0	-4.8285785	14.106583
TARGET-20-PAEFGR-09A	TARGET-20-PAEFGR-09A.Ave_Beta	TARGET-AML	450K	idat_sample_sheet_TARGET-AML__450k_beta.txt	0.0	-3.6934927	14.461681
TARGET-20-PASJIM-04A	TARGET-20-PASJIM-04A.Ave_Beta	TARGET-AML	450K	idat_sample_sheet_TARGET-AML__450k_beta.txt	0.0	-1.2989004	13.96712
TARGET-21-PATKBK-14A	TARGET-21-PATKBK-14A.Ave_Beta	TARGET-AML	450K	idat_sample_sheet_TARGET-AML__450k_beta.txt	0.0	-0.20789532	13.945977
TARGET-20-PARUWX-14A	TARGET-20-PARUWX-14A.Ave_Beta	TARGET-AML	450K	idat_sample_sheet_TARGET-AML__450k_beta.txt	0.0	-4.012963	14.72498
TARGET-21-PARHRS-09A	TARGET-21-PARHRS-09A.Ave_Beta	TARGET-AML	450K	idat_sample_sheet_TARGET-AML__450k_beta.txt	0.0	-0.07064408	14.020907
TARGET-20-PAPXRJ-09A	TARGET-20-PAPXRJ-09A.Ave_Beta	TARGET-AML	450K	idat_sample_sheet_TARGET-AML__450k_beta.txt	0.0	-4.4887285	14.75231
TARGET-20-PAKTCX-14A	TARGET-20-PAKTCX-14A.Ave_Beta	TARGET-AML	450K	idat_sample_sheet_TARGET-AML__450k_beta.txt	0.0	-4.251152	14.396017
TARGET-20-PASTUH-14A	TARGET-20-PASTUH-14A.Ave_Beta	TARGET-AML	450K	idat_sample_sheet_TARGET-AML__450k_beta.txt	0.0	-0.84090114	13.81534
TARGET-20-PARYVW-09A	TARGET-20-PARYVW-09A.Ave_Beta	TARGET-AML	450K	idat_sample_sheet_TARGET-AML__450k_beta.txt	0.0	-4.8188386	14.638553
TARGET-20-PASIEJ-09A	TARGET-20-PASIEJ-09A.Ave_Beta	TARGET-AML	450K	idat_sample_sheet_TARGET-AML__450k_beta.txt	0.0	-1.6498563	13.365258
TARGET-21-PASDKZ-14A	TARGET-21-PASDKZ-14A.Ave_Beta	TARGET-AML	450K	idat_sample_sheet_TARGET-AML__450k_beta.txt	0.0	-1.7654867	13.28219
TARGET-21-PASYWA-14A	TARGET-21-PASYWA-14A.Ave_Beta	TARGET-AML	450K	idat_sample_sheet_TARGET-AML__450k_beta.txt	0.0	-0.015130364	14.203864
TARGET-21-PANZLR-14A	TARGET-21-PANZLR-14A.Ave_Beta	TARGET-AML	450K	idat_sample_sheet_TARGET-AML__450k_beta.txt	0.0	-1.5149171	13.590849
TARGET-21-PATISD-15A	TARGET-21-PATISD-15A.Ave_Beta	TARGET-AML	450K	idat_sample_sheet_TARGET-AML__450k_beta.txt	0.0	1.3862383	15.403528
TARGET-20-PASVVS-04A	TARGET-20-PASVVS-04A.Ave_Beta	TARGET-AML	450K	idat_sample_sheet_TARGET-AML__450k_beta.txt	0.0	-0.7977534	13.885334
TARGET-20-PADZCG-14A	TARGET-20-PADZCG-14A.Ave_Beta	TARGET-AML	450K	idat_sample_sheet_TARGET-AML__450k_beta.txt	0.0	-4.4784117	14.849244
TARGET-20-PARNNT-14A	TARGET-20-PARNNT-14A.Ave_Beta	TARGET-AML	450K	idat_sample_sheet_TARGET-AML__450k_beta.txt	0.0	-4.3229465	14.636389
TARGET-21-PARLSL-14A	TARGET-21-PARLSL-14A.Ave_Beta	TARGET-AML	450K	idat_sample_sheet_TARGET-AML__450k_beta.txt	0.0	-1.7312368	13.323061
TARGET-20-PANDIX-14A	TARGET-20-PANDIX-14A.Ave_Beta	TARGET-AML	450K	idat_sample_sheet_TARGET-AML__450k_beta.txt	0.0	-5.4976974	13.365283
TARGET-20-PANLLX-09A	TARGET-20-PANLLX-09A.Ave_Beta	TARGET-AML	450K	idat_sample_sheet_TARGET-AML__450k_beta.txt	0.0	-4.285679	14.768468
TARGET-21-PASFLG-09A	TARGET-21-PASFLG-09A.Ave_Beta	TARGET-AML	450K	idat_sample_sheet_TARGET-AML__450k_beta.txt	0.0	-0.3822096	13.897888
TARGET-20-PASPLU-14A	TARGET-20-PASPLU-14A.Ave_Beta	TARGET-AML	450K	idat_sample_sheet_TARGET-AML__450k_beta.txt	0.0	-0.94444144	13.815639
TARGET-20-PAEDKB-04A	TARGET-20-PAEDKB-04A.Ave_Beta	TARGET-AML	450K	idat_sample_sheet_TARGET-AML__450k_beta.txt	0.0	-4.8283668	14.560431
TARGET-20-PARPPY-14A	TARGET-20-PARPPY-14A.Ave_Beta	TARGET-AML	450K	idat_sample_sheet_TARGET-AML__450k_beta.txt	0.0	-4.7425966	14.557467
TARGET-20-PATDHA-09A	TARGET-20-PATDHA-09A.Ave_Beta	TARGET-AML	450K	idat_sample_sheet_TARGET-AML__450k_beta.txt	0.0	-0.5367309	13.922606
TARGET-20-PASWPD-04A	TARGET-20-PASWPD-04A.Ave_Beta	TARGET-AML	450K	idat_sample_sheet_TARGET-AML__450k_beta.txt	0.0	-3.6855347	15.119761
TARGET-20-PAMYAS-14A	TARGET-20-PAMYAS-14A.Ave_Beta	TARGET-AML	450K	idat_sample_sheet_TARGET-AML__450k_beta.txt	0.0	-1.7163777	13.513351
TARGET-21-PATJMY-14A	TARGET-21-PATJMY-14A.Ave_Beta	TARGET-AML	450K	idat_sample_sheet_TARGET-AML__450k_beta.txt	0.0	-0.0004232005	14.435324
TARGET-20-PARBIU-04A	TARGET-20-PARBIU-04A.Ave_Beta	TARGET-AML	450K	idat_sample_sheet_TARGET-AML__450k_beta.txt	0.0	-0.99953455	14.017397
TARGET-20-PAEFGT-04A	TARGET-20-PAEFGT-04A.Ave_Beta	TARGET-AML	450K	idat_sample_sheet_TARGET-AML__450k_beta.txt	0.0	-4.228933	15.205383
TARGET-20-PASVVS-14A	TARGET-20-PASVVS-14A.Ave_Beta	TARGET-AML	450K	idat_sample_sheet_TARGET-AML__450k_beta.txt	0.0	-4.0400515	14.650115
TARGET-21-PARLSL-15A	TARGET-21-PARLSL-15A.Ave_Beta	TARGET-AML	450K	idat_sample_sheet_TARGET-AML__450k_beta.txt	0.0	1.4952115	15.402856
TARGET-20-PASIEJ-04A	TARGET-20-PASIEJ-04A.Ave_Beta	TARGET-AML	450K	idat_sample_sheet_TARGET-AML__450k_beta.txt	0.0	-1.7133722	13.315261
TARGET-21-PASIGA-15A	TARGET-21-PASIGA-15A.Ave_Beta	TARGET-AML	450K	idat_sample_sheet_TARGET-AML__450k_beta.txt	0.0	1.4445992	15.360154
TARGET-20-PAEERJ-04A	TARGET-20-PAEERJ-04A.Ave_Beta	TARGET-AML	450K	idat_sample_sheet_TARGET-AML__450k_beta.txt	0.0	-4.6555777	14.872878
TARGET-20-PANTNA-04A	TARGET-20-PANTNA-04A.Ave_Beta	TARGET-AML	450K	idat_sample_sheet_TARGET-AML__450k_beta.txt	0.0	-0.63467985	13.893257
TARGET-21-PASHMK-09A	TARGET-21-PASHMK-09A.Ave_Beta	TARGET-AML	450K	idat_sample_sheet_TARGET-AML__450k_beta.txt	0.0	-1.466258	13.597549
TARGET-21-PATKBK-15A	TARGET-21-PATKBK-15A.Ave_Beta	TARGET-AML	450K	idat_sample_sheet_TARGET-AML__450k_beta.txt	0.0	1.5201513	15.3128805
TARGET-20-PAPXWI-04A	TARGET-20-PAPXWI-04A.Ave_Beta	TARGET-AML	450K	idat_sample_sheet_TARGET-AML__450k_beta.txt	0.0	-1.3971394	14.08892
TARGET-21-PASDXR-09A	TARGET-21-PASDXR-09A.Ave_Beta	TARGET-AML	450K	idat_sample_sheet_TARGET-AML__450k_beta.txt	0.0	-0.50073975	13.921303
TARGET-21-PARHRS-15A	TARGET-21-PARHRS-15A.Ave_Beta	TARGET-AML	450K	idat_sample_sheet_TARGET-AML__450k_beta.txt	0.0	1.4397985	15.387003
TARGET-20-PASJTM-14A	TARGET-20-PASJTM-14A.Ave_Beta	TARGET-AML	450K	idat_sample_sheet_TARGET-AML__450k_beta.txt	0.0	-5.088743	13.691178
TARGET-20-PARVUA-03A	TARGET-20-PARVUA-03A.Ave_Beta	TARGET-AML	450K	idat_sample_sheet_TARGET-AML__450k_beta.txt	0.0	-0.40873614	13.959119
TARGET-20-PARWXU-14A	TARGET-20-PARWXU-14A.Ave_Beta	TARGET-AML	450K	idat_sample_sheet_TARGET-AML__450k_beta.txt	0.0	-1.6626273	13.663631
TARGET-20-PANCSC-14A	TARGET-20-PANCSC-14A.Ave_Beta	TARGET-AML	450K	idat_sample_sheet_TARGET-AML__450k_beta.txt	0.0	-1.1249374	13.795812
TARGET-20-PARXMP-09A	TARGET-20-PARXMP-09A.Ave_Beta	TARGET-AML	450K	idat_sample_sheet_TARGET-AML__450k_beta.txt	0.0	-4.636676	14.001642
TARGET-20-PARFIW-03A	TARGET-20-PARFIW-03A.Ave_Beta	TARGET-AML	450K	idat_sample_sheet_TARGET-AML__450k_beta.txt	0.0	-4.0677657	14.62359
TARGET-20-PABLDZ-14A	TARGET-20-PABLDZ-14A.Ave_Beta	TARGET-AML	450K	idat_sample_sheet_TARGET-AML__450k_beta.txt	0.0	19.0661	7.299241
TARGET-20-PARXMP-14A	TARGET-20-PARXMP-14A.Ave_Beta	TARGET-AML	450K	idat_sample_sheet_TARGET-AML__450k_beta.txt	0.0	-5.4513955	13.410473
TARGET-20-PANGTF-09A	TARGET-20-PANGTF-09A.Ave_Beta	TARGET-AML	450K	idat_sample_sheet_TARGET-AML__450k_beta.txt	0.0	-4.5580115	14.668098
TARGET-20-PADYIR-03A	TARGET-20-PADYIR-03A.Ave_Beta	TARGET-AML	450K	idat_sample_sheet_TARGET-AML__450k_beta.txt	0.0	-4.448614	14.541255
TARGET-20-PASGMZ-09A	TARGET-20-PASGMZ-09A.Ave_Beta	TARGET-AML	450K	idat_sample_sheet_TARGET-AML__450k_beta.txt	0.0	-0.42078957	14.287618
TARGET-20-PASWLN-09A	TARGET-20-PASWLN-09A.Ave_Beta	TARGET-AML	450K	idat_sample_sheet_TARGET-AML__450k_beta.txt	0.0	-0.4165783	13.770409
TARGET-21-PARXYR-15A	TARGET-21-PARXYR-15A.Ave_Beta	TARGET-AML	450K	idat_sample_sheet_TARGET-AML__450k_beta.txt	0.0	1.5051631	15.3602915
TARGET-21-PARNAW-14A	TARGET-21-PARNAW-14A.Ave_Beta	TARGET-AML	450K	idat_sample_sheet_TARGET-AML__450k_beta.txt	0.0	-1.7562246	13.504228
TARGET-20-PANCSC-09A	TARGET-20-PANCSC-09A.Ave_Beta	TARGET-AML	450K	idat_sample_sheet_TARGET-AML__450k_beta.txt	0.0	-0.7741713	14.09288
TARGET-20-PANSJB-09A	TARGET-20-PANSJB-09A.Ave_Beta	TARGET-AML	450K	idat_sample_sheet_TARGET-AML__450k_beta.txt	0.0	-3.6798449	14.91781
TARGET-20-PASCGR-10A.Detection.Pval	TARGET-20-PASCGR-10A.Detection.Pval	TARGET-AML	450K	idat_sample_sheet_TARGET-AML__450k_beta.txt	0.0	18.935472	7.9026256
TARGET-20-PASJGZ-04A.Detection.Pval	TARGET-20-PASJGZ-04A.Detection.Pval	TARGET-AML	450K	idat_sample_sheet_TARGET-AML__450k_beta.txt	0.0	17.89771	7.1171703
TARGET-20-PADZCG-09A.Detection.Pval	TARGET-20-PADZCG-09A.Detection.Pval	TARGET-AML	450K	idat_sample_sheet_TARGET-AML__450k_beta.txt	0.0	18.932783	7.908854
TARGET-21-PARNAW-15A.Detection.Pval	TARGET-21-PARNAW-15A.Detection.Pval	TARGET-AML	450K	idat_sample_sheet_TARGET-AML__450k_beta.txt	0.0	18.925583	7.915621
TARGET-20-PARNZW-14A.Detection.Pval	TARGET-20-PARNZW-14A.Detection.Pval	TARGET-AML	450K	idat_sample_sheet_TARGET-AML__450k_beta.txt	0.0	18.922636	7.914542
TARGET-20-PARFIW-14A.Detection.Pval	TARGET-20-PARFIW-14A.Detection.Pval	TARGET-AML	450K	idat_sample_sheet_TARGET-AML__450k_beta.txt	0.0	18.925205	7.8994694
TARGET-20-PANLLX-14A.Detection.Pval	TARGET-20-PANLLX-14A.Detection.Pval	TARGET-AML	450K	idat_sample_sheet_TARGET-AML__450k_beta.txt	0.0	18.919472	7.917134
TARGET-20-PABLDZ-09A.Detection.Pval	TARGET-20-PABLDZ-09A.Detection.Pval	TARGET-AML	450K	idat_sample_sheet_TARGET-AML__450k_beta.txt	0.0	18.905464	7.9094477
TARGET-20-PARDMG-10A.Detection.Pval	TARGET-20-PARDMG-10A.Detection.Pval	TARGET-AML	450K	idat_sample_sheet_TARGET-AML__450k_beta.txt	0.0	20.860922	7.5910254
TARGET-20-PANTWV-04A.Detection.Pval	TARGET-20-PANTWV-04A.Detection.Pval	TARGET-AML	450K	idat_sample_sheet_TARGET-AML__450k_beta.txt	0.0	18.93717	7.8889794
TARGET-21-PARZIA-14A.Detection.Pval	TARGET-21-PARZIA-14A.Detection.Pval	TARGET-AML	450K	idat_sample_sheet_TARGET-AML__450k_beta.txt	0.0	18.927164	7.897867
TARGET-20-PAKERZ-14A.Detection.Pval	TARGET-20-PAKERZ-14A.Detection.Pval	TARGET-AML	450K	idat_sample_sheet_TARGET-AML__450k_beta.txt	0.0	18.906536	7.923836
TARGET-20-PASIEP-09A.Detection.Pval	TARGET-20-PASIEP-09A.Detection.Pval	TARGET-AML	450K	idat_sample_sheet_TARGET-AML__450k_beta.txt	0.0	18.903421	7.9087353
TARGET-21-PATKKJ-15A.Detection.Pval	TARGET-21-PATKKJ-15A.Detection.Pval	TARGET-AML	450K	idat_sample_sheet_TARGET-AML__450k_beta.txt	0.0	18.907238	7.9032755
TARGET-20-PASCFW-14A.Detection.Pval	TARGET-20-PASCFW-14A.Detection.Pval	TARGET-AML	450K	idat_sample_sheet_TARGET-AML__450k_beta.txt	0.0	18.903606	7.8833013
TARGET-20-PARIMT-14A.Detection.Pval	TARGET-20-PARIMT-14A.Detection.Pval	TARGET-AML	450K	idat_sample_sheet_TARGET-AML__450k_beta.txt	0.0	18.859055	7.9061017
TARGET-20-PANLIR-09A.Detection.Pval	TARGET-20-PANLIR-09A.Detection.Pval	TARGET-AML	450K	idat_sample_sheet_TARGET-AML__450k_beta.txt	0.0	19.342855	8.508686
TARGET-20-PARBTC-14A.Detection.Pval	TARGET-20-PARBTC-14A.Detection.Pval	TARGET-AML	450K	idat_sample_sheet_TARGET-AML__450k_beta.txt	0.0	18.2933	7.568823
TARGET-21-PARLSL-09A.Detection.Pval	TARGET-21-PARLSL-09A.Detection.Pval	TARGET-AML	450K	idat_sample_sheet_TARGET-AML__450k_beta.txt	0.0	18.883558	7.7746015
TARGET-20-PANLIR-14A.Detection.Pval	TARGET-20-PANLIR-14A.Detection.Pval	TARGET-AML	450K	idat_sample_sheet_TARGET-AML__450k_beta.txt	0.0	19.269306	8.661506
TARGET-21-PASYEJ-14A.Detection.Pval	TARGET-21-PASYEJ-14A.Detection.Pval	TARGET-AML	450K	idat_sample_sheet_TARGET-AML__450k_beta.txt	0.0	17.04306	7.7997184
TARGET-21-PASIGA-14A.Detection.Pval	TARGET-21-PASIGA-14A.Detection.Pval	TARGET-AML	450K	idat_sample_sheet_TARGET-AML__450k_beta.txt	0.0	18.203606	8.422126
TARGET-21-PASTZK-14A.Detection.Pval	TARGET-21-PASTZK-14A.Detection.Pval	TARGET-AML	450K	idat_sample_sheet_TARGET-AML__450k_beta.txt	0.0	18.485886	7.660814
TARGET-20-PASCFW-09A.Detection.Pval	TARGET-20-PASCFW-09A.Detection.Pval	TARGET-AML	450K	idat_sample_sheet_TARGET-AML__450k_beta.txt	0.0	18.141209	8.370275
TARGET-20-PAKSMZ-03A.Detection.Pval	TARGET-20-PAKSMZ-03A.Detection.Pval	TARGET-AML	450K	idat_sample_sheet_TARGET-AML__450k_beta.txt	0.0	18.127647	8.315279
TARGET-21-PATKKJ-14A.Detection.Pval	TARGET-21-PATKKJ-14A.Detection.Pval	TARGET-AML	450K	idat_sample_sheet_TARGET-AML__450k_beta.txt	0.0	17.939573	8.43211
TARGET-20-PARSHM-14A.Detection.Pval	TARGET-20-PARSHM-14A.Detection.Pval	TARGET-AML	450K	idat_sample_sheet_TARGET-AML__450k_beta.txt	0.0	18.064745	5.816415
TARGET-21-PAMYMA-14A.Detection.Pval	TARGET-21-PAMYMA-14A.Detection.Pval	TARGET-AML	450K	idat_sample_sheet_TARGET-AML__450k_beta.txt	0.0	18.201242	8.456448
TARGET-20-PANLXM-14A.Detection.Pval	TARGET-20-PANLXM-14A.Detection.Pval	TARGET-AML	450K	idat_sample_sheet_TARGET-AML__450k_beta.txt	0.0	18.539389	6.6579833
TARGET-20-PANDER-09A.Detection.Pval	TARGET-20-PANDER-09A.Detection.Pval	TARGET-AML	450K	idat_sample_sheet_TARGET-AML__450k_beta.txt	0.0	20.043127	5.6730847
TARGET-20-PASJGZ-03A.Detection.Pval	TARGET-20-PASJGZ-03A.Detection.Pval	TARGET-AML	450K	idat_sample_sheet_TARGET-AML__450k_beta.txt	0.0	17.793945	8.330512
TARGET-20-PATKJB-09A.Detection.Pval	TARGET-20-PATKJB-09A.Detection.Pval	TARGET-AML	450K	idat_sample_sheet_TARGET-AML__450k_beta.txt	0.0	18.34216	8.304451
TARGET-20-PANYNR-04A.Detection.Pval	TARGET-20-PANYNR-04A.Detection.Pval	TARGET-AML	450K	idat_sample_sheet_TARGET-AML__450k_beta.txt	0.0	9.751157	-1.8619224
TARGET-20-PARUDL-03A.Detection.Pval	TARGET-20-PARUDL-03A.Detection.Pval	TARGET-AML	450K	idat_sample_sheet_TARGET-AML__450k_beta.txt	0.0	18.049067	8.414055
TARGET-21-PASDKZ-15A.Detection.Pval	TARGET-21-PASDKZ-15A.Detection.Pval	TARGET-AML	450K	idat_sample_sheet_TARGET-AML__450k_beta.txt	0.0	18.22299	8.320842
TARGET-20-PATIAK-09A.Detection.Pval	TARGET-20-PATIAK-09A.Detection.Pval	TARGET-AML	450K	idat_sample_sheet_TARGET-AML__450k_beta.txt	0.0	18.034275	8.245593
TARGET-20-PAECCE-04A.Detection.Pval	TARGET-20-PAECCE-04A.Detection.Pval	TARGET-AML	450K	idat_sample_sheet_TARGET-AML__450k_beta.txt	0.0	17.430199	8.23316
TARGET-20-PATJHJ-14A.Detection.Pval	TARGET-20-PATJHJ-14A.Detection.Pval	TARGET-AML	450K	idat_sample_sheet_TARGET-AML__450k_beta.txt	0.0	18.470667	7.3214517
TARGET-20-PAKSMZ-10A.Detection.Pval	TARGET-20-PAKSMZ-10A.Detection.Pval	TARGET-AML	450K	idat_sample_sheet_TARGET-AML__450k_beta.txt	0.0	17.951958	8.308419
TARGET-20-PASGMZ-14A.Detection.Pval	TARGET-20-PASGMZ-14A.Detection.Pval	TARGET-AML	450K	idat_sample_sheet_TARGET-AML__450k_beta.txt	0.0	17.865068	8.368612
TARGET-20-PATIAK-14A.Detection.Pval	TARGET-20-PATIAK-14A.Detection.Pval	TARGET-AML	450K	idat_sample_sheet_TARGET-AML__450k_beta.txt	0.0	18.081017	8.360125
TARGET-21-PANZLR-15A.Detection.Pval	TARGET-21-PANZLR-15A.Detection.Pval	TARGET-AML	450K	idat_sample_sheet_TARGET-AML__450k_beta.txt	0.0	19.24326	8.824298
TARGET-20-PANNHB-04A.Detection.Pval	TARGET-20-PANNHB-04A.Detection.Pval	TARGET-AML	450K	idat_sample_sheet_TARGET-AML__450k_beta.txt	0.0	20.852356	7.5998254
TARGET-21-PASHMK-14A.Detection.Pval	TARGET-21-PASHMK-14A.Detection.Pval	TARGET-AML	450K	idat_sample_sheet_TARGET-AML__450k_beta.txt	0.0	19.184507	7.774798
TARGET-21-PATKKJ-09A.Detection.Pval	TARGET-21-PATKKJ-09A.Detection.Pval	TARGET-AML	450K	idat_sample_sheet_TARGET-AML__450k_beta.txt	0.0	18.118036	8.4086075
TARGET-20-PALGKX-04A.Detection.Pval	TARGET-20-PALGKX-04A.Detection.Pval	TARGET-AML	450K	idat_sample_sheet_TARGET-AML__450k_beta.txt	0.0	17.489098	8.299715
TARGET-20-PARSAN-14A.Detection.Pval	TARGET-20-PARSAN-14A.Detection.Pval	TARGET-AML	450K	idat_sample_sheet_TARGET-AML__450k_beta.txt	0.0	17.73359	7.9485164
TARGET-20-PABLDZ-04A.Detection.Pval	TARGET-20-PABLDZ-04A.Detection.Pval	TARGET-AML	450K	idat_sample_sheet_TARGET-AML__450k_beta.txt	0.0	17.441492	8.286223
TARGET-20-PAKIWK-09A.Detection.Pval	TARGET-20-PAKIWK-09A.Detection.Pval	TARGET-AML	450K	idat_sample_sheet_TARGET-AML__450k_beta.txt	0.0	17.897564	8.258267
TARGET-21-PASDXR-14A.Detection.Pval	TARGET-21-PASDXR-14A.Detection.Pval	TARGET-AML	450K	idat_sample_sheet_TARGET-AML__450k_beta.txt	0.0	17.657467	8.372032
TARGET-20-PARUBT-09A.Detection.Pval	TARGET-20-PARUBT-09A.Detection.Pval	TARGET-AML	450K	idat_sample_sheet_TARGET-AML__450k_beta.txt	0.0	20.030283	5.67123
TARGET-20-PARBIU-09A.Detection.Pval	TARGET-20-PARBIU-09A.Detection.Pval	TARGET-AML	450K	idat_sample_sheet_TARGET-AML__450k_beta.txt	0.0	9.988489	-2.1539319
TARGET-20-PASCGR-04A.Detection.Pval	TARGET-20-PASCGR-04A.Detection.Pval	TARGET-AML	450K	idat_sample_sheet_TARGET-AML__450k_beta.txt	0.0	18.050133	8.236508
TARGET-20-PATKJB-14A.Detection.Pval	TARGET-20-PATKJB-14A.Detection.Pval	TARGET-AML	450K	idat_sample_sheet_TARGET-AML__450k_beta.txt	0.0	19.046085	8.181644
TARGET-20-PARFXF-09A.Detection.Pval	TARGET-20-PARFXF-09A.Detection.Pval	TARGET-AML	450K	idat_sample_sheet_TARGET-AML__450k_beta.txt	0.0	17.98152	8.208952
TARGET-21-PAMYMA-09A.Detection.Pval	TARGET-21-PAMYMA-09A.Detection.Pval	TARGET-AML	450K	idat_sample_sheet_TARGET-AML__450k_beta.txt	0.0	18.088629	8.236555
TARGET-21-PANVPB-09A.Detection.Pval	TARGET-21-PANVPB-09A.Detection.Pval	TARGET-AML	450K	idat_sample_sheet_TARGET-AML__450k_beta.txt	0.0	17.820862	8.265391
TARGET-20-PASHHH-09A.Detection.Pval	TARGET-20-PASHHH-09A.Detection.Pval	TARGET-AML	450K	idat_sample_sheet_TARGET-AML__450k_beta.txt	0.0	17.38711	8.028433
TARGET-20-PARNZW-09A.Detection.Pval	TARGET-20-PARNZW-09A.Detection.Pval	TARGET-AML	450K	idat_sample_sheet_TARGET-AML__450k_beta.txt	0.0	17.90556	8.271731
TARGET-20-PARFXF-14A.Detection.Pval	TARGET-20-PARFXF-14A.Detection.Pval	TARGET-AML	450K	idat_sample_sheet_TARGET-AML__450k_beta.txt	0.0	17.386705	8.202246
TARGET-20-PAPBEJ-09A.Detection.Pval	TARGET-20-PAPBEJ-09A.Detection.Pval	TARGET-AML	450K	idat_sample_sheet_TARGET-AML__450k_beta.txt	0.0	17.995516	8.18156
TARGET-20-PAPVZK-40A.Detection.Pval	TARGET-20-PAPVZK-40A.Detection.Pval	TARGET-AML	450K	idat_sample_sheet_TARGET-AML__450k_beta.txt	0.0	17.656614	7.9490037
TARGET-20-PAPXRJ-14A.Detection.Pval	TARGET-20-PAPXRJ-14A.Detection.Pval	TARGET-AML	450K	idat_sample_sheet_TARGET-AML__450k_beta.txt	0.0	20.929907	7.6807423
TARGET-21-PATISD-14A.Detection.Pval	TARGET-21-PATISD-14A.Detection.Pval	TARGET-AML	450K	idat_sample_sheet_TARGET-AML__450k_beta.txt	0.0	18.05638	8.145814
TARGET-20-PARCEC-14A.Detection.Pval	TARGET-20-PARCEC-14A.Detection.Pval	TARGET-AML	450K	idat_sample_sheet_TARGET-AML__450k_beta.txt	0.0	18.427849	7.329475
TARGET-20-PAKERZ-04A.Detection.Pval	TARGET-20-PAKERZ-04A.Detection.Pval	TARGET-AML	450K	idat_sample_sheet_TARGET-AML__450k_beta.txt	0.0	17.770971	8.249911
TARGET-21-PASTZK-09A.Detection.Pval	TARGET-21-PASTZK-09A.Detection.Pval	TARGET-AML	450K	idat_sample_sheet_TARGET-AML__450k_beta.txt	0.0	18.043346	8.204144
TARGET-20-PAEIKD-04A.Detection.Pval	TARGET-20-PAEIKD-04A.Detection.Pval	TARGET-AML	450K	idat_sample_sheet_TARGET-AML__450k_beta.txt	0.0	17.74026	8.320846
TARGET-21-PASIGA-09A.Detection.Pval	TARGET-21-PASIGA-09A.Detection.Pval	TARGET-AML	450K	idat_sample_sheet_TARGET-AML__450k_beta.txt	0.0	17.890005	8.151282
TARGET-21-PATKBK-03A.Detection.Pval	TARGET-21-PATKBK-03A.Detection.Pval	TARGET-AML	450K	idat_sample_sheet_TARGET-AML__450k_beta.txt	0.0	17.861633	8.174286
TARGET-20-PASJTM-09A.Detection.Pval	TARGET-20-PASJTM-09A.Detection.Pval	TARGET-AML	450K	idat_sample_sheet_TARGET-AML__450k_beta.txt	0.0	17.268234	7.825539
TARGET-20-PARUBT-40A.Detection.Pval	TARGET-20-PARUBT-40A.Detection.Pval	TARGET-AML	450K	idat_sample_sheet_TARGET-AML__450k_beta.txt	0.0	19.96577	5.709067
TARGET-20-PASCGR-03A.Detection.Pval	TARGET-20-PASCGR-03A.Detection.Pval	TARGET-AML	450K	idat_sample_sheet_TARGET-AML__450k_beta.txt	0.0	17.865599	8.11251
TARGET-20-PARUCB-14A.Detection.Pval	TARGET-20-PARUCB-14A.Detection.Pval	TARGET-AML	450K	idat_sample_sheet_TARGET-AML__450k_beta.txt	0.0	17.704641	8.112894
TARGET-20-PASPLU-09A.Detection.Pval	TARGET-20-PASPLU-09A.Detection.Pval	TARGET-AML	450K	idat_sample_sheet_TARGET-AML__450k_beta.txt	0.0	18.052261	8.118858
TARGET-20-PANLRE-14A.Detection.Pval	TARGET-20-PANLRE-14A.Detection.Pval	TARGET-AML	450K	idat_sample_sheet_TARGET-AML__450k_beta.txt	0.0	17.914822	8.028095
TARGET-20-PASTTW-09A.Detection.Pval	TARGET-20-PASTTW-09A.Detection.Pval	TARGET-AML	450K	idat_sample_sheet_TARGET-AML__450k_beta.txt	0.0	18.740875	6.109442
TARGET-20-PARPDS-14A.Detection.Pval	TARGET-20-PARPDS-14A.Detection.Pval	TARGET-AML	450K	idat_sample_sheet_TARGET-AML__450k_beta.txt	0.0	18.45565	7.3081775
TARGET-20-PASMHY-03A.Detection.Pval	TARGET-20-PASMHY-03A.Detection.Pval	TARGET-AML	450K	idat_sample_sheet_TARGET-AML__450k_beta.txt	0.0	17.432066	8.026272
TARGET-20-PAKVGI-14A.Detection.Pval	TARGET-20-PAKVGI-14A.Detection.Pval	TARGET-AML	450K	idat_sample_sheet_TARGET-AML__450k_beta.txt	0.0	17.496113	8.051379
TARGET-20-PASZLJ-09A.Detection.Pval	TARGET-20-PASZLJ-09A.Detection.Pval	TARGET-AML	450K	idat_sample_sheet_TARGET-AML__450k_beta.txt	0.0	17.340492	7.793765
TARGET-20-PANDIX-04A.Detection.Pval	TARGET-20-PANDIX-04A.Detection.Pval	TARGET-AML	450K	idat_sample_sheet_TARGET-AML__450k_beta.txt	0.0	20.02515	5.679872
TARGET-20-PAEERJ-03A.Detection.Pval	TARGET-20-PAEERJ-03A.Detection.Pval	TARGET-AML	450K	idat_sample_sheet_TARGET-AML__450k_beta.txt	0.0	17.529598	7.9807353
TARGET-21-PATKWH-09A.Detection.Pval	TARGET-21-PATKWH-09A.Detection.Pval	TARGET-AML	450K	idat_sample_sheet_TARGET-AML__450k_beta.txt	0.0	17.705885	7.848943
TARGET-21-PASDXR-15A.Detection.Pval	TARGET-21-PASDXR-15A.Detection.Pval	TARGET-AML	450K	idat_sample_sheet_TARGET-AML__450k_beta.txt	0.0	17.89556	8.026784
TARGET-20-PARASV-04A.Detection.Pval	TARGET-20-PARASV-04A.Detection.Pval	TARGET-AML	450K	idat_sample_sheet_TARGET-AML__450k_beta.txt	0.0	17.495287	8.016489
TARGET-20-PAKVGI-09A.Detection.Pval	TARGET-20-PAKVGI-09A.Detection.Pval	TARGET-AML	450K	idat_sample_sheet_TARGET-AML__450k_beta.txt	0.0	17.824337	8.135539
TARGET-20-PASMHY-10A.Detection.Pval	TARGET-20-PASMHY-10A.Detection.Pval	TARGET-AML	450K	idat_sample_sheet_TARGET-AML__450k_beta.txt	0.0	17.794611	8.010402
TARGET-20-PAKERZ-09A.Detection.Pval	TARGET-20-PAKERZ-09A.Detection.Pval	TARGET-AML	450K	idat_sample_sheet_TARGET-AML__450k_beta.txt	0.0	17.829418	7.999263
TARGET-20-PARCCH-03A.Detection.Pval	TARGET-20-PARCCH-03A.Detection.Pval	TARGET-AML	450K	idat_sample_sheet_TARGET-AML__450k_beta.txt	0.0	9.750936	-1.8616021
TARGET-20-PASJIM-14A.Detection.Pval	TARGET-20-PASJIM-14A.Detection.Pval	TARGET-AML	450K	idat_sample_sheet_TARGET-AML__450k_beta.txt	0.0	17.573383	8.124274
TARGET-20-PADYIR-14A.Detection.Pval	TARGET-20-PADYIR-14A.Detection.Pval	TARGET-AML	450K	idat_sample_sheet_TARGET-AML__450k_beta.txt	0.0	17.521885	7.8064184
TARGET-21-PAMXZY-09A.Detection.Pval	TARGET-21-PAMXZY-09A.Detection.Pval	TARGET-AML	450K	idat_sample_sheet_TARGET-AML__450k_beta.txt	0.0	17.426622	7.8034105
TARGET-21-PARZIA-09A.Detection.Pval	TARGET-21-PARZIA-09A.Detection.Pval	TARGET-AML	450K	idat_sample_sheet_TARGET-AML__450k_beta.txt	0.0	17.46377	7.836691
TARGET-20-PASTTW-14A.Detection.Pval	TARGET-20-PASTTW-14A.Detection.Pval	TARGET-AML	450K	idat_sample_sheet_TARGET-AML__450k_beta.txt	0.0	18.713705	6.0862117
TARGET-20-PASVVS-09A.Detection.Pval	TARGET-20-PASVVS-09A.Detection.Pval	TARGET-AML	450K	idat_sample_sheet_TARGET-AML__450k_beta.txt	0.0	17.677778	8.041122
TARGET-20-PAEFGT-03A.Detection.Pval	TARGET-20-PAEFGT-03A.Detection.Pval	TARGET-AML	450K	idat_sample_sheet_TARGET-AML__450k_beta.txt	0.0	17.107264	7.3938913
TARGET-21-PASVJS-14A.Detection.Pval	TARGET-21-PASVJS-14A.Detection.Pval	TARGET-AML	450K	idat_sample_sheet_TARGET-AML__450k_beta.txt	0.0	17.854324	7.4469323
TARGET-20-PARUCB-04A.Detection.Pval	TARGET-20-PARUCB-04A.Detection.Pval	TARGET-AML	450K	idat_sample_sheet_TARGET-AML__450k_beta.txt	0.0	9.736829	-1.8475238
TARGET-20-PARVAI-14A.Detection.Pval	TARGET-20-PARVAI-14A.Detection.Pval	TARGET-AML	450K	idat_sample_sheet_TARGET-AML__450k_beta.txt	0.0	17.132765	7.2760205
TARGET-20-PARPDS-04A.Detection.Pval	TARGET-20-PARPDS-04A.Detection.Pval	TARGET-AML	450K	idat_sample_sheet_TARGET-AML__450k_beta.txt	0.0	18.410097	7.2179804
TARGET-20-PASJIM-09A.Detection.Pval	TARGET-20-PASJIM-09A.Detection.Pval	TARGET-AML	450K	idat_sample_sheet_TARGET-AML__450k_beta.txt	0.0	17.716352	8.055537
TARGET-20-PAKTCX-04A.Detection.Pval	TARGET-20-PAKTCX-04A.Detection.Pval	TARGET-AML	450K	idat_sample_sheet_TARGET-AML__450k_beta.txt	0.0	17.37767	7.363593
TARGET-20-PAEFGT-14A.Detection.Pval	TARGET-20-PAEFGT-14A.Detection.Pval	TARGET-AML	450K	idat_sample_sheet_TARGET-AML__450k_beta.txt	0.0	17.585297	7.9431067
TARGET-20-PARWXU-04A.Detection.Pval	TARGET-20-PARWXU-04A.Detection.Pval	TARGET-AML	450K	idat_sample_sheet_TARGET-AML__450k_beta.txt	0.0	17.219269	7.593071
TARGET-20-PASRTP-14A.Detection.Pval	TARGET-20-PASRTP-14A.Detection.Pval	TARGET-AML	450K	idat_sample_sheet_TARGET-AML__450k_beta.txt	0.0	17.659973	7.995529
TARGET-21-PATKWH-14A.Detection.Pval	TARGET-21-PATKWH-14A.Detection.Pval	TARGET-AML	450K	idat_sample_sheet_TARGET-AML__450k_beta.txt	0.0	17.358759	7.72948
TARGET-20-PANTWV-14A.Detection.Pval	TARGET-20-PANTWV-14A.Detection.Pval	TARGET-AML	450K	idat_sample_sheet_TARGET-AML__450k_beta.txt	0.0	19.024185	7.8050065
TARGET-20-PASLSD-14A.Detection.Pval	TARGET-20-PASLSD-14A.Detection.Pval	TARGET-AML	450K	idat_sample_sheet_TARGET-AML__450k_beta.txt	0.0	17.938519	7.8715987
TARGET-20-PAPBEJ-04A.Detection.Pval	TARGET-20-PAPBEJ-04A.Detection.Pval	TARGET-AML	450K	idat_sample_sheet_TARGET-AML__450k_beta.txt	0.0	17.505383	7.6387377
TARGET-20-PARTAL-14A.Detection.Pval	TARGET-20-PARTAL-14A.Detection.Pval	TARGET-AML	450K	idat_sample_sheet_TARGET-AML__450k_beta.txt	0.0	17.77779	7.912303
TARGET-20-PASLSD-04A.Detection.Pval	TARGET-20-PASLSD-04A.Detection.Pval	TARGET-AML	450K	idat_sample_sheet_TARGET-AML__450k_beta.txt	0.0	17.728151	7.7309837
TARGET-21-PASNKZ-09A.Detection.Pval	TARGET-21-PASNKZ-09A.Detection.Pval	TARGET-AML	450K	idat_sample_sheet_TARGET-AML__450k_beta.txt	0.0	17.319334	7.579487
TARGET-20-PANLIR-04A.Detection.Pval	TARGET-20-PANLIR-04A.Detection.Pval	TARGET-AML	450K	idat_sample_sheet_TARGET-AML__450k_beta.txt	0.0	19.273617	8.792102
TARGET-20-PASWLN-04A.Detection.Pval	TARGET-20-PASWLN-04A.Detection.Pval	TARGET-AML	450K	idat_sample_sheet_TARGET-AML__450k_beta.txt	0.0	17.32865	7.545309
TARGET-20-PATJHJ-09A.Detection.Pval	TARGET-20-PATJHJ-09A.Detection.Pval	TARGET-AML	450K	idat_sample_sheet_TARGET-AML__450k_beta.txt	0.0	18.446308	7.344681
TARGET-20-PARUDL-14A.Detection.Pval	TARGET-20-PARUDL-14A.Detection.Pval	TARGET-AML	450K	idat_sample_sheet_TARGET-AML__450k_beta.txt	0.0	17.150854	6.815121
TARGET-20-PAPXRJ-04A.Detection.Pval	TARGET-20-PAPXRJ-04A.Detection.Pval	TARGET-AML	450K	idat_sample_sheet_TARGET-AML__450k_beta.txt	0.0	9.986324	-2.1512606
TARGET-21-PARBTV-09A.Detection.Pval	TARGET-21-PARBTV-09A.Detection.Pval	TARGET-AML	450K	idat_sample_sheet_TARGET-AML__450k_beta.txt	0.0	17.701746	7.80549
TARGET-20-PARBIU-14A.Detection.Pval	TARGET-20-PARBIU-14A.Detection.Pval	TARGET-AML	450K	idat_sample_sheet_TARGET-AML__450k_beta.txt	0.0	17.198112	7.2857924
TARGET-20-PARSAN-09A.Detection.Pval	TARGET-20-PARSAN-09A.Detection.Pval	TARGET-AML	450K	idat_sample_sheet_TARGET-AML__450k_beta.txt	0.0	9.987957	-2.1534514
TARGET-20-PAEERJ-14A.Detection.Pval	TARGET-20-PAEERJ-14A.Detection.Pval	TARGET-AML	450K	idat_sample_sheet_TARGET-AML__450k_beta.txt	0.0	17.280743	7.1867485
TARGET-21-PASNKZ-14A.Detection.Pval	TARGET-21-PASNKZ-14A.Detection.Pval	TARGET-AML	450K	idat_sample_sheet_TARGET-AML__450k_beta.txt	0.0	17.246439	7.5930367
TARGET-21-PASSLT-09A.Detection.Pval	TARGET-21-PASSLT-09A.Detection.Pval	TARGET-AML	450K	idat_sample_sheet_TARGET-AML__450k_beta.txt	0.0	18.9419	7.299193
TARGET-20-PASVYA-04A.Detection.Pval	TARGET-20-PASVYA-04A.Detection.Pval	TARGET-AML	450K	idat_sample_sheet_TARGET-AML__450k_beta.txt	0.0	17.589678	6.7153764
TARGET-21-PASFJJ-14A.Detection.Pval	TARGET-21-PASFJJ-14A.Detection.Pval	TARGET-AML	450K	idat_sample_sheet_TARGET-AML__450k_beta.txt	0.0	17.15045	7.2238193
TARGET-20-PANGDN-04A.Detection.Pval	TARGET-20-PANGDN-04A.Detection.Pval	TARGET-AML	450K	idat_sample_sheet_TARGET-AML__450k_beta.txt	0.0	17.55978	7.5653143
TARGET-21-PARBTV-14A.Detection.Pval	TARGET-21-PARBTV-14A.Detection.Pval	TARGET-AML	450K	idat_sample_sheet_TARGET-AML__450k_beta.txt	0.0	17.787281	7.3283844
TARGET-20-PARPDS-09A.Detection.Pval	TARGET-20-PARPDS-09A.Detection.Pval	TARGET-AML	450K	idat_sample_sheet_TARGET-AML__450k_beta.txt	0.0	18.411469	7.3828907
TARGET-21-PARXYR-14A.Detection.Pval	TARGET-21-PARXYR-14A.Detection.Pval	TARGET-AML	450K	idat_sample_sheet_TARGET-AML__450k_beta.txt	0.0	17.866604	7.9156146
TARGET-20-PARCEC-03A.Detection.Pval	TARGET-20-PARCEC-03A.Detection.Pval	TARGET-AML	450K	idat_sample_sheet_TARGET-AML__450k_beta.txt	0.0	18.399452	7.418103
TARGET-20-PASWLN-14A.Detection.Pval	TARGET-20-PASWLN-14A.Detection.Pval	TARGET-AML	450K	idat_sample_sheet_TARGET-AML__450k_beta.txt	0.0	17.700754	7.6010113
TARGET-20-PASMGW-04A.Detection.Pval	TARGET-20-PASMGW-04A.Detection.Pval	TARGET-AML	450K	idat_sample_sheet_TARGET-AML__450k_beta.txt	0.0	17.340046	7.02031
TARGET-20-PASVYA-14A.Detection.Pval	TARGET-20-PASVYA-14A.Detection.Pval	TARGET-AML	450K	idat_sample_sheet_TARGET-AML__450k_beta.txt	0.0	18.992811	7.4212213
TARGET-20-PASBBE-09A.Detection.Pval	TARGET-20-PASBBE-09A.Detection.Pval	TARGET-AML	450K	idat_sample_sheet_TARGET-AML__450k_beta.txt	0.0	17.249882	7.46678
TARGET-20-PAMYJX-04A.Detection.Pval	TARGET-20-PAMYJX-04A.Detection.Pval	TARGET-AML	450K	idat_sample_sheet_TARGET-AML__450k_beta.txt	0.0	18.768974	7.232438
TARGET-20-PASLSD-03A.Detection.Pval	TARGET-20-PASLSD-03A.Detection.Pval	TARGET-AML	450K	idat_sample_sheet_TARGET-AML__450k_beta.txt	0.0	17.569462	7.7829247
TARGET-20-PANSJB-14A.Detection.Pval	TARGET-20-PANSJB-14A.Detection.Pval	TARGET-AML	450K	idat_sample_sheet_TARGET-AML__450k_beta.txt	0.0	17.172468	6.99474
TARGET-21-PASFJJ-15A.Detection.Pval	TARGET-21-PASFJJ-15A.Detection.Pval	TARGET-AML	450K	idat_sample_sheet_TARGET-AML__450k_beta.txt	0.0	17.535322	7.764581
TARGET-21-PASFLG-14A.Detection.Pval	TARGET-21-PASFLG-14A.Detection.Pval	TARGET-AML	450K	idat_sample_sheet_TARGET-AML__450k_beta.txt	0.0	17.595892	7.7131853
TARGET-20-PASAUT-14A.Detection.Pval	TARGET-20-PASAUT-14A.Detection.Pval	TARGET-AML	450K	idat_sample_sheet_TARGET-AML__450k_beta.txt	0.0	18.405527	7.2992787
TARGET-20-PANGTF-14A.Detection.Pval	TARGET-20-PANGTF-14A.Detection.Pval	TARGET-AML	450K	idat_sample_sheet_TARGET-AML__450k_beta.txt	0.0	17.446032	7.550938
TARGET-20-PARIMT-03A.Detection.Pval	TARGET-20-PARIMT-03A.Detection.Pval	TARGET-AML	450K	idat_sample_sheet_TARGET-AML__450k_beta.txt	0.0	17.451271	6.9892497
TARGET-20-PANYCG-09A.Detection.Pval	TARGET-20-PANYCG-09A.Detection.Pval	TARGET-AML	450K	idat_sample_sheet_TARGET-AML__450k_beta.txt	0.0	17.249565	6.9645743
TARGET-20-PATDHA-14A.Detection.Pval	TARGET-20-PATDHA-14A.Detection.Pval	TARGET-AML	450K	idat_sample_sheet_TARGET-AML__450k_beta.txt	0.0	17.536936	6.2156186
TARGET-20-PASGCE-40A.Detection.Pval	TARGET-20-PASGCE-40A.Detection.Pval	TARGET-AML	450K	idat_sample_sheet_TARGET-AML__450k_beta.txt	0.0	18.158424	5.812461
TARGET-20-PADZCG-04A.Detection.Pval	TARGET-20-PADZCG-04A.Detection.Pval	TARGET-AML	450K	idat_sample_sheet_TARGET-AML__450k_beta.txt	0.0	17.82265	7.747819
TARGET-21-PARBTV-15A.Detection.Pval	TARGET-21-PARBTV-15A.Detection.Pval	TARGET-AML	450K	idat_sample_sheet_TARGET-AML__450k_beta.txt	0.0	17.329844	6.972552
TARGET-21-PASFJJ-09A.Detection.Pval	TARGET-21-PASFJJ-09A.Detection.Pval	TARGET-AML	450K	idat_sample_sheet_TARGET-AML__450k_beta.txt	0.0	17.36722	7.4713626
TARGET-20-PARYVW-14A.Detection.Pval	TARGET-20-PARYVW-14A.Detection.Pval	TARGET-AML	450K	idat_sample_sheet_TARGET-AML__450k_beta.txt	0.0	17.609087	7.561219
TARGET-21-PASDKZ-03A.Detection.Pval	TARGET-21-PASDKZ-03A.Detection.Pval	TARGET-AML	450K	idat_sample_sheet_TARGET-AML__450k_beta.txt	0.0	17.433748	7.303695
TARGET-20-PASTUH-09A.Detection.Pval	TARGET-20-PASTUH-09A.Detection.Pval	TARGET-AML	450K	idat_sample_sheet_TARGET-AML__450k_beta.txt	0.0	17.46621	7.448241
TARGET-20-PATJHJ-40A.Detection.Pval	TARGET-20-PATJHJ-40A.Detection.Pval	TARGET-AML	450K	idat_sample_sheet_TARGET-AML__450k_beta.txt	0.0	18.436127	7.3826013
TARGET-20-PAKTCX-09A.Detection.Pval	TARGET-20-PAKTCX-09A.Detection.Pval	TARGET-AML	450K	idat_sample_sheet_TARGET-AML__450k_beta.txt	0.0	18.27096	5.623979
TARGET-21-PASVJS-15A.Detection.Pval	TARGET-21-PASVJS-15A.Detection.Pval	TARGET-AML	450K	idat_sample_sheet_TARGET-AML__450k_beta.txt	0.0	17.276814	7.4430456
TARGET-20-PANYCG-14A.Detection.Pval	TARGET-20-PANYCG-14A.Detection.Pval	TARGET-AML	450K	idat_sample_sheet_TARGET-AML__450k_beta.txt	0.0	17.727707	7.8112445
TARGET-20-PASVYL-04A.Detection.Pval	TARGET-20-PASVYL-04A.Detection.Pval	TARGET-AML	450K	idat_sample_sheet_TARGET-AML__450k_beta.txt	0.0	17.62515	7.4693136
TARGET-21-PASFHK-15A.Detection.Pval	TARGET-21-PASFHK-15A.Detection.Pval	TARGET-AML	450K	idat_sample_sheet_TARGET-AML__450k_beta.txt	0.0	18.797459	5.6777797
TARGET-20-PAKVGI-04A.Detection.Pval	TARGET-20-PAKVGI-04A.Detection.Pval	TARGET-AML	450K	idat_sample_sheet_TARGET-AML__450k_beta.txt	0.0	17.670645	7.5897045
TARGET-21-PASHMK-15A.Detection.Pval	TARGET-21-PASHMK-15A.Detection.Pval	TARGET-AML	450K	idat_sample_sheet_TARGET-AML__450k_beta.txt	0.0	18.079039	5.8867292
TARGET-20-PARNNT-09A.Detection.Pval	TARGET-20-PARNNT-09A.Detection.Pval	TARGET-AML	450K	idat_sample_sheet_TARGET-AML__450k_beta.txt	0.0	17.707302	6.3054996
TARGET-20-PANLXM-04A.Detection.Pval	TARGET-20-PANLXM-04A.Detection.Pval	TARGET-AML	450K	idat_sample_sheet_TARGET-AML__450k_beta.txt	0.0	19.233088	5.848783
TARGET-20-PAMYJX-09A.Detection.Pval	TARGET-20-PAMYJX-09A.Detection.Pval	TARGET-AML	450K	idat_sample_sheet_TARGET-AML__450k_beta.txt	0.0	18.66991	7.1796803
TARGET-21-PASYWA-15A.Detection.Pval	TARGET-21-PASYWA-15A.Detection.Pval	TARGET-AML	450K	idat_sample_sheet_TARGET-AML__450k_beta.txt	0.0	17.567879	7.1649156
TARGET-21-PATISD-09A.Detection.Pval	TARGET-21-PATISD-09A.Detection.Pval	TARGET-AML	450K	idat_sample_sheet_TARGET-AML__450k_beta.txt	0.0	17.576387	7.4294353
TARGET-21-PASSLT-14A.Detection.Pval	TARGET-21-PASSLT-14A.Detection.Pval	TARGET-AML	450K	idat_sample_sheet_TARGET-AML__450k_beta.txt	0.0	20.54157	7.9795218
TARGET-20-PAMYAS-04A.Detection.Pval	TARGET-20-PAMYAS-04A.Detection.Pval	TARGET-AML	450K	idat_sample_sheet_TARGET-AML__450k_beta.txt	0.0	17.920725	6.5910964
TARGET-20-PASWPD-09A.Detection.Pval	TARGET-20-PASWPD-09A.Detection.Pval	TARGET-AML	450K	idat_sample_sheet_TARGET-AML__450k_beta.txt	0.0	19.274439	8.814362
TARGET-20-PARPPY-40A.Detection.Pval	TARGET-20-PARPPY-40A.Detection.Pval	TARGET-AML	450K	idat_sample_sheet_TARGET-AML__450k_beta.txt	0.0	18.703753	7.3945665
TARGET-20-PASVYA-09A.Detection.Pval	TARGET-20-PASVYA-09A.Detection.Pval	TARGET-AML	450K	idat_sample_sheet_TARGET-AML__450k_beta.txt	0.0	17.816692	6.550826
TARGET-20-PANNHB-09A.Detection.Pval	TARGET-20-PANNHB-09A.Detection.Pval	TARGET-AML	450K	idat_sample_sheet_TARGET-AML__450k_beta.txt	0.0	20.86988	7.6017632
TARGET-21-PATJMY-09A.Detection.Pval	TARGET-21-PATJMY-09A.Detection.Pval	TARGET-AML	450K	idat_sample_sheet_TARGET-AML__450k_beta.txt	0.0	17.578827	6.9015627
TARGET-21-PARHRS-14A.Detection.Pval	TARGET-21-PARHRS-14A.Detection.Pval	TARGET-AML	450K	idat_sample_sheet_TARGET-AML__450k_beta.txt	0.0	18.679802	6.0884132
TARGET-20-PASZLJ-14A.Detection.Pval	TARGET-20-PASZLJ-14A.Detection.Pval	TARGET-AML	450K	idat_sample_sheet_TARGET-AML__450k_beta.txt	0.0	17.743006	7.6722183
TARGET-20-PAKIWK-14A.Detection.Pval	TARGET-20-PAKIWK-14A.Detection.Pval	TARGET-AML	450K	idat_sample_sheet_TARGET-AML__450k_beta.txt	0.0	17.693474	7.716751
TARGET-20-PAEFGR-04A.Detection.Pval	TARGET-20-PAEFGR-04A.Detection.Pval	TARGET-AML	450K	idat_sample_sheet_TARGET-AML__450k_beta.txt	0.0	21.09796	6.3502464
TARGET-20-PANYNR-14A.Detection.Pval	TARGET-20-PANYNR-14A.Detection.Pval	TARGET-AML	450K	idat_sample_sheet_TARGET-AML__450k_beta.txt	0.0	17.549162	6.585801
TARGET-21-PASYEJ-15A.Detection.Pval	TARGET-21-PASYEJ-15A.Detection.Pval	TARGET-AML	450K	idat_sample_sheet_TARGET-AML__450k_beta.txt	0.0	19.002483	5.5028744
TARGET-21-PARZIA-15A.Detection.Pval	TARGET-21-PARZIA-15A.Detection.Pval	TARGET-AML	450K	idat_sample_sheet_TARGET-AML__450k_beta.txt	0.0	17.60708	7.585751
TARGET-20-PANNHB-14A.Detection.Pval	TARGET-20-PANNHB-14A.Detection.Pval	TARGET-AML	450K	idat_sample_sheet_TARGET-AML__450k_beta.txt	0.0	20.781546	7.605078
TARGET-20-PARSAN-04A.Detection.Pval	TARGET-20-PARSAN-04A.Detection.Pval	TARGET-AML	450K	idat_sample_sheet_TARGET-AML__450k_beta.txt	0.0	17.426565	7.0928364
TARGET-20-PANLXM-09A.Detection.Pval	TARGET-20-PANLXM-09A.Detection.Pval	TARGET-AML	450K	idat_sample_sheet_TARGET-AML__450k_beta.txt	0.0	18.402391	6.728302
TARGET-20-PARYVW-04A.Detection.Pval	TARGET-20-PARYVW-04A.Detection.Pval	TARGET-AML	450K	idat_sample_sheet_TARGET-AML__450k_beta.txt	0.0	17.727617	7.298488
TARGET-20-PASCRZ-04A.Detection.Pval	TARGET-20-PASCRZ-04A.Detection.Pval	TARGET-AML	450K	idat_sample_sheet_TARGET-AML__450k_beta.txt	0.0	18.445007	5.84218
TARGET-20-PASGCE-09A.Detection.Pval	TARGET-20-PASGCE-09A.Detection.Pval	TARGET-AML	450K	idat_sample_sheet_TARGET-AML__450k_beta.txt	0.0	17.385698	6.861878
TARGET-20-PASCRZ-03A.Detection.Pval	TARGET-20-PASCRZ-03A.Detection.Pval	TARGET-AML	450K	idat_sample_sheet_TARGET-AML__450k_beta.txt	0.0	18.178467	7.6279817
TARGET-21-PASSLT-15A.Detection.Pval	TARGET-21-PASSLT-15A.Detection.Pval	TARGET-AML	450K	idat_sample_sheet_TARGET-AML__450k_beta.txt	0.0	20.420834	7.994214
TARGET-20-PASRLS-14A.Detection.Pval	TARGET-20-PASRLS-14A.Detection.Pval	TARGET-AML	450K	idat_sample_sheet_TARGET-AML__450k_beta.txt	0.0	17.457964	7.4261646
TARGET-20-PARNIA-04A.Detection.Pval	TARGET-20-PARNIA-04A.Detection.Pval	TARGET-AML	450K	idat_sample_sheet_TARGET-AML__450k_beta.txt	0.0	17.50867	7.009334
TARGET-20-PAMYAS-09A.Detection.Pval	TARGET-20-PAMYAS-09A.Detection.Pval	TARGET-AML	450K	idat_sample_sheet_TARGET-AML__450k_beta.txt	0.0	9.799771	-1.9200431
TARGET-21-PARNAW-09A.Detection.Pval	TARGET-21-PARNAW-09A.Detection.Pval	TARGET-AML	450K	idat_sample_sheet_TARGET-AML__450k_beta.txt	0.0	17.909454	6.136029
TARGET-20-PANYCG-04A.Detection.Pval	TARGET-20-PANYCG-04A.Detection.Pval	TARGET-AML	450K	idat_sample_sheet_TARGET-AML__450k_beta.txt	0.0	17.715658	7.3969536
TARGET-20-PAMYJX-14A.Detection.Pval	TARGET-20-PAMYJX-14A.Detection.Pval	TARGET-AML	450K	idat_sample_sheet_TARGET-AML__450k_beta.txt	0.0	19.251688	8.265529
TARGET-20-PASAUT-03A.Detection.Pval	TARGET-20-PASAUT-03A.Detection.Pval	TARGET-AML	450K	idat_sample_sheet_TARGET-AML__450k_beta.txt	0.0	18.438244	7.3092475
TARGET-20-PARVAI-03A.Detection.Pval	TARGET-20-PARVAI-03A.Detection.Pval	TARGET-AML	450K	idat_sample_sheet_TARGET-AML__450k_beta.txt	0.0	19.007595	5.622651
TARGET-20-PASWAT-04A.Detection.Pval	TARGET-20-PASWAT-04A.Detection.Pval	TARGET-AML	450K	idat_sample_sheet_TARGET-AML__450k_beta.txt	0.0	17.490768	6.9090815
TARGET-20-PASIEP-14A.Detection.Pval	TARGET-20-PASIEP-14A.Detection.Pval	TARGET-AML	450K	idat_sample_sheet_TARGET-AML__450k_beta.txt	0.0	17.556812	7.2591515
TARGET-20-PASTUH-04A.Detection.Pval	TARGET-20-PASTUH-04A.Detection.Pval	TARGET-AML	450K	idat_sample_sheet_TARGET-AML__450k_beta.txt	0.0	17.797537	7.412742
TARGET-21-PATAIJ-09A.Detection.Pval	TARGET-21-PATAIJ-09A.Detection.Pval	TARGET-AML	450K	idat_sample_sheet_TARGET-AML__450k_beta.txt	0.0	18.263168	6.1577225
TARGET-20-PAECCE-09A.Detection.Pval	TARGET-20-PAECCE-09A.Detection.Pval	TARGET-AML	450K	idat_sample_sheet_TARGET-AML__450k_beta.txt	0.0	18.096035	6.1529293
TARGET-20-PASGCE-14A.Detection.Pval	TARGET-20-PASGCE-14A.Detection.Pval	TARGET-AML	450K	idat_sample_sheet_TARGET-AML__450k_beta.txt	0.0	17.694792	6.5102644
TARGET-20-PANYNR-03A.Detection.Pval	TARGET-20-PANYNR-03A.Detection.Pval	TARGET-AML	450K	idat_sample_sheet_TARGET-AML__450k_beta.txt	0.0	17.742775	6.377668
TARGET-20-PAECCE-10A.Detection.Pval	TARGET-20-PAECCE-10A.Detection.Pval	TARGET-AML	450K	idat_sample_sheet_TARGET-AML__450k_beta.txt	0.0	17.774603	7.427857
TARGET-20-PASRLS-09A.Detection.Pval	TARGET-20-PASRLS-09A.Detection.Pval	TARGET-AML	450K	idat_sample_sheet_TARGET-AML__450k_beta.txt	0.0	17.665777	6.6128187
TARGET-21-PASFLG-15A.Detection.Pval	TARGET-21-PASFLG-15A.Detection.Pval	TARGET-AML	450K	idat_sample_sheet_TARGET-AML__450k_beta.txt	0.0	17.722252	7.439611
TARGET-20-PARIMT-04A.Detection.Pval	TARGET-20-PARIMT-04A.Detection.Pval	TARGET-AML	450K	idat_sample_sheet_TARGET-AML__450k_beta.txt	0.0	9.990251	-2.1558442
TARGET-20-PARDMG-09A.Detection.Pval	TARGET-20-PARDMG-09A.Detection.Pval	TARGET-AML	450K	idat_sample_sheet_TARGET-AML__450k_beta.txt	0.0	20.811302	7.5951657
TARGET-20-PARPPY-09A.Detection.Pval	TARGET-20-PARPPY-09A.Detection.Pval	TARGET-AML	450K	idat_sample_sheet_TARGET-AML__450k_beta.txt	0.0	18.668196	7.277784
TARGET-20-PASHHH-14A.Detection.Pval	TARGET-20-PASHHH-14A.Detection.Pval	TARGET-AML	450K	idat_sample_sheet_TARGET-AML__450k_beta.txt	0.0	17.735357	7.0647626
TARGET-21-PANVPB-15A.Detection.Pval	TARGET-21-PANVPB-15A.Detection.Pval	TARGET-AML	450K	idat_sample_sheet_TARGET-AML__450k_beta.txt	0.0	17.813585	7.391013
TARGET-20-PARNZW-40A.Detection.Pval	TARGET-20-PARNZW-40A.Detection.Pval	TARGET-AML	450K	idat_sample_sheet_TARGET-AML__450k_beta.txt	0.0	18.418516	5.8858747
TARGET-20-PARCCH-14A.Detection.Pval	TARGET-20-PARCCH-14A.Detection.Pval	TARGET-AML	450K	idat_sample_sheet_TARGET-AML__450k_beta.txt	0.0	17.688583	7.289075
TARGET-20-PARVUA-14A.Detection.Pval	TARGET-20-PARVUA-14A.Detection.Pval	TARGET-AML	450K	idat_sample_sheet_TARGET-AML__450k_beta.txt	0.0	17.656307	7.0966496
TARGET-20-PASJGZ-14A.Detection.Pval	TARGET-20-PASJGZ-14A.Detection.Pval	TARGET-AML	450K	idat_sample_sheet_TARGET-AML__450k_beta.txt	0.0	18.808605	5.6685605
TARGET-21-PATHIU-09A.Detection.Pval	TARGET-21-PATHIU-09A.Detection.Pval	TARGET-AML	450K	idat_sample_sheet_TARGET-AML__450k_beta.txt	0.0	17.706211	7.466737
TARGET-21-PATAIJ-15A.Detection.Pval	TARGET-21-PATAIJ-15A.Detection.Pval	TARGET-AML	450K	idat_sample_sheet_TARGET-AML__450k_beta.txt	0.0	18.926682	6.0266924
TARGET-20-PAEIKD-09A.Detection.Pval	TARGET-20-PAEIKD-09A.Detection.Pval	TARGET-AML	450K	idat_sample_sheet_TARGET-AML__450k_beta.txt	0.0	19.527737	5.733953
TARGET-20-PARWXU-09A.Detection.Pval	TARGET-20-PARWXU-09A.Detection.Pval	TARGET-AML	450K	idat_sample_sheet_TARGET-AML__450k_beta.txt	0.0	18.788525	5.7258453
TARGET-20-PANDER-14A.Detection.Pval	TARGET-20-PANDER-14A.Detection.Pval	TARGET-AML	450K	idat_sample_sheet_TARGET-AML__450k_beta.txt	0.0	20.034485	5.661685
TARGET-21-PAMYMA-15A.Detection.Pval	TARGET-21-PAMYMA-15A.Detection.Pval	TARGET-AML	450K	idat_sample_sheet_TARGET-AML__450k_beta.txt	0.0	18.104607	6.4694705
TARGET-20-PARUCB-09A.Detection.Pval	TARGET-20-PARUCB-09A.Detection.Pval	TARGET-AML	450K	idat_sample_sheet_TARGET-AML__450k_beta.txt	0.0	19.171665	7.2295156
TARGET-20-PARCUK-04A.Detection.Pval	TARGET-20-PARCUK-04A.Detection.Pval	TARGET-AML	450K	idat_sample_sheet_TARGET-AML__450k_beta.txt	0.0	17.74517	6.684883
TARGET-21-PASTZK-15A.Detection.Pval	TARGET-21-PASTZK-15A.Detection.Pval	TARGET-AML	450K	idat_sample_sheet_TARGET-AML__450k_beta.txt	0.0	17.992783	6.463754
TARGET-20-PARBTC-03A.Detection.Pval	TARGET-20-PARBTC-03A.Detection.Pval	TARGET-AML	450K	idat_sample_sheet_TARGET-AML__450k_beta.txt	0.0	20.012016	5.679889
TARGET-20-PARUBT-14A.Detection.Pval	TARGET-20-PARUBT-14A.Detection.Pval	TARGET-AML	450K	idat_sample_sheet_TARGET-AML__450k_beta.txt	0.0	19.958681	5.7030497
TARGET-21-PATAIJ-10A.Detection.Pval	TARGET-21-PATAIJ-10A.Detection.Pval	TARGET-AML	450K	idat_sample_sheet_TARGET-AML__450k_beta.txt	0.0	17.786467	6.779574
TARGET-20-PANDIX-09A.Detection.Pval	TARGET-20-PANDIX-09A.Detection.Pval	TARGET-AML	450K	idat_sample_sheet_TARGET-AML__450k_beta.txt	0.0	20.072393	5.6484375
TARGET-21-PASYEJ-09A.Detection.Pval	TARGET-21-PASYEJ-09A.Detection.Pval	TARGET-AML	450K	idat_sample_sheet_TARGET-AML__450k_beta.txt	0.0	17.965145	6.6561766
TARGET-20-PAKIWK-04A.Detection.Pval	TARGET-20-PAKIWK-04A.Detection.Pval	TARGET-AML	450K	idat_sample_sheet_TARGET-AML__450k_beta.txt	0.0	17.745895	7.410359
TARGET-20-PARSHM-03A.Detection.Pval	TARGET-20-PARSHM-03A.Detection.Pval	TARGET-AML	450K	idat_sample_sheet_TARGET-AML__450k_beta.txt	0.0	18.013208	5.842406
TARGET-20-PAEDKB-09A.Detection.Pval	TARGET-20-PAEDKB-09A.Detection.Pval	TARGET-AML	450K	idat_sample_sheet_TARGET-AML__450k_beta.txt	0.0	18.003561	7.12438
TARGET-20-PARTAL-04A.Detection.Pval	TARGET-20-PARTAL-04A.Detection.Pval	TARGET-AML	450K	idat_sample_sheet_TARGET-AML__450k_beta.txt	0.0	17.811491	6.8337307
TARGET-20-PAEDKB-10A.Detection.Pval	TARGET-20-PAEDKB-10A.Detection.Pval	TARGET-AML	450K	idat_sample_sheet_TARGET-AML__450k_beta.txt	0.0	18.55047	5.9148607
TARGET-21-PASFHK-09A.Detection.Pval	TARGET-21-PASFHK-09A.Detection.Pval	TARGET-AML	450K	idat_sample_sheet_TARGET-AML__450k_beta.txt	0.0	17.841385	7.435083
TARGET-20-PARNIA-09A.Detection.Pval	TARGET-20-PARNIA-09A.Detection.Pval	TARGET-AML	450K	idat_sample_sheet_TARGET-AML__450k_beta.txt	0.0	18.370972	6.2429934
TARGET-20-PAEIKD-14A.Detection.Pval	TARGET-20-PAEIKD-14A.Detection.Pval	TARGET-AML	450K	idat_sample_sheet_TARGET-AML__450k_beta.txt	0.0	17.794489	7.39557
TARGET-20-PASPLU-04A.Detection.Pval	TARGET-20-PASPLU-04A.Detection.Pval	TARGET-AML	450K	idat_sample_sheet_TARGET-AML__450k_beta.txt	0.0	17.726362	7.152559
TARGET-21-PANZLR-09A.Detection.Pval	TARGET-21-PANZLR-09A.Detection.Pval	TARGET-AML	450K	idat_sample_sheet_TARGET-AML__450k_beta.txt	0.0	19.25154	8.823831
TARGET-20-PASHBI-09A.Detection.Pval	TARGET-20-PASHBI-09A.Detection.Pval	TARGET-AML	450K	idat_sample_sheet_TARGET-AML__450k_beta.txt	0.0	17.860725	7.279788
TARGET-20-PATDHA-04A.Detection.Pval	TARGET-20-PATDHA-04A.Detection.Pval	TARGET-AML	450K	idat_sample_sheet_TARGET-AML__450k_beta.txt	0.0	18.048212	6.48038
TARGET-20-PARUWX-09A.Detection.Pval	TARGET-20-PARUWX-09A.Detection.Pval	TARGET-AML	450K	idat_sample_sheet_TARGET-AML__450k_beta.txt	0.0	9.975209	-2.1407235
TARGET-20-PATIAK-04A.Detection.Pval	TARGET-20-PATIAK-04A.Detection.Pval	TARGET-AML	450K	idat_sample_sheet_TARGET-AML__450k_beta.txt	0.0	17.704922	7.1489563
TARGET-20-PASRTP-09A.Detection.Pval	TARGET-20-PASRTP-09A.Detection.Pval	TARGET-AML	450K	idat_sample_sheet_TARGET-AML__450k_beta.txt	0.0	18.305061	6.435214
TARGET-20-PARTAL-09A.Detection.Pval	TARGET-20-PARTAL-09A.Detection.Pval	TARGET-AML	450K	idat_sample_sheet_TARGET-AML__450k_beta.txt	0.0	17.864344	7.0234957
TARGET-20-PANCSC-04A.Detection.Pval	TARGET-20-PANCSC-04A.Detection.Pval	TARGET-AML	450K	idat_sample_sheet_TARGET-AML__450k_beta.txt	0.0	17.82992	7.1456614
TARGET-20-PASHBI-14A.Detection.Pval	TARGET-20-PASHBI-14A.Detection.Pval	TARGET-AML	450K	idat_sample_sheet_TARGET-AML__450k_beta.txt	0.0	18.204659	6.3247986
TARGET-21-PASYWA-09A.Detection.Pval	TARGET-21-PASYWA-09A.Detection.Pval	TARGET-AML	450K	idat_sample_sheet_TARGET-AML__450k_beta.txt	0.0	19.227974	5.8841968
TARGET-20-PAEFGR-14A.Detection.Pval	TARGET-20-PAEFGR-14A.Detection.Pval	TARGET-AML	450K	idat_sample_sheet_TARGET-AML__450k_beta.txt	0.0	18.146421	7.083379
TARGET-21-PASFHK-14A.Detection.Pval	TARGET-21-PASFHK-14A.Detection.Pval	TARGET-AML	450K	idat_sample_sheet_TARGET-AML__450k_beta.txt	0.0	17.861557	7.32852
TARGET-20-PANLLX-04A.Detection.Pval	TARGET-20-PANLLX-04A.Detection.Pval	TARGET-AML	450K	idat_sample_sheet_TARGET-AML__450k_beta.txt	0.0	17.825712	7.127239
TARGET-20-PASCRZ-14A.Detection.Pval	TARGET-20-PASCRZ-14A.Detection.Pval	TARGET-AML	450K	idat_sample_sheet_TARGET-AML__450k_beta.txt	0.0	18.212534	6.3287044
TARGET-20-PARNIA-14A.Detection.Pval	TARGET-20-PARNIA-14A.Detection.Pval	TARGET-AML	450K	idat_sample_sheet_TARGET-AML__450k_beta.txt	0.0	18.569996	6.298794
TARGET-21-PATKWH-15A.Detection.Pval	TARGET-21-PATKWH-15A.Detection.Pval	TARGET-AML	450K	idat_sample_sheet_TARGET-AML__450k_beta.txt	0.0	17.826786	7.2604165
TARGET-20-PANLRE-09A.Detection.Pval	TARGET-20-PANLRE-09A.Detection.Pval	TARGET-AML	450K	idat_sample_sheet_TARGET-AML__450k_beta.txt	0.0	17.861906	6.9666595
TARGET-20-PASWPD-14A.Detection.Pval	TARGET-20-PASWPD-14A.Detection.Pval	TARGET-AML	450K	idat_sample_sheet_TARGET-AML__450k_beta.txt	0.0	19.217382	8.400752
TARGET-20-PAPBEJ-14A.Detection.Pval	TARGET-20-PAPBEJ-14A.Detection.Pval	TARGET-AML	450K	idat_sample_sheet_TARGET-AML__450k_beta.txt	0.0	19.328802	6.052595
TARGET-20-PASIEJ-14A.Detection.Pval	TARGET-20-PASIEJ-14A.Detection.Pval	TARGET-AML	450K	idat_sample_sheet_TARGET-AML__450k_beta.txt	0.0	18.24118	6.6906404
TARGET-21-PATJMY-15A.Detection.Pval	TARGET-21-PATJMY-15A.Detection.Pval	TARGET-AML	450K	idat_sample_sheet_TARGET-AML__450k_beta.txt	0.0	17.731398	7.2099156
TARGET-20-PADYIR-04A.Detection.Pval	TARGET-20-PADYIR-04A.Detection.Pval	TARGET-AML	450K	idat_sample_sheet_TARGET-AML__450k_beta.txt	0.0	18.016092	6.731432
TARGET-20-PASBBE-14A.Detection.Pval	TARGET-20-PASBBE-14A.Detection.Pval	TARGET-AML	450K	idat_sample_sheet_TARGET-AML__450k_beta.txt	0.0	19.666065	5.9535546
TARGET-20-PAEFGR-09A.Detection.Pval	TARGET-20-PAEFGR-09A.Detection.Pval	TARGET-AML	450K	idat_sample_sheet_TARGET-AML__450k_beta.txt	0.0	19.091545	7.216218
TARGET-20-PASJIM-04A.Detection.Pval	TARGET-20-PASJIM-04A.Detection.Pval	TARGET-AML	450K	idat_sample_sheet_TARGET-AML__450k_beta.txt	0.0	18.163475	6.457135
TARGET-21-PATKBK-14A.Detection.Pval	TARGET-21-PATKBK-14A.Detection.Pval	TARGET-AML	450K	idat_sample_sheet_TARGET-AML__450k_beta.txt	0.0	17.930832	7.36139
TARGET-20-PARUWX-14A.Detection.Pval	TARGET-20-PARUWX-14A.Detection.Pval	TARGET-AML	450K	idat_sample_sheet_TARGET-AML__450k_beta.txt	0.0	18.104704	6.858966
TARGET-21-PARHRS-09A.Detection.Pval	TARGET-21-PARHRS-09A.Detection.Pval	TARGET-AML	450K	idat_sample_sheet_TARGET-AML__450k_beta.txt	0.0	18.749735	6.036773
TARGET-20-PAPXRJ-09A.Detection.Pval	TARGET-20-PAPXRJ-09A.Detection.Pval	TARGET-AML	450K	idat_sample_sheet_TARGET-AML__450k_beta.txt	0.0	18.976633	6.289606
TARGET-20-PAKTCX-14A.Detection.Pval	TARGET-20-PAKTCX-14A.Detection.Pval	TARGET-AML	450K	idat_sample_sheet_TARGET-AML__450k_beta.txt	0.0	17.836693	7.2633023
TARGET-20-PASTUH-14A.Detection.Pval	TARGET-20-PASTUH-14A.Detection.Pval	TARGET-AML	450K	idat_sample_sheet_TARGET-AML__450k_beta.txt	0.0	19.866905	6.1768565
TARGET-20-PARYVW-09A.Detection.Pval	TARGET-20-PARYVW-09A.Detection.Pval	TARGET-AML	450K	idat_sample_sheet_TARGET-AML__450k_beta.txt	0.0	19.572264	7.2278957
TARGET-20-PASIEJ-09A.Detection.Pval	TARGET-20-PASIEJ-09A.Detection.Pval	TARGET-AML	450K	idat_sample_sheet_TARGET-AML__450k_beta.txt	0.0	18.018692	7.2735353
TARGET-21-PASDKZ-14A.Detection.Pval	TARGET-21-PASDKZ-14A.Detection.Pval	TARGET-AML	450K	idat_sample_sheet_TARGET-AML__450k_beta.txt	0.0	18.763697	6.003245
TARGET-21-PASYWA-14A.Detection.Pval	TARGET-21-PASYWA-14A.Detection.Pval	TARGET-AML	450K	idat_sample_sheet_TARGET-AML__450k_beta.txt	0.0	18.627079	6.191651
TARGET-21-PANZLR-14A.Detection.Pval	TARGET-21-PANZLR-14A.Detection.Pval	TARGET-AML	450K	idat_sample_sheet_TARGET-AML__450k_beta.txt	0.0	19.259237	8.408267
TARGET-21-PATISD-15A.Detection.Pval	TARGET-21-PATISD-15A.Detection.Pval	TARGET-AML	450K	idat_sample_sheet_TARGET-AML__450k_beta.txt	0.0	17.995184	6.9368777
TARGET-20-PASVVS-04A.Detection.Pval	TARGET-20-PASVVS-04A.Detection.Pval	TARGET-AML	450K	idat_sample_sheet_TARGET-AML__450k_beta.txt	0.0	18.426397	6.48305
TARGET-20-PADZCG-14A.Detection.Pval	TARGET-20-PADZCG-14A.Detection.Pval	TARGET-AML	450K	idat_sample_sheet_TARGET-AML__450k_beta.txt	0.0	9.995921	-2.1620188
TARGET-20-PARNNT-14A.Detection.Pval	TARGET-20-PARNNT-14A.Detection.Pval	TARGET-AML	450K	idat_sample_sheet_TARGET-AML__450k_beta.txt	0.0	18.156729	7.3511515
TARGET-21-PARLSL-14A.Detection.Pval	TARGET-21-PARLSL-14A.Detection.Pval	TARGET-AML	450K	idat_sample_sheet_TARGET-AML__450k_beta.txt	0.0	20.16601	6.2971992
TARGET-20-PANDIX-14A.Detection.Pval	TARGET-20-PANDIX-14A.Detection.Pval	TARGET-AML	450K	idat_sample_sheet_TARGET-AML__450k_beta.txt	0.0	20.031717	5.667857
TARGET-20-PANLLX-09A.Detection.Pval	TARGET-20-PANLLX-09A.Detection.Pval	TARGET-AML	450K	idat_sample_sheet_TARGET-AML__450k_beta.txt	0.0	18.200811	6.943972
TARGET-21-PASFLG-09A.Detection.Pval	TARGET-21-PASFLG-09A.Detection.Pval	TARGET-AML	450K	idat_sample_sheet_TARGET-AML__450k_beta.txt	0.0	18.1327	6.881036
TARGET-20-PASPLU-14A.Detection.Pval	TARGET-20-PASPLU-14A.Detection.Pval	TARGET-AML	450K	idat_sample_sheet_TARGET-AML__450k_beta.txt	0.0	18.70286	6.4919534
TARGET-20-PAEDKB-04A.Detection.Pval	TARGET-20-PAEDKB-04A.Detection.Pval	TARGET-AML	450K	idat_sample_sheet_TARGET-AML__450k_beta.txt	0.0	18.94097	6.1775384
TARGET-20-PARPPY-14A.Detection.Pval	TARGET-20-PARPPY-14A.Detection.Pval	TARGET-AML	450K	idat_sample_sheet_TARGET-AML__450k_beta.txt	0.0	18.432041	6.6116095
TARGET-20-PATDHA-09A.Detection.Pval	TARGET-20-PATDHA-09A.Detection.Pval	TARGET-AML	450K	idat_sample_sheet_TARGET-AML__450k_beta.txt	0.0	17.90541	7.1423144
TARGET-20-PASWPD-04A.Detection.Pval	TARGET-20-PASWPD-04A.Detection.Pval	TARGET-AML	450K	idat_sample_sheet_TARGET-AML__450k_beta.txt	0.0	19.283474	8.786406
TARGET-20-PAMYAS-14A.Detection.Pval	TARGET-20-PAMYAS-14A.Detection.Pval	TARGET-AML	450K	idat_sample_sheet_TARGET-AML__450k_beta.txt	0.0	9.764162	-1.8749461
TARGET-21-PATJMY-14A.Detection.Pval	TARGET-21-PATJMY-14A.Detection.Pval	TARGET-AML	450K	idat_sample_sheet_TARGET-AML__450k_beta.txt	0.0	17.99902	6.8939805
TARGET-20-PARBIU-04A.Detection.Pval	TARGET-20-PARBIU-04A.Detection.Pval	TARGET-AML	450K	idat_sample_sheet_TARGET-AML__450k_beta.txt	0.0	9.778945	-1.8870475
TARGET-20-PAEFGT-04A.Detection.Pval	TARGET-20-PAEFGT-04A.Detection.Pval	TARGET-AML	450K	idat_sample_sheet_TARGET-AML__450k_beta.txt	0.0	18.841282	6.1450934
TARGET-20-PASVVS-14A.Detection.Pval	TARGET-20-PASVVS-14A.Detection.Pval	TARGET-AML	450K	idat_sample_sheet_TARGET-AML__450k_beta.txt	0.0	17.985191	6.869534
TARGET-21-PARLSL-15A.Detection.Pval	TARGET-21-PARLSL-15A.Detection.Pval	TARGET-AML	450K	idat_sample_sheet_TARGET-AML__450k_beta.txt	0.0	18.642874	6.6066737
TARGET-20-PASIEJ-04A.Detection.Pval	TARGET-20-PASIEJ-04A.Detection.Pval	TARGET-AML	450K	idat_sample_sheet_TARGET-AML__450k_beta.txt	0.0	17.996063	7.2119985
TARGET-21-PASIGA-15A.Detection.Pval	TARGET-21-PASIGA-15A.Detection.Pval	TARGET-AML	450K	idat_sample_sheet_TARGET-AML__450k_beta.txt	0.0	18.863585	6.353843
TARGET-20-PAEERJ-04A.Detection.Pval	TARGET-20-PAEERJ-04A.Detection.Pval	TARGET-AML	450K	idat_sample_sheet_TARGET-AML__450k_beta.txt	0.0	9.762295	-1.8743931
TARGET-20-PANTNA-04A.Detection.Pval	TARGET-20-PANTNA-04A.Detection.Pval	TARGET-AML	450K	idat_sample_sheet_TARGET-AML__450k_beta.txt	0.0	18.425747	6.7101283
TARGET-21-PASHMK-09A.Detection.Pval	TARGET-21-PASHMK-09A.Detection.Pval	TARGET-AML	450K	idat_sample_sheet_TARGET-AML__450k_beta.txt	0.0	19.46842	6.2284803
TARGET-21-PATKBK-15A.Detection.Pval	TARGET-21-PATKBK-15A.Detection.Pval	TARGET-AML	450K	idat_sample_sheet_TARGET-AML__450k_beta.txt	0.0	18.07565	7.177738
TARGET-20-PAPXWI-04A.Detection.Pval	TARGET-20-PAPXWI-04A.Detection.Pval	TARGET-AML	450K	idat_sample_sheet_TARGET-AML__450k_beta.txt	0.0	18.267588	6.655667
TARGET-21-PASDXR-09A.Detection.Pval	TARGET-21-PASDXR-09A.Detection.Pval	TARGET-AML	450K	idat_sample_sheet_TARGET-AML__450k_beta.txt	0.0	19.102434	6.2978654
TARGET-21-PARHRS-15A.Detection.Pval	TARGET-21-PARHRS-15A.Detection.Pval	TARGET-AML	450K	idat_sample_sheet_TARGET-AML__450k_beta.txt	0.0	18.717247	6.0062203
TARGET-20-PASJTM-14A.Detection.Pval	TARGET-20-PASJTM-14A.Detection.Pval	TARGET-AML	450K	idat_sample_sheet_TARGET-AML__450k_beta.txt	0.0	18.661156	6.409743
TARGET-20-PARVUA-03A.Detection.Pval	TARGET-20-PARVUA-03A.Detection.Pval	TARGET-AML	450K	idat_sample_sheet_TARGET-AML__450k_beta.txt	0.0	9.739491	-1.8475823
TARGET-20-PARWXU-14A.Detection.Pval	TARGET-20-PARWXU-14A.Detection.Pval	TARGET-AML	450K	idat_sample_sheet_TARGET-AML__450k_beta.txt	0.0	19.259335	6.2570257
TARGET-20-PANCSC-14A.Detection.Pval	TARGET-20-PANCSC-14A.Detection.Pval	TARGET-AML	450K	idat_sample_sheet_TARGET-AML__450k_beta.txt	0.0	19.367556	6.2819057
TARGET-20-PARXMP-09A.Detection.Pval	TARGET-20-PARXMP-09A.Detection.Pval	TARGET-AML	450K	idat_sample_sheet_TARGET-AML__450k_beta.txt	0.0	18.058868	7.242102
TARGET-20-PARFIW-03A.Detection.Pval	TARGET-20-PARFIW-03A.Detection.Pval	TARGET-AML	450K	idat_sample_sheet_TARGET-AML__450k_beta.txt	0.0	20.434961	6.396022
TARGET-20-PABLDZ-14A.Detection.Pval	TARGET-20-PABLDZ-14A.Detection.Pval	TARGET-AML	450K	idat_sample_sheet_TARGET-AML__450k_beta.txt	0.0	19.034698	7.386107
TARGET-20-PARXMP-14A.Detection.Pval	TARGET-20-PARXMP-14A.Detection.Pval	TARGET-AML	450K	idat_sample_sheet_TARGET-AML__450k_beta.txt	0.0	18.142992	7.246627
TARGET-20-PANGTF-09A.Detection.Pval	TARGET-20-PANGTF-09A.Detection.Pval	TARGET-AML	450K	idat_sample_sheet_TARGET-AML__450k_beta.txt	0.0	18.057302	6.9953074
TARGET-20-PADYIR-03A.Detection.Pval	TARGET-20-PADYIR-03A.Detection.Pval	TARGET-AML	450K	idat_sample_sheet_TARGET-AML__450k_beta.txt	0.0	19.477364	7.5867424
TARGET-20-PASGMZ-09A.Detection.Pval	TARGET-20-PASGMZ-09A.Detection.Pval	TARGET-AML	450K	idat_sample_sheet_TARGET-AML__450k_beta.txt	0.0	18.19807	6.6361737
TARGET-20-PASWLN-09A.Detection.Pval	TARGET-20-PASWLN-09A.Detection.Pval	TARGET-AML	450K	idat_sample_sheet_TARGET-AML__450k_beta.txt	0.0	18.778513	6.2581205
TARGET-21-PARXYR-15A.Detection.Pval	TARGET-21-PARXYR-15A.Detection.Pval	TARGET-AML	450K	idat_sample_sheet_TARGET-AML__450k_beta.txt	0.0	19.469257	6.3680267
TARGET-21-PARNAW-14A.Detection.Pval	TARGET-21-PARNAW-14A.Detection.Pval	TARGET-AML	450K	idat_sample_sheet_TARGET-AML__450k_beta.txt	0.0	18.224964	7.069209
TARGET-20-PANCSC-09A.Detection.Pval	TARGET-20-PANCSC-09A.Detection.Pval	TARGET-AML	450K	idat_sample_sheet_TARGET-AML__450k_beta.txt	0.0	19.372978	6.3122396
TARGET-20-PANSJB-09A.Detection.Pval	TARGET-20-PANSJB-09A.Detection.Pval	TARGET-AML	450K	idat_sample_sheet_TARGET-AML__450k_beta.txt	0.0	20.548584	6.6471634
TARGET-51-PAJMFS-01A	TARGET-51-PAJMFS-01A.Ave_Beta	TARGET-CCSK	450K	idat_sample_sheet_TARGET-CCSK__450k_beta.txt	0.0	1.9265686	13.97085
TARGET-51-PAKWMM-01A	TARGET-51-PAKWMM-01A.Ave_Beta	TARGET-CCSK	450K	idat_sample_sheet_TARGET-CCSK__450k_beta.txt	0.0	1.8329084	13.929339
TARGET-51-PALEIR-01A	TARGET-51-PALEIR-01A.Ave_Beta	TARGET-CCSK	450K	idat_sample_sheet_TARGET-CCSK__450k_beta.txt	0.0	1.8996974	13.942857
TARGET-51-PAEALX-01A	TARGET-51-PAEALX-01A.Ave_Beta	TARGET-CCSK	450K	idat_sample_sheet_TARGET-CCSK__450k_beta.txt	0.0	1.9016471	13.948062
TARGET-51-PAJLWU-01A	TARGET-51-PAJLWU-01A.Ave_Beta	TARGET-CCSK	450K	idat_sample_sheet_TARGET-CCSK__450k_beta.txt	0.0	1.9183176	13.961124
TARGET-51-PALFYG-01A	TARGET-51-PALFYG-01A.Ave_Beta	TARGET-CCSK	450K	idat_sample_sheet_TARGET-CCSK__450k_beta.txt	0.0	1.929744	13.981063
TARGET-51-PALKEI-01A	TARGET-51-PALKEI-01A.Ave_Beta	TARGET-CCSK	450K	idat_sample_sheet_TARGET-CCSK__450k_beta.txt	0.0	1.8945684	13.9442
TARGET-51-PALLXV-01A	TARGET-51-PALLXV-01A.Ave_Beta	TARGET-CCSK	450K	idat_sample_sheet_TARGET-CCSK__450k_beta.txt	0.0	1.8931866	13.952234
TARGET-51-PAJPFB-01A	TARGET-51-PAJPFB-01A.Ave_Beta	TARGET-CCSK	450K	idat_sample_sheet_TARGET-CCSK__450k_beta.txt	0.0	1.8967683	13.941757
TARGET-51-PALFEF-01A	TARGET-51-PALFEF-01A.Ave_Beta	TARGET-CCSK	450K	idat_sample_sheet_TARGET-CCSK__450k_beta.txt	0.0	1.9017355	13.945857
TARGET-51-PAJNCV-01A	TARGET-51-PAJNCV-01A.Ave_Beta	TARGET-CCSK	450K	idat_sample_sheet_TARGET-CCSK__450k_beta.txt	0.0	1.9373664	13.973366
TARGET-51-PAJMFS-01A.Detection.Pval	TARGET-51-PAJMFS-01A.Detection.Pval	TARGET-CCSK	450K	idat_sample_sheet_TARGET-CCSK__450k_beta.txt	0.0	18.093918	7.254274
TARGET-51-PAKWMM-01A.Detection.Pval	TARGET-51-PAKWMM-01A.Detection.Pval	TARGET-CCSK	450K	idat_sample_sheet_TARGET-CCSK__450k_beta.txt	0.0	20.057207	6.280051
TARGET-51-PALEIR-01A.Detection.Pval	TARGET-51-PALEIR-01A.Detection.Pval	TARGET-CCSK	450K	idat_sample_sheet_TARGET-CCSK__450k_beta.txt	0.0	19.872803	6.3712034
TARGET-51-PAEALX-01A.Detection.Pval	TARGET-51-PAEALX-01A.Detection.Pval	TARGET-CCSK	450K	idat_sample_sheet_TARGET-CCSK__450k_beta.txt	0.0	18.986523	6.267764
TARGET-51-PAJLWU-01A.Detection.Pval	TARGET-51-PAJLWU-01A.Detection.Pval	TARGET-CCSK	450K	idat_sample_sheet_TARGET-CCSK__450k_beta.txt	0.0	18.447372	7.7384553
TARGET-51-PALFYG-01A.Detection.Pval	TARGET-51-PALFYG-01A.Detection.Pval	TARGET-CCSK	450K	idat_sample_sheet_TARGET-CCSK__450k_beta.txt	0.0	19.728403	6.318208
TARGET-51-PALKEI-01A.Detection.Pval	TARGET-51-PALKEI-01A.Detection.Pval	TARGET-CCSK	450K	idat_sample_sheet_TARGET-CCSK__450k_beta.txt	0.0	18.275455	6.809123
TARGET-51-PALLXV-01A.Detection.Pval	TARGET-51-PALLXV-01A.Detection.Pval	TARGET-CCSK	450K	idat_sample_sheet_TARGET-CCSK__450k_beta.txt	0.0	18.200752	6.9008217
TARGET-51-PAJPFB-01A.Detection.Pval	TARGET-51-PAJPFB-01A.Detection.Pval	TARGET-CCSK	450K	idat_sample_sheet_TARGET-CCSK__450k_beta.txt	0.0	19.275517	6.4502406
TARGET-51-PALFEF-01A.Detection.Pval	TARGET-51-PALFEF-01A.Detection.Pval	TARGET-CCSK	450K	idat_sample_sheet_TARGET-CCSK__450k_beta.txt	0.0	19.437502	6.3649163
TARGET-51-PAJNCV-01A.Detection.Pval	TARGET-51-PAJNCV-01A.Detection.Pval	TARGET-CCSK	450K	idat_sample_sheet_TARGET-CCSK__450k_beta.txt	0.0	18.460499	6.772014
TARGET-30-PAPSEI-01A	TARGET-30-PAPSEI-01A.Ave_Beta	TARGET-NBL	450K	idat_sample_sheet_TARGET-NBL__450k_beta.txt	0.0	-2.5163972	15.002362
TARGET-30-PASUYG-01A	TARGET-30-PASUYG-01A.Ave_Beta	TARGET-NBL	450K	idat_sample_sheet_TARGET-NBL__450k_beta.txt	0.0	-4.145318	15.072363
TARGET-30-PAPTAN-01A	TARGET-30-PAPTAN-01A.Ave_Beta	TARGET-NBL	450K	idat_sample_sheet_TARGET-NBL__450k_beta.txt	0.0	-1.0144178	14.890931
TARGET-30-PARACM-01A	TARGET-30-PARACM-01A.Ave_Beta	TARGET-NBL	450K	idat_sample_sheet_TARGET-NBL__450k_beta.txt	0.0	-0.7510005	15.963123
TARGET-30-PAPVXS-01A	TARGET-30-PAPVXS-01A.Ave_Beta	TARGET-NBL	450K	idat_sample_sheet_TARGET-NBL__450k_beta.txt	0.0	-0.896926	15.476785
TARGET-30-PAMMXF-01A	TARGET-30-PAMMXF-01A.Ave_Beta	TARGET-NBL	450K	idat_sample_sheet_TARGET-NBL__450k_beta.txt	0.0	-2.4251585	14.914401
TARGET-30-PASTKC-01A	TARGET-30-PASTKC-01A.Ave_Beta	TARGET-NBL	450K	idat_sample_sheet_TARGET-NBL__450k_beta.txt	0.0	-3.692414	15.324802
TARGET-30-PARHYL-01A	TARGET-30-PARHYL-01A.Ave_Beta	TARGET-NBL	450K	idat_sample_sheet_TARGET-NBL__450k_beta.txt	0.0	-1.8320317	15.888906
TARGET-30-PALBFW-01A	TARGET-30-PALBFW-01A.Ave_Beta	TARGET-NBL	450K	idat_sample_sheet_TARGET-NBL__450k_beta.txt	0.0	-0.89820874	15.047013
TARGET-30-PASJYB-01A	TARGET-30-PASJYB-01A.Ave_Beta	TARGET-NBL	450K	idat_sample_sheet_TARGET-NBL__450k_beta.txt	0.0	-0.6541515	14.284646
TARGET-30-PAPUJU-01A	TARGET-30-PAPUJU-01A.Ave_Beta	TARGET-NBL	450K	idat_sample_sheet_TARGET-NBL__450k_beta.txt	0.0	-0.6312642	15.03376
TARGET-30-PAMZMJ-01A	TARGET-30-PAMZMJ-01A.Ave_Beta	TARGET-NBL	450K	idat_sample_sheet_TARGET-NBL__450k_beta.txt	0.0	-1.9520082	15.652379
TARGET-30-PASGUT-01A	TARGET-30-PASGUT-01A.Ave_Beta	TARGET-NBL	450K	idat_sample_sheet_TARGET-NBL__450k_beta.txt	0.0	-0.6652627	16.137848
TARGET-30-PASNPG-01A	TARGET-30-PASNPG-01A.Ave_Beta	TARGET-NBL	450K	idat_sample_sheet_TARGET-NBL__450k_beta.txt	0.0	-2.1760468	16.164484
TARGET-30-PANRVJ-01A	TARGET-30-PANRVJ-01A.Ave_Beta	TARGET-NBL	450K	idat_sample_sheet_TARGET-NBL__450k_beta.txt	0.0	-1.1798236	15.030597
TARGET-30-PASMDM-01A	TARGET-30-PASMDM-01A.Ave_Beta	TARGET-NBL	450K	idat_sample_sheet_TARGET-NBL__450k_beta.txt	0.0	-1.5548571	14.578875
TARGET-30-PASGPY-01A	TARGET-30-PASGPY-01A.Ave_Beta	TARGET-NBL	450K	idat_sample_sheet_TARGET-NBL__450k_beta.txt	0.0	-1.4166116	15.131347
TARGET-30-PASWFB-01A	TARGET-30-PASWFB-01A.Ave_Beta	TARGET-NBL	450K	idat_sample_sheet_TARGET-NBL__450k_beta.txt	0.0	-2.344349	14.879506
TARGET-00-NAAENN-11A	TARGET-00-NAAENN-11A.Ave_Beta	TARGET-NBL	450K	idat_sample_sheet_TARGET-NBL__450k_beta.txt	0.0	-3.107289	16.256966
TARGET-30-PAPVEB-04A	TARGET-30-PAPVEB-04A.Ave_Beta	TARGET-NBL	450K	idat_sample_sheet_TARGET-NBL__450k_beta.txt	0.0	-0.5924616	14.1927185
TARGET-30-PAIVMJ-01A	TARGET-30-PAIVMJ-01A.Ave_Beta	TARGET-NBL	450K	idat_sample_sheet_TARGET-NBL__450k_beta.txt	0.0	-1.7399666	15.418221
TARGET-30-PATYIL-01A	TARGET-30-PATYIL-01A.Ave_Beta	TARGET-NBL	450K	idat_sample_sheet_TARGET-NBL__450k_beta.txt	0.0	-1.4011238	15.0057535
TARGET-30-PARSHT-01A	TARGET-30-PARSHT-01A.Ave_Beta	TARGET-NBL	450K	idat_sample_sheet_TARGET-NBL__450k_beta.txt	0.0	-0.8218435	14.789392
TARGET-30-PARSBI-01A	TARGET-30-PARSBI-01A.Ave_Beta	TARGET-NBL	450K	idat_sample_sheet_TARGET-NBL__450k_beta.txt	0.0	-1.1556326	15.115011
TARGET-30-PANNMS-01A	TARGET-30-PANNMS-01A.Ave_Beta	TARGET-NBL	450K	idat_sample_sheet_TARGET-NBL__450k_beta.txt	0.0	-0.5793839	15.994638
TARGET-30-PASXIE-01A	TARGET-30-PASXIE-01A.Ave_Beta	TARGET-NBL	450K	idat_sample_sheet_TARGET-NBL__450k_beta.txt	0.0	-2.213428	15.022946
TARGET-30-PASREY-01A	TARGET-30-PASREY-01A.Ave_Beta	TARGET-NBL	450K	idat_sample_sheet_TARGET-NBL__450k_beta.txt	0.0	-1.545284	14.58759
TARGET-30-PASHFA-02A	TARGET-30-PASHFA-02A.Ave_Beta	TARGET-NBL	450K	idat_sample_sheet_TARGET-NBL__450k_beta.txt	0.0	-2.4372497	15.000296
TARGET-30-PAPEFE-01A	TARGET-30-PAPEFE-01A.Ave_Beta	TARGET-NBL	450K	idat_sample_sheet_TARGET-NBL__450k_beta.txt	0.0	-1.8147418	15.637126
TARGET-30-PASNEF-01A	TARGET-30-PASNEF-01A.Ave_Beta	TARGET-NBL	450K	idat_sample_sheet_TARGET-NBL__450k_beta.txt	0.0	-0.5676995	16.063356
TARGET-30-PALXTB-01A	TARGET-30-PALXTB-01A.Ave_Beta	TARGET-NBL	450K	idat_sample_sheet_TARGET-NBL__450k_beta.txt	0.0	-0.9655353	15.111639
TARGET-30-PARVLK-01A	TARGET-30-PARVLK-01A.Ave_Beta	TARGET-NBL	450K	idat_sample_sheet_TARGET-NBL__450k_beta.txt	0.0	-1.3098625	14.951489
TARGET-30-PALKXJ-01A	TARGET-30-PALKXJ-01A.Ave_Beta	TARGET-NBL	450K	idat_sample_sheet_TARGET-NBL__450k_beta.txt	0.0	-1.0854422	14.727003
TARGET-30-PAPTLY-01A	TARGET-30-PAPTLY-01A.Ave_Beta	TARGET-NBL	450K	idat_sample_sheet_TARGET-NBL__450k_beta.txt	0.0	-2.5633402	14.991715
TARGET-30-PARSEA-01A	TARGET-30-PARSEA-01A.Ave_Beta	TARGET-NBL	450K	idat_sample_sheet_TARGET-NBL__450k_beta.txt	0.0	-0.50503063	15.062978
TARGET-30-PARGDJ-01A	TARGET-30-PARGDJ-01A.Ave_Beta	TARGET-NBL	450K	idat_sample_sheet_TARGET-NBL__450k_beta.txt	0.0	-1.082949	15.304079
TARGET-30-PATDWN-01A	TARGET-30-PATDWN-01A.Ave_Beta	TARGET-NBL	450K	idat_sample_sheet_TARGET-NBL__450k_beta.txt	0.0	-1.3268902	15.101245
TARGET-30-PATGLU-01A	TARGET-30-PATGLU-01A.Ave_Beta	TARGET-NBL	450K	idat_sample_sheet_TARGET-NBL__450k_beta.txt	0.0	-0.6893273	15.65
TARGET-30-PANUIF-01A	TARGET-30-PANUIF-01A.Ave_Beta	TARGET-NBL	450K	idat_sample_sheet_TARGET-NBL__450k_beta.txt	0.0	-0.6766551	16.109686
TARGET-30-PARZCJ-01A	TARGET-30-PARZCJ-01A.Ave_Beta	TARGET-NBL	450K	idat_sample_sheet_TARGET-NBL__450k_beta.txt	0.0	-2.061418	16.063217
TARGET-30-PASNPG-02A	TARGET-30-PASNPG-02A.Ave_Beta	TARGET-NBL	450K	idat_sample_sheet_TARGET-NBL__450k_beta.txt	0.0	-2.2191215	16.087997
TARGET-30-PASATK-01A	TARGET-30-PASATK-01A.Ave_Beta	TARGET-NBL	450K	idat_sample_sheet_TARGET-NBL__450k_beta.txt	0.0	-0.52674127	15.9645605
TARGET-00-NAAENF-11A	TARGET-00-NAAENF-11A.Ave_Beta	TARGET-NBL	450K	idat_sample_sheet_TARGET-NBL__450k_beta.txt	0.0	-3.081162	16.324535
TARGET-30-PARGKK-01A	TARGET-30-PARGKK-01A.Ave_Beta	TARGET-NBL	450K	idat_sample_sheet_TARGET-NBL__450k_beta.txt	0.0	-0.81408083	15.683258
TARGET-30-PARAMT-01A	TARGET-30-PARAMT-01A.Ave_Beta	TARGET-NBL	450K	idat_sample_sheet_TARGET-NBL__450k_beta.txt	0.0	-1.5327475	15.220536
TARGET-30-PARIRD-01A	TARGET-30-PARIRD-01A.Ave_Beta	TARGET-NBL	450K	idat_sample_sheet_TARGET-NBL__450k_beta.txt	0.0	-4.6684484	14.757201
TARGET-30-PARZIP-01A	TARGET-30-PARZIP-01A.Ave_Beta	TARGET-NBL	450K	idat_sample_sheet_TARGET-NBL__450k_beta.txt	0.0	-2.175938	16.186548
TARGET-30-PASVRU-01A	TARGET-30-PASVRU-01A.Ave_Beta	TARGET-NBL	450K	idat_sample_sheet_TARGET-NBL__450k_beta.txt	0.0	-2.0387812	14.921512
TARGET-30-PAPCTS-01A	TARGET-30-PAPCTS-01A.Ave_Beta	TARGET-NBL	450K	idat_sample_sheet_TARGET-NBL__450k_beta.txt	0.0	-1.9306698	15.001066
TARGET-30-PALETP-01A	TARGET-30-PALETP-01A.Ave_Beta	TARGET-NBL	450K	idat_sample_sheet_TARGET-NBL__450k_beta.txt	0.0	-0.8025521	14.773686
TARGET-30-PALRIA-01A	TARGET-30-PALRIA-01A.Ave_Beta	TARGET-NBL	450K	idat_sample_sheet_TARGET-NBL__450k_beta.txt	0.0	-2.174947	16.227667
TARGET-30-PAKINP-01A	TARGET-30-PAKINP-01A.Ave_Beta	TARGET-NBL	450K	idat_sample_sheet_TARGET-NBL__450k_beta.txt	0.0	-2.530553	15.80713
TARGET-30-PASCLP-01A	TARGET-30-PASCLP-01A.Ave_Beta	TARGET-NBL	450K	idat_sample_sheet_TARGET-NBL__450k_beta.txt	0.0	-2.391046	14.888898
TARGET-30-PAPTLD-01A	TARGET-30-PAPTLD-01A.Ave_Beta	TARGET-NBL	450K	idat_sample_sheet_TARGET-NBL__450k_beta.txt	0.0	-0.95613426	15.472915
TARGET-30-PASCKI-01A	TARGET-30-PASCKI-01A.Ave_Beta	TARGET-NBL	450K	idat_sample_sheet_TARGET-NBL__450k_beta.txt	0.0	-4.8470836	14.650921
TARGET-30-PASLGS-01A	TARGET-30-PASLGS-01A.Ave_Beta	TARGET-NBL	450K	idat_sample_sheet_TARGET-NBL__450k_beta.txt	0.0	-0.83502084	14.76724
TARGET-30-PAPICY-01A	TARGET-30-PAPICY-01A.Ave_Beta	TARGET-NBL	450K	idat_sample_sheet_TARGET-NBL__450k_beta.txt	0.0	-1.9618294	15.758817
TARGET-30-PALHVD-01A	TARGET-30-PALHVD-01A.Ave_Beta	TARGET-NBL	450K	idat_sample_sheet_TARGET-NBL__450k_beta.txt	0.0	-3.7600546	14.864416
TARGET-30-PAPTLV-01A	TARGET-30-PAPTLV-01A.Ave_Beta	TARGET-NBL	450K	idat_sample_sheet_TARGET-NBL__450k_beta.txt	0.0	-3.192118	15.102463
TARGET-30-PAPWUC-01A	TARGET-30-PAPWUC-01A.Ave_Beta	TARGET-NBL	450K	idat_sample_sheet_TARGET-NBL__450k_beta.txt	0.0	-0.45474973	14.466929
TARGET-30-PALIIN-01A	TARGET-30-PALIIN-01A.Ave_Beta	TARGET-NBL	450K	idat_sample_sheet_TARGET-NBL__450k_beta.txt	0.0	-3.5030112	15.318792
TARGET-30-PAPUAR-01A	TARGET-30-PAPUAR-01A.Ave_Beta	TARGET-NBL	450K	idat_sample_sheet_TARGET-NBL__450k_beta.txt	0.0	-0.7103091	15.762447
TARGET-30-PATNKP-01A	TARGET-30-PATNKP-01A.Ave_Beta	TARGET-NBL	450K	idat_sample_sheet_TARGET-NBL__450k_beta.txt	0.0	-3.33159	14.916864
TARGET-30-PATCFL-01A	TARGET-30-PATCFL-01A.Ave_Beta	TARGET-NBL	450K	idat_sample_sheet_TARGET-NBL__450k_beta.txt	0.0	-0.7705056	15.740146
TARGET-30-PARNTS-01A	TARGET-30-PARNTS-01A.Ave_Beta	TARGET-NBL	450K	idat_sample_sheet_TARGET-NBL__450k_beta.txt	0.0	-1.6289879	15.335614
TARGET-00-NAAENH-11A	TARGET-00-NAAENH-11A.Ave_Beta	TARGET-NBL	450K	idat_sample_sheet_TARGET-NBL__450k_beta.txt	0.0	-2.8955114	16.135933
TARGET-30-PAPUNH-01A	TARGET-30-PAPUNH-01A.Ave_Beta	TARGET-NBL	450K	idat_sample_sheet_TARGET-NBL__450k_beta.txt	0.0	-2.479993	14.932613
TARGET-30-PAUDDK-02A	TARGET-30-PAUDDK-02A.Ave_Beta	TARGET-NBL	450K	idat_sample_sheet_TARGET-NBL__450k_beta.txt	0.0	-1.5340314	15.225515
TARGET-30-PAITCI-01A	TARGET-30-PAITCI-01A.Ave_Beta	TARGET-NBL	450K	idat_sample_sheet_TARGET-NBL__450k_beta.txt	0.0	-1.0217102	14.560775
TARGET-00-NAAENM-11A	TARGET-00-NAAENM-11A.Ave_Beta	TARGET-NBL	450K	idat_sample_sheet_TARGET-NBL__450k_beta.txt	0.0	-3.1312191	16.257193
TARGET-30-PASNML-01A	TARGET-30-PASNML-01A.Ave_Beta	TARGET-NBL	450K	idat_sample_sheet_TARGET-NBL__450k_beta.txt	0.0	-1.8031211	15.5318775
TARGET-30-PAPTIP-01A	TARGET-30-PAPTIP-01A.Ave_Beta	TARGET-NBL	450K	idat_sample_sheet_TARGET-NBL__450k_beta.txt	0.0	-1.4585226	15.060301
TARGET-30-PASXHE-01A	TARGET-30-PASXHE-01A.Ave_Beta	TARGET-NBL	450K	idat_sample_sheet_TARGET-NBL__450k_beta.txt	0.0	-0.5773617	16.043768
TARGET-30-PASUCB-01A	TARGET-30-PASUCB-01A.Ave_Beta	TARGET-NBL	450K	idat_sample_sheet_TARGET-NBL__450k_beta.txt	0.0	-2.8906643	14.993883
TARGET-30-PASCUF-01A	TARGET-30-PASCUF-01A.Ave_Beta	TARGET-NBL	450K	idat_sample_sheet_TARGET-NBL__450k_beta.txt	0.0	-0.8180001	14.450654
TARGET-30-PASPER-01A	TARGET-30-PASPER-01A.Ave_Beta	TARGET-NBL	450K	idat_sample_sheet_TARGET-NBL__450k_beta.txt	0.0	-1.2661022	15.085991
TARGET-30-PAPVRN-01A	TARGET-30-PAPVRN-01A.Ave_Beta	TARGET-NBL	450K	idat_sample_sheet_TARGET-NBL__450k_beta.txt	0.0	-0.9427834	15.010126
TARGET-30-PASJZC-01A	TARGET-30-PASJZC-01A.Ave_Beta	TARGET-NBL	450K	idat_sample_sheet_TARGET-NBL__450k_beta.txt	0.0	-1.4621521	14.69708
TARGET-30-PASSWW-01A	TARGET-30-PASSWW-01A.Ave_Beta	TARGET-NBL	450K	idat_sample_sheet_TARGET-NBL__450k_beta.txt	0.0	-1.9282113	15.634839
TARGET-30-PARMFA-01A	TARGET-30-PARMFA-01A.Ave_Beta	TARGET-NBL	450K	idat_sample_sheet_TARGET-NBL__450k_beta.txt	0.0	-0.6851588	16.079746
TARGET-30-PARDIW-01A	TARGET-30-PARDIW-01A.Ave_Beta	TARGET-NBL	450K	idat_sample_sheet_TARGET-NBL__450k_beta.txt	0.0	-4.87878	14.579
TARGET-30-PARABN-01A	TARGET-30-PARABN-01A.Ave_Beta	TARGET-NBL	450K	idat_sample_sheet_TARGET-NBL__450k_beta.txt	0.0	-2.4890587	15.104356
TARGET-30-PALSAE-01A	TARGET-30-PALSAE-01A.Ave_Beta	TARGET-NBL	450K	idat_sample_sheet_TARGET-NBL__450k_beta.txt	0.0	-1.6084082	15.410895
TARGET-30-PARKGJ-01A	TARGET-30-PARKGJ-01A.Ave_Beta	TARGET-NBL	450K	idat_sample_sheet_TARGET-NBL__450k_beta.txt	0.0	-1.0359209	15.285065
TARGET-30-PATFXV-01A	TARGET-30-PATFXV-01A.Ave_Beta	TARGET-NBL	450K	idat_sample_sheet_TARGET-NBL__450k_beta.txt	0.0	-2.3728266	14.921405
TARGET-30-PALZRG-01A	TARGET-30-PALZRG-01A.Ave_Beta	TARGET-NBL	450K	idat_sample_sheet_TARGET-NBL__450k_beta.txt	0.0	-1.9528936	15.199084
TARGET-30-PASSRN-01A	TARGET-30-PASSRN-01A.Ave_Beta	TARGET-NBL	450K	idat_sample_sheet_TARGET-NBL__450k_beta.txt	0.0	-4.8923774	14.622212
TARGET-30-PAIVZR-01A	TARGET-30-PAIVZR-01A.Ave_Beta	TARGET-NBL	450K	idat_sample_sheet_TARGET-NBL__450k_beta.txt	0.0	-0.848263	14.458983
TARGET-30-PAPBZI-01A	TARGET-30-PAPBZI-01A.Ave_Beta	TARGET-NBL	450K	idat_sample_sheet_TARGET-NBL__450k_beta.txt	0.0	-0.9705215	15.901639
TARGET-30-PARFWB-01A	TARGET-30-PARFWB-01A.Ave_Beta	TARGET-NBL	450K	idat_sample_sheet_TARGET-NBL__450k_beta.txt	0.0	-0.6269515	15.851964
TARGET-30-PASSRS-01A	TARGET-30-PASSRS-01A.Ave_Beta	TARGET-NBL	450K	idat_sample_sheet_TARGET-NBL__450k_beta.txt	0.0	-0.9012549	14.701556
TARGET-30-PANBSP-01A	TARGET-30-PANBSP-01A.Ave_Beta	TARGET-NBL	450K	idat_sample_sheet_TARGET-NBL__450k_beta.txt	0.0	-4.4431367	14.285925
TARGET-30-PARDCK-01A	TARGET-30-PARDCK-01A.Ave_Beta	TARGET-NBL	450K	idat_sample_sheet_TARGET-NBL__450k_beta.txt	0.0	-0.67493844	16.005255
TARGET-30-PAKYZS-01A	TARGET-30-PAKYZS-01A.Ave_Beta	TARGET-NBL	450K	idat_sample_sheet_TARGET-NBL__450k_beta.txt	0.0	-0.9285492	15.207985
TARGET-30-PAPTCR-01A	TARGET-30-PAPTCR-01A.Ave_Beta	TARGET-NBL	450K	idat_sample_sheet_TARGET-NBL__450k_beta.txt	0.0	-0.4630999	15.04247
TARGET-30-PARIKF-01A	TARGET-30-PARIKF-01A.Ave_Beta	TARGET-NBL	450K	idat_sample_sheet_TARGET-NBL__450k_beta.txt	0.0	-2.4207847	14.966317
TARGET-30-PARJVP-01A	TARGET-30-PARJVP-01A.Ave_Beta	TARGET-NBL	450K	idat_sample_sheet_TARGET-NBL__450k_beta.txt	0.0	-2.0399106	15.867313
TARGET-30-PALZZV-01A	TARGET-30-PALZZV-01A.Ave_Beta	TARGET-NBL	450K	idat_sample_sheet_TARGET-NBL__450k_beta.txt	0.0	-1.9519249	14.689313
TARGET-30-PATESI-01A	TARGET-30-PATESI-01A.Ave_Beta	TARGET-NBL	450K	idat_sample_sheet_TARGET-NBL__450k_beta.txt	0.0	-1.5799282	14.67558
TARGET-30-PALEVG-01A	TARGET-30-PALEVG-01A.Ave_Beta	TARGET-NBL	450K	idat_sample_sheet_TARGET-NBL__450k_beta.txt	0.0	-1.7207154	14.979603
TARGET-30-PAPSKM-01A	TARGET-30-PAPSKM-01A.Ave_Beta	TARGET-NBL	450K	idat_sample_sheet_TARGET-NBL__450k_beta.txt	0.0	-1.2657932	15.097291
TARGET-30-PASWVY-01A	TARGET-30-PASWVY-01A.Ave_Beta	TARGET-NBL	450K	idat_sample_sheet_TARGET-NBL__450k_beta.txt	0.0	-0.95637167	15.540629
TARGET-30-PASFIC-01A	TARGET-30-PASFIC-01A.Ave_Beta	TARGET-NBL	450K	idat_sample_sheet_TARGET-NBL__450k_beta.txt	0.0	-1.2996026	14.800819
TARGET-30-PASBEN-01A	TARGET-30-PASBEN-01A.Ave_Beta	TARGET-NBL	450K	idat_sample_sheet_TARGET-NBL__450k_beta.txt	0.0	-0.66196567	16.00587
TARGET-30-PARMTT-01A	TARGET-30-PARMTT-01A.Ave_Beta	TARGET-NBL	450K	idat_sample_sheet_TARGET-NBL__450k_beta.txt	0.0	-1.1742163	15.316993
TARGET-00-NAAENL-11A	TARGET-00-NAAENL-11A.Ave_Beta	TARGET-NBL	450K	idat_sample_sheet_TARGET-NBL__450k_beta.txt	0.0	-3.0597787	16.292843
TARGET-30-PARVME-01A	TARGET-30-PARVME-01A.Ave_Beta	TARGET-NBL	450K	idat_sample_sheet_TARGET-NBL__450k_beta.txt	0.0	-0.6018509	16.025473
TARGET-30-PASRFS-01A	TARGET-30-PASRFS-01A.Ave_Beta	TARGET-NBL	450K	idat_sample_sheet_TARGET-NBL__450k_beta.txt	0.0	-1.1466317	15.085551
TARGET-00-NAAENP-11A	TARGET-00-NAAENP-11A.Ave_Beta	TARGET-NBL	450K	idat_sample_sheet_TARGET-NBL__450k_beta.txt	0.0	-3.0827634	16.26291
TARGET-30-PAUDDK-01A	TARGET-30-PAUDDK-01A.Ave_Beta	TARGET-NBL	450K	idat_sample_sheet_TARGET-NBL__450k_beta.txt	0.0	-2.1090777	16.1147
TARGET-30-PANZVU-01A	TARGET-30-PANZVU-01A.Ave_Beta	TARGET-NBL	450K	idat_sample_sheet_TARGET-NBL__450k_beta.txt	0.0	-1.1346709	15.283971
TARGET-30-PAPKXS-01A	TARGET-30-PAPKXS-01A.Ave_Beta	TARGET-NBL	450K	idat_sample_sheet_TARGET-NBL__450k_beta.txt	0.0	-1.649097	15.211153
TARGET-30-PARACS-01A	TARGET-30-PARACS-01A.Ave_Beta	TARGET-NBL	450K	idat_sample_sheet_TARGET-NBL__450k_beta.txt	0.0	-0.90435934	15.415934
TARGET-30-PATAYJ-01A	TARGET-30-PATAYJ-01A.Ave_Beta	TARGET-NBL	450K	idat_sample_sheet_TARGET-NBL__450k_beta.txt	0.0	-1.9361986	15.865186
TARGET-30-PAPRXW-01A	TARGET-30-PAPRXW-01A.Ave_Beta	TARGET-NBL	450K	idat_sample_sheet_TARGET-NBL__450k_beta.txt	0.0	-2.4957588	14.999755
TARGET-30-PARFRE-01A	TARGET-30-PARFRE-01A.Ave_Beta	TARGET-NBL	450K	idat_sample_sheet_TARGET-NBL__450k_beta.txt	0.0	-2.0792537	15.646077
TARGET-00-NAAENR-11A	TARGET-00-NAAENR-11A.Ave_Beta	TARGET-NBL	450K	idat_sample_sheet_TARGET-NBL__450k_beta.txt	0.0	-3.0170624	16.230015
TARGET-30-PAREGK-01A	TARGET-30-PAREGK-01A.Ave_Beta	TARGET-NBL	450K	idat_sample_sheet_TARGET-NBL__450k_beta.txt	0.0	-1.9698974	15.945973
TARGET-30-PAPBGH-01A	TARGET-30-PAPBGH-01A.Ave_Beta	TARGET-NBL	450K	idat_sample_sheet_TARGET-NBL__450k_beta.txt	0.0	-1.8705132	14.759131
TARGET-30-PASMJG-01A	TARGET-30-PASMJG-01A.Ave_Beta	TARGET-NBL	450K	idat_sample_sheet_TARGET-NBL__450k_beta.txt	0.0	-0.45015976	15.084627
TARGET-30-PATGJU-01A	TARGET-30-PATGJU-01A.Ave_Beta	TARGET-NBL	450K	idat_sample_sheet_TARGET-NBL__450k_beta.txt	0.0	-1.0647732	14.649672
TARGET-30-PANZPV-01A	TARGET-30-PANZPV-01A.Ave_Beta	TARGET-NBL	450K	idat_sample_sheet_TARGET-NBL__450k_beta.txt	0.0	-1.0027949	15.914747
TARGET-30-PANRRW-01A	TARGET-30-PANRRW-01A.Ave_Beta	TARGET-NBL	450K	idat_sample_sheet_TARGET-NBL__450k_beta.txt	0.0	-0.7642264	15.243548
TARGET-30-PARCET-01A	TARGET-30-PARCET-01A.Ave_Beta	TARGET-NBL	450K	idat_sample_sheet_TARGET-NBL__450k_beta.txt	0.0	-1.9117365	15.542876
TARGET-30-PALVUC-01A	TARGET-30-PALVUC-01A.Ave_Beta	TARGET-NBL	450K	idat_sample_sheet_TARGET-NBL__450k_beta.txt	0.0	-2.0626006	15.912453
TARGET-30-PARBAJ-01A	TARGET-30-PARBAJ-01A.Ave_Beta	TARGET-NBL	450K	idat_sample_sheet_TARGET-NBL__450k_beta.txt	0.0	-1.9023738	15.58067
TARGET-30-PALCBW-01A	TARGET-30-PALCBW-01A.Ave_Beta	TARGET-NBL	450K	idat_sample_sheet_TARGET-NBL__450k_beta.txt	0.0	-0.46937564	15.084429
TARGET-30-PALNVP-01A	TARGET-30-PALNVP-01A.Ave_Beta	TARGET-NBL	450K	idat_sample_sheet_TARGET-NBL__450k_beta.txt	0.0	-2.103991	15.892583
TARGET-30-PASXRJ-01A	TARGET-30-PASXRJ-01A.Ave_Beta	TARGET-NBL	450K	idat_sample_sheet_TARGET-NBL__450k_beta.txt	0.0	-0.68129563	15.443729
TARGET-30-PASFRV-01A	TARGET-30-PASFRV-01A.Ave_Beta	TARGET-NBL	450K	idat_sample_sheet_TARGET-NBL__450k_beta.txt	0.0	-1.095095	15.232058
TARGET-30-PAPZYP-01A	TARGET-30-PAPZYP-01A.Ave_Beta	TARGET-NBL	450K	idat_sample_sheet_TARGET-NBL__450k_beta.txt	0.0	-1.0524858	14.3545
TARGET-30-PARURB-01A	TARGET-30-PARURB-01A.Ave_Beta	TARGET-NBL	450K	idat_sample_sheet_TARGET-NBL__450k_beta.txt	0.0	-1.3505242	15.045021
TARGET-30-PAPVFD-01A	TARGET-30-PAPVFD-01A.Ave_Beta	TARGET-NBL	450K	idat_sample_sheet_TARGET-NBL__450k_beta.txt	0.0	-0.8015068	15.559845
TARGET-30-PATNKP-02A	TARGET-30-PATNKP-02A.Ave_Beta	TARGET-NBL	450K	idat_sample_sheet_TARGET-NBL__450k_beta.txt	0.0	-1.1783347	14.84263
TARGET-30-PATDXC-01A	TARGET-30-PATDXC-01A.Ave_Beta	TARGET-NBL	450K	idat_sample_sheet_TARGET-NBL__450k_beta.txt	0.0	-1.0422635	15.708905
TARGET-00-NAAENK-11A	TARGET-00-NAAENK-11A.Ave_Beta	TARGET-NBL	450K	idat_sample_sheet_TARGET-NBL__450k_beta.txt	0.0	-3.0820336	16.29192
TARGET-30-PASKJX-01A	TARGET-30-PASKJX-01A.Ave_Beta	TARGET-NBL	450K	idat_sample_sheet_TARGET-NBL__450k_beta.txt	0.0	-0.9977691	15.244923
TARGET-30-PAPZFW-01A	TARGET-30-PAPZFW-01A.Ave_Beta	TARGET-NBL	450K	idat_sample_sheet_TARGET-NBL__450k_beta.txt	0.0	-0.9597148	15.27876
TARGET-30-PASZKE-01A	TARGET-30-PASZKE-01A.Ave_Beta	TARGET-NBL	450K	idat_sample_sheet_TARGET-NBL__450k_beta.txt	0.0	-1.5754181	14.998741
TARGET-30-PARCWT-01A	TARGET-30-PARCWT-01A.Ave_Beta	TARGET-NBL	450K	idat_sample_sheet_TARGET-NBL__450k_beta.txt	0.0	-1.1409907	15.276961
TARGET-30-PARRBU-01A	TARGET-30-PARRBU-01A.Ave_Beta	TARGET-NBL	450K	idat_sample_sheet_TARGET-NBL__450k_beta.txt	0.0	-2.6736512	15.048945
TARGET-30-PAPUTN-01A	TARGET-30-PAPUTN-01A.Ave_Beta	TARGET-NBL	450K	idat_sample_sheet_TARGET-NBL__450k_beta.txt	0.0	-1.7122244	14.946447
TARGET-30-PAPTFZ-01A	TARGET-30-PAPTFZ-01A.Ave_Beta	TARGET-NBL	450K	idat_sample_sheet_TARGET-NBL__450k_beta.txt	0.0	-2.4021158	14.9257765
TARGET-30-PAMZSH-01A	TARGET-30-PAMZSH-01A.Ave_Beta	TARGET-NBL	450K	idat_sample_sheet_TARGET-NBL__450k_beta.txt	0.0	-1.9853741	15.758191
TARGET-30-PAPKWN-01A	TARGET-30-PAPKWN-01A.Ave_Beta	TARGET-NBL	450K	idat_sample_sheet_TARGET-NBL__450k_beta.txt	0.0	-1.9247892	15.928428
TARGET-30-PASDZJ-01A	TARGET-30-PASDZJ-01A.Ave_Beta	TARGET-NBL	450K	idat_sample_sheet_TARGET-NBL__450k_beta.txt	0.0	-1.348497	14.714392
TARGET-30-PALVVH-01A	TARGET-30-PALVVH-01A.Ave_Beta	TARGET-NBL	450K	idat_sample_sheet_TARGET-NBL__450k_beta.txt	0.0	-2.0442095	15.809299
TARGET-30-PARDUJ-01A	TARGET-30-PARDUJ-01A.Ave_Beta	TARGET-NBL	450K	idat_sample_sheet_TARGET-NBL__450k_beta.txt	0.0	-0.6619803	15.788089
TARGET-30-PATFCY-01A	TARGET-30-PATFCY-01A.Ave_Beta	TARGET-NBL	450K	idat_sample_sheet_TARGET-NBL__450k_beta.txt	0.0	-0.9058935	14.543804
TARGET-30-PAMYCE-01A	TARGET-30-PAMYCE-01A.Ave_Beta	TARGET-NBL	450K	idat_sample_sheet_TARGET-NBL__450k_beta.txt	0.0	-0.80310917	15.496385
TARGET-30-PAKZRH-01A	TARGET-30-PAKZRH-01A.Ave_Beta	TARGET-NBL	450K	idat_sample_sheet_TARGET-NBL__450k_beta.txt	0.0	-1.977223	15.704975
TARGET-30-PAMNLH-01A	TARGET-30-PAMNLH-01A.Ave_Beta	TARGET-NBL	450K	idat_sample_sheet_TARGET-NBL__450k_beta.txt	0.0	-0.5854918	16.101755
TARGET-30-PAPTLA-01A	TARGET-30-PAPTLA-01A.Ave_Beta	TARGET-NBL	450K	idat_sample_sheet_TARGET-NBL__450k_beta.txt	0.0	-0.6379048	16.137743
TARGET-30-PASMNT-01A	TARGET-30-PASMNT-01A.Ave_Beta	TARGET-NBL	450K	idat_sample_sheet_TARGET-NBL__450k_beta.txt	0.0	-0.7861133	16.109154
TARGET-30-PAMLNB-01A	TARGET-30-PAMLNB-01A.Ave_Beta	TARGET-NBL	450K	idat_sample_sheet_TARGET-NBL__450k_beta.txt	0.0	-2.2553577	15.549721
TARGET-30-PANRHJ-01A	TARGET-30-PANRHJ-01A.Ave_Beta	TARGET-NBL	450K	idat_sample_sheet_TARGET-NBL__450k_beta.txt	0.0	-1.9176279	15.894959
TARGET-30-PASEGA-01A	TARGET-30-PASEGA-01A.Ave_Beta	TARGET-NBL	450K	idat_sample_sheet_TARGET-NBL__450k_beta.txt	0.0	-4.519425	14.823095
TARGET-30-PARYNK-01A	TARGET-30-PARYNK-01A.Ave_Beta	TARGET-NBL	450K	idat_sample_sheet_TARGET-NBL__450k_beta.txt	0.0	-1.0776896	15.542017
TARGET-30-PASWIJ-01A	TARGET-30-PASWIJ-01A.Ave_Beta	TARGET-NBL	450K	idat_sample_sheet_TARGET-NBL__450k_beta.txt	0.0	-3.8457758	15.361355
TARGET-30-PAMZMG-01A	TARGET-30-PAMZMG-01A.Ave_Beta	TARGET-NBL	450K	idat_sample_sheet_TARGET-NBL__450k_beta.txt	0.0	-2.5571082	15.028792
TARGET-30-PAIFXV-01A	TARGET-30-PAIFXV-01A.Ave_Beta	TARGET-NBL	450K	idat_sample_sheet_TARGET-NBL__450k_beta.txt	0.0	-1.2326432	15.348583
TARGET-30-PATBMM-01A	TARGET-30-PATBMM-01A.Ave_Beta	TARGET-NBL	450K	idat_sample_sheet_TARGET-NBL__450k_beta.txt	0.0	-1.21189	15.355593
TARGET-30-PALKKV-01A	TARGET-30-PALKKV-01A.Ave_Beta	TARGET-NBL	450K	idat_sample_sheet_TARGET-NBL__450k_beta.txt	0.0	-1.6781687	15.461817
TARGET-30-PALUDH-01A	TARGET-30-PALUDH-01A.Ave_Beta	TARGET-NBL	450K	idat_sample_sheet_TARGET-NBL__450k_beta.txt	0.0	-0.68124706	16.137709
TARGET-30-PAPBJE-01A	TARGET-30-PAPBJE-01A.Ave_Beta	TARGET-NBL	450K	idat_sample_sheet_TARGET-NBL__450k_beta.txt	0.0	-2.5965624	15.019995
TARGET-30-PASGAP-01A	TARGET-30-PASGAP-01A.Ave_Beta	TARGET-NBL	450K	idat_sample_sheet_TARGET-NBL__450k_beta.txt	0.0	-1.1413883	14.97099
TARGET-30-PAPZYZ-01A	TARGET-30-PAPZYZ-01A.Ave_Beta	TARGET-NBL	450K	idat_sample_sheet_TARGET-NBL__450k_beta.txt	0.0	-2.4404674	14.977426
TARGET-30-PATYIL-02A	TARGET-30-PATYIL-02A.Ave_Beta	TARGET-NBL	450K	idat_sample_sheet_TARGET-NBL__450k_beta.txt	0.0	-1.4177688	15.06093
TARGET-30-PARHAM-01A	TARGET-30-PARHAM-01A.Ave_Beta	TARGET-NBL	450K	idat_sample_sheet_TARGET-NBL__450k_beta.txt	0.0	-2.1546965	16.139126
TARGET-30-PAPTMM-01A	TARGET-30-PAPTMM-01A.Ave_Beta	TARGET-NBL	450K	idat_sample_sheet_TARGET-NBL__450k_beta.txt	0.0	-4.7636895	14.680749
TARGET-30-PANXJL-01A	TARGET-30-PANXJL-01A.Ave_Beta	TARGET-NBL	450K	idat_sample_sheet_TARGET-NBL__450k_beta.txt	0.0	-1.4622993	15.498529
TARGET-30-PASAZJ-01A	TARGET-30-PASAZJ-01A.Ave_Beta	TARGET-NBL	450K	idat_sample_sheet_TARGET-NBL__450k_beta.txt	0.0	-3.5546262	15.074127
TARGET-30-PARDYU-01A	TARGET-30-PARDYU-01A.Ave_Beta	TARGET-NBL	450K	idat_sample_sheet_TARGET-NBL__450k_beta.txt	0.0	-2.367052	14.916163
TARGET-30-PANBMJ-01A	TARGET-30-PANBMJ-01A.Ave_Beta	TARGET-NBL	450K	idat_sample_sheet_TARGET-NBL__450k_beta.txt	0.0	-0.6269055	14.676314
TARGET-30-PARBLH-01A	TARGET-30-PARBLH-01A.Ave_Beta	TARGET-NBL	450K	idat_sample_sheet_TARGET-NBL__450k_beta.txt	0.0	-0.5844009	15.7734995
TARGET-30-PASGAP-02A	TARGET-30-PASGAP-02A.Ave_Beta	TARGET-NBL	450K	idat_sample_sheet_TARGET-NBL__450k_beta.txt	0.0	-0.81143427	15.614329
TARGET-30-PARNNC-01A	TARGET-30-PARNNC-01A.Ave_Beta	TARGET-NBL	450K	idat_sample_sheet_TARGET-NBL__450k_beta.txt	0.0	-1.9949728	15.940692
TARGET-30-PARASL-01A	TARGET-30-PARASL-01A.Ave_Beta	TARGET-NBL	450K	idat_sample_sheet_TARGET-NBL__450k_beta.txt	0.0	-0.6872335	15.795855
TARGET-30-PANUKV-01A	TARGET-30-PANUKV-01A.Ave_Beta	TARGET-NBL	450K	idat_sample_sheet_TARGET-NBL__450k_beta.txt	0.0	-1.5906112	14.705389
TARGET-30-PASNZU-01A	TARGET-30-PASNZU-01A.Ave_Beta	TARGET-NBL	450K	idat_sample_sheet_TARGET-NBL__450k_beta.txt	0.0	-2.2198112	14.893284
TARGET-30-PARBGP-01A	TARGET-30-PARBGP-01A.Ave_Beta	TARGET-NBL	450K	idat_sample_sheet_TARGET-NBL__450k_beta.txt	0.0	-0.7637696	15.823034
TARGET-30-PASHFA-01A	TARGET-30-PASHFA-01A.Ave_Beta	TARGET-NBL	450K	idat_sample_sheet_TARGET-NBL__450k_beta.txt	0.0	-2.455012	15.04931
TARGET-30-PASCTR-01A	TARGET-30-PASCTR-01A.Ave_Beta	TARGET-NBL	450K	idat_sample_sheet_TARGET-NBL__450k_beta.txt	0.0	-1.9644821	15.699827
TARGET-30-PANWRR-01A	TARGET-30-PANWRR-01A.Ave_Beta	TARGET-NBL	450K	idat_sample_sheet_TARGET-NBL__450k_beta.txt	0.0	-4.79561	14.731661
TARGET-30-PAMCXF-01A	TARGET-30-PAMCXF-01A.Ave_Beta	TARGET-NBL	450K	idat_sample_sheet_TARGET-NBL__450k_beta.txt	0.0	-1.5031539	14.855276
TARGET-30-PAPTDH-01A	TARGET-30-PAPTDH-01A.Ave_Beta	TARGET-NBL	450K	idat_sample_sheet_TARGET-NBL__450k_beta.txt	0.0	-1.9724687	15.777743
TARGET-30-PARSRJ-01A	TARGET-30-PARSRJ-01A.Ave_Beta	TARGET-NBL	450K	idat_sample_sheet_TARGET-NBL__450k_beta.txt	0.0	-1.6923913	15.63352
TARGET-30-PAIPGU-01A	TARGET-30-PAIPGU-01A.Ave_Beta	TARGET-NBL	450K	idat_sample_sheet_TARGET-NBL__450k_beta.txt	0.0	-0.5862455	16.022879
TARGET-30-PAMZGT-01A	TARGET-30-PAMZGT-01A.Ave_Beta	TARGET-NBL	450K	idat_sample_sheet_TARGET-NBL__450k_beta.txt	0.0	-1.5644902	15.248467
TARGET-30-PASUML-01A	TARGET-30-PASUML-01A.Ave_Beta	TARGET-NBL	450K	idat_sample_sheet_TARGET-NBL__450k_beta.txt	0.0	-1.3537432	14.477104
TARGET-30-PATHKB-01A	TARGET-30-PATHKB-01A.Ave_Beta	TARGET-NBL	450K	idat_sample_sheet_TARGET-NBL__450k_beta.txt	0.0	-1.3323003	14.834688
TARGET-30-PARUXY-01A	TARGET-30-PARUXY-01A.Ave_Beta	TARGET-NBL	450K	idat_sample_sheet_TARGET-NBL__450k_beta.txt	0.0	-0.93211	16.130665
TARGET-30-PARDVT-01A	TARGET-30-PARDVT-01A.Ave_Beta	TARGET-NBL	450K	idat_sample_sheet_TARGET-NBL__450k_beta.txt	0.0	-1.4674625	15.643438
TARGET-30-PASYLD-01A	TARGET-30-PASYLD-01A.Ave_Beta	TARGET-NBL	450K	idat_sample_sheet_TARGET-NBL__450k_beta.txt	0.0	-1.8375688	14.897048
TARGET-30-PAIXFZ-01A	TARGET-30-PAIXFZ-01A.Ave_Beta	TARGET-NBL	450K	idat_sample_sheet_TARGET-NBL__450k_beta.txt	0.0	-2.049796	15.675663
TARGET-30-PASPBZ-01A	TARGET-30-PASPBZ-01A.Ave_Beta	TARGET-NBL	450K	idat_sample_sheet_TARGET-NBL__450k_beta.txt	0.0	-1.8178102	15.542435
TARGET-30-PASCFC-01A	TARGET-30-PASCFC-01A.Ave_Beta	TARGET-NBL	450K	idat_sample_sheet_TARGET-NBL__450k_beta.txt	0.0	-1.9792944	15.616943
TARGET-30-PASYPX-01A	TARGET-30-PASYPX-01A.Ave_Beta	TARGET-NBL	450K	idat_sample_sheet_TARGET-NBL__450k_beta.txt	0.0	-1.5096835	15.468456
TARGET-30-PATHVK-01A	TARGET-30-PATHVK-01A.Ave_Beta	TARGET-NBL	450K	idat_sample_sheet_TARGET-NBL__450k_beta.txt	0.0	-2.467125	15.768972
TARGET-30-PANYGR-01A	TARGET-30-PANYGR-01A.Ave_Beta	TARGET-NBL	450K	idat_sample_sheet_TARGET-NBL__450k_beta.txt	0.0	-0.5301231	15.976771
TARGET-30-PASWYR-01A	TARGET-30-PASWYR-01A.Ave_Beta	TARGET-NBL	450K	idat_sample_sheet_TARGET-NBL__450k_beta.txt	0.0	-2.5220847	15.033543
TARGET-30-PARNCW-01A	TARGET-30-PARNCW-01A.Ave_Beta	TARGET-NBL	450K	idat_sample_sheet_TARGET-NBL__450k_beta.txt	0.0	-0.9949188	15.972521
TARGET-30-PANKFE-01A	TARGET-30-PANKFE-01A.Ave_Beta	TARGET-NBL	450K	idat_sample_sheet_TARGET-NBL__450k_beta.txt	0.0	-0.4093824	15.04261
TARGET-30-PARNEE-01A	TARGET-30-PARNEE-01A.Ave_Beta	TARGET-NBL	450K	idat_sample_sheet_TARGET-NBL__450k_beta.txt	0.0	-1.2757317	14.8322
TARGET-30-PAPUWY-01A	TARGET-30-PAPUWY-01A.Ave_Beta	TARGET-NBL	450K	idat_sample_sheet_TARGET-NBL__450k_beta.txt	0.0	-0.81619	15.655421
TARGET-30-PASXRG-01A	TARGET-30-PASXRG-01A.Ave_Beta	TARGET-NBL	450K	idat_sample_sheet_TARGET-NBL__450k_beta.txt	0.0	-1.6023462	15.153968
TARGET-30-PAIVHE-01A	TARGET-30-PAIVHE-01A.Ave_Beta	TARGET-NBL	450K	idat_sample_sheet_TARGET-NBL__450k_beta.txt	0.0	-0.9901221	15.474764
TARGET-30-PASFGG-01A	TARGET-30-PASFGG-01A.Ave_Beta	TARGET-NBL	450K	idat_sample_sheet_TARGET-NBL__450k_beta.txt	0.0	-0.73257256	14.984534
TARGET-30-PARBAJ-02A	TARGET-30-PARBAJ-02A.Ave_Beta	TARGET-NBL	450K	idat_sample_sheet_TARGET-NBL__450k_beta.txt	0.0	-1.4183718	15.026791
TARGET-30-PARAHE-01A	TARGET-30-PARAHE-01A.Ave_Beta	TARGET-NBL	450K	idat_sample_sheet_TARGET-NBL__450k_beta.txt	0.0	-0.8797387	16.109623
TARGET-30-PARXLM-01A	TARGET-30-PARXLM-01A.Ave_Beta	TARGET-NBL	450K	idat_sample_sheet_TARGET-NBL__450k_beta.txt	0.0	-1.5959307	14.65489
TARGET-30-PAISNS-01A	TARGET-30-PAISNS-01A.Ave_Beta	TARGET-NBL	450K	idat_sample_sheet_TARGET-NBL__450k_beta.txt	0.0	-0.844378	14.886993
TARGET-00-NAAEPE-11A	TARGET-00-NAAEPE-11A.Ave_Beta	TARGET-NBL	450K	idat_sample_sheet_TARGET-NBL__450k_beta.txt	0.0	-3.1294255	16.263521
TARGET-30-PALLJJ-01A	TARGET-30-PALLJJ-01A.Ave_Beta	TARGET-NBL	450K	idat_sample_sheet_TARGET-NBL__450k_beta.txt	0.0	-2.1171238	16.108244
TARGET-00-NAAENI-11A	TARGET-00-NAAENI-11A.Ave_Beta	TARGET-NBL	450K	idat_sample_sheet_TARGET-NBL__450k_beta.txt	0.0	-3.0488708	16.3297
TARGET-30-PAPVEB-01A	TARGET-30-PAPVEB-01A.Ave_Beta	TARGET-NBL	450K	idat_sample_sheet_TARGET-NBL__450k_beta.txt	0.0	-0.41425967	13.967054
TARGET-00-NAAENJ-11A	TARGET-00-NAAENJ-11A.Ave_Beta	TARGET-NBL	450K	idat_sample_sheet_TARGET-NBL__450k_beta.txt	0.0	-3.1074798	16.292162
TARGET-30-PASTCN-01A	TARGET-30-PASTCN-01A.Ave_Beta	TARGET-NBL	450K	idat_sample_sheet_TARGET-NBL__450k_beta.txt	0.0	-0.69711983	15.657832
TARGET-30-PANLET-01A	TARGET-30-PANLET-01A.Ave_Beta	TARGET-NBL	450K	idat_sample_sheet_TARGET-NBL__450k_beta.txt	0.0	-0.6643375	16.204718
TARGET-00-NAAENG-11A	TARGET-00-NAAENG-11A.Ave_Beta	TARGET-NBL	450K	idat_sample_sheet_TARGET-NBL__450k_beta.txt	0.0	-3.0854623	16.301998
TARGET-30-PATGWT-01A	TARGET-30-PATGWT-01A.Ave_Beta	TARGET-NBL	450K	idat_sample_sheet_TARGET-NBL__450k_beta.txt	0.0	-2.5017452	15.029429
TARGET-30-PARZHA-01A	TARGET-30-PARZHA-01A.Ave_Beta	TARGET-NBL	450K	idat_sample_sheet_TARGET-NBL__450k_beta.txt	0.0	-1.5585494	15.371179
TARGET-30-PARKGJ-01A_1	TARGET-30-PARKGJ-01A_1.Ave_Beta	TARGET-NBL	450K	idat_sample_sheet_TARGET-NBL__450k_beta.txt	0.0	-1.0521663	15.289081
TARGET-30-PALEAC-01A	TARGET-30-PALEAC-01A.Ave_Beta	TARGET-NBL	450K	idat_sample_sheet_TARGET-NBL__450k_beta.txt	0.0	-1.1060034	14.733168
TARGET-30-PATEPF-01A	TARGET-30-PATEPF-01A.Ave_Beta	TARGET-NBL	450K	idat_sample_sheet_TARGET-NBL__450k_beta.txt	0.0	-0.9963858	15.142714
TARGET-30-PAPHPE-01A	TARGET-30-PAPHPE-01A.Ave_Beta	TARGET-NBL	450K	idat_sample_sheet_TARGET-NBL__450k_beta.txt	0.0	-1.0429963	14.900921
TARGET-30-PARHAM-02A	TARGET-30-PARHAM-02A.Ave_Beta	TARGET-NBL	450K	idat_sample_sheet_TARGET-NBL__450k_beta.txt	0.0	-2.19627	16.13222
TARGET-30-PAKGCI-01A	TARGET-30-PAKGCI-01A.Ave_Beta	TARGET-NBL	450K	idat_sample_sheet_TARGET-NBL__450k_beta.txt	0.0	-2.033933	15.81709
TARGET-30-PARETE-01A	TARGET-30-PARETE-01A.Ave_Beta	TARGET-NBL	450K	idat_sample_sheet_TARGET-NBL__450k_beta.txt	0.0	-1.9336369	16.013178
TARGET-30-PAPEAV-01A	TARGET-30-PAPEAV-01A.Ave_Beta	TARGET-NBL	450K	idat_sample_sheet_TARGET-NBL__450k_beta.txt	0.0	-2.359574	15.803147
TARGET-30-PARGUX-01A	TARGET-30-PARGUX-01A.Ave_Beta	TARGET-NBL	450K	idat_sample_sheet_TARGET-NBL__450k_beta.txt	0.0	-4.8833165	14.730563
TARGET-30-PAMAFV-01A	TARGET-30-PAMAFV-01A.Ave_Beta	TARGET-NBL	450K	idat_sample_sheet_TARGET-NBL__450k_beta.txt	0.0	-2.1993265	16.23714
TARGET-30-PASXGP-01A	TARGET-30-PASXGP-01A.Ave_Beta	TARGET-NBL	450K	idat_sample_sheet_TARGET-NBL__450k_beta.txt	0.0	-0.5890347	16.017076
TARGET-30-PALFSE-01A	TARGET-30-PALFSE-01A.Ave_Beta	TARGET-NBL	450K	idat_sample_sheet_TARGET-NBL__450k_beta.txt	0.0	-2.0730243	15.686187
TARGET-30-PAKHAV-01A	TARGET-30-PAKHAV-01A.Ave_Beta	TARGET-NBL	450K	idat_sample_sheet_TARGET-NBL__450k_beta.txt	0.0	-1.8491762	15.66442
TARGET-30-PAPSEI-01A.Detection.Pval	TARGET-30-PAPSEI-01A.Detection.Pval	TARGET-NBL	450K	idat_sample_sheet_TARGET-NBL__450k_beta.txt	0.0	20.694883	6.9000373
TARGET-30-PASUYG-01A.Detection.Pval	TARGET-30-PASUYG-01A.Detection.Pval	TARGET-NBL	450K	idat_sample_sheet_TARGET-NBL__450k_beta.txt	0.0	18.20209	7.2471895
TARGET-30-PAPTAN-01A.Detection.Pval	TARGET-30-PAPTAN-01A.Detection.Pval	TARGET-NBL	450K	idat_sample_sheet_TARGET-NBL__450k_beta.txt	0.0	18.837292	7.0882697
TARGET-30-PARACM-01A.Detection.Pval	TARGET-30-PARACM-01A.Detection.Pval	TARGET-NBL	450K	idat_sample_sheet_TARGET-NBL__450k_beta.txt	0.0	18.128014	7.211826
TARGET-30-PAPVXS-01A.Detection.Pval	TARGET-30-PAPVXS-01A.Detection.Pval	TARGET-NBL	450K	idat_sample_sheet_TARGET-NBL__450k_beta.txt	0.0	18.386677	7.04605
TARGET-30-PAMMXF-01A.Detection.Pval	TARGET-30-PAMMXF-01A.Detection.Pval	TARGET-NBL	450K	idat_sample_sheet_TARGET-NBL__450k_beta.txt	0.0	19.986126	6.5430636
TARGET-30-PASTKC-01A.Detection.Pval	TARGET-30-PASTKC-01A.Detection.Pval	TARGET-NBL	450K	idat_sample_sheet_TARGET-NBL__450k_beta.txt	0.0	18.737782	6.5924087
TARGET-30-PARHYL-01A.Detection.Pval	TARGET-30-PARHYL-01A.Detection.Pval	TARGET-NBL	450K	idat_sample_sheet_TARGET-NBL__450k_beta.txt	0.0	18.7367	6.6091547
TARGET-30-PALBFW-01A.Detection.Pval	TARGET-30-PALBFW-01A.Detection.Pval	TARGET-NBL	450K	idat_sample_sheet_TARGET-NBL__450k_beta.txt	0.0	19.60162	6.4699073
TARGET-30-PASJYB-01A.Detection.Pval	TARGET-30-PASJYB-01A.Detection.Pval	TARGET-NBL	450K	idat_sample_sheet_TARGET-NBL__450k_beta.txt	0.0	18.199564	7.19503
TARGET-30-PAPUJU-01A.Detection.Pval	TARGET-30-PAPUJU-01A.Detection.Pval	TARGET-NBL	450K	idat_sample_sheet_TARGET-NBL__450k_beta.txt	0.0	18.455845	6.9398036
TARGET-30-PAMZMJ-01A.Detection.Pval	TARGET-30-PAMZMJ-01A.Detection.Pval	TARGET-NBL	450K	idat_sample_sheet_TARGET-NBL__450k_beta.txt	0.0	19.607761	6.3925905
TARGET-30-PASGUT-01A.Detection.Pval	TARGET-30-PASGUT-01A.Detection.Pval	TARGET-NBL	450K	idat_sample_sheet_TARGET-NBL__450k_beta.txt	0.0	18.258825	6.9837813
TARGET-30-PASNPG-01A.Detection.Pval	TARGET-30-PASNPG-01A.Detection.Pval	TARGET-NBL	450K	idat_sample_sheet_TARGET-NBL__450k_beta.txt	0.0	21.009546	7.291358
TARGET-30-PANRVJ-01A.Detection.Pval	TARGET-30-PANRVJ-01A.Detection.Pval	TARGET-NBL	450K	idat_sample_sheet_TARGET-NBL__450k_beta.txt	0.0	19.331224	6.476181
TARGET-30-PASMDM-01A.Detection.Pval	TARGET-30-PASMDM-01A.Detection.Pval	TARGET-NBL	450K	idat_sample_sheet_TARGET-NBL__450k_beta.txt	0.0	18.187431	7.150799
TARGET-30-PASGPY-01A.Detection.Pval	TARGET-30-PASGPY-01A.Detection.Pval	TARGET-NBL	450K	idat_sample_sheet_TARGET-NBL__450k_beta.txt	0.0	20.240772	6.536983
TARGET-30-PASWFB-01A.Detection.Pval	TARGET-30-PASWFB-01A.Detection.Pval	TARGET-NBL	450K	idat_sample_sheet_TARGET-NBL__450k_beta.txt	0.0	20.5535	7.063008
TARGET-00-NAAENN-11A.Detection.Pval	TARGET-00-NAAENN-11A.Detection.Pval	TARGET-NBL	450K	idat_sample_sheet_TARGET-NBL__450k_beta.txt	0.0	18.224495	7.12942
TARGET-30-PAPVEB-04A.Detection.Pval	TARGET-30-PAPVEB-04A.Detection.Pval	TARGET-NBL	450K	idat_sample_sheet_TARGET-NBL__450k_beta.txt	0.0	19.864325	8.782811
TARGET-30-PAIVMJ-01A.Detection.Pval	TARGET-30-PAIVMJ-01A.Detection.Pval	TARGET-NBL	450K	idat_sample_sheet_TARGET-NBL__450k_beta.txt	0.0	20.055262	6.538939
TARGET-30-PATYIL-01A.Detection.Pval	TARGET-30-PATYIL-01A.Detection.Pval	TARGET-NBL	450K	idat_sample_sheet_TARGET-NBL__450k_beta.txt	0.0	18.746464	6.549602
TARGET-30-PARSHT-01A.Detection.Pval	TARGET-30-PARSHT-01A.Detection.Pval	TARGET-NBL	450K	idat_sample_sheet_TARGET-NBL__450k_beta.txt	0.0	19.676744	6.531657
TARGET-30-PARSBI-01A.Detection.Pval	TARGET-30-PARSBI-01A.Detection.Pval	TARGET-NBL	450K	idat_sample_sheet_TARGET-NBL__450k_beta.txt	0.0	18.428194	6.825334
TARGET-30-PANNMS-01A.Detection.Pval	TARGET-30-PANNMS-01A.Detection.Pval	TARGET-NBL	450K	idat_sample_sheet_TARGET-NBL__450k_beta.txt	0.0	19.906319	6.355009
TARGET-30-PASXIE-01A.Detection.Pval	TARGET-30-PASXIE-01A.Detection.Pval	TARGET-NBL	450K	idat_sample_sheet_TARGET-NBL__450k_beta.txt	0.0	18.981318	6.436961
TARGET-30-PASREY-01A.Detection.Pval	TARGET-30-PASREY-01A.Detection.Pval	TARGET-NBL	450K	idat_sample_sheet_TARGET-NBL__450k_beta.txt	0.0	18.682756	6.6315556
TARGET-30-PASHFA-02A.Detection.Pval	TARGET-30-PASHFA-02A.Detection.Pval	TARGET-NBL	450K	idat_sample_sheet_TARGET-NBL__450k_beta.txt	0.0	20.183561	6.750443
TARGET-30-PAPEFE-01A.Detection.Pval	TARGET-30-PAPEFE-01A.Detection.Pval	TARGET-NBL	450K	idat_sample_sheet_TARGET-NBL__450k_beta.txt	0.0	20.29675	6.9361167
TARGET-30-PASNEF-01A.Detection.Pval	TARGET-30-PASNEF-01A.Detection.Pval	TARGET-NBL	450K	idat_sample_sheet_TARGET-NBL__450k_beta.txt	0.0	18.703594	6.7773995
TARGET-30-PALXTB-01A.Detection.Pval	TARGET-30-PALXTB-01A.Detection.Pval	TARGET-NBL	450K	idat_sample_sheet_TARGET-NBL__450k_beta.txt	0.0	20.656233	7.5153456
TARGET-30-PARVLK-01A.Detection.Pval	TARGET-30-PARVLK-01A.Detection.Pval	TARGET-NBL	450K	idat_sample_sheet_TARGET-NBL__450k_beta.txt	0.0	20.58775	6.824438
TARGET-30-PALKXJ-01A.Detection.Pval	TARGET-30-PALKXJ-01A.Detection.Pval	TARGET-NBL	450K	idat_sample_sheet_TARGET-NBL__450k_beta.txt	0.0	19.879477	6.7560306
TARGET-30-PAPTLY-01A.Detection.Pval	TARGET-30-PAPTLY-01A.Detection.Pval	TARGET-NBL	450K	idat_sample_sheet_TARGET-NBL__450k_beta.txt	0.0	20.175413	6.739735
TARGET-30-PARSEA-01A.Detection.Pval	TARGET-30-PARSEA-01A.Detection.Pval	TARGET-NBL	450K	idat_sample_sheet_TARGET-NBL__450k_beta.txt	0.0	18.421856	6.922
TARGET-30-PARGDJ-01A.Detection.Pval	TARGET-30-PARGDJ-01A.Detection.Pval	TARGET-NBL	450K	idat_sample_sheet_TARGET-NBL__450k_beta.txt	0.0	19.534204	6.6270804
TARGET-30-PATDWN-01A.Detection.Pval	TARGET-30-PATDWN-01A.Detection.Pval	TARGET-NBL	450K	idat_sample_sheet_TARGET-NBL__450k_beta.txt	0.0	19.86799	6.609289
TARGET-30-PATGLU-01A.Detection.Pval	TARGET-30-PATGLU-01A.Detection.Pval	TARGET-NBL	450K	idat_sample_sheet_TARGET-NBL__450k_beta.txt	0.0	19.918222	6.603895
TARGET-30-PANUIF-01A.Detection.Pval	TARGET-30-PANUIF-01A.Detection.Pval	TARGET-NBL	450K	idat_sample_sheet_TARGET-NBL__450k_beta.txt	0.0	18.808626	6.808242
TARGET-30-PARZCJ-01A.Detection.Pval	TARGET-30-PARZCJ-01A.Detection.Pval	TARGET-NBL	450K	idat_sample_sheet_TARGET-NBL__450k_beta.txt	0.0	20.912575	7.7023134
TARGET-30-PASNPG-02A.Detection.Pval	TARGET-30-PASNPG-02A.Detection.Pval	TARGET-NBL	450K	idat_sample_sheet_TARGET-NBL__450k_beta.txt	0.0	20.993605	7.26295
TARGET-30-PASATK-01A.Detection.Pval	TARGET-30-PASATK-01A.Detection.Pval	TARGET-NBL	450K	idat_sample_sheet_TARGET-NBL__450k_beta.txt	0.0	18.660881	6.7737246
TARGET-00-NAAENF-11A.Detection.Pval	TARGET-00-NAAENF-11A.Detection.Pval	TARGET-NBL	450K	idat_sample_sheet_TARGET-NBL__450k_beta.txt	0.0	18.159765	6.778581
TARGET-30-PARGKK-01A.Detection.Pval	TARGET-30-PARGKK-01A.Detection.Pval	TARGET-NBL	450K	idat_sample_sheet_TARGET-NBL__450k_beta.txt	0.0	19.331347	6.7935424
TARGET-30-PARAMT-01A.Detection.Pval	TARGET-30-PARAMT-01A.Detection.Pval	TARGET-NBL	450K	idat_sample_sheet_TARGET-NBL__450k_beta.txt	0.0	18.79153	6.576735
TARGET-30-PARIRD-01A.Detection.Pval	TARGET-30-PARIRD-01A.Detection.Pval	TARGET-NBL	450K	idat_sample_sheet_TARGET-NBL__450k_beta.txt	0.0	19.496717	7.2276874
TARGET-30-PARZIP-01A.Detection.Pval	TARGET-30-PARZIP-01A.Detection.Pval	TARGET-NBL	450K	idat_sample_sheet_TARGET-NBL__450k_beta.txt	0.0	18.432455	6.921537
TARGET-30-PASVRU-01A.Detection.Pval	TARGET-30-PASVRU-01A.Detection.Pval	TARGET-NBL	450K	idat_sample_sheet_TARGET-NBL__450k_beta.txt	0.0	18.334414	6.958975
TARGET-30-PAPCTS-01A.Detection.Pval	TARGET-30-PAPCTS-01A.Detection.Pval	TARGET-NBL	450K	idat_sample_sheet_TARGET-NBL__450k_beta.txt	0.0	18.897266	6.790544
TARGET-30-PALETP-01A.Detection.Pval	TARGET-30-PALETP-01A.Detection.Pval	TARGET-NBL	450K	idat_sample_sheet_TARGET-NBL__450k_beta.txt	0.0	19.442326	8.23027
TARGET-30-PALRIA-01A.Detection.Pval	TARGET-30-PALRIA-01A.Detection.Pval	TARGET-NBL	450K	idat_sample_sheet_TARGET-NBL__450k_beta.txt	0.0	18.301352	7.104164
TARGET-30-PAKINP-01A.Detection.Pval	TARGET-30-PAKINP-01A.Detection.Pval	TARGET-NBL	450K	idat_sample_sheet_TARGET-NBL__450k_beta.txt	0.0	18.448107	7.0041723
TARGET-30-PASCLP-01A.Detection.Pval	TARGET-30-PASCLP-01A.Detection.Pval	TARGET-NBL	450K	idat_sample_sheet_TARGET-NBL__450k_beta.txt	0.0	18.959751	6.6512504
TARGET-30-PAPTLD-01A.Detection.Pval	TARGET-30-PAPTLD-01A.Detection.Pval	TARGET-NBL	450K	idat_sample_sheet_TARGET-NBL__450k_beta.txt	0.0	18.31603	7.155241
TARGET-30-PASCKI-01A.Detection.Pval	TARGET-30-PASCKI-01A.Detection.Pval	TARGET-NBL	450K	idat_sample_sheet_TARGET-NBL__450k_beta.txt	0.0	19.097292	7.294561
TARGET-30-PASLGS-01A.Detection.Pval	TARGET-30-PASLGS-01A.Detection.Pval	TARGET-NBL	450K	idat_sample_sheet_TARGET-NBL__450k_beta.txt	0.0	18.536234	6.926857
TARGET-30-PAPICY-01A.Detection.Pval	TARGET-30-PAPICY-01A.Detection.Pval	TARGET-NBL	450K	idat_sample_sheet_TARGET-NBL__450k_beta.txt	0.0	19.052666	6.807323
TARGET-30-PALHVD-01A.Detection.Pval	TARGET-30-PALHVD-01A.Detection.Pval	TARGET-NBL	450K	idat_sample_sheet_TARGET-NBL__450k_beta.txt	0.0	20.627365	7.354244
TARGET-30-PAPTLV-01A.Detection.Pval	TARGET-30-PAPTLV-01A.Detection.Pval	TARGET-NBL	450K	idat_sample_sheet_TARGET-NBL__450k_beta.txt	0.0	18.436102	7.138928
TARGET-30-PAPWUC-01A.Detection.Pval	TARGET-30-PAPWUC-01A.Detection.Pval	TARGET-NBL	450K	idat_sample_sheet_TARGET-NBL__450k_beta.txt	0.0	18.66646	6.891772
TARGET-30-PALIIN-01A.Detection.Pval	TARGET-30-PALIIN-01A.Detection.Pval	TARGET-NBL	450K	idat_sample_sheet_TARGET-NBL__450k_beta.txt	0.0	18.419992	6.921458
TARGET-30-PAPUAR-01A.Detection.Pval	TARGET-30-PAPUAR-01A.Detection.Pval	TARGET-NBL	450K	idat_sample_sheet_TARGET-NBL__450k_beta.txt	0.0	20.288418	6.9315457
TARGET-30-PATNKP-01A.Detection.Pval	TARGET-30-PATNKP-01A.Detection.Pval	TARGET-NBL	450K	idat_sample_sheet_TARGET-NBL__450k_beta.txt	0.0	19.033728	6.7501698
TARGET-30-PATCFL-01A.Detection.Pval	TARGET-30-PATCFL-01A.Detection.Pval	TARGET-NBL	450K	idat_sample_sheet_TARGET-NBL__450k_beta.txt	0.0	19.573483	6.639599
TARGET-30-PARNTS-01A.Detection.Pval	TARGET-30-PARNTS-01A.Detection.Pval	TARGET-NBL	450K	idat_sample_sheet_TARGET-NBL__450k_beta.txt	0.0	18.61027	6.8302484
TARGET-00-NAAENH-11A.Detection.Pval	TARGET-00-NAAENH-11A.Detection.Pval	TARGET-NBL	450K	idat_sample_sheet_TARGET-NBL__450k_beta.txt	0.0	18.51665	7.0811324
TARGET-30-PAPUNH-01A.Detection.Pval	TARGET-30-PAPUNH-01A.Detection.Pval	TARGET-NBL	450K	idat_sample_sheet_TARGET-NBL__450k_beta.txt	0.0	18.435558	6.979732
TARGET-30-PAUDDK-02A.Detection.Pval	TARGET-30-PAUDDK-02A.Detection.Pval	TARGET-NBL	450K	idat_sample_sheet_TARGET-NBL__450k_beta.txt	0.0	20.040226	6.8140235
TARGET-30-PAITCI-01A.Detection.Pval	TARGET-30-PAITCI-01A.Detection.Pval	TARGET-NBL	450K	idat_sample_sheet_TARGET-NBL__450k_beta.txt	0.0	18.87193	6.6658483
TARGET-00-NAAENM-11A.Detection.Pval	TARGET-00-NAAENM-11A.Detection.Pval	TARGET-NBL	450K	idat_sample_sheet_TARGET-NBL__450k_beta.txt	0.0	20.669613	8.108421
TARGET-30-PASNML-01A.Detection.Pval	TARGET-30-PASNML-01A.Detection.Pval	TARGET-NBL	450K	idat_sample_sheet_TARGET-NBL__450k_beta.txt	0.0	18.798119	6.8386445
TARGET-30-PAPTIP-01A.Detection.Pval	TARGET-30-PAPTIP-01A.Detection.Pval	TARGET-NBL	450K	idat_sample_sheet_TARGET-NBL__450k_beta.txt	0.0	20.57475	8.062169
TARGET-30-PASXHE-01A.Detection.Pval	TARGET-30-PASXHE-01A.Detection.Pval	TARGET-NBL	450K	idat_sample_sheet_TARGET-NBL__450k_beta.txt	0.0	19.874105	6.963113
TARGET-30-PASUCB-01A.Detection.Pval	TARGET-30-PASUCB-01A.Detection.Pval	TARGET-NBL	450K	idat_sample_sheet_TARGET-NBL__450k_beta.txt	0.0	18.445982	7.1225266
TARGET-30-PASCUF-01A.Detection.Pval	TARGET-30-PASCUF-01A.Detection.Pval	TARGET-NBL	450K	idat_sample_sheet_TARGET-NBL__450k_beta.txt	0.0	20.35224	7.735867
TARGET-30-PASPER-01A.Detection.Pval	TARGET-30-PASPER-01A.Detection.Pval	TARGET-NBL	450K	idat_sample_sheet_TARGET-NBL__450k_beta.txt	0.0	18.533981	7.1268425
TARGET-30-PAPVRN-01A.Detection.Pval	TARGET-30-PAPVRN-01A.Detection.Pval	TARGET-NBL	450K	idat_sample_sheet_TARGET-NBL__450k_beta.txt	0.0	18.693993	6.9337645
TARGET-30-PASJZC-01A.Detection.Pval	TARGET-30-PASJZC-01A.Detection.Pval	TARGET-NBL	450K	idat_sample_sheet_TARGET-NBL__450k_beta.txt	0.0	18.566183	7.0501876
TARGET-30-PASSWW-01A.Detection.Pval	TARGET-30-PASSWW-01A.Detection.Pval	TARGET-NBL	450K	idat_sample_sheet_TARGET-NBL__450k_beta.txt	0.0	19.342455	6.774335
TARGET-30-PARMFA-01A.Detection.Pval	TARGET-30-PARMFA-01A.Detection.Pval	TARGET-NBL	450K	idat_sample_sheet_TARGET-NBL__450k_beta.txt	0.0	18.59187	6.958811
TARGET-30-PARDIW-01A.Detection.Pval	TARGET-30-PARDIW-01A.Detection.Pval	TARGET-NBL	450K	idat_sample_sheet_TARGET-NBL__450k_beta.txt	0.0	19.169285	6.641527
TARGET-30-PARABN-01A.Detection.Pval	TARGET-30-PARABN-01A.Detection.Pval	TARGET-NBL	450K	idat_sample_sheet_TARGET-NBL__450k_beta.txt	0.0	19.353573	6.6398673
TARGET-30-PALSAE-01A.Detection.Pval	TARGET-30-PALSAE-01A.Detection.Pval	TARGET-NBL	450K	idat_sample_sheet_TARGET-NBL__450k_beta.txt	0.0	20.273293	7.1297274
TARGET-30-PARKGJ-01A.Detection.Pval	TARGET-30-PARKGJ-01A.Detection.Pval	TARGET-NBL	450K	idat_sample_sheet_TARGET-NBL__450k_beta.txt	0.0	18.613264	6.920592
TARGET-30-PATFXV-01A.Detection.Pval	TARGET-30-PATFXV-01A.Detection.Pval	TARGET-NBL	450K	idat_sample_sheet_TARGET-NBL__450k_beta.txt	0.0	20.224146	7.2009816
TARGET-30-PALZRG-01A.Detection.Pval	TARGET-30-PALZRG-01A.Detection.Pval	TARGET-NBL	450K	idat_sample_sheet_TARGET-NBL__450k_beta.txt	0.0	19.756378	6.7989116
TARGET-30-PASSRN-01A.Detection.Pval	TARGET-30-PASSRN-01A.Detection.Pval	TARGET-NBL	450K	idat_sample_sheet_TARGET-NBL__450k_beta.txt	0.0	20.147772	7.2086663
TARGET-30-PAIVZR-01A.Detection.Pval	TARGET-30-PAIVZR-01A.Detection.Pval	TARGET-NBL	450K	idat_sample_sheet_TARGET-NBL__450k_beta.txt	0.0	18.901121	6.9364157
TARGET-30-PAPBZI-01A.Detection.Pval	TARGET-30-PAPBZI-01A.Detection.Pval	TARGET-NBL	450K	idat_sample_sheet_TARGET-NBL__450k_beta.txt	0.0	20.050917	6.9574327
TARGET-30-PARFWB-01A.Detection.Pval	TARGET-30-PARFWB-01A.Detection.Pval	TARGET-NBL	450K	idat_sample_sheet_TARGET-NBL__450k_beta.txt	0.0	18.868313	6.944014
TARGET-30-PASSRS-01A.Detection.Pval	TARGET-30-PASSRS-01A.Detection.Pval	TARGET-NBL	450K	idat_sample_sheet_TARGET-NBL__450k_beta.txt	0.0	19.467068	6.792958
TARGET-30-PANBSP-01A.Detection.Pval	TARGET-30-PANBSP-01A.Detection.Pval	TARGET-NBL	450K	idat_sample_sheet_TARGET-NBL__450k_beta.txt	0.0	19.152576	6.8262973
TARGET-30-PARDCK-01A.Detection.Pval	TARGET-30-PARDCK-01A.Detection.Pval	TARGET-NBL	450K	idat_sample_sheet_TARGET-NBL__450k_beta.txt	0.0	20.155458	7.4081388
TARGET-30-PAKYZS-01A.Detection.Pval	TARGET-30-PAKYZS-01A.Detection.Pval	TARGET-NBL	450K	idat_sample_sheet_TARGET-NBL__450k_beta.txt	0.0	19.000456	6.7206874
TARGET-30-PAPTCR-01A.Detection.Pval	TARGET-30-PAPTCR-01A.Detection.Pval	TARGET-NBL	450K	idat_sample_sheet_TARGET-NBL__450k_beta.txt	0.0	18.71194	6.9045863
TARGET-30-PARIKF-01A.Detection.Pval	TARGET-30-PARIKF-01A.Detection.Pval	TARGET-NBL	450K	idat_sample_sheet_TARGET-NBL__450k_beta.txt	0.0	18.069956	6.6122932
TARGET-30-PARJVP-01A.Detection.Pval	TARGET-30-PARJVP-01A.Detection.Pval	TARGET-NBL	450K	idat_sample_sheet_TARGET-NBL__450k_beta.txt	0.0	19.133791	6.8380423
TARGET-30-PALZZV-01A.Detection.Pval	TARGET-30-PALZZV-01A.Detection.Pval	TARGET-NBL	450K	idat_sample_sheet_TARGET-NBL__450k_beta.txt	0.0	20.669636	7.6826725
TARGET-30-PATESI-01A.Detection.Pval	TARGET-30-PATESI-01A.Detection.Pval	TARGET-NBL	450K	idat_sample_sheet_TARGET-NBL__450k_beta.txt	0.0	20.293482	7.2611017
TARGET-30-PALEVG-01A.Detection.Pval	TARGET-30-PALEVG-01A.Detection.Pval	TARGET-NBL	450K	idat_sample_sheet_TARGET-NBL__450k_beta.txt	0.0	19.00342	6.8337297
TARGET-30-PAPSKM-01A.Detection.Pval	TARGET-30-PAPSKM-01A.Detection.Pval	TARGET-NBL	450K	idat_sample_sheet_TARGET-NBL__450k_beta.txt	0.0	19.015457	6.952212
TARGET-30-PASWVY-01A.Detection.Pval	TARGET-30-PASWVY-01A.Detection.Pval	TARGET-NBL	450K	idat_sample_sheet_TARGET-NBL__450k_beta.txt	0.0	20.3802	8.720485
TARGET-30-PASFIC-01A.Detection.Pval	TARGET-30-PASFIC-01A.Detection.Pval	TARGET-NBL	450K	idat_sample_sheet_TARGET-NBL__450k_beta.txt	0.0	18.769812	6.9625072
TARGET-30-PASBEN-01A.Detection.Pval	TARGET-30-PASBEN-01A.Detection.Pval	TARGET-NBL	450K	idat_sample_sheet_TARGET-NBL__450k_beta.txt	0.0	19.040134	6.7078195
TARGET-30-PARMTT-01A.Detection.Pval	TARGET-30-PARMTT-01A.Detection.Pval	TARGET-NBL	450K	idat_sample_sheet_TARGET-NBL__450k_beta.txt	0.0	19.961086	7.2269197
TARGET-00-NAAENL-11A.Detection.Pval	TARGET-00-NAAENL-11A.Detection.Pval	TARGET-NBL	450K	idat_sample_sheet_TARGET-NBL__450k_beta.txt	0.0	19.604025	6.8850284
TARGET-30-PARVME-01A.Detection.Pval	TARGET-30-PARVME-01A.Detection.Pval	TARGET-NBL	450K	idat_sample_sheet_TARGET-NBL__450k_beta.txt	0.0	19.606237	6.7426353
TARGET-30-PASRFS-01A.Detection.Pval	TARGET-30-PASRFS-01A.Detection.Pval	TARGET-NBL	450K	idat_sample_sheet_TARGET-NBL__450k_beta.txt	0.0	19.656157	6.764739
TARGET-00-NAAENP-11A.Detection.Pval	TARGET-00-NAAENP-11A.Detection.Pval	TARGET-NBL	450K	idat_sample_sheet_TARGET-NBL__450k_beta.txt	0.0	19.14825	7.3493543
TARGET-30-PAUDDK-01A.Detection.Pval	TARGET-30-PAUDDK-01A.Detection.Pval	TARGET-NBL	450K	idat_sample_sheet_TARGET-NBL__450k_beta.txt	0.0	19.263329	6.9868617
TARGET-30-PANZVU-01A.Detection.Pval	TARGET-30-PANZVU-01A.Detection.Pval	TARGET-NBL	450K	idat_sample_sheet_TARGET-NBL__450k_beta.txt	0.0	19.980732	6.973678
TARGET-30-PAPKXS-01A.Detection.Pval	TARGET-30-PAPKXS-01A.Detection.Pval	TARGET-NBL	450K	idat_sample_sheet_TARGET-NBL__450k_beta.txt	0.0	20.104206	7.7941027
TARGET-30-PARACS-01A.Detection.Pval	TARGET-30-PARACS-01A.Detection.Pval	TARGET-NBL	450K	idat_sample_sheet_TARGET-NBL__450k_beta.txt	0.0	18.835014	6.972326
TARGET-30-PATAYJ-01A.Detection.Pval	TARGET-30-PATAYJ-01A.Detection.Pval	TARGET-NBL	450K	idat_sample_sheet_TARGET-NBL__450k_beta.txt	0.0	20.19885	7.4254866
TARGET-30-PAPRXW-01A.Detection.Pval	TARGET-30-PAPRXW-01A.Detection.Pval	TARGET-NBL	450K	idat_sample_sheet_TARGET-NBL__450k_beta.txt	0.0	19.240314	6.983336
TARGET-30-PARFRE-01A.Detection.Pval	TARGET-30-PARFRE-01A.Detection.Pval	TARGET-NBL	450K	idat_sample_sheet_TARGET-NBL__450k_beta.txt	0.0	18.79718	6.1157074
TARGET-00-NAAENR-11A.Detection.Pval	TARGET-00-NAAENR-11A.Detection.Pval	TARGET-NBL	450K	idat_sample_sheet_TARGET-NBL__450k_beta.txt	0.0	19.957476	7.1956167
TARGET-30-PAREGK-01A.Detection.Pval	TARGET-30-PAREGK-01A.Detection.Pval	TARGET-NBL	450K	idat_sample_sheet_TARGET-NBL__450k_beta.txt	0.0	21.662237	7.09692
TARGET-30-PAPBGH-01A.Detection.Pval	TARGET-30-PAPBGH-01A.Detection.Pval	TARGET-NBL	450K	idat_sample_sheet_TARGET-NBL__450k_beta.txt	0.0	19.259563	8.092196
TARGET-30-PASMJG-01A.Detection.Pval	TARGET-30-PASMJG-01A.Detection.Pval	TARGET-NBL	450K	idat_sample_sheet_TARGET-NBL__450k_beta.txt	0.0	19.212414	6.9395895
TARGET-30-PATGJU-01A.Detection.Pval	TARGET-30-PATGJU-01A.Detection.Pval	TARGET-NBL	450K	idat_sample_sheet_TARGET-NBL__450k_beta.txt	0.0	19.362947	6.6775446
TARGET-30-PANZPV-01A.Detection.Pval	TARGET-30-PANZPV-01A.Detection.Pval	TARGET-NBL	450K	idat_sample_sheet_TARGET-NBL__450k_beta.txt	0.0	19.22048	6.778093
TARGET-30-PANRRW-01A.Detection.Pval	TARGET-30-PANRRW-01A.Detection.Pval	TARGET-NBL	450K	idat_sample_sheet_TARGET-NBL__450k_beta.txt	0.0	18.775478	7.0030756
TARGET-30-PARCET-01A.Detection.Pval	TARGET-30-PARCET-01A.Detection.Pval	TARGET-NBL	450K	idat_sample_sheet_TARGET-NBL__450k_beta.txt	0.0	18.860037	7.039983
TARGET-30-PALVUC-01A.Detection.Pval	TARGET-30-PALVUC-01A.Detection.Pval	TARGET-NBL	450K	idat_sample_sheet_TARGET-NBL__450k_beta.txt	0.0	20.093225	7.443325
TARGET-30-PARBAJ-01A.Detection.Pval	TARGET-30-PARBAJ-01A.Detection.Pval	TARGET-NBL	450K	idat_sample_sheet_TARGET-NBL__450k_beta.txt	0.0	19.796583	6.9647403
TARGET-30-PALCBW-01A.Detection.Pval	TARGET-30-PALCBW-01A.Detection.Pval	TARGET-NBL	450K	idat_sample_sheet_TARGET-NBL__450k_beta.txt	0.0	19.754198	7.0870976
TARGET-30-PALNVP-01A.Detection.Pval	TARGET-30-PALNVP-01A.Detection.Pval	TARGET-NBL	450K	idat_sample_sheet_TARGET-NBL__450k_beta.txt	0.0	18.971605	6.901989
TARGET-30-PASXRJ-01A.Detection.Pval	TARGET-30-PASXRJ-01A.Detection.Pval	TARGET-NBL	450K	idat_sample_sheet_TARGET-NBL__450k_beta.txt	0.0	19.770052	7.1967206
TARGET-30-PASFRV-01A.Detection.Pval	TARGET-30-PASFRV-01A.Detection.Pval	TARGET-NBL	450K	idat_sample_sheet_TARGET-NBL__450k_beta.txt	0.0	18.808258	7.1460614
TARGET-30-PAPZYP-01A.Detection.Pval	TARGET-30-PAPZYP-01A.Detection.Pval	TARGET-NBL	450K	idat_sample_sheet_TARGET-NBL__450k_beta.txt	0.0	19.127657	7.074548
TARGET-30-PARURB-01A.Detection.Pval	TARGET-30-PARURB-01A.Detection.Pval	TARGET-NBL	450K	idat_sample_sheet_TARGET-NBL__450k_beta.txt	0.0	19.19806	7.0428596
TARGET-30-PAPVFD-01A.Detection.Pval	TARGET-30-PAPVFD-01A.Detection.Pval	TARGET-NBL	450K	idat_sample_sheet_TARGET-NBL__450k_beta.txt	0.0	18.928549	7.0599046
TARGET-30-PATNKP-02A.Detection.Pval	TARGET-30-PATNKP-02A.Detection.Pval	TARGET-NBL	450K	idat_sample_sheet_TARGET-NBL__450k_beta.txt	0.0	18.801868	7.006872
TARGET-30-PATDXC-01A.Detection.Pval	TARGET-30-PATDXC-01A.Detection.Pval	TARGET-NBL	450K	idat_sample_sheet_TARGET-NBL__450k_beta.txt	0.0	18.751526	7.1682262
TARGET-00-NAAENK-11A.Detection.Pval	TARGET-00-NAAENK-11A.Detection.Pval	TARGET-NBL	450K	idat_sample_sheet_TARGET-NBL__450k_beta.txt	0.0	19.806211	7.1705947
TARGET-30-PASKJX-01A.Detection.Pval	TARGET-30-PASKJX-01A.Detection.Pval	TARGET-NBL	450K	idat_sample_sheet_TARGET-NBL__450k_beta.txt	0.0	19.872765	7.040564
TARGET-30-PAPZFW-01A.Detection.Pval	TARGET-30-PAPZFW-01A.Detection.Pval	TARGET-NBL	450K	idat_sample_sheet_TARGET-NBL__450k_beta.txt	0.0	19.155235	6.930099
TARGET-30-PASZKE-01A.Detection.Pval	TARGET-30-PASZKE-01A.Detection.Pval	TARGET-NBL	450K	idat_sample_sheet_TARGET-NBL__450k_beta.txt	0.0	18.905027	7.05893
TARGET-30-PARCWT-01A.Detection.Pval	TARGET-30-PARCWT-01A.Detection.Pval	TARGET-NBL	450K	idat_sample_sheet_TARGET-NBL__450k_beta.txt	0.0	20.146734	7.771737
TARGET-30-PARRBU-01A.Detection.Pval	TARGET-30-PARRBU-01A.Detection.Pval	TARGET-NBL	450K	idat_sample_sheet_TARGET-NBL__450k_beta.txt	0.0	18.860806	7.137957
TARGET-30-PAPUTN-01A.Detection.Pval	TARGET-30-PAPUTN-01A.Detection.Pval	TARGET-NBL	450K	idat_sample_sheet_TARGET-NBL__450k_beta.txt	0.0	19.487368	6.896213
TARGET-30-PAPTFZ-01A.Detection.Pval	TARGET-30-PAPTFZ-01A.Detection.Pval	TARGET-NBL	450K	idat_sample_sheet_TARGET-NBL__450k_beta.txt	0.0	20.62184	7.906596
TARGET-30-PAMZSH-01A.Detection.Pval	TARGET-30-PAMZSH-01A.Detection.Pval	TARGET-NBL	450K	idat_sample_sheet_TARGET-NBL__450k_beta.txt	0.0	18.994987	6.9411197
TARGET-30-PAPKWN-01A.Detection.Pval	TARGET-30-PAPKWN-01A.Detection.Pval	TARGET-NBL	450K	idat_sample_sheet_TARGET-NBL__450k_beta.txt	0.0	19.175327	6.8824244
TARGET-30-PASDZJ-01A.Detection.Pval	TARGET-30-PASDZJ-01A.Detection.Pval	TARGET-NBL	450K	idat_sample_sheet_TARGET-NBL__450k_beta.txt	0.0	19.115473	6.942809
TARGET-30-PALVVH-01A.Detection.Pval	TARGET-30-PALVVH-01A.Detection.Pval	TARGET-NBL	450K	idat_sample_sheet_TARGET-NBL__450k_beta.txt	0.0	18.917248	7.0653124
TARGET-30-PARDUJ-01A.Detection.Pval	TARGET-30-PARDUJ-01A.Detection.Pval	TARGET-NBL	450K	idat_sample_sheet_TARGET-NBL__450k_beta.txt	0.0	19.355946	6.9692755
TARGET-30-PATFCY-01A.Detection.Pval	TARGET-30-PATFCY-01A.Detection.Pval	TARGET-NBL	450K	idat_sample_sheet_TARGET-NBL__450k_beta.txt	0.0	19.435047	6.9685044
TARGET-30-PAMYCE-01A.Detection.Pval	TARGET-30-PAMYCE-01A.Detection.Pval	TARGET-NBL	450K	idat_sample_sheet_TARGET-NBL__450k_beta.txt	0.0	18.90557	7.202334
TARGET-30-PAKZRH-01A.Detection.Pval	TARGET-30-PAKZRH-01A.Detection.Pval	TARGET-NBL	450K	idat_sample_sheet_TARGET-NBL__450k_beta.txt	0.0	19.745071	7.2031765
TARGET-30-PAMNLH-01A.Detection.Pval	TARGET-30-PAMNLH-01A.Detection.Pval	TARGET-NBL	450K	idat_sample_sheet_TARGET-NBL__450k_beta.txt	0.0	18.896606	7.0041633
TARGET-30-PAPTLA-01A.Detection.Pval	TARGET-30-PAPTLA-01A.Detection.Pval	TARGET-NBL	450K	idat_sample_sheet_TARGET-NBL__450k_beta.txt	0.0	18.951275	8.488879
TARGET-30-PASMNT-01A.Detection.Pval	TARGET-30-PASMNT-01A.Detection.Pval	TARGET-NBL	450K	idat_sample_sheet_TARGET-NBL__450k_beta.txt	0.0	19.003462	8.696603
TARGET-30-PAMLNB-01A.Detection.Pval	TARGET-30-PAMLNB-01A.Detection.Pval	TARGET-NBL	450K	idat_sample_sheet_TARGET-NBL__450k_beta.txt	0.0	18.882593	8.577098
TARGET-30-PANRHJ-01A.Detection.Pval	TARGET-30-PANRHJ-01A.Detection.Pval	TARGET-NBL	450K	idat_sample_sheet_TARGET-NBL__450k_beta.txt	0.0	19.279303	7.0380096
TARGET-30-PASEGA-01A.Detection.Pval	TARGET-30-PASEGA-01A.Detection.Pval	TARGET-NBL	450K	idat_sample_sheet_TARGET-NBL__450k_beta.txt	0.0	19.121046	7.1749563
TARGET-30-PARYNK-01A.Detection.Pval	TARGET-30-PARYNK-01A.Detection.Pval	TARGET-NBL	450K	idat_sample_sheet_TARGET-NBL__450k_beta.txt	0.0	19.291006	7.026306
TARGET-30-PASWIJ-01A.Detection.Pval	TARGET-30-PASWIJ-01A.Detection.Pval	TARGET-NBL	450K	idat_sample_sheet_TARGET-NBL__450k_beta.txt	0.0	19.83357	7.464391
TARGET-30-PAMZMG-01A.Detection.Pval	TARGET-30-PAMZMG-01A.Detection.Pval	TARGET-NBL	450K	idat_sample_sheet_TARGET-NBL__450k_beta.txt	0.0	19.753548	7.3448787
TARGET-30-PAIFXV-01A.Detection.Pval	TARGET-30-PAIFXV-01A.Detection.Pval	TARGET-NBL	450K	idat_sample_sheet_TARGET-NBL__450k_beta.txt	0.0	18.091934	6.494592
TARGET-30-PATBMM-01A.Detection.Pval	TARGET-30-PATBMM-01A.Detection.Pval	TARGET-NBL	450K	idat_sample_sheet_TARGET-NBL__450k_beta.txt	0.0	19.173359	7.181405
TARGET-30-PALKKV-01A.Detection.Pval	TARGET-30-PALKKV-01A.Detection.Pval	TARGET-NBL	450K	idat_sample_sheet_TARGET-NBL__450k_beta.txt	0.0	19.15753	6.5784187
TARGET-30-PALUDH-01A.Detection.Pval	TARGET-30-PALUDH-01A.Detection.Pval	TARGET-NBL	450K	idat_sample_sheet_TARGET-NBL__450k_beta.txt	0.0	19.424984	7.330934
TARGET-30-PAPBJE-01A.Detection.Pval	TARGET-30-PAPBJE-01A.Detection.Pval	TARGET-NBL	450K	idat_sample_sheet_TARGET-NBL__450k_beta.txt	0.0	19.231287	7.1367664
TARGET-30-PASGAP-01A.Detection.Pval	TARGET-30-PASGAP-01A.Detection.Pval	TARGET-NBL	450K	idat_sample_sheet_TARGET-NBL__450k_beta.txt	0.0	18.910414	7.4266896
TARGET-30-PAPZYZ-01A.Detection.Pval	TARGET-30-PAPZYZ-01A.Detection.Pval	TARGET-NBL	450K	idat_sample_sheet_TARGET-NBL__450k_beta.txt	0.0	19.566704	7.0851045
TARGET-30-PATYIL-02A.Detection.Pval	TARGET-30-PATYIL-02A.Detection.Pval	TARGET-NBL	450K	idat_sample_sheet_TARGET-NBL__450k_beta.txt	0.0	19.722767	7.0691514
TARGET-30-PARHAM-01A.Detection.Pval	TARGET-30-PARHAM-01A.Detection.Pval	TARGET-NBL	450K	idat_sample_sheet_TARGET-NBL__450k_beta.txt	0.0	18.126581	6.6177435
TARGET-30-PAPTMM-01A.Detection.Pval	TARGET-30-PAPTMM-01A.Detection.Pval	TARGET-NBL	450K	idat_sample_sheet_TARGET-NBL__450k_beta.txt	0.0	19.094069	7.170415
TARGET-30-PANXJL-01A.Detection.Pval	TARGET-30-PANXJL-01A.Detection.Pval	TARGET-NBL	450K	idat_sample_sheet_TARGET-NBL__450k_beta.txt	0.0	19.76244	7.538189
TARGET-30-PASAZJ-01A.Detection.Pval	TARGET-30-PASAZJ-01A.Detection.Pval	TARGET-NBL	450K	idat_sample_sheet_TARGET-NBL__450k_beta.txt	0.0	19.112392	6.4948955
TARGET-30-PARDYU-01A.Detection.Pval	TARGET-30-PARDYU-01A.Detection.Pval	TARGET-NBL	450K	idat_sample_sheet_TARGET-NBL__450k_beta.txt	0.0	19.438416	7.5505576
TARGET-30-PANBMJ-01A.Detection.Pval	TARGET-30-PANBMJ-01A.Detection.Pval	TARGET-NBL	450K	idat_sample_sheet_TARGET-NBL__450k_beta.txt	0.0	19.56622	7.1479154
TARGET-30-PARBLH-01A.Detection.Pval	TARGET-30-PARBLH-01A.Detection.Pval	TARGET-NBL	450K	idat_sample_sheet_TARGET-NBL__450k_beta.txt	0.0	19.462143	7.227152
TARGET-30-PASGAP-02A.Detection.Pval	TARGET-30-PASGAP-02A.Detection.Pval	TARGET-NBL	450K	idat_sample_sheet_TARGET-NBL__450k_beta.txt	0.0	18.50327	7.3717217
TARGET-30-PARNNC-01A.Detection.Pval	TARGET-30-PARNNC-01A.Detection.Pval	TARGET-NBL	450K	idat_sample_sheet_TARGET-NBL__450k_beta.txt	0.0	19.38624	7.2007895
TARGET-30-PARASL-01A.Detection.Pval	TARGET-30-PARASL-01A.Detection.Pval	TARGET-NBL	450K	idat_sample_sheet_TARGET-NBL__450k_beta.txt	0.0	19.449007	8.439077
TARGET-30-PANUKV-01A.Detection.Pval	TARGET-30-PANUKV-01A.Detection.Pval	TARGET-NBL	450K	idat_sample_sheet_TARGET-NBL__450k_beta.txt	0.0	19.618324	7.292306
TARGET-30-PASNZU-01A.Detection.Pval	TARGET-30-PASNZU-01A.Detection.Pval	TARGET-NBL	450K	idat_sample_sheet_TARGET-NBL__450k_beta.txt	0.0	18.916115	7.1381316
TARGET-30-PARBGP-01A.Detection.Pval	TARGET-30-PARBGP-01A.Detection.Pval	TARGET-NBL	450K	idat_sample_sheet_TARGET-NBL__450k_beta.txt	0.0	20.676437	7.8367047
TARGET-30-PASHFA-01A.Detection.Pval	TARGET-30-PASHFA-01A.Detection.Pval	TARGET-NBL	450K	idat_sample_sheet_TARGET-NBL__450k_beta.txt	0.0	19.130007	7.289377
TARGET-30-PASCTR-01A.Detection.Pval	TARGET-30-PASCTR-01A.Detection.Pval	TARGET-NBL	450K	idat_sample_sheet_TARGET-NBL__450k_beta.txt	0.0	18.910097	7.585068
TARGET-30-PANWRR-01A.Detection.Pval	TARGET-30-PANWRR-01A.Detection.Pval	TARGET-NBL	450K	idat_sample_sheet_TARGET-NBL__450k_beta.txt	0.0	19.023783	8.590505
TARGET-30-PAMCXF-01A.Detection.Pval	TARGET-30-PAMCXF-01A.Detection.Pval	TARGET-NBL	450K	idat_sample_sheet_TARGET-NBL__450k_beta.txt	0.0	19.512915	7.2720523
TARGET-30-PAPTDH-01A.Detection.Pval	TARGET-30-PAPTDH-01A.Detection.Pval	TARGET-NBL	450K	idat_sample_sheet_TARGET-NBL__450k_beta.txt	0.0	19.446106	7.110982
TARGET-30-PARSRJ-01A.Detection.Pval	TARGET-30-PARSRJ-01A.Detection.Pval	TARGET-NBL	450K	idat_sample_sheet_TARGET-NBL__450k_beta.txt	0.0	19.426535	7.144752
TARGET-30-PAIPGU-01A.Detection.Pval	TARGET-30-PAIPGU-01A.Detection.Pval	TARGET-NBL	450K	idat_sample_sheet_TARGET-NBL__450k_beta.txt	0.0	19.669172	7.7530065
TARGET-30-PAMZGT-01A.Detection.Pval	TARGET-30-PAMZGT-01A.Detection.Pval	TARGET-NBL	450K	idat_sample_sheet_TARGET-NBL__450k_beta.txt	0.0	19.242813	7.154719
TARGET-30-PASUML-01A.Detection.Pval	TARGET-30-PASUML-01A.Detection.Pval	TARGET-NBL	450K	idat_sample_sheet_TARGET-NBL__450k_beta.txt	0.0	19.063988	7.2413483
TARGET-30-PATHKB-01A.Detection.Pval	TARGET-30-PATHKB-01A.Detection.Pval	TARGET-NBL	450K	idat_sample_sheet_TARGET-NBL__450k_beta.txt	0.0	19.481936	7.1763487
TARGET-30-PARUXY-01A.Detection.Pval	TARGET-30-PARUXY-01A.Detection.Pval	TARGET-NBL	450K	idat_sample_sheet_TARGET-NBL__450k_beta.txt	0.0	20.07811	7.7817755
TARGET-30-PARDVT-01A.Detection.Pval	TARGET-30-PARDVT-01A.Detection.Pval	TARGET-NBL	450K	idat_sample_sheet_TARGET-NBL__450k_beta.txt	0.0	19.552916	7.2848377
TARGET-30-PASYLD-01A.Detection.Pval	TARGET-30-PASYLD-01A.Detection.Pval	TARGET-NBL	450K	idat_sample_sheet_TARGET-NBL__450k_beta.txt	0.0	18.328398	7.9917927
TARGET-30-PAIXFZ-01A.Detection.Pval	TARGET-30-PAIXFZ-01A.Detection.Pval	TARGET-NBL	450K	idat_sample_sheet_TARGET-NBL__450k_beta.txt	0.0	19.21173	6.465138
TARGET-30-PASPBZ-01A.Detection.Pval	TARGET-30-PASPBZ-01A.Detection.Pval	TARGET-NBL	450K	idat_sample_sheet_TARGET-NBL__450k_beta.txt	0.0	20.59693	7.9237123
TARGET-30-PASCFC-01A.Detection.Pval	TARGET-30-PASCFC-01A.Detection.Pval	TARGET-NBL	450K	idat_sample_sheet_TARGET-NBL__450k_beta.txt	0.0	18.985851	7.2839737
TARGET-30-PASYPX-01A.Detection.Pval	TARGET-30-PASYPX-01A.Detection.Pval	TARGET-NBL	450K	idat_sample_sheet_TARGET-NBL__450k_beta.txt	0.0	19.51246	7.454769
TARGET-30-PATHVK-01A.Detection.Pval	TARGET-30-PATHVK-01A.Detection.Pval	TARGET-NBL	450K	idat_sample_sheet_TARGET-NBL__450k_beta.txt	0.0	19.296803	7.334822
TARGET-30-PANYGR-01A.Detection.Pval	TARGET-30-PANYGR-01A.Detection.Pval	TARGET-NBL	450K	idat_sample_sheet_TARGET-NBL__450k_beta.txt	0.0	19.883108	7.7155447
TARGET-30-PASWYR-01A.Detection.Pval	TARGET-30-PASWYR-01A.Detection.Pval	TARGET-NBL	450K	idat_sample_sheet_TARGET-NBL__450k_beta.txt	0.0	19.23587	7.073755
TARGET-30-PARNCW-01A.Detection.Pval	TARGET-30-PARNCW-01A.Detection.Pval	TARGET-NBL	450K	idat_sample_sheet_TARGET-NBL__450k_beta.txt	0.0	19.087252	7.326046
TARGET-30-PANKFE-01A.Detection.Pval	TARGET-30-PANKFE-01A.Detection.Pval	TARGET-NBL	450K	idat_sample_sheet_TARGET-NBL__450k_beta.txt	0.0	19.008575	7.3694263
TARGET-30-PARNEE-01A.Detection.Pval	TARGET-30-PARNEE-01A.Detection.Pval	TARGET-NBL	450K	idat_sample_sheet_TARGET-NBL__450k_beta.txt	0.0	19.665253	7.4935927
TARGET-30-PAPUWY-01A.Detection.Pval	TARGET-30-PAPUWY-01A.Detection.Pval	TARGET-NBL	450K	idat_sample_sheet_TARGET-NBL__450k_beta.txt	0.0	18.966337	7.362196
TARGET-30-PASXRG-01A.Detection.Pval	TARGET-30-PASXRG-01A.Detection.Pval	TARGET-NBL	450K	idat_sample_sheet_TARGET-NBL__450k_beta.txt	0.0	19.163694	7.3298416
TARGET-30-PAIVHE-01A.Detection.Pval	TARGET-30-PAIVHE-01A.Detection.Pval	TARGET-NBL	450K	idat_sample_sheet_TARGET-NBL__450k_beta.txt	0.0	19.189802	7.3316994
TARGET-30-PASFGG-01A.Detection.Pval	TARGET-30-PASFGG-01A.Detection.Pval	TARGET-NBL	450K	idat_sample_sheet_TARGET-NBL__450k_beta.txt	0.0	19.449749	7.1747727
TARGET-30-PARBAJ-02A.Detection.Pval	TARGET-30-PARBAJ-02A.Detection.Pval	TARGET-NBL	450K	idat_sample_sheet_TARGET-NBL__450k_beta.txt	0.0	19.625858	7.4381323
TARGET-30-PARAHE-01A.Detection.Pval	TARGET-30-PARAHE-01A.Detection.Pval	TARGET-NBL	450K	idat_sample_sheet_TARGET-NBL__450k_beta.txt	0.0	19.652815	7.484748
TARGET-30-PARXLM-01A.Detection.Pval	TARGET-30-PARXLM-01A.Detection.Pval	TARGET-NBL	450K	idat_sample_sheet_TARGET-NBL__450k_beta.txt	0.0	19.363298	7.2631416
TARGET-30-PAISNS-01A.Detection.Pval	TARGET-30-PAISNS-01A.Detection.Pval	TARGET-NBL	450K	idat_sample_sheet_TARGET-NBL__450k_beta.txt	0.0	19.176714	7.4129777
TARGET-00-NAAEPE-11A.Detection.Pval	TARGET-00-NAAEPE-11A.Detection.Pval	TARGET-NBL	450K	idat_sample_sheet_TARGET-NBL__450k_beta.txt	0.0	19.662312	7.336289
TARGET-30-PALLJJ-01A.Detection.Pval	TARGET-30-PALLJJ-01A.Detection.Pval	TARGET-NBL	450K	idat_sample_sheet_TARGET-NBL__450k_beta.txt	0.0	19.342384	7.2674108
TARGET-00-NAAENI-11A.Detection.Pval	TARGET-00-NAAENI-11A.Detection.Pval	TARGET-NBL	450K	idat_sample_sheet_TARGET-NBL__450k_beta.txt	0.0	19.212278	8.384232
TARGET-30-PAPVEB-01A.Detection.Pval	TARGET-30-PAPVEB-01A.Detection.Pval	TARGET-NBL	450K	idat_sample_sheet_TARGET-NBL__450k_beta.txt	0.0	19.838404	8.901704
TARGET-00-NAAENJ-11A.Detection.Pval	TARGET-00-NAAENJ-11A.Detection.Pval	TARGET-NBL	450K	idat_sample_sheet_TARGET-NBL__450k_beta.txt	0.0	19.81323	7.4860454
TARGET-30-PASTCN-01A.Detection.Pval	TARGET-30-PASTCN-01A.Detection.Pval	TARGET-NBL	450K	idat_sample_sheet_TARGET-NBL__450k_beta.txt	0.0	19.04817	7.467965
TARGET-30-PANLET-01A.Detection.Pval	TARGET-30-PANLET-01A.Detection.Pval	TARGET-NBL	450K	idat_sample_sheet_TARGET-NBL__450k_beta.txt	0.0	19.741314	7.640333
TARGET-00-NAAENG-11A.Detection.Pval	TARGET-00-NAAENG-11A.Detection.Pval	TARGET-NBL	450K	idat_sample_sheet_TARGET-NBL__450k_beta.txt	0.0	18.173594	6.723592
TARGET-30-PATGWT-01A.Detection.Pval	TARGET-30-PATGWT-01A.Detection.Pval	TARGET-NBL	450K	idat_sample_sheet_TARGET-NBL__450k_beta.txt	0.0	20.634558	7.8911996
TARGET-30-PARZHA-01A.Detection.Pval	TARGET-30-PARZHA-01A.Detection.Pval	TARGET-NBL	450K	idat_sample_sheet_TARGET-NBL__450k_beta.txt	0.0	19.140495	7.3868628
TARGET-30-PARKGJ-01A_1.Detection.Pval	TARGET-30-PARKGJ-01A_1.Detection.Pval	TARGET-NBL	450K	idat_sample_sheet_TARGET-NBL__450k_beta.txt	0.0	18.97836	7.4173255
TARGET-30-PALEAC-01A.Detection.Pval	TARGET-30-PALEAC-01A.Detection.Pval	TARGET-NBL	450K	idat_sample_sheet_TARGET-NBL__450k_beta.txt	0.0	19.30777	7.3004994
TARGET-30-PATEPF-01A.Detection.Pval	TARGET-30-PATEPF-01A.Detection.Pval	TARGET-NBL	450K	idat_sample_sheet_TARGET-NBL__450k_beta.txt	0.0	19.398533	7.339359
TARGET-30-PAPHPE-01A.Detection.Pval	TARGET-30-PAPHPE-01A.Detection.Pval	TARGET-NBL	450K	idat_sample_sheet_TARGET-NBL__450k_beta.txt	0.0	19.529705	7.6320167
TARGET-30-PARHAM-02A.Detection.Pval	TARGET-30-PARHAM-02A.Detection.Pval	TARGET-NBL	450K	idat_sample_sheet_TARGET-NBL__450k_beta.txt	0.0	19.257292	7.365156
TARGET-30-PAKGCI-01A.Detection.Pval	TARGET-30-PAKGCI-01A.Detection.Pval	TARGET-NBL	450K	idat_sample_sheet_TARGET-NBL__450k_beta.txt	0.0	19.227942	7.5493217
TARGET-30-PARETE-01A.Detection.Pval	TARGET-30-PARETE-01A.Detection.Pval	TARGET-NBL	450K	idat_sample_sheet_TARGET-NBL__450k_beta.txt	0.0	19.871277	7.7804627
TARGET-30-PAPEAV-01A.Detection.Pval	TARGET-30-PAPEAV-01A.Detection.Pval	TARGET-NBL	450K	idat_sample_sheet_TARGET-NBL__450k_beta.txt	0.0	19.068998	7.4469967
TARGET-30-PARGUX-01A.Detection.Pval	TARGET-30-PARGUX-01A.Detection.Pval	TARGET-NBL	450K	idat_sample_sheet_TARGET-NBL__450k_beta.txt	0.0	19.291943	7.421353
TARGET-30-PAMAFV-01A.Detection.Pval	TARGET-30-PAMAFV-01A.Detection.Pval	TARGET-NBL	450K	idat_sample_sheet_TARGET-NBL__450k_beta.txt	0.0	21.654268	7.111173
TARGET-30-PASXGP-01A.Detection.Pval	TARGET-30-PASXGP-01A.Detection.Pval	TARGET-NBL	450K	idat_sample_sheet_TARGET-NBL__450k_beta.txt	0.0	19.764399	7.660021
TARGET-30-PALFSE-01A.Detection.Pval	TARGET-30-PALFSE-01A.Detection.Pval	TARGET-NBL	450K	idat_sample_sheet_TARGET-NBL__450k_beta.txt	0.0	19.655474	7.50797
TARGET-30-PAKHAV-01A.Detection.Pval	TARGET-30-PAKHAV-01A.Detection.Pval	TARGET-NBL	450K	idat_sample_sheet_TARGET-NBL__450k_beta.txt	0.0	19.831968	8.041588
TARGET-40-PASYUK-01A	TARGET-40-PASYUK-01A.Ave_Beta	TARGET-OS	450K	idat_sample_sheet_TARGET-OS__450k_beta.txt	0.0	-2.0985575	13.699588
TARGET-40-0A4HMC-01A	TARGET-40-0A4HMC-01A.Ave_Beta	TARGET-OS	450K	idat_sample_sheet_TARGET-OS__450k_beta.txt	0.0	-2.861311	12.72071
TARGET-40-PAPXGT-01A	TARGET-40-PAPXGT-01A.Ave_Beta	TARGET-OS	450K	idat_sample_sheet_TARGET-OS__450k_beta.txt	0.0	-2.2231193	13.499453
TARGET-40-PALHRL-01A	TARGET-40-PALHRL-01A.Ave_Beta	TARGET-OS	450K	idat_sample_sheet_TARGET-OS__450k_beta.txt	0.0	-2.9149082	12.641025
TARGET-40-PANGRW-01A	TARGET-40-PANGRW-01A.Ave_Beta	TARGET-OS	450K	idat_sample_sheet_TARGET-OS__450k_beta.txt	0.0	-2.1689882	13.587312
TARGET-40-PATPBS-01A	TARGET-40-PATPBS-01A.Ave_Beta	TARGET-OS	450K	idat_sample_sheet_TARGET-OS__450k_beta.txt	0.0	-2.688958	12.94367
TARGET-40-PAUBIT-01A	TARGET-40-PAUBIT-01A.Ave_Beta	TARGET-OS	450K	idat_sample_sheet_TARGET-OS__450k_beta.txt	0.0	-2.4959457	13.190397
TARGET-40-PANPUM-01A	TARGET-40-PANPUM-01A.Ave_Beta	TARGET-OS	450K	idat_sample_sheet_TARGET-OS__450k_beta.txt	0.0	-1.1281041	14.297727
TARGET-40-PAVCLP-01A	TARGET-40-PAVCLP-01A.Ave_Beta	TARGET-OS	450K	idat_sample_sheet_TARGET-OS__450k_beta.txt	0.0	-2.3248372	13.238431
TARGET-40-PATEEM-01A	TARGET-40-PATEEM-01A.Ave_Beta	TARGET-OS	450K	idat_sample_sheet_TARGET-OS__450k_beta.txt	0.0	-1.9669323	13.922977
TARGET-40-0A4HX8-01A	TARGET-40-0A4HX8-01A.Ave_Beta	TARGET-OS	450K	idat_sample_sheet_TARGET-OS__450k_beta.txt	0.0	-1.4135982	14.384144
TARGET-40-PASKZZ-01A	TARGET-40-PASKZZ-01A.Ave_Beta	TARGET-OS	450K	idat_sample_sheet_TARGET-OS__450k_beta.txt	0.0	-2.7127411	12.985687
TARGET-40-PAUTWB-01A	TARGET-40-PAUTWB-01A.Ave_Beta	TARGET-OS	450K	idat_sample_sheet_TARGET-OS__450k_beta.txt	0.0	-2.7485316	12.926584
TARGET-40-0A4I0Q-01A	TARGET-40-0A4I0Q-01A.Ave_Beta	TARGET-OS	450K	idat_sample_sheet_TARGET-OS__450k_beta.txt	0.0	-0.95487446	14.257362
TARGET-40-PAKFVX-01A	TARGET-40-PAKFVX-01A.Ave_Beta	TARGET-OS	450K	idat_sample_sheet_TARGET-OS__450k_beta.txt	0.0	-2.9484167	12.582542
TARGET-40-PASEFS-01A	TARGET-40-PASEFS-01A.Ave_Beta	TARGET-OS	450K	idat_sample_sheet_TARGET-OS__450k_beta.txt	0.0	-1.54679	14.296165
TARGET-40-0A4I42-01A	TARGET-40-0A4I42-01A.Ave_Beta	TARGET-OS	450K	idat_sample_sheet_TARGET-OS__450k_beta.txt	0.0	-2.3727868	13.710056
TARGET-40-PANZZJ-01A	TARGET-40-PANZZJ-01A.Ave_Beta	TARGET-OS	450K	idat_sample_sheet_TARGET-OS__450k_beta.txt	0.0	-1.2189996	14.146732
TARGET-40-0A4I8U-01A	TARGET-40-0A4I8U-01A.Ave_Beta	TARGET-OS	450K	idat_sample_sheet_TARGET-OS__450k_beta.txt	0.0	-4.098722	14.079913
TARGET-40-PAMJXS-01A	TARGET-40-PAMJXS-01A.Ave_Beta	TARGET-OS	450K	idat_sample_sheet_TARGET-OS__450k_beta.txt	0.0	-2.9704695	12.580353
TARGET-40-0A4HLD-01A	TARGET-40-0A4HLD-01A.Ave_Beta	TARGET-OS	450K	idat_sample_sheet_TARGET-OS__450k_beta.txt	0.0	-2.754005	12.98987
TARGET-40-PAMLKS-01A	TARGET-40-PAMLKS-01A.Ave_Beta	TARGET-OS	450K	idat_sample_sheet_TARGET-OS__450k_beta.txt	0.0	-1.9298042	13.846456
TARGET-40-0A4I4E-01A	TARGET-40-0A4I4E-01A.Ave_Beta	TARGET-OS	450K	idat_sample_sheet_TARGET-OS__450k_beta.txt	0.0	-1.2200887	14.288858
TARGET-40-0A4I3S-01A	TARGET-40-0A4I3S-01A.Ave_Beta	TARGET-OS	450K	idat_sample_sheet_TARGET-OS__450k_beta.txt	0.0	-2.686432	13.170633
TARGET-40-PANVJJ-01A	TARGET-40-PANVJJ-01A.Ave_Beta	TARGET-OS	450K	idat_sample_sheet_TARGET-OS__450k_beta.txt	0.0	-2.2110105	13.344142
TARGET-40-0A4I4M-01A	TARGET-40-0A4I4M-01A.Ave_Beta	TARGET-OS	450K	idat_sample_sheet_TARGET-OS__450k_beta.txt	0.0	-2.8000498	12.943868
TARGET-40-0A4I48-01A	TARGET-40-0A4I48-01A.Ave_Beta	TARGET-OS	450K	idat_sample_sheet_TARGET-OS__450k_beta.txt	0.0	-2.882692	12.956642
TARGET-40-PASEBY-01A	TARGET-40-PASEBY-01A.Ave_Beta	TARGET-OS	450K	idat_sample_sheet_TARGET-OS__450k_beta.txt	0.0	-2.103404	13.705102
TARGET-40-PALECC-01A	TARGET-40-PALECC-01A.Ave_Beta	TARGET-OS	450K	idat_sample_sheet_TARGET-OS__450k_beta.txt	0.0	-2.143602	13.589323
TARGET-40-PAVDTY-01A	TARGET-40-PAVDTY-01A.Ave_Beta	TARGET-OS	450K	idat_sample_sheet_TARGET-OS__450k_beta.txt	0.0	-2.4844666	13.41709
TARGET-40-PASUUH-01A	TARGET-40-PASUUH-01A.Ave_Beta	TARGET-OS	450K	idat_sample_sheet_TARGET-OS__450k_beta.txt	0.0	-2.730894	13.080801
TARGET-40-PATMXR-01A	TARGET-40-PATMXR-01A.Ave_Beta	TARGET-OS	450K	idat_sample_sheet_TARGET-OS__450k_beta.txt	0.0	-2.2969885	13.728573
TARGET-40-PANZHX-01A	TARGET-40-PANZHX-01A.Ave_Beta	TARGET-OS	450K	idat_sample_sheet_TARGET-OS__450k_beta.txt	0.0	-2.415586	13.260476
TARGET-40-PAKZZK-01A	TARGET-40-PAKZZK-01A.Ave_Beta	TARGET-OS	450K	idat_sample_sheet_TARGET-OS__450k_beta.txt	0.0	-2.6622028	13.030737
TARGET-40-0A4I6O-01A	TARGET-40-0A4I6O-01A.Ave_Beta	TARGET-OS	450K	idat_sample_sheet_TARGET-OS__450k_beta.txt	0.0	-1.1085547	14.216283
TARGET-40-PASRNE-01A	TARGET-40-PASRNE-01A.Ave_Beta	TARGET-OS	450K	idat_sample_sheet_TARGET-OS__450k_beta.txt	0.0	-2.498088	13.583645
TARGET-40-PALKDP-01A	TARGET-40-PALKDP-01A.Ave_Beta	TARGET-OS	450K	idat_sample_sheet_TARGET-OS__450k_beta.txt	0.0	-2.9844453	12.54324
TARGET-40-PALFYN-01A	TARGET-40-PALFYN-01A.Ave_Beta	TARGET-OS	450K	idat_sample_sheet_TARGET-OS__450k_beta.txt	0.0	-2.4726768	13.226322
TARGET-40-PANMIG-01A	TARGET-40-PANMIG-01A.Ave_Beta	TARGET-OS	450K	idat_sample_sheet_TARGET-OS__450k_beta.txt	0.0	-2.3069797	13.365922
TARGET-40-PARGTM-01A	TARGET-40-PARGTM-01A.Ave_Beta	TARGET-OS	450K	idat_sample_sheet_TARGET-OS__450k_beta.txt	0.0	-2.8717294	12.736794
TARGET-40-PAVECB-01A	TARGET-40-PAVECB-01A.Ave_Beta	TARGET-OS	450K	idat_sample_sheet_TARGET-OS__450k_beta.txt	0.0	-2.2881742	13.345521
TARGET-40-PASSLM-01A	TARGET-40-PASSLM-01A.Ave_Beta	TARGET-OS	450K	idat_sample_sheet_TARGET-OS__450k_beta.txt	0.0	-2.6353743	13.223567
TARGET-40-PAUTYB-01A	TARGET-40-PAUTYB-01A.Ave_Beta	TARGET-OS	450K	idat_sample_sheet_TARGET-OS__450k_beta.txt	0.0	-2.1087537	13.8529415
TARGET-40-PANGPE-01A	TARGET-40-PANGPE-01A.Ave_Beta	TARGET-OS	450K	idat_sample_sheet_TARGET-OS__450k_beta.txt	0.0	-2.8194098	12.771909
TARGET-40-PASNZV-01A	TARGET-40-PASNZV-01A.Ave_Beta	TARGET-OS	450K	idat_sample_sheet_TARGET-OS__450k_beta.txt	0.0	-2.249786	13.790282
TARGET-40-PATMIF-01A	TARGET-40-PATMIF-01A.Ave_Beta	TARGET-OS	450K	idat_sample_sheet_TARGET-OS__450k_beta.txt	0.0	-2.8799026	12.682234
TARGET-40-PAPKWD-01A	TARGET-40-PAPKWD-01A.Ave_Beta	TARGET-OS	450K	idat_sample_sheet_TARGET-OS__450k_beta.txt	0.0	-0.9156811	14.092325
TARGET-40-PATAWV-01A	TARGET-40-PATAWV-01A.Ave_Beta	TARGET-OS	450K	idat_sample_sheet_TARGET-OS__450k_beta.txt	0.0	-2.6928356	12.946415
TARGET-40-PASFCV-01A	TARGET-40-PASFCV-01A.Ave_Beta	TARGET-OS	450K	idat_sample_sheet_TARGET-OS__450k_beta.txt	0.0	-2.790863	12.811971
TARGET-40-PANSEN-01A	TARGET-40-PANSEN-01A.Ave_Beta	TARGET-OS	450K	idat_sample_sheet_TARGET-OS__450k_beta.txt	0.0	-2.820833	12.785315
TARGET-40-PAUYTT-01A	TARGET-40-PAUYTT-01A.Ave_Beta	TARGET-OS	450K	idat_sample_sheet_TARGET-OS__450k_beta.txt	0.0	-2.77811	12.875452
TARGET-40-PAVALD-01A	TARGET-40-PAVALD-01A.Ave_Beta	TARGET-OS	450K	idat_sample_sheet_TARGET-OS__450k_beta.txt	0.0	-0.7374478	14.019561
TARGET-40-PAKXLD-01A	TARGET-40-PAKXLD-01A.Ave_Beta	TARGET-OS	450K	idat_sample_sheet_TARGET-OS__450k_beta.txt	0.0	-1.1753355	14.396394
TARGET-40-PAUVUL-01A	TARGET-40-PAUVUL-01A.Ave_Beta	TARGET-OS	450K	idat_sample_sheet_TARGET-OS__450k_beta.txt	0.0	-2.966393	12.565453
TARGET-40-PAMEKS-01A	TARGET-40-PAMEKS-01A.Ave_Beta	TARGET-OS	450K	idat_sample_sheet_TARGET-OS__450k_beta.txt	0.0	-2.7329752	12.885129
TARGET-40-PARDAX-01A	TARGET-40-PARDAX-01A.Ave_Beta	TARGET-OS	450K	idat_sample_sheet_TARGET-OS__450k_beta.txt	0.0	-2.1862648	13.827051
TARGET-40-PARFTG-01A	TARGET-40-PARFTG-01A.Ave_Beta	TARGET-OS	450K	idat_sample_sheet_TARGET-OS__450k_beta.txt	0.0	-1.0546024	14.163338
TARGET-40-PAUXPZ-01A	TARGET-40-PAUXPZ-01A.Ave_Beta	TARGET-OS	450K	idat_sample_sheet_TARGET-OS__450k_beta.txt	0.0	-2.4454913	13.362467
TARGET-40-PANXSC-01A	TARGET-40-PANXSC-01A.Ave_Beta	TARGET-OS	450K	idat_sample_sheet_TARGET-OS__450k_beta.txt	0.0	-2.952548	12.586507
TARGET-40-0A4I65-01A	TARGET-40-0A4I65-01A.Ave_Beta	TARGET-OS	450K	idat_sample_sheet_TARGET-OS__450k_beta.txt	0.0	-2.3946195	13.47875
TARGET-40-PAPFLB-01A	TARGET-40-PAPFLB-01A.Ave_Beta	TARGET-OS	450K	idat_sample_sheet_TARGET-OS__450k_beta.txt	0.0	-2.550115	13.300049
TARGET-40-PAPNVD-01A	TARGET-40-PAPNVD-01A.Ave_Beta	TARGET-OS	450K	idat_sample_sheet_TARGET-OS__450k_beta.txt	0.0	-0.6763343	14.26159
TARGET-40-PAPWWC-01A	TARGET-40-PAPWWC-01A.Ave_Beta	TARGET-OS	450K	idat_sample_sheet_TARGET-OS__450k_beta.txt	0.0	-0.693449	14.179378
TARGET-40-0A4HY5-01A	TARGET-40-0A4HY5-01A.Ave_Beta	TARGET-OS	450K	idat_sample_sheet_TARGET-OS__450k_beta.txt	0.0	-1.0435218	14.212834
TARGET-40-PATKSS-01A	TARGET-40-PATKSS-01A.Ave_Beta	TARGET-OS	450K	idat_sample_sheet_TARGET-OS__450k_beta.txt	0.0	-0.91032374	14.285473
TARGET-40-PATJVI-01A	TARGET-40-PATJVI-01A.Ave_Beta	TARGET-OS	450K	idat_sample_sheet_TARGET-OS__450k_beta.txt	0.0	-2.7109547	12.923946
TARGET-40-0A4I0W-01A	TARGET-40-0A4I0W-01A.Ave_Beta	TARGET-OS	450K	idat_sample_sheet_TARGET-OS__450k_beta.txt	0.0	-2.3727853	13.295586
TARGET-40-PALKGN-01A	TARGET-40-PALKGN-01A.Ave_Beta	TARGET-OS	450K	idat_sample_sheet_TARGET-OS__450k_beta.txt	0.0	-2.5846746	13.070172
TARGET-40-PALZGU-01A	TARGET-40-PALZGU-01A.Ave_Beta	TARGET-OS	450K	idat_sample_sheet_TARGET-OS__450k_beta.txt	0.0	-0.39443904	14.094675
TARGET-40-0A4I4O-01A	TARGET-40-0A4I4O-01A.Ave_Beta	TARGET-OS	450K	idat_sample_sheet_TARGET-OS__450k_beta.txt	0.0	-2.8321757	13.298406
TARGET-40-PAMRHD-01A	TARGET-40-PAMRHD-01A.Ave_Beta	TARGET-OS	450K	idat_sample_sheet_TARGET-OS__450k_beta.txt	0.0	-1.670014	13.879993
TARGET-40-0A4HXS-01A	TARGET-40-0A4HXS-01A.Ave_Beta	TARGET-OS	450K	idat_sample_sheet_TARGET-OS__450k_beta.txt	0.0	-1.1070566	14.259778
TARGET-40-PATUXZ-01A	TARGET-40-PATUXZ-01A.Ave_Beta	TARGET-OS	450K	idat_sample_sheet_TARGET-OS__450k_beta.txt	0.0	-2.9495564	12.614939
TARGET-40-PAMTCM-01A	TARGET-40-PAMTCM-01A.Ave_Beta	TARGET-OS	450K	idat_sample_sheet_TARGET-OS__450k_beta.txt	0.0	-1.6090455	13.883948
TARGET-40-PALWWX-01A	TARGET-40-PALWWX-01A.Ave_Beta	TARGET-OS	450K	idat_sample_sheet_TARGET-OS__450k_beta.txt	0.0	-2.7537386	12.866294
TARGET-40-PARKAF-01A	TARGET-40-PARKAF-01A.Ave_Beta	TARGET-OS	450K	idat_sample_sheet_TARGET-OS__450k_beta.txt	0.0	-2.0854325	13.785089
TARGET-40-PAUUML-01A	TARGET-40-PAUUML-01A.Ave_Beta	TARGET-OS	450K	idat_sample_sheet_TARGET-OS__450k_beta.txt	0.0	-1.2086523	14.237049
TARGET-40-PAMYYJ-01A	TARGET-40-PAMYYJ-01A.Ave_Beta	TARGET-OS	450K	idat_sample_sheet_TARGET-OS__450k_beta.txt	0.0	-1.5012778	13.876011
TARGET-40-PAKUZU-01A	TARGET-40-PAKUZU-01A.Ave_Beta	TARGET-OS	450K	idat_sample_sheet_TARGET-OS__450k_beta.txt	0.0	-2.122759	13.910915
TARGET-40-PAPIJR-01A	TARGET-40-PAPIJR-01A.Ave_Beta	TARGET-OS	450K	idat_sample_sheet_TARGET-OS__450k_beta.txt	0.0	-2.7279801	13.144964
TARGET-40-PAPVYW-01A	TARGET-40-PAPVYW-01A.Ave_Beta	TARGET-OS	450K	idat_sample_sheet_TARGET-OS__450k_beta.txt	0.0	-0.6555687	14.179732
TARGET-40-PATMPU-01A	TARGET-40-PATMPU-01A.Ave_Beta	TARGET-OS	450K	idat_sample_sheet_TARGET-OS__450k_beta.txt	0.0	-2.4574604	13.587237
TARGET-40-0A4I9K-01A	TARGET-40-0A4I9K-01A.Ave_Beta	TARGET-OS	450K	idat_sample_sheet_TARGET-OS__450k_beta.txt	0.0	-1.2685468	14.489522
TARGET-40-PARJXU-01A	TARGET-40-PARJXU-01A.Ave_Beta	TARGET-OS	450K	idat_sample_sheet_TARGET-OS__450k_beta.txt	0.0	-2.6073391	13.092729
TARGET-40-PAMHYN-01A	TARGET-40-PAMHYN-01A.Ave_Beta	TARGET-OS	450K	idat_sample_sheet_TARGET-OS__450k_beta.txt	0.0	-2.626377	13.050555
TARGET-40-0A4I5B-01A	TARGET-40-0A4I5B-01A.Ave_Beta	TARGET-OS	450K	idat_sample_sheet_TARGET-OS__450k_beta.txt	0.0	-2.9972785	12.564165
TARGET-40-PASYUK-01A.Detection.Pval	TARGET-40-PASYUK-01A.Detection.Pval	TARGET-OS	450K	idat_sample_sheet_TARGET-OS__450k_beta.txt	0.0	19.578665	7.6602726
TARGET-40-0A4HMC-01A.Detection.Pval	TARGET-40-0A4HMC-01A.Detection.Pval	TARGET-OS	450K	idat_sample_sheet_TARGET-OS__450k_beta.txt	0.0	19.825077	7.7581043
TARGET-40-PAPXGT-01A.Detection.Pval	TARGET-40-PAPXGT-01A.Detection.Pval	TARGET-OS	450K	idat_sample_sheet_TARGET-OS__450k_beta.txt	0.0	19.35206	7.5563607
TARGET-40-PALHRL-01A.Detection.Pval	TARGET-40-PALHRL-01A.Detection.Pval	TARGET-OS	450K	idat_sample_sheet_TARGET-OS__450k_beta.txt	0.0	19.71156	7.756043
TARGET-40-PANGRW-01A.Detection.Pval	TARGET-40-PANGRW-01A.Detection.Pval	TARGET-OS	450K	idat_sample_sheet_TARGET-OS__450k_beta.txt	0.0	19.423231	6.4724894
TARGET-40-PATPBS-01A.Detection.Pval	TARGET-40-PATPBS-01A.Detection.Pval	TARGET-OS	450K	idat_sample_sheet_TARGET-OS__450k_beta.txt	0.0	19.155815	7.525707
TARGET-40-PAUBIT-01A.Detection.Pval	TARGET-40-PAUBIT-01A.Detection.Pval	TARGET-OS	450K	idat_sample_sheet_TARGET-OS__450k_beta.txt	0.0	18.807243	6.837979
TARGET-40-PANPUM-01A.Detection.Pval	TARGET-40-PANPUM-01A.Detection.Pval	TARGET-OS	450K	idat_sample_sheet_TARGET-OS__450k_beta.txt	0.0	18.404491	7.926344
TARGET-40-PAVCLP-01A.Detection.Pval	TARGET-40-PAVCLP-01A.Detection.Pval	TARGET-OS	450K	idat_sample_sheet_TARGET-OS__450k_beta.txt	0.0	19.619448	7.5849075
TARGET-40-PATEEM-01A.Detection.Pval	TARGET-40-PATEEM-01A.Detection.Pval	TARGET-OS	450K	idat_sample_sheet_TARGET-OS__450k_beta.txt	0.0	19.268679	7.5881586
TARGET-40-0A4HX8-01A.Detection.Pval	TARGET-40-0A4HX8-01A.Detection.Pval	TARGET-OS	450K	idat_sample_sheet_TARGET-OS__450k_beta.txt	0.0	19.26686	8.5116625
TARGET-40-PASKZZ-01A.Detection.Pval	TARGET-40-PASKZZ-01A.Detection.Pval	TARGET-OS	450K	idat_sample_sheet_TARGET-OS__450k_beta.txt	0.0	19.713373	7.7113276
TARGET-40-PAUTWB-01A.Detection.Pval	TARGET-40-PAUTWB-01A.Detection.Pval	TARGET-OS	450K	idat_sample_sheet_TARGET-OS__450k_beta.txt	0.0	19.697933	7.813795
TARGET-40-0A4I0Q-01A.Detection.Pval	TARGET-40-0A4I0Q-01A.Detection.Pval	TARGET-OS	450K	idat_sample_sheet_TARGET-OS__450k_beta.txt	0.0	20.390762	8.086309
TARGET-40-PAKFVX-01A.Detection.Pval	TARGET-40-PAKFVX-01A.Detection.Pval	TARGET-OS	450K	idat_sample_sheet_TARGET-OS__450k_beta.txt	0.0	20.120268	8.738213
TARGET-40-PASEFS-01A.Detection.Pval	TARGET-40-PASEFS-01A.Detection.Pval	TARGET-OS	450K	idat_sample_sheet_TARGET-OS__450k_beta.txt	0.0	19.809076	8.002014
TARGET-40-0A4I42-01A.Detection.Pval	TARGET-40-0A4I42-01A.Detection.Pval	TARGET-OS	450K	idat_sample_sheet_TARGET-OS__450k_beta.txt	0.0	19.405684	7.6092405
TARGET-40-PANZZJ-01A.Detection.Pval	TARGET-40-PANZZJ-01A.Detection.Pval	TARGET-OS	450K	idat_sample_sheet_TARGET-OS__450k_beta.txt	0.0	19.716507	7.876142
TARGET-40-0A4I8U-01A.Detection.Pval	TARGET-40-0A4I8U-01A.Detection.Pval	TARGET-OS	450K	idat_sample_sheet_TARGET-OS__450k_beta.txt	0.0	19.312845	7.681834
TARGET-40-PAMJXS-01A.Detection.Pval	TARGET-40-PAMJXS-01A.Detection.Pval	TARGET-OS	450K	idat_sample_sheet_TARGET-OS__450k_beta.txt	0.0	19.777077	7.902945
TARGET-40-0A4HLD-01A.Detection.Pval	TARGET-40-0A4HLD-01A.Detection.Pval	TARGET-OS	450K	idat_sample_sheet_TARGET-OS__450k_beta.txt	0.0	19.592472	7.7426386
TARGET-40-PAMLKS-01A.Detection.Pval	TARGET-40-PAMLKS-01A.Detection.Pval	TARGET-OS	450K	idat_sample_sheet_TARGET-OS__450k_beta.txt	0.0	19.551107	7.684392
TARGET-40-0A4I4E-01A.Detection.Pval	TARGET-40-0A4I4E-01A.Detection.Pval	TARGET-OS	450K	idat_sample_sheet_TARGET-OS__450k_beta.txt	0.0	19.51611	7.7536407
TARGET-40-0A4I3S-01A.Detection.Pval	TARGET-40-0A4I3S-01A.Detection.Pval	TARGET-OS	450K	idat_sample_sheet_TARGET-OS__450k_beta.txt	0.0	19.612614	7.753074
TARGET-40-PANVJJ-01A.Detection.Pval	TARGET-40-PANVJJ-01A.Detection.Pval	TARGET-OS	450K	idat_sample_sheet_TARGET-OS__450k_beta.txt	0.0	19.327295	7.8055253
TARGET-40-0A4I4M-01A.Detection.Pval	TARGET-40-0A4I4M-01A.Detection.Pval	TARGET-OS	450K	idat_sample_sheet_TARGET-OS__450k_beta.txt	0.0	18.368954	8.019178
TARGET-40-0A4I48-01A.Detection.Pval	TARGET-40-0A4I48-01A.Detection.Pval	TARGET-OS	450K	idat_sample_sheet_TARGET-OS__450k_beta.txt	0.0	19.40019	7.545322
TARGET-40-PASEBY-01A.Detection.Pval	TARGET-40-PASEBY-01A.Detection.Pval	TARGET-OS	450K	idat_sample_sheet_TARGET-OS__450k_beta.txt	0.0	19.497662	7.7090006
TARGET-40-PALECC-01A.Detection.Pval	TARGET-40-PALECC-01A.Detection.Pval	TARGET-OS	450K	idat_sample_sheet_TARGET-OS__450k_beta.txt	0.0	19.311306	7.5581274
TARGET-40-PAVDTY-01A.Detection.Pval	TARGET-40-PAVDTY-01A.Detection.Pval	TARGET-OS	450K	idat_sample_sheet_TARGET-OS__450k_beta.txt	0.0	19.574566	7.739522
TARGET-40-PASUUH-01A.Detection.Pval	TARGET-40-PASUUH-01A.Detection.Pval	TARGET-OS	450K	idat_sample_sheet_TARGET-OS__450k_beta.txt	0.0	19.529839	7.84737
TARGET-40-PATMXR-01A.Detection.Pval	TARGET-40-PATMXR-01A.Detection.Pval	TARGET-OS	450K	idat_sample_sheet_TARGET-OS__450k_beta.txt	0.0	19.396282	7.721892
TARGET-40-PANZHX-01A.Detection.Pval	TARGET-40-PANZHX-01A.Detection.Pval	TARGET-OS	450K	idat_sample_sheet_TARGET-OS__450k_beta.txt	0.0	19.515726	7.8279314
TARGET-40-PAKZZK-01A.Detection.Pval	TARGET-40-PAKZZK-01A.Detection.Pval	TARGET-OS	450K	idat_sample_sheet_TARGET-OS__450k_beta.txt	0.0	19.778214	8.02307
TARGET-40-0A4I6O-01A.Detection.Pval	TARGET-40-0A4I6O-01A.Detection.Pval	TARGET-OS	450K	idat_sample_sheet_TARGET-OS__450k_beta.txt	0.0	19.514513	7.574993
TARGET-40-PASRNE-01A.Detection.Pval	TARGET-40-PASRNE-01A.Detection.Pval	TARGET-OS	450K	idat_sample_sheet_TARGET-OS__450k_beta.txt	0.0	19.455364	7.928047
TARGET-40-PALKDP-01A.Detection.Pval	TARGET-40-PALKDP-01A.Detection.Pval	TARGET-OS	450K	idat_sample_sheet_TARGET-OS__450k_beta.txt	0.0	19.30026	7.668277
TARGET-40-PALFYN-01A.Detection.Pval	TARGET-40-PALFYN-01A.Detection.Pval	TARGET-OS	450K	idat_sample_sheet_TARGET-OS__450k_beta.txt	0.0	20.600637	7.578903
TARGET-40-PANMIG-01A.Detection.Pval	TARGET-40-PANMIG-01A.Detection.Pval	TARGET-OS	450K	idat_sample_sheet_TARGET-OS__450k_beta.txt	0.0	18.120117	5.781066
TARGET-40-PARGTM-01A.Detection.Pval	TARGET-40-PARGTM-01A.Detection.Pval	TARGET-OS	450K	idat_sample_sheet_TARGET-OS__450k_beta.txt	0.0	19.479397	7.754824
TARGET-40-PAVECB-01A.Detection.Pval	TARGET-40-PAVECB-01A.Detection.Pval	TARGET-OS	450K	idat_sample_sheet_TARGET-OS__450k_beta.txt	0.0	19.150717	7.659134
TARGET-40-PASSLM-01A.Detection.Pval	TARGET-40-PASSLM-01A.Detection.Pval	TARGET-OS	450K	idat_sample_sheet_TARGET-OS__450k_beta.txt	0.0	19.068867	6.47623
TARGET-40-PAUTYB-01A.Detection.Pval	TARGET-40-PAUTYB-01A.Detection.Pval	TARGET-OS	450K	idat_sample_sheet_TARGET-OS__450k_beta.txt	0.0	19.426168	7.7396703
TARGET-40-PANGPE-01A.Detection.Pval	TARGET-40-PANGPE-01A.Detection.Pval	TARGET-OS	450K	idat_sample_sheet_TARGET-OS__450k_beta.txt	0.0	19.62131	7.793551
TARGET-40-PASNZV-01A.Detection.Pval	TARGET-40-PASNZV-01A.Detection.Pval	TARGET-OS	450K	idat_sample_sheet_TARGET-OS__450k_beta.txt	0.0	19.371832	7.690085
TARGET-40-PATMIF-01A.Detection.Pval	TARGET-40-PATMIF-01A.Detection.Pval	TARGET-OS	450K	idat_sample_sheet_TARGET-OS__450k_beta.txt	0.0	19.295492	7.686474
TARGET-40-PAPKWD-01A.Detection.Pval	TARGET-40-PAPKWD-01A.Detection.Pval	TARGET-OS	450K	idat_sample_sheet_TARGET-OS__450k_beta.txt	0.0	19.655333	8.24284
TARGET-40-PATAWV-01A.Detection.Pval	TARGET-40-PATAWV-01A.Detection.Pval	TARGET-OS	450K	idat_sample_sheet_TARGET-OS__450k_beta.txt	0.0	19.116066	7.7907186
TARGET-40-PASFCV-01A.Detection.Pval	TARGET-40-PASFCV-01A.Detection.Pval	TARGET-OS	450K	idat_sample_sheet_TARGET-OS__450k_beta.txt	0.0	19.618603	7.709016
TARGET-40-PANSEN-01A.Detection.Pval	TARGET-40-PANSEN-01A.Detection.Pval	TARGET-OS	450K	idat_sample_sheet_TARGET-OS__450k_beta.txt	0.0	19.598463	7.9469485
TARGET-40-PAUYTT-01A.Detection.Pval	TARGET-40-PAUYTT-01A.Detection.Pval	TARGET-OS	450K	idat_sample_sheet_TARGET-OS__450k_beta.txt	0.0	19.52812	8.019513
TARGET-40-PAVALD-01A.Detection.Pval	TARGET-40-PAVALD-01A.Detection.Pval	TARGET-OS	450K	idat_sample_sheet_TARGET-OS__450k_beta.txt	0.0	19.681696	7.9990745
TARGET-40-PAKXLD-01A.Detection.Pval	TARGET-40-PAKXLD-01A.Detection.Pval	TARGET-OS	450K	idat_sample_sheet_TARGET-OS__450k_beta.txt	0.0	19.603893	8.200572
TARGET-40-PAUVUL-01A.Detection.Pval	TARGET-40-PAUVUL-01A.Detection.Pval	TARGET-OS	450K	idat_sample_sheet_TARGET-OS__450k_beta.txt	0.0	19.53605	7.980929
TARGET-40-PAMEKS-01A.Detection.Pval	TARGET-40-PAMEKS-01A.Detection.Pval	TARGET-OS	450K	idat_sample_sheet_TARGET-OS__450k_beta.txt	0.0	19.413412	8.457114
TARGET-40-PARDAX-01A.Detection.Pval	TARGET-40-PARDAX-01A.Detection.Pval	TARGET-OS	450K	idat_sample_sheet_TARGET-OS__450k_beta.txt	0.0	19.643593	8.261932
TARGET-40-PARFTG-01A.Detection.Pval	TARGET-40-PARFTG-01A.Detection.Pval	TARGET-OS	450K	idat_sample_sheet_TARGET-OS__450k_beta.txt	0.0	19.600643	8.115136
TARGET-40-PAUXPZ-01A.Detection.Pval	TARGET-40-PAUXPZ-01A.Detection.Pval	TARGET-OS	450K	idat_sample_sheet_TARGET-OS__450k_beta.txt	0.0	18.946896	6.6040597
TARGET-40-PANXSC-01A.Detection.Pval	TARGET-40-PANXSC-01A.Detection.Pval	TARGET-OS	450K	idat_sample_sheet_TARGET-OS__450k_beta.txt	0.0	20.79868	7.599978
TARGET-40-0A4I65-01A.Detection.Pval	TARGET-40-0A4I65-01A.Detection.Pval	TARGET-OS	450K	idat_sample_sheet_TARGET-OS__450k_beta.txt	0.0	19.304993	7.8797846
TARGET-40-PAPFLB-01A.Detection.Pval	TARGET-40-PAPFLB-01A.Detection.Pval	TARGET-OS	450K	idat_sample_sheet_TARGET-OS__450k_beta.txt	0.0	19.198048	8.433497
TARGET-40-PAPNVD-01A.Detection.Pval	TARGET-40-PAPNVD-01A.Detection.Pval	TARGET-OS	450K	idat_sample_sheet_TARGET-OS__450k_beta.txt	0.0	19.374542	7.8497186
TARGET-40-PAPWWC-01A.Detection.Pval	TARGET-40-PAPWWC-01A.Detection.Pval	TARGET-OS	450K	idat_sample_sheet_TARGET-OS__450k_beta.txt	0.0	19.462986	7.9343677
TARGET-40-0A4HY5-01A.Detection.Pval	TARGET-40-0A4HY5-01A.Detection.Pval	TARGET-OS	450K	idat_sample_sheet_TARGET-OS__450k_beta.txt	0.0	19.074114	7.584706
TARGET-40-PATKSS-01A.Detection.Pval	TARGET-40-PATKSS-01A.Detection.Pval	TARGET-OS	450K	idat_sample_sheet_TARGET-OS__450k_beta.txt	0.0	19.600025	8.180862
TARGET-40-PATJVI-01A.Detection.Pval	TARGET-40-PATJVI-01A.Detection.Pval	TARGET-OS	450K	idat_sample_sheet_TARGET-OS__450k_beta.txt	0.0	18.309273	6.4839153
TARGET-40-0A4I0W-01A.Detection.Pval	TARGET-40-0A4I0W-01A.Detection.Pval	TARGET-OS	450K	idat_sample_sheet_TARGET-OS__450k_beta.txt	0.0	19.644524	8.329869
TARGET-40-PALKGN-01A.Detection.Pval	TARGET-40-PALKGN-01A.Detection.Pval	TARGET-OS	450K	idat_sample_sheet_TARGET-OS__450k_beta.txt	0.0	19.171167	7.7792354
TARGET-40-PALZGU-01A.Detection.Pval	TARGET-40-PALZGU-01A.Detection.Pval	TARGET-OS	450K	idat_sample_sheet_TARGET-OS__450k_beta.txt	0.0	19.68296	8.08463
TARGET-40-0A4I4O-01A.Detection.Pval	TARGET-40-0A4I4O-01A.Detection.Pval	TARGET-OS	450K	idat_sample_sheet_TARGET-OS__450k_beta.txt	0.0	20.648645	5.432728
TARGET-40-PAMRHD-01A.Detection.Pval	TARGET-40-PAMRHD-01A.Detection.Pval	TARGET-OS	450K	idat_sample_sheet_TARGET-OS__450k_beta.txt	0.0	19.044329	7.368536
TARGET-40-0A4HXS-01A.Detection.Pval	TARGET-40-0A4HXS-01A.Detection.Pval	TARGET-OS	450K	idat_sample_sheet_TARGET-OS__450k_beta.txt	0.0	19.383099	8.15433
TARGET-40-PATUXZ-01A.Detection.Pval	TARGET-40-PATUXZ-01A.Detection.Pval	TARGET-OS	450K	idat_sample_sheet_TARGET-OS__450k_beta.txt	0.0	20.582018	7.96419
TARGET-40-PAMTCM-01A.Detection.Pval	TARGET-40-PAMTCM-01A.Detection.Pval	TARGET-OS	450K	idat_sample_sheet_TARGET-OS__450k_beta.txt	0.0	19.15135	7.838878
TARGET-40-PALWWX-01A.Detection.Pval	TARGET-40-PALWWX-01A.Detection.Pval	TARGET-OS	450K	idat_sample_sheet_TARGET-OS__450k_beta.txt	0.0	19.484129	8.090208
TARGET-40-PARKAF-01A.Detection.Pval	TARGET-40-PARKAF-01A.Detection.Pval	TARGET-OS	450K	idat_sample_sheet_TARGET-OS__450k_beta.txt	0.0	17.7449	8.09623
TARGET-40-PAUUML-01A.Detection.Pval	TARGET-40-PAUUML-01A.Detection.Pval	TARGET-OS	450K	idat_sample_sheet_TARGET-OS__450k_beta.txt	0.0	19.502693	8.055492
TARGET-40-PAMYYJ-01A.Detection.Pval	TARGET-40-PAMYYJ-01A.Detection.Pval	TARGET-OS	450K	idat_sample_sheet_TARGET-OS__450k_beta.txt	0.0	19.276659	7.7345686
TARGET-40-PAKUZU-01A.Detection.Pval	TARGET-40-PAKUZU-01A.Detection.Pval	TARGET-OS	450K	idat_sample_sheet_TARGET-OS__450k_beta.txt	0.0	19.561	8.2540455
TARGET-40-PAPIJR-01A.Detection.Pval	TARGET-40-PAPIJR-01A.Detection.Pval	TARGET-OS	450K	idat_sample_sheet_TARGET-OS__450k_beta.txt	0.0	19.472715	7.87806
TARGET-40-PAPVYW-01A.Detection.Pval	TARGET-40-PAPVYW-01A.Detection.Pval	TARGET-OS	450K	idat_sample_sheet_TARGET-OS__450k_beta.txt	0.0	19.539656	8.086095
TARGET-40-PATMPU-01A.Detection.Pval	TARGET-40-PATMPU-01A.Detection.Pval	TARGET-OS	450K	idat_sample_sheet_TARGET-OS__450k_beta.txt	0.0	19.340862	8.057715
TARGET-40-0A4I9K-01A.Detection.Pval	TARGET-40-0A4I9K-01A.Detection.Pval	TARGET-OS	450K	idat_sample_sheet_TARGET-OS__450k_beta.txt	0.0	19.267338	8.049824
TARGET-40-PARJXU-01A.Detection.Pval	TARGET-40-PARJXU-01A.Detection.Pval	TARGET-OS	450K	idat_sample_sheet_TARGET-OS__450k_beta.txt	0.0	19.39692	8.149684
TARGET-40-PAMHYN-01A.Detection.Pval	TARGET-40-PAMHYN-01A.Detection.Pval	TARGET-OS	450K	idat_sample_sheet_TARGET-OS__450k_beta.txt	0.0	18.734829	8.232681
TARGET-40-0A4I5B-01A.Detection.Pval	TARGET-40-0A4I5B-01A.Detection.Pval	TARGET-OS	450K	idat_sample_sheet_TARGET-OS__450k_beta.txt	0.0	19.26386	8.00691
TARGET-50-PAJNNC-01A	TARGET-50-PAJNNC-01A.Ave_Beta	TARGET-WT	450K	idat_sample_sheet_TARGET-WT__450k_beta.txt	0.0	-0.21348517	13.018255
TARGET-50-PAJMKJ-01A	TARGET-50-PAJMKJ-01A.Ave_Beta	TARGET-WT	450K	idat_sample_sheet_TARGET-WT__450k_beta.txt	0.0	-0.32531762	13.177565
TARGET-50-PAJMVC-01A	TARGET-50-PAJMVC-01A.Ave_Beta	TARGET-WT	450K	idat_sample_sheet_TARGET-WT__450k_beta.txt	0.0	-0.7089648	12.49471
TARGET-50-PAJMIZ-01A	TARGET-50-PAJMIZ-01A.Ave_Beta	TARGET-WT	450K	idat_sample_sheet_TARGET-WT__450k_beta.txt	0.0	0.45926037	12.632187
TARGET-50-PAJNUS-01A	TARGET-50-PAJNUS-01A.Ave_Beta	TARGET-WT	450K	idat_sample_sheet_TARGET-WT__450k_beta.txt	0.0	-0.47363234	12.609715
TARGET-50-PAJMSE-01A	TARGET-50-PAJMSE-01A.Ave_Beta	TARGET-WT	450K	idat_sample_sheet_TARGET-WT__450k_beta.txt	0.0	0.42756236	12.608882
TARGET-50-PAKNRX-01A	TARGET-50-PAKNRX-01A.Ave_Beta	TARGET-WT	450K	idat_sample_sheet_TARGET-WT__450k_beta.txt	0.0	-0.20846711	13.195332
TARGET-50-PAJLKC-01A	TARGET-50-PAJLKC-01A.Ave_Beta	TARGET-WT	450K	idat_sample_sheet_TARGET-WT__450k_beta.txt	0.0	0.2128904	13.282393
TARGET-50-PAJNUP-01A	TARGET-50-PAJNUP-01A.Ave_Beta	TARGET-WT	450K	idat_sample_sheet_TARGET-WT__450k_beta.txt	0.0	-0.7149802	13.128302
TARGET-50-PAJMEL-01A	TARGET-50-PAJMEL-01A.Ave_Beta	TARGET-WT	450K	idat_sample_sheet_TARGET-WT__450k_beta.txt	0.0	-0.4351387	12.617139
TARGET-50-PAJNTJ-02A	TARGET-50-PAJNTJ-02A.Ave_Beta	TARGET-WT	450K	idat_sample_sheet_TARGET-WT__450k_beta.txt	0.0	-0.4274171	12.944608
TARGET-50-PAJNBN-01A	TARGET-50-PAJNBN-01A.Ave_Beta	TARGET-WT	450K	idat_sample_sheet_TARGET-WT__450k_beta.txt	0.0	0.4452949	12.632437
TARGET-50-PAJMKI-01A	TARGET-50-PAJMKI-01A.Ave_Beta	TARGET-WT	450K	idat_sample_sheet_TARGET-WT__450k_beta.txt	0.0	0.3037584	12.641223
TARGET-50-PAJPAU-01A	TARGET-50-PAJPAU-01A.Ave_Beta	TARGET-WT	450K	idat_sample_sheet_TARGET-WT__450k_beta.txt	0.0	0.30684543	13.074548
TARGET-50-PAJLIP-01A	TARGET-50-PAJLIP-01A.Ave_Beta	TARGET-WT	450K	idat_sample_sheet_TARGET-WT__450k_beta.txt	0.0	0.25189134	12.6873865
TARGET-50-CAAAAJ-01A	TARGET-50-CAAAAJ-01A.Ave_Beta	TARGET-WT	450K	idat_sample_sheet_TARGET-WT__450k_beta.txt	0.0	-0.46105212	12.658992
TARGET-50-PALEZT-01A	TARGET-50-PALEZT-01A.Ave_Beta	TARGET-WT	450K	idat_sample_sheet_TARGET-WT__450k_beta.txt	0.0	0.114978455	13.353469
TARGET-50-PAJMEN-01A	TARGET-50-PAJMEN-01A.Ave_Beta	TARGET-WT	450K	idat_sample_sheet_TARGET-WT__450k_beta.txt	0.0	0.42195776	13.063541
TARGET-50-PAKZFK-01A	TARGET-50-PAKZFK-01A.Ave_Beta	TARGET-WT	450K	idat_sample_sheet_TARGET-WT__450k_beta.txt	0.0	-0.30616435	12.4648695
TARGET-50-PAKPDF-01A	TARGET-50-PAKPDF-01A.Ave_Beta	TARGET-WT	450K	idat_sample_sheet_TARGET-WT__450k_beta.txt	0.0	0.34133238	12.678478
TARGET-50-CAAAAM-01A	TARGET-50-CAAAAM-01A.Ave_Beta	TARGET-WT	450K	idat_sample_sheet_TARGET-WT__450k_beta.txt	0.0	-0.7406746	13.752215
TARGET-50-PALERC-01A	TARGET-50-PALERC-01A.Ave_Beta	TARGET-WT	450K	idat_sample_sheet_TARGET-WT__450k_beta.txt	0.0	-3.5023806	14.737899
TARGET-50-PAKGED-01A	TARGET-50-PAKGED-01A.Ave_Beta	TARGET-WT	450K	idat_sample_sheet_TARGET-WT__450k_beta.txt	0.0	-0.14734405	13.097669
TARGET-50-PAJNJJ-01A	TARGET-50-PAJNJJ-01A.Ave_Beta	TARGET-WT	450K	idat_sample_sheet_TARGET-WT__450k_beta.txt	0.0	-0.96966046	13.743904
TARGET-50-PAKECR-01A	TARGET-50-PAKECR-01A.Ave_Beta	TARGET-WT	450K	idat_sample_sheet_TARGET-WT__450k_beta.txt	0.0	-0.8817844	13.665802
TARGET-50-PAJNZS-01A	TARGET-50-PAJNZS-01A.Ave_Beta	TARGET-WT	450K	idat_sample_sheet_TARGET-WT__450k_beta.txt	0.0	-0.0014229064	13.083379
TARGET-50-PAJMRL-01A	TARGET-50-PAJMRL-01A.Ave_Beta	TARGET-WT	450K	idat_sample_sheet_TARGET-WT__450k_beta.txt	0.0	-0.2611636	13.481278
TARGET-50-PAJNNR-01A	TARGET-50-PAJNNR-01A.Ave_Beta	TARGET-WT	450K	idat_sample_sheet_TARGET-WT__450k_beta.txt	0.0	0.31051755	12.683172
TARGET-50-PAJLTH-01A	TARGET-50-PAJLTH-01A.Ave_Beta	TARGET-WT	450K	idat_sample_sheet_TARGET-WT__450k_beta.txt	0.0	0.0731831	13.3424
TARGET-50-PALFRD-01A	TARGET-50-PALFRD-01A.Ave_Beta	TARGET-WT	450K	idat_sample_sheet_TARGET-WT__450k_beta.txt	0.0	0.4313109	13.080981
TARGET-50-PAJNEC-01A	TARGET-50-PAJNEC-01A.Ave_Beta	TARGET-WT	450K	idat_sample_sheet_TARGET-WT__450k_beta.txt	0.0	0.11865438	13.0166445
TARGET-50-PADXAY-01A	TARGET-50-PADXAY-01A.Ave_Beta	TARGET-WT	450K	idat_sample_sheet_TARGET-WT__450k_beta.txt	0.0	-0.20972106	13.114175
TARGET-50-PAJPHA-01A	TARGET-50-PAJPHA-01A.Ave_Beta	TARGET-WT	450K	idat_sample_sheet_TARGET-WT__450k_beta.txt	0.0	-0.62302214	12.56232
TARGET-50-PAJNVX-01A	TARGET-50-PAJNVX-01A.Ave_Beta	TARGET-WT	450K	idat_sample_sheet_TARGET-WT__450k_beta.txt	0.0	-0.79154533	14.1137905
TARGET-50-PAJMJT-01A	TARGET-50-PAJMJT-01A.Ave_Beta	TARGET-WT	450K	idat_sample_sheet_TARGET-WT__450k_beta.txt	0.0	-0.47303638	12.666041
TARGET-50-PAKSCC-01A	TARGET-50-PAKSCC-01A.Ave_Beta	TARGET-WT	450K	idat_sample_sheet_TARGET-WT__450k_beta.txt	0.0	-0.97862756	13.401756
TARGET-50-PALKRS-01A	TARGET-50-PALKRS-01A.Ave_Beta	TARGET-WT	450K	idat_sample_sheet_TARGET-WT__450k_beta.txt	0.0	-0.5038039	12.762598
TARGET-50-PAJMJK-01A	TARGET-50-PAJMJK-01A.Ave_Beta	TARGET-WT	450K	idat_sample_sheet_TARGET-WT__450k_beta.txt	0.0	-0.37892658	12.931399
TARGET-50-PALGVY-01A	TARGET-50-PALGVY-01A.Ave_Beta	TARGET-WT	450K	idat_sample_sheet_TARGET-WT__450k_beta.txt	0.0	-0.15912428	13.016797
TARGET-50-PAJNGH-01A	TARGET-50-PAJNGH-01A.Ave_Beta	TARGET-WT	450K	idat_sample_sheet_TARGET-WT__450k_beta.txt	0.0	-0.097156554	13.567321
TARGET-50-CAAAAQ-01A	TARGET-50-CAAAAQ-01A.Ave_Beta	TARGET-WT	450K	idat_sample_sheet_TARGET-WT__450k_beta.txt	0.0	0.08833746	12.614795
TARGET-50-PAKWPM-01A	TARGET-50-PAKWPM-01A.Ave_Beta	TARGET-WT	450K	idat_sample_sheet_TARGET-WT__450k_beta.txt	0.0	-0.15524998	12.773032
TARGET-50-PAJNVE-01A	TARGET-50-PAJNVE-01A.Ave_Beta	TARGET-WT	450K	idat_sample_sheet_TARGET-WT__450k_beta.txt	0.0	0.25979832	12.71378
TARGET-50-CAAAAH-01A	TARGET-50-CAAAAH-01A.Ave_Beta	TARGET-WT	450K	idat_sample_sheet_TARGET-WT__450k_beta.txt	0.0	0.050581608	12.631394
TARGET-50-PALKCW-01A	TARGET-50-PALKCW-01A.Ave_Beta	TARGET-WT	450K	idat_sample_sheet_TARGET-WT__450k_beta.txt	0.0	0.42134067	12.758598
TARGET-50-PALLFB-01A	TARGET-50-PALLFB-01A.Ave_Beta	TARGET-WT	450K	idat_sample_sheet_TARGET-WT__450k_beta.txt	0.0	0.26039466	12.832341
TARGET-50-PAKRZW-01A	TARGET-50-PAKRZW-01A.Ave_Beta	TARGET-WT	450K	idat_sample_sheet_TARGET-WT__450k_beta.txt	0.0	-0.67253476	12.482094
TARGET-50-PAKZHF-01A	TARGET-50-PAKZHF-01A.Ave_Beta	TARGET-WT	450K	idat_sample_sheet_TARGET-WT__450k_beta.txt	0.0	-0.0022707626	12.396205
TARGET-50-PAJMFY-01A	TARGET-50-PAJMFY-01A.Ave_Beta	TARGET-WT	450K	idat_sample_sheet_TARGET-WT__450k_beta.txt	0.0	0.47437632	12.579221
TARGET-50-PAJNYT-01A	TARGET-50-PAJNYT-01A.Ave_Beta	TARGET-WT	450K	idat_sample_sheet_TARGET-WT__450k_beta.txt	0.0	-0.5043699	12.457239
TARGET-50-PAKYLT-01A	TARGET-50-PAKYLT-01A.Ave_Beta	TARGET-WT	450K	idat_sample_sheet_TARGET-WT__450k_beta.txt	0.0	-0.9015941	14.173382
TARGET-50-PAJNAA-01A	TARGET-50-PAJNAA-01A.Ave_Beta	TARGET-WT	450K	idat_sample_sheet_TARGET-WT__450k_beta.txt	0.0	-0.16484849	13.238483
TARGET-50-PAKKNS-01A	TARGET-50-PAKKNS-01A.Ave_Beta	TARGET-WT	450K	idat_sample_sheet_TARGET-WT__450k_beta.txt	0.0	-0.18938288	13.200051
TARGET-50-PAJPCM-01A	TARGET-50-PAJPCM-01A.Ave_Beta	TARGET-WT	450K	idat_sample_sheet_TARGET-WT__450k_beta.txt	0.0	0.36055455	12.593622
TARGET-50-PAJLUJ-06A	TARGET-50-PAJLUJ-06A.Ave_Beta	TARGET-WT	450K	idat_sample_sheet_TARGET-WT__450k_beta.txt	0.0	-0.5616419	12.686596
TARGET-50-PALJIP-01A	TARGET-50-PALJIP-01A.Ave_Beta	TARGET-WT	450K	idat_sample_sheet_TARGET-WT__450k_beta.txt	0.0	0.18698902	13.287148
TARGET-50-PAJNZU-01A	TARGET-50-PAJNZU-01A.Ave_Beta	TARGET-WT	450K	idat_sample_sheet_TARGET-WT__450k_beta.txt	0.0	-0.39090818	12.548394
TARGET-50-CAAAAO-01A	TARGET-50-CAAAAO-01A.Ave_Beta	TARGET-WT	450K	idat_sample_sheet_TARGET-WT__450k_beta.txt	0.0	0.566989	12.397482
TARGET-50-PALDTE-01A	TARGET-50-PALDTE-01A.Ave_Beta	TARGET-WT	450K	idat_sample_sheet_TARGET-WT__450k_beta.txt	0.0	0.58311266	12.374108
TARGET-50-PAJLKR-01A	TARGET-50-PAJLKR-01A.Ave_Beta	TARGET-WT	450K	idat_sample_sheet_TARGET-WT__450k_beta.txt	0.0	0.48290876	12.55201
TARGET-50-PAJPDC-01A	TARGET-50-PAJPDC-01A.Ave_Beta	TARGET-WT	450K	idat_sample_sheet_TARGET-WT__450k_beta.txt	0.0	0.07771944	12.467255
TARGET-50-CAAAAC-01A	TARGET-50-CAAAAC-01A.Ave_Beta	TARGET-WT	450K	idat_sample_sheet_TARGET-WT__450k_beta.txt	0.0	0.14823768	13.130137
TARGET-50-PAJLSP-01A	TARGET-50-PAJLSP-01A.Ave_Beta	TARGET-WT	450K	idat_sample_sheet_TARGET-WT__450k_beta.txt	0.0	0.20383018	12.569322
TARGET-50-PAKUIT-01A	TARGET-50-PAKUIT-01A.Ave_Beta	TARGET-WT	450K	idat_sample_sheet_TARGET-WT__450k_beta.txt	0.0	0.10196631	12.729896
TARGET-50-PAKZER-01A	TARGET-50-PAKZER-01A.Ave_Beta	TARGET-WT	450K	idat_sample_sheet_TARGET-WT__450k_beta.txt	0.0	-0.24838306	13.116581
TARGET-50-CAAAAS-01A	TARGET-50-CAAAAS-01A.Ave_Beta	TARGET-WT	450K	idat_sample_sheet_TARGET-WT__450k_beta.txt	0.0	0.22195856	13.298173
TARGET-50-CAAAAP-01A	TARGET-50-CAAAAP-01A.Ave_Beta	TARGET-WT	450K	idat_sample_sheet_TARGET-WT__450k_beta.txt	0.0	0.2303833	12.878504
TARGET-50-PAKXXF-01A	TARGET-50-PAKXXF-01A.Ave_Beta	TARGET-WT	450K	idat_sample_sheet_TARGET-WT__450k_beta.txt	0.0	0.048198897	12.395312
TARGET-50-PADZUB-01A	TARGET-50-PADZUB-01A.Ave_Beta	TARGET-WT	450K	idat_sample_sheet_TARGET-WT__450k_beta.txt	0.0	-0.030173762	12.813496
TARGET-50-PAJNRL-01A	TARGET-50-PAJNRL-01A.Ave_Beta	TARGET-WT	450K	idat_sample_sheet_TARGET-WT__450k_beta.txt	0.0	0.3431904	12.612644
TARGET-50-PAKNXS-01A	TARGET-50-PAKNXS-01A.Ave_Beta	TARGET-WT	450K	idat_sample_sheet_TARGET-WT__450k_beta.txt	0.0	0.053604327	12.914864
TARGET-50-PAJMLZ-01A	TARGET-50-PAJMLZ-01A.Ave_Beta	TARGET-WT	450K	idat_sample_sheet_TARGET-WT__450k_beta.txt	0.0	0.10869346	13.056018
TARGET-50-PALFME-02A	TARGET-50-PALFME-02A.Ave_Beta	TARGET-WT	450K	idat_sample_sheet_TARGET-WT__450k_beta.txt	0.0	0.16531855	13.20476
TARGET-50-PAKRVH-01A	TARGET-50-PAKRVH-01A.Ave_Beta	TARGET-WT	450K	idat_sample_sheet_TARGET-WT__450k_beta.txt	0.0	0.51425916	12.530186
TARGET-50-PAJMVU-01A	TARGET-50-PAJMVU-01A.Ave_Beta	TARGET-WT	450K	idat_sample_sheet_TARGET-WT__450k_beta.txt	0.0	-0.11944256	13.267096
TARGET-50-PAJNCJ-01A	TARGET-50-PAJNCJ-01A.Ave_Beta	TARGET-WT	450K	idat_sample_sheet_TARGET-WT__450k_beta.txt	0.0	0.10066926	12.740499
TARGET-50-PALFME-01A	TARGET-50-PALFME-01A.Ave_Beta	TARGET-WT	450K	idat_sample_sheet_TARGET-WT__450k_beta.txt	0.0	0.24519789	12.997687
TARGET-50-PAJMKN-01A	TARGET-50-PAJMKN-01A.Ave_Beta	TARGET-WT	450K	idat_sample_sheet_TARGET-WT__450k_beta.txt	0.0	-0.21411787	13.268996
TARGET-50-PAJLNJ-01A	TARGET-50-PAJLNJ-01A.Ave_Beta	TARGET-WT	450K	idat_sample_sheet_TARGET-WT__450k_beta.txt	0.0	-0.4108083	12.550173
TARGET-50-PAJPGY-01A	TARGET-50-PAJPGY-01A.Ave_Beta	TARGET-WT	450K	idat_sample_sheet_TARGET-WT__450k_beta.txt	0.0	-0.31421033	12.840574
TARGET-50-PAKMSV-01A	TARGET-50-PAKMSV-01A.Ave_Beta	TARGET-WT	450K	idat_sample_sheet_TARGET-WT__450k_beta.txt	0.0	0.35833314	12.478069
TARGET-50-PAKYFC-01A	TARGET-50-PAKYFC-01A.Ave_Beta	TARGET-WT	450K	idat_sample_sheet_TARGET-WT__450k_beta.txt	0.0	-0.3498932	12.635064
TARGET-50-CAAAAA-01A	TARGET-50-CAAAAA-01A.Ave_Beta	TARGET-WT	450K	idat_sample_sheet_TARGET-WT__450k_beta.txt	0.0	-0.60298187	13.469131
TARGET-50-CAAAAB-01A	TARGET-50-CAAAAB-01A.Ave_Beta	TARGET-WT	450K	idat_sample_sheet_TARGET-WT__450k_beta.txt	0.0	0.0810159	12.497379
TARGET-50-PAKJGM-01A	TARGET-50-PAKJGM-01A.Ave_Beta	TARGET-WT	450K	idat_sample_sheet_TARGET-WT__450k_beta.txt	0.0	0.42763865	12.51404
TARGET-50-PAJPDN-01A	TARGET-50-PAJPDN-01A.Ave_Beta	TARGET-WT	450K	idat_sample_sheet_TARGET-WT__450k_beta.txt	0.0	-0.32258075	12.438136
TARGET-50-CAAAAL-01A	TARGET-50-CAAAAL-01A.Ave_Beta	TARGET-WT	450K	idat_sample_sheet_TARGET-WT__450k_beta.txt	0.0	0.55384785	12.43998
TARGET-50-PAKSDG-01A	TARGET-50-PAKSDG-01A.Ave_Beta	TARGET-WT	450K	idat_sample_sheet_TARGET-WT__450k_beta.txt	0.0	0.46534887	12.68772
TARGET-50-PAEBXA-01A	TARGET-50-PAEBXA-01A.Ave_Beta	TARGET-WT	450K	idat_sample_sheet_TARGET-WT__450k_beta.txt	0.0	-0.08030173	13.008655
TARGET-50-PAKXWB-01A	TARGET-50-PAKXWB-01A.Ave_Beta	TARGET-WT	450K	idat_sample_sheet_TARGET-WT__450k_beta.txt	0.0	0.15114416	13.012637
TARGET-50-PAJNZK-01A	TARGET-50-PAJNZK-01A.Ave_Beta	TARGET-WT	450K	idat_sample_sheet_TARGET-WT__450k_beta.txt	0.0	0.38393974	12.667298
TARGET-50-PAJLWT-01A	TARGET-50-PAJLWT-01A.Ave_Beta	TARGET-WT	450K	idat_sample_sheet_TARGET-WT__450k_beta.txt	0.0	-0.19902365	12.326938
TARGET-50-PALDWP-01A	TARGET-50-PALDWP-01A.Ave_Beta	TARGET-WT	450K	idat_sample_sheet_TARGET-WT__450k_beta.txt	0.0	0.43313277	12.543377
TARGET-50-PAKVET-01A	TARGET-50-PAKVET-01A.Ave_Beta	TARGET-WT	450K	idat_sample_sheet_TARGET-WT__450k_beta.txt	0.0	-0.16567528	13.23669
TARGET-50-PAJMUF-01A	TARGET-50-PAJMUF-01A.Ave_Beta	TARGET-WT	450K	idat_sample_sheet_TARGET-WT__450k_beta.txt	0.0	-0.75986266	13.376667
TARGET-50-PAKFME-01A	TARGET-50-PAKFME-01A.Ave_Beta	TARGET-WT	450K	idat_sample_sheet_TARGET-WT__450k_beta.txt	0.0	-0.2538021	12.614865
TARGET-50-PAJPDC-02A	TARGET-50-PAJPDC-02A.Ave_Beta	TARGET-WT	450K	idat_sample_sheet_TARGET-WT__450k_beta.txt	0.0	0.30650586	12.456787
TARGET-50-PAKKSE-01A	TARGET-50-PAKKSE-01A.Ave_Beta	TARGET-WT	450K	idat_sample_sheet_TARGET-WT__450k_beta.txt	0.0	-0.63790685	12.548343
TARGET-50-PAJNDU-01A	TARGET-50-PAJNDU-01A.Ave_Beta	TARGET-WT	450K	idat_sample_sheet_TARGET-WT__450k_beta.txt	0.0	-0.5769145	13.199171
TARGET-50-PAECJB-01A	TARGET-50-PAECJB-01A.Ave_Beta	TARGET-WT	450K	idat_sample_sheet_TARGET-WT__450k_beta.txt	0.0	-0.73840356	13.466438
TARGET-50-PAKULH-01A	TARGET-50-PAKULH-01A.Ave_Beta	TARGET-WT	450K	idat_sample_sheet_TARGET-WT__450k_beta.txt	0.0	-0.15801212	13.254469
TARGET-50-PAJMMY-01A	TARGET-50-PAJMMY-01A.Ave_Beta	TARGET-WT	450K	idat_sample_sheet_TARGET-WT__450k_beta.txt	0.0	-0.15428632	12.52123
TARGET-50-PAJNLT-01A	TARGET-50-PAJNLT-01A.Ave_Beta	TARGET-WT	450K	idat_sample_sheet_TARGET-WT__450k_beta.txt	0.0	-0.46826896	13.204433
TARGET-50-PAKGZX-01A	TARGET-50-PAKGZX-01A.Ave_Beta	TARGET-WT	450K	idat_sample_sheet_TARGET-WT__450k_beta.txt	0.0	-0.044983536	13.240881
TARGET-50-PAJPAR-01A	TARGET-50-PAJPAR-01A.Ave_Beta	TARGET-WT	450K	idat_sample_sheet_TARGET-WT__450k_beta.txt	0.0	0.09603761	12.858052
TARGET-50-PAJMXF-01A	TARGET-50-PAJMXF-01A.Ave_Beta	TARGET-WT	450K	idat_sample_sheet_TARGET-WT__450k_beta.txt	0.0	0.3159799	13.326034
TARGET-50-PALGAZ-01A	TARGET-50-PALGAZ-01A.Ave_Beta	TARGET-WT	450K	idat_sample_sheet_TARGET-WT__450k_beta.txt	0.0	0.3675312	12.679253
TARGET-50-PAJMFU-01A	TARGET-50-PAJMFU-01A.Ave_Beta	TARGET-WT	450K	idat_sample_sheet_TARGET-WT__450k_beta.txt	0.0	0.5604998	12.387224
TARGET-50-PAJNCZ-01A	TARGET-50-PAJNCZ-01A.Ave_Beta	TARGET-WT	450K	idat_sample_sheet_TARGET-WT__450k_beta.txt	0.0	-0.2989608	12.570684
TARGET-50-PAJNRH-01A	TARGET-50-PAJNRH-01A.Ave_Beta	TARGET-WT	450K	idat_sample_sheet_TARGET-WT__450k_beta.txt	0.0	0.15739122	12.32636
TARGET-50-PAEAFB-01A	TARGET-50-PAEAFB-01A.Ave_Beta	TARGET-WT	450K	idat_sample_sheet_TARGET-WT__450k_beta.txt	0.0	-0.20803496	12.718064
TARGET-50-PAKFYV-01A	TARGET-50-PAKFYV-01A.Ave_Beta	TARGET-WT	450K	idat_sample_sheet_TARGET-WT__450k_beta.txt	0.0	0.14380445	12.393856
TARGET-50-PALLCK-01A	TARGET-50-PALLCK-01A.Ave_Beta	TARGET-WT	450K	idat_sample_sheet_TARGET-WT__450k_beta.txt	0.0	-0.363143	13.432088
TARGET-50-PAJLTI-01A	TARGET-50-PAJLTI-01A.Ave_Beta	TARGET-WT	450K	idat_sample_sheet_TARGET-WT__450k_beta.txt	0.0	-0.1327958	13.222857
TARGET-50-PAKNTW-01A	TARGET-50-PAKNTW-01A.Ave_Beta	TARGET-WT	450K	idat_sample_sheet_TARGET-WT__450k_beta.txt	0.0	-0.03475074	12.456495
TARGET-50-PAJNSL-01A	TARGET-50-PAJNSL-01A.Ave_Beta	TARGET-WT	450K	idat_sample_sheet_TARGET-WT__450k_beta.txt	0.0	-0.74067175	13.279658
TARGET-50-CAAAAR-01A	TARGET-50-CAAAAR-01A.Ave_Beta	TARGET-WT	450K	idat_sample_sheet_TARGET-WT__450k_beta.txt	0.0	-0.57443094	12.691959
TARGET-50-PALGLU-01A	TARGET-50-PALGLU-01A.Ave_Beta	TARGET-WT	450K	idat_sample_sheet_TARGET-WT__450k_beta.txt	0.0	-0.33212388	12.895288
TARGET-50-PAJLLF-01A	TARGET-50-PAJLLF-01A.Ave_Beta	TARGET-WT	450K	idat_sample_sheet_TARGET-WT__450k_beta.txt	0.0	-0.13888045	12.998986
TARGET-50-PAJPEW-01A	TARGET-50-PAJPEW-01A.Ave_Beta	TARGET-WT	450K	idat_sample_sheet_TARGET-WT__450k_beta.txt	0.0	-0.40361887	12.409958
TARGET-50-PAJNTJ-01A	TARGET-50-PAJNTJ-01A.Ave_Beta	TARGET-WT	450K	idat_sample_sheet_TARGET-WT__450k_beta.txt	0.0	-0.45301932	12.9133005
TARGET-50-PALJIP-02A	TARGET-50-PALJIP-02A.Ave_Beta	TARGET-WT	450K	idat_sample_sheet_TARGET-WT__450k_beta.txt	0.0	0.1410245	13.347535
TARGET-50-PAJNGH-02A	TARGET-50-PAJNGH-02A.Ave_Beta	TARGET-WT	450K	idat_sample_sheet_TARGET-WT__450k_beta.txt	0.0	-0.06980829	13.488295
TARGET-50-PAJNAV-01A	TARGET-50-PAJNAV-01A.Ave_Beta	TARGET-WT	450K	idat_sample_sheet_TARGET-WT__450k_beta.txt	0.0	-0.7288087	13.451406
TARGET-50-PAJNZI-01A	TARGET-50-PAJNZI-01A.Ave_Beta	TARGET-WT	450K	idat_sample_sheet_TARGET-WT__450k_beta.txt	0.0	0.10030836	12.874666
TARGET-50-PAKNAL-01A	TARGET-50-PAKNAL-01A.Ave_Beta	TARGET-WT	450K	idat_sample_sheet_TARGET-WT__450k_beta.txt	0.0	-0.50520366	12.733429
TARGET-50-PAJLPX-01A	TARGET-50-PAJLPX-01A.Ave_Beta	TARGET-WT	450K	idat_sample_sheet_TARGET-WT__450k_beta.txt	0.0	0.055429313	12.65275
TARGET-50-PAJMEP-01A	TARGET-50-PAJMEP-01A.Ave_Beta	TARGET-WT	450K	idat_sample_sheet_TARGET-WT__450k_beta.txt	0.0	0.36430094	12.7053795
TARGET-50-PAKMUB-01A	TARGET-50-PAKMUB-01A.Ave_Beta	TARGET-WT	450K	idat_sample_sheet_TARGET-WT__450k_beta.txt	0.0	-0.42977008	12.9257145
TARGET-50-PAJMLI-01A	TARGET-50-PAJMLI-01A.Ave_Beta	TARGET-WT	450K	idat_sample_sheet_TARGET-WT__450k_beta.txt	0.0	-0.4921451	12.788609
TARGET-50-PAJNCC-01A	TARGET-50-PAJNCC-01A.Ave_Beta	TARGET-WT	450K	idat_sample_sheet_TARGET-WT__450k_beta.txt	0.0	-3.137723	14.861325
TARGET-50-PAJNNC-01A.Detection.Pval	TARGET-50-PAJNNC-01A.Detection.Pval	TARGET-WT	450K	idat_sample_sheet_TARGET-WT__450k_beta.txt	0.0	19.383219	8.099682
TARGET-50-PAJMKJ-01A.Detection.Pval	TARGET-50-PAJMKJ-01A.Detection.Pval	TARGET-WT	450K	idat_sample_sheet_TARGET-WT__450k_beta.txt	0.0	19.383165	7.9348016
TARGET-50-PAJMVC-01A.Detection.Pval	TARGET-50-PAJMVC-01A.Detection.Pval	TARGET-WT	450K	idat_sample_sheet_TARGET-WT__450k_beta.txt	0.0	19.301338	7.9545875
TARGET-50-PAJMIZ-01A.Detection.Pval	TARGET-50-PAJMIZ-01A.Detection.Pval	TARGET-WT	450K	idat_sample_sheet_TARGET-WT__450k_beta.txt	0.0	19.122374	7.978173
TARGET-50-PAJNUS-01A.Detection.Pval	TARGET-50-PAJNUS-01A.Detection.Pval	TARGET-WT	450K	idat_sample_sheet_TARGET-WT__450k_beta.txt	0.0	19.037079	7.8456836
TARGET-50-PAJMSE-01A.Detection.Pval	TARGET-50-PAJMSE-01A.Detection.Pval	TARGET-WT	450K	idat_sample_sheet_TARGET-WT__450k_beta.txt	0.0	18.044437	6.547322
TARGET-50-PAKNRX-01A.Detection.Pval	TARGET-50-PAKNRX-01A.Detection.Pval	TARGET-WT	450K	idat_sample_sheet_TARGET-WT__450k_beta.txt	0.0	19.658937	7.2333817
TARGET-50-PAJLKC-01A.Detection.Pval	TARGET-50-PAJLKC-01A.Detection.Pval	TARGET-WT	450K	idat_sample_sheet_TARGET-WT__450k_beta.txt	0.0	19.328405	8.039658
TARGET-50-PAJNUP-01A.Detection.Pval	TARGET-50-PAJNUP-01A.Detection.Pval	TARGET-WT	450K	idat_sample_sheet_TARGET-WT__450k_beta.txt	0.0	19.43866	8.461946
TARGET-50-PAJMEL-01A.Detection.Pval	TARGET-50-PAJMEL-01A.Detection.Pval	TARGET-WT	450K	idat_sample_sheet_TARGET-WT__450k_beta.txt	0.0	19.345749	8.253069
TARGET-50-PAJNTJ-02A.Detection.Pval	TARGET-50-PAJNTJ-02A.Detection.Pval	TARGET-WT	450K	idat_sample_sheet_TARGET-WT__450k_beta.txt	0.0	19.29174	8.008328
TARGET-50-PAJNBN-01A.Detection.Pval	TARGET-50-PAJNBN-01A.Detection.Pval	TARGET-WT	450K	idat_sample_sheet_TARGET-WT__450k_beta.txt	0.0	19.324615	8.066355
TARGET-50-PAJMKI-01A.Detection.Pval	TARGET-50-PAJMKI-01A.Detection.Pval	TARGET-WT	450K	idat_sample_sheet_TARGET-WT__450k_beta.txt	0.0	19.309107	8.245381
TARGET-50-PAJPAU-01A.Detection.Pval	TARGET-50-PAJPAU-01A.Detection.Pval	TARGET-WT	450K	idat_sample_sheet_TARGET-WT__450k_beta.txt	0.0	19.176237	8.094638
TARGET-50-PAJLIP-01A.Detection.Pval	TARGET-50-PAJLIP-01A.Detection.Pval	TARGET-WT	450K	idat_sample_sheet_TARGET-WT__450k_beta.txt	0.0	20.710278	7.6412315
TARGET-50-CAAAAJ-01A.Detection.Pval	TARGET-50-CAAAAJ-01A.Detection.Pval	TARGET-WT	450K	idat_sample_sheet_TARGET-WT__450k_beta.txt	0.0	19.202536	8.073316
TARGET-50-PALEZT-01A.Detection.Pval	TARGET-50-PALEZT-01A.Detection.Pval	TARGET-WT	450K	idat_sample_sheet_TARGET-WT__450k_beta.txt	0.0	19.360575	8.113448
TARGET-50-PAJMEN-01A.Detection.Pval	TARGET-50-PAJMEN-01A.Detection.Pval	TARGET-WT	450K	idat_sample_sheet_TARGET-WT__450k_beta.txt	0.0	19.247488	8.128359
TARGET-50-PAKZFK-01A.Detection.Pval	TARGET-50-PAKZFK-01A.Detection.Pval	TARGET-WT	450K	idat_sample_sheet_TARGET-WT__450k_beta.txt	0.0	19.1877	8.085013
TARGET-50-PAKPDF-01A.Detection.Pval	TARGET-50-PAKPDF-01A.Detection.Pval	TARGET-WT	450K	idat_sample_sheet_TARGET-WT__450k_beta.txt	0.0	19.277634	8.317707
TARGET-50-CAAAAM-01A.Detection.Pval	TARGET-50-CAAAAM-01A.Detection.Pval	TARGET-WT	450K	idat_sample_sheet_TARGET-WT__450k_beta.txt	0.0	19.369545	8.206286
TARGET-50-PALERC-01A.Detection.Pval	TARGET-50-PALERC-01A.Detection.Pval	TARGET-WT	450K	idat_sample_sheet_TARGET-WT__450k_beta.txt	0.0	18.08395	5.7817564
TARGET-50-PAKGED-01A.Detection.Pval	TARGET-50-PAKGED-01A.Detection.Pval	TARGET-WT	450K	idat_sample_sheet_TARGET-WT__450k_beta.txt	0.0	19.376247	8.464846
TARGET-50-PAJNJJ-01A.Detection.Pval	TARGET-50-PAJNJJ-01A.Detection.Pval	TARGET-WT	450K	idat_sample_sheet_TARGET-WT__450k_beta.txt	0.0	18.99676	7.8416886
TARGET-50-PAKECR-01A.Detection.Pval	TARGET-50-PAKECR-01A.Detection.Pval	TARGET-WT	450K	idat_sample_sheet_TARGET-WT__450k_beta.txt	0.0	19.161983	8.286698
TARGET-50-PAJNZS-01A.Detection.Pval	TARGET-50-PAJNZS-01A.Detection.Pval	TARGET-WT	450K	idat_sample_sheet_TARGET-WT__450k_beta.txt	0.0	19.286938	8.165983
TARGET-50-PAJMRL-01A.Detection.Pval	TARGET-50-PAJMRL-01A.Detection.Pval	TARGET-WT	450K	idat_sample_sheet_TARGET-WT__450k_beta.txt	0.0	19.038242	8.366111
TARGET-50-PAJNNR-01A.Detection.Pval	TARGET-50-PAJNNR-01A.Detection.Pval	TARGET-WT	450K	idat_sample_sheet_TARGET-WT__450k_beta.txt	0.0	19.63948	7.3649564
TARGET-50-PAJLTH-01A.Detection.Pval	TARGET-50-PAJLTH-01A.Detection.Pval	TARGET-WT	450K	idat_sample_sheet_TARGET-WT__450k_beta.txt	0.0	19.19272	8.349561
TARGET-50-PALFRD-01A.Detection.Pval	TARGET-50-PALFRD-01A.Detection.Pval	TARGET-WT	450K	idat_sample_sheet_TARGET-WT__450k_beta.txt	0.0	19.123636	8.166583
TARGET-50-PAJNEC-01A.Detection.Pval	TARGET-50-PAJNEC-01A.Detection.Pval	TARGET-WT	450K	idat_sample_sheet_TARGET-WT__450k_beta.txt	0.0	19.166979	8.178046
TARGET-50-PADXAY-01A.Detection.Pval	TARGET-50-PADXAY-01A.Detection.Pval	TARGET-WT	450K	idat_sample_sheet_TARGET-WT__450k_beta.txt	0.0	18.701616	6.1057262
TARGET-50-PAJPHA-01A.Detection.Pval	TARGET-50-PAJPHA-01A.Detection.Pval	TARGET-WT	450K	idat_sample_sheet_TARGET-WT__450k_beta.txt	0.0	19.048883	8.138444
TARGET-50-PAJNVX-01A.Detection.Pval	TARGET-50-PAJNVX-01A.Detection.Pval	TARGET-WT	450K	idat_sample_sheet_TARGET-WT__450k_beta.txt	0.0	18.123234	5.781445
TARGET-50-PAJMJT-01A.Detection.Pval	TARGET-50-PAJMJT-01A.Detection.Pval	TARGET-WT	450K	idat_sample_sheet_TARGET-WT__450k_beta.txt	0.0	19.030863	8.035385
TARGET-50-PAKSCC-01A.Detection.Pval	TARGET-50-PAKSCC-01A.Detection.Pval	TARGET-WT	450K	idat_sample_sheet_TARGET-WT__450k_beta.txt	0.0	19.03489	8.009613
TARGET-50-PALKRS-01A.Detection.Pval	TARGET-50-PALKRS-01A.Detection.Pval	TARGET-WT	450K	idat_sample_sheet_TARGET-WT__450k_beta.txt	0.0	19.106817	8.081961
TARGET-50-PAJMJK-01A.Detection.Pval	TARGET-50-PAJMJK-01A.Detection.Pval	TARGET-WT	450K	idat_sample_sheet_TARGET-WT__450k_beta.txt	0.0	18.94281	8.026141
TARGET-50-PALGVY-01A.Detection.Pval	TARGET-50-PALGVY-01A.Detection.Pval	TARGET-WT	450K	idat_sample_sheet_TARGET-WT__450k_beta.txt	0.0	19.047363	8.1405325
TARGET-50-PAJNGH-01A.Detection.Pval	TARGET-50-PAJNGH-01A.Detection.Pval	TARGET-WT	450K	idat_sample_sheet_TARGET-WT__450k_beta.txt	0.0	19.183311	8.130781
TARGET-50-CAAAAQ-01A.Detection.Pval	TARGET-50-CAAAAQ-01A.Detection.Pval	TARGET-WT	450K	idat_sample_sheet_TARGET-WT__450k_beta.txt	0.0	18.954493	8.313725
TARGET-50-PAKWPM-01A.Detection.Pval	TARGET-50-PAKWPM-01A.Detection.Pval	TARGET-WT	450K	idat_sample_sheet_TARGET-WT__450k_beta.txt	0.0	19.145426	7.981721
TARGET-50-PAJNVE-01A.Detection.Pval	TARGET-50-PAJNVE-01A.Detection.Pval	TARGET-WT	450K	idat_sample_sheet_TARGET-WT__450k_beta.txt	0.0	19.116209	7.9934363
TARGET-50-CAAAAH-01A.Detection.Pval	TARGET-50-CAAAAH-01A.Detection.Pval	TARGET-WT	450K	idat_sample_sheet_TARGET-WT__450k_beta.txt	0.0	19.087368	8.354874
TARGET-50-PALKCW-01A.Detection.Pval	TARGET-50-PALKCW-01A.Detection.Pval	TARGET-WT	450K	idat_sample_sheet_TARGET-WT__450k_beta.txt	0.0	19.007874	8.208813
TARGET-50-PALLFB-01A.Detection.Pval	TARGET-50-PALLFB-01A.Detection.Pval	TARGET-WT	450K	idat_sample_sheet_TARGET-WT__450k_beta.txt	0.0	18.940012	8.272837
TARGET-50-PAKRZW-01A.Detection.Pval	TARGET-50-PAKRZW-01A.Detection.Pval	TARGET-WT	450K	idat_sample_sheet_TARGET-WT__450k_beta.txt	0.0	18.935293	8.152311
TARGET-50-PAKZHF-01A.Detection.Pval	TARGET-50-PAKZHF-01A.Detection.Pval	TARGET-WT	450K	idat_sample_sheet_TARGET-WT__450k_beta.txt	0.0	19.063478	8.4141865
TARGET-50-PAJMFY-01A.Detection.Pval	TARGET-50-PAJMFY-01A.Detection.Pval	TARGET-WT	450K	idat_sample_sheet_TARGET-WT__450k_beta.txt	0.0	19.05698	8.413487
TARGET-50-PAJNYT-01A.Detection.Pval	TARGET-50-PAJNYT-01A.Detection.Pval	TARGET-WT	450K	idat_sample_sheet_TARGET-WT__450k_beta.txt	0.0	18.934763	8.512079
TARGET-50-PAKYLT-01A.Detection.Pval	TARGET-50-PAKYLT-01A.Detection.Pval	TARGET-WT	450K	idat_sample_sheet_TARGET-WT__450k_beta.txt	0.0	18.833998	8.222142
TARGET-50-PAJNAA-01A.Detection.Pval	TARGET-50-PAJNAA-01A.Detection.Pval	TARGET-WT	450K	idat_sample_sheet_TARGET-WT__450k_beta.txt	0.0	19.572956	7.2693806
TARGET-50-PAKKNS-01A.Detection.Pval	TARGET-50-PAKKNS-01A.Detection.Pval	TARGET-WT	450K	idat_sample_sheet_TARGET-WT__450k_beta.txt	0.0	18.94432	8.174153
TARGET-50-PAJPCM-01A.Detection.Pval	TARGET-50-PAJPCM-01A.Detection.Pval	TARGET-WT	450K	idat_sample_sheet_TARGET-WT__450k_beta.txt	0.0	20.69838	5.455419
TARGET-50-PAJLUJ-06A.Detection.Pval	TARGET-50-PAJLUJ-06A.Detection.Pval	TARGET-WT	450K	idat_sample_sheet_TARGET-WT__450k_beta.txt	0.0	18.881424	8.077
TARGET-50-PALJIP-01A.Detection.Pval	TARGET-50-PALJIP-01A.Detection.Pval	TARGET-WT	450K	idat_sample_sheet_TARGET-WT__450k_beta.txt	0.0	18.911839	8.783245
TARGET-50-PAJNZU-01A.Detection.Pval	TARGET-50-PAJNZU-01A.Detection.Pval	TARGET-WT	450K	idat_sample_sheet_TARGET-WT__450k_beta.txt	0.0	18.892374	8.304209
TARGET-50-CAAAAO-01A.Detection.Pval	TARGET-50-CAAAAO-01A.Detection.Pval	TARGET-WT	450K	idat_sample_sheet_TARGET-WT__450k_beta.txt	0.0	18.932266	8.018365
TARGET-50-PALDTE-01A.Detection.Pval	TARGET-50-PALDTE-01A.Detection.Pval	TARGET-WT	450K	idat_sample_sheet_TARGET-WT__450k_beta.txt	0.0	19.001032	8.495009
TARGET-50-PAJLKR-01A.Detection.Pval	TARGET-50-PAJLKR-01A.Detection.Pval	TARGET-WT	450K	idat_sample_sheet_TARGET-WT__450k_beta.txt	0.0	18.94469	8.429583
TARGET-50-PAJPDC-01A.Detection.Pval	TARGET-50-PAJPDC-01A.Detection.Pval	TARGET-WT	450K	idat_sample_sheet_TARGET-WT__450k_beta.txt	0.0	18.915594	8.074463
TARGET-50-CAAAAC-01A.Detection.Pval	TARGET-50-CAAAAC-01A.Detection.Pval	TARGET-WT	450K	idat_sample_sheet_TARGET-WT__450k_beta.txt	0.0	18.915264	8.102494
TARGET-50-PAJLSP-01A.Detection.Pval	TARGET-50-PAJLSP-01A.Detection.Pval	TARGET-WT	450K	idat_sample_sheet_TARGET-WT__450k_beta.txt	0.0	18.838345	8.133522
TARGET-50-PAKUIT-01A.Detection.Pval	TARGET-50-PAKUIT-01A.Detection.Pval	TARGET-WT	450K	idat_sample_sheet_TARGET-WT__450k_beta.txt	0.0	19.576834	7.3728023
TARGET-50-PAKZER-01A.Detection.Pval	TARGET-50-PAKZER-01A.Detection.Pval	TARGET-WT	450K	idat_sample_sheet_TARGET-WT__450k_beta.txt	0.0	18.85507	8.294962
TARGET-50-CAAAAS-01A.Detection.Pval	TARGET-50-CAAAAS-01A.Detection.Pval	TARGET-WT	450K	idat_sample_sheet_TARGET-WT__450k_beta.txt	0.0	18.707203	8.581701
TARGET-50-CAAAAP-01A.Detection.Pval	TARGET-50-CAAAAP-01A.Detection.Pval	TARGET-WT	450K	idat_sample_sheet_TARGET-WT__450k_beta.txt	0.0	18.808867	8.665925
TARGET-50-PAKXXF-01A.Detection.Pval	TARGET-50-PAKXXF-01A.Detection.Pval	TARGET-WT	450K	idat_sample_sheet_TARGET-WT__450k_beta.txt	0.0	18.28992	8.060224
TARGET-50-PADZUB-01A.Detection.Pval	TARGET-50-PADZUB-01A.Detection.Pval	TARGET-WT	450K	idat_sample_sheet_TARGET-WT__450k_beta.txt	0.0	20.656086	5.4445715
TARGET-50-PAJNRL-01A.Detection.Pval	TARGET-50-PAJNRL-01A.Detection.Pval	TARGET-WT	450K	idat_sample_sheet_TARGET-WT__450k_beta.txt	0.0	18.958447	8.429065
TARGET-50-PAKNXS-01A.Detection.Pval	TARGET-50-PAKNXS-01A.Detection.Pval	TARGET-WT	450K	idat_sample_sheet_TARGET-WT__450k_beta.txt	0.0	18.914352	8.224344
TARGET-50-PAJMLZ-01A.Detection.Pval	TARGET-50-PAJMLZ-01A.Detection.Pval	TARGET-WT	450K	idat_sample_sheet_TARGET-WT__450k_beta.txt	0.0	18.866966	8.453857
TARGET-50-PALFME-02A.Detection.Pval	TARGET-50-PALFME-02A.Detection.Pval	TARGET-WT	450K	idat_sample_sheet_TARGET-WT__450k_beta.txt	0.0	18.923721	8.485649
TARGET-50-PAKRVH-01A.Detection.Pval	TARGET-50-PAKRVH-01A.Detection.Pval	TARGET-WT	450K	idat_sample_sheet_TARGET-WT__450k_beta.txt	0.0	18.670347	8.271358
TARGET-50-PAJMVU-01A.Detection.Pval	TARGET-50-PAJMVU-01A.Detection.Pval	TARGET-WT	450K	idat_sample_sheet_TARGET-WT__450k_beta.txt	0.0	19.691216	7.0876703
TARGET-50-PAJNCJ-01A.Detection.Pval	TARGET-50-PAJNCJ-01A.Detection.Pval	TARGET-WT	450K	idat_sample_sheet_TARGET-WT__450k_beta.txt	0.0	18.794722	8.140723
TARGET-50-PALFME-01A.Detection.Pval	TARGET-50-PALFME-01A.Detection.Pval	TARGET-WT	450K	idat_sample_sheet_TARGET-WT__450k_beta.txt	0.0	18.65468	8.668976
TARGET-50-PAJMKN-01A.Detection.Pval	TARGET-50-PAJMKN-01A.Detection.Pval	TARGET-WT	450K	idat_sample_sheet_TARGET-WT__450k_beta.txt	0.0	18.819212	8.294593
TARGET-50-PAJLNJ-01A.Detection.Pval	TARGET-50-PAJLNJ-01A.Detection.Pval	TARGET-WT	450K	idat_sample_sheet_TARGET-WT__450k_beta.txt	0.0	18.574343	8.41963
TARGET-50-PAJPGY-01A.Detection.Pval	TARGET-50-PAJPGY-01A.Detection.Pval	TARGET-WT	450K	idat_sample_sheet_TARGET-WT__450k_beta.txt	0.0	18.861933	8.388567
TARGET-50-PAKMSV-01A.Detection.Pval	TARGET-50-PAKMSV-01A.Detection.Pval	TARGET-WT	450K	idat_sample_sheet_TARGET-WT__450k_beta.txt	0.0	18.672457	8.146058
TARGET-50-PAKYFC-01A.Detection.Pval	TARGET-50-PAKYFC-01A.Detection.Pval	TARGET-WT	450K	idat_sample_sheet_TARGET-WT__450k_beta.txt	0.0	18.678473	8.294528
TARGET-50-CAAAAA-01A.Detection.Pval	TARGET-50-CAAAAA-01A.Detection.Pval	TARGET-WT	450K	idat_sample_sheet_TARGET-WT__450k_beta.txt	0.0	19.55297	7.2600145
TARGET-50-CAAAAB-01A.Detection.Pval	TARGET-50-CAAAAB-01A.Detection.Pval	TARGET-WT	450K	idat_sample_sheet_TARGET-WT__450k_beta.txt	0.0	18.853058	8.414457
TARGET-50-PAKJGM-01A.Detection.Pval	TARGET-50-PAKJGM-01A.Detection.Pval	TARGET-WT	450K	idat_sample_sheet_TARGET-WT__450k_beta.txt	0.0	20.19285	8.741413
TARGET-50-PAJPDN-01A.Detection.Pval	TARGET-50-PAJPDN-01A.Detection.Pval	TARGET-WT	450K	idat_sample_sheet_TARGET-WT__450k_beta.txt	0.0	18.663332	8.49568
TARGET-50-CAAAAL-01A.Detection.Pval	TARGET-50-CAAAAL-01A.Detection.Pval	TARGET-WT	450K	idat_sample_sheet_TARGET-WT__450k_beta.txt	0.0	18.707888	8.429015
TARGET-50-PAKSDG-01A.Detection.Pval	TARGET-50-PAKSDG-01A.Detection.Pval	TARGET-WT	450K	idat_sample_sheet_TARGET-WT__450k_beta.txt	0.0	18.602997	8.564101
TARGET-50-PAEBXA-01A.Detection.Pval	TARGET-50-PAEBXA-01A.Detection.Pval	TARGET-WT	450K	idat_sample_sheet_TARGET-WT__450k_beta.txt	0.0	18.692007	8.561018
TARGET-50-PAKXWB-01A.Detection.Pval	TARGET-50-PAKXWB-01A.Detection.Pval	TARGET-WT	450K	idat_sample_sheet_TARGET-WT__450k_beta.txt	0.0	18.546862	8.43596
TARGET-50-PAJNZK-01A.Detection.Pval	TARGET-50-PAJNZK-01A.Detection.Pval	TARGET-WT	450K	idat_sample_sheet_TARGET-WT__450k_beta.txt	0.0	18.497389	8.293349
TARGET-50-PAJLWT-01A.Detection.Pval	TARGET-50-PAJLWT-01A.Detection.Pval	TARGET-WT	450K	idat_sample_sheet_TARGET-WT__450k_beta.txt	0.0	18.802374	8.147645
TARGET-50-PALDWP-01A.Detection.Pval	TARGET-50-PALDWP-01A.Detection.Pval	TARGET-WT	450K	idat_sample_sheet_TARGET-WT__450k_beta.txt	0.0	21.696932	7.10461
TARGET-50-PAKVET-01A.Detection.Pval	TARGET-50-PAKVET-01A.Detection.Pval	TARGET-WT	450K	idat_sample_sheet_TARGET-WT__450k_beta.txt	0.0	18.758858	8.259725
TARGET-50-PAJMUF-01A.Detection.Pval	TARGET-50-PAJMUF-01A.Detection.Pval	TARGET-WT	450K	idat_sample_sheet_TARGET-WT__450k_beta.txt	0.0	18.639112	8.363619
TARGET-50-PAKFME-01A.Detection.Pval	TARGET-50-PAKFME-01A.Detection.Pval	TARGET-WT	450K	idat_sample_sheet_TARGET-WT__450k_beta.txt	0.0	18.646715	8.457941
TARGET-50-PAJPDC-02A.Detection.Pval	TARGET-50-PAJPDC-02A.Detection.Pval	TARGET-WT	450K	idat_sample_sheet_TARGET-WT__450k_beta.txt	0.0	18.596193	8.354434
TARGET-50-PAKKSE-01A.Detection.Pval	TARGET-50-PAKKSE-01A.Detection.Pval	TARGET-WT	450K	idat_sample_sheet_TARGET-WT__450k_beta.txt	0.0	18.539421	8.385553
TARGET-50-PAJNDU-01A.Detection.Pval	TARGET-50-PAJNDU-01A.Detection.Pval	TARGET-WT	450K	idat_sample_sheet_TARGET-WT__450k_beta.txt	0.0	18.33246	8.390279
TARGET-50-PAECJB-01A.Detection.Pval	TARGET-50-PAECJB-01A.Detection.Pval	TARGET-WT	450K	idat_sample_sheet_TARGET-WT__450k_beta.txt	0.0	18.777802	6.816496
TARGET-50-PAKULH-01A.Detection.Pval	TARGET-50-PAKULH-01A.Detection.Pval	TARGET-WT	450K	idat_sample_sheet_TARGET-WT__450k_beta.txt	0.0	18.635927	8.306351
TARGET-50-PAJMMY-01A.Detection.Pval	TARGET-50-PAJMMY-01A.Detection.Pval	TARGET-WT	450K	idat_sample_sheet_TARGET-WT__450k_beta.txt	0.0	18.561138	8.381617
TARGET-50-PAJNLT-01A.Detection.Pval	TARGET-50-PAJNLT-01A.Detection.Pval	TARGET-WT	450K	idat_sample_sheet_TARGET-WT__450k_beta.txt	0.0	18.54861	8.546923
TARGET-50-PAKGZX-01A.Detection.Pval	TARGET-50-PAKGZX-01A.Detection.Pval	TARGET-WT	450K	idat_sample_sheet_TARGET-WT__450k_beta.txt	0.0	18.756586	8.276127
TARGET-50-PAJPAR-01A.Detection.Pval	TARGET-50-PAJPAR-01A.Detection.Pval	TARGET-WT	450K	idat_sample_sheet_TARGET-WT__450k_beta.txt	0.0	18.539946	8.414875
TARGET-50-PAJMXF-01A.Detection.Pval	TARGET-50-PAJMXF-01A.Detection.Pval	TARGET-WT	450K	idat_sample_sheet_TARGET-WT__450k_beta.txt	0.0	18.433016	8.558845
TARGET-50-PALGAZ-01A.Detection.Pval	TARGET-50-PALGAZ-01A.Detection.Pval	TARGET-WT	450K	idat_sample_sheet_TARGET-WT__450k_beta.txt	0.0	18.427225	8.490496
TARGET-50-PAJMFU-01A.Detection.Pval	TARGET-50-PAJMFU-01A.Detection.Pval	TARGET-WT	450K	idat_sample_sheet_TARGET-WT__450k_beta.txt	0.0	18.45794	8.364999
TARGET-50-PAJNCZ-01A.Detection.Pval	TARGET-50-PAJNCZ-01A.Detection.Pval	TARGET-WT	450K	idat_sample_sheet_TARGET-WT__450k_beta.txt	0.0	18.605593	8.212576
TARGET-50-PAJNRH-01A.Detection.Pval	TARGET-50-PAJNRH-01A.Detection.Pval	TARGET-WT	450K	idat_sample_sheet_TARGET-WT__450k_beta.txt	0.0	18.483227	8.298903
TARGET-50-PAEAFB-01A.Detection.Pval	TARGET-50-PAEAFB-01A.Detection.Pval	TARGET-WT	450K	idat_sample_sheet_TARGET-WT__450k_beta.txt	0.0	20.668318	7.8750973
TARGET-50-PAKFYV-01A.Detection.Pval	TARGET-50-PAKFYV-01A.Detection.Pval	TARGET-WT	450K	idat_sample_sheet_TARGET-WT__450k_beta.txt	0.0	18.589441	8.3380375
TARGET-50-PALLCK-01A.Detection.Pval	TARGET-50-PALLCK-01A.Detection.Pval	TARGET-WT	450K	idat_sample_sheet_TARGET-WT__450k_beta.txt	0.0	18.56274	8.288848
TARGET-50-PAJLTI-01A.Detection.Pval	TARGET-50-PAJLTI-01A.Detection.Pval	TARGET-WT	450K	idat_sample_sheet_TARGET-WT__450k_beta.txt	0.0	18.240189	8.592933
TARGET-50-PAKNTW-01A.Detection.Pval	TARGET-50-PAKNTW-01A.Detection.Pval	TARGET-WT	450K	idat_sample_sheet_TARGET-WT__450k_beta.txt	0.0	18.535152	8.321907
TARGET-50-PAJNSL-01A.Detection.Pval	TARGET-50-PAJNSL-01A.Detection.Pval	TARGET-WT	450K	idat_sample_sheet_TARGET-WT__450k_beta.txt	0.0	17.989777	8.665919
TARGET-50-CAAAAR-01A.Detection.Pval	TARGET-50-CAAAAR-01A.Detection.Pval	TARGET-WT	450K	idat_sample_sheet_TARGET-WT__450k_beta.txt	0.0	19.760635	8.677956
TARGET-50-PALGLU-01A.Detection.Pval	TARGET-50-PALGLU-01A.Detection.Pval	TARGET-WT	450K	idat_sample_sheet_TARGET-WT__450k_beta.txt	0.0	18.397993	8.440246
TARGET-50-PAJLLF-01A.Detection.Pval	TARGET-50-PAJLLF-01A.Detection.Pval	TARGET-WT	450K	idat_sample_sheet_TARGET-WT__450k_beta.txt	0.0	18.64557	7.9764724
TARGET-50-PAJPEW-01A.Detection.Pval	TARGET-50-PAJPEW-01A.Detection.Pval	TARGET-WT	450K	idat_sample_sheet_TARGET-WT__450k_beta.txt	0.0	18.39794	8.271539
TARGET-50-PAJNTJ-01A.Detection.Pval	TARGET-50-PAJNTJ-01A.Detection.Pval	TARGET-WT	450K	idat_sample_sheet_TARGET-WT__450k_beta.txt	0.0	18.255287	8.435231
TARGET-50-PALJIP-02A.Detection.Pval	TARGET-50-PALJIP-02A.Detection.Pval	TARGET-WT	450K	idat_sample_sheet_TARGET-WT__450k_beta.txt	0.0	18.296755	8.251411
TARGET-50-PAJNGH-02A.Detection.Pval	TARGET-50-PAJNGH-02A.Detection.Pval	TARGET-WT	450K	idat_sample_sheet_TARGET-WT__450k_beta.txt	0.0	18.42557	8.360432
TARGET-50-PAJNAV-01A.Detection.Pval	TARGET-50-PAJNAV-01A.Detection.Pval	TARGET-WT	450K	idat_sample_sheet_TARGET-WT__450k_beta.txt	0.0	18.14353	8.606839
TARGET-50-PAJNZI-01A.Detection.Pval	TARGET-50-PAJNZI-01A.Detection.Pval	TARGET-WT	450K	idat_sample_sheet_TARGET-WT__450k_beta.txt	0.0	18.150383	8.475223
TARGET-50-PAKNAL-01A.Detection.Pval	TARGET-50-PAKNAL-01A.Detection.Pval	TARGET-WT	450K	idat_sample_sheet_TARGET-WT__450k_beta.txt	0.0	20.64163	7.985901
TARGET-50-PAJLPX-01A.Detection.Pval	TARGET-50-PAJLPX-01A.Detection.Pval	TARGET-WT	450K	idat_sample_sheet_TARGET-WT__450k_beta.txt	0.0	18.291882	8.304736
TARGET-50-PAJMEP-01A.Detection.Pval	TARGET-50-PAJMEP-01A.Detection.Pval	TARGET-WT	450K	idat_sample_sheet_TARGET-WT__450k_beta.txt	0.0	18.355803	8.393099
TARGET-50-PAKMUB-01A.Detection.Pval	TARGET-50-PAKMUB-01A.Detection.Pval	TARGET-WT	450K	idat_sample_sheet_TARGET-WT__450k_beta.txt	0.0	18.4091	8.241186
TARGET-50-PAJMLI-01A.Detection.Pval	TARGET-50-PAJMLI-01A.Detection.Pval	TARGET-WT	450K	idat_sample_sheet_TARGET-WT__450k_beta.txt	0.0	18.134546	8.466362
TARGET-50-PAJNCC-01A.Detection.Pval	TARGET-50-PAJNCC-01A.Detection.Pval	TARGET-WT	450K	idat_sample_sheet_TARGET-WT__450k_beta.txt	0.0	18.31191	8.37907
