cpg_id	beta_variance	n_observed
cg18005972	0.23892419883066404	1560
cg11709150	0.23804635610671956	1560
cg19602374	0.23787672497680099	1560
cg10925417	0.2376776776847444	1560
cg03633073	0.23766635076073778	1560
cg04821387	0.23761070095472875	1560
cg02761960	0.23759863303183787	1560
cg11229315	0.23757187302011162	1560
cg15013257	0.23751731470195955	1560
cg20024953	0.2374128711352686	1560
cg03620623	0.23739687352246022	1560
cg02360155	0.23737286908046912	1560
cg03015899	0.23732207850326234	1560
cg01923549	0.2372020871884624	1560
cg24247425	0.23714238202494295	1560
cg25675027	0.23712233990245038	1560
cg18764372	0.2370450474798442	1560
cg08940097	0.23697593632793795	1560
cg15876513	0.23692457057861654	1560
cg27598661	0.23691814607350814	1560
cg26751440	0.23688119664128737	1560
cg06962421	0.23681018470921	1560
cg14839905	0.23674728081535043	1560
cg04296903	0.23674383114732098	1560
cg10444066	0.23673741729201078	1560
cg05059458	0.23672241483229167	1560
cg10632969	0.2367166203590418	1560
cg17129028	0.23669355075973456	1560
cg07569018	0.23667463888460097	1560
cg25216538	0.23667205382769504	1560
cg16706374	0.2366428965864836	1560
cg25007781	0.23651177493425737	1560
cg12577695	0.2365047622607176	1560
cg25837207	0.23647138166318274	1560
cg20636319	0.23645046785686719	1560
cg24232053	0.2364172866959316	1560
cg02667487	0.23639725232153785	1560
cg27198114	0.2363871541686574	1560
cg06785624	0.23635761371062405	1560
cg07341141	0.23633434509796852	1560
cg23192255	0.236321260450996	1560
cg03465880	0.23632093533984344	1560
cg02513392	0.2363164271612211	1560
cg26961332	0.23630572041120967	1560
cg17026072	0.23629116654370647	1560
cg23080013	0.23626767890763123	1560
cg22158723	0.2362609830001594	1560
cg17086759	0.2362426421516869	1560
cg06530270	0.23621404079264052	1560
cg26709693	0.2361943385173364	1560
cg10782633	0.23617980491213306	1560
cg22795216	0.23616591354033822	1560
cg25473203	0.23616133967745917	1560
cg15369608	0.23613535433257132	1560
cg25834632	0.2361122038203389	1560
cg09355190	0.2360907524237377	1560
cg27452185	0.23606276205391208	1560
cg12026479	0.23605495494450374	1560
cg24965497	0.23605467162298385	1560
cg03570498	0.23602678605128774	1560
cg09787554	0.23598534097234256	1560
cg24919342	0.23598285009011696	1560
cg12829687	0.2359479585853596	1560
cg13458561	0.23591462177273798	1560
cg12474748	0.23587807851457637	1560
cg26675182	0.2358765261865941	1560
cg14418275	0.23586882393974584	1560
cg16381253	0.23586778045367338	1560
cg23245800	0.2358569066882163	1560
cg08106487	0.23583394130799132	1560
cg02264195	0.23580377076411765	1560
cg23024824	0.23570525481109836	1560
cg20108119	0.23567929782746713	1560
cg10444528	0.23567910007528856	1560
cg03522766	0.23564715532243283	1560
cg07738938	0.2356304964795684	1560
cg03382841	0.23562500409412274	1560
cg01776495	0.23562209522273772	1560
cg10346758	0.235611573561625	1560
cg04142643	0.23561020722269185	1560
cg18075761	0.23560828393777128	1560
cg07591937	0.23560529784052708	1560
cg23834688	0.23559482706103033	1560
cg10464529	0.23557599385118386	1560
cg11594683	0.2355596411527942	1560
cg23630758	0.23555281310074194	1560
cg01473128	0.23554236360881503	1560
cg10106095	0.2355277719402584	1560
cg02414650	0.2355104935206926	1560
cg16582214	0.23550528574683813	1560
cg09268800	0.2354725070292731	1560
cg10547205	0.23544121769159293	1560
cg21188017	0.23543238355466034	1560
cg08123749	0.23543205186934688	1560
cg08851851	0.23542882998940592	1560
cg18099632	0.23542256526667385	1560
cg07221103	0.23541241255770054	1560
cg27393769	0.2353854390701239	1560
cg01353515	0.23538522562535608	1560
cg05992875	0.23538135019145753	1560
cg05540617	0.235370179947787	1560
cg04357685	0.23535688568142496	1560
cg01296694	0.23532651735508558	1560
cg14546712	0.2353251245704473	1560
cg00150989	0.23531855781440997	1560
cg14354430	0.23531040392780053	1560
cg05770241	0.23530043299203554	1560
cg11761615	0.23529594893009786	1560
cg20332471	0.23528898955189273	1560
cg13903917	0.23527636219310455	1560
cg25753567	0.23524824789818397	1560
cg16399855	0.23524310665802142	1560
cg24304658	0.23521173709437607	1560
cg19879265	0.2351756906103164	1560
cg23930681	0.2351746902752159	1560
cg15862271	0.23517140297867298	1560
cg23411318	0.23512115004835296	1560
cg26863085	0.23511377516216542	1560
cg22092111	0.2350593079641136	1560
cg02793262	0.23505675407298837	1560
cg21928783	0.2350536455077367	1560
cg27197524	0.23502347726222653	1560
cg05800377	0.235013153556069	1560
cg17676806	0.23500778896994087	1560
cg01800442	0.23500753818987422	1560
cg17522877	0.2350016698270479	1560
cg21581283	0.23498824257837647	1560
cg08643618	0.23497874615541942	1560
cg01367666	0.23496825986514702	1560
cg27417659	0.23496345862592583	1560
cg12006733	0.23495032825203835	1560
cg06714360	0.2349414910673003	1560
cg00241650	0.23493393415037434	1560
cg23349227	0.23489469275013083	1560
cg22705204	0.23488427416969554	1560
cg03051577	0.23487818682578274	1560
cg00274365	0.23487332414077938	1560
cg18958339	0.2348545517946474	1560
cg06765579	0.2348463105055917	1560
cg17243540	0.23483435301484334	1560
cg02660119	0.23482795781275073	1560
cg22630768	0.23479204030419856	1560
cg17602885	0.23476345729482645	1560
cg01382281	0.23475576755526928	1560
cg23674904	0.23475297081266097	1560
cg11300369	0.23474606787128957	1560
cg24425342	0.23472486246340643	1560
cg13686648	0.23472259585019348	1560
cg24429081	0.2346943121796251	1560
cg08779067	0.234679215369427	1560
cg13629201	0.23467681008223387	1560
cg23586121	0.23466389987384834	1560
cg25454298	0.2346557503775324	1560
cg11369662	0.23464872129456985	1560
cg13846960	0.23464523423706835	1560
cg00387107	0.23463562436565855	1560
cg13959595	0.23462037689357423	1560
cg27393146	0.2345839808678924	1560
cg17743085	0.23457492115002118	1560
cg21454386	0.23456025530592767	1560
cg24701867	0.234542134475392	1560
cg00090103	0.23451842092423877	1560
cg26769118	0.23448970251725926	1560
cg04591132	0.2344847483965397	1560
cg14751199	0.2344840934692053	1560
cg11676546	0.23446869180785568	1560
cg23500559	0.23445526829228153	1560
cg24083302	0.23444313764316457	1560
cg04320956	0.23443179557705585	1560
cg13671128	0.23442532507747263	1560
cg05972308	0.234414902710111	1560
cg02847389	0.23441093955372103	1560
cg04710198	0.23440991327990096	1560
cg03483654	0.2344088830298672	1560
cg24524522	0.23440761304985921	1560
cg23980196	0.23440347334061074	1560
cg26606899	0.23438956556568624	1560
cg02831329	0.23437125812350587	1560
cg14571130	0.23437070205878924	1560
cg10125522	0.2343691455678522	1560
cg07130416	0.23436164140589963	1560
cg21624342	0.2343612251649927	1560
cg26505371	0.23434296235769517	1560
cg01678790	0.23432135189548006	1560
cg05859395	0.23430924962146393	1560
cg24063645	0.23430630220165458	1560
cg25279922	0.23429730177135605	1560
cg06320420	0.23429700716633706	1560
cg24810646	0.2342963831148666	1560
cg23688334	0.23429448509509096	1560
cg12203543	0.23429437605142653	1560
cg09187098	0.23428272677870926	1560
cg14068146	0.23428068309706584	1560
cg21404792	0.23427063358731898	1560
cg12334911	0.2342657886919673	1560
cg00034650	0.23426529216960648	1560
cg19614694	0.23423198086794228	1560
cg23946858	0.23422374529792556	1560
cg03667641	0.23422181031805206	1560
cg13889221	0.2342203737613518	1560
cg14403770	0.23420682314854133	1560
cg26058289	0.23420623630972767	1560
cg11817453	0.23419018947804768	1560
cg13735223	0.2341862819306162	1560
cg00148867	0.2341830452546695	1560
cg17893857	0.23417249934923315	1560
cg01290644	0.23417220862039156	1560
cg14195198	0.23417108598631772	1560
cg11214430	0.23415604859527414	1560
cg05271536	0.2341490872189088	1560
cg00038239	0.2341408904084027	1560
cg18592294	0.23414001134431953	1560
cg22053042	0.2341314933103545	1560
cg26188814	0.2341276210135958	1560
cg16798694	0.2341258873448435	1560
cg08085917	0.23412069095035118	1560
cg01288350	0.23410418729094365	1560
cg20299151	0.23409947036331605	1560
cg11731745	0.23409375771061675	1560
cg07984614	0.23408192303869008	1560
cg02008951	0.23407657985832664	1560
cg26104926	0.23407384165615033	1560
cg23253914	0.23407232455862106	1560
cg15969606	0.23407142627124503	1560
cg19651246	0.23407065462029247	1560
cg22022973	0.23404752186098976	1560
cg08246323	0.23404136163780684	1560
cg19640789	0.23403895308097386	1560
cg22066321	0.2340305196643029	1560
cg10788674	0.23402382095499283	1560
cg01402832	0.23401840769898843	1560
cg23904442	0.23401760217717438	1560
cg11762838	0.23400867162428884	1560
cg12208381	0.23399307913735623	1560
cg04527260	0.2339927983213191	1560
cg23961530	0.23398780539194286	1560
cg23645931	0.233973544924826	1560
cg00660655	0.2339644764148335	1560
cg12517318	0.23395152026108298	1560
cg01036050	0.23394901442628255	1560
cg06106265	0.23394411613645652	1560
cg02198617	0.23394343510963106	1560
cg05505758	0.23393855806523392	1560
cg14406074	0.23393456227530682	1560
cg05139081	0.23393419052295414	1560
cg07215511	0.23392297090105596	1560
cg03159563	0.23391792436045256	1560
cg02144266	0.23391790609638421	1560
cg04361015	0.23390986082579138	1560
cg11686901	0.23390731819641117	1560
cg20735914	0.23390648218467708	1560
cg12714793	0.23388708111655415	1560
cg27554347	0.23386756898957425	1560
cg05983723	0.2338673599141716	1560
cg22811668	0.23384678551165114	1560
cg02520729	0.2338270810944922	1560
cg03960654	0.23382148070176445	1560
cg18505103	0.23380644616650126	1560
cg19321730	0.23379314416413996	1560
cg25411327	0.23377319097009353	1560
cg12894883	0.233763794176307	1560
cg04670766	0.23375602594529526	1560
cg07781087	0.23373790875283426	1560
cg01099470	0.2337293821012417	1560
cg08288795	0.23372542826858356	1560
cg18936378	0.23371688230065218	1560
cg06743060	0.23369907056894576	1560
cg25551362	0.23369440550822257	1560
cg10220806	0.2336930895645153	1560
cg18085405	0.23369019802612598	1560
cg22301664	0.23368981857854826	1560
cg05470468	0.23368758902613823	1560
cg03818569	0.2336863585762689	1560
cg02426307	0.23368303781557723	1560
cg27336518	0.23367895152882232	1560
cg17559031	0.23367520720005197	1560
cg12044293	0.2336724305167484	1560
cg24391931	0.23365237363298777	1560
cg19968916	0.2336470026738027	1560
cg26927285	0.2336438952123729	1560
cg13351114	0.2336375572446509	1560
cg00650088	0.2336353830879858	1560
cg20078054	0.2336348077471631	1560
cg01018726	0.2336246499999122	1560
cg24710938	0.2336092877774881	1560
cg16656196	0.23360723588161897	1560
cg12153709	0.23360637756588853	1560
cg09061454	0.233606334516199	1560
cg05337258	0.23360257895993944	1560
cg11466523	0.23359688666977715	1560
cg19426459	0.2335832494897611	1560
cg24359671	0.23357950401735775	1560
cg16760008	0.2335770773313678	1560
cg05134769	0.23356412617930156	1560
cg16176929	0.23355529173140846	1560
cg06846819	0.23355450572971137	1560
cg14377739	0.2335337546174599	1560
cg13985767	0.23352888503508362	1560
cg23874145	0.23352560433374112	1560
cg21666768	0.23350796415211225	1560
cg20517764	0.23350411085181053	1560
cg14181009	0.23349301697466154	1560
cg24688721	0.2334553158288878	1560
cg15920131	0.23345311756806084	1560
cg23871388	0.23345263606376415	1560
cg20592656	0.2334524675780849	1560
cg09758975	0.23344491169052328	1560
cg14560339	0.23344152787408828	1560
cg02379684	0.23343199987259353	1560
cg19695415	0.23343065896420143	1560
cg17181956	0.2334276086939233	1560
cg18798086	0.2334142090970198	1560
cg07335397	0.23341169023068875	1560
cg27066067	0.2334077647584037	1560
cg04423627	0.23340561047104794	1560
cg12353589	0.2334025602192933	1560
cg18807030	0.23339849408898067	1560
cg21940081	0.23339389884741973	1560
cg08330572	0.23339205815786906	1560
cg06480238	0.23339078259309637	1560
cg23909802	0.233385525742892	1560
cg21986781	0.2333823155435155	1560
cg05141709	0.2333815204607093	1560
cg08391848	0.23337917079443735	1560
cg24010988	0.2333788163138269	1560
cg12680957	0.2333787200336838	1560
cg19275838	0.2333768275881618	1560
cg09443652	0.23337093953522078	1560
cg06689990	0.23336770995274064	1560
cg08755156	0.23336631230003949	1560
cg13488284	0.23336100729153544	1560
cg03484612	0.2333542959821889	1560
cg18783047	0.23335421190163574	1560
cg08331344	0.23335208473564586	1560
cg26159030	0.2333502601107047	1560
cg06550018	0.23335013330602475	1560
cg12028762	0.23333190157758738	1560
cg14524775	0.23332731723942932	1560
cg16729538	0.23331603919140415	1560
cg10642957	0.23331166679638127	1560
cg00990635	0.23327994763736695	1560
cg02537268	0.2332741793254274	1560
cg00710249	0.2332719616065162	1560
cg13455067	0.23326816968776176	1560
cg06096175	0.2332564832043359	1560
cg21270593	0.23324692642138636	1560
cg16426149	0.23323273286748467	1560
cg00454856	0.23323191090958648	1560
cg23546207	0.23322676640532441	1560
cg00356769	0.2332223390666818	1560
cg08656053	0.23321333927891288	1560
cg19924719	0.23320188635007033	1560
cg06900650	0.23319435678010608	1560
cg04895640	0.2331847551117351	1560
cg26719943	0.2331712565932398	1560
cg02614683	0.23317036570317706	1560
cg10383396	0.23317004168778677	1560
cg18197866	0.233164791040971	1560
cg01225086	0.23315742736362788	1560
cg01724941	0.23314332726879897	1560
cg07478335	0.23314109820546128	1560
cg22018329	0.23313870465192355	1560
cg22745355	0.23313349377605025	1560
cg01417692	0.23312860146185424	1560
cg25267284	0.23311853367535806	1560
cg15784006	0.23311701768520818	1560
cg09271671	0.23311489951347983	1560
cg19523618	0.23311412203665757	1560
cg24477778	0.23310290564809236	1560
cg07861463	0.23309870071697159	1560
cg04197482	0.23309521832250482	1560
cg17927889	0.23309381992046818	1560
cg18668041	0.23308974026467436	1560
cg26070281	0.2330841408116696	1560
cg05133009	0.23308276850906498	1560
cg24682801	0.2330804027501461	1560
cg13643966	0.23307863905998988	1560
cg15483030	0.2330696468254733	1560
cg15471825	0.23306593386601096	1560
cg26861219	0.233055804847539	1560
cg25919687	0.23304903542540348	1560
cg26965718	0.23303906927053195	1560
cg09304136	0.23302847990290335	1560
cg23842205	0.23302795924615585	1560
cg12411876	0.2330243238916027	1560
cg21474053	0.23302387106833486	1560
cg10280383	0.233016553967264	1560
cg13978767	0.2330155205165965	1560
cg15790839	0.2330152132719514	1560
cg09653758	0.2330147005051195	1560
cg10192483	0.23300687075833057	1560
cg14767944	0.2330058836114422	1560
cg18752987	0.23299063600681094	1560
cg12176815	0.23296525457076336	1560
cg02584624	0.23295847830875302	1560
cg09624953	0.23295711666339325	1560
cg00340847	0.2329506483928323	1560
cg00701992	0.23294621256205825	1560
cg03498038	0.23294510781229744	1560
cg07542287	0.23294373443409205	1560
cg09138524	0.23292209262405775	1560
cg13088465	0.23290268676764744	1560
cg02314166	0.23289902699756435	1560
cg10074347	0.23289803870050269	1560
cg13579661	0.23288978519726794	1560
cg24843246	0.23288473236399618	1560
cg00412239	0.23287417769116442	1560
cg24550683	0.23287106123312676	1560
cg06540149	0.2328670196080744	1560
cg04486506	0.23286345466554653	1560
cg27158386	0.23286154771854414	1560
cg24512544	0.2328584693721776	1560
cg26314566	0.23285561688798537	1560
cg19549465	0.23283689677591585	1560
cg02283353	0.232835581964567	1560
cg16931447	0.2328341533217735	1560
cg07664277	0.23282543719698237	1560
cg09432136	0.23282383136255994	1560
cg19092105	0.23281582306093768	1560
cg19554037	0.23281212285526784	1560
cg18496502	0.23280991079968702	1560
cg14073057	0.23280955510439424	1560
cg03599658	0.23280824929257318	1560
cg02796278	0.23279954743210274	1560
cg02332902	0.23279198293590253	1560
cg21059665	0.23279025944413848	1560
cg03142856	0.2327818841554956	1560
cg21911064	0.23277307669086972	1560
cg10268345	0.23277047173261314	1560
cg07501049	0.23275718931503886	1560
cg03355147	0.23275694415725967	1560
cg21392845	0.23275630341624062	1560
cg03900355	0.2327555528875481	1560
cg21131796	0.23274362006096938	1560
cg17947174	0.2327370878894157	1560
cg14681176	0.23273416738499395	1560
cg00639579	0.23273082434367068	1560
cg04806553	0.23272676266211395	1560
cg00879606	0.23271786791256094	1560
cg12984349	0.232716743000705	1560
cg24868883	0.23270913644329133	1560
cg04247530	0.23268943605655387	1560
cg06740354	0.23268875968599648	1560
cg13766489	0.2326873831682756	1560
cg00355315	0.23268309692243747	1560
cg03790189	0.2326815291194731	1560
cg12242062	0.23265631148529156	1560
cg03888765	0.232645003250885	1560
cg26721694	0.23262081703923487	1560
cg24676740	0.23261616810007035	1560
cg06857516	0.2326140407147273	1560
cg15076328	0.23261156209059644	1560
cg25709738	0.23259704939727396	1560
cg02164332	0.23259343627037699	1560
cg26652666	0.2325931610087548	1560
cg25461793	0.23259227859326542	1560
cg05363257	0.23258252393423462	1560
cg19719329	0.23258054223924463	1560
cg17449969	0.23255296529389793	1560
cg20182983	0.2325493088041978	1560
cg12883821	0.2325303257961828	1560
cg26876680	0.2325191868444384	1560
cg19893071	0.23250909564393896	1560
cg11144217	0.23250133767285117	1560
cg17410974	0.23249658009927496	1560
cg08671671	0.23249466226443338	1560
cg16553338	0.23249077790962525	1560
cg19857840	0.23247713437132658	1560
cg08978399	0.23247406791821623	1560
cg05172425	0.2324680366927661	1560
cg01108614	0.23245838312497025	1560
cg16353608	0.2324576321957219	1560
cg26182224	0.2324467646771	1560
cg17608440	0.23244547134858393	1560
cg26349395	0.23243547324850647	1560
cg26973953	0.23242823148185543	1560
cg24153754	0.23242693532971612	1560
cg14448086	0.2324257215929825	1560
cg00522555	0.23241261716653924	1560
cg02283624	0.23240822352494617	1560
cg12215609	0.23239390841606772	1560
cg07281948	0.23237334198962	1560
cg05396584	0.23237270957908046	1560
cg21069814	0.2323651093714711	1560
cg22934677	0.23236470000647408	1560
cg20311251	0.2323635608939796	1560
cg26970905	0.23235638344074871	1560
cg11180083	0.2323541115239145	1560
cg02190678	0.23235383456206563	1560
cg13823188	0.23235094701398906	1560
cg07548512	0.23234895878973866	1560
cg01848323	0.2323459050790273	1560
cg00160002	0.23233379810691762	1560
cg14202491	0.2323319550354125	1560
cg23691246	0.2323191733773854	1560
cg07697256	0.23231596204729	1560
cg08462942	0.23231588850135695	1560
cg03477043	0.23231109907274117	1560
cg17159680	0.23230124668777868	1560
cg05373567	0.23229960095459928	1560
cg18807843	0.2322974818060234	1560
cg04612776	0.23227443112886587	1560
cg00710721	0.23227082402154975	1560
cg09514524	0.23227058429229505	1560
cg20132862	0.23226185852484715	1560
cg08962167	0.23225974775891858	1560
cg15188808	0.23225765786948674	1560
cg03738868	0.23225753272520708	1560
cg04262179	0.23225646745654555	1560
cg15213689	0.23224015636703854	1560
cg05369582	0.23223640021663308	1560
cg09868359	0.23223456118122576	1560
cg17552368	0.23223171383106073	1560
cg08561895	0.232226667208794	1560
cg06285312	0.2322233565598687	1560
cg07508942	0.23221931571228246	1560
cg18470468	0.23221593809452587	1560
cg02744699	0.23221547264759992	1560
cg22687547	0.23221451424780162	1560
cg25721452	0.23221119968834167	1560
cg03680348	0.23221049913415506	1560
cg03997730	0.23220821082950388	1560
cg23402097	0.23220697570804105	1560
cg10258582	0.23219951145828832	1560
cg02515033	0.23219845493583544	1560
cg07394064	0.23218851917136182	1560
cg10172250	0.23218270188899956	1560
cg26963044	0.2321822557604157	1560
cg04953292	0.2321761902364334	1560
cg04645063	0.2321738639329589	1560
cg00179532	0.2321738067339088	1560
cg06520821	0.23217253067256244	1560
cg11055242	0.2321689847328735	1560
cg14262490	0.23216859374113807	1560
cg07300660	0.23216520440580626	1560
cg19215678	0.23216510556966852	1560
cg11026874	0.23216389033883225	1560
cg06332339	0.23215359104585526	1560
cg03307425	0.23214906976588126	1560
cg12542094	0.2321366934740538	1560
cg05360371	0.23213430225897022	1560
cg05087659	0.2321246131145171	1560
cg05297692	0.23211890735250132	1560
cg26547741	0.23210698336463986	1560
cg09869015	0.23210341147920643	1560
cg08212772	0.23210196374511866	1560
cg03760035	0.23209859654338702	1560
cg02519504	0.23208653230188703	1560
cg04140971	0.2320636451745931	1560
cg17352830	0.23206224358736594	1560
cg00554570	0.23205771575000564	1560
cg14155567	0.23205742576086555	1560
cg21010435	0.23205530801015795	1560
cg26923547	0.23205497972287378	1560
cg21393135	0.2320523798843604	1560
cg15221831	0.23204759497317803	1560
cg10004976	0.2320451050900654	1560
cg26791536	0.2320416541439373	1560
cg02969873	0.23203590810610755	1560
cg24139520	0.23203445825862332	1560
cg23475109	0.23202971339531578	1560
cg20116491	0.23201822662982693	1560
cg07838427	0.23201763589614186	1560
cg10665438	0.23200631771475766	1560
cg04850875	0.23199705579176869	1560
cg18401451	0.2319843983423763	1560
cg11115134	0.23198180999176482	1560
cg09902913	0.23197898712834686	1560
cg00360267	0.2319767329520111	1560
cg10004563	0.23197151854167744	1560
cg00810914	0.23196584447660906	1560
cg06515404	0.23196475572887673	1560
cg02593098	0.23195844360325962	1560
cg11449408	0.23195664899515014	1560
cg15945867	0.23195539953260305	1560
cg26011105	0.2319549709185582	1560
cg07291317	0.23193938513031612	1560
cg06704466	0.23193794513125685	1560
cg09275921	0.23193577398461857	1560
cg25618672	0.23193084720382906	1560
cg22808692	0.2319304991040541	1560
cg01300682	0.23193020035348194	1560
cg13751257	0.2319291978029923	1560
cg10571824	0.231925731398356	1560
cg25994616	0.2319230399971515	1560
cg27624702	0.23192246877992875	1560
cg02716147	0.23192110176410827	1560
cg06383648	0.2319149943381911	1560
cg20000946	0.23191302300724717	1560
cg09136099	0.2319103421375821	1560
cg15627457	0.23189568181389864	1560
cg19005991	0.23189420899493005	1560
cg20154489	0.2318877777506076	1560
cg16928293	0.2318868518011958	1560
cg05035248	0.23188376302107286	1560
cg22894589	0.23188211168471365	1560
cg27090289	0.2318685985847402	1560
cg26878675	0.23186770043008953	1560
cg07124492	0.23186457245628544	1560
cg07747923	0.23186423718208715	1560
cg01136335	0.2318603381691094	1560
cg18831841	0.2318559412652402	1560
cg06538774	0.23184705090039148	1560
cg16047223	0.23184538208082348	1560
cg06105987	0.23184491403210145	1560
cg20306425	0.23183744929210312	1560
cg15294361	0.23183278204244928	1560
cg12219387	0.23180936419325435	1560
cg06135574	0.23180420792100606	1560
cg21865157	0.23179945971472096	1560
cg03072616	0.23179763322884808	1560
cg21637015	0.23179383842616072	1560
cg20705804	0.2317867641836202	1560
cg01044465	0.23178335522368268	1560
cg03567028	0.23177988381325365	1560
cg07365623	0.2317788413711152	1560
cg13073870	0.23177738139337425	1560
cg02399233	0.23176667470511989	1560
cg21063361	0.23176010802385294	1560
cg27539858	0.23174754790281737	1560
cg02537800	0.23173935502937099	1560
cg14168002	0.2317308637454324	1560
cg03373490	0.23171294284761684	1560
cg00563300	0.23170342816431572	1560
cg14075627	0.23169374222985603	1560
cg20952452	0.23169061251103018	1560
cg12712270	0.23168893835722865	1560
cg05282968	0.23168021623743623	1560
cg18050295	0.23167740754788685	1560
cg11580575	0.23167276518254853	1560
cg09869144	0.23166977485043014	1560
cg17330505	0.23166933909032839	1560
cg04961397	0.23166599391193507	1560
cg05304461	0.2316648598364976	1560
cg14625425	0.2316624639933885	1560
cg13887016	0.23166060467553454	1560
cg25975165	0.2316598919868995	1560
cg13681781	0.23165974283173277	1560
cg25729807	0.2316552721481944	1560
cg04279832	0.23165408365962858	1560
cg08076462	0.2316430891295533	1560
cg03246954	0.23163438278409304	1560
cg08526784	0.23162481843837382	1560
cg00861411	0.23162005417939227	1560
cg14790739	0.23161002934435912	1560
cg15935257	0.23160444996081953	1560
cg24141991	0.23159507381039732	1560
cg16039342	0.23159402451564431	1560
cg24033503	0.23158916010880837	1560
cg17561243	0.2315854867632818	1560
cg09969487	0.2315824612119215	1560
cg05573287	0.23157634955022796	1560
cg01308252	0.2315723939586248	1560
cg09654908	0.23157199455475383	1560
cg25636354	0.2315711213657548	1560
cg02674562	0.23157076330203846	1560
cg04168590	0.2315696237965677	1560
cg09230661	0.2315682542888649	1560
cg24346858	0.23155554107203896	1560
cg24421091	0.2315555030728554	1560
cg15637415	0.23155297572632927	1560
cg27176628	0.23155081023074697	1560
cg01305596	0.23154988701413007	1560
cg21092828	0.2315377303937622	1560
cg00686451	0.2315312764355555	1560
cg22454060	0.2315293704116398	1560
cg08104981	0.23152351802935134	1560
cg01792257	0.2315198801905721	1560
cg01396275	0.2315085316249955	1560
cg11715095	0.23150766679145757	1560
cg11684142	0.2315046695524252	1560
cg05227111	0.23149755372114025	1560
cg27441228	0.23148608773536183	1560
cg24625634	0.2314843476745543	1560
cg02072002	0.23147971981199356	1560
cg14977059	0.23147908325970623	1560
cg20255817	0.23147877030291653	1560
cg21580588	0.23147749028307069	1560
cg24728105	0.23147628505367765	1560
cg07909274	0.23147438694921055	1560
cg11120115	0.2314721006208422	1560
cg22939524	0.2314712513118518	1560
cg26804360	0.23146890064603146	1560
cg06986584	0.23146155750248917	1560
cg24132676	0.2314574154884031	1560
cg06873106	0.23144827955606306	1560
cg22902939	0.23144409721242412	1560
cg26975368	0.23144349926802835	1560
cg06891282	0.2314434471539053	1560
cg14789841	0.23144174217443253	1560
cg06133459	0.23144061317713535	1560
cg08497649	0.23143835441152344	1560
cg05965353	0.2314365232748332	1560
cg20208523	0.23142951005718207	1560
cg19436016	0.23142547891963072	1560
cg15914316	0.23142439156432493	1560
cg16156434	0.2314231475174557	1560
cg17563032	0.231408089425094	1560
cg23224752	0.23140805183975122	1560
cg02777670	0.23140453428549765	1560
cg08931682	0.23139083186238443	1560
cg10546410	0.23139027877666687	1560
cg12337683	0.23138987563212904	1560
cg24135685	0.23138853966180783	1560
cg08020436	0.23137542870285255	1560
cg22149610	0.23137518247921005	1560
cg05648345	0.23137301417642867	1560
cg00784051	0.23137299929642174	1560
cg05247799	0.2313658784580339	1560
cg23908407	0.23136580134855017	1560
cg08734194	0.2313642340450828	1560
cg00337968	0.2313634456231046	1560
cg15299654	0.2313585796644278	1560
cg14737905	0.2313539555456037	1560
cg18429911	0.23135331885725907	1560
cg03482411	0.23134949112429162	1560
cg23450399	0.231349059168235	1560
cg22521333	0.23134777202753384	1560
cg19248302	0.2313455935327835	1560
cg11304499	0.23134366962426284	1560
cg12371263	0.23133705596493534	1560
cg14342106	0.2313308291385585	1560
cg02250241	0.2313242575636898	1560
cg03054424	0.23132144364355375	1560
cg27608806	0.23131334502356043	1560
cg06933816	0.23130598788413542	1560
cg00745731	0.23130159592997018	1560
cg07957471	0.2313013896926731	1560
cg16264393	0.23130130133765808	1560
cg20382344	0.23129847742328077	1560
cg16430402	0.23129614266837115	1560
cg04600411	0.23128808580820343	1560
cg15212038	0.23128613395936268	1560
cg13384867	0.2312851507655254	1560
cg25485956	0.23128387081705437	1560
cg21310731	0.2312788313257008	1560
cg03973866	0.23127250974630986	1560
cg08626605	0.23126774968686187	1560
cg18673163	0.2312623275799274	1560
cg14563129	0.23125437841302832	1560
cg15015913	0.2312483256980536	1560
cg27565794	0.23124425070141627	1560
cg04905477	0.2312433130270576	1560
cg06424138	0.23121890841057113	1560
cg20113693	0.23121580110592072	1560
cg05114486	0.23121440241087088	1560
cg24589334	0.231211970698645	1560
cg09095924	0.23120685065795812	1560
cg17397823	0.23120379921436074	1560
cg08333708	0.23119609753605894	1560
cg10288921	0.23119406721199676	1560
cg10252516	0.23118370159618973	1560
cg08447380	0.23118338128114688	1560
cg14454440	0.23118281765527282	1560
cg00831672	0.23117602773745663	1560
cg07207053	0.23117570963459075	1560
cg17209507	0.23116929160145308	1560
cg09782726	0.23116874084880754	1560
cg21842944	0.23116687827188884	1560
cg23646541	0.23116439603039657	1560
cg06535952	0.23115725539800946	1560
cg22929010	0.23115465436060362	1560
cg23256140	0.23115210789993756	1560
cg08744878	0.2311462713897122	1560
cg05936217	0.23113729846117914	1560
cg18024037	0.23113624795561885	1560
cg13579574	0.23112806992273577	1560
cg22318948	0.23112684873215344	1560
cg21880624	0.23112379229954877	1560
cg14025666	0.23112026162450838	1560
cg04317076	0.23111544189480882	1560
cg14586363	0.23111189688008288	1560
cg19961898	0.2311095683622596	1560
cg14455541	0.23110514275539643	1560
cg08701028	0.23109773562273794	1560
cg08198704	0.2310967659566419	1560
cg14594859	0.23109665919226952	1560
cg06517965	0.2310924250382951	1560
cg10496614	0.23108676555468577	1560
cg11553045	0.23108578194233598	1560
cg24372485	0.2310853874613158	1560
cg02559817	0.23107766024256537	1560
cg02281680	0.23107139275356753	1560
cg06367102	0.2310713106630676	1560
cg17211612	0.23106969837794988	1560
cg01416906	0.23105438160648997	1560
cg04996728	0.2310532707863262	1560
cg08005809	0.23104905915032878	1560
cg22654940	0.23104793837313853	1560
cg25499012	0.23104650837980112	1560
cg05656763	0.2310358521264625	1560
cg18745670	0.23103534580772225	1560
cg07312954	0.23103137793809098	1560
cg07778534	0.23102438573006615	1560
cg26458497	0.2310227941192551	1560
cg11755819	0.23102198457839926	1560
cg06422464	0.23101661853666708	1560
cg10057853	0.2310163044641753	1560
cg15732530	0.23101581831336523	1560
cg17212008	0.23101161495696135	1560
cg13226924	0.23100586107815763	1560
cg04653469	0.23100449183276078	1560
cg00284420	0.23100364204663248	1560
cg25438683	0.2309988535970048	1560
cg08736421	0.2309986118833431	1560
cg27408060	0.23099671027687044	1560
cg13666594	0.23099246823269284	1560
cg05813677	0.2309908991462851	1560
cg06844209	0.23097469335042897	1560
cg10204951	0.23097187359141436	1560
cg18449003	0.23096810721357636	1560
cg17207346	0.2309676883870675	1560
cg01509715	0.23096444273911615	1560
cg09328083	0.23096378716464944	1560
cg19296153	0.23095970821014286	1560
cg10689055	0.23095828788155703	1560
cg05317498	0.23095412412391042	1560
cg06459454	0.23094441338289173	1560
cg11988476	0.23094002098576918	1560
cg00019576	0.23093684159802094	1560
cg26096090	0.23093227917032969	1560
cg11490865	0.23092852196721328	1560
cg03002835	0.23092318424112612	1560
cg06857845	0.23092051417403403	1560
cg06311102	0.23092030537299202	1560
cg03609292	0.23091025696643333	1560
cg23087239	0.2309053594256282	1560
cg16385941	0.23090239576895286	1560
cg11059561	0.23087271209422902	1560
cg16559361	0.23087267437514164	1560
cg21182599	0.23087217721933	1560
cg19707013	0.23087085517450728	1560
cg03576123	0.2308687565239635	1560
cg16283753	0.23086624451330323	1560
cg27056475	0.23086490282555472	1560
cg07993372	0.23086128996184085	1560
cg07973026	0.2308606004246619	1560
cg21834982	0.23085920638672136	1560
cg13279192	0.23085812299601466	1560
cg12101626	0.2308442617562792	1560
cg05782811	0.23083901701628354	1560
cg11209988	0.23083365670009687	1560
cg21252859	0.2308305059358489	1560
cg03935783	0.2308299045759302	1560
cg21239572	0.23082709379020602	1560
cg03289548	0.23082130986402324	1560
cg26046953	0.23081528909324714	1560
cg20132801	0.2308101043304001	1560
cg14611757	0.23080775185871374	1560
cg13551228	0.23079768657901606	1560
cg17812026	0.23078148030400106	1560
cg10930664	0.23077271579246836	1560
cg23520889	0.2307715518169778	1560
cg19541688	0.2307631874725923	1560
cg19983870	0.23076051734273398	1560
cg14343091	0.23076011802383273	1560
cg06406822	0.23075600744333535	1560
cg03455408	0.23074890688033672	1560
cg03743753	0.23074573909221882	1560
cg06065245	0.23074474038734558	1560
cg26583088	0.23074357120197053	1560
cg27620176	0.2307423652418014	1560
cg27571676	0.2307387862727759	1560
cg13758347	0.2307291502836714	1560
cg00226265	0.23072194099309012	1560
cg00007324	0.23072019403403568	1560
cg26983317	0.2307183847332795	1560
cg09169456	0.23070994784323726	1560
cg24522384	0.2307030784258493	1560
cg23740897	0.23069885412122682	1560
cg04990989	0.2306980620538724	1560
cg25937854	0.23069722961746103	1560
cg20735369	0.23069560606595188	1560
cg24739849	0.23069532925658234	1560
cg14185801	0.2306934275275651	1560
cg09291896	0.2306721923421785	1560
cg25987871	0.23066965192953667	1560
cg06571993	0.2306672450508652	1560
cg14829271	0.2306667019141709	1560
cg05340339	0.2306640899891654	1560
cg14375786	0.2306622629676109	1560
cg00545796	0.23066168311323337	1560
cg05138918	0.23065735121239686	1560
cg06856329	0.2306563964983651	1560
cg05289873	0.23065421739389	1560
cg14981422	0.2306469727153696	1560
cg05012516	0.23064568439205238	1560
cg23987846	0.2306393336377625	1560
cg05664895	0.23063805473086177	1560
cg19497325	0.23063669149009194	1560
cg27423433	0.23063229251310693	1560
cg21560819	0.23062525589308464	1560
cg26974276	0.2306236006533557	1560
cg15705062	0.2306209992728535	1560
cg14652434	0.23061868731726376	1560
cg25435338	0.23061814749033568	1560
cg04262392	0.23061746122335056	1560
cg16648494	0.23061743013155392	1560
cg00033371	0.23061371261827898	1560
cg11740194	0.23061330456215867	1560
cg25007487	0.23060821531118791	1560
cg00139389	0.23060643633513198	1560
cg10589018	0.23060120451841137	1560
cg27485530	0.23059830255217134	1560
cg26053795	0.23059091585079874	1560
cg14158690	0.23058589133340565	1560
cg03610629	0.23058347830418055	1560
cg27413539	0.23058347633711956	1560
cg04826355	0.23058255753062307	1560
cg14304073	0.23056886444341343	1560
cg22723887	0.23055965466697106	1560
cg07551054	0.23055613933671873	1560
cg01053196	0.23055418206428374	1560
cg23757056	0.2305430191013033	1560
cg13446043	0.2305335098543475	1560
cg06567722	0.23053033729936098	1560
cg02110701	0.23051874508928963	1560
cg15076663	0.23051806991696921	1560
cg06768288	0.23050554860609232	1560
cg26621704	0.23050419361849475	1560
cg15480114	0.23050359238066861	1560
cg15200915	0.23050084465621387	1560
cg01806442	0.230482005216524	1560
cg25372722	0.23048029930370062	1560
cg01263854	0.23047808678295298	1560
cg19082909	0.23047314096628624	1560
cg06947205	0.2304636632518829	1560
cg14522847	0.2304562384904232	1560
cg27003776	0.23045010001204583	1560
cg09510128	0.23044858257373252	1560
cg01385415	0.23044577937831104	1560
cg18474185	0.23044016477971047	1560
cg20532558	0.2304330723535094	1560
cg02089929	0.23043139252669417	1560
cg14666369	0.23041283142428876	1560
cg19005373	0.23041263464438758	1560
cg02820242	0.23041170820453594	1560
cg11036893	0.23040690703125877	1560
cg21258377	0.23040243358532989	1560
cg01083711	0.23039580348622107	1560
cg10242372	0.23039349968750744	1560
cg11702778	0.23039266102682215	1560
cg17849156	0.23039184889192013	1560
cg26298294	0.23039152036868052	1560
cg11188659	0.2303720681937155	1560
cg01149677	0.23035177885183825	1560
cg13742952	0.23034661752198318	1560
cg09588815	0.23034565762783335	1560
cg13662851	0.23034498482717325	1560
cg16038510	0.23034142093788354	1560
cg05523267	0.230338955862576	1560
cg26545112	0.23033887042888265	1560
cg11865882	0.23033885930865652	1560
cg15597136	0.23033205527141826	1560
cg06338552	0.23033035426018708	1560
cg26904215	0.23032222341207284	1560
cg07387931	0.23032139634186574	1560
cg03088725	0.23031561636297257	1560
cg06876404	0.230311665114193	1560
cg21810245	0.23031083303741862	1560
cg25535708	0.23030854051821356	1560
cg14063817	0.23030479663229483	1560
cg11464436	0.23030084393287928	1560
cg01148002	0.23030003395068097	1560
cg23975846	0.23029978803383722	1560
cg25411508	0.23029021755977033	1560
cg23182783	0.23028972904721526	1560
cg07018106	0.2302839940541057	1560
cg23681251	0.23028130484458545	1560
cg27224718	0.23027571738093597	1560
cg24441383	0.2302722778177844	1560
cg03736058	0.2302701828577399	1560
cg22780612	0.23026898190778008	1560
cg10443500	0.23026346023670557	1560
cg04213845	0.2302630255671328	1560
cg04001704	0.2302592835422115	1560
cg12765972	0.23025487247211562	1560
cg21528273	0.2302472400676455	1560
cg06602821	0.2302403289432652	1560
cg10200168	0.23023964346587164	1560
cg24365088	0.23022909911043007	1560
cg19547976	0.23022889699916976	1560
cg12404837	0.2302256924871324	1560
cg09081892	0.23022400136625196	1560
cg20469261	0.2302179550361444	1560
cg21501518	0.23021726489039343	1560
cg01553230	0.23020845555960345	1560
cg02893204	0.23020715054111004	1560
cg09443401	0.2302067649173215	1560
cg18484068	0.2302058923215202	1560
cg25644252	0.23020258064292018	1560
cg06175036	0.23019883836762672	1560
cg11168432	0.23019598234281208	1560
cg22702056	0.23018800256596866	1560
cg19431293	0.2301756567839017	1560
cg13414444	0.23016484434009749	1560
cg07974853	0.23016396968810107	1560
cg15995704	0.23015971165503435	1560
cg06647026	0.23014725105289752	1560
cg06295899	0.2301460063368738	1560
cg07222124	0.23014383350579662	1560
cg12268106	0.23014077434257302	1560
cg01694276	0.23013403495043774	1560
cg26796513	0.23012428478298255	1560
cg04608004	0.2301237014158086	1560
cg13441753	0.23012243855217074	1560
cg25474442	0.23012089192958632	1560
cg08604785	0.23011509864758775	1560
cg13975730	0.23011137291093445	1560
cg15968297	0.2301078973270477	1560
cg08427305	0.23010138355280094	1560
cg00711584	0.23010105278963539	1560
cg06426011	0.23010001163011254	1560
cg18679487	0.23009773667359837	1560
cg00389036	0.23009689679679327	1560
cg21333147	0.23009349786781988	1560
cg02457644	0.2300924149464632	1560
cg00037314	0.23008507475498932	1560
cg18133145	0.23008313796234883	1560
cg01000954	0.23008044954516063	1560
cg00907473	0.23007542003154527	1560
cg02213678	0.23007374396903799	1560
cg13476777	0.23006916903277988	1560
cg08471734	0.23006823005144883	1560
cg01114405	0.23006695165742708	1560
cg12439527	0.2300656551142973	1560
cg02769478	0.23005689643014407	1560
cg13082654	0.2300550827115465	1560
cg05607388	0.23005445000880667	1560
cg00373376	0.23005401628818758	1560
cg12515402	0.23004942730053066	1560
cg02155287	0.23004657404990478	1560
cg16005818	0.23004496011185022	1560
cg00674415	0.2300447974248901	1560
cg19517490	0.23004299278952087	1560
cg14888445	0.230038813104658	1560
cg19861147	0.23003530529138516	1560
cg01141572	0.23003464719348463	1560
cg08983966	0.23003320924289147	1560
cg12064201	0.2300243435826086	1560
cg21893154	0.23001280566152424	1560
cg06755297	0.23000925166804406	1560
cg22627940	0.2300088864870853	1560
cg04428718	0.23000549450093255	1560
cg15421701	0.23000406038562257	1560
cg13784276	0.23000052709123156	1560
cg09142414	0.22999766274786518	1560
cg13132307	0.22999252141003187	1560
cg03427771	0.22999154606779018	1560
cg22111009	0.2299832008081272	1560
cg15257681	0.2299714137912157	1560
cg22245494	0.22997088868991877	1560
cg17339956	0.22996695083861493	1560
cg18729130	0.229966771727267	1560
cg07856071	0.22996359291518245	1560
cg10503298	0.22996125198358072	1560
cg19120251	0.22996005454296126	1560
cg09636079	0.22995985054220486	1560
cg07167632	0.22995926101913922	1560
cg08236045	0.22995609045180113	1560
cg03454357	0.22995562022648033	1560
cg26342907	0.22994509385286938	1560
cg14047494	0.22994467329250134	1560
cg15344492	0.22994315470048104	1560
cg05617300	0.229941673904021	1560
cg20684718	0.2299397744026201	1560
cg23921487	0.22993591774104016	1560
cg24957423	0.22993531605815992	1560
cg24870967	0.22993183251601546	1560
cg08228596	0.2299240476854103	1560
cg21128415	0.22992231077582242	1560
cg11881562	0.22992201850578822	1560
cg06892439	0.22991272845556343	1560
cg17304713	0.22990196106576372	1560
cg14524897	0.2298991737009774	1560
cg20361429	0.22989279253299724	1560
cg21555471	0.22988773940591184	1560
cg10802543	0.22988605499178155	1560
cg15077087	0.22988122340372705	1560
cg07435269	0.22987991070661526	1560
cg18222602	0.22987957060923062	1560
cg00531246	0.22986834357731226	1560
cg01082422	0.22986816835624915	1560
cg22656126	0.2298645077773814	1560
cg10285897	0.2298636205645743	1560
cg04724190	0.22986351028716634	1560
cg08150755	0.22986110198603682	1560
cg24616795	0.22985838439613632	1560
cg21403912	0.22985700572419404	1560
cg02517519	0.22985415270362786	1560
cg02737517	0.229853980864134	1560
cg18195498	0.22984847399474162	1560
cg21524424	0.22983674192976525	1560
cg05869392	0.22983618391833463	1560
cg10712687	0.22983508975241243	1560
cg05689415	0.2298291323518638	1560
cg26312493	0.2298215499024061	1560
cg26851650	0.22982009808412135	1560
cg01915888	0.229817317971261	1560
cg02480405	0.22981588417050955	1560
cg06915918	0.2298132004552987	1560
cg13366654	0.22981021276587654	1560
cg08266619	0.22980914667706764	1560
cg11925103	0.22980680121145103	1560
cg15635503	0.22980088937721332	1560
cg03228408	0.2297942334697875	1560
cg06222392	0.22979367227320224	1560
cg18015844	0.22979261083103567	1560
cg18608197	0.22978425500888755	1560
cg23231026	0.22977252651207478	1560
cg26504749	0.22977028580568282	1560
cg12198495	0.22976207560951753	1560
cg19012704	0.22975736808523592	1560
cg16547081	0.2297562045675532	1560
cg03569524	0.22975387280940412	1560
cg14210321	0.2297535925597362	1560
cg20971159	0.2297500205094717	1560
cg25297146	0.22974575169035827	1560
cg20849378	0.22974226259002728	1560
cg22386389	0.22973139213701557	1560
cg00426425	0.22972974514747246	1560
cg19590511	0.22972903017919813	1560
cg10663408	0.22972767900851018	1560
cg01342411	0.22972766023746138	1560
cg24122283	0.22972512808439313	1560
cg08707110	0.22972186261684435	1560
cg20973421	0.22972128462885405	1560
cg19633487	0.22971730465536283	1560
cg06051496	0.2297163228649162	1560
cg03576530	0.22971459713116102	1560
cg16828585	0.2297141745450768	1560
cg16652332	0.2297082777860046	1560
cg11834106	0.22970818765939013	1560
cg04286878	0.22970558627399618	1560
cg01082560	0.22970280909902668	1560
cg21171954	0.22969905410277183	1560
cg23320522	0.2296884929331872	1560
cg22766368	0.2296883468837477	1560
cg12231960	0.22968745176632063	1560
cg21757314	0.22968616023695443	1560
cg14628942	0.22968264324989196	1560
cg20233206	0.22968167845871526	1560
cg01305849	0.22967604121353408	1560
cg10632215	0.22966966665613803	1560
cg13367929	0.22966878171839036	1560
cg17403046	0.22966227438226613	1560
cg26502461	0.2296587120655885	1560
cg19559668	0.22965642263989464	1560
cg11526462	0.22965480460791232	1560
cg07351059	0.22965227806338057	1560
cg06685304	0.22964694753466763	1560
cg09848445	0.2296439523049293	1560
cg24586870	0.22964299157909732	1560
cg11869968	0.22964095019053804	1560
cg18083305	0.2296346292181026	1560
cg16791218	0.229626466727295	1560
cg09414987	0.22961559102679568	1560
cg01566544	0.2296109534968363	1560
cg15262992	0.22960733683993592	1560
cg27047577	0.22960572303671434	1560
cg07126542	0.22959914080616523	1560
cg27008780	0.2295926828579894	1560
cg14075139	0.22959235707847966	1560
cg06566039	0.22958271175782272	1560
cg21163765	0.2295806809066946	1560
cg02642829	0.2295795231702757	1560
cg05745100	0.22957608327052517	1560
cg23091699	0.22957080052603046	1560
cg14700153	0.2295671305665537	1560
cg02455703	0.22956040451016743	1560
cg12900690	0.22955505555917632	1560
cg21496580	0.22955469465046904	1560
cg02119073	0.2295511693726396	1560
cg06190044	0.22954612706489189	1560
cg07772128	0.22954488924097635	1560
cg21725374	0.2295444660544526	1560
cg27310827	0.22954286670009705	1560
cg13925890	0.2295335180584316	1560
cg05308391	0.22952757066388765	1560
cg10359931	0.2295201904968987	1560
cg20631628	0.22951923551120726	1560
cg22401907	0.22951515510793516	1560
cg08589821	0.2295054152711758	1560
cg20466074	0.22950271240098086	1560
cg23051282	0.22950219220034737	1560
cg07154754	0.2294969164664326	1560
cg23148992	0.22949687248395287	1560
cg23240597	0.22949201346283676	1560
cg19648954	0.22948453534466587	1560
cg09611656	0.22947766837106812	1560
cg09720205	0.2294739196413785	1560
cg04906467	0.229463348887045	1560
cg07010340	0.2294627735123791	1560
cg25679378	0.22946075521114265	1560
cg09738481	0.2294590776900246	1560
cg22346429	0.22944872859007578	1560
cg26037170	0.22944495726827796	1560
cg06950666	0.2294447281624541	1560
cg25732961	0.2294366340808074	1560
cg19339021	0.2294243377935898	1560
cg13771378	0.22942179077709038	1560
cg16537589	0.229420562060704	1560
cg09095341	0.22941922205007442	1560
cg25414463	0.22941505996995995	1560
cg08205736	0.22941332132660391	1560
cg16372156	0.22940508642355117	1560
cg23898827	0.229404661106543	1560
cg03369668	0.2294041688115943	1560
cg10015802	0.2294015791625834	1560
cg19131736	0.22939863364603905	1560
cg08198330	0.22939712413337737	1560
cg01877967	0.22938980982465548	1560
cg11949172	0.22938846279222808	1560
cg02774045	0.2293877418683355	1560
cg04799588	0.22938456386866804	1560
cg03754582	0.22938386986220152	1560
cg04808813	0.22938154530078472	1560
cg00446087	0.2293793091214387	1560
cg05711251	0.22937829836911205	1560
cg24159142	0.22937711533955035	1560
cg01191815	0.2293758325542782	1560
cg13424608	0.22937537931391316	1560
cg09781304	0.22937376081765531	1560
cg07503662	0.22937050757415026	1560
cg00219792	0.2293640091703237	1560
cg12484325	0.229362424231652	1560
cg15390560	0.2293598873735843	1560
cg26426162	0.22935808531517426	1560
cg10075733	0.22935740370814597	1560
cg09351623	0.22935454943532027	1560
cg20560906	0.22935154981720404	1560
cg24401363	0.2293485781623861	1560
cg24030037	0.22934365788589373	1560
cg22255354	0.22934284027590998	1560
cg18538675	0.229340453742837	1560
cg21046364	0.22932978428569728	1560
cg12612807	0.22932309559114716	1560
cg03033930	0.22932218429011644	1560
cg01414542	0.22931495142349329	1560
cg21881364	0.22931451542326386	1560
cg14462432	0.2293088170654929	1560
cg05810363	0.2293077405880064	1560
cg04704947	0.22930750960135274	1560
cg27187669	0.22930623203017733	1560
cg06440665	0.2292988818492826	1560
cg01068102	0.22929400978026043	1560
cg20435464	0.22929049521940717	1560
cg24009439	0.2292895452161017	1560
cg16892562	0.22928899575637765	1560
cg27305603	0.2292872598415483	1560
cg13293943	0.22928721866610785	1560
cg26967868	0.2292856576668258	1560
cg09143319	0.22928404191134583	1560
cg10093859	0.22927761345434966	1560
cg13342360	0.22927655941953695	1560
cg07023532	0.22927513162172058	1560
cg02552868	0.2292733272166235	1560
cg11227064	0.22926080944710167	1560
cg26119008	0.22925358422238912	1560
cg18219878	0.22924906890062138	1560
cg16534196	0.22924527197598157	1560
cg01089838	0.2292375636153458	1560
cg25828259	0.22923619716815277	1560
cg17513542	0.2292343022323567	1560
cg24474622	0.2292332275225294	1560
cg25104118	0.22923183763114047	1560
cg20490773	0.22922953938134297	1560
cg07365857	0.2292266191777899	1560
cg03013188	0.22922038384227103	1560
cg07550313	0.22921877386365558	1560
cg20069408	0.22920944590233966	1560
cg19199752	0.22920924513164098	1560
cg09952564	0.22920572690722482	1560
cg23476885	0.22920438166362805	1560
cg00381974	0.22919970195203082	1560
cg21725496	0.22919561168293032	1560
cg00969815	0.22919399552336264	1560
cg10549338	0.22918408075822905	1560
cg09288470	0.22917888664963534	1560
cg23591125	0.22917847866017277	1560
cg06992390	0.2291778398658381	1560
cg05797093	0.22917372907149	1560
cg05189253	0.22916762105178476	1560
cg24523322	0.22916024668508503	1560
cg09647884	0.2291584675029596	1560
cg09539239	0.2291555745541231	1560
cg12303232	0.22915002544556679	1560
cg00013993	0.2291368612659198	1560
cg14538751	0.22913588043154834	1560
cg25161331	0.22913368705271195	1560
cg11354908	0.22913309327429104	1560
cg22867117	0.22912769850191322	1560
cg23317910	0.2291263240359696	1560
cg21509721	0.2291144239740884	1560
cg22923523	0.2291099610696359	1560
cg26705765	0.2291096053530527	1560
cg17943757	0.2291046493436133	1560
cg08327705	0.22910394760701447	1560
cg05225038	0.22910009739250153	1560
cg04992930	0.2290916849502465	1560
cg04320044	0.2290913579411783	1560
cg02519772	0.22908983574066877	1560
cg06061449	0.22908898272092698	1560
cg13661094	0.22908885311941965	1560
cg09045935	0.22908271685925527	1560
cg12335414	0.2290818340481832	1560
cg19529604	0.22907455349295835	1560
cg06820907	0.2290713598095664	1560
cg26593722	0.2290703750632188	1560
cg20294810	0.22906914834340858	1560
cg03435677	0.2290682313108138	1560
cg23972301	0.22906799115667822	1560
cg02773337	0.2290675324191283	1560
cg25273340	0.22906374021143186	1560
cg16318947	0.22906220068079255	1560
cg18058596	0.22906100314216454	1560
cg15244168	0.22906070710197737	1560
cg09867669	0.2290525224912803	1560
cg09227533	0.22905173816453883	1560
cg07733363	0.2290496604394268	1560
cg17859634	0.2290473480260397	1560
cg07002602	0.22903688681964213	1560
cg02433139	0.2290311462343601	1560
cg01909845	0.22903026736565774	1560
cg03231329	0.22903023651150867	1560
cg13359749	0.22902780116721222	1560
cg09856153	0.22902712159691305	1560
cg02608491	0.22902579662039624	1560
cg05107228	0.22902485969982275	1560
cg25436375	0.22902482226477516	1560
cg09373983	0.22901621976401088	1560
cg16148858	0.22901527956932227	1560
cg02537309	0.2290079102637611	1560
cg17501712	0.2290068388041154	1560
cg19364929	0.22899645583531417	1560
cg16752925	0.22898402184928737	1560
cg00166234	0.22898380501585114	1560
cg21026624	0.22898080823921999	1560
cg10105259	0.22897572938213281	1560
cg14539247	0.2289731223998098	1560
cg04592958	0.22897200647885405	1560
cg11824662	0.2289703895260791	1560
cg20740967	0.22896902354790966	1560
cg27013765	0.2289676108523023	1560
cg26042514	0.22896353799029695	1560
cg20618742	0.22895687408150223	1560
cg14763972	0.2289567811198551	1560
cg05425023	0.2289555510380721	1560
cg27247569	0.22895372674601647	1560
cg19209269	0.2289507934470341	1560
cg00016406	0.22894891629979658	1560
cg03004323	0.22894698560002144	1560
cg00488734	0.2289435490038356	1560
cg22693570	0.2289413078710124	1560
cg18606700	0.2289311855764415	1560
cg24634565	0.2289294792714438	1560
cg23956190	0.22892603727781052	1560
cg15986529	0.22892111912380078	1560
cg17902007	0.22891186800488422	1560
cg03935244	0.2289105265336743	1560
cg02296904	0.22890631581811835	1560
cg02281446	0.22890544142479394	1560
cg05977230	0.22889994028631483	1560
cg22820639	0.2288953592151947	1560
cg20348895	0.22889527839002605	1560
cg07820702	0.22888937420192165	1560
cg19463982	0.228883758842332	1560
cg21163327	0.22887865393096	1560
cg00118712	0.22887014116003346	1560
cg00143321	0.22886957618908071	1560
cg04382920	0.22886745964945893	1560
cg06884679	0.22886613894629593	1560
cg13735557	0.2288658488609908	1560
cg19471291	0.22886217551625335	1560
cg16577247	0.22886156992333376	1560
cg23231268	0.2288520761385029	1560
cg27290103	0.22884914205938783	1560
cg20737072	0.22884897881935617	1560
cg01606538	0.22884622816798245	1560
cg20853569	0.2288419902974891	1560
cg07279214	0.2288397703104704	1560
cg10234282	0.2288371383829713	1560
cg01172114	0.22883398060509333	1560
cg05904283	0.22883017996848096	1560
cg04628465	0.22882735069537352	1560
cg09936845	0.2288233819749091	1560
cg22656750	0.22881990333313687	1560
cg00213606	0.22881378433301416	1560
cg07056645	0.22880671429986763	1560
cg01224510	0.22880432541769116	1560
cg07265985	0.22880211439227607	1560
cg14402574	0.22880086622076815	1560
cg08336138	0.22879947291005256	1560
cg07999738	0.22879362922402946	1560
cg17866044	0.2287932144511417	1560
cg01479645	0.228785700393377	1560
cg21300382	0.22878418476845816	1560
cg23194712	0.22878328005301587	1560
cg13966609	0.22878078761196313	1560
cg14462307	0.2287798639337834	1560
cg16266007	0.2287774005254819	1560
cg21876001	0.2287733598701448	1560
cg09927637	0.2287683301594073	1560
cg05007472	0.2287667626778611	1560
cg26246744	0.22876456383758162	1560
cg10525574	0.22875989632703403	1560
cg13880726	0.22875983156838392	1560
cg06818515	0.22875898217504695	1560
cg16996571	0.22875687879601628	1560
cg15322500	0.2287541768672316	1560
cg23085676	0.22875332161726933	1560
cg18408962	0.2287503072167444	1560
cg15760709	0.22874235868653348	1560
cg15607387	0.22873754273416153	1560
cg22617878	0.22873433180151848	1560
cg15945785	0.22873429479657223	1560
cg23246666	0.22873122126616655	1560
cg11967563	0.22872688127943103	1560
cg02032166	0.22871842036627726	1560
cg01968683	0.22871820171641058	1560
cg05909553	0.22871691700721505	1560
cg01086369	0.22871630191335515	1560
cg22940273	0.22871188271316722	1560
cg16446845	0.22870452562712354	1560
cg16908901	0.2287044831833198	1560
cg22273955	0.2287015610601588	1560
cg24378253	0.22870146496635624	1560
cg01847620	0.22869926988420464	1560
cg08464520	0.22869431838630552	1560
cg17114200	0.2286898531549009	1560
cg22342925	0.2286768380721231	1560
cg07023563	0.22867661432031786	1560
cg24745316	0.2286745497201324	1560
cg23968456	0.22867343185775907	1560
cg22365431	0.22867210653815292	1560
cg01007350	0.22866759093961356	1560
cg22855393	0.22866610768261592	1560
cg22314465	0.22866413601208985	1560
cg26832427	0.22866257122844558	1560
cg12253469	0.22865919488430816	1560
cg06894464	0.22865900917663315	1560
cg10367296	0.2286581039130564	1560
cg00872414	0.22865732643492748	1560
cg02952972	0.2286566138337194	1560
cg10858196	0.22865583621322924	1560
cg09887459	0.2286555599827413	1560
cg17701921	0.22865307942752378	1560
cg03837292	0.2286528477707752	1560
cg00129232	0.22864157976769675	1560
cg13458812	0.22863846948226416	1560
cg04697482	0.228633872257241	1560
cg09821493	0.22862891581923117	1560
cg14794786	0.228628543196743	1560
cg01717276	0.22861618643678774	1560
cg01398299	0.22861221711726187	1560
cg02606627	0.22861136804215057	1560
cg18773383	0.22861052301037713	1560
cg26338199	0.22860615580397126	1560
cg00913953	0.2286030603237343	1560
cg05951425	0.22860014315245003	1560
cg00737801	0.22859612256171813	1560
cg26475180	0.22859585476457045	1560
cg16586559	0.2285922036308291	1560
cg12157941	0.22858966042523035	1560
cg01880908	0.22858923290252292	1560
cg09207578	0.2285841080604082	1560
cg26524306	0.22858028338228753	1560
cg04919944	0.2285789469566604	1560
cg08194384	0.22857711567133418	1560
cg26158235	0.228573707294639	1560
cg01185755	0.2285711751796046	1560
cg11130223	0.2285680902108207	1560
cg19390357	0.22855844095984512	1560
cg26971585	0.22855511284130947	1560
cg09480289	0.22855265558894428	1560
cg07388482	0.22854958133687786	1560
cg14833008	0.22854690476380757	1560
cg26202697	0.22854537736270428	1560
cg09166770	0.22854489681374235	1560
cg07340447	0.2285430648855986	1560
cg02065141	0.22853917735253873	1560
cg16420310	0.2285313310869193	1560
cg18499401	0.22853047130156465	1560
cg24205289	0.2285258506374455	1560
cg00822989	0.22852467159670134	1560
cg05474707	0.2285234528481465	1560
cg03500993	0.22852021746467022	1560
cg24022357	0.22851999472763673	1560
cg27156649	0.2285184217252229	1560
cg18644481	0.22851595583561335	1560
cg09367696	0.22851144557567576	1560
cg08699640	0.22851143594188147	1560
cg23355015	0.22850810075378217	1560
cg26695780	0.22850685589567238	1560
cg27143749	0.22850091360759361	1560
cg08663109	0.22850059300175546	1560
cg10606269	0.22850053669860412	1560
cg01896656	0.22849839345329062	1560
cg21788443	0.22848975268490462	1560
cg09121928	0.228486399479493	1560
cg11229230	0.22848606241528832	1560
cg00077281	0.2284837294798743	1560
cg05922771	0.22848191956264566	1560
cg03742890	0.22847870684571275	1560
cg24117473	0.22847854118714953	1560
cg19627653	0.22847415653509348	1560
cg19597652	0.2284736034053101	1560
cg07729303	0.22847080691502544	1560
cg14450361	0.2284697055164375	1560
cg06527539	0.22846643925738924	1560
cg22601877	0.22846198321821756	1560
cg04414542	0.22845176549373342	1560
cg13117369	0.22844743201106057	1560
cg17400609	0.2284459444849242	1560
cg18582965	0.22844493135476798	1560
cg16975316	0.2284296634541295	1560
cg26717016	0.22842694725305693	1560
cg10448795	0.22842635324558794	1560
cg05160336	0.22842564675534188	1560
cg08767743	0.22842511832521722	1560
cg04530981	0.22842469759443665	1560
cg13901137	0.22842189477212563	1560
cg14417711	0.22841223763068255	1560
cg19812400	0.22840449031291066	1560
cg15866928	0.22839320214797346	1560
cg08582182	0.2283861459202343	1560
cg03897412	0.2283841632580319	1560
cg25478712	0.22838344371569147	1560
cg24684816	0.22838224977997487	1560
cg00457258	0.22838177483058514	1560
cg20592144	0.22837261052038932	1560
cg10386914	0.22836003044902456	1560
cg02313829	0.22835198906721443	1560
cg12753558	0.22835101291275564	1560
cg16856213	0.22835070060097215	1560
cg02828564	0.22834592668656184	1560
cg15889003	0.22834353153625964	1560
cg09327836	0.22833559405457612	1560
cg19405229	0.22832849330114016	1560
cg15385479	0.228327638466976	1560
cg00946507	0.22832590730707156	1560
cg07040161	0.22832186785648048	1560
cg15423797	0.22831620055490323	1560
cg08225020	0.2283106998753798	1560
cg23939932	0.22831060610830003	1560
cg18191138	0.2283072386813641	1560
cg17281993	0.2283062049913173	1560
cg15456742	0.22830426709118581	1560
cg00313498	0.2282995075565354	1560
cg19976997	0.2282975121667592	1560
cg09796800	0.22829132792013473	1560
cg14480594	0.22829089828997995	1560
cg17315940	0.22827899679769847	1560
cg06599322	0.22827887163125787	1560
cg09408260	0.22827480707222622	1560
cg18030386	0.22827458724521466	1560
cg03513571	0.22827309754514546	1560
cg19483126	0.2282724277649332	1560
cg18794122	0.2282718385421957	1560
cg17677524	0.22826999613588456	1560
cg20032789	0.2282631750624662	1560
cg07063572	0.22826237917629594	1560
cg00825309	0.22825866485316712	1560
cg07834408	0.22825325031814034	1560
cg00390337	0.22824775765953087	1560
cg11724557	0.22824735899493825	1560
cg02089487	0.22824012602946128	1560
cg12219838	0.2282357683758999	1560
cg03228602	0.22823317525220332	1560
cg21890309	0.2282325210477566	1560
cg15001959	0.22823111744930663	1560
cg14192207	0.22822935319871096	1560
cg18024260	0.22822883847435932	1560
cg19058262	0.22822816532149795	1560
cg09276842	0.2282279332146021	1560
cg17150363	0.22822430309746003	1560
cg05307257	0.2282232057448661	1560
cg13418007	0.22822201143017193	1560
cg08942080	0.22822149699382419	1560
cg07792858	0.22822007842541128	1560
cg01854803	0.2282164010260985	1560
cg20427090	0.22821160964708206	1560
cg14635160	0.22821138540537297	1560
cg18072522	0.22821079984634862	1560
cg07819160	0.22820182942441755	1560
cg14280283	0.22819759078674964	1560
cg10328290	0.22819503632023516	1560
cg15997374	0.228192475597214	1560
cg19104095	0.228188378120803	1560
cg01277910	0.2281852201966556	1560
cg17546196	0.22818172289450386	1560
cg22118112	0.22817577348077234	1560
cg06733925	0.22817503661389027	1560
cg05913925	0.22816836661342532	1560
cg06053417	0.2281633232436438	1560
cg10918016	0.22816032089657343	1560
cg00597492	0.22815896942353792	1560
cg10090256	0.22815883465070183	1560
cg27398283	0.22815764841177977	1560
cg23039227	0.22815619207476315	1560
cg20073412	0.22815105701101895	1560
cg11768416	0.2281492087561643	1560
cg14337472	0.22814515558820794	1560
cg05400883	0.22813472200365367	1560
cg18548523	0.22811513640999675	1560
cg27462497	0.22811482554333495	1560
cg07128379	0.22811444488221885	1560
cg03152602	0.22811063437613804	1560
cg04510807	0.228110566971094	1560
cg04831728	0.22810944200847239	1560
cg00190508	0.22810715870206144	1560
cg13663170	0.2281064833948879	1560
cg25937114	0.2280955506291171	1560
cg09002677	0.22809517315869415	1560
cg23763836	0.2280903178445056	1560
cg13887095	0.2280897972123047	1560
cg10299941	0.22808194662192577	1560
cg12631105	0.22808037319117053	1560
cg15920621	0.2280781950208337	1560
cg26029250	0.22807609215044689	1560
cg01311567	0.22807276807797253	1560
cg10978983	0.22807046228116498	1560
cg13992493	0.2280634588445806	1560
cg21433332	0.22805972018242102	1560
cg01290542	0.22805583487087389	1560
cg07362164	0.22805080197465155	1560
cg16505962	0.22804815682489918	1560
cg15527356	0.22804804149362537	1560
cg14965611	0.2280449125166899	1560
cg27385126	0.22804072338832967	1560
cg19388017	0.22803305092620188	1560
cg00211855	0.22802996923332147	1560
cg25442928	0.22802945401975155	1560
cg17817067	0.2280291812244923	1560
cg03719475	0.22802859525185484	1560
cg06658237	0.22801750452245614	1560
cg10958086	0.22801313616606864	1560
cg16668678	0.2280125510851101	1560
cg02910002	0.22801156034833378	1560
cg24430642	0.22800933567458728	1560
cg06872588	0.22800809962889515	1560
cg21613957	0.22800441543777647	1560
cg05129568	0.22800379825246633	1560
cg06582663	0.2279990881807905	1560
cg27191834	0.22798468755598794	1560
cg08717488	0.2279844968625234	1560
cg16193196	0.22798161593005795	1560
cg13860612	0.22797955797447964	1560
cg11839944	0.22797215684427083	1560
cg14205576	0.2279696331874645	1560
cg05483131	0.22795471652382604	1560
cg09863384	0.2279519671662189	1560
cg15245520	0.2279499330151351	1560
cg19536075	0.22794431660808764	1560
cg23009962	0.2279381494933218	1560
cg19601664	0.22793610471581568	1560
cg03315432	0.22792404717185902	1560
cg25588480	0.2279222816949774	1560
cg26698781	0.22791850956993023	1560
cg03007121	0.22791799724634348	1560
cg24540732	0.22791558238273274	1560
cg02787560	0.22791374620303645	1560
cg21382589	0.2279116284332203	1560
cg23640757	0.2279103135221657	1560
cg15235614	0.22791002010629743	1560
cg16821252	0.2279000463045968	1560
cg06696911	0.22789768897176174	1560
cg17331904	0.22789537444151822	1560
cg13920364	0.22789034121211094	1560
cg13021479	0.2278793418574527	1560
cg26818010	0.2278783270274802	1560
cg07834314	0.22787354911257737	1560
cg08994698	0.22786898266829922	1560
cg21916557	0.22786715562054807	1560
cg15061612	0.22786222572576528	1560
cg10976778	0.22786103584061934	1560
cg10347813	0.22785289549761067	1560
cg22157015	0.22785003117756794	1560
cg14048463	0.22784943399084517	1560
cg00822255	0.2278467113919452	1560
cg22797490	0.22784567111623683	1560
cg23069923	0.22783971190903557	1560
cg05790551	0.2278394668046678	1560
cg27301596	0.2278393568402326	1560
cg13352717	0.22783626532936582	1560
cg21620087	0.22783276297135543	1560
cg25689940	0.2278312398388107	1560
cg14917329	0.22783101226079927	1560
cg19123465	0.2278278329730633	1560
cg00074851	0.22782167318184487	1560
cg23023126	0.22782052729014401	1560
cg20197516	0.22781755979005824	1560
cg26037974	0.22781317863069742	1560
cg03615921	0.22781229995969632	1560
cg16117789	0.22780715731348158	1560
cg05881416	0.2277919229415376	1560
cg01921845	0.2277875614662463	1560
cg27320983	0.22777881038606448	1560
cg13990976	0.227769088007669	1560
cg02458088	0.2277687528738767	1560
cg25686891	0.22776868820521606	1560
cg10192265	0.2277670964310441	1560
cg06462703	0.22776637890219487	1560
cg17486429	0.2277623798411318	1560
cg19601293	0.22776113297299058	1560
cg03686950	0.22775855070658102	1560
cg07222059	0.22775774232926332	1560
cg09655191	0.22775616488420714	1560
cg03313451	0.227752334572059	1560
cg12530191	0.22775169987198804	1560
cg00525828	0.22775166798882696	1560
cg08567021	0.2277492584673594	1560
cg26698744	0.22774923314751735	1560
cg12044749	0.2277478972703018	1560
cg02965892	0.22774751490012687	1560
cg19410378	0.22774230701401174	1560
cg10464656	0.2277371839083445	1560
cg03710196	0.22773500023814294	1560
cg17984641	0.22773467024509483	1560
cg03738979	0.22773454219096512	1560
cg25587647	0.22772034148213893	1560
cg18756954	0.22771970171529443	1560
cg10737412	0.22770957362008185	1560
cg14116388	0.22770798587392144	1560
cg19008266	0.22770590165589183	1560
cg12964929	0.22770219474551914	1560
cg22423294	0.22769924655140883	1560
cg00176672	0.22769247741088786	1560
cg04260258	0.22769029596768942	1560
cg25777971	0.2276900263800639	1560
cg13581036	0.2276883556404038	1560
cg13964192	0.2276869096187398	1560
cg00331845	0.22768458742329126	1560
cg08409804	0.22768154693941145	1560
cg17971086	0.22767865163146417	1560
cg20308189	0.22767723891341454	1560
cg19628771	0.22767400017623451	1560
cg27574071	0.2276726573352994	1560
cg14919203	0.22767173112522607	1560
cg02630349	0.22766974033635845	1560
cg12251919	0.22766848208280946	1560
cg00396981	0.22766644760676333	1560
cg03647581	0.227663445214663	1560
cg17743939	0.22766219289918066	1560
cg11073931	0.2276590690128765	1560
cg13287519	0.22765309754063026	1560
cg15793573	0.2276504874437393	1560
cg04814990	0.22764537201525567	1560
cg24933115	0.22764188437922572	1560
cg17498856	0.22764116191117179	1560
cg27611584	0.22764090543657145	1560
cg18205081	0.22763990673925255	1560
cg00749498	0.2276297554797327	1560
cg14353391	0.22762922796831708	1560
cg06910049	0.2276255633077849	1560
cg26894968	0.2276252039207552	1560
cg09796094	0.22762241525519036	1560
cg18403285	0.22762096038288834	1560
cg13924635	0.2276204189181113	1560
cg14696662	0.22761911079837774	1560
cg04321919	0.22761826464195423	1560
cg26458816	0.22761815792698392	1560
cg22356839	0.22761491165534234	1560
cg01558195	0.2276069323864384	1560
cg10190055	0.2276023112915252	1560
cg09550697	0.2275999269418483	1560
cg11640008	0.22759626177912906	1560
cg02980000	0.22759474821630804	1560
cg05884115	0.22758877281381312	1560
cg10182243	0.2275850633166772	1560
cg08943906	0.22758487402748387	1560
cg25151376	0.22758087376885983	1560
cg07649862	0.22757571200584703	1560
cg12090052	0.22757495736404687	1560
cg15528519	0.22757020881647608	1560
cg03549024	0.2275693659063344	1560
cg19970338	0.2275617136080568	1560
cg10011062	0.2275570029419787	1560
cg00587834	0.2275555495694404	1560
cg18317933	0.2275505824560156	1560
cg22625953	0.2275491275704124	1560
cg04635735	0.22754274373312952	1560
cg20144521	0.22753406007049792	1560
cg03645265	0.22753296517330215	1560
cg20378837	0.22753291413153992	1560
cg15986238	0.22752886321641533	1560
cg20517784	0.2275206564521866	1560
cg14222657	0.2275185157464737	1560
cg20586210	0.22751609863599953	1560
cg18353597	0.2275146390972858	1560
cg24206697	0.22751190918993383	1560
cg20119495	0.22750796123841585	1560
cg00313865	0.2275074655174199	1560
cg09555414	0.22750386303832304	1560
cg19803550	0.22750284851593588	1560
cg04176585	0.22750107458607347	1560
cg07627464	0.22750028983788115	1560
cg27465055	0.22749630979627314	1560
cg00300999	0.22748933770731056	1560
cg10438977	0.22748731255425933	1560
cg22408735	0.2274849397389247	1560
cg04794202	0.22748357151571222	1560
cg10639613	0.22748250774893125	1560
cg02658564	0.22748137459710116	1560
cg18390621	0.22747469390256622	1560
cg20638467	0.22747168031946247	1560
cg18398930	0.2274711916825834	1560
cg26650651	0.22746309283301158	1560
cg18545655	0.2274616067392631	1560
cg09268313	0.22745958738276992	1560
cg17246404	0.22745649031320744	1560
cg11995577	0.22745014596281754	1560
cg02605672	0.22744948959022904	1560
cg16528272	0.22744871563062	1560
cg13427320	0.2274477125374447	1560
cg11317705	0.22744613372565514	1560
cg06467025	0.2274428600644658	1560
cg10013493	0.2274413852921412	1560
cg10128659	0.22744072589517852	1560
cg07369404	0.2274375225725266	1560
cg06867822	0.22743699070903423	1560
cg11033688	0.22743686460291485	1560
cg07329296	0.2274311332489406	1560
cg11091909	0.22742743950007574	1560
cg10664618	0.22742733409515775	1560
cg06765373	0.22742588481157577	1560
cg21947444	0.22742234439545359	1560
cg08403428	0.22742086411788837	1560
cg19599251	0.22741957521330122	1560
cg16369288	0.22741759723202112	1560
cg16278728	0.22741208831142	1560
cg22961623	0.22740909078642543	1560
cg22735953	0.2274082898448883	1560
cg09996902	0.22740517380210884	1560
cg06177106	0.22740488581231705	1560
cg15319502	0.2273984557686746	1560
cg24588891	0.22739540207439773	1560
cg05189517	0.22739376780490697	1560
cg01739381	0.22739358379165334	1560
cg21921996	0.22739270968011874	1560
cg01820765	0.2273863826043144	1560
cg04207976	0.22738558284457883	1560
cg10089457	0.22738228939713967	1560
cg24009737	0.22738058664532307	1560
cg03043834	0.227379962037438	1560
cg07925615	0.2273799555590427	1560
cg25225340	0.22737898079700608	1560
cg18119504	0.22737542271597028	1560
cg23716449	0.22737534936226503	1560
cg25492363	0.22737010457422682	1560
cg01547142	0.227365878208878	1560
cg26913798	0.2273644971088322	1560
cg10099518	0.2273599664817321	1560
cg26237426	0.22735819745464447	1560
cg26665209	0.2273580653886029	1560
cg11852646	0.22735692533328375	1560
cg05051118	0.22735093132621892	1560
cg11360931	0.2273493677685586	1560
cg00961127	0.22734354928211076	1560
cg25270422	0.22734142329720727	1560
cg13848087	0.22733939996002195	1560
cg14157019	0.22733761115868206	1560
cg27266381	0.2273308888466226	1560
cg10382410	0.2273298407732978	1560
cg03553640	0.22732882606160032	1560
cg21661680	0.2273168722603231	1560
cg15393676	0.22731682706736225	1560
cg21658616	0.22731002742941978	1560
cg01405751	0.22730863566394935	1560
cg04162383	0.22730851498911184	1560
cg21564965	0.22730663831202624	1560
cg08866814	0.22730656396267607	1560
cg05991442	0.22730201899403296	1560
cg20001876	0.22729875061188226	1560
cg04919811	0.2272979868250973	1560
cg08802770	0.22729273257618013	1560
cg05485379	0.2272911525783853	1560
cg26406014	0.2272836808180031	1560
cg12514963	0.22727986415125054	1560
cg03913989	0.22727866507636457	1560
cg19775916	0.2272750905388062	1560
cg03395651	0.227270906988869	1560
cg03136712	0.22727037142032788	1560
cg25124228	0.22726930674191886	1560
cg06636244	0.22726758907113043	1560
cg21548869	0.22726529187621522	1560
cg04587428	0.2272644578698238	1560
cg06671654	0.2272597463262046	1560
cg07089834	0.22725484929001194	1560
cg26962002	0.2272540383720477	1560
cg19697584	0.22725346429737017	1560
cg23416307	0.22725068239310386	1560
cg21356851	0.22724821335794224	1560
cg05276408	0.2272479716513933	1560
cg12361165	0.22724525641229398	1560
cg12806067	0.22724408238990088	1560
cg13596910	0.22724183835694303	1560
cg18246991	0.22723738850343506	1560
cg05887749	0.2272367948428435	1560
cg04729768	0.22723645628322386	1560
cg16576106	0.22723246431987582	1560
cg17766055	0.22722862612500344	1560
cg03174038	0.22722593362673751	1560
cg16097069	0.2272169153785331	1560
cg22700036	0.2272159132644247	1560
cg19902122	0.22720937591364962	1560
cg09235936	0.227207542554582	1560
cg20817752	0.22720630468943062	1560
cg14969806	0.22720604885409745	1560
cg11833660	0.22720538311483057	1560
cg09801621	0.22720433749273894	1560
cg08369295	0.22720323841308868	1560
cg12062310	0.22720124581547527	1560
cg10817497	0.2271849841483161	1560
cg02463166	0.22717834031287712	1560
cg00357671	0.22717748433518573	1560
cg11714702	0.22717215148429162	1560
cg04826882	0.2271714853551455	1560
cg10239991	0.22716831656556716	1560
cg13426839	0.22716602939315053	1560
cg23980314	0.2271653378774445	1560
cg22220310	0.2271635276216936	1560
cg09293533	0.2271601418621562	1560
cg13323878	0.22715979234259467	1560
cg15488660	0.22715769472073152	1560
cg27093425	0.227153990294558	1560
cg05667401	0.22715249228650844	1560
cg07445515	0.22714954226848078	1560
cg00758217	0.22714937335819382	1560
cg05229381	0.2271445065876506	1560
cg13292542	0.22714188568617907	1560
cg12675942	0.2271396740138945	1560
cg01742177	0.2271373701751702	1560
cg26369133	0.22713466582506078	1560
cg24803059	0.22713085483848466	1560
cg21350392	0.22712627974647856	1560
cg24094804	0.2271226233164062	1560
cg08068630	0.22712128993782676	1560
cg14536467	0.22710825084650427	1560
cg12928622	0.2271059188705849	1560
cg18097325	0.22710328018939632	1560
cg05286348	0.22710253381699796	1560
cg13749070	0.22710086866996493	1560
cg00321867	0.22709430276681075	1560
cg04744514	0.22709333566234813	1560
cg01227027	0.2270927289525405	1560
cg16699022	0.22708499428913645	1560
cg02411493	0.2270835808892405	1560
cg27514224	0.22708213498801114	1560
cg16652841	0.22708192853522338	1560
cg24276346	0.22708171734861635	1560
cg09396068	0.22707877626231268	1560
cg19357305	0.22707741118088737	1560
cg03048457	0.2270601201520755	1560
cg02636461	0.22705895400694162	1560
cg25942484	0.22705319568127522	1560
cg27391497	0.22705209092900336	1560
cg05586598	0.2270462325272277	1560
cg01943983	0.2270415416975242	1560
cg13577075	0.22704007061088102	1560
cg12667021	0.2270344073491791	1560
cg19698416	0.22701943717476875	1560
cg26953153	0.2270174189092525	1560
cg01014438	0.22701180429744278	1560
cg04020999	0.22700849874443013	1560
cg21745873	0.22700591554048316	1560
cg00876266	0.22700291422675226	1560
cg27613473	0.2270018794933675	1560
cg17339414	0.2270002965450061	1560
cg17104099	0.2269933798265795	1560
cg07641839	0.22698449135651322	1560
cg02933375	0.22698409601900826	1560
cg06211270	0.22698358543688926	1560
cg13591673	0.2269820314080226	1560
cg27638963	0.22698057876800137	1560
cg14531093	0.22697798571016095	1560
cg23839556	0.2269760438206814	1560
cg08503913	0.2269757285090103	1560
cg24771152	0.22697522943486156	1560
cg21131054	0.2269722063289496	1560
cg10564356	0.2269557697263383	1560
cg06791812	0.2269530387129743	1560
cg12555233	0.22695278106203673	1560
cg00697668	0.22694694318671815	1560
cg27309155	0.22694616798354952	1560
cg17742293	0.22694522745766235	1560
cg24498587	0.22694203164590135	1560
cg18154642	0.22693867323811165	1560
cg04346228	0.2269385768994877	1560
cg03576636	0.22693843001360864	1560
cg23996000	0.22693095971773844	1560
cg12178287	0.22693045544700488	1560
cg04808658	0.22692705905900828	1560
cg20595268	0.2269262564973133	1560
cg06288632	0.22692224399124444	1560
cg02497963	0.2269215684704739	1560
cg17279652	0.22691999090819598	1560
cg22308467	0.22691558007517082	1560
cg24296761	0.22691266531217882	1560
cg15160081	0.22691201486960597	1560
cg00321775	0.22690697193810647	1560
cg26815611	0.22690614208338392	1560
cg14949065	0.22690205403634092	1560
cg26624270	0.22689967701369773	1560
cg14781890	0.2268992057413678	1560
cg08524803	0.22689450639092593	1560
cg13131577	0.2268944038313543	1560
cg25166168	0.22689209352771134	1560
cg09921392	0.226888486034487	1560
cg24660836	0.2268848014702765	1560
cg21576904	0.22688203487034267	1560
cg03839776	0.2268782397310779	1560
cg08502080	0.22687756152655883	1560
cg07706515	0.22687663536811772	1560
cg11843948	0.22687545803236447	1560
cg23958118	0.22687509551354237	1560
cg14454796	0.22687207761409964	1560
cg09133154	0.2268716923018584	1560
cg16850623	0.22687141608257178	1560
cg22466812	0.2268626009953294	1560
cg03848676	0.22686240067154256	1560
cg03696393	0.22685812672611141	1560
cg21996239	0.22685811661249888	1560
cg20283716	0.22685294335015965	1560
cg00875911	0.22685093566691955	1560
cg04627891	0.22684968137891126	1560
cg22157525	0.22684684398155394	1560
cg07550554	0.226846428050075	1560
cg09123026	0.22684440635700917	1560
cg16353049	0.22683777392414903	1560
cg13169073	0.2268273387856272	1560
cg26209812	0.22682564724104484	1560
cg08010530	0.2268256292009914	1560
cg15746870	0.2268249586638159	1560
cg21516763	0.22682129114916597	1560
cg25014937	0.22682101241888633	1560
cg01449704	0.22682052946625642	1560
cg26450254	0.2268178321752643	1560
cg24728180	0.22681755582374494	1560
cg00774155	0.226812542257267	1560
cg09229246	0.2268101835840742	1560
cg24208325	0.22680960318856092	1560
cg10476962	0.22680454130618358	1560
cg00013569	0.22679823355354697	1560
cg16184737	0.22679690528661445	1560
cg11668770	0.2267959501609605	1560
cg11702448	0.22679499515466492	1560
cg16757605	0.2267944690485113	1560
cg23847089	0.22678396729106876	1560
cg18575346	0.22677361737926405	1560
cg06812668	0.22676768867159858	1560
cg08202708	0.22676633144067446	1560
cg18300770	0.2267652105104887	1560
cg01892567	0.22676437156495866	1560
cg06912356	0.2267640591093469	1560
cg13465292	0.22676189703900357	1560
cg26591553	0.2267545730132719	1560
cg13808180	0.22675430256827456	1560
cg25876186	0.22675411400980366	1560
cg13101431	0.22675322667731013	1560
cg22049485	0.22675309532929042	1560
cg09578614	0.22675099963295842	1560
cg13412514	0.22674671335540877	1560
cg01926972	0.2267451932185073	1560
cg04588969	0.22674449388162515	1560
cg13984427	0.22674160529955328	1560
cg13378272	0.22673584850652673	1560
cg07413150	0.2267353475023955	1560
cg03146005	0.22673500253456538	1560
cg23406642	0.22673460366821943	1560
cg00405060	0.22673268904586763	1560
cg00210991	0.22672491572529752	1560
cg23569802	0.22672268449002128	1560
cg02600973	0.22672013381392048	1560
cg10113582	0.22671633701467825	1560
cg27459530	0.22671552632165906	1560
cg22752869	0.22671444015890696	1560
cg17860747	0.22671394838627973	1560
cg21380181	0.22671059656295697	1560
cg07138878	0.22670926972880867	1560
cg20487025	0.22670670883634472	1560
cg19417588	0.22670392646112963	1560
cg10606544	0.22670293044703718	1560
cg00312872	0.22670054778164017	1560
cg02320345	0.22669941058185886	1560
cg24641417	0.2266951924837435	1560
cg25652824	0.22668727609678063	1560
cg02969303	0.22668478928519126	1560
cg11757221	0.22668438177957867	1560
cg01244571	0.22668274488233367	1560
cg23844018	0.2266827409514666	1560
cg10412286	0.22668172242817367	1560
cg02939598	0.22667783663620955	1560
cg01937399	0.22667371107048848	1560
cg12446642	0.22667252986803443	1560
cg02884826	0.2266725281346776	1560
cg06698598	0.22667049007598683	1560
cg11221635	0.22666866729452098	1560
cg13951268	0.22666440147148045	1560
cg02645905	0.22665918151413247	1560
cg07108512	0.22664579271813304	1560
cg25928811	0.226645470477161	1560
cg00036263	0.22664291149666924	1560
cg24090908	0.2266410799038577	1560
cg04747957	0.22663952148022654	1560
cg13150021	0.22663661599758175	1560
cg10369539	0.22663107632982668	1560
cg15213732	0.22662878634914166	1560
cg19563062	0.22662543258448864	1560
cg21942218	0.22662359103395563	1560
cg27019068	0.22662317585657263	1560
cg02752958	0.22662256467459985	1560
cg16876192	0.22661871386685692	1560
cg14398877	0.22661757566760013	1560
cg11640740	0.22661416677286128	1560
cg07809981	0.22661412991491944	1560
cg13858754	0.226613224030784	1560
cg17806999	0.2266126375966036	1560
cg23732138	0.22660819098096938	1560
cg11363615	0.22660188786977833	1560
cg25178784	0.22659306150478545	1560
cg05597850	0.22659224480727624	1560
cg21110844	0.22659160147237883	1560
cg22551163	0.22658837355245048	1560
cg04716580	0.22658144458414298	1560
cg19483861	0.2265802135492271	1560
cg17943940	0.2265790762831368	1560
cg11269212	0.22657185531979862	1560
cg19855402	0.2265711414865321	1560
cg22770294	0.2265710748269922	1560
cg10490202	0.22656989235513011	1560
cg09500392	0.22656959451604078	1560
cg09291982	0.22656777267322406	1560
cg03224459	0.22656659812162167	1560
cg09499715	0.22656572052118604	1560
cg23779377	0.2265633277713933	1560
cg18492115	0.2265622248898157	1560
cg12337559	0.22655978854945316	1560
cg20413993	0.22655886822699747	1560
cg21308336	0.22655646658307926	1560
cg26435502	0.2265561396420932	1560
cg14024126	0.2265555910091654	1560
cg04453552	0.2265554271700347	1560
cg11464842	0.22655304751029515	1560
cg04770433	0.2265503980969047	1560
cg09760200	0.22654670023578877	1560
cg12193249	0.22654505768784575	1560
cg24814191	0.226542149290401	1560
cg12201155	0.2265319910921764	1560
cg22084487	0.22653074584137745	1560
cg00500167	0.22652984652874422	1560
cg13734953	0.22652888422040346	1560
cg16670155	0.22652797086967602	1560
cg09308375	0.22652776109095996	1560
cg00144817	0.22652624379476502	1560
cg01816411	0.22652329112177777	1560
cg04574095	0.2265165620620852	1560
cg21283340	0.22651353226796878	1560
cg21057271	0.22651115313806966	1560
cg06314643	0.2265067174190937	1560
cg22412150	0.226495483340881	1560
cg06024796	0.2264938076034018	1560
cg19073447	0.22648931312973442	1560
cg02081925	0.22648777693818456	1560
cg03119618	0.22648558210176914	1560
cg06229737	0.2264839243100671	1560
cg01710432	0.2264815144013991	1560
cg15770654	0.2264802983275881	1560
cg02988171	0.2264761308864465	1560
cg07954620	0.2264758389101318	1560
cg02774486	0.22647544109038953	1560
cg06644359	0.2264727812484197	1560
cg14477263	0.22646857180259802	1560
cg04484826	0.2264624528033481	1560
cg15691822	0.22645733309804889	1560
cg05377512	0.22645354882136692	1560
cg25689129	0.2264478534525853	1560
cg07944494	0.2264477539532272	1560
cg26539736	0.22644682111166312	1560
cg08627327	0.2264452843410755	1560
cg18037893	0.22644332511875676	1560
cg07117364	0.2264432603618317	1560
cg24856050	0.22644012581930836	1560
cg06950479	0.2264400288085839	1560
cg12404679	0.22643877225916678	1560
cg21566513	0.22643431981142928	1560
cg25024001	0.2264337044489283	1560
cg00633933	0.22643270958329664	1560
cg07204066	0.22643199838125988	1560
cg07207833	0.2264271712758986	1560
cg19759366	0.2264229393994549	1560
cg19991451	0.22642121506325014	1560
cg21454925	0.22641575089913002	1560
cg01414886	0.22641570310057682	1560
cg01347719	0.22641152054064526	1560
cg27169379	0.22640951314255475	1560
cg17565303	0.22640370644709643	1560
cg17524867	0.22639938959027492	1560
cg17838182	0.22639463043087046	1560
cg19150467	0.2263918049252518	1560
cg00510025	0.22639072172541477	1560
cg06976634	0.2263894277994075	1560
cg08185061	0.2263873484350188	1560
cg17827583	0.22638038600925825	1560
cg09917026	0.22637984223500568	1560
cg26921987	0.2263782959517516	1560
cg25315148	0.22637711496073887	1560
cg20878780	0.22637273884461173	1560
cg11484403	0.2263709025722476	1560
cg06879508	0.22637011794943493	1560
cg24833387	0.22636977460691884	1560
cg22850968	0.2263660144271496	1560
cg26950885	0.22636570281594393	1560
cg07742843	0.22636403851065084	1560
cg12854762	0.22636257447334537	1560
cg21121455	0.22636174303823253	1560
cg00054248	0.22636074075962181	1560
cg05349646	0.22635959697729555	1560
cg19338197	0.2263593213299223	1560
cg01415527	0.22635633914134218	1560
cg20967343	0.2263535148779837	1560
cg05930326	0.22635322761776197	1560
cg06826886	0.2263526490345692	1560
cg15533809	0.22634895871876354	1560
cg12603441	0.2263487670637168	1560
cg26345259	0.22634741819303786	1560
cg26540808	0.2263468962689804	1560
cg25176883	0.2263429676719216	1560
cg22639325	0.22633887447127748	1560
cg09672570	0.22633843462958422	1560
cg13334352	0.22633569733553316	1560
cg17016890	0.2263332759359414	1560
cg04727856	0.2263326262920406	1560
cg05372597	0.22633201479690257	1560
cg03790022	0.22632451426796313	1560
cg16926502	0.22632437236503192	1560
cg25060949	0.2263104287051579	1560
cg05694749	0.22630652383860028	1560
cg23441673	0.22630477197686702	1560
cg06903612	0.22630227112273496	1560
cg09238312	0.2262962134338466	1560
cg06838096	0.2262948362773985	1560
cg15386865	0.22629001201664348	1560
cg00267373	0.22628942239736663	1560
cg06860288	0.2262879819368414	1560
cg06535849	0.22628480595488995	1560
cg23863896	0.22628210302063945	1560
cg23114771	0.22628208875832415	1560
cg01842473	0.22628166708187192	1560
cg25027028	0.22627478185231015	1560
cg07693569	0.2262720564585096	1560
cg15096465	0.22626748329161936	1560
cg20469419	0.22625911009485528	1560
cg03476525	0.22625378124851322	1560
cg26862731	0.22625309097866264	1560
cg04099430	0.22624923500429397	1560
cg23838859	0.22624835654135367	1560
cg18664076	0.22624822917323334	1560
cg22191277	0.22624223560578316	1560
cg03705235	0.2262413190170357	1560
cg23843398	0.22623436178088713	1560
cg17124478	0.22623428530521295	1560
cg26155719	0.22623320269565936	1560
cg03158606	0.22622897426970964	1560
cg04067428	0.22622849495655925	1560
cg09053902	0.22622566982634448	1560
cg24316821	0.226223632967751	1560
cg25456186	0.22622351555918327	1560
cg05209525	0.22622125065898654	1560
cg03955927	0.22622092293383086	1560
cg05553268	0.22621901467059027	1560
cg13360609	0.2262154970370148	1560
cg20153737	0.22621440903612014	1560
cg21075237	0.22621331424986602	1560
cg18762511	0.22621248665476704	1560
cg20637199	0.22621205898378818	1560
cg07319014	0.2262095980007784	1560
cg22136672	0.2262076882792408	1560
cg05974455	0.2262068037961194	1560
cg00016996	0.2262066996926178	1560
cg08701134	0.22620647085860573	1560
cg22770088	0.22620415770284366	1560
cg02087101	0.22620125420051818	1560
cg01616967	0.226198930806117	1560
cg06767059	0.22619635915754036	1560
cg22304592	0.22619299446856367	1560
cg23064157	0.22618822943498157	1560
cg15670680	0.22618467151111205	1560
cg15111822	0.2261832533017142	1560
cg11398400	0.2261821909599589	1560
cg07298081	0.22618080543350463	1560
cg02346006	0.226178170024485	1560
cg12564913	0.22617650608898915	1560
cg10966235	0.2261762605828819	1560
cg13422136	0.22617109658776538	1560
cg19270469	0.22616631014599856	1560
cg00863271	0.22616471097736285	1560
cg14595083	0.22616345289966322	1560
cg14272009	0.22616252448074584	1560
cg12699044	0.22615950526226763	1560
cg19558049	0.2261529681903344	1560
cg15992532	0.22615152738585664	1560
cg20905415	0.22614907820619043	1560
cg26661089	0.22614892588659388	1560
cg06187344	0.22614557143713182	1560
cg14969015	0.22613945717564918	1560
cg10304084	0.2261376350570862	1560
cg16776885	0.22613491389246396	1560
cg22586192	0.22613371710858524	1560
cg06545038	0.22612716488963866	1560
cg10325536	0.2261265569063157	1560
cg11265433	0.22612390223101075	1560
cg26571926	0.22612241488294108	1560
cg12483984	0.22612195385043588	1560
cg00638384	0.22612116125177173	1560
cg01676552	0.2261209046439448	1560
cg15806038	0.22612054721906272	1560
cg06373804	0.2261204306608998	1560
cg27402782	0.22611910088681111	1560
cg09484303	0.2261174500171348	1560
cg00110724	0.2261120654371884	1560
cg13934553	0.22610791672823152	1560
cg23457316	0.22610529051516653	1560
cg22944823	0.22610311251440468	1560
cg16421619	0.22609929225229392	1560
cg10501310	0.226094315238261	1560
cg27373220	0.22609361597137012	1560
cg20514998	0.22609069084001532	1560
cg01170758	0.22608814112717285	1560
cg04508332	0.22608384598560757	1560
cg17397424	0.2260792559093194	1560
cg09613616	0.22607692619820954	1560
cg25165544	0.22607577970348955	1560
cg23797424	0.22607435828998657	1560
cg17940805	0.22607362328335084	1560
cg22795583	0.22607339985278088	1560
cg22084302	0.22607259841310828	1560
cg22377182	0.2260709949348919	1560
cg18202502	0.22606752367581284	1560
cg26442107	0.22606369571487955	1560
cg13545089	0.22606216735169826	1560
cg24451257	0.22606164369004486	1560
cg16537164	0.22606101820871802	1560
cg05521198	0.22606021937982718	1560
cg00413870	0.22605948097820217	1560
cg08698913	0.22605932208437188	1560
cg17892150	0.2260586604986042	1560
cg03067362	0.22605758045043092	1560
cg19306958	0.22605661858514622	1560
cg01881136	0.22605320030265688	1560
cg18070630	0.22605273530217168	1560
cg24118438	0.22605204035634005	1560
cg13136596	0.22605158039005382	1560
cg09603710	0.22605014999547302	1560
cg15891644	0.22604583157316963	1560
cg18065597	0.22604310035441438	1560
cg03387311	0.22603885312414188	1560
cg11109027	0.2260380331014748	1560
cg13200354	0.22603549194701025	1560
cg25193157	0.22603144588003632	1560
cg03731348	0.2260306234309736	1560
cg02513202	0.22602570233971236	1560
cg01814731	0.22602519721567868	1560
cg24337108	0.22601916811728212	1560
cg22674064	0.2260164603926565	1560
cg12704737	0.22601408108075233	1560
cg13109654	0.2260020110413845	1560
cg19185641	0.2259994531874849	1560
cg02602423	0.22599888152118744	1560
cg08490589	0.22599259919646908	1560
cg21905990	0.22598823407035618	1560
cg05596517	0.22598805087089635	1560
cg09104284	0.22598774477486444	1560
cg19809669	0.22598624257059471	1560
cg23687445	0.22598205327497298	1560
cg13558431	0.22597966714485987	1560
cg06839483	0.22597763155653078	1560
cg08889789	0.22597575123082256	1560
cg03751324	0.22597418048183912	1560
cg19866325	0.2259666812835922	1560
cg21787755	0.22596252429652616	1560
cg08937732	0.2259617216963108	1560
cg17102197	0.22595866041047566	1560
cg27312442	0.22595545375501477	1560
cg05573856	0.22595443637188167	1560
cg09970680	0.22595200331350224	1560
cg16431433	0.22594985438364007	1560
cg16689907	0.22594679047524993	1560
cg20304750	0.22594333346097564	1560
cg15021640	0.2259432368276105	1560
cg16256719	0.22594037010006943	1560
cg17367545	0.2259401838969998	1560
cg19589795	0.22594007950295397	1560
cg22766120	0.22593934615127165	1560
cg08032088	0.22593773269555995	1560
cg05043909	0.22593403879895038	1560
cg25623174	0.22593363090475743	1560
cg23385838	0.22592677980210116	1560
cg00525436	0.22592494009409644	1560
cg13608874	0.22592211034978532	1560
cg16841189	0.22591962260842394	1560
cg23196783	0.22591960486683632	1560
cg23327734	0.225917984100921	1560
cg01835232	0.22591761927750242	1560
cg08949854	0.22591725064743937	1560
cg20959480	0.22591404404916052	1560
cg26122815	0.22591366950379932	1560
cg21243150	0.2259099397680838	1560
cg19327049	0.22590851309724982	1560
cg12460765	0.22590530980934	1560
cg08363278	0.2258993213619264	1560
cg17721897	0.2258987660072154	1560
cg03847052	0.22589835237246872	1560
cg24462849	0.22589776497886796	1560
cg24427527	0.22589535757855514	1560
cg17009731	0.22589325570884186	1560
cg26276352	0.22589270298598593	1560
cg18453458	0.22588608709260896	1560
cg05087722	0.22587952078321216	1560
cg12486756	0.22587854508983718	1560
cg00332951	0.22587557210698886	1560
cg08160862	0.22587529613226773	1560
cg24838305	0.2258721964946556	1560
cg10796650	0.22587157322800566	1560
cg01598327	0.22586403372895159	1560
cg24425531	0.22586276052687473	1560
cg07482826	0.22586242858209354	1560
cg02225054	0.2258613710301474	1560
cg04643653	0.22586123506845382	1560
cg10216151	0.2258610858489335	1560
cg21042749	0.22585945501844026	1560
cg02851751	0.2258584779272915	1560
cg20942691	0.2258576769780259	1560
cg14219485	0.2258576668751495	1560
cg02882159	0.22585613078015981	1560
cg13775627	0.2258555782591622	1560
cg04892552	0.2258546077153517	1560
cg15627628	0.22585260080621827	1560
cg09325679	0.22585223904792656	1560
cg02486355	0.2258472577155365	1560
cg22949170	0.2258453549523522	1560
cg11314274	0.22584191547185475	1560
cg01666550	0.22584037061614734	1560
cg23840860	0.22583942725977493	1560
cg00619168	0.22583716100927897	1560
cg13898470	0.22583514821385342	1560
cg04908586	0.22583128538921726	1560
cg22655195	0.22582925154206113	1560
cg24087447	0.2258289390649898	1560
cg26477257	0.22582725371807363	1560
cg03509753	0.22582450916324484	1560
cg04183237	0.22582091204151591	1560
cg03200095	0.22581922290502193	1560
cg21871608	0.2258191124058183	1560
cg24106536	0.2258182346062169	1560
cg10153250	0.22581746130005123	1560
cg00605240	0.22581724702029876	1560
cg15189997	0.22581354128217124	1560
cg03217915	0.22581318947250506	1560
cg24596008	0.2258090184289357	1560
cg13817341	0.22580604234545534	1560
cg01176141	0.22580544319800763	1560
cg11977919	0.225804679206277	1560
cg08672023	0.22580457468153786	1560
cg00435469	0.22580233439305933	1560
cg11796095	0.22580018385278977	1560
cg10576032	0.22579893112559551	1560
cg07259651	0.225798447954165	1560
cg18501945	0.22579656438559592	1560
cg27398230	0.22578785685802394	1560
cg12247500	0.2257876978820988	1560
cg20900676	0.22578625567562088	1560
cg14214635	0.22578243736111506	1560
cg17182946	0.2257816728765526	1560
cg27277381	0.22578145654477527	1560
cg19406975	0.2257808830642678	1560
cg17309297	0.2257807602505048	1560
cg18369327	0.2257794172325193	1560
cg06113665	0.22577639826909562	1560
cg07903280	0.2257745077153834	1560
cg26958611	0.22577416736114736	1560
cg00150012	0.22577351862208123	1560
cg14998959	0.2257630654651242	1560
cg06184926	0.22576249539283513	1560
cg23412797	0.22575980345941482	1560
cg09003527	0.2257577706798034	1560
cg05259094	0.22575559668500828	1560
cg14658630	0.22575481057892913	1560
cg03892062	0.22575313344148398	1560
cg26703128	0.22574906516979512	1560
cg18844144	0.22574898560083606	1560
cg18769421	0.2257440218755593	1560
cg02257048	0.22573712442979724	1560
cg13026550	0.22573695303167876	1560
cg21240472	0.2257367508414205	1560
cg01527946	0.22573462245433493	1560
cg20671578	0.22573327951589223	1560
cg01190323	0.22573254252101713	1560
cg19147804	0.22573204751563858	1560
cg17937497	0.22573175978285315	1560
cg05628436	0.22572717606944426	1560
cg18834039	0.22572297106222833	1560
cg03997418	0.22571242169631456	1560
cg02901753	0.225709096076334	1560
cg07531037	0.22570819020652072	1560
cg24928433	0.22569413274077685	1560
cg15578948	0.22568781663241888	1560
cg02010324	0.2256875470056625	1560
cg11319760	0.22568259034645918	1560
cg24274164	0.22568188823987045	1560
cg00070908	0.2256815255491777	1560
cg07945906	0.2256784849782929	1560
cg13131263	0.22567250748822032	1560
cg03273952	0.22567141367854104	1560
cg07506503	0.22566983087346212	1560
cg06799180	0.22566646756990524	1560
cg18945794	0.22566551880726124	1560
cg07784653	0.22566355653912926	1560
cg12528981	0.2256630395246584	1560
cg17216758	0.2256612477317918	1560
cg13159929	0.22566086876457356	1560
cg00597555	0.22566005782480164	1560
cg12370175	0.2256571365921824	1560
cg12216054	0.22565118838375434	1560
cg04102793	0.22565088304660003	1560
cg25617307	0.22564614389982016	1560
cg13235388	0.2256455309203569	1560
cg14156842	0.22564383622841594	1560
cg01000236	0.22564264438650608	1560
cg13934830	0.22564198059756127	1560
cg01191254	0.2256415185777273	1560
cg08108333	0.22564061572715896	1560
cg02896432	0.22564061455856785	1560
cg07520430	0.22563992251228673	1560
cg03686395	0.22563975926166033	1560
cg12149986	0.225638573278546	1560
cg02537616	0.22563798291956144	1560
cg10843796	0.22563145535903603	1560
cg21549415	0.22563085980481715	1560
cg26824508	0.22562638558836137	1560
cg06363918	0.2256225369104457	1560
cg26450010	0.22561747368848561	1560
cg03609847	0.22561548494469294	1560
cg05934755	0.2256103360402318	1560
cg04411166	0.22560891127990512	1560
cg05660315	0.22560528553895243	1560
cg23499194	0.22560446839993445	1560
cg03548645	0.22560247440308942	1560
cg26812421	0.22560242127622948	1560
cg09479452	0.22559731468342678	1560
cg16142906	0.22559278964055804	1560
cg26643537	0.22559229878760428	1560
cg17091733	0.2255911768013709	1560
cg02337283	0.2255890937573161	1560
cg04685813	0.2255880151495336	1560
cg08854599	0.22558794531837958	1560
cg15608402	0.2255871012684642	1560
cg02264570	0.2255851586507159	1560
cg09169454	0.225580137604344	1560
cg17640620	0.22557889643371282	1560
cg04838847	0.22557840354676276	1560
cg13068653	0.22557780974307487	1560
cg04768745	0.22557230372257506	1560
cg11082811	0.22556969339249905	1560
cg13617047	0.22556736241597647	1560
cg06807303	0.22556614098655312	1560
cg10772923	0.2255621187187395	1560
cg21154964	0.2255613990124501	1560
cg13569700	0.2255556153059349	1560
cg26724186	0.2255545647880093	1560
cg07796745	0.22555295677682824	1560
cg06538771	0.22555287974782812	1560
cg11277814	0.22555117146485443	1560
cg09251197	0.22555067627493286	1560
cg05750321	0.22554711601551197	1560
cg06972615	0.22554693616669713	1560
cg09544282	0.22554552322710542	1560
cg14622533	0.2255449384476462	1560
cg18364541	0.22554141706019237	1560
cg19577984	0.22554054648966493	1560
cg01075305	0.22553944169298637	1560
cg16519433	0.22553024581373596	1560
cg03782858	0.22552976396542015	1560
cg12437832	0.2255292060194937	1560
cg26566224	0.22552799090002293	1560
cg15556723	0.22552476759292658	1560
cg03871104	0.22552459065805538	1560
cg11140305	0.22552201648625403	1560
cg16152954	0.2255207969858673	1560
cg08720211	0.22552023756607426	1560
cg23887623	0.22551657555325896	1560
cg20633203	0.22551657108400291	1560
cg01803049	0.2255132967504996	1560
cg03714554	0.22551217872885476	1560
cg16382722	0.2255108642210785	1560
cg00255752	0.22551028850597438	1560
cg22538475	0.22550962796501753	1560
cg18737136	0.22550777582772624	1560
cg14486291	0.22550689328630724	1560
cg05684569	0.22550643212091395	1560
cg03722659	0.22550364558792918	1560
cg16625402	0.22549970322310184	1560
cg05934127	0.22549525289194594	1560
cg14154819	0.22549361659009465	1560
cg23403256	0.22549052774020942	1560
cg02729261	0.22548990697203833	1560
cg03147430	0.2254886222023579	1560
cg19096967	0.22548726195797641	1560
cg22804352	0.2254845789222094	1560
cg02562005	0.22548441737712877	1560
cg18755752	0.22548336971625665	1560
cg02025435	0.22547953124010434	1560
cg21889263	0.2254772167984269	1560
cg06655030	0.22547676962766325	1560
cg11910105	0.22547640184388135	1560
cg21425003	0.22547566043786507	1560
cg26075905	0.22547565222760416	1560
cg08036346	0.22547478298002932	1560
cg07339393	0.2254718703754522	1560
cg24196053	0.22547109872333407	1560
cg21499918	0.2254702703901916	1560
cg03614373	0.22546768809008375	1560
cg11601519	0.22546317672832458	1560
cg01449677	0.22546226731256924	1560
cg12067928	0.22545748590063436	1560
cg27297626	0.22545582505512798	1560
cg23731992	0.22545493007592238	1560
cg12683200	0.22545487812838075	1560
cg18124009	0.22545444750661872	1560
cg15412228	0.22545022197963133	1560
cg10118784	0.22544988519457493	1560
cg07876450	0.22544359611619694	1560
cg02889437	0.22544209967800197	1560
cg08587397	0.22544142036918918	1560
cg02954052	0.22544059565036034	1560
cg18519460	0.22544009928116043	1560
cg25459170	0.22543928442020772	1560
cg09061216	0.22543430101527334	1560
cg00369786	0.22543240222345898	1560
cg25315527	0.22543214186720284	1560
cg04460041	0.22543058344560746	1560
cg23632389	0.22542845534926498	1560
cg00774149	0.22542639155061206	1560
cg23736728	0.22542471709191358	1560
cg05093254	0.22541873397031376	1560
cg20221020	0.2254157189346276	1560
cg22886393	0.2254141483196069	1560
cg05530133	0.22541017880054598	1560
cg02752243	0.2254054612656032	1560
cg09074755	0.22539495645787072	1560
cg25768673	0.22539336051118428	1560
cg09036558	0.22539123832418628	1560
cg14578247	0.22538877951303318	1560
cg11759121	0.22538823812994524	1560
cg26604191	0.2253876671359639	1560
cg00864551	0.22538549760175502	1560
cg01851970	0.22538099376577037	1560
cg06502997	0.22537968438736494	1560
cg07572815	0.22537806629655233	1560
cg03218198	0.2253753905922075	1560
cg03644281	0.22537174511787839	1560
cg22051776	0.22537172227274127	1560
cg14730616	0.22537079572100716	1560
cg00448891	0.2253687828303626	1560
cg18120489	0.22535958520242108	1560
cg09215936	0.22535947603568485	1560
cg01259104	0.22535943583542128	1560
cg02896191	0.2253578796538034	1560
cg27180961	0.22535579822275867	1560
cg03940643	0.22535418511347072	1560
cg09965668	0.22535074823557055	1560
cg04057033	0.22535048471726465	1560
cg19591135	0.22534853796989904	1560
cg20924972	0.22534832907193247	1560
cg09085220	0.2253456447259491	1560
cg27347309	0.2253437865584865	1560
cg11606466	0.22532950401624077	1560
cg00418913	0.22532877676182386	1560
cg07171237	0.22532788356710948	1560
cg04668156	0.22532752559649177	1560
cg18695778	0.22532468327572727	1560
cg03673624	0.2253194653312235	1560
cg05208399	0.2253178070699798	1560
cg23550947	0.2253163365612948	1560
cg06234730	0.2253162630829768	1560
cg07804973	0.22531572248298395	1560
cg05579025	0.22531282239518438	1560
cg27269196	0.22531235931503668	1560
cg27193021	0.22530948318994548	1560
cg25223552	0.2253093252361647	1560
cg14996929	0.2253085876279148	1560
cg23430209	0.225305852562144	1560
cg24012465	0.22530470431197572	1560
cg12872398	0.22530150527305504	1560
cg07615435	0.22530095748120246	1560
cg24803912	0.22530046968107512	1560
cg20274824	0.2252983031110922	1560
cg19935431	0.22529513834332257	1560
cg09228454	0.2252909236970673	1560
cg07478662	0.22528583506392774	1560
cg13603112	0.2252833811856898	1560
cg13762887	0.22527061511662874	1560
cg09634936	0.22527000447858192	1560
cg08929612	0.2252692478031893	1560
cg19927065	0.2252682834030812	1560
cg27244082	0.22526568331089164	1560
cg10887945	0.22526108080429214	1560
cg17607759	0.2252602775421589	1560
cg14218838	0.22525952276591768	1560
cg11438737	0.22525265281206297	1560
cg14415857	0.2252518993669034	1560
cg13730859	0.2252510173305159	1560
cg20021655	0.2252488913486645	1560
cg05660680	0.22524779636218695	1560
cg01758856	0.22524394571425996	1560
cg23689004	0.22524198253512348	1560
cg09038294	0.2252387859992079	1560
cg19946956	0.22523699607753647	1560
cg25210023	0.2252350444986555	1560
cg11553910	0.22523457058568186	1560
cg27636925	0.22523337648256866	1560
cg08408433	0.22523275052160535	1560
cg13008301	0.2252297622416724	1560
cg19287714	0.2252292382409165	1560
cg04800768	0.22522897899352018	1560
cg24688939	0.22522529165265065	1560
cg09862616	0.22522328714182285	1560
cg00879155	0.2252232838105152	1560
cg01294198	0.22522148518704588	1560
cg10074413	0.22522136415583935	1560
cg11617484	0.22522111509789966	1560
cg26920857	0.2252205928804501	1560
cg26616078	0.22521917054858132	1560
cg00185004	0.2252160787994415	1560
cg18435782	0.2252099913627407	1560
cg05306943	0.2252094968592742	1560
cg12899749	0.22520788057129015	1560
cg21164697	0.22520561669136926	1560
cg26224791	0.22519840339764308	1560
cg18140917	0.22519571657779114	1560
cg22715788	0.2251936120410817	1560
cg08097929	0.2251935777175766	1560
cg26370372	0.22519003135473192	1560
cg10345980	0.22518705453236054	1560
cg06893302	0.22518561994595337	1560
cg00572212	0.22518407264910162	1560
cg06857837	0.22518399330986597	1560
cg22704399	0.22517955815629617	1560
cg18726036	0.2251777657073967	1560
cg01189813	0.22517371311711412	1560
cg26606393	0.2251718497097998	1560
cg03403440	0.2251668548286288	1560
cg26476595	0.22516606812716658	1560
cg05948710	0.22516560310225128	1560
cg02580745	0.22516344111889486	1560
cg11950105	0.2251631516654129	1560
cg16258702	0.22516310978516602	1560
cg03618215	0.22516071914631627	1560
cg00858027	0.22515040395219252	1560
cg08586216	0.22513913442969966	1560
cg07159469	0.22513802743251748	1560
cg19306036	0.2251360939259351	1560
cg03649353	0.22513553533110076	1560
cg06963346	0.2251231971799581	1560
cg12803091	0.22512192572314843	1560
cg21504793	0.2251216137138275	1560
cg12835806	0.22512088198630148	1560
cg02549170	0.2251171637657144	1560
cg05926918	0.22511522087710145	1560
cg23583742	0.22511293951606012	1560
cg01136606	0.22511181395483607	1560
cg04065880	0.2251108609851892	1560
cg17282060	0.22510777335463578	1560
cg24762452	0.225104772497361	1560
cg23468137	0.22509889272682446	1560
cg15651819	0.2250977728695879	1560
cg00542041	0.2250966785971053	1560
cg19781251	0.2250939865422793	1560
cg06379403	0.2250930260785834	1560
cg18490269	0.2250918718399134	1560
cg10646833	0.22509092200793948	1560
cg13799005	0.22507932913366552	1560
cg05820157	0.2250787192109696	1560
cg04621042	0.22507819551938765	1560
cg12986485	0.22507740647394237	1560
cg20759356	0.22507579234029215	1560
cg15267890	0.22507445373773158	1560
cg08962841	0.22507337682244413	1560
cg14151082	0.22507056135377848	1560
cg24701320	0.22507011816194172	1560
cg24801244	0.2250697838724794	1560
cg20512924	0.2250676045135021	1560
cg16395614	0.22506737347226038	1560
cg13705616	0.22506478342627875	1560
cg03512927	0.22506193724618373	1560
cg10252235	0.22505991305896603	1560
cg07101466	0.22505670226049596	1560
cg26456999	0.22505597839143393	1560
cg07123811	0.2250556048017985	1560
cg03372659	0.2250537917602118	1560
cg17118812	0.22505311519962368	1560
cg04832268	0.22505276973604507	1560
cg20592360	0.22505087999691847	1560
cg02675260	0.2250491065203542	1560
cg00059240	0.22504838403558727	1560
cg14199154	0.22504831182927224	1560
cg16224521	0.22504382375406154	1560
cg08147226	0.22503939323695998	1560
cg27235904	0.22503804068220795	1560
cg00446003	0.22503742688390174	1560
cg00897221	0.22503734579440351	1560
cg10526431	0.22503420913400846	1560
cg18581191	0.22503298400909522	1560
cg16919675	0.22503140172642497	1560
cg19090384	0.22503055720746673	1560
cg00097020	0.22502996418099805	1560
cg05154507	0.2250278326562087	1560
cg07970658	0.2250239089606665	1560
cg04563775	0.22502217547611564	1560
cg08894381	0.22502079777887404	1560
cg04600982	0.22501937329299548	1560
cg07063294	0.22501932965023358	1560
cg00367488	0.2250185404734203	1560
cg12023246	0.22501632408862435	1560
cg19609099	0.2250156466265156	1560
cg07045054	0.22501525457274815	1560
cg23347911	0.22501309486501517	1560
cg13343549	0.22501267593353075	1560
cg19169246	0.22501265108831645	1560
cg09790959	0.22500819095168337	1560
cg23743543	0.22500813527471045	1560
cg09943550	0.22500411825184966	1560
cg25060632	0.2250022033721163	1560
cg03834592	0.22499677402727133	1560
cg01573921	0.2249965496923226	1560
cg01386335	0.22499510633517164	1560
cg08637123	0.22499500325261282	1560
cg24471922	0.22499315437008707	1560
cg20840416	0.22499273125688465	1560
cg23487149	0.22499104872539868	1560
cg19817118	0.2249909830297231	1560
cg20313298	0.22498708290363675	1560
cg08701479	0.22498550094322473	1560
cg25849038	0.22498261812346218	1560
cg03964515	0.22498255441114887	1560
cg16823009	0.2249809306060747	1560
cg01434228	0.2249766880293863	1560
cg11757945	0.22497645411795675	1560
cg19969115	0.2249762217876235	1560
cg04525580	0.22497606200498063	1560
cg00896284	0.22497452746122623	1560
cg01142668	0.22497365038746142	1560
cg17106462	0.22497336189422001	1560
cg15894653	0.2249714247233829	1560
cg00136279	0.22497081572968602	1560
cg26506779	0.22496991286600246	1560
cg10503473	0.22496784813588505	1560
cg02710346	0.22496547664802818	1560
cg05780020	0.2249649323876858	1560
cg08618693	0.2249637394089551	1560
cg21548464	0.22496218057832798	1560
cg07701166	0.2249615256284952	1560
cg21112485	0.22496081192432654	1560
cg02917399	0.22496079568540173	1560
cg11414415	0.22495923911887988	1560
cg02443148	0.22495757726004859	1560
cg05539370	0.22495590400924093	1560
cg05163357	0.22495362683969855	1560
cg17338133	0.2249527445713653	1560
cg01753731	0.22494814293685642	1560
cg15744869	0.22494661974983973	1560
cg23671189	0.2249465808063006	1560
cg22731204	0.22494613372723346	1560
cg27566021	0.2249461294185593	1560
cg04172848	0.2249448186737165	1560
cg15984782	0.2249428292567218	1560
cg16904243	0.22494234817276948	1560
cg17474650	0.22494140178324257	1560
cg17989581	0.22493908094028664	1560
cg02969343	0.22493317983178068	1560
cg20976977	0.224932297886159	1560
cg22782070	0.22492835800854305	1560
cg01630444	0.22492610268581592	1560
cg18566114	0.22492502263848266	1560
cg10245330	0.2249188326783941	1560
cg16573251	0.2249178565871703	1560
cg02196379	0.22491747075471039	1560
cg08409983	0.22491396223182847	1560
cg08651124	0.22491333857552276	1560
cg08725904	0.22491269987445972	1560
cg17433294	0.22491060646306457	1560
cg10533694	0.22490876836044887	1560
cg12441997	0.22490515041782613	1560
cg22615992	0.22490119014659635	1560
cg21501705	0.2248949543790465	1560
cg27144709	0.22489486588717778	1560
cg27378486	0.2248944593294379	1560
cg02730714	0.22489232442768087	1560
cg25600823	0.22489178434336854	1560
cg23419170	0.2248906365219432	1560
cg24034578	0.22489026658536662	1560
cg01536436	0.22488561106300278	1560
cg08734237	0.22488407005269112	1560
cg20679271	0.22487944435359694	1560
cg27453922	0.22487613471678602	1560
cg09286493	0.22487572918256077	1560
cg22053796	0.22487546113448406	1560
cg20447079	0.2248748423853663	1560
cg21680645	0.22487260676236448	1560
cg21204139	0.22487224173389955	1560
cg13782380	0.22486890618328043	1560
cg23133655	0.22486873725545106	1560
cg23786701	0.22486720141105918	1560
cg02447733	0.22486397510523184	1560
cg02059813	0.2248631716288923	1560
cg07590875	0.22486314018191192	1560
cg10081138	0.22486108245391065	1560
cg23093812	0.22486099709893229	1560
cg10163371	0.22486040960506304	1560
cg20038647	0.22485809369657533	1560
cg10744928	0.22485313173532334	1560
cg08042487	0.2248515043378738	1560
cg02013146	0.2248513512766951	1560
cg00066153	0.22485032726296095	1560
cg02642178	0.22485027142325534	1560
cg00466840	0.22485026563792015	1560
cg24858417	0.2248502564838222	1560
cg02915290	0.22484964042782912	1560
cg24438579	0.2248482893822263	1560
cg02678141	0.2248478759745565	1560
cg08840616	0.22484074954288738	1560
cg22830844	0.22484046532266022	1560
cg09537256	0.22483824858373555	1560
cg14053318	0.22483622895286554	1560
cg25807671	0.22483544286814203	1560
cg22154992	0.22483482370059377	1560
cg26635246	0.22483347721702557	1560
cg14074830	0.2248324174905293	1560
cg08389497	0.2248240128344867	1560
cg21692735	0.22482282340192808	1560
cg01031100	0.22481930482349458	1560
cg14599857	0.22481850815266036	1560
cg25691777	0.2248176986376842	1560
cg09499844	0.22481693625760107	1560
cg27209679	0.22481677042548096	1560
cg12674903	0.2248162777827561	1560
cg01879273	0.2248162524302125	1560
cg00797490	0.224814793450357	1560
cg08864318	0.22481332654330619	1560
cg13640804	0.22480772988185693	1560
cg15894808	0.22480518066632846	1560
cg14917572	0.22480369593412705	1560
cg08493338	0.22480284347632964	1560
cg00239420	0.22480283123097797	1560
cg00645431	0.22480228462552268	1560
cg02769252	0.2248011407943062	1560
cg10201192	0.22480087819737699	1560
cg12152315	0.2247983143284857	1560
cg11745755	0.22479684299785502	1560
cg05184586	0.22479471592115732	1560
cg16138775	0.2247929731694184	1560
cg15324978	0.22479273962104984	1560
cg17675298	0.2247925340516805	1560
cg03403688	0.2247894394348131	1560
cg00239272	0.22478817725509123	1560
cg08453263	0.22478068613380833	1560
cg09548897	0.22477883886326358	1560
cg02341605	0.22477850083961973	1560
cg04353660	0.22477735115369507	1560
cg25355645	0.22477713999409277	1560
cg24274995	0.22477703021521966	1560
cg25136408	0.2247754770913588	1560
cg00803580	0.22477517811583683	1560
cg06411434	0.2247741725032126	1560
cg05993512	0.2247710315227766	1560
cg08863775	0.22476981651991176	1560
cg14419393	0.2247695525344317	1560
cg04802911	0.22476630789241744	1560
cg10702755	0.22476522645022395	1560
cg02311702	0.2247647042112612	1560
cg06314184	0.2247636630515009	1560
cg12357364	0.22476345394920688	1560
cg03535253	0.22476234505231182	1560
cg16893463	0.2247600231338478	1560
cg04745079	0.22475905861209416	1560
cg17202879	0.22475840282954215	1560
cg06846441	0.22475815437552893	1560
cg13200474	0.22475649314496107	1560
cg02454028	0.22475058127681294	1560
cg14946011	0.22474714017740566	1560
cg02284814	0.22474480320657692	1560
cg25522232	0.22474398135307067	1560
cg04419871	0.22473946564374309	1560
cg11383802	0.2247363139520579	1560
cg11018432	0.22473547025231114	1560
cg03376062	0.2247327040489463	1560
cg23569120	0.22473241826921253	1560
cg04131638	0.22473167434730665	1560
cg05837235	0.22473104710436576	1560
cg01468921	0.2247310320929154	1560
cg12637786	0.22473003000302638	1560
cg16650443	0.22472971484580925	1560
cg08858723	0.22472582657413748	1560
cg17226399	0.2247246951516512	1560
cg17956964	0.2247231092924684	1560
cg12539349	0.2247225216618515	1560
cg03822159	0.2247221237712929	1560
cg05791870	0.22472154611595385	1560
cg05759250	0.22471936440024415	1560
cg15210314	0.22471863977872847	1560
cg16751659	0.22471800823921856	1560
cg02277326	0.22471749839868996	1560
cg09153759	0.2247158654804964	1560
cg09749862	0.2247140872983478	1560
cg25405807	0.2247130145420733	1560
cg25945449	0.22470902074093593	1560
cg07690734	0.22470706418034697	1560
cg05664225	0.22470422252931951	1560
cg02715021	0.2247028429935977	1560
cg10199770	0.22470163980030436	1560
cg04270982	0.224699651677065	1560
cg18832217	0.2246981960686954	1560
cg12263872	0.22469696088494692	1560
cg00995209	0.22469631088295486	1560
cg07799035	0.2246946700988958	1560
cg02005847	0.22469334478872197	1560
cg23338922	0.22469169212224407	1560
cg04803424	0.2246915658035327	1560
cg07435647	0.2246905990135501	1560
cg04893402	0.22468605455039725	1560
cg07859478	0.22468500481846373	1560
cg11663302	0.22468281978630322	1560
cg20537325	0.22468059242321667	1560
cg02061253	0.22467090100143666	1560
cg26105660	0.22466369229668592	1560
cg16402758	0.22466230228903497	1560
cg13431108	0.22466185226110336	1560
cg14777509	0.2246614462462776	1560
cg05933219	0.2246605645022338	1560
cg16521032	0.22466030346573657	1560
cg02673484	0.22465839451483272	1560
cg24986058	0.22465721427437452	1560
cg14194835	0.2246571393890112	1560
cg05375100	0.22465503817854668	1560
cg20911304	0.22465424454702967	1560
cg14554176	0.22465309759574084	1560
cg20457891	0.22465237493336943	1560
cg16773043	0.22465224299644762	1560
cg00492691	0.22465140740779616	1560
cg14241609	0.22465098886310514	1560
cg23036449	0.2246493788329668	1560
cg09093409	0.22464866980188747	1560
cg07276550	0.22464838177768354	1560
cg06357549	0.22464812599404183	1560
cg06372919	0.22464355334920397	1560
cg19424820	0.22464250477735062	1560
cg17936495	0.22463578185577912	1560
cg00821051	0.22463448855743173	1560
cg20771846	0.2246330913226974	1560
cg06344268	0.2246322477926015	1560
cg25754733	0.22463171624579534	1560
cg11961702	0.22462977911894733	1560
cg09252377	0.2246288150096147	1560
cg16342389	0.22462879529881877	1560
cg14130908	0.2246270693308536	1560
cg15365028	0.22462684448788012	1560
cg16487573	0.22462547154237675	1560
cg02396005	0.22462535581011953	1560
cg21621910	0.22462301806900908	1560
cg19517108	0.22461732609662	1560
cg17119066	0.22461608974262282	1560
cg12513847	0.22461587257925725	1560
cg03567656	0.22461473743265162	1560
cg09663219	0.22461447731305983	1560
cg22519738	0.22461408827260584	1560
cg19563415	0.2246060312982474	1560
cg22475867	0.224606027742618	1560
cg25728994	0.22460580302739083	1560
cg08537300	0.22460572706955242	1560
cg13667464	0.22460362233296927	1560
cg11151021	0.2245983124570888	1560
cg06956805	0.22459761824750885	1560
cg11875268	0.22459605258966328	1560
cg27056175	0.22459540540485531	1560
cg05990008	0.22459150646972018	1560
cg25967745	0.22459121545290686	1560
cg15745205	0.22458996625013194	1560
cg26925590	0.22458304047898017	1560
cg22901100	0.22458219458863943	1560
cg05581820	0.22458184466586126	1560
cg06956652	0.22458178573622914	1560
cg26874015	0.22457968961445848	1560
cg11874451	0.22457849673386784	1560
cg03637703	0.2245779046629805	1560
cg13047067	0.22457720606168688	1560
cg16138453	0.22457682713185537	1560
cg10294252	0.22457401113866993	1560
cg18588930	0.22457183424461075	1560
cg13071306	0.22457110202204786	1560
cg16409970	0.22456741258666654	1560
cg13793510	0.22456675508935567	1560
cg05407778	0.22456444565442774	1560
cg08214693	0.22456395165651347	1560
cg27210852	0.22456380578974372	1560
cg07071206	0.2245629062825921	1560
cg16434156	0.22456249282091187	1560
cg19830626	0.22456232599128403	1560
cg08411881	0.22456163433352574	1560
cg20768313	0.22456157101768962	1560
cg14994483	0.22456133000478412	1560
cg04422024	0.22456092920659615	1560
cg01779645	0.22456088716949862	1560
cg25367890	0.22455823733041627	1560
cg18057128	0.22455823636888353	1560
cg03104808	0.2245564991018704	1560
cg14969320	0.2245557171325545	1560
cg16651606	0.22455470447812367	1560
cg23087358	0.22455438237454545	1560
cg13224075	0.2245515364332076	1560
cg26099466	0.22455108608744462	1560
cg22580292	0.2245462777383613	1560
cg07992594	0.22454458542431707	1560
cg21300719	0.2245407956554094	1560
cg06940574	0.22453838976972698	1560
cg15446945	0.22453779894522252	1560
cg13493560	0.22453482578317	1560
cg15770585	0.22453480026161274	1560
cg07276358	0.2245347920700354	1560
cg19372504	0.2245313335840391	1560
cg04619450	0.22453092145946968	1560
cg00882770	0.22452974294779648	1560
cg00602726	0.22452899706641408	1560
cg19655483	0.22451991930417098	1560
cg14556286	0.22451535163409306	1560
cg15893285	0.2245121812230953	1560
cg07605236	0.22450938502149415	1560
cg12845895	0.22450778980332742	1560
cg02175030	0.2245027237156271	1560
cg03695448	0.22450077480323377	1560
cg02821705	0.22449962818073288	1560
cg05193662	0.2244976719553356	1560
cg02414618	0.22449724784566483	1560
cg12766383	0.2244970988206036	1560
cg10769017	0.2244891122113771	1560
cg03371662	0.2244862736415318	1560
cg23842695	0.22448532419462627	1560
cg12160850	0.22448424262687275	1560
cg27462820	0.22448411346770356	1560
cg08757721	0.22448298027885616	1560
cg12925355	0.2244827030244845	1560
cg11389011	0.22448137196673842	1560
cg27013455	0.2244789945262215	1560
cg25067877	0.2244772583873251	1560
cg21498950	0.2244740771003599	1560
cg11641840	0.22447369561048963	1560
cg09207353	0.22447353420370936	1560
cg09203029	0.224473024518372	1560
cg01521688	0.22447041057597317	1560
cg07198365	0.2244688585927566	1560
cg17653955	0.22446289494505728	1560
cg12935694	0.2244617320879615	1560
cg04239911	0.22445852785052756	1560
cg06844452	0.2244561346832392	1560
cg10317827	0.2244559238011481	1560
cg21384857	0.22445510944982122	1560
cg03953196	0.22445247502925375	1560
cg27535237	0.22445063701910592	1560
cg05139301	0.22444938272387435	1560
cg16334617	0.22444726971298132	1560
cg10193069	0.22444580606252917	1560
cg17873998	0.2244453281417681	1560
cg05897008	0.22444480739572797	1560
cg12062537	0.2244448049512072	1560
cg08602214	0.22444454056745664	1560
cg22083073	0.22444436616664232	1560
cg14304626	0.2244439353279413	1560
cg05293990	0.22444119459827322	1560
cg02681858	0.22443992040171662	1560
cg12372745	0.22443822342532666	1560
cg19841447	0.22443559453064027	1560
cg08976316	0.22443556884683452	1560
cg13495025	0.22442779654217668	1560
cg11358549	0.2244276244143993	1560
cg14275693	0.22442720422589016	1560
cg14240735	0.22442612667790185	1560
cg03627705	0.22442573419329367	1560
cg00240378	0.22442551443656408	1560
cg09911554	0.22442512262384234	1560
cg03477609	0.22442257883919045	1560
cg08569253	0.22442247515927513	1560
cg20697886	0.22442211458133005	1560
cg19090068	0.2244194549846438	1560
cg06136617	0.22441879745614166	1560
cg26641275	0.22441825900617773	1560
cg27582173	0.22441368696402136	1560
cg14081933	0.22441311060745917	1560
cg06349717	0.22441117098668698	1560
cg02556526	0.2244096069973009	1560
cg27185772	0.22440621657655138	1560
cg22485774	0.22440575424938583	1560
cg20467755	0.2244052660464252	1560
cg17687442	0.22440439048292238	1560
cg07798295	0.22440157624880547	1560
cg10774480	0.22440138001889656	1560
cg01228352	0.22439858691639483	1560
cg14139875	0.22439637428664666	1560
cg15998961	0.22439576174202827	1560
cg14970386	0.22439225693391213	1560
cg19427573	0.224391947285178	1560
cg04300687	0.2243911081156588	1560
cg12292584	0.22438921358153827	1560
cg14100211	0.22438805537755685	1560
cg08024109	0.22438610205927303	1560
cg18709144	0.22438489735440786	1560
cg17598724	0.22438231383326201	1560
cg19622597	0.22438107044301045	1560
cg11736091	0.22437860966950543	1560
cg26871386	0.22437810390289703	1560
cg08608762	0.22437535203859466	1560
cg08350962	0.2243745607820233	1560
cg25873532	0.22437366325416472	1560
cg02150714	0.2243711386251553	1560
cg05085504	0.2243709988178833	1560
cg04909259	0.2243672063088806	1560
cg03597034	0.22436587545656037	1560
cg04148884	0.22436509761557724	1560
cg26311420	0.22436499977628532	1560
cg10910267	0.2243630720888157	1560
cg02803604	0.22436283177180047	1560
cg19713565	0.2243626233525038	1560
cg11269793	0.2243598641900402	1560
cg20001360	0.22435682909048568	1560
cg25012023	0.2243553303547082	1560
cg06024113	0.22435285684827186	1560
cg13494126	0.2243522683565144	1560
cg13822122	0.2243490047643646	1560
cg07222250	0.22434873691833904	1560
cg11805852	0.22434342045236624	1560
cg18093619	0.2243413826590114	1560
cg27324804	0.22434109115503054	1560
cg26797723	0.22434104332607074	1560
cg10733080	0.22434084161245937	1560
cg22933161	0.22433915087830536	1560
cg07343122	0.22433584118341404	1560
cg17904068	0.22433547453103486	1560
cg09362543	0.22433321353225666	1560
cg24005360	0.224332472632188	1560
cg04894009	0.22433062263710057	1560
cg09528520	0.22433060819211634	1560
cg22785261	0.22432853214247475	1560
cg01013031	0.22432845864601775	1560
cg09528988	0.22432489811346973	1560
cg02310658	0.22432332570893251	1560
cg17499859	0.2243209195423704	1560
cg06701627	0.22431936714799464	1560
cg21660452	0.2243152357743456	1560
cg23023044	0.2243152216717993	1560
cg02635644	0.22431494924455403	1560
cg19940052	0.22431478254874335	1560
cg07720403	0.22431437927526843	1560
cg01239268	0.224312913286478	1560
cg12268263	0.2243109513901365	1560
cg09369294	0.22430790324867228	1560
cg09062198	0.22430761040608835	1560
cg10529812	0.22430720064496487	1560
cg20449283	0.2243047638552988	1560
cg00815117	0.22430271998757031	1560
cg14005827	0.2242953829182328	1560
cg14630369	0.22428971728535965	1560
cg16762534	0.22428740784044035	1560
cg06161317	0.22428607572343934	1560
cg14833732	0.22428308546239	1560
cg16964464	0.224279905595678	1560
cg19025224	0.22427872642079644	1560
cg01986757	0.22427838202645736	1560
cg05358183	0.22427550687646836	1560
cg05884938	0.22427425201382764	1560
cg08098951	0.22427153995061325	1560
cg25409794	0.22427095706245093	1560
cg16270079	0.22427006995167395	1560
cg25720578	0.22426780428118243	1560
cg04717320	0.2242641409275632	1560
cg13572172	0.22426269808471394	1560
cg00613732	0.22425708389155524	1560
cg15777335	0.22425639371165024	1560
cg18489346	0.22425055762153598	1560
cg14610776	0.22425037799194672	1560
cg00771108	0.22424897314433145	1560
cg24787593	0.22424584064883418	1560
cg05506448	0.2242450841118298	1560
cg23703216	0.22424501984350406	1560
cg15972516	0.22424454726346274	1560
cg06867543	0.22424425309129514	1560
cg24140574	0.22424378436302178	1560
cg20325032	0.2242430075254495	1560
cg06657217	0.2242429595875468	1560
cg10607557	0.22424184007186945	1560
cg05273429	0.22423814620013577	1560
cg08622675	0.22423711871141488	1560
cg06077741	0.22423464955435446	1560
cg03200734	0.2242342435624567	1560
cg01724011	0.22423321203133292	1560
cg13530679	0.22422699331042562	1560
cg21058973	0.22422599494375278	1560
cg13340085	0.22422399437801416	1560
cg00386984	0.22422271335248847	1560
cg10195415	0.22422059557835486	1560
cg01927550	0.22422054236050667	1560
cg09484580	0.22421715721191754	1560
cg04611087	0.22421228266847104	1560
cg22949575	0.22421169793330792	1560
cg26786172	0.22420984312886907	1560
cg13461718	0.2242094255508289	1560
cg14503165	0.22420914320750557	1560
cg06160221	0.22420843651200692	1560
cg20370839	0.22420404153825405	1560
cg00007036	0.22420382784038853	1560
cg14861857	0.22420271070527711	1560
cg08239933	0.2242024375635675	1560
cg14499933	0.22420224054734567	1560
cg00702729	0.22419619232908197	1560
cg03106090	0.2241943597664066	1560
cg24512311	0.22419343287629814	1560
cg15593721	0.2241924690836647	1560
cg23635663	0.22418859744001715	1560
cg21232767	0.22418793149668548	1560
cg13980079	0.22418317858291426	1560
cg07890827	0.22418133304047405	1560
cg10246881	0.22418001965765702	1560
cg18594033	0.22417232425973693	1560
cg26489080	0.224169910680816	1560
cg05598886	0.2241655449542993	1560
cg11143131	0.22416443496275776	1560
cg25258258	0.2241643152518907	1560
cg12123154	0.2241636414927171	1560
cg27539721	0.22416036916086712	1560
cg05447579	0.22415892926452524	1560
cg05309760	0.22415695416728484	1560
cg13466901	0.22415587875268922	1560
cg19441128	0.22415182103340928	1560
cg25597084	0.22415154842440457	1560
cg05742082	0.22414866814573162	1560
cg21746573	0.2241483688229894	1560
cg26122004	0.2241432860057891	1560
cg07805959	0.22414224485824163	1560
cg09172770	0.2241413729549398	1560
cg10541043	0.2241378816068586	1560
cg13251533	0.22413723917501713	1560
cg04440724	0.22413571864473206	1560
cg00794209	0.22413309421985098	1560
cg07969602	0.224131088019532	1560
cg14859317	0.22413086901389895	1560
cg08825286	0.2241305690637394	1560
cg22413635	0.22412717592679268	1560
cg10780234	0.22412574873790567	1560
cg08223771	0.22412319792564905	1560
cg16102793	0.22412247485702183	1560
cg25683963	0.22411995795248138	1560
cg01780092	0.22411988138390296	1560
cg02698770	0.22411746983574274	1560
cg26101170	0.2241157107266262	1560
cg02408009	0.22411456070649266	1560
cg23053658	0.22411386811024775	1560
cg19791591	0.22411121318392638	1560
cg00776166	0.22410933679348058	1560
cg24140939	0.22410572308520732	1560
cg09655876	0.2241053693058195	1560
cg11570508	0.22410527215966694	1560
cg09220393	0.22410304273323728	1560
cg19509830	0.22410206985333297	1560
cg15844687	0.2241004802488529	1560
cg23817672	0.22409581614111265	1560
cg00701809	0.2240947805991058	1560
cg07470396	0.22409439073955345	1560
cg25914109	0.2240887522821114	1560
cg12073177	0.22408698134625687	1560
cg04950423	0.22408555448120063	1560
cg00311667	0.22408451003200722	1560
cg07462322	0.2240836323529556	1560
cg20971342	0.22408347715043403	1560
cg09213780	0.22408325380978003	1560
cg24740515	0.22408272226361925	1560
cg27653399	0.22408148808584227	1560
cg23391165	0.22407893786837257	1560
cg18011872	0.22407815858787236	1560
cg21009747	0.22407765951524272	1560
cg01055748	0.2240774929316871	1560
cg06554036	0.22407586157811235	1560
cg04547809	0.22407576720472422	1560
cg06070493	0.22407515915208864	1560
cg02709064	0.2240740229534318	1560
cg17594592	0.22406448950955976	1560
cg23108922	0.22406297083772964	1560
cg05561555	0.22406292474655876	1560
cg16622514	0.22405931103194535	1560
cg04552378	0.224059192120638	1560
cg01205019	0.2240590044509984	1560
cg10401356	0.2240563025838899	1560
cg07647405	0.2240558514184063	1560
cg08454917	0.22405534634828483	1560
cg27431500	0.2240546872500344	1560
cg03864089	0.2240527189176561	1560
cg10795014	0.22405205335416467	1560
cg14339778	0.22405067170563678	1560
cg26834624	0.22404863715855572	1560
cg12579612	0.22404699201667475	1560
cg11553795	0.2240463471579835	1560
cg27177415	0.2240459610658797	1560
cg04135806	0.2240450986804888	1560
cg03448241	0.22404245718321764	1560
cg01361261	0.22404223679401938	1560
cg05590948	0.2240422330658534	1560
cg14513222	0.22404189278618425	1560
cg18973457	0.22403503786167542	1560
cg05730992	0.22403108986363082	1560
cg10692302	0.22403096672340758	1560
cg16221651	0.22403001956940738	1560
cg11645098	0.2240281790836185	1560
cg11633280	0.22402736222042877	1560
cg25002056	0.2240268057928415	1560
cg18451131	0.22402541326418196	1560
cg02207130	0.2240248939103971	1560
cg20466196	0.22402447993594188	1560
cg15457314	0.22402250050298617	1560
cg06952288	0.22401976616926345	1560
cg12078820	0.2240184462219239	1560
cg15558634	0.22401650430967496	1560
cg03320521	0.22401589160060092	1560
cg20356241	0.22401231412168313	1560
cg16039972	0.22401155623470245	1560
cg12615914	0.22400994875836142	1560
cg21342307	0.22400983369942995	1560
cg16159313	0.22400784575433846	1560
cg14689317	0.22400739697643013	1560
cg13027177	0.22400486394055985	1560
cg25200416	0.22400298430272927	1560
cg17032565	0.22400188369126398	1560
cg09768859	0.22400157059223433	1560
cg24461337	0.2239976243502076	1560
cg09040277	0.2239961847740674	1560
cg21010753	0.22399423375107047	1560
cg19831935	0.22399346170079742	1560
cg27249906	0.2239928113613264	1560
cg27165867	0.22399252400313582	1560
cg10242486	0.22399219117171143	1560
cg20442224	0.22399131926406732	1560
cg23779644	0.22398724377487045	1560
cg05968258	0.2239864549049699	1560
cg02085794	0.2239861334765117	1560
cg13503773	0.22398547128328064	1560
cg21871213	0.22398301366385487	1560
cg16956999	0.22397793536101915	1560
cg20462300	0.22397619319846235	1560
cg01313234	0.22397569791913938	1560
cg14445341	0.2239756575583323	1560
cg14101442	0.22397337604315365	1560
cg22939043	0.2239732702957492	1560
cg05012672	0.22397127850686707	1560
cg07516702	0.22397031115663824	1560
cg23104930	0.22396902035548247	1560
cg25465606	0.22396600041406925	1560
cg13938702	0.22396515562154923	1560
cg05780637	0.22396508910051674	1560
cg12565579	0.22396327496844567	1560
cg17496877	0.22396231584028536	1560
cg18422423	0.22396184184337334	1560
cg06056514	0.22396137743285888	1560
cg03209882	0.22395833406858584	1560
cg00935361	0.22395761079700935	1560
cg13374701	0.22395657186531295	1560
cg15588177	0.22395636396711108	1560
cg14258857	0.22395594779123118	1560
cg02647825	0.2239558386647077	1560
cg26469302	0.22395510447264402	1560
cg08105005	0.22395426572221064	1560
cg12633739	0.2239541538556469	1560
cg21521107	0.22395380363487252	1560
cg23112651	0.22394623470479547	1560
cg09489249	0.22394548047160712	1560
cg08460326	0.22394310314553206	1560
cg18201392	0.2239421008801825	1560
cg26531174	0.2239417735892276	1560
cg19806833	0.22394020736286918	1560
cg17249997	0.2239373122328805	1560
cg22240715	0.22393654331824972	1560
cg09918512	0.22393640892804445	1560
cg11800710	0.22393610987354598	1560
cg18344811	0.22393585531433025	1560
cg02655681	0.22393460369709792	1560
cg23508264	0.2239291029307944	1560
cg04898358	0.22392751506378794	1560
cg16783412	0.22392521947880364	1560
cg10543136	0.22392506523416536	1560
cg13371407	0.22392436420280767	1560
cg22730991	0.22392303845101882	1560
cg07499066	0.22392212497774536	1560
cg19315453	0.22392155323778956	1560
cg18034092	0.22391949703022052	1560
cg01718733	0.2239180604936352	1560
cg00876376	0.2239166931307497	1560
cg26965151	0.22391649812176403	1560
cg26348259	0.22391546586738564	1560
cg13751265	0.22391437019105823	1560
cg12452542	0.22391229343627425	1560
cg15516191	0.2239101492977692	1560
cg23956844	0.22390874868870533	1560
cg19866673	0.22390610746711595	1560
cg19981151	0.22390481504914467	1560
cg25772039	0.22390407276911917	1560
cg04999309	0.22390288528878663	1560
cg10702113	0.2239020794476885	1560
cg06520088	0.2239018114913074	1560
cg05570831	0.2238985554082578	1560
cg15357639	0.22389717125817346	1560
cg00289762	0.22389628908187603	1560
cg09454613	0.22389292212216963	1560
cg16551481	0.22389223172681608	1560
cg10701000	0.22389140875233893	1560
cg23284292	0.22389131035885476	1560
cg01131289	0.22388709640535634	1560
cg25499573	0.223885701243809	1560
cg11103393	0.22388494486207428	1560
cg07733198	0.22388188185862498	1560
cg03648690	0.22387920768083097	1560
cg05847755	0.22387837874279246	1560
cg24679317	0.223876383303007	1560
cg26768605	0.22387512018777736	1560
cg11855834	0.22387418437338444	1560
cg04460548	0.22387395670810709	1560
cg06952006	0.22386956680428566	1560
cg14593536	0.22386561449849784	1560
cg04722382	0.22386539702749714	1560
cg16172026	0.22386139072982922	1560
cg26134320	0.22386077620246386	1560
cg02827643	0.2238597206090364	1560
cg27533201	0.22385895910554302	1560
cg16929318	0.22385892496062837	1560
cg05965188	0.22385872174268784	1560
cg10432846	0.22385583499631165	1560
cg09723184	0.22385538046917355	1560
cg17179570	0.2238546319284558	1560
cg26495393	0.2238541150611845	1560
cg26803802	0.22385366322382844	1560
cg17717091	0.22385332378825853	1560
cg02368177	0.22385258882895773	1560
cg02936752	0.2238524736580983	1560
cg12975709	0.22384854758638398	1560
cg01013738	0.2238482475347425	1560
cg23068821	0.22384807288897457	1560
cg05651176	0.22384769949412395	1560
cg24312850	0.22384744107677643	1560
cg03295361	0.22384707545469376	1560
cg06521088	0.22384496613156923	1560
cg17036744	0.22384166834905353	1560
cg27047459	0.22384121759769743	1560
cg13318091	0.22384044601836167	1560
cg04964562	0.22384020374055438	1560
cg18311516	0.22383598238877195	1560
cg04500745	0.22383561565118967	1560
cg12662401	0.22383337091032254	1560
cg04735168	0.22383257712006221	1560
cg07162905	0.22382977863900502	1560
cg13480614	0.22382974234257696	1560
cg04171554	0.2238277263982258	1560
cg07943548	0.22382502426571185	1560
cg16782493	0.223825010404886	1560
cg24227730	0.223823413950133	1560
cg19310653	0.2238228915640006	1560
cg20447301	0.22382267216140628	1560
cg18929428	0.2238218297508526	1560
cg09125402	0.22382116453858936	1560
cg04802034	0.22381912070136672	1560
cg09470905	0.22381892722071894	1560
cg25617556	0.2238169228388394	1560
cg05191217	0.22381521087531028	1560
cg05171227	0.22381034104851483	1560
cg03487716	0.22380976535418645	1560
cg14941975	0.2238094706001248	1560
cg04091405	0.22380221078962687	1560
cg15885953	0.2238020772267165	1560
cg08291049	0.22379992074952784	1560
cg01339929	0.22379864989250653	1560
cg02158822	0.22379856074289375	1560
cg20464951	0.22379551028656866	1560
cg21249481	0.22379349627079276	1560
cg14041701	0.22379321457124848	1560
cg20259594	0.22379281836720213	1560
cg12160186	0.22379112847545518	1560
cg14587902	0.22378888171781053	1560
cg15271942	0.22378805841245195	1560
cg26556395	0.2237872362616767	1560
cg07706607	0.2237872347728445	1560
cg24872838	0.22378490881401883	1560
cg06412917	0.22378362940844176	1560
cg19985346	0.2237823310300935	1560
cg05643703	0.2237807411450592	1560
cg13413387	0.22377868743780868	1560
cg05068686	0.22377847390767036	1560
cg06768740	0.22377168718236437	1560
cg05554891	0.22376777650828808	1560
cg13437341	0.22376706965377707	1560
cg13214005	0.22376589445525286	1560
cg07066815	0.22376494355971754	1560
cg08622280	0.22376428036646104	1560
cg26533023	0.2237630572508921	1560
cg27379520	0.22376184447152414	1560
cg13504105	0.2237605944710574	1560
cg16068383	0.22375973969497345	1560
cg18001435	0.223758162799816	1560
cg14134006	0.22375749830035419	1560
cg18398570	0.2237550525928926	1560
cg00579794	0.223752725589992	1560
cg26955337	0.2237520217317579	1560
cg06708390	0.2237461929204504	1560
cg03533051	0.22374246908328171	1560
cg02893779	0.22374116244370187	1560
cg16800785	0.2237401088179479	1560
cg00734895	0.22373882821854885	1560
cg21289555	0.22373875408854815	1560
cg08785007	0.2237375040458354	1560
cg00592695	0.22373596795795464	1560
cg25212763	0.22373064360601766	1560
cg08610935	0.22372997287281676	1560
cg18545183	0.2237284970364453	1560
cg04979655	0.223728075684149	1560
cg00705661	0.22372785220824978	1560
cg15190747	0.22372716204494572	1560
cg18795368	0.22372682020288173	1560
cg08748368	0.2237249298410914	1560
cg02693289	0.2237247931053437	1560
cg11910497	0.22372464078168094	1560
cg03072483	0.2237196704173007	1560
cg26933314	0.22371758178192502	1560
cg22909138	0.22371734762280546	1560
cg26174768	0.22371691348774073	1560
cg13614741	0.2237159658716276	1560
cg22686124	0.22371379437852756	1560
cg11884385	0.22370542269037844	1560
cg25364861	0.22370477671541547	1560
cg15391375	0.2237030081310102	1560
cg12373657	0.22370273295618007	1560
cg27089352	0.2237009675017577	1560
cg13444005	0.2236964640154145	1560
cg06430424	0.22369469658194166	1560
cg01332870	0.22369453110293794	1560
cg11540803	0.2236939766434428	1560
cg03435264	0.22369264418792997	1560
cg01704860	0.22368893242195667	1560
cg22131217	0.2236887939715952	1560
cg02902489	0.22368822906389318	1560
cg19030875	0.2236843862103894	1560
cg08373403	0.22368333488240533	1560
cg03788230	0.2236802218137879	1560
cg20776543	0.22367905529492654	1560
cg14783646	0.22367694411779307	1560
cg01511465	0.2236743662400487	1560
cg26587715	0.22367179690097067	1560
cg24027596	0.22367127352040456	1560
cg00141260	0.2236700241903248	1560
cg13223858	0.22366853157780447	1560
cg15961716	0.22366789009233756	1560
cg18069095	0.22366667084721828	1560
cg16140321	0.22366541975208276	1560
cg20389911	0.22366451831032716	1560
cg02278766	0.2236639311131923	1560
cg16434195	0.22366322559010912	1560
cg07925619	0.22366316637627498	1560
cg13303377	0.22366166902983567	1560
cg09187740	0.22365828620058087	1560
cg06650378	0.22365742023963348	1560
cg15921089	0.22365691403764706	1560
cg03900934	0.22365675439874041	1560
cg27546981	0.22365498350113108	1560
cg04783710	0.2236547832354611	1560
cg27255454	0.2236547124686591	1560
cg09443553	0.22365241355778254	1560
cg19641266	0.22365011416659664	1560
cg17717282	0.22364927991236866	1560
cg12661256	0.2236443331823669	1560
cg04646876	0.22364313938286448	1560
cg14945696	0.22364307498064231	1560
cg23261097	0.22363924230242854	1560
cg08322747	0.22363549372648373	1560
cg07747994	0.22363505168651518	1560
cg12814032	0.22363449524857185	1560
cg08021120	0.2236329836118051	1560
cg05463119	0.22363248860573914	1560
cg20991916	0.22362796561501858	1560
cg09988752	0.22362789250418338	1560
cg24165907	0.223626574886508	1560
cg09777095	0.22362493639412784	1560
cg13859833	0.22362231958190104	1560
cg04180483	0.22362228983456497	1560
cg26190483	0.22362086982276314	1560
cg02857643	0.22362043603398077	1560
cg18447950	0.22362039035729175	1560
cg15136600	0.22362011731892242	1560
cg04115584	0.22361825870485333	1560
cg20949223	0.22361646618206707	1560
cg20001067	0.22361597699681549	1560
cg27412039	0.22361559581347396	1560
cg11122301	0.2236144123212036	1560
cg05379891	0.22361406933705777	1560
cg01074643	0.22361129140952166	1560
cg26765599	0.22361033455188478	1560
cg16086185	0.2236094325828367	1560
cg23118401	0.22360772675776153	1560
cg07528254	0.22360288382588295	1560
cg15383338	0.22359998633659742	1560
cg12329933	0.2235999059868086	1560
cg11588889	0.22359959696932538	1560
cg09838070	0.22359565024432906	1560
cg03897436	0.2235937037659727	1560
cg01287012	0.22359145343428732	1560
cg06690825	0.2235902986715095	1560
cg06816077	0.22358980065320241	1560
cg16678545	0.22358598547971165	1560
cg07334509	0.2235812330765432	1560
cg06848775	0.22357846293158573	1560
cg06870484	0.22357821219029028	1560
cg04559485	0.22357806432259594	1560
cg26381718	0.2235776151395489	1560
cg02423471	0.22357605783706208	1560
cg21326642	0.2235742516285311	1560
cg09515665	0.22357205875294509	1560
cg09580153	0.2235660107815807	1560
cg01520447	0.22356555233579262	1560
cg25108478	0.22356521201918944	1560
cg02423579	0.2235638489629694	1560
cg09987150	0.2235597067173158	1560
cg20000541	0.22355897859724186	1560
cg22137270	0.22355874965104142	1560
cg19014664	0.2235584525878879	1560
cg06503715	0.22355290759344865	1560
cg03426194	0.22355265322549014	1560
cg02814163	0.2235523523947123	1560
cg04284660	0.22355179607947692	1560
cg15060598	0.22354836840475173	1560
cg06509362	0.22354688220440216	1560
cg15658577	0.2235425343827267	1560
cg03559389	0.22354121053109297	1560
cg10845886	0.22353975692004824	1560
cg01480054	0.2235340311566722	1560
cg01714160	0.22353328069910752	1560
cg07463633	0.22352959257572472	1560
cg08561825	0.22352870092957366	1560
cg13474004	0.22352857501974369	1560
cg11150667	0.2235271664265641	1560
cg13469504	0.2235254727880421	1560
cg12090654	0.22352216906223038	1560
cg26173420	0.22352061292732445	1560
cg23115136	0.22351936128872793	1560
cg02973843	0.2235190140012499	1560
cg26929323	0.22351669338566463	1560
cg05721790	0.22351622870390253	1560
cg01104549	0.22351606655166203	1560
cg13296578	0.2235160542490496	1560
cg23168555	0.2235148619786931	1560
cg23448774	0.22351295885062225	1560
cg01058266	0.22350993965910973	1560
cg25912870	0.22350873730908807	1560
cg19087643	0.2235083375314478	1560
cg05612325	0.2235079598993692	1560
cg23588699	0.22350794684093309	1560
cg19375458	0.22350770424204475	1560
cg07380334	0.2235048782747041	1560
cg01837364	0.22350464365591027	1560
cg18244811	0.22350451964183926	1560
cg23001930	0.2235040139434667	1560
cg22329027	0.22350363718489996	1560
cg01996325	0.2235028717464718	1560
cg07098592	0.22349630503858317	1560
cg08018024	0.2234962714074561	1560
cg07219400	0.22349626713018406	1560
cg12405087	0.22349450696858142	1560
cg25299214	0.22349446469287018	1560
cg01485627	0.22349261910732426	1560
cg13510751	0.22349080141463348	1560
cg09848218	0.22348988661287394	1560
cg16617758	0.22348739790235422	1560
cg26993213	0.22348670649249225	1560
cg27101654	0.2234864222369984	1560
cg24923860	0.2234850339272613	1560
cg17867823	0.22348438772959575	1560
cg06188268	0.22348412337206353	1560
cg03543952	0.22348231353601306	1560
cg17410603	0.22348043288787592	1560
cg01503640	0.22347821832412126	1560
cg11170685	0.22347591003056594	1560
cg25695424	0.22347584597788267	1560
cg17332150	0.2234757188279874	1560
cg15728549	0.22347440231880417	1560
cg09096159	0.22347323975138508	1560
cg02878821	0.22347244285483808	1560
cg23963070	0.22347151366133167	1560
cg09266881	0.22347071057869503	1560
cg20884780	0.2234705083001218	1560
cg05104099	0.2234700268891696	1560
cg13918314	0.22346280009015085	1560
cg16838980	0.2234624818615829	1560
cg13914990	0.22345997650541968	1560
cg15219014	0.22345939345112706	1560
cg22515303	0.22345643683792188	1560
cg07453683	0.22345626635445864	1560
cg03036422	0.22345461897393334	1560
cg22066065	0.2234535500169839	1560
cg22000938	0.22345060529995578	1560
cg00106739	0.2234471611059252	1560
cg11151524	0.223446470778916	1560
cg09629753	0.22344411532369965	1560
cg14368954	0.22344403670785656	1560
cg19707243	0.22344390925552524	1560
cg26012578	0.22344187282107286	1560
cg18037489	0.22344155999309762	1560
cg02842850	0.22343772241160342	1560
cg11836154	0.22343729688022693	1560
cg17788536	0.22343708224479503	1560
cg14624294	0.22343646516507135	1560
cg06932713	0.22343243402689106	1560
cg10423427	0.2234314069377337	1560
cg07723322	0.22343128378892257	1560
cg13114125	0.22343121920591993	1560
cg11192877	0.22342737173274574	1560
cg20384632	0.22342054433153394	1560
cg04586563	0.2234179211016323	1560
cg04321497	0.22341645839445506	1560
cg19953799	0.22341283488820451	1560
cg14632469	0.223412002676888	1560
cg18588835	0.22341085041389167	1560
cg18475668	0.22341021790929455	1560
cg04324746	0.22340506038401095	1560
cg21249582	0.22339150101647942	1560
cg08921185	0.2233913130333187	1560
cg06395490	0.22339096908987024	1560
cg03573975	0.22339053556603594	1560
cg15277535	0.22338926477130003	1560
cg00639517	0.22338881898682209	1560
cg09976716	0.22338757250221597	1560
cg03935709	0.22338655455575063	1560
cg14010305	0.22338288889571042	1560
cg10246772	0.22338193619792623	1560
cg10885956	0.22338058554799936	1560
cg20823730	0.223380147101868	1560
cg14318489	0.22337985055764353	1560
cg09020928	0.2233714267224002	1560
cg03108419	0.22337118002749615	1560
cg22891012	0.22337074921347552	1560
cg04781741	0.22337019655662926	1560
cg22599148	0.22337018019723798	1560
cg09863094	0.22336668227238932	1560
cg07940971	0.22336377405290156	1560
cg20853001	0.22336235972605314	1560
cg02025656	0.22336087311218183	1560
cg02446170	0.22336077065575824	1560
cg03965764	0.22335949814329217	1560
cg06093070	0.2233575559613355	1560
cg14990430	0.22335570189363785	1560
cg20435345	0.2233519793777917	1560
cg18334332	0.2233503110041188	1560
cg10923702	0.22334944756313788	1560
cg13263778	0.22334940163353398	1560
cg10768564	0.2233484886718773	1560
cg22599477	0.22334829450447616	1560
cg11990308	0.22334783900535157	1560
cg10452248	0.22334595805536175	1560
cg26833781	0.2233449593970749	1560
cg00049691	0.22334464410355065	1560
cg14352140	0.2233413971238814	1560
cg25191611	0.22334092120839139	1560
cg09319815	0.22333900411933338	1560
cg15465343	0.2233387862188689	1560
cg06641889	0.22333858016213673	1560
cg22755296	0.22333614306529218	1560
cg13226145	0.22333568987330446	1560
cg08597019	0.22333195380087126	1560
cg17981121	0.22333136385388339	1560
cg07744536	0.22333102342673192	1560
cg01533689	0.22332795652451826	1560
cg09869286	0.22332598163004785	1560
cg06833347	0.22332440220171623	1560
cg18712806	0.2233194971057852	1560
cg11282220	0.2233193951356722	1560
cg13153740	0.22331880170213558	1560
cg00367532	0.22331859124820636	1560
cg00210189	0.22331498038374106	1560
cg16692211	0.2233142775188256	1560
cg04864755	0.2233138671072169	1560
cg18678211	0.22331339337451697	1560
cg17279085	0.2233122723304947	1560
cg21223353	0.22330775654653895	1560
cg10317445	0.2233037470683666	1560
cg19762508	0.2233035095426928	1560
cg12857785	0.22330308753698208	1560
cg00081347	0.2233018812333255	1560
cg10967280	0.2232980578488516	1560
cg17407435	0.22329668777056214	1560
cg08434186	0.2232965290866191	1560
cg09436393	0.22329438413368113	1560
cg23835377	0.22329343978720934	1560
cg22202401	0.22328982755195093	1560
cg11218432	0.2232893929416917	1560
cg05694095	0.22328545440031178	1560
cg04621795	0.22328474171221632	1560
cg23205807	0.22328322939272083	1560
cg23437573	0.22328312800425107	1560
cg21585640	0.2232828524588557	1560
cg09114203	0.22328256458825557	1560
cg22337169	0.22328208021507182	1560
cg00021786	0.22328001653461943	1560
cg14068702	0.22327985571309836	1560
cg27548644	0.2232788048368312	1560
cg17452880	0.223277467564272	1560
cg23081121	0.2232771759333197	1560
cg13519953	0.22327549077382192	1560
cg05175353	0.22327496183212034	1560
cg22627646	0.2232701939170231	1560
cg10939960	0.22326933048245667	1560
cg20251481	0.22326871139775797	1560
cg22603960	0.22326344274512597	1560
cg26809488	0.223261519916201	1560
cg21506220	0.22326149357559724	1560
cg25742365	0.22325957339691568	1560
cg01733459	0.22325878346238023	1560
cg20935156	0.22325684057111686	1560
cg13938035	0.22325663499333392	1560
cg03377396	0.22325379307985374	1560
cg08744097	0.2232534035746806	1560
cg06376992	0.22325240582557968	1560
cg05151461	0.22325214356349804	1560
cg00703819	0.22324986666597063	1560
cg09303293	0.22324935512232413	1560
cg02871210	0.22324882841000698	1560
cg19569013	0.22324721695219754	1560
cg11692031	0.2232470886802844	1560
cg00145404	0.22324657920009927	1560
cg03885098	0.2232455878063577	1560
cg09511662	0.22324385689288395	1560
cg10231021	0.22324315997734379	1560
cg25596655	0.223242059495155	1560
cg10547527	0.223241570069963	1560
cg23218473	0.2232361303911404	1560
cg07521889	0.22323391056101238	1560
cg01116188	0.2232332414704015	1560
cg09158218	0.22323264470389212	1560
cg20609063	0.2232326428282031	1560
cg17894798	0.22323249994381125	1560
cg03674841	0.2232319149825211	1560
cg12395150	0.22322985609564225	1560
cg11729107	0.22322921864500397	1560
cg21035402	0.22322773569111903	1560
cg21960828	0.22322673376123636	1560
cg20298978	0.22322665358191676	1560
cg19459432	0.22322266940302568	1560
cg20538228	0.22321704344973853	1560
cg25933015	0.22321517874282418	1560
cg07971143	0.22321453715107967	1560
cg05176964	0.22321313282298277	1560
cg05943731	0.2232121658269248	1560
cg23844154	0.22321116197296348	1560
cg15857889	0.22321073682471382	1560
cg03329747	0.22320910228249316	1560
cg12864541	0.2232056976731487	1560
cg06661638	0.22320342319944864	1560
cg09870721	0.22320228709573733	1560
cg26663063	0.22320123683843707	1560
cg06959457	0.2232004867519382	1560
cg00071408	0.22320047959375292	1560
cg20590175	0.22319921530140968	1560
cg06025671	0.22319873239930255	1560
cg12829298	0.22319692291907103	1560
cg01812947	0.223196698460031	1560
cg06519044	0.22319349956965703	1560
cg26559250	0.2231856422940082	1560
cg08384112	0.2231834232521416	1560
cg00969251	0.2231816471796771	1560
cg18017627	0.22318164203323418	1560
cg18906324	0.2231811159552197	1560
cg07205857	0.22318027348198677	1560
cg16199907	0.22318025313444342	1560
cg22648015	0.22317940597609914	1560
cg22127773	0.2231793672173977	1560
cg16842291	0.22317719419641602	1560
cg11099009	0.2231756595400348	1560
cg17584633	0.22317557640538765	1560
cg03672066	0.22317531142722283	1560
cg22467470	0.22317371268866226	1560
cg10075405	0.22317322380372157	1560
cg03298034	0.22317298378856104	1560
cg05727180	0.22317281111314868	1560
cg13934015	0.22317262999269616	1560
cg10669449	0.22317212935540462	1560
cg19612504	0.22317201610436435	1560
cg16396153	0.22317145286689913	1560
cg05425464	0.2231714021394383	1560
cg12099191	0.22317018356889987	1560
cg09509877	0.22316743687504192	1560
cg25196881	0.2231668003119678	1560
cg22201615	0.22316668589879307	1560
cg27353308	0.22316520770362108	1560
cg12397564	0.2231645576226452	1560
cg16593941	0.22316394972090364	1560
cg22942522	0.22316386163565793	1560
cg02536199	0.22316352303428622	1560
cg10139037	0.22316236640877332	1560
cg15051239	0.22316165189598605	1560
cg06709610	0.22316112959038104	1560
cg03162686	0.2231603000418796	1560
cg01099045	0.22315915127569028	1560
cg26294458	0.2231587602479354	1560
cg05143869	0.22315841065952263	1560
cg01315621	0.22315811344181577	1560
cg07428200	0.22315795992334192	1560
cg10159923	0.22315774312729594	1560
cg12944146	0.22315661331532297	1560
cg15465367	0.22315640982377974	1560
cg24093831	0.223155193711404	1560
cg20071305	0.22315353140879562	1560
cg22848757	0.2231535183883734	1560
cg24972056	0.22315117972064305	1560
cg16199219	0.22314744848328633	1560
cg10301869	0.2231458739268887	1560
cg23397909	0.22314550069916952	1560
cg13481374	0.22314443475022805	1560
cg06066251	0.22314309455026943	1560
cg23986474	0.2231408140701307	1560
cg26272616	0.22314014809465307	1560
cg12702304	0.2231385691241957	1560
cg09180464	0.2231376010519119	1560
cg01911323	0.2231369420873582	1560
cg05546383	0.22313420421228944	1560
cg10457436	0.22313244867755003	1560
cg15303052	0.22313212409106434	1560
cg07278332	0.22312978808364844	1560
cg19841653	0.22312829676274487	1560
cg05903223	0.2231277667332563	1560
cg16203788	0.22312738890634926	1560
cg07006325	0.22312655212420232	1560
cg25028406	0.22312589593027662	1560
cg25791773	0.22312565104075885	1560
cg27054166	0.22312451185999124	1560
cg14288953	0.2231240890489123	1560
cg22581974	0.22312391871905218	1560
cg06962326	0.22312384098726565	1560
cg21881756	0.223122120763194	1560
cg14965064	0.2231212962471009	1560
cg25513760	0.22311994492001244	1560
cg04361579	0.22311892485128876	1560
cg04724176	0.22311403111766595	1560
cg16324934	0.2231132622776285	1560
cg22343299	0.22311049656570503	1560
cg00542760	0.22311034921714282	1560
cg24580056	0.2231102162790543	1560
cg16385478	0.22310960185483233	1560
cg18244874	0.22310937551012508	1560
cg19965099	0.22310838874159306	1560
cg22960255	0.22310526635954267	1560
cg03299891	0.22310526090145083	1560
cg12968540	0.22310523781187114	1560
cg04604752	0.2231038581694593	1560
cg06862343	0.22310377232884665	1560
cg19380919	0.22310121633052352	1560
cg16401490	0.22310120516401896	1560
cg13680844	0.22309929659694264	1560
cg02604225	0.223098333107579	1560
cg09575322	0.22309798441616832	1560
cg10752731	0.2230972093386712	1560
cg22597706	0.2230956882342719	1560
cg10503891	0.2230933418541421	1560
cg02384543	0.22309254535291573	1560
cg07779873	0.2230909799991479	1560
cg07751039	0.22308970908440828	1560
cg18868372	0.22308509231430296	1560
cg19790877	0.22308455286722828	1560
cg03826759	0.22308382906840046	1560
cg24517944	0.22308287125252912	1560
cg10136166	0.22308268445206528	1560
cg13763627	0.22308106987228377	1560
cg11035933	0.2230810608599946	1560
cg09357151	0.22307920757558178	1560
cg21827163	0.22307879131778252	1560
cg21367580	0.2230769696363526	1560
cg06489433	0.2230769115250162	1560
cg07715277	0.22307675180313088	1560
cg02710119	0.22307666707924195	1560
cg22969669	0.22307475133181812	1560
cg26181196	0.22307443077617475	1560
cg05931272	0.22307412887285627	1560
cg07172756	0.22307323721958489	1560
cg08416394	0.2230728355546833	1560
cg04724143	0.22307177129356592	1560
cg00716961	0.2230702420355448	1560
cg02627286	0.2230698152509184	1560
cg18077083	0.2230691344002779	1560
cg08376117	0.22306905281290407	1560
cg08680083	0.22306673704953653	1560
cg23918130	0.22306611797674228	1560
cg04821008	0.22306341310260921	1560
cg20363838	0.22306046260118406	1560
cg26065792	0.22305990568467987	1560
cg14897025	0.22305979764489864	1560
cg19230709	0.2230595586019593	1560
cg02827731	0.22305906552671453	1560
cg19431768	0.2230584360444064	1560
cg18621277	0.2230562719042528	1560
cg05387247	0.22305557340581122	1560
cg05924068	0.2230535522510562	1560
cg05144540	0.22305186429891802	1560
cg22057897	0.22305186375010608	1560
cg21575005	0.22305163498155023	1560
cg03787899	0.22305041611589355	1560
cg16359406	0.2230498101576909	1560
cg14356272	0.22304818384694897	1560
cg03430864	0.22304780677533134	1560
cg00978117	0.2230473771551423	1560
cg25050246	0.22304734553858094	1560
cg00409552	0.22304521812846556	1560
cg03653856	0.22304474121718054	1560
cg01819910	0.2230438327953078	1560
cg27573389	0.2230436247909123	1560
cg13468804	0.22303698516773096	1560
cg15314023	0.22303323535150757	1560
cg23360656	0.22303184429817768	1560
cg25462842	0.22303031320577577	1560
cg27295939	0.22302914301512894	1560
cg14620208	0.22302908843176933	1560
cg12501004	0.22302844946046757	1560
cg05948424	0.2230283414996263	1560
cg02770683	0.2230278202250995	1560
cg06819865	0.22302688443564164	1560
cg02835003	0.22302597244173172	1560
cg15193596	0.2230257875182007	1560
cg10593459	0.22302448674277905	1560
cg05873085	0.22302259206984282	1560
cg27091642	0.22302221444727227	1560
cg21736089	0.22302184138613407	1560
cg01835446	0.22302145986115562	1560
cg23237856	0.22301925731219527	1560
cg19216851	0.2230183696985449	1560
cg26618645	0.22301447314392653	1560
cg18447232	0.22301381693116104	1560
cg11942622	0.2230128334813504	1560
cg19201856	0.2230112598463836	1560
cg06172235	0.223008734614198	1560
cg03791579	0.2230081636205313	1560
cg23931497	0.22300750709104383	1560
cg10851587	0.2230063512829909	1560
cg26281789	0.22300383664227225	1560
cg23158699	0.22300213351077117	1560
cg01100868	0.2230008869419156	1560
cg16333896	0.2229984818728955	1560
cg12718426	0.22299509626381744	1560
cg13346459	0.22299509015850144	1560
cg17754168	0.22299489202047879	1560
cg01318154	0.22299439776395974	1560
cg11424674	0.2229928233822643	1560
cg25204742	0.22299256335224707	1560
cg08463306	0.22299221154807863	1560
cg09436190	0.22299214975273424	1560
cg25828381	0.22299047550846982	1560
cg22755414	0.22298813678929377	1560
cg15143643	0.22298684152688542	1560
cg22961292	0.2229868198013973	1560
cg24141725	0.2229854598094027	1560
cg15947599	0.22298530837829506	1560
cg11536673	0.22298474610865052	1560
cg03697509	0.22298360622800742	1560
cg24385450	0.22298244070472756	1560
cg13946487	0.22298064059245645	1560
cg26882424	0.2229805386145333	1560
cg04537941	0.2229795081282447	1560
cg19444925	0.22297803543771647	1560
cg25091820	0.22297585856372806	1560
cg22857025	0.2229747736223505	1560
cg02517261	0.22296767563189676	1560
cg23801396	0.2229667199959888	1560
cg20089935	0.22296532123133878	1560
cg00821567	0.22296415441235087	1560
cg02890566	0.22296272493587357	1560
cg08906153	0.22296216314064884	1560
cg21953508	0.2229609195513225	1560
cg11304524	0.22296053908513874	1560
cg06529080	0.22296013694913416	1560
cg01550271	0.22295783195025454	1560
cg11648249	0.22295646010789857	1560
cg00263307	0.22295515032165347	1560
cg14429394	0.22295421079640387	1560
cg09235217	0.22295311091788617	1560
cg07533384	0.22295135084329756	1560
cg04398275	0.2229474113605089	1560
cg26151477	0.22294688109139402	1560
cg00812580	0.22294385793787616	1560
cg17861150	0.22294322986856466	1560
cg05269546	0.22294131099727066	1560
cg06531767	0.2229402192380394	1560
cg14598025	0.22293951027016007	1560
cg05917311	0.22293937524823482	1560
cg20033401	0.22293873600287764	1560
cg19732653	0.22293709424925467	1560
cg10604258	0.22293678576495757	1560
cg03573123	0.2229316014302301	1560
cg20857372	0.22293114166468728	1560
cg22082745	0.22292925975824282	1560
cg00369677	0.22292597085096172	1560
cg27173677	0.2229241318539797	1560
cg25415546	0.22291863402639558	1560
cg09649135	0.22291764794067928	1560
cg01520321	0.22291760644029293	1560
cg25162927	0.22291688457849174	1560
cg26571977	0.22291596090470486	1560
cg24216294	0.22291591219631646	1560
cg15879716	0.22291556710514482	1560
cg24973886	0.22291530710741847	1560
cg10219783	0.22291461134580992	1560
cg10509185	0.22291415914147222	1560
cg05208895	0.2229134342414193	1560
cg12992689	0.2229126291040283	1560
cg03508817	0.2229102244057388	1560
cg04817379	0.22290998774065526	1560
cg14411929	0.2229081221807917	1560
cg00711596	0.22290748226358972	1560
cg07748154	0.22290630087182758	1560
cg27104275	0.22290473223678314	1560
cg21177216	0.22289937613920463	1560
cg15312358	0.22289856262025012	1560
cg25453122	0.22289827054122646	1560
cg10512472	0.22289764877834878	1560
cg15444560	0.22289503934242755	1560
cg15707332	0.22289387239872963	1560
cg05075473	0.22289199281473623	1560
cg14283497	0.2228913079510452	1560
cg07960162	0.22289087024599122	1560
cg12115087	0.2228879491301723	1560
cg15628409	0.22288730515502425	1560
cg25587405	0.22288658302801573	1560
cg07428333	0.22288549488320572	1560
cg17978331	0.22288401698559748	1560
cg14534701	0.222882862921347	1560
cg13455110	0.22288257331468436	1560
cg11409344	0.22288196353315773	1560
cg12082681	0.2228818705635425	1560
cg24001314	0.22288011036956584	1560
cg05161218	0.22287883205080908	1560
cg14211117	0.2228786846607018	1560
cg27560831	0.22287764218187364	1560
cg20370991	0.22287749393718803	1560
cg10610949	0.22287741616779053	1560
cg05937046	0.22287567453189797	1560
cg21099123	0.22287372232003735	1560
cg15429854	0.2228736376824759	1560
cg09847443	0.22287201511385035	1560
cg00152646	0.22286820450263767	1560
cg12750446	0.2228668808494575	1560
cg20961939	0.22286674604967574	1560
cg23949969	0.2228666867326901	1560
cg12646044	0.22286655648192058	1560
cg13090058	0.22286500969436485	1560
cg02716401	0.2228648961554847	1560
cg13156589	0.2228633140389093	1560
cg27432331	0.2228628074996045	1560
cg05734877	0.22286236679983917	1560
cg21754609	0.22286182074024852	1560
cg22873986	0.22285062537647288	1560
cg19318889	0.22284938395646786	1560
cg07758428	0.22284772229096103	1560
cg01951489	0.22284767761963284	1560
cg26004664	0.22284646570350025	1560
cg02377900	0.2228462789413601	1560
cg26082320	0.2228457216896819	1560
cg04277319	0.22284340316167603	1560
cg25767901	0.2228415805218253	1560
cg14940698	0.22284009814043743	1560
cg27502072	0.22283993420699866	1560
cg12623695	0.2228391183667309	1560
cg10273217	0.22283823064064917	1560
cg08130783	0.2228347118359027	1560
cg14483161	0.22283457962446027	1560
cg13506224	0.22283391935131727	1560
cg26723331	0.22283252248259378	1560
cg16049468	0.22283188550280728	1560
cg21098787	0.22283145881816696	1560
cg18759743	0.2228296698739945	1560
cg19253612	0.22282780008175493	1560
cg25020319	0.22282643215598805	1560
cg23035638	0.22282109239960432	1560
cg23415176	0.22281947666117358	1560
cg24368962	0.22281838157290795	1560
cg01963870	0.22281623083044375	1560
cg16915659	0.22281589458288772	1560
cg11310756	0.2228126479021986	1560
cg12598767	0.22280797369484587	1560
cg05417729	0.22280636358798364	1560
cg16638425	0.22280597751659317	1560
cg17671577	0.22280582533652926	1560
cg13689497	0.22280557940479423	1560
cg04254595	0.22280521804058045	1560
cg21856744	0.222804762855337	1560
cg16571399	0.22280389721548383	1560
cg23308950	0.22280387508932234	1560
cg24861253	0.22280270695666313	1560
cg00928393	0.22280255324932868	1560
cg19865159	0.22279957024051983	1560
cg15976779	0.22279725860850116	1560
cg09230646	0.2227954387337938	1560
cg09743906	0.2227951575634257	1560
cg14119270	0.2227940499961909	1560
cg06219351	0.2227938491368455	1560
cg10269127	0.2227931167482081	1560
cg01561160	0.22279200195374754	1560
cg23793946	0.22279042981421185	1560
cg06205074	0.22279037355424733	1560
cg06568373	0.22278947202512978	1560
cg10815129	0.22278944035214693	1560
cg20829683	0.22278889438885013	1560
cg09067715	0.22278823682831952	1560
cg14287788	0.22278724174920272	1560
cg17240275	0.22278518707764156	1560
cg02489685	0.22278455418307863	1560
cg15961092	0.22278245288800674	1560
cg25161161	0.2227815996027862	1560
cg03265664	0.22278118862573063	1560
cg09416366	0.2227790905935522	1560
cg08524372	0.22277815343954108	1560
cg27536151	0.22277684735220543	1560
cg25028079	0.2227753998119046	1560
cg08919486	0.22277458465729566	1560
cg19832029	0.22277383423514496	1560
cg22791904	0.22277304314723287	1560
cg01690723	0.22277215875951042	1560
cg08480854	0.22277091681358088	1560
cg15006118	0.2227692798347231	1560
cg12831261	0.22276920572915535	1560
cg26381048	0.22276743896473683	1560
cg02957488	0.2227664027550657	1560
cg00733604	0.2227639174760983	1560
cg03700461	0.2227629836789784	1560
cg10533159	0.22276239939543538	1560
cg02552292	0.22276163856564327	1560
cg06236737	0.22276033613540405	1560
cg13025283	0.22275597174348521	1560
cg27175470	0.22275484032190698	1560
cg06850513	0.22275309296271215	1560
cg06747009	0.22275279369499407	1560
cg23949087	0.222751802728237	1560
cg11683966	0.22274997966479101	1560
cg00433292	0.22274925924627517	1560
cg07727721	0.22274893511522537	1560
cg01374918	0.22274835074891236	1560
cg25360485	0.22274801298421054	1560
cg13808594	0.22274623859488518	1560
cg20387695	0.22274209232214104	1560
cg04102459	0.22274167937652664	1560
cg00581617	0.22274130150482055	1560
cg22542699	0.22274035219721544	1560
cg20069090	0.22273835358815924	1560
cg15730967	0.22273772680481685	1560
cg00825130	0.222737190718946	1560
cg26932586	0.22273671286402344	1560
cg03395088	0.2227348940703345	1560
cg10601761	0.2227332175567844	1560
cg26951410	0.22273265202378995	1560
cg03541742	0.22273080026142086	1560
cg07284879	0.2227303296104473	1560
cg14424836	0.22272713077526238	1560
cg19634774	0.222723447930096	1560
cg12032396	0.22272081802683405	1560
cg11276203	0.22272026575718856	1560
cg09823077	0.22271907544235822	1560
cg05476452	0.2227185900963656	1560
cg00532319	0.22271847426948244	1560
cg05413258	0.22271776739175891	1560
cg03326306	0.2227163013206452	1560
cg08424446	0.22271553773343358	1560
cg02919569	0.22271482253003513	1560
cg01543197	0.22271314222826702	1560
cg06329547	0.2227074112755985	1560
cg05776408	0.22270641527746604	1560
cg09196456	0.222704083619486	1560
cg09394001	0.22270152415075906	1560
cg22687413	0.22269958955303618	1560
cg08554732	0.22269777917051242	1560
cg14612892	0.2226968486717512	1560
cg18543871	0.22269574302055162	1560
cg02632583	0.2226956883119301	1560
cg04289508	0.222695129788112	1560
cg27625897	0.22269355494027737	1560
cg06293719	0.2226898834129198	1560
cg19564264	0.22268932760983556	1560
cg24680078	0.22268801731321525	1560
cg01914744	0.22268499429128333	1560
cg09180512	0.22268447479390624	1560
cg23652734	0.2226831015370608	1560
cg10939569	0.22268248439111882	1560
cg24793265	0.22268208251262045	1560
cg22934785	0.22268056497042227	1560
cg18229710	0.22268028131011586	1560
cg20638357	0.22267478131666466	1560
cg26663560	0.2226729271473349	1560
cg14298589	0.2226700420519311	1560
cg07248461	0.22266728741174482	1560
cg05051369	0.2226656535312811	1560
cg05553082	0.22266554443226316	1560
cg24387101	0.22266551672444873	1560
cg03536745	0.22266136072308196	1560
cg17318716	0.22266124546400398	1560
cg10361298	0.2226601029916702	1560
cg17184326	0.22265952857665358	1560
cg24560898	0.22265689336291697	1560
cg02662873	0.22265597060171907	1560
cg23990682	0.2226509123906942	1560
cg06680609	0.22265029786848156	1560
cg00296894	0.22265022230921605	1560
cg11330329	0.22264973198169682	1560
cg24190377	0.22264817919549634	1560
cg12650267	0.22264518998370794	1560
cg08465526	0.2226418756882635	1560
cg06233745	0.22264102050422607	1560
cg15819808	0.22264080940721345	1560
cg08295498	0.22263920385721184	1560
cg24415118	0.22263920294242343	1560
cg08666833	0.22263911405374817	1560
cg27551169	0.22263887933040183	1560
cg16217343	0.2226381151001268	1560
cg18094896	0.22263745001681035	1560
cg13273548	0.22263373522341548	1560
cg12371895	0.22263214687136354	1560
cg24385839	0.2226318962218198	1560
cg22905368	0.22262385736469267	1560
cg15261462	0.22262380172341464	1560
cg15814675	0.22262298895554658	1560
cg05188358	0.22262179947210314	1560
cg20650515	0.22262160716715595	1560
cg08191993	0.22261820126750198	1560
cg12505230	0.22261765537741546	1560
cg01005441	0.22261619065921787	1560
cg14527458	0.2226155531392142	1560
cg04367866	0.22261409413455654	1560
cg04535829	0.22261183370617998	1560
cg03722643	0.22261174192444547	1560
cg22975920	0.22260863817439275	1560
cg25057157	0.22260327323832224	1560
cg15573861	0.22260197354642983	1560
cg08158799	0.2226014168494898	1560
cg07675687	0.2225996857075879	1560
cg06873315	0.22259758682981967	1560
cg09735869	0.22259294316934555	1560
cg25512107	0.22258960528408625	1560
cg07900715	0.22258955783227796	1560
cg04347554	0.22258826956700153	1560
cg09320337	0.22258754876401532	1560
cg07481169	0.2225873841883791	1560
cg13649681	0.22258659976032086	1560
cg26030804	0.22258570038216113	1560
cg20971527	0.22258549977268588	1560
cg03743462	0.222584850449007	1560
cg02617981	0.22258459136335548	1560
cg10546562	0.22258437538530385	1560
cg13447416	0.22258242428190986	1560
cg00938266	0.2225821411606205	1560
cg00206853	0.2225819779657699	1560
cg18828816	0.22258190592107774	1560
cg06024623	0.22258146099670192	1560
cg11478233	0.22257872160890305	1560
cg22846516	0.22257812447410721	1560
cg01990874	0.22257733398632412	1560
cg13331446	0.22257716826591073	1560
cg16663073	0.22257538207190364	1560
cg00056489	0.22257370415634564	1560
cg12995149	0.22257303464568703	1560
cg05536439	0.2225727363133887	1560
cg16197528	0.22257231019507315	1560
cg06961313	0.22257121540418565	1560
cg20917551	0.22256985114419245	1560
cg24885442	0.22256943605337604	1560
cg09382618	0.22256865624866565	1560
cg06790171	0.2225681672076665	1560
cg22219795	0.2225680707638917	1560
cg14168941	0.22256557996841153	1560
cg02423659	0.22256115460782927	1560
cg03435866	0.22256087946008915	1560
cg24986915	0.2225603387121132	1560
cg19599827	0.2225591552134621	1560
cg22462856	0.2225587888438443	1560
cg22240800	0.22255492675971533	1560
cg23627022	0.22255397260395465	1560
cg00646185	0.22255395691648047	1560
cg24789587	0.22255063981348622	1560
cg15007646	0.22254925159843553	1560
cg27173374	0.2225476874855283	1560
cg23338737	0.22254709265513958	1560
cg19481737	0.2225465349784449	1560
cg16539640	0.2225435916807008	1560
cg16012536	0.22254358133203744	1560
cg17741977	0.22254193505033315	1560
cg25165171	0.22254065238777893	1560
cg23735973	0.22253695813421562	1560
cg01274916	0.22253534005456618	1560
cg23867903	0.2225351564939045	1560
cg12278738	0.22253313053911758	1560
cg12205822	0.22253239607637507	1560
cg14551938	0.22253119434138766	1560
cg14593418	0.22253101017844729	1560
cg21095808	0.22253023450201687	1560
cg06722870	0.22252893454713457	1560
cg20065718	0.22252569708499936	1560
cg26706652	0.2225245066248445	1560
cg22868225	0.22252366355202877	1560
cg10935064	0.2225214205357976	1560
cg02833016	0.22252036523243857	1560
cg13740515	0.2225203001678637	1560
cg09407712	0.22251718332780018	1560
cg18737257	0.22251672631013528	1560
cg26215143	0.2225164688418065	1560
cg02094049	0.2225153756938604	1560
cg25314216	0.2225135359414225	1560
cg10440939	0.2225117116361537	1560
cg19726320	0.22251118006775386	1560
cg00471309	0.22251112415177374	1560
cg02300356	0.2225109021331422	1560
cg04477515	0.2225088659298601	1560
cg18919072	0.22250879464842785	1560
cg27394817	0.22250482689908624	1560
cg23213158	0.22250097647320272	1560
cg04206025	0.22249680818848688	1560
cg08609037	0.2224955130263687	1560
cg15085989	0.22249523858389478	1560
cg11948988	0.22249384209592932	1560
cg14023367	0.22249231847624756	1560
cg23262827	0.2224923138944518	1560
cg22809418	0.22249198124573338	1560
cg12287206	0.22249178913980494	1560
cg08081659	0.22249156659675928	1560
cg04440597	0.2224911344816243	1560
cg09396850	0.22248924747041107	1560
cg23536372	0.2224891355116691	1560
cg15051795	0.22248747410333955	1560
cg03243595	0.22248714460671923	1560
cg27325462	0.2224870856837169	1560
cg19688652	0.2224852877400259	1560
cg24801889	0.2224800234158003	1560
cg26408861	0.22247946707480162	1560
cg09192732	0.22247654041732073	1560
cg19454262	0.22247502018411855	1560
cg08734053	0.22247458567418266	1560
cg14078235	0.22247299354414474	1560
cg20255933	0.22247182696138307	1560
cg18581292	0.22247006335460467	1560
cg12991127	0.2224669907913076	1560
cg07478240	0.2224661644164115	1560
cg13859183	0.22246398528269962	1560
cg22257667	0.2224600820588138	1560
cg00432497	0.22245966626880276	1560
cg10239600	0.22245590827101305	1560
cg07697189	0.22245216660317507	1560
cg26696906	0.2224521168234029	1560
cg24780086	0.22244910359715767	1560
cg13503050	0.22244626778960397	1560
cg03102034	0.22244489452423213	1560
cg07140885	0.22244444713625441	1560
cg19577532	0.2224439045810669	1560
cg05016066	0.22244160696520499	1560
cg19681357	0.22244151174634055	1560
cg16247207	0.2224397277804009	1560
cg13898697	0.22243855409885288	1560
cg03266158	0.2224375711563828	1560
cg21679825	0.22243675719929176	1560
cg24975638	0.2224367215682941	1560
cg09623162	0.22243221134857047	1560
cg10783050	0.22243204239166045	1560
cg10032110	0.22243030921293624	1560
cg12362404	0.2224301376647432	1560
cg23395165	0.22242683856345952	1560
cg08211068	0.22242632184490307	1560
cg09013068	0.22242611228035766	1560
cg00070235	0.22242584173185448	1560
cg11941230	0.22242347577241933	1560
cg04635340	0.2224232160407982	1560
cg05622550	0.222421838700485	1560
cg13314057	0.22242150398544147	1560
cg07442105	0.22242118058309973	1560
cg10900351	0.22242108758640877	1560
cg20492799	0.2224196913093419	1560
cg17380475	0.22241962775107868	1560
cg02697781	0.22241696253088566	1560
cg09633140	0.22241669989572044	1560
cg15901199	0.22241263968024336	1560
cg15692862	0.22241216168811836	1560
cg15425061	0.22241115008919896	1560
cg18359782	0.2224105837095271	1560
cg14043593	0.22240725869516018	1560
cg24757797	0.2224050287504339	1560
cg04068989	0.2224046433887173	1560
cg26243635	0.22240268696789656	1560
cg00334293	0.22240210253406958	1560
cg18543993	0.2224015793367343	1560
cg16054278	0.22240145445775023	1560
cg00382227	0.22239977274457176	1560
cg22881499	0.22239758139958282	1560
cg19746719	0.22239692587140944	1560
cg01483505	0.2223958979175699	1560
cg14638384	0.22239561707945382	1560
cg11373557	0.22239499187052028	1560
cg02292055	0.22239403515376044	1560
cg20155064	0.22239151269967178	1560
cg21961506	0.22239083003429144	1560
cg06575876	0.22238916180817694	1560
cg14878009	0.2223890560582588	1560
cg05728337	0.22238845153586287	1560
cg20457683	0.22238688305688548	1560
cg23041250	0.2223861052682003	1560
cg20215982	0.22238415738169234	1560
cg00954771	0.2223837253135189	1560
cg24757850	0.22238018133651377	1560
cg19714454	0.22237614335749722	1560
cg25365544	0.22237456644866335	1560
cg23475278	0.22237418783877683	1560
cg11972327	0.22237322383823252	1560
cg07628300	0.22237195243150656	1560
cg12423338	0.2223704370709433	1560
cg24447680	0.22236759490046057	1560
cg25649283	0.22236553696356628	1560
cg15838833	0.22236544735851793	1560
cg09579209	0.2223649135078885	1560
cg18878378	0.22236155562829701	1560
cg21499685	0.2223601739947197	1560
cg18867605	0.22235990392621383	1560
cg25049295	0.22235943920663753	1560
cg02106978	0.22235705709699363	1560
cg21659397	0.22235625305301196	1560
cg21796322	0.2223553438317969	1560
cg02103891	0.22235122884471195	1560
cg16034336	0.22235072836167694	1560
cg11609668	0.22234524714626794	1560
cg13925678	0.22234479253841666	1560
cg05745748	0.2223429180083219	1560
cg15978097	0.22234114618444717	1560
cg11203538	0.22234081069475753	1560
cg00781839	0.22234075502631095	1560
cg09177238	0.22233631955798297	1560
cg14524553	0.2223341230647655	1560
cg22485305	0.22233270015591988	1560
cg00339430	0.22233248641807804	1560
cg16483611	0.22233171658555184	1560
cg06793307	0.22233091561366178	1560
cg02918166	0.22233048055498386	1560
cg20723414	0.22233029071889943	1560
cg00918422	0.22232973328592623	1560
cg14079702	0.22232922192452576	1560
cg26947817	0.22232886977633975	1560
cg02566611	0.22232723996388468	1560
cg08642538	0.22232683938307593	1560
cg03640864	0.22232481060715634	1560
cg18976859	0.2223234689156215	1560
cg01977756	0.22232205072352174	1560
cg05877783	0.22232167209501466	1560
cg21490161	0.22232136931432028	1560
cg27573593	0.22231678358424903	1560
cg22677065	0.22231341825295248	1560
cg12432983	0.22231221385595257	1560
cg00291329	0.22230764218558924	1560
cg00437048	0.22230759556010662	1560
cg20561661	0.2223066630838476	1560
cg22697001	0.2223060972868263	1560
cg01216078	0.22230385213790443	1560
cg05841486	0.22230018816401798	1560
cg07505159	0.22230009743315493	1560
cg22114954	0.22229830210839663	1560
cg07126635	0.2222972998102827	1560
cg20100671	0.22229694511552273	1560
cg19179667	0.22229270856714764	1560
cg04841024	0.2222914695745799	1560
cg11553868	0.22229073621034132	1560
cg17476389	0.2222885336226934	1560
cg06818327	0.22228850675522974	1560
cg24009995	0.22228738923718266	1560
cg05757062	0.2222865992583471	1560
cg24245285	0.2222825205517186	1560
cg24312412	0.22227778456932046	1560
cg27267900	0.22227714076353253	1560
cg00021152	0.22227443429995078	1560
cg10940698	0.222273871194599	1560
cg03084158	0.22227173423975843	1560
cg02974329	0.22227105886926793	1560
cg25648211	0.22226607933236656	1560
cg01727854	0.22226565860208092	1560
cg00693769	0.2222648449370166	1560
cg06295071	0.22226458617092837	1560
cg12470492	0.22226319671285885	1560
cg21462970	0.22226240406740372	1560
cg22108809	0.22226235895143465	1560
cg25060388	0.2222623411195399	1560
cg03681679	0.22225995885175379	1560
cg13774505	0.22225787129545066	1560
cg10132104	0.2222577803708546	1560
cg25597267	0.22225773658351214	1560
cg11025519	0.22225388175555694	1560
cg19106851	0.22225301413099083	1560
cg07060383	0.22225220067315296	1560
cg16195430	0.22225062459821437	1560
cg23714705	0.22225058753574503	1560
cg02542872	0.2222495299664876	1560
cg27182321	0.22224893151618927	1560
cg07152030	0.22224803843057447	1560
cg05823577	0.2222477003315177	1560
cg14695947	0.2222468875902951	1560
cg13722999	0.22224648536532474	1560
cg10494257	0.222244538771075	1560
cg11368281	0.22224405694593574	1560
cg16416578	0.22224348606954109	1560
cg24199453	0.22224248845699046	1560
cg07937270	0.22224137244480527	1560
cg22675207	0.2222409381574253	1560
cg04738447	0.2222401001189554	1560
cg00146249	0.2222396521582867	1560
cg18976571	0.2222392962399118	1560
cg26794970	0.22223889879074527	1560
cg17976731	0.22223736694541274	1560
cg07992519	0.22223662119523363	1560
cg26830192	0.22223553385170372	1560
cg13197308	0.22223463241207503	1560
cg22678065	0.22223380188578765	1560
cg03473125	0.22223280788797115	1560
cg04836612	0.22223215892201126	1560
cg18059215	0.22222852640715796	1560
cg13920100	0.22222773848346358	1560
cg03963049	0.2222273293713567	1560
cg09327694	0.2222269702421295	1560
cg09378743	0.2222268300120299	1560
cg09549170	0.22222658783140328	1560
cg07532930	0.22222581642048633	1560
cg14780777	0.22222392838651925	1560
cg07335671	0.22222314858144288	1560
cg06128358	0.2222226661689382	1560
cg08609400	0.22222182307824645	1560
cg03906996	0.22222154743302	1560
cg23111837	0.22222047533491762	1560
cg01212848	0.22222028497962132	1560
cg17038902	0.22221986017208784	1560
cg07146723	0.22221671321414357	1560
cg04388767	0.2222163524295138	1560
cg03239665	0.22221622550864323	1560
cg07983659	0.2222140748664695	1560
cg08865208	0.22221180234047358	1560
cg06852605	0.22221043778082541	1560
cg09492893	0.22220962156869373	1560
cg01835319	0.22220892767705644	1560
cg05177065	0.2222085394952388	1560
cg16261348	0.2222076691525812	1560
cg14976190	0.2222064650989009	1560
cg21461745	0.22220621853171182	1560
cg26403748	0.22220616761662482	1560
cg07927953	0.2222059702951153	1560
cg04742511	0.22220513159124763	1560
cg20325060	0.2222028048816148	1560
cg04230253	0.22220127235824333	1560
cg20104243	0.22219872222558817	1560
cg19228665	0.22219829819721762	1560
cg12280406	0.222196774664316	1560
cg04591563	0.22219665910728673	1560
cg05078611	0.22219571590934692	1560
cg23896431	0.2221931283349617	1560
cg15514283	0.22219233862025622	1560
cg06427772	0.2221915200263945	1560
cg20444525	0.2221913027238374	1560
cg20745568	0.22219065835964738	1560
cg06758781	0.22219023577063005	1560
cg20720326	0.22218852175047843	1560
cg08386897	0.22218757134064113	1560
cg25230043	0.222187111421842	1560
cg00322261	0.22218621378268125	1560
cg13928146	0.2221853631217766	1560
cg23421092	0.22218343696856888	1560
cg21618501	0.22218342030876473	1560
cg25026456	0.22218180492528272	1560
cg08927260	0.222180667793155	1560
cg27432864	0.22218026770045404	1560
cg03168501	0.22217840650869092	1560
cg17602566	0.2221764769597609	1560
cg21022949	0.22217581182519777	1560
cg24935452	0.22217436678938599	1560
cg11876012	0.22217259973446135	1560
cg12053136	0.2221701914437845	1560
cg15730555	0.22216833041714787	1560
cg19780829	0.2221676202708599	1560
cg04508649	0.2221670092559014	1560
cg25375029	0.22216502524977558	1560
cg26932690	0.22216459485401982	1560
cg23153585	0.22216447849998855	1560
cg13556387	0.22216333614646472	1560
cg25621518	0.2221625242693977	1560
cg25699218	0.2221603750623764	1560
cg12690066	0.22215923099507054	1560
cg08611472	0.2221543571276267	1560
cg10830310	0.22215147140037383	1560
cg12385370	0.22215129876667516	1560
cg10249098	0.22214685131443118	1560
cg24601355	0.22214636573813945	1560
cg02219147	0.22214513474443742	1560
cg17051395	0.22214400841726017	1560
cg05541867	0.22214373230410006	1560
cg00469995	0.22214062687992303	1560
cg25059070	0.22213920359036085	1560
cg10176667	0.22213615822722405	1560
cg08136110	0.22213560745755864	1560
cg26526983	0.22213506582341727	1560
cg23704703	0.22213408938929866	1560
cg16788436	0.2221318015533872	1560
cg02542257	0.22213105486509382	1560
cg23229155	0.22213059469443458	1560
cg14568032	0.22213036433088013	1560
cg02695704	0.22213031797087637	1560
cg25971649	0.22213015844970518	1560
cg14249008	0.22212998908356948	1560
cg08440178	0.22212876918653104	1560
cg18809991	0.22212528231435955	1560
cg04305427	0.22212196663853997	1560
cg20516763	0.22212191037408344	1560
cg17891735	0.22212165205126436	1560
cg25726269	0.22211977112951098	1560
cg18923933	0.22211963688154718	1560
cg26169632	0.22211936518519654	1560
cg04415132	0.2221178600685768	1560
cg25104648	0.22211756779682842	1560
cg08752947	0.22211670056259958	1560
cg01911678	0.2221162945806716	1560
cg13691901	0.22211503364373356	1560
cg16281234	0.2221141854643159	1560
cg04621455	0.2221134287612257	1560
cg18801800	0.22211307036219416	1560
cg00345792	0.22211206539256098	1560
cg12748608	0.22211060763896937	1560
cg08100536	0.22211012600376664	1560
cg06349909	0.22210662731950426	1560
cg09951320	0.22210367200502534	1560
cg16432235	0.22210231583625997	1560
cg16773115	0.22210215942558853	1560
cg02697246	0.22210206541130403	1560
cg27125798	0.22210043312073002	1560
cg18089670	0.22209861695183414	1560
cg26554170	0.22209844148634977	1560
cg00783549	0.22209834720768248	1560
cg14044874	0.2220980767140911	1560
cg22376366	0.22209799467729416	1560
cg25961882	0.22209288176016703	1560
cg26462212	0.2220928642491382	1560
cg27221338	0.22209254881998003	1560
cg06390041	0.22209144287565788	1560
cg24156903	0.22209019285803241	1560
cg04840669	0.22208994125185738	1560
cg24576940	0.22208949792334529	1560
cg10085623	0.2220892382732577	1560
cg07056242	0.2220854258186011	1560
cg19001199	0.22208233648625045	1560
cg01715360	0.22208063941882328	1560
cg06849860	0.22207938714021155	1560
cg06653151	0.2220789747364124	1560
cg08918206	0.22207792536057364	1560
