cpg_id	beta_variance	n_observed
cg18005972	0.23892419883066404	1560
cg11709150	0.23804635610671956	1560
cg19602374	0.23787672497680099	1560
cg10925417	0.2376776776847444	1560
cg03633073	0.23766635076073778	1560
cg04821387	0.23761070095472875	1560
cg02761960	0.23759863303183787	1560
cg11229315	0.23757187302011162	1560
cg15013257	0.23751731470195955	1560
cg20024953	0.2374128711352686	1560
cg03620623	0.23739687352246022	1560
cg02360155	0.23737286908046912	1560
cg03015899	0.23732207850326234	1560
cg01923549	0.2372020871884624	1560
cg24247425	0.23714238202494295	1560
cg25675027	0.23712233990245038	1560
cg18764372	0.2370450474798442	1560
cg08940097	0.23697593632793795	1560
cg15876513	0.23692457057861654	1560
cg27598661	0.23691814607350814	1560
cg26751440	0.23688119664128737	1560
cg06962421	0.23681018470921	1560
cg14839905	0.23674728081535043	1560
cg04296903	0.23674383114732098	1560
cg10444066	0.23673741729201078	1560
cg05059458	0.23672241483229167	1560
cg10632969	0.2367166203590418	1560
cg17129028	0.23669355075973456	1560
cg07569018	0.23667463888460097	1560
cg25216538	0.23667205382769504	1560
cg16706374	0.2366428965864836	1560
cg25007781	0.23651177493425737	1560
cg12577695	0.2365047622607176	1560
cg25837207	0.23647138166318274	1560
cg20636319	0.23645046785686719	1560
cg24232053	0.2364172866959316	1560
cg02667487	0.23639725232153785	1560
cg27198114	0.2363871541686574	1560
cg06785624	0.23635761371062405	1560
cg07341141	0.23633434509796852	1560
cg23192255	0.236321260450996	1560
cg03465880	0.23632093533984344	1560
cg02513392	0.2363164271612211	1560
cg26961332	0.23630572041120967	1560
cg17026072	0.23629116654370647	1560
cg23080013	0.23626767890763123	1560
cg22158723	0.2362609830001594	1560
cg17086759	0.2362426421516869	1560
cg06530270	0.23621404079264052	1560
cg26709693	0.2361943385173364	1560
cg10782633	0.23617980491213306	1560
cg22795216	0.23616591354033822	1560
cg25473203	0.23616133967745917	1560
cg15369608	0.23613535433257132	1560
cg25834632	0.2361122038203389	1560
cg09355190	0.2360907524237377	1560
cg27452185	0.23606276205391208	1560
cg12026479	0.23605495494450374	1560
cg24965497	0.23605467162298385	1560
cg03570498	0.23602678605128774	1560
cg09787554	0.23598534097234256	1560
cg24919342	0.23598285009011696	1560
cg12829687	0.2359479585853596	1560
cg13458561	0.23591462177273798	1560
cg12474748	0.23587807851457637	1560
cg26675182	0.2358765261865941	1560
cg14418275	0.23586882393974584	1560
cg16381253	0.23586778045367338	1560
cg23245800	0.2358569066882163	1560
cg08106487	0.23583394130799132	1560
cg02264195	0.23580377076411765	1560
cg23024824	0.23570525481109836	1560
cg20108119	0.23567929782746713	1560
cg10444528	0.23567910007528856	1560
cg03522766	0.23564715532243283	1560
cg07738938	0.2356304964795684	1560
cg03382841	0.23562500409412274	1560
cg01776495	0.23562209522273772	1560
cg10346758	0.235611573561625	1560
cg04142643	0.23561020722269185	1560
cg18075761	0.23560828393777128	1560
cg07591937	0.23560529784052708	1560
cg23834688	0.23559482706103033	1560
cg10464529	0.23557599385118386	1560
cg11594683	0.2355596411527942	1560
cg23630758	0.23555281310074194	1560
cg01473128	0.23554236360881503	1560
cg10106095	0.2355277719402584	1560
cg02414650	0.2355104935206926	1560
cg16582214	0.23550528574683813	1560
cg09268800	0.2354725070292731	1560
cg10547205	0.23544121769159293	1560
cg21188017	0.23543238355466034	1560
cg08123749	0.23543205186934688	1560
cg08851851	0.23542882998940592	1560
cg18099632	0.23542256526667385	1560
cg07221103	0.23541241255770054	1560
cg27393769	0.2353854390701239	1560
cg01353515	0.23538522562535608	1560
cg05992875	0.23538135019145753	1560
cg05540617	0.235370179947787	1560
cg04357685	0.23535688568142496	1560
cg01296694	0.23532651735508558	1560
cg14546712	0.2353251245704473	1560
cg00150989	0.23531855781440997	1560
cg14354430	0.23531040392780053	1560
cg05770241	0.23530043299203554	1560
cg11761615	0.23529594893009786	1560
cg20332471	0.23528898955189273	1560
cg13903917	0.23527636219310455	1560
cg25753567	0.23524824789818397	1560
cg16399855	0.23524310665802142	1560
cg24304658	0.23521173709437607	1560
cg19879265	0.2351756906103164	1560
cg23930681	0.2351746902752159	1560
cg15862271	0.23517140297867298	1560
cg23411318	0.23512115004835296	1560
cg26863085	0.23511377516216542	1560
cg22092111	0.2350593079641136	1560
cg02793262	0.23505675407298837	1560
cg21928783	0.2350536455077367	1560
cg27197524	0.23502347726222653	1560
cg05800377	0.235013153556069	1560
cg17676806	0.23500778896994087	1560
cg01800442	0.23500753818987422	1560
cg17522877	0.2350016698270479	1560
cg21581283	0.23498824257837647	1560
cg08643618	0.23497874615541942	1560
cg01367666	0.23496825986514702	1560
cg27417659	0.23496345862592583	1560
cg12006733	0.23495032825203835	1560
cg06714360	0.2349414910673003	1560
cg00241650	0.23493393415037434	1560
cg23349227	0.23489469275013083	1560
cg22705204	0.23488427416969554	1560
cg03051577	0.23487818682578274	1560
cg00274365	0.23487332414077938	1560
cg18958339	0.2348545517946474	1560
cg06765579	0.2348463105055917	1560
cg17243540	0.23483435301484334	1560
cg02660119	0.23482795781275073	1560
cg22630768	0.23479204030419856	1560
cg17602885	0.23476345729482645	1560
cg01382281	0.23475576755526928	1560
cg23674904	0.23475297081266097	1560
cg11300369	0.23474606787128957	1560
cg24425342	0.23472486246340643	1560
cg13686648	0.23472259585019348	1560
cg24429081	0.2346943121796251	1560
cg08779067	0.234679215369427	1560
cg13629201	0.23467681008223387	1560
cg23586121	0.23466389987384834	1560
cg25454298	0.2346557503775324	1560
cg11369662	0.23464872129456985	1560
cg13846960	0.23464523423706835	1560
cg00387107	0.23463562436565855	1560
cg13959595	0.23462037689357423	1560
cg27393146	0.2345839808678924	1560
cg17743085	0.23457492115002118	1560
cg21454386	0.23456025530592767	1560
cg24701867	0.234542134475392	1560
cg00090103	0.23451842092423877	1560
cg26769118	0.23448970251725926	1560
cg04591132	0.2344847483965397	1560
cg14751199	0.2344840934692053	1560
cg11676546	0.23446869180785568	1560
cg23500559	0.23445526829228153	1560
cg24083302	0.23444313764316457	1560
cg04320956	0.23443179557705585	1560
cg13671128	0.23442532507747263	1560
cg05972308	0.234414902710111	1560
cg02847389	0.23441093955372103	1560
cg04710198	0.23440991327990096	1560
cg03483654	0.2344088830298672	1560
cg24524522	0.23440761304985921	1560
cg23980196	0.23440347334061074	1560
cg26606899	0.23438956556568624	1560
cg02831329	0.23437125812350587	1560
cg14571130	0.23437070205878924	1560
cg10125522	0.2343691455678522	1560
cg07130416	0.23436164140589963	1560
cg21624342	0.2343612251649927	1560
cg26505371	0.23434296235769517	1560
cg01678790	0.23432135189548006	1560
cg05859395	0.23430924962146393	1560
cg24063645	0.23430630220165458	1560
cg25279922	0.23429730177135605	1560
cg06320420	0.23429700716633706	1560
cg24810646	0.2342963831148666	1560
cg23688334	0.23429448509509096	1560
cg12203543	0.23429437605142653	1560
cg09187098	0.23428272677870926	1560
cg14068146	0.23428068309706584	1560
cg21404792	0.23427063358731898	1560
cg12334911	0.2342657886919673	1560
cg00034650	0.23426529216960648	1560
cg19614694	0.23423198086794228	1560
cg23946858	0.23422374529792556	1560
cg03667641	0.23422181031805206	1560
cg13889221	0.2342203737613518	1560
cg14403770	0.23420682314854133	1560
cg26058289	0.23420623630972767	1560
cg11817453	0.23419018947804768	1560
cg13735223	0.2341862819306162	1560
cg00148867	0.2341830452546695	1560
cg17893857	0.23417249934923315	1560
cg01290644	0.23417220862039156	1560
cg14195198	0.23417108598631772	1560
cg11214430	0.23415604859527414	1560
cg05271536	0.2341490872189088	1560
cg00038239	0.2341408904084027	1560
cg18592294	0.23414001134431953	1560
cg22053042	0.2341314933103545	1560
cg26188814	0.2341276210135958	1560
cg16798694	0.2341258873448435	1560
cg08085917	0.23412069095035118	1560
cg01288350	0.23410418729094365	1560
cg20299151	0.23409947036331605	1560
cg11731745	0.23409375771061675	1560
cg07984614	0.23408192303869008	1560
cg02008951	0.23407657985832664	1560
cg26104926	0.23407384165615033	1560
cg23253914	0.23407232455862106	1560
cg15969606	0.23407142627124503	1560
cg19651246	0.23407065462029247	1560
cg22022973	0.23404752186098976	1560
cg08246323	0.23404136163780684	1560
cg19640789	0.23403895308097386	1560
cg22066321	0.2340305196643029	1560
cg10788674	0.23402382095499283	1560
cg01402832	0.23401840769898843	1560
cg23904442	0.23401760217717438	1560
cg11762838	0.23400867162428884	1560
cg12208381	0.23399307913735623	1560
cg04527260	0.2339927983213191	1560
cg23961530	0.23398780539194286	1560
cg23645931	0.233973544924826	1560
cg00660655	0.2339644764148335	1560
cg12517318	0.23395152026108298	1560
cg01036050	0.23394901442628255	1560
cg06106265	0.23394411613645652	1560
cg02198617	0.23394343510963106	1560
cg05505758	0.23393855806523392	1560
cg14406074	0.23393456227530682	1560
cg05139081	0.23393419052295414	1560
cg07215511	0.23392297090105596	1560
cg03159563	0.23391792436045256	1560
cg02144266	0.23391790609638421	1560
cg04361015	0.23390986082579138	1560
cg11686901	0.23390731819641117	1560
cg20735914	0.23390648218467708	1560
cg12714793	0.23388708111655415	1560
cg27554347	0.23386756898957425	1560
cg05983723	0.2338673599141716	1560
cg22811668	0.23384678551165114	1560
cg02520729	0.2338270810944922	1560
cg03960654	0.23382148070176445	1560
cg18505103	0.23380644616650126	1560
cg19321730	0.23379314416413996	1560
cg25411327	0.23377319097009353	1560
cg12894883	0.233763794176307	1560
cg04670766	0.23375602594529526	1560
cg07781087	0.23373790875283426	1560
cg01099470	0.2337293821012417	1560
cg08288795	0.23372542826858356	1560
cg18936378	0.23371688230065218	1560
cg06743060	0.23369907056894576	1560
cg25551362	0.23369440550822257	1560
cg10220806	0.2336930895645153	1560
cg18085405	0.23369019802612598	1560
cg22301664	0.23368981857854826	1560
cg05470468	0.23368758902613823	1560
cg03818569	0.2336863585762689	1560
cg02426307	0.23368303781557723	1560
cg27336518	0.23367895152882232	1560
cg17559031	0.23367520720005197	1560
cg12044293	0.2336724305167484	1560
cg24391931	0.23365237363298777	1560
cg19968916	0.2336470026738027	1560
cg26927285	0.2336438952123729	1560
cg13351114	0.2336375572446509	1560
cg00650088	0.2336353830879858	1560
cg20078054	0.2336348077471631	1560
cg01018726	0.2336246499999122	1560
cg24710938	0.2336092877774881	1560
cg16656196	0.23360723588161897	1560
cg12153709	0.23360637756588853	1560
cg09061454	0.233606334516199	1560
cg05337258	0.23360257895993944	1560
cg11466523	0.23359688666977715	1560
cg19426459	0.2335832494897611	1560
cg24359671	0.23357950401735775	1560
cg16760008	0.2335770773313678	1560
cg05134769	0.23356412617930156	1560
cg16176929	0.23355529173140846	1560
cg06846819	0.23355450572971137	1560
cg14377739	0.2335337546174599	1560
cg13985767	0.23352888503508362	1560
cg23874145	0.23352560433374112	1560
cg21666768	0.23350796415211225	1560
cg20517764	0.23350411085181053	1560
cg14181009	0.23349301697466154	1560
cg24688721	0.2334553158288878	1560
cg15920131	0.23345311756806084	1560
cg23871388	0.23345263606376415	1560
cg20592656	0.2334524675780849	1560
cg09758975	0.23344491169052328	1560
cg14560339	0.23344152787408828	1560
cg02379684	0.23343199987259353	1560
cg19695415	0.23343065896420143	1560
cg17181956	0.2334276086939233	1560
cg18798086	0.2334142090970198	1560
cg07335397	0.23341169023068875	1560
cg27066067	0.2334077647584037	1560
cg04423627	0.23340561047104794	1560
cg12353589	0.2334025602192933	1560
cg18807030	0.23339849408898067	1560
cg21940081	0.23339389884741973	1560
cg08330572	0.23339205815786906	1560
cg06480238	0.23339078259309637	1560
cg23909802	0.233385525742892	1560
cg21986781	0.2333823155435155	1560
cg05141709	0.2333815204607093	1560
cg08391848	0.23337917079443735	1560
cg24010988	0.2333788163138269	1560
cg12680957	0.2333787200336838	1560
cg19275838	0.2333768275881618	1560
cg09443652	0.23337093953522078	1560
cg06689990	0.23336770995274064	1560
cg08755156	0.23336631230003949	1560
cg13488284	0.23336100729153544	1560
cg03484612	0.2333542959821889	1560
cg18783047	0.23335421190163574	1560
cg08331344	0.23335208473564586	1560
cg26159030	0.2333502601107047	1560
cg06550018	0.23335013330602475	1560
cg12028762	0.23333190157758738	1560
cg14524775	0.23332731723942932	1560
cg16729538	0.23331603919140415	1560
cg10642957	0.23331166679638127	1560
cg00990635	0.23327994763736695	1560
cg02537268	0.2332741793254274	1560
cg00710249	0.2332719616065162	1560
cg13455067	0.23326816968776176	1560
cg06096175	0.2332564832043359	1560
cg21270593	0.23324692642138636	1560
cg16426149	0.23323273286748467	1560
cg00454856	0.23323191090958648	1560
cg23546207	0.23322676640532441	1560
cg00356769	0.2332223390666818	1560
cg08656053	0.23321333927891288	1560
cg19924719	0.23320188635007033	1560
cg06900650	0.23319435678010608	1560
cg04895640	0.2331847551117351	1560
cg26719943	0.2331712565932398	1560
cg02614683	0.23317036570317706	1560
cg10383396	0.23317004168778677	1560
cg18197866	0.233164791040971	1560
cg01225086	0.23315742736362788	1560
cg01724941	0.23314332726879897	1560
cg07478335	0.23314109820546128	1560
cg22018329	0.23313870465192355	1560
cg22745355	0.23313349377605025	1560
cg01417692	0.23312860146185424	1560
cg25267284	0.23311853367535806	1560
cg15784006	0.23311701768520818	1560
cg09271671	0.23311489951347983	1560
cg19523618	0.23311412203665757	1560
cg24477778	0.23310290564809236	1560
cg07861463	0.23309870071697159	1560
cg04197482	0.23309521832250482	1560
cg17927889	0.23309381992046818	1560
cg18668041	0.23308974026467436	1560
cg26070281	0.2330841408116696	1560
cg05133009	0.23308276850906498	1560
cg24682801	0.2330804027501461	1560
cg13643966	0.23307863905998988	1560
cg15483030	0.2330696468254733	1560
cg15471825	0.23306593386601096	1560
cg26861219	0.233055804847539	1560
cg25919687	0.23304903542540348	1560
cg26965718	0.23303906927053195	1560
cg09304136	0.23302847990290335	1560
cg23842205	0.23302795924615585	1560
cg12411876	0.2330243238916027	1560
cg21474053	0.23302387106833486	1560
cg10280383	0.233016553967264	1560
cg13978767	0.2330155205165965	1560
cg15790839	0.2330152132719514	1560
cg09653758	0.2330147005051195	1560
cg10192483	0.23300687075833057	1560
cg14767944	0.2330058836114422	1560
cg18752987	0.23299063600681094	1560
cg12176815	0.23296525457076336	1560
cg02584624	0.23295847830875302	1560
cg09624953	0.23295711666339325	1560
cg00340847	0.2329506483928323	1560
cg00701992	0.23294621256205825	1560
cg03498038	0.23294510781229744	1560
cg07542287	0.23294373443409205	1560
cg09138524	0.23292209262405775	1560
cg13088465	0.23290268676764744	1560
cg02314166	0.23289902699756435	1560
cg10074347	0.23289803870050269	1560
cg13579661	0.23288978519726794	1560
cg24843246	0.23288473236399618	1560
cg00412239	0.23287417769116442	1560
cg24550683	0.23287106123312676	1560
cg06540149	0.2328670196080744	1560
cg04486506	0.23286345466554653	1560
cg27158386	0.23286154771854414	1560
cg24512544	0.2328584693721776	1560
cg26314566	0.23285561688798537	1560
cg19549465	0.23283689677591585	1560
cg02283353	0.232835581964567	1560
cg16931447	0.2328341533217735	1560
cg07664277	0.23282543719698237	1560
cg09432136	0.23282383136255994	1560
cg19092105	0.23281582306093768	1560
cg19554037	0.23281212285526784	1560
cg18496502	0.23280991079968702	1560
cg14073057	0.23280955510439424	1560
cg03599658	0.23280824929257318	1560
cg02796278	0.23279954743210274	1560
cg02332902	0.23279198293590253	1560
cg21059665	0.23279025944413848	1560
cg03142856	0.2327818841554956	1560
cg21911064	0.23277307669086972	1560
cg10268345	0.23277047173261314	1560
cg07501049	0.23275718931503886	1560
cg03355147	0.23275694415725967	1560
cg21392845	0.23275630341624062	1560
cg03900355	0.2327555528875481	1560
cg21131796	0.23274362006096938	1560
cg17947174	0.2327370878894157	1560
cg14681176	0.23273416738499395	1560
cg00639579	0.23273082434367068	1560
cg04806553	0.23272676266211395	1560
cg00879606	0.23271786791256094	1560
cg12984349	0.232716743000705	1560
cg24868883	0.23270913644329133	1560
cg04247530	0.23268943605655387	1560
cg06740354	0.23268875968599648	1560
cg13766489	0.2326873831682756	1560
cg00355315	0.23268309692243747	1560
cg03790189	0.2326815291194731	1560
cg12242062	0.23265631148529156	1560
cg03888765	0.232645003250885	1560
cg26721694	0.23262081703923487	1560
cg24676740	0.23261616810007035	1560
cg06857516	0.2326140407147273	1560
cg15076328	0.23261156209059644	1560
cg25709738	0.23259704939727396	1560
cg02164332	0.23259343627037699	1560
cg26652666	0.2325931610087548	1560
cg25461793	0.23259227859326542	1560
cg05363257	0.23258252393423462	1560
cg19719329	0.23258054223924463	1560
cg17449969	0.23255296529389793	1560
cg20182983	0.2325493088041978	1560
cg12883821	0.2325303257961828	1560
cg26876680	0.2325191868444384	1560
cg19893071	0.23250909564393896	1560
cg11144217	0.23250133767285117	1560
cg17410974	0.23249658009927496	1560
cg08671671	0.23249466226443338	1560
cg16553338	0.23249077790962525	1560
cg19857840	0.23247713437132658	1560
cg08978399	0.23247406791821623	1560
cg05172425	0.2324680366927661	1560
cg01108614	0.23245838312497025	1560
cg16353608	0.2324576321957219	1560
cg26182224	0.2324467646771	1560
cg17608440	0.23244547134858393	1560
cg26349395	0.23243547324850647	1560
cg26973953	0.23242823148185543	1560
cg24153754	0.23242693532971612	1560
cg14448086	0.2324257215929825	1560
cg00522555	0.23241261716653924	1560
cg02283624	0.23240822352494617	1560
cg12215609	0.23239390841606772	1560
cg07281948	0.23237334198962	1560
cg05396584	0.23237270957908046	1560
cg21069814	0.2323651093714711	1560
cg22934677	0.23236470000647408	1560
cg20311251	0.2323635608939796	1560
cg26970905	0.23235638344074871	1560
cg11180083	0.2323541115239145	1560
cg02190678	0.23235383456206563	1560
cg13823188	0.23235094701398906	1560
cg07548512	0.23234895878973866	1560
cg01848323	0.2323459050790273	1560
cg00160002	0.23233379810691762	1560
cg14202491	0.2323319550354125	1560
cg23691246	0.2323191733773854	1560
cg07697256	0.23231596204729	1560
cg08462942	0.23231588850135695	1560
cg03477043	0.23231109907274117	1560
cg17159680	0.23230124668777868	1560
cg05373567	0.23229960095459928	1560
cg18807843	0.2322974818060234	1560
cg04612776	0.23227443112886587	1560
cg00710721	0.23227082402154975	1560
cg09514524	0.23227058429229505	1560
cg20132862	0.23226185852484715	1560
cg08962167	0.23225974775891858	1560
cg15188808	0.23225765786948674	1560
cg03738868	0.23225753272520708	1560
cg04262179	0.23225646745654555	1560
cg15213689	0.23224015636703854	1560
cg05369582	0.23223640021663308	1560
cg09868359	0.23223456118122576	1560
cg17552368	0.23223171383106073	1560
cg08561895	0.232226667208794	1560
cg06285312	0.2322233565598687	1560
cg07508942	0.23221931571228246	1560
cg18470468	0.23221593809452587	1560
cg02744699	0.23221547264759992	1560
cg22687547	0.23221451424780162	1560
cg25721452	0.23221119968834167	1560
cg03680348	0.23221049913415506	1560
cg03997730	0.23220821082950388	1560
cg23402097	0.23220697570804105	1560
cg10258582	0.23219951145828832	1560
cg02515033	0.23219845493583544	1560
cg07394064	0.23218851917136182	1560
cg10172250	0.23218270188899956	1560
cg26963044	0.2321822557604157	1560
cg04953292	0.2321761902364334	1560
cg04645063	0.2321738639329589	1560
cg00179532	0.2321738067339088	1560
cg06520821	0.23217253067256244	1560
cg11055242	0.2321689847328735	1560
cg14262490	0.23216859374113807	1560
cg07300660	0.23216520440580626	1560
cg19215678	0.23216510556966852	1560
cg11026874	0.23216389033883225	1560
cg06332339	0.23215359104585526	1560
cg03307425	0.23214906976588126	1560
cg12542094	0.2321366934740538	1560
cg05360371	0.23213430225897022	1560
cg05087659	0.2321246131145171	1560
cg05297692	0.23211890735250132	1560
cg26547741	0.23210698336463986	1560
cg09869015	0.23210341147920643	1560
cg08212772	0.23210196374511866	1560
cg03760035	0.23209859654338702	1560
cg02519504	0.23208653230188703	1560
cg04140971	0.2320636451745931	1560
cg17352830	0.23206224358736594	1560
cg00554570	0.23205771575000564	1560
cg14155567	0.23205742576086555	1560
cg21010435	0.23205530801015795	1560
cg26923547	0.23205497972287378	1560
cg21393135	0.2320523798843604	1560
cg15221831	0.23204759497317803	1560
cg10004976	0.2320451050900654	1560
cg26791536	0.2320416541439373	1560
cg02969873	0.23203590810610755	1560
cg24139520	0.23203445825862332	1560
cg23475109	0.23202971339531578	1560
cg20116491	0.23201822662982693	1560
cg07838427	0.23201763589614186	1560
cg10665438	0.23200631771475766	1560
cg04850875	0.23199705579176869	1560
cg18401451	0.2319843983423763	1560
cg11115134	0.23198180999176482	1560
cg09902913	0.23197898712834686	1560
cg00360267	0.2319767329520111	1560
cg10004563	0.23197151854167744	1560
cg00810914	0.23196584447660906	1560
cg06515404	0.23196475572887673	1560
cg02593098	0.23195844360325962	1560
cg11449408	0.23195664899515014	1560
cg15945867	0.23195539953260305	1560
cg26011105	0.2319549709185582	1560
cg07291317	0.23193938513031612	1560
cg06704466	0.23193794513125685	1560
cg09275921	0.23193577398461857	1560
cg25618672	0.23193084720382906	1560
cg22808692	0.2319304991040541	1560
cg01300682	0.23193020035348194	1560
cg13751257	0.2319291978029923	1560
cg10571824	0.231925731398356	1560
cg25994616	0.2319230399971515	1560
cg27624702	0.23192246877992875	1560
cg02716147	0.23192110176410827	1560
cg06383648	0.2319149943381911	1560
cg20000946	0.23191302300724717	1560
cg09136099	0.2319103421375821	1560
cg15627457	0.23189568181389864	1560
cg19005991	0.23189420899493005	1560
cg20154489	0.2318877777506076	1560
cg16928293	0.2318868518011958	1560
cg05035248	0.23188376302107286	1560
cg22894589	0.23188211168471365	1560
cg27090289	0.2318685985847402	1560
cg26878675	0.23186770043008953	1560
cg07124492	0.23186457245628544	1560
cg07747923	0.23186423718208715	1560
cg01136335	0.2318603381691094	1560
cg18831841	0.2318559412652402	1560
cg06538774	0.23184705090039148	1560
cg16047223	0.23184538208082348	1560
cg06105987	0.23184491403210145	1560
cg20306425	0.23183744929210312	1560
cg15294361	0.23183278204244928	1560
cg12219387	0.23180936419325435	1560
cg06135574	0.23180420792100606	1560
cg21865157	0.23179945971472096	1560
cg03072616	0.23179763322884808	1560
cg21637015	0.23179383842616072	1560
cg20705804	0.2317867641836202	1560
cg01044465	0.23178335522368268	1560
cg03567028	0.23177988381325365	1560
cg07365623	0.2317788413711152	1560
cg13073870	0.23177738139337425	1560
cg02399233	0.23176667470511989	1560
cg21063361	0.23176010802385294	1560
cg27539858	0.23174754790281737	1560
cg02537800	0.23173935502937099	1560
cg14168002	0.2317308637454324	1560
cg03373490	0.23171294284761684	1560
cg00563300	0.23170342816431572	1560
cg14075627	0.23169374222985603	1560
cg20952452	0.23169061251103018	1560
cg12712270	0.23168893835722865	1560
cg05282968	0.23168021623743623	1560
cg18050295	0.23167740754788685	1560
cg11580575	0.23167276518254853	1560
cg09869144	0.23166977485043014	1560
cg17330505	0.23166933909032839	1560
cg04961397	0.23166599391193507	1560
cg05304461	0.2316648598364976	1560
cg14625425	0.2316624639933885	1560
cg13887016	0.23166060467553454	1560
cg25975165	0.2316598919868995	1560
cg13681781	0.23165974283173277	1560
cg25729807	0.2316552721481944	1560
cg04279832	0.23165408365962858	1560
cg08076462	0.2316430891295533	1560
cg03246954	0.23163438278409304	1560
cg08526784	0.23162481843837382	1560
cg00861411	0.23162005417939227	1560
cg14790739	0.23161002934435912	1560
cg15935257	0.23160444996081953	1560
cg24141991	0.23159507381039732	1560
cg16039342	0.23159402451564431	1560
cg24033503	0.23158916010880837	1560
cg17561243	0.2315854867632818	1560
cg09969487	0.2315824612119215	1560
cg05573287	0.23157634955022796	1560
cg01308252	0.2315723939586248	1560
cg09654908	0.23157199455475383	1560
cg25636354	0.2315711213657548	1560
cg02674562	0.23157076330203846	1560
cg04168590	0.2315696237965677	1560
cg09230661	0.2315682542888649	1560
cg24346858	0.23155554107203896	1560
cg24421091	0.2315555030728554	1560
cg15637415	0.23155297572632927	1560
cg27176628	0.23155081023074697	1560
cg01305596	0.23154988701413007	1560
cg21092828	0.2315377303937622	1560
cg00686451	0.2315312764355555	1560
cg22454060	0.2315293704116398	1560
cg08104981	0.23152351802935134	1560
cg01792257	0.2315198801905721	1560
cg01396275	0.2315085316249955	1560
cg11715095	0.23150766679145757	1560
cg11684142	0.2315046695524252	1560
cg05227111	0.23149755372114025	1560
cg27441228	0.23148608773536183	1560
cg24625634	0.2314843476745543	1560
cg02072002	0.23147971981199356	1560
cg14977059	0.23147908325970623	1560
cg20255817	0.23147877030291653	1560
cg21580588	0.23147749028307069	1560
cg24728105	0.23147628505367765	1560
cg07909274	0.23147438694921055	1560
cg11120115	0.2314721006208422	1560
cg22939524	0.2314712513118518	1560
cg26804360	0.23146890064603146	1560
cg06986584	0.23146155750248917	1560
cg24132676	0.2314574154884031	1560
cg06873106	0.23144827955606306	1560
cg22902939	0.23144409721242412	1560
cg26975368	0.23144349926802835	1560
cg06891282	0.2314434471539053	1560
cg14789841	0.23144174217443253	1560
cg06133459	0.23144061317713535	1560
cg08497649	0.23143835441152344	1560
cg05965353	0.2314365232748332	1560
cg20208523	0.23142951005718207	1560
cg19436016	0.23142547891963072	1560
cg15914316	0.23142439156432493	1560
cg16156434	0.2314231475174557	1560
cg17563032	0.231408089425094	1560
cg23224752	0.23140805183975122	1560
cg02777670	0.23140453428549765	1560
cg08931682	0.23139083186238443	1560
cg10546410	0.23139027877666687	1560
cg12337683	0.23138987563212904	1560
cg24135685	0.23138853966180783	1560
cg08020436	0.23137542870285255	1560
cg22149610	0.23137518247921005	1560
cg05648345	0.23137301417642867	1560
cg00784051	0.23137299929642174	1560
cg05247799	0.2313658784580339	1560
cg23908407	0.23136580134855017	1560
cg08734194	0.2313642340450828	1560
cg00337968	0.2313634456231046	1560
cg15299654	0.2313585796644278	1560
cg14737905	0.2313539555456037	1560
cg18429911	0.23135331885725907	1560
cg03482411	0.23134949112429162	1560
cg23450399	0.231349059168235	1560
cg22521333	0.23134777202753384	1560
cg19248302	0.2313455935327835	1560
cg11304499	0.23134366962426284	1560
cg12371263	0.23133705596493534	1560
cg14342106	0.2313308291385585	1560
cg02250241	0.2313242575636898	1560
cg03054424	0.23132144364355375	1560
cg27608806	0.23131334502356043	1560
cg06933816	0.23130598788413542	1560
cg00745731	0.23130159592997018	1560
cg07957471	0.2313013896926731	1560
cg16264393	0.23130130133765808	1560
cg20382344	0.23129847742328077	1560
cg16430402	0.23129614266837115	1560
cg04600411	0.23128808580820343	1560
cg15212038	0.23128613395936268	1560
cg13384867	0.2312851507655254	1560
cg25485956	0.23128387081705437	1560
cg21310731	0.2312788313257008	1560
cg03973866	0.23127250974630986	1560
cg08626605	0.23126774968686187	1560
cg18673163	0.2312623275799274	1560
cg14563129	0.23125437841302832	1560
cg15015913	0.2312483256980536	1560
cg27565794	0.23124425070141627	1560
cg04905477	0.2312433130270576	1560
cg06424138	0.23121890841057113	1560
cg20113693	0.23121580110592072	1560
cg05114486	0.23121440241087088	1560
cg24589334	0.231211970698645	1560
cg09095924	0.23120685065795812	1560
cg17397823	0.23120379921436074	1560
cg08333708	0.23119609753605894	1560
cg10288921	0.23119406721199676	1560
cg10252516	0.23118370159618973	1560
cg08447380	0.23118338128114688	1560
cg14454440	0.23118281765527282	1560
cg00831672	0.23117602773745663	1560
cg07207053	0.23117570963459075	1560
cg17209507	0.23116929160145308	1560
cg09782726	0.23116874084880754	1560
cg21842944	0.23116687827188884	1560
cg23646541	0.23116439603039657	1560
cg06535952	0.23115725539800946	1560
cg22929010	0.23115465436060362	1560
cg23256140	0.23115210789993756	1560
cg08744878	0.2311462713897122	1560
cg05936217	0.23113729846117914	1560
cg18024037	0.23113624795561885	1560
cg13579574	0.23112806992273577	1560
cg22318948	0.23112684873215344	1560
cg21880624	0.23112379229954877	1560
cg14025666	0.23112026162450838	1560
cg04317076	0.23111544189480882	1560
cg14586363	0.23111189688008288	1560
cg19961898	0.2311095683622596	1560
cg14455541	0.23110514275539643	1560
cg08701028	0.23109773562273794	1560
cg08198704	0.2310967659566419	1560
cg14594859	0.23109665919226952	1560
cg06517965	0.2310924250382951	1560
cg10496614	0.23108676555468577	1560
cg11553045	0.23108578194233598	1560
cg24372485	0.2310853874613158	1560
cg02559817	0.23107766024256537	1560
cg02281680	0.23107139275356753	1560
cg06367102	0.2310713106630676	1560
cg17211612	0.23106969837794988	1560
cg01416906	0.23105438160648997	1560
cg04996728	0.2310532707863262	1560
cg08005809	0.23104905915032878	1560
cg22654940	0.23104793837313853	1560
cg25499012	0.23104650837980112	1560
cg05656763	0.2310358521264625	1560
cg18745670	0.23103534580772225	1560
cg07312954	0.23103137793809098	1560
cg07778534	0.23102438573006615	1560
cg26458497	0.2310227941192551	1560
cg11755819	0.23102198457839926	1560
cg06422464	0.23101661853666708	1560
cg10057853	0.2310163044641753	1560
cg15732530	0.23101581831336523	1560
cg17212008	0.23101161495696135	1560
cg13226924	0.23100586107815763	1560
cg04653469	0.23100449183276078	1560
cg00284420	0.23100364204663248	1560
cg25438683	0.2309988535970048	1560
cg08736421	0.2309986118833431	1560
cg27408060	0.23099671027687044	1560
cg13666594	0.23099246823269284	1560
cg05813677	0.2309908991462851	1560
cg06844209	0.23097469335042897	1560
cg10204951	0.23097187359141436	1560
cg18449003	0.23096810721357636	1560
cg17207346	0.2309676883870675	1560
cg01509715	0.23096444273911615	1560
cg09328083	0.23096378716464944	1560
cg19296153	0.23095970821014286	1560
cg10689055	0.23095828788155703	1560
cg05317498	0.23095412412391042	1560
cg06459454	0.23094441338289173	1560
cg11988476	0.23094002098576918	1560
cg00019576	0.23093684159802094	1560
cg26096090	0.23093227917032969	1560
cg11490865	0.23092852196721328	1560
cg03002835	0.23092318424112612	1560
cg06857845	0.23092051417403403	1560
cg06311102	0.23092030537299202	1560
cg03609292	0.23091025696643333	1560
cg23087239	0.2309053594256282	1560
cg16385941	0.23090239576895286	1560
cg11059561	0.23087271209422902	1560
cg16559361	0.23087267437514164	1560
cg21182599	0.23087217721933	1560
cg19707013	0.23087085517450728	1560
cg03576123	0.2308687565239635	1560
cg16283753	0.23086624451330323	1560
cg27056475	0.23086490282555472	1560
cg07993372	0.23086128996184085	1560
cg07973026	0.2308606004246619	1560
cg21834982	0.23085920638672136	1560
cg13279192	0.23085812299601466	1560
cg12101626	0.2308442617562792	1560
cg05782811	0.23083901701628354	1560
cg11209988	0.23083365670009687	1560
cg21252859	0.2308305059358489	1560
cg03935783	0.2308299045759302	1560
cg21239572	0.23082709379020602	1560
cg03289548	0.23082130986402324	1560
cg26046953	0.23081528909324714	1560
cg20132801	0.2308101043304001	1560
cg14611757	0.23080775185871374	1560
cg13551228	0.23079768657901606	1560
cg17812026	0.23078148030400106	1560
cg10930664	0.23077271579246836	1560
cg23520889	0.2307715518169778	1560
cg19541688	0.2307631874725923	1560
cg19983870	0.23076051734273398	1560
cg14343091	0.23076011802383273	1560
cg06406822	0.23075600744333535	1560
cg03455408	0.23074890688033672	1560
cg03743753	0.23074573909221882	1560
cg06065245	0.23074474038734558	1560
cg26583088	0.23074357120197053	1560
cg27620176	0.2307423652418014	1560
cg27571676	0.2307387862727759	1560
cg13758347	0.2307291502836714	1560
cg00226265	0.23072194099309012	1560
cg00007324	0.23072019403403568	1560
cg26983317	0.2307183847332795	1560
cg09169456	0.23070994784323726	1560
cg24522384	0.2307030784258493	1560
cg23740897	0.23069885412122682	1560
cg04990989	0.2306980620538724	1560
cg25937854	0.23069722961746103	1560
cg20735369	0.23069560606595188	1560
cg24739849	0.23069532925658234	1560
cg14185801	0.2306934275275651	1560
cg09291896	0.2306721923421785	1560
cg25987871	0.23066965192953667	1560
cg06571993	0.2306672450508652	1560
cg14829271	0.2306667019141709	1560
cg05340339	0.2306640899891654	1560
cg14375786	0.2306622629676109	1560
cg00545796	0.23066168311323337	1560
cg05138918	0.23065735121239686	1560
cg06856329	0.2306563964983651	1560
cg05289873	0.23065421739389	1560
cg14981422	0.2306469727153696	1560
cg05012516	0.23064568439205238	1560
cg23987846	0.2306393336377625	1560
cg05664895	0.23063805473086177	1560
cg19497325	0.23063669149009194	1560
cg27423433	0.23063229251310693	1560
cg21560819	0.23062525589308464	1560
cg26974276	0.2306236006533557	1560
cg15705062	0.2306209992728535	1560
cg14652434	0.23061868731726376	1560
cg25435338	0.23061814749033568	1560
cg04262392	0.23061746122335056	1560
cg16648494	0.23061743013155392	1560
cg00033371	0.23061371261827898	1560
cg11740194	0.23061330456215867	1560
cg25007487	0.23060821531118791	1560
cg00139389	0.23060643633513198	1560
cg10589018	0.23060120451841137	1560
cg27485530	0.23059830255217134	1560
cg26053795	0.23059091585079874	1560
cg14158690	0.23058589133340565	1560
cg03610629	0.23058347830418055	1560
cg27413539	0.23058347633711956	1560
cg04826355	0.23058255753062307	1560
cg14304073	0.23056886444341343	1560
cg22723887	0.23055965466697106	1560
cg07551054	0.23055613933671873	1560
cg01053196	0.23055418206428374	1560
cg23757056	0.2305430191013033	1560
cg13446043	0.2305335098543475	1560
cg06567722	0.23053033729936098	1560
cg02110701	0.23051874508928963	1560
cg15076663	0.23051806991696921	1560
cg06768288	0.23050554860609232	1560
cg26621704	0.23050419361849475	1560
cg15480114	0.23050359238066861	1560
cg15200915	0.23050084465621387	1560
cg01806442	0.230482005216524	1560
cg25372722	0.23048029930370062	1560
cg01263854	0.23047808678295298	1560
cg19082909	0.23047314096628624	1560
cg06947205	0.2304636632518829	1560
cg14522847	0.2304562384904232	1560
cg27003776	0.23045010001204583	1560
cg09510128	0.23044858257373252	1560
cg01385415	0.23044577937831104	1560
cg18474185	0.23044016477971047	1560
cg20532558	0.2304330723535094	1560
cg02089929	0.23043139252669417	1560
cg14666369	0.23041283142428876	1560
cg19005373	0.23041263464438758	1560
cg02820242	0.23041170820453594	1560
cg11036893	0.23040690703125877	1560
cg21258377	0.23040243358532989	1560
cg01083711	0.23039580348622107	1560
cg10242372	0.23039349968750744	1560
cg11702778	0.23039266102682215	1560
cg17849156	0.23039184889192013	1560
cg26298294	0.23039152036868052	1560
cg11188659	0.2303720681937155	1560
cg01149677	0.23035177885183825	1560
cg13742952	0.23034661752198318	1560
cg09588815	0.23034565762783335	1560
cg13662851	0.23034498482717325	1560
cg16038510	0.23034142093788354	1560
cg05523267	0.230338955862576	1560
cg26545112	0.23033887042888265	1560
cg11865882	0.23033885930865652	1560
cg15597136	0.23033205527141826	1560
cg06338552	0.23033035426018708	1560
cg26904215	0.23032222341207284	1560
cg07387931	0.23032139634186574	1560
cg03088725	0.23031561636297257	1560
cg06876404	0.230311665114193	1560
cg21810245	0.23031083303741862	1560
cg25535708	0.23030854051821356	1560
cg14063817	0.23030479663229483	1560
cg11464436	0.23030084393287928	1560
cg01148002	0.23030003395068097	1560
cg23975846	0.23029978803383722	1560
cg25411508	0.23029021755977033	1560
cg23182783	0.23028972904721526	1560
cg07018106	0.2302839940541057	1560
cg23681251	0.23028130484458545	1560
cg27224718	0.23027571738093597	1560
cg24441383	0.2302722778177844	1560
cg03736058	0.2302701828577399	1560
cg22780612	0.23026898190778008	1560
cg10443500	0.23026346023670557	1560
cg04213845	0.2302630255671328	1560
cg04001704	0.2302592835422115	1560
cg12765972	0.23025487247211562	1560
cg21528273	0.2302472400676455	1560
cg06602821	0.2302403289432652	1560
cg10200168	0.23023964346587164	1560
cg24365088	0.23022909911043007	1560
cg19547976	0.23022889699916976	1560
cg12404837	0.2302256924871324	1560
cg09081892	0.23022400136625196	1560
cg20469261	0.2302179550361444	1560
cg21501518	0.23021726489039343	1560
cg01553230	0.23020845555960345	1560
cg02893204	0.23020715054111004	1560
cg09443401	0.2302067649173215	1560
cg18484068	0.2302058923215202	1560
cg25644252	0.23020258064292018	1560
cg06175036	0.23019883836762672	1560
cg11168432	0.23019598234281208	1560
cg22702056	0.23018800256596866	1560
cg19431293	0.2301756567839017	1560
cg13414444	0.23016484434009749	1560
cg07974853	0.23016396968810107	1560
cg15995704	0.23015971165503435	1560
cg06647026	0.23014725105289752	1560
cg06295899	0.2301460063368738	1560
cg07222124	0.23014383350579662	1560
cg12268106	0.23014077434257302	1560
cg01694276	0.23013403495043774	1560
cg26796513	0.23012428478298255	1560
cg04608004	0.2301237014158086	1560
cg13441753	0.23012243855217074	1560
cg25474442	0.23012089192958632	1560
cg08604785	0.23011509864758775	1560
cg13975730	0.23011137291093445	1560
cg15968297	0.2301078973270477	1560
cg08427305	0.23010138355280094	1560
cg00711584	0.23010105278963539	1560
cg06426011	0.23010001163011254	1560
cg18679487	0.23009773667359837	1560
cg00389036	0.23009689679679327	1560
cg21333147	0.23009349786781988	1560
cg02457644	0.2300924149464632	1560
cg00037314	0.23008507475498932	1560
cg18133145	0.23008313796234883	1560
cg01000954	0.23008044954516063	1560
cg00907473	0.23007542003154527	1560
cg02213678	0.23007374396903799	1560
cg13476777	0.23006916903277988	1560
cg08471734	0.23006823005144883	1560
cg01114405	0.23006695165742708	1560
cg12439527	0.2300656551142973	1560
cg02769478	0.23005689643014407	1560
cg13082654	0.2300550827115465	1560
cg05607388	0.23005445000880667	1560
cg00373376	0.23005401628818758	1560
cg12515402	0.23004942730053066	1560
cg02155287	0.23004657404990478	1560
cg16005818	0.23004496011185022	1560
cg00674415	0.2300447974248901	1560
cg19517490	0.23004299278952087	1560
cg14888445	0.230038813104658	1560
cg19861147	0.23003530529138516	1560
cg01141572	0.23003464719348463	1560
cg08983966	0.23003320924289147	1560
cg12064201	0.2300243435826086	1560
cg21893154	0.23001280566152424	1560
cg06755297	0.23000925166804406	1560
cg22627940	0.2300088864870853	1560
cg04428718	0.23000549450093255	1560
cg15421701	0.23000406038562257	1560
cg13784276	0.23000052709123156	1560
cg09142414	0.22999766274786518	1560
cg13132307	0.22999252141003187	1560
cg03427771	0.22999154606779018	1560
cg22111009	0.2299832008081272	1560
cg15257681	0.2299714137912157	1560
cg22245494	0.22997088868991877	1560
cg17339956	0.22996695083861493	1560
cg18729130	0.229966771727267	1560
cg07856071	0.22996359291518245	1560
cg10503298	0.22996125198358072	1560
cg19120251	0.22996005454296126	1560
cg09636079	0.22995985054220486	1560
cg07167632	0.22995926101913922	1560
cg08236045	0.22995609045180113	1560
cg03454357	0.22995562022648033	1560
cg26342907	0.22994509385286938	1560
cg14047494	0.22994467329250134	1560
cg15344492	0.22994315470048104	1560
cg05617300	0.229941673904021	1560
cg20684718	0.2299397744026201	1560
cg23921487	0.22993591774104016	1560
cg24957423	0.22993531605815992	1560
cg24870967	0.22993183251601546	1560
cg08228596	0.2299240476854103	1560
cg21128415	0.22992231077582242	1560
cg11881562	0.22992201850578822	1560
cg06892439	0.22991272845556343	1560
cg17304713	0.22990196106576372	1560
cg14524897	0.2298991737009774	1560
cg20361429	0.22989279253299724	1560
cg21555471	0.22988773940591184	1560
cg10802543	0.22988605499178155	1560
cg15077087	0.22988122340372705	1560
cg07435269	0.22987991070661526	1560
cg18222602	0.22987957060923062	1560
cg00531246	0.22986834357731226	1560
cg01082422	0.22986816835624915	1560
cg22656126	0.2298645077773814	1560
cg10285897	0.2298636205645743	1560
cg04724190	0.22986351028716634	1560
cg08150755	0.22986110198603682	1560
cg24616795	0.22985838439613632	1560
cg21403912	0.22985700572419404	1560
cg02517519	0.22985415270362786	1560
cg02737517	0.229853980864134	1560
cg18195498	0.22984847399474162	1560
cg21524424	0.22983674192976525	1560
cg05869392	0.22983618391833463	1560
cg10712687	0.22983508975241243	1560
cg05689415	0.2298291323518638	1560
cg26312493	0.2298215499024061	1560
cg26851650	0.22982009808412135	1560
cg01915888	0.229817317971261	1560
cg02480405	0.22981588417050955	1560
cg06915918	0.2298132004552987	1560
cg13366654	0.22981021276587654	1560
cg08266619	0.22980914667706764	1560
cg11925103	0.22980680121145103	1560
cg15635503	0.22980088937721332	1560
cg03228408	0.2297942334697875	1560
cg06222392	0.22979367227320224	1560
cg18015844	0.22979261083103567	1560
cg18608197	0.22978425500888755	1560
cg23231026	0.22977252651207478	1560
cg26504749	0.22977028580568282	1560
cg12198495	0.22976207560951753	1560
cg19012704	0.22975736808523592	1560
cg16547081	0.2297562045675532	1560
cg03569524	0.22975387280940412	1560
cg14210321	0.2297535925597362	1560
cg20971159	0.2297500205094717	1560
cg25297146	0.22974575169035827	1560
cg20849378	0.22974226259002728	1560
cg22386389	0.22973139213701557	1560
cg00426425	0.22972974514747246	1560
cg19590511	0.22972903017919813	1560
cg10663408	0.22972767900851018	1560
cg01342411	0.22972766023746138	1560
cg24122283	0.22972512808439313	1560
cg08707110	0.22972186261684435	1560
cg20973421	0.22972128462885405	1560
cg19633487	0.22971730465536283	1560
cg06051496	0.2297163228649162	1560
cg03576530	0.22971459713116102	1560
cg16828585	0.2297141745450768	1560
cg16652332	0.2297082777860046	1560
cg11834106	0.22970818765939013	1560
cg04286878	0.22970558627399618	1560
cg01082560	0.22970280909902668	1560
cg21171954	0.22969905410277183	1560
cg23320522	0.2296884929331872	1560
cg22766368	0.2296883468837477	1560
cg12231960	0.22968745176632063	1560
cg21757314	0.22968616023695443	1560
cg14628942	0.22968264324989196	1560
cg20233206	0.22968167845871526	1560
cg01305849	0.22967604121353408	1560
cg10632215	0.22966966665613803	1560
cg13367929	0.22966878171839036	1560
cg17403046	0.22966227438226613	1560
cg26502461	0.2296587120655885	1560
cg19559668	0.22965642263989464	1560
cg11526462	0.22965480460791232	1560
cg07351059	0.22965227806338057	1560
cg06685304	0.22964694753466763	1560
cg09848445	0.2296439523049293	1560
cg24586870	0.22964299157909732	1560
cg11869968	0.22964095019053804	1560
cg18083305	0.2296346292181026	1560
cg16791218	0.229626466727295	1560
cg09414987	0.22961559102679568	1560
cg01566544	0.2296109534968363	1560
cg15262992	0.22960733683993592	1560
cg27047577	0.22960572303671434	1560
cg07126542	0.22959914080616523	1560
cg27008780	0.2295926828579894	1560
cg14075139	0.22959235707847966	1560
cg06566039	0.22958271175782272	1560
cg21163765	0.2295806809066946	1560
cg02642829	0.2295795231702757	1560
cg05745100	0.22957608327052517	1560
cg23091699	0.22957080052603046	1560
cg14700153	0.2295671305665537	1560
cg02455703	0.22956040451016743	1560
cg12900690	0.22955505555917632	1560
cg21496580	0.22955469465046904	1560
cg02119073	0.2295511693726396	1560
cg06190044	0.22954612706489189	1560
cg07772128	0.22954488924097635	1560
cg21725374	0.2295444660544526	1560
cg27310827	0.22954286670009705	1560
cg13925890	0.2295335180584316	1560
cg05308391	0.22952757066388765	1560
cg10359931	0.2295201904968987	1560
cg20631628	0.22951923551120726	1560
cg22401907	0.22951515510793516	1560
cg08589821	0.2295054152711758	1560
cg20466074	0.22950271240098086	1560
cg23051282	0.22950219220034737	1560
cg07154754	0.2294969164664326	1560
cg23148992	0.22949687248395287	1560
cg23240597	0.22949201346283676	1560
cg19648954	0.22948453534466587	1560
cg09611656	0.22947766837106812	1560
cg09720205	0.2294739196413785	1560
cg04906467	0.229463348887045	1560
cg07010340	0.2294627735123791	1560
cg25679378	0.22946075521114265	1560
cg09738481	0.2294590776900246	1560
cg22346429	0.22944872859007578	1560
cg26037170	0.22944495726827796	1560
cg06950666	0.2294447281624541	1560
cg25732961	0.2294366340808074	1560
cg19339021	0.2294243377935898	1560
cg13771378	0.22942179077709038	1560
cg16537589	0.229420562060704	1560
cg09095341	0.22941922205007442	1560
cg25414463	0.22941505996995995	1560
cg08205736	0.22941332132660391	1560
cg16372156	0.22940508642355117	1560
cg23898827	0.229404661106543	1560
cg03369668	0.2294041688115943	1560
cg10015802	0.2294015791625834	1560
cg19131736	0.22939863364603905	1560
cg08198330	0.22939712413337737	1560
cg01877967	0.22938980982465548	1560
cg11949172	0.22938846279222808	1560
cg02774045	0.2293877418683355	1560
cg04799588	0.22938456386866804	1560
cg03754582	0.22938386986220152	1560
cg04808813	0.22938154530078472	1560
cg00446087	0.2293793091214387	1560
cg05711251	0.22937829836911205	1560
cg24159142	0.22937711533955035	1560
cg01191815	0.2293758325542782	1560
cg13424608	0.22937537931391316	1560
cg09781304	0.22937376081765531	1560
cg07503662	0.22937050757415026	1560
cg00219792	0.2293640091703237	1560
cg12484325	0.229362424231652	1560
cg15390560	0.2293598873735843	1560
cg26426162	0.22935808531517426	1560
cg10075733	0.22935740370814597	1560
cg09351623	0.22935454943532027	1560
cg20560906	0.22935154981720404	1560
cg24401363	0.2293485781623861	1560
cg24030037	0.22934365788589373	1560
cg22255354	0.22934284027590998	1560
cg18538675	0.229340453742837	1560
cg21046364	0.22932978428569728	1560
cg12612807	0.22932309559114716	1560
cg03033930	0.22932218429011644	1560
cg01414542	0.22931495142349329	1560
cg21881364	0.22931451542326386	1560
cg14462432	0.2293088170654929	1560
cg05810363	0.2293077405880064	1560
cg04704947	0.22930750960135274	1560
cg27187669	0.22930623203017733	1560
cg06440665	0.2292988818492826	1560
cg01068102	0.22929400978026043	1560
cg20435464	0.22929049521940717	1560
cg24009439	0.2292895452161017	1560
cg16892562	0.22928899575637765	1560
cg27305603	0.2292872598415483	1560
cg13293943	0.22928721866610785	1560
cg26967868	0.2292856576668258	1560
cg09143319	0.22928404191134583	1560
cg10093859	0.22927761345434966	1560
cg13342360	0.22927655941953695	1560
cg07023532	0.22927513162172058	1560
cg02552868	0.2292733272166235	1560
cg11227064	0.22926080944710167	1560
cg26119008	0.22925358422238912	1560
cg18219878	0.22924906890062138	1560
cg16534196	0.22924527197598157	1560
cg01089838	0.2292375636153458	1560
cg25828259	0.22923619716815277	1560
cg17513542	0.2292343022323567	1560
cg24474622	0.2292332275225294	1560
cg25104118	0.22923183763114047	1560
cg20490773	0.22922953938134297	1560
cg07365857	0.2292266191777899	1560
cg03013188	0.22922038384227103	1560
cg07550313	0.22921877386365558	1560
cg20069408	0.22920944590233966	1560
cg19199752	0.22920924513164098	1560
cg09952564	0.22920572690722482	1560
cg23476885	0.22920438166362805	1560
cg00381974	0.22919970195203082	1560
cg21725496	0.22919561168293032	1560
cg00969815	0.22919399552336264	1560
cg10549338	0.22918408075822905	1560
cg09288470	0.22917888664963534	1560
cg23591125	0.22917847866017277	1560
cg06992390	0.2291778398658381	1560
cg05797093	0.22917372907149	1560
cg05189253	0.22916762105178476	1560
cg24523322	0.22916024668508503	1560
cg09647884	0.2291584675029596	1560
cg09539239	0.2291555745541231	1560
cg12303232	0.22915002544556679	1560
cg00013993	0.2291368612659198	1560
cg14538751	0.22913588043154834	1560
cg25161331	0.22913368705271195	1560
cg11354908	0.22913309327429104	1560
cg22867117	0.22912769850191322	1560
cg23317910	0.2291263240359696	1560
cg21509721	0.2291144239740884	1560
cg22923523	0.2291099610696359	1560
cg26705765	0.2291096053530527	1560
cg17943757	0.2291046493436133	1560
cg08327705	0.22910394760701447	1560
cg05225038	0.22910009739250153	1560
cg04992930	0.2290916849502465	1560
cg04320044	0.2290913579411783	1560
cg02519772	0.22908983574066877	1560
cg06061449	0.22908898272092698	1560
cg13661094	0.22908885311941965	1560
cg09045935	0.22908271685925527	1560
cg12335414	0.2290818340481832	1560
cg19529604	0.22907455349295835	1560
cg06820907	0.2290713598095664	1560
cg26593722	0.2290703750632188	1560
cg20294810	0.22906914834340858	1560
cg03435677	0.2290682313108138	1560
cg23972301	0.22906799115667822	1560
cg02773337	0.2290675324191283	1560
cg25273340	0.22906374021143186	1560
cg16318947	0.22906220068079255	1560
cg18058596	0.22906100314216454	1560
cg15244168	0.22906070710197737	1560
cg09867669	0.2290525224912803	1560
cg09227533	0.22905173816453883	1560
cg07733363	0.2290496604394268	1560
cg17859634	0.2290473480260397	1560
cg07002602	0.22903688681964213	1560
cg02433139	0.2290311462343601	1560
cg01909845	0.22903026736565774	1560
cg03231329	0.22903023651150867	1560
cg13359749	0.22902780116721222	1560
cg09856153	0.22902712159691305	1560
cg02608491	0.22902579662039624	1560
cg05107228	0.22902485969982275	1560
cg25436375	0.22902482226477516	1560
cg09373983	0.22901621976401088	1560
cg16148858	0.22901527956932227	1560
cg02537309	0.2290079102637611	1560
cg17501712	0.2290068388041154	1560
cg19364929	0.22899645583531417	1560
cg16752925	0.22898402184928737	1560
cg00166234	0.22898380501585114	1560
cg21026624	0.22898080823921999	1560
cg10105259	0.22897572938213281	1560
cg14539247	0.2289731223998098	1560
cg04592958	0.22897200647885405	1560
cg11824662	0.2289703895260791	1560
cg20740967	0.22896902354790966	1560
cg27013765	0.2289676108523023	1560
cg26042514	0.22896353799029695	1560
cg20618742	0.22895687408150223	1560
cg14763972	0.2289567811198551	1560
cg05425023	0.2289555510380721	1560
cg27247569	0.22895372674601647	1560
cg19209269	0.2289507934470341	1560
cg00016406	0.22894891629979658	1560
cg03004323	0.22894698560002144	1560
cg00488734	0.2289435490038356	1560
cg22693570	0.2289413078710124	1560
cg18606700	0.2289311855764415	1560
cg24634565	0.2289294792714438	1560
cg23956190	0.22892603727781052	1560
cg15986529	0.22892111912380078	1560
cg17902007	0.22891186800488422	1560
cg03935244	0.2289105265336743	1560
cg02296904	0.22890631581811835	1560
cg02281446	0.22890544142479394	1560
cg05977230	0.22889994028631483	1560
cg22820639	0.2288953592151947	1560
cg20348895	0.22889527839002605	1560
cg07820702	0.22888937420192165	1560
cg19463982	0.228883758842332	1560
cg21163327	0.22887865393096	1560
cg00118712	0.22887014116003346	1560
cg00143321	0.22886957618908071	1560
cg04382920	0.22886745964945893	1560
cg06884679	0.22886613894629593	1560
cg13735557	0.2288658488609908	1560
cg19471291	0.22886217551625335	1560
cg16577247	0.22886156992333376	1560
cg23231268	0.2288520761385029	1560
cg27290103	0.22884914205938783	1560
cg20737072	0.22884897881935617	1560
cg01606538	0.22884622816798245	1560
cg20853569	0.2288419902974891	1560
cg07279214	0.2288397703104704	1560
cg10234282	0.2288371383829713	1560
cg01172114	0.22883398060509333	1560
cg05904283	0.22883017996848096	1560
cg04628465	0.22882735069537352	1560
cg09936845	0.2288233819749091	1560
cg22656750	0.22881990333313687	1560
cg00213606	0.22881378433301416	1560
cg07056645	0.22880671429986763	1560
cg01224510	0.22880432541769116	1560
cg07265985	0.22880211439227607	1560
cg14402574	0.22880086622076815	1560
cg08336138	0.22879947291005256	1560
cg07999738	0.22879362922402946	1560
cg17866044	0.2287932144511417	1560
cg01479645	0.228785700393377	1560
cg21300382	0.22878418476845816	1560
cg23194712	0.22878328005301587	1560
cg13966609	0.22878078761196313	1560
cg14462307	0.2287798639337834	1560
cg16266007	0.2287774005254819	1560
cg21876001	0.2287733598701448	1560
cg09927637	0.2287683301594073	1560
cg05007472	0.2287667626778611	1560
cg26246744	0.22876456383758162	1560
cg10525574	0.22875989632703403	1560
cg13880726	0.22875983156838392	1560
cg06818515	0.22875898217504695	1560
cg16996571	0.22875687879601628	1560
cg15322500	0.2287541768672316	1560
cg23085676	0.22875332161726933	1560
cg18408962	0.2287503072167444	1560
cg15760709	0.22874235868653348	1560
cg15607387	0.22873754273416153	1560
cg22617878	0.22873433180151848	1560
cg15945785	0.22873429479657223	1560
cg23246666	0.22873122126616655	1560
cg11967563	0.22872688127943103	1560
cg02032166	0.22871842036627726	1560
cg01968683	0.22871820171641058	1560
cg05909553	0.22871691700721505	1560
cg01086369	0.22871630191335515	1560
cg22940273	0.22871188271316722	1560
cg16446845	0.22870452562712354	1560
cg16908901	0.2287044831833198	1560
cg22273955	0.2287015610601588	1560
cg24378253	0.22870146496635624	1560
cg01847620	0.22869926988420464	1560
cg08464520	0.22869431838630552	1560
cg17114200	0.2286898531549009	1560
cg22342925	0.2286768380721231	1560
cg07023563	0.22867661432031786	1560
cg24745316	0.2286745497201324	1560
cg23968456	0.22867343185775907	1560
cg22365431	0.22867210653815292	1560
cg01007350	0.22866759093961356	1560
cg22855393	0.22866610768261592	1560
cg22314465	0.22866413601208985	1560
cg26832427	0.22866257122844558	1560
cg12253469	0.22865919488430816	1560
cg06894464	0.22865900917663315	1560
cg10367296	0.2286581039130564	1560
cg00872414	0.22865732643492748	1560
cg02952972	0.2286566138337194	1560
cg10858196	0.22865583621322924	1560
cg09887459	0.2286555599827413	1560
cg17701921	0.22865307942752378	1560
cg03837292	0.2286528477707752	1560
cg00129232	0.22864157976769675	1560
cg13458812	0.22863846948226416	1560
cg04697482	0.228633872257241	1560
cg09821493	0.22862891581923117	1560
cg14794786	0.228628543196743	1560
cg01717276	0.22861618643678774	1560
cg01398299	0.22861221711726187	1560
cg02606627	0.22861136804215057	1560
cg18773383	0.22861052301037713	1560
cg26338199	0.22860615580397126	1560
cg00913953	0.2286030603237343	1560
cg05951425	0.22860014315245003	1560
cg00737801	0.22859612256171813	1560
cg26475180	0.22859585476457045	1560
cg16586559	0.2285922036308291	1560
cg12157941	0.22858966042523035	1560
cg01880908	0.22858923290252292	1560
cg09207578	0.2285841080604082	1560
cg26524306	0.22858028338228753	1560
cg04919944	0.2285789469566604	1560
cg08194384	0.22857711567133418	1560
cg26158235	0.228573707294639	1560
cg01185755	0.2285711751796046	1560
cg11130223	0.2285680902108207	1560
cg19390357	0.22855844095984512	1560
cg26971585	0.22855511284130947	1560
cg09480289	0.22855265558894428	1560
cg07388482	0.22854958133687786	1560
cg14833008	0.22854690476380757	1560
cg26202697	0.22854537736270428	1560
cg09166770	0.22854489681374235	1560
cg07340447	0.2285430648855986	1560
cg02065141	0.22853917735253873	1560
cg16420310	0.2285313310869193	1560
cg18499401	0.22853047130156465	1560
cg24205289	0.2285258506374455	1560
cg00822989	0.22852467159670134	1560
cg05474707	0.2285234528481465	1560
cg03500993	0.22852021746467022	1560
cg24022357	0.22851999472763673	1560
cg27156649	0.2285184217252229	1560
cg18644481	0.22851595583561335	1560
cg09367696	0.22851144557567576	1560
cg08699640	0.22851143594188147	1560
cg23355015	0.22850810075378217	1560
cg26695780	0.22850685589567238	1560
cg27143749	0.22850091360759361	1560
cg08663109	0.22850059300175546	1560
cg10606269	0.22850053669860412	1560
cg01896656	0.22849839345329062	1560
cg21788443	0.22848975268490462	1560
cg09121928	0.228486399479493	1560
cg11229230	0.22848606241528832	1560
cg00077281	0.2284837294798743	1560
cg05922771	0.22848191956264566	1560
cg03742890	0.22847870684571275	1560
cg24117473	0.22847854118714953	1560
cg19627653	0.22847415653509348	1560
cg19597652	0.2284736034053101	1560
cg07729303	0.22847080691502544	1560
cg14450361	0.2284697055164375	1560
cg06527539	0.22846643925738924	1560
cg22601877	0.22846198321821756	1560
cg04414542	0.22845176549373342	1560
cg13117369	0.22844743201106057	1560
cg17400609	0.2284459444849242	1560
cg18582965	0.22844493135476798	1560
cg16975316	0.2284296634541295	1560
cg26717016	0.22842694725305693	1560
cg10448795	0.22842635324558794	1560
cg05160336	0.22842564675534188	1560
cg08767743	0.22842511832521722	1560
cg04530981	0.22842469759443665	1560
cg13901137	0.22842189477212563	1560
cg14417711	0.22841223763068255	1560
cg19812400	0.22840449031291066	1560
cg15866928	0.22839320214797346	1560
cg08582182	0.2283861459202343	1560
cg03897412	0.2283841632580319	1560
cg25478712	0.22838344371569147	1560
cg24684816	0.22838224977997487	1560
cg00457258	0.22838177483058514	1560
cg20592144	0.22837261052038932	1560
cg10386914	0.22836003044902456	1560
cg02313829	0.22835198906721443	1560
cg12753558	0.22835101291275564	1560
cg16856213	0.22835070060097215	1560
cg02828564	0.22834592668656184	1560
cg15889003	0.22834353153625964	1560
cg09327836	0.22833559405457612	1560
cg19405229	0.22832849330114016	1560
cg15385479	0.228327638466976	1560
cg00946507	0.22832590730707156	1560
cg07040161	0.22832186785648048	1560
cg15423797	0.22831620055490323	1560
cg08225020	0.2283106998753798	1560
cg23939932	0.22831060610830003	1560
cg18191138	0.2283072386813641	1560
cg17281993	0.2283062049913173	1560
cg15456742	0.22830426709118581	1560
cg00313498	0.2282995075565354	1560
cg19976997	0.2282975121667592	1560
cg09796800	0.22829132792013473	1560
cg14480594	0.22829089828997995	1560
cg17315940	0.22827899679769847	1560
cg06599322	0.22827887163125787	1560
cg09408260	0.22827480707222622	1560
cg18030386	0.22827458724521466	1560
cg03513571	0.22827309754514546	1560
cg19483126	0.2282724277649332	1560
cg18794122	0.2282718385421957	1560
cg17677524	0.22826999613588456	1560
cg20032789	0.2282631750624662	1560
cg07063572	0.22826237917629594	1560
cg00825309	0.22825866485316712	1560
cg07834408	0.22825325031814034	1560
cg00390337	0.22824775765953087	1560
cg11724557	0.22824735899493825	1560
cg02089487	0.22824012602946128	1560
cg12219838	0.2282357683758999	1560
cg03228602	0.22823317525220332	1560
cg21890309	0.2282325210477566	1560
cg15001959	0.22823111744930663	1560
cg14192207	0.22822935319871096	1560
cg18024260	0.22822883847435932	1560
cg19058262	0.22822816532149795	1560
cg09276842	0.2282279332146021	1560
cg17150363	0.22822430309746003	1560
cg05307257	0.2282232057448661	1560
cg13418007	0.22822201143017193	1560
cg08942080	0.22822149699382419	1560
cg07792858	0.22822007842541128	1560
cg01854803	0.2282164010260985	1560
cg20427090	0.22821160964708206	1560
cg14635160	0.22821138540537297	1560
cg18072522	0.22821079984634862	1560
cg07819160	0.22820182942441755	1560
cg14280283	0.22819759078674964	1560
cg10328290	0.22819503632023516	1560
cg15997374	0.228192475597214	1560
cg19104095	0.228188378120803	1560
cg01277910	0.2281852201966556	1560
cg17546196	0.22818172289450386	1560
cg22118112	0.22817577348077234	1560
cg06733925	0.22817503661389027	1560
cg05913925	0.22816836661342532	1560
cg06053417	0.2281633232436438	1560
cg10918016	0.22816032089657343	1560
cg00597492	0.22815896942353792	1560
cg10090256	0.22815883465070183	1560
cg27398283	0.22815764841177977	1560
cg23039227	0.22815619207476315	1560
cg20073412	0.22815105701101895	1560
cg11768416	0.2281492087561643	1560
cg14337472	0.22814515558820794	1560
cg05400883	0.22813472200365367	1560
cg18548523	0.22811513640999675	1560
cg27462497	0.22811482554333495	1560
cg07128379	0.22811444488221885	1560
cg03152602	0.22811063437613804	1560
cg04510807	0.228110566971094	1560
cg04831728	0.22810944200847239	1560
cg00190508	0.22810715870206144	1560
cg13663170	0.2281064833948879	1560
cg25937114	0.2280955506291171	1560
cg09002677	0.22809517315869415	1560
cg23763836	0.2280903178445056	1560
cg13887095	0.2280897972123047	1560
cg10299941	0.22808194662192577	1560
cg12631105	0.22808037319117053	1560
cg15920621	0.2280781950208337	1560
cg26029250	0.22807609215044689	1560
cg01311567	0.22807276807797253	1560
cg10978983	0.22807046228116498	1560
cg13992493	0.2280634588445806	1560
cg21433332	0.22805972018242102	1560
cg01290542	0.22805583487087389	1560
cg07362164	0.22805080197465155	1560
cg16505962	0.22804815682489918	1560
cg15527356	0.22804804149362537	1560
cg14965611	0.2280449125166899	1560
cg27385126	0.22804072338832967	1560
cg19388017	0.22803305092620188	1560
cg00211855	0.22802996923332147	1560
cg25442928	0.22802945401975155	1560
cg17817067	0.2280291812244923	1560
cg03719475	0.22802859525185484	1560
cg06658237	0.22801750452245614	1560
cg10958086	0.22801313616606864	1560
cg16668678	0.2280125510851101	1560
cg02910002	0.22801156034833378	1560
cg24430642	0.22800933567458728	1560
cg06872588	0.22800809962889515	1560
cg21613957	0.22800441543777647	1560
cg05129568	0.22800379825246633	1560
cg06582663	0.2279990881807905	1560
cg27191834	0.22798468755598794	1560
cg08717488	0.2279844968625234	1560
cg16193196	0.22798161593005795	1560
cg13860612	0.22797955797447964	1560
cg11839944	0.22797215684427083	1560
cg14205576	0.2279696331874645	1560
cg05483131	0.22795471652382604	1560
cg09863384	0.2279519671662189	1560
cg15245520	0.2279499330151351	1560
cg19536075	0.22794431660808764	1560
cg23009962	0.2279381494933218	1560
cg19601664	0.22793610471581568	1560
cg03315432	0.22792404717185902	1560
cg25588480	0.2279222816949774	1560
cg26698781	0.22791850956993023	1560
cg03007121	0.22791799724634348	1560
cg24540732	0.22791558238273274	1560
cg02787560	0.22791374620303645	1560
cg21382589	0.2279116284332203	1560
cg23640757	0.2279103135221657	1560
cg15235614	0.22791002010629743	1560
cg16821252	0.2279000463045968	1560
cg06696911	0.22789768897176174	1560
cg17331904	0.22789537444151822	1560
cg13920364	0.22789034121211094	1560
cg13021479	0.2278793418574527	1560
cg26818010	0.2278783270274802	1560
cg07834314	0.22787354911257737	1560
cg08994698	0.22786898266829922	1560
cg21916557	0.22786715562054807	1560
cg15061612	0.22786222572576528	1560
cg10976778	0.22786103584061934	1560
cg10347813	0.22785289549761067	1560
cg22157015	0.22785003117756794	1560
cg14048463	0.22784943399084517	1560
cg00822255	0.2278467113919452	1560
cg22797490	0.22784567111623683	1560
cg23069923	0.22783971190903557	1560
cg05790551	0.2278394668046678	1560
cg27301596	0.2278393568402326	1560
cg13352717	0.22783626532936582	1560
cg21620087	0.22783276297135543	1560
cg25689940	0.2278312398388107	1560
cg14917329	0.22783101226079927	1560
cg19123465	0.2278278329730633	1560
cg00074851	0.22782167318184487	1560
cg23023126	0.22782052729014401	1560
cg20197516	0.22781755979005824	1560
cg26037974	0.22781317863069742	1560
cg03615921	0.22781229995969632	1560
cg16117789	0.22780715731348158	1560
cg05881416	0.2277919229415376	1560
cg01921845	0.2277875614662463	1560
cg27320983	0.22777881038606448	1560
cg13990976	0.227769088007669	1560
cg02458088	0.2277687528738767	1560
cg25686891	0.22776868820521606	1560
cg10192265	0.2277670964310441	1560
cg06462703	0.22776637890219487	1560
cg17486429	0.2277623798411318	1560
cg19601293	0.22776113297299058	1560
cg03686950	0.22775855070658102	1560
cg07222059	0.22775774232926332	1560
cg09655191	0.22775616488420714	1560
cg03313451	0.227752334572059	1560
cg12530191	0.22775169987198804	1560
cg00525828	0.22775166798882696	1560
cg08567021	0.2277492584673594	1560
cg26698744	0.22774923314751735	1560
cg12044749	0.2277478972703018	1560
cg02965892	0.22774751490012687	1560
cg19410378	0.22774230701401174	1560
cg10464656	0.2277371839083445	1560
cg03710196	0.22773500023814294	1560
cg17984641	0.22773467024509483	1560
cg03738979	0.22773454219096512	1560
cg25587647	0.22772034148213893	1560
cg18756954	0.22771970171529443	1560
cg10737412	0.22770957362008185	1560
cg14116388	0.22770798587392144	1560
cg19008266	0.22770590165589183	1560
cg12964929	0.22770219474551914	1560
cg22423294	0.22769924655140883	1560
cg00176672	0.22769247741088786	1560
cg04260258	0.22769029596768942	1560
cg25777971	0.2276900263800639	1560
cg13581036	0.2276883556404038	1560
cg13964192	0.2276869096187398	1560
cg00331845	0.22768458742329126	1560
cg08409804	0.22768154693941145	1560
cg17971086	0.22767865163146417	1560
cg20308189	0.22767723891341454	1560
cg19628771	0.22767400017623451	1560
cg27574071	0.2276726573352994	1560
cg14919203	0.22767173112522607	1560
cg02630349	0.22766974033635845	1560
cg12251919	0.22766848208280946	1560
cg00396981	0.22766644760676333	1560
cg03647581	0.227663445214663	1560
cg17743939	0.22766219289918066	1560
cg11073931	0.2276590690128765	1560
cg13287519	0.22765309754063026	1560
cg15793573	0.2276504874437393	1560
cg04814990	0.22764537201525567	1560
cg24933115	0.22764188437922572	1560
cg17498856	0.22764116191117179	1560
cg27611584	0.22764090543657145	1560
cg18205081	0.22763990673925255	1560
cg00749498	0.2276297554797327	1560
cg14353391	0.22762922796831708	1560
cg06910049	0.2276255633077849	1560
cg26894968	0.2276252039207552	1560
cg09796094	0.22762241525519036	1560
cg18403285	0.22762096038288834	1560
cg13924635	0.2276204189181113	1560
cg14696662	0.22761911079837774	1560
cg04321919	0.22761826464195423	1560
cg26458816	0.22761815792698392	1560
cg22356839	0.22761491165534234	1560
cg01558195	0.2276069323864384	1560
cg10190055	0.2276023112915252	1560
cg09550697	0.2275999269418483	1560
cg11640008	0.22759626177912906	1560
cg02980000	0.22759474821630804	1560
cg05884115	0.22758877281381312	1560
cg10182243	0.2275850633166772	1560
cg08943906	0.22758487402748387	1560
cg25151376	0.22758087376885983	1560
cg07649862	0.22757571200584703	1560
cg12090052	0.22757495736404687	1560
cg15528519	0.22757020881647608	1560
cg03549024	0.2275693659063344	1560
cg19970338	0.2275617136080568	1560
cg10011062	0.2275570029419787	1560
cg00587834	0.2275555495694404	1560
cg18317933	0.2275505824560156	1560
cg22625953	0.2275491275704124	1560
cg04635735	0.22754274373312952	1560
cg20144521	0.22753406007049792	1560
cg03645265	0.22753296517330215	1560
cg20378837	0.22753291413153992	1560
cg15986238	0.22752886321641533	1560
cg20517784	0.2275206564521866	1560
cg14222657	0.2275185157464737	1560
cg20586210	0.22751609863599953	1560
cg18353597	0.2275146390972858	1560
cg24206697	0.22751190918993383	1560
cg20119495	0.22750796123841585	1560
cg00313865	0.2275074655174199	1560
cg09555414	0.22750386303832304	1560
cg19803550	0.22750284851593588	1560
cg04176585	0.22750107458607347	1560
cg07627464	0.22750028983788115	1560
cg27465055	0.22749630979627314	1560
cg00300999	0.22748933770731056	1560
cg10438977	0.22748731255425933	1560
cg22408735	0.2274849397389247	1560
cg04794202	0.22748357151571222	1560
cg10639613	0.22748250774893125	1560
cg02658564	0.22748137459710116	1560
cg18390621	0.22747469390256622	1560
cg20638467	0.22747168031946247	1560
cg18398930	0.2274711916825834	1560
cg26650651	0.22746309283301158	1560
cg18545655	0.2274616067392631	1560
cg09268313	0.22745958738276992	1560
cg17246404	0.22745649031320744	1560
cg11995577	0.22745014596281754	1560
cg02605672	0.22744948959022904	1560
cg16528272	0.22744871563062	1560
cg13427320	0.2274477125374447	1560
cg11317705	0.22744613372565514	1560
cg06467025	0.2274428600644658	1560
cg10013493	0.2274413852921412	1560
cg10128659	0.22744072589517852	1560
cg07369404	0.2274375225725266	1560
cg06867822	0.22743699070903423	1560
cg11033688	0.22743686460291485	1560
cg07329296	0.2274311332489406	1560
cg11091909	0.22742743950007574	1560
cg10664618	0.22742733409515775	1560
cg06765373	0.22742588481157577	1560
cg21947444	0.22742234439545359	1560
cg08403428	0.22742086411788837	1560
cg19599251	0.22741957521330122	1560
cg16369288	0.22741759723202112	1560
cg16278728	0.22741208831142	1560
cg22961623	0.22740909078642543	1560
cg22735953	0.2274082898448883	1560
cg09996902	0.22740517380210884	1560
cg06177106	0.22740488581231705	1560
cg15319502	0.2273984557686746	1560
cg24588891	0.22739540207439773	1560
cg05189517	0.22739376780490697	1560
cg01739381	0.22739358379165334	1560
cg21921996	0.22739270968011874	1560
cg01820765	0.2273863826043144	1560
cg04207976	0.22738558284457883	1560
cg10089457	0.22738228939713967	1560
cg24009737	0.22738058664532307	1560
cg03043834	0.227379962037438	1560
cg07925615	0.2273799555590427	1560
cg25225340	0.22737898079700608	1560
cg18119504	0.22737542271597028	1560
cg23716449	0.22737534936226503	1560
cg25492363	0.22737010457422682	1560
cg01547142	0.227365878208878	1560
cg26913798	0.2273644971088322	1560
cg10099518	0.2273599664817321	1560
cg26237426	0.22735819745464447	1560
cg26665209	0.2273580653886029	1560
cg11852646	0.22735692533328375	1560
cg05051118	0.22735093132621892	1560
cg11360931	0.2273493677685586	1560
cg00961127	0.22734354928211076	1560
cg25270422	0.22734142329720727	1560
cg13848087	0.22733939996002195	1560
cg14157019	0.22733761115868206	1560
cg27266381	0.2273308888466226	1560
cg10382410	0.2273298407732978	1560
cg03553640	0.22732882606160032	1560
cg21661680	0.2273168722603231	1560
cg15393676	0.22731682706736225	1560
cg21658616	0.22731002742941978	1560
cg01405751	0.22730863566394935	1560
cg04162383	0.22730851498911184	1560
cg21564965	0.22730663831202624	1560
cg08866814	0.22730656396267607	1560
cg05991442	0.22730201899403296	1560
cg20001876	0.22729875061188226	1560
cg04919811	0.2272979868250973	1560
cg08802770	0.22729273257618013	1560
cg05485379	0.2272911525783853	1560
cg26406014	0.2272836808180031	1560
cg12514963	0.22727986415125054	1560
cg03913989	0.22727866507636457	1560
cg19775916	0.2272750905388062	1560
cg03395651	0.227270906988869	1560
cg03136712	0.22727037142032788	1560
cg25124228	0.22726930674191886	1560
cg06636244	0.22726758907113043	1560
cg21548869	0.22726529187621522	1560
cg04587428	0.2272644578698238	1560
cg06671654	0.2272597463262046	1560
cg07089834	0.22725484929001194	1560
cg26962002	0.2272540383720477	1560
cg19697584	0.22725346429737017	1560
cg23416307	0.22725068239310386	1560
cg21356851	0.22724821335794224	1560
cg05276408	0.2272479716513933	1560
cg12361165	0.22724525641229398	1560
cg12806067	0.22724408238990088	1560
cg13596910	0.22724183835694303	1560
cg18246991	0.22723738850343506	1560
cg05887749	0.2272367948428435	1560
cg04729768	0.22723645628322386	1560
cg16576106	0.22723246431987582	1560
cg17766055	0.22722862612500344	1560
cg03174038	0.22722593362673751	1560
cg16097069	0.2272169153785331	1560
cg22700036	0.2272159132644247	1560
cg19902122	0.22720937591364962	1560
cg09235936	0.227207542554582	1560
cg20817752	0.22720630468943062	1560
cg14969806	0.22720604885409745	1560
cg11833660	0.22720538311483057	1560
cg09801621	0.22720433749273894	1560
cg08369295	0.22720323841308868	1560
cg12062310	0.22720124581547527	1560
cg10817497	0.2271849841483161	1560
cg02463166	0.22717834031287712	1560
cg00357671	0.22717748433518573	1560
cg11714702	0.22717215148429162	1560
cg04826882	0.2271714853551455	1560
cg10239991	0.22716831656556716	1560
cg13426839	0.22716602939315053	1560
cg23980314	0.2271653378774445	1560
cg22220310	0.2271635276216936	1560
cg09293533	0.2271601418621562	1560
cg13323878	0.22715979234259467	1560
cg15488660	0.22715769472073152	1560
cg27093425	0.227153990294558	1560
cg05667401	0.22715249228650844	1560
cg07445515	0.22714954226848078	1560
cg00758217	0.22714937335819382	1560
cg05229381	0.2271445065876506	1560
cg13292542	0.22714188568617907	1560
cg12675942	0.2271396740138945	1560
cg01742177	0.2271373701751702	1560
cg26369133	0.22713466582506078	1560
cg24803059	0.22713085483848466	1560
cg21350392	0.22712627974647856	1560
cg24094804	0.2271226233164062	1560
cg08068630	0.22712128993782676	1560
cg14536467	0.22710825084650427	1560
cg12928622	0.2271059188705849	1560
cg18097325	0.22710328018939632	1560
cg05286348	0.22710253381699796	1560
cg13749070	0.22710086866996493	1560
cg00321867	0.22709430276681075	1560
cg04744514	0.22709333566234813	1560
cg01227027	0.2270927289525405	1560
cg16699022	0.22708499428913645	1560
cg02411493	0.2270835808892405	1560
cg27514224	0.22708213498801114	1560
cg16652841	0.22708192853522338	1560
cg24276346	0.22708171734861635	1560
cg09396068	0.22707877626231268	1560
cg19357305	0.22707741118088737	1560
cg03048457	0.2270601201520755	1560
cg02636461	0.22705895400694162	1560
cg25942484	0.22705319568127522	1560
cg27391497	0.22705209092900336	1560
cg05586598	0.2270462325272277	1560
cg01943983	0.2270415416975242	1560
cg13577075	0.22704007061088102	1560
cg12667021	0.2270344073491791	1560
cg19698416	0.22701943717476875	1560
cg26953153	0.2270174189092525	1560
cg01014438	0.22701180429744278	1560
cg04020999	0.22700849874443013	1560
cg21745873	0.22700591554048316	1560
cg00876266	0.22700291422675226	1560
cg27613473	0.2270018794933675	1560
cg17339414	0.2270002965450061	1560
cg17104099	0.2269933798265795	1560
cg07641839	0.22698449135651322	1560
cg02933375	0.22698409601900826	1560
cg06211270	0.22698358543688926	1560
cg13591673	0.2269820314080226	1560
cg27638963	0.22698057876800137	1560
cg14531093	0.22697798571016095	1560
cg23839556	0.2269760438206814	1560
cg08503913	0.2269757285090103	1560
cg24771152	0.22697522943486156	1560
cg21131054	0.2269722063289496	1560
cg10564356	0.2269557697263383	1560
cg06791812	0.2269530387129743	1560
cg12555233	0.22695278106203673	1560
cg00697668	0.22694694318671815	1560
cg27309155	0.22694616798354952	1560
cg17742293	0.22694522745766235	1560
cg24498587	0.22694203164590135	1560
cg18154642	0.22693867323811165	1560
cg04346228	0.2269385768994877	1560
cg03576636	0.22693843001360864	1560
cg23996000	0.22693095971773844	1560
cg12178287	0.22693045544700488	1560
cg04808658	0.22692705905900828	1560
cg20595268	0.2269262564973133	1560
cg06288632	0.22692224399124444	1560
cg02497963	0.2269215684704739	1560
cg17279652	0.22691999090819598	1560
cg22308467	0.22691558007517082	1560
cg24296761	0.22691266531217882	1560
cg15160081	0.22691201486960597	1560
cg00321775	0.22690697193810647	1560
cg26815611	0.22690614208338392	1560
cg14949065	0.22690205403634092	1560
cg26624270	0.22689967701369773	1560
cg14781890	0.2268992057413678	1560
cg08524803	0.22689450639092593	1560
cg13131577	0.2268944038313543	1560
cg25166168	0.22689209352771134	1560
cg09921392	0.226888486034487	1560
cg24660836	0.2268848014702765	1560
cg21576904	0.22688203487034267	1560
cg03839776	0.2268782397310779	1560
cg08502080	0.22687756152655883	1560
cg07706515	0.22687663536811772	1560
cg11843948	0.22687545803236447	1560
cg23958118	0.22687509551354237	1560
cg14454796	0.22687207761409964	1560
cg09133154	0.2268716923018584	1560
cg16850623	0.22687141608257178	1560
cg22466812	0.2268626009953294	1560
cg03848676	0.22686240067154256	1560
cg03696393	0.22685812672611141	1560
cg21996239	0.22685811661249888	1560
cg20283716	0.22685294335015965	1560
cg00875911	0.22685093566691955	1560
cg04627891	0.22684968137891126	1560
cg22157525	0.22684684398155394	1560
cg07550554	0.226846428050075	1560
cg09123026	0.22684440635700917	1560
cg16353049	0.22683777392414903	1560
cg13169073	0.2268273387856272	1560
cg26209812	0.22682564724104484	1560
cg08010530	0.2268256292009914	1560
cg15746870	0.2268249586638159	1560
cg21516763	0.22682129114916597	1560
cg25014937	0.22682101241888633	1560
cg01449704	0.22682052946625642	1560
cg26450254	0.2268178321752643	1560
cg24728180	0.22681755582374494	1560
cg00774155	0.226812542257267	1560
cg09229246	0.2268101835840742	1560
cg24208325	0.22680960318856092	1560
cg10476962	0.22680454130618358	1560
cg00013569	0.22679823355354697	1560
cg16184737	0.22679690528661445	1560
cg11668770	0.2267959501609605	1560
cg11702448	0.22679499515466492	1560
cg16757605	0.2267944690485113	1560
cg23847089	0.22678396729106876	1560
cg18575346	0.22677361737926405	1560
cg06812668	0.22676768867159858	1560
cg08202708	0.22676633144067446	1560
cg18300770	0.2267652105104887	1560
cg01892567	0.22676437156495866	1560
cg06912356	0.2267640591093469	1560
cg13465292	0.22676189703900357	1560
cg26591553	0.2267545730132719	1560
cg13808180	0.22675430256827456	1560
cg25876186	0.22675411400980366	1560
cg13101431	0.22675322667731013	1560
cg22049485	0.22675309532929042	1560
cg09578614	0.22675099963295842	1560
cg13412514	0.22674671335540877	1560
cg01926972	0.2267451932185073	1560
cg04588969	0.22674449388162515	1560
cg13984427	0.22674160529955328	1560
cg13378272	0.22673584850652673	1560
cg07413150	0.2267353475023955	1560
cg03146005	0.22673500253456538	1560
cg23406642	0.22673460366821943	1560
cg00405060	0.22673268904586763	1560
cg00210991	0.22672491572529752	1560
cg23569802	0.22672268449002128	1560
cg02600973	0.22672013381392048	1560
cg10113582	0.22671633701467825	1560
cg27459530	0.22671552632165906	1560
cg22752869	0.22671444015890696	1560
cg17860747	0.22671394838627973	1560
cg21380181	0.22671059656295697	1560
cg07138878	0.22670926972880867	1560
cg20487025	0.22670670883634472	1560
cg19417588	0.22670392646112963	1560
cg10606544	0.22670293044703718	1560
cg00312872	0.22670054778164017	1560
cg02320345	0.22669941058185886	1560
cg24641417	0.2266951924837435	1560
cg25652824	0.22668727609678063	1560
cg02969303	0.22668478928519126	1560
cg11757221	0.22668438177957867	1560
cg01244571	0.22668274488233367	1560
cg23844018	0.2266827409514666	1560
cg10412286	0.22668172242817367	1560
cg02939598	0.22667783663620955	1560
cg01937399	0.22667371107048848	1560
cg12446642	0.22667252986803443	1560
cg02884826	0.2266725281346776	1560
cg06698598	0.22667049007598683	1560
cg11221635	0.22666866729452098	1560
cg13951268	0.22666440147148045	1560
cg02645905	0.22665918151413247	1560
cg07108512	0.22664579271813304	1560
cg25928811	0.226645470477161	1560
cg00036263	0.22664291149666924	1560
cg24090908	0.2266410799038577	1560
cg04747957	0.22663952148022654	1560
cg13150021	0.22663661599758175	1560
cg10369539	0.22663107632982668	1560
cg15213732	0.22662878634914166	1560
cg19563062	0.22662543258448864	1560
cg21942218	0.22662359103395563	1560
cg27019068	0.22662317585657263	1560
cg02752958	0.22662256467459985	1560
cg16876192	0.22661871386685692	1560
cg14398877	0.22661757566760013	1560
cg11640740	0.22661416677286128	1560
cg07809981	0.22661412991491944	1560
cg13858754	0.226613224030784	1560
cg17806999	0.2266126375966036	1560
cg23732138	0.22660819098096938	1560
cg11363615	0.22660188786977833	1560
cg25178784	0.22659306150478545	1560
cg05597850	0.22659224480727624	1560
cg21110844	0.22659160147237883	1560
cg22551163	0.22658837355245048	1560
cg04716580	0.22658144458414298	1560
cg19483861	0.2265802135492271	1560
cg17943940	0.2265790762831368	1560
cg11269212	0.22657185531979862	1560
cg19855402	0.2265711414865321	1560
cg22770294	0.2265710748269922	1560
cg10490202	0.22656989235513011	1560
cg09500392	0.22656959451604078	1560
cg09291982	0.22656777267322406	1560
cg03224459	0.22656659812162167	1560
cg09499715	0.22656572052118604	1560
cg23779377	0.2265633277713933	1560
cg18492115	0.2265622248898157	1560
cg12337559	0.22655978854945316	1560
cg20413993	0.22655886822699747	1560
cg21308336	0.22655646658307926	1560
cg26435502	0.2265561396420932	1560
cg14024126	0.2265555910091654	1560
cg04453552	0.2265554271700347	1560
cg11464842	0.22655304751029515	1560
cg04770433	0.2265503980969047	1560
cg09760200	0.22654670023578877	1560
cg12193249	0.22654505768784575	1560
cg24814191	0.226542149290401	1560
cg12201155	0.2265319910921764	1560
cg22084487	0.22653074584137745	1560
cg00500167	0.22652984652874422	1560
cg13734953	0.22652888422040346	1560
cg16670155	0.22652797086967602	1560
cg09308375	0.22652776109095996	1560
cg00144817	0.22652624379476502	1560
cg01816411	0.22652329112177777	1560
cg04574095	0.2265165620620852	1560
cg21283340	0.22651353226796878	1560
cg21057271	0.22651115313806966	1560
cg06314643	0.2265067174190937	1560
cg22412150	0.226495483340881	1560
cg06024796	0.2264938076034018	1560
cg19073447	0.22648931312973442	1560
cg02081925	0.22648777693818456	1560
cg03119618	0.22648558210176914	1560
cg06229737	0.2264839243100671	1560
cg01710432	0.2264815144013991	1560
cg15770654	0.2264802983275881	1560
cg02988171	0.2264761308864465	1560
cg07954620	0.2264758389101318	1560
cg02774486	0.22647544109038953	1560
cg06644359	0.2264727812484197	1560
cg14477263	0.22646857180259802	1560
cg04484826	0.2264624528033481	1560
cg15691822	0.22645733309804889	1560
cg05377512	0.22645354882136692	1560
cg25689129	0.2264478534525853	1560
cg07944494	0.2264477539532272	1560
cg26539736	0.22644682111166312	1560
cg08627327	0.2264452843410755	1560
cg18037893	0.22644332511875676	1560
cg07117364	0.2264432603618317	1560
cg24856050	0.22644012581930836	1560
cg06950479	0.2264400288085839	1560
cg12404679	0.22643877225916678	1560
cg21566513	0.22643431981142928	1560
cg25024001	0.2264337044489283	1560
cg00633933	0.22643270958329664	1560
cg07204066	0.22643199838125988	1560
cg07207833	0.2264271712758986	1560
cg19759366	0.2264229393994549	1560
cg19991451	0.22642121506325014	1560
cg21454925	0.22641575089913002	1560
cg01414886	0.22641570310057682	1560
cg01347719	0.22641152054064526	1560
cg27169379	0.22640951314255475	1560
cg17565303	0.22640370644709643	1560
cg17524867	0.22639938959027492	1560
cg17838182	0.22639463043087046	1560
cg19150467	0.2263918049252518	1560
cg00510025	0.22639072172541477	1560
cg06976634	0.2263894277994075	1560
cg08185061	0.2263873484350188	1560
cg17827583	0.22638038600925825	1560
cg09917026	0.22637984223500568	1560
cg26921987	0.2263782959517516	1560
cg25315148	0.22637711496073887	1560
cg20878780	0.22637273884461173	1560
cg11484403	0.2263709025722476	1560
cg06879508	0.22637011794943493	1560
cg24833387	0.22636977460691884	1560
cg22850968	0.2263660144271496	1560
cg26950885	0.22636570281594393	1560
cg07742843	0.22636403851065084	1560
cg12854762	0.22636257447334537	1560
cg21121455	0.22636174303823253	1560
cg00054248	0.22636074075962181	1560
cg05349646	0.22635959697729555	1560
cg19338197	0.2263593213299223	1560
cg01415527	0.22635633914134218	1560
cg20967343	0.2263535148779837	1560
cg05930326	0.22635322761776197	1560
cg06826886	0.2263526490345692	1560
cg15533809	0.22634895871876354	1560
cg12603441	0.2263487670637168	1560
cg26345259	0.22634741819303786	1560
cg26540808	0.2263468962689804	1560
cg25176883	0.2263429676719216	1560
cg22639325	0.22633887447127748	1560
cg09672570	0.22633843462958422	1560
cg13334352	0.22633569733553316	1560
cg17016890	0.2263332759359414	1560
cg04727856	0.2263326262920406	1560
cg05372597	0.22633201479690257	1560
cg03790022	0.22632451426796313	1560
cg16926502	0.22632437236503192	1560
cg25060949	0.2263104287051579	1560
cg05694749	0.22630652383860028	1560
cg23441673	0.22630477197686702	1560
cg06903612	0.22630227112273496	1560
cg09238312	0.2262962134338466	1560
cg06838096	0.2262948362773985	1560
cg15386865	0.22629001201664348	1560
cg00267373	0.22628942239736663	1560
cg06860288	0.2262879819368414	1560
cg06535849	0.22628480595488995	1560
cg23863896	0.22628210302063945	1560
cg23114771	0.22628208875832415	1560
cg01842473	0.22628166708187192	1560
cg25027028	0.22627478185231015	1560
cg07693569	0.2262720564585096	1560
cg15096465	0.22626748329161936	1560
cg20469419	0.22625911009485528	1560
cg03476525	0.22625378124851322	1560
cg26862731	0.22625309097866264	1560
cg04099430	0.22624923500429397	1560
cg23838859	0.22624835654135367	1560
cg18664076	0.22624822917323334	1560
cg22191277	0.22624223560578316	1560
cg03705235	0.2262413190170357	1560
cg23843398	0.22623436178088713	1560
cg17124478	0.22623428530521295	1560
cg26155719	0.22623320269565936	1560
cg03158606	0.22622897426970964	1560
cg04067428	0.22622849495655925	1560
cg09053902	0.22622566982634448	1560
cg24316821	0.226223632967751	1560
cg25456186	0.22622351555918327	1560
cg05209525	0.22622125065898654	1560
cg03955927	0.22622092293383086	1560
cg05553268	0.22621901467059027	1560
cg13360609	0.2262154970370148	1560
cg20153737	0.22621440903612014	1560
cg21075237	0.22621331424986602	1560
cg18762511	0.22621248665476704	1560
cg20637199	0.22621205898378818	1560
cg07319014	0.2262095980007784	1560
cg22136672	0.2262076882792408	1560
cg05974455	0.2262068037961194	1560
cg00016996	0.2262066996926178	1560
cg08701134	0.22620647085860573	1560
cg22770088	0.22620415770284366	1560
cg02087101	0.22620125420051818	1560
cg01616967	0.226198930806117	1560
cg06767059	0.22619635915754036	1560
cg22304592	0.22619299446856367	1560
cg23064157	0.22618822943498157	1560
cg15670680	0.22618467151111205	1560
cg15111822	0.2261832533017142	1560
cg11398400	0.2261821909599589	1560
cg07298081	0.22618080543350463	1560
cg02346006	0.226178170024485	1560
cg12564913	0.22617650608898915	1560
cg10966235	0.2261762605828819	1560
cg13422136	0.22617109658776538	1560
cg19270469	0.22616631014599856	1560
cg00863271	0.22616471097736285	1560
cg14595083	0.22616345289966322	1560
cg14272009	0.22616252448074584	1560
cg12699044	0.22615950526226763	1560
cg19558049	0.2261529681903344	1560
cg15992532	0.22615152738585664	1560
cg20905415	0.22614907820619043	1560
cg26661089	0.22614892588659388	1560
cg06187344	0.22614557143713182	1560
cg14969015	0.22613945717564918	1560
cg10304084	0.2261376350570862	1560
cg16776885	0.22613491389246396	1560
cg22586192	0.22613371710858524	1560
cg06545038	0.22612716488963866	1560
cg10325536	0.2261265569063157	1560
cg11265433	0.22612390223101075	1560
cg26571926	0.22612241488294108	1560
cg12483984	0.22612195385043588	1560
cg00638384	0.22612116125177173	1560
cg01676552	0.2261209046439448	1560
cg15806038	0.22612054721906272	1560
cg06373804	0.2261204306608998	1560
cg27402782	0.22611910088681111	1560
cg09484303	0.2261174500171348	1560
cg00110724	0.2261120654371884	1560
cg13934553	0.22610791672823152	1560
cg23457316	0.22610529051516653	1560
cg22944823	0.22610311251440468	1560
cg16421619	0.22609929225229392	1560
cg10501310	0.226094315238261	1560
cg27373220	0.22609361597137012	1560
cg20514998	0.22609069084001532	1560
cg01170758	0.22608814112717285	1560
cg04508332	0.22608384598560757	1560
cg17397424	0.2260792559093194	1560
cg09613616	0.22607692619820954	1560
cg25165544	0.22607577970348955	1560
cg23797424	0.22607435828998657	1560
cg17940805	0.22607362328335084	1560
cg22795583	0.22607339985278088	1560
cg22084302	0.22607259841310828	1560
cg22377182	0.2260709949348919	1560
cg18202502	0.22606752367581284	1560
cg26442107	0.22606369571487955	1560
cg13545089	0.22606216735169826	1560
cg24451257	0.22606164369004486	1560
cg16537164	0.22606101820871802	1560
cg05521198	0.22606021937982718	1560
cg00413870	0.22605948097820217	1560
cg08698913	0.22605932208437188	1560
cg17892150	0.2260586604986042	1560
cg03067362	0.22605758045043092	1560
cg19306958	0.22605661858514622	1560
cg01881136	0.22605320030265688	1560
cg18070630	0.22605273530217168	1560
cg24118438	0.22605204035634005	1560
cg13136596	0.22605158039005382	1560
cg09603710	0.22605014999547302	1560
cg15891644	0.22604583157316963	1560
cg18065597	0.22604310035441438	1560
cg03387311	0.22603885312414188	1560
cg11109027	0.2260380331014748	1560
cg13200354	0.22603549194701025	1560
cg25193157	0.22603144588003632	1560
cg03731348	0.2260306234309736	1560
cg02513202	0.22602570233971236	1560
cg01814731	0.22602519721567868	1560
cg24337108	0.22601916811728212	1560
cg22674064	0.2260164603926565	1560
cg12704737	0.22601408108075233	1560
cg13109654	0.2260020110413845	1560
cg19185641	0.2259994531874849	1560
cg02602423	0.22599888152118744	1560
cg08490589	0.22599259919646908	1560
cg21905990	0.22598823407035618	1560
cg05596517	0.22598805087089635	1560
cg09104284	0.22598774477486444	1560
cg19809669	0.22598624257059471	1560
cg23687445	0.22598205327497298	1560
cg13558431	0.22597966714485987	1560
cg06839483	0.22597763155653078	1560
cg08889789	0.22597575123082256	1560
cg03751324	0.22597418048183912	1560
cg19866325	0.2259666812835922	1560
cg21787755	0.22596252429652616	1560
cg08937732	0.2259617216963108	1560
cg17102197	0.22595866041047566	1560
cg27312442	0.22595545375501477	1560
cg05573856	0.22595443637188167	1560
cg09970680	0.22595200331350224	1560
cg16431433	0.22594985438364007	1560
cg16689907	0.22594679047524993	1560
cg20304750	0.22594333346097564	1560
cg15021640	0.2259432368276105	1560
cg16256719	0.22594037010006943	1560
cg17367545	0.2259401838969998	1560
cg19589795	0.22594007950295397	1560
cg22766120	0.22593934615127165	1560
cg08032088	0.22593773269555995	1560
cg05043909	0.22593403879895038	1560
cg25623174	0.22593363090475743	1560
cg23385838	0.22592677980210116	1560
cg00525436	0.22592494009409644	1560
cg13608874	0.22592211034978532	1560
cg16841189	0.22591962260842394	1560
cg23196783	0.22591960486683632	1560
cg23327734	0.225917984100921	1560
cg01835232	0.22591761927750242	1560
cg08949854	0.22591725064743937	1560
cg20959480	0.22591404404916052	1560
cg26122815	0.22591366950379932	1560
cg21243150	0.2259099397680838	1560
cg19327049	0.22590851309724982	1560
cg12460765	0.22590530980934	1560
cg08363278	0.2258993213619264	1560
cg17721897	0.2258987660072154	1560
cg03847052	0.22589835237246872	1560
cg24462849	0.22589776497886796	1560
cg24427527	0.22589535757855514	1560
cg17009731	0.22589325570884186	1560
cg26276352	0.22589270298598593	1560
cg18453458	0.22588608709260896	1560
cg05087722	0.22587952078321216	1560
cg12486756	0.22587854508983718	1560
cg00332951	0.22587557210698886	1560
cg08160862	0.22587529613226773	1560
cg24838305	0.2258721964946556	1560
cg10796650	0.22587157322800566	1560
cg01598327	0.22586403372895159	1560
cg24425531	0.22586276052687473	1560
cg07482826	0.22586242858209354	1560
cg02225054	0.2258613710301474	1560
cg04643653	0.22586123506845382	1560
cg10216151	0.2258610858489335	1560
cg21042749	0.22585945501844026	1560
cg02851751	0.2258584779272915	1560
cg20942691	0.2258576769780259	1560
cg14219485	0.2258576668751495	1560
cg02882159	0.22585613078015981	1560
cg13775627	0.2258555782591622	1560
cg04892552	0.2258546077153517	1560
cg15627628	0.22585260080621827	1560
cg09325679	0.22585223904792656	1560
cg02486355	0.2258472577155365	1560
cg22949170	0.2258453549523522	1560
cg11314274	0.22584191547185475	1560
cg01666550	0.22584037061614734	1560
cg23840860	0.22583942725977493	1560
cg00619168	0.22583716100927897	1560
cg13898470	0.22583514821385342	1560
cg04908586	0.22583128538921726	1560
cg22655195	0.22582925154206113	1560
cg24087447	0.2258289390649898	1560
cg26477257	0.22582725371807363	1560
cg03509753	0.22582450916324484	1560
cg04183237	0.22582091204151591	1560
cg03200095	0.22581922290502193	1560
cg21871608	0.2258191124058183	1560
cg24106536	0.2258182346062169	1560
cg10153250	0.22581746130005123	1560
cg00605240	0.22581724702029876	1560
cg15189997	0.22581354128217124	1560
cg03217915	0.22581318947250506	1560
cg24596008	0.2258090184289357	1560
cg13817341	0.22580604234545534	1560
cg01176141	0.22580544319800763	1560
cg11977919	0.225804679206277	1560
cg08672023	0.22580457468153786	1560
cg00435469	0.22580233439305933	1560
cg11796095	0.22580018385278977	1560
cg10576032	0.22579893112559551	1560
cg07259651	0.225798447954165	1560
cg18501945	0.22579656438559592	1560
cg27398230	0.22578785685802394	1560
cg12247500	0.2257876978820988	1560
cg20900676	0.22578625567562088	1560
cg14214635	0.22578243736111506	1560
cg17182946	0.2257816728765526	1560
cg27277381	0.22578145654477527	1560
cg19406975	0.2257808830642678	1560
cg17309297	0.2257807602505048	1560
cg18369327	0.2257794172325193	1560
cg06113665	0.22577639826909562	1560
cg07903280	0.2257745077153834	1560
cg26958611	0.22577416736114736	1560
cg00150012	0.22577351862208123	1560
cg14998959	0.2257630654651242	1560
cg06184926	0.22576249539283513	1560
cg23412797	0.22575980345941482	1560
cg09003527	0.2257577706798034	1560
cg05259094	0.22575559668500828	1560
cg14658630	0.22575481057892913	1560
cg03892062	0.22575313344148398	1560
cg26703128	0.22574906516979512	1560
cg18844144	0.22574898560083606	1560
cg18769421	0.2257440218755593	1560
cg02257048	0.22573712442979724	1560
cg13026550	0.22573695303167876	1560
cg21240472	0.2257367508414205	1560
cg01527946	0.22573462245433493	1560
cg20671578	0.22573327951589223	1560
cg01190323	0.22573254252101713	1560
cg19147804	0.22573204751563858	1560
cg17937497	0.22573175978285315	1560
cg05628436	0.22572717606944426	1560
cg18834039	0.22572297106222833	1560
cg03997418	0.22571242169631456	1560
cg02901753	0.225709096076334	1560
cg07531037	0.22570819020652072	1560
cg24928433	0.22569413274077685	1560
cg15578948	0.22568781663241888	1560
cg02010324	0.2256875470056625	1560
cg11319760	0.22568259034645918	1560
cg24274164	0.22568188823987045	1560
cg00070908	0.2256815255491777	1560
cg07945906	0.2256784849782929	1560
cg13131263	0.22567250748822032	1560
cg03273952	0.22567141367854104	1560
cg07506503	0.22566983087346212	1560
cg06799180	0.22566646756990524	1560
cg18945794	0.22566551880726124	1560
cg07784653	0.22566355653912926	1560
cg12528981	0.2256630395246584	1560
cg17216758	0.2256612477317918	1560
cg13159929	0.22566086876457356	1560
cg00597555	0.22566005782480164	1560
cg12370175	0.2256571365921824	1560
cg12216054	0.22565118838375434	1560
cg04102793	0.22565088304660003	1560
cg25617307	0.22564614389982016	1560
cg13235388	0.2256455309203569	1560
cg14156842	0.22564383622841594	1560
cg01000236	0.22564264438650608	1560
cg13934830	0.22564198059756127	1560
cg01191254	0.2256415185777273	1560
cg08108333	0.22564061572715896	1560
cg02896432	0.22564061455856785	1560
cg07520430	0.22563992251228673	1560
cg03686395	0.22563975926166033	1560
cg12149986	0.225638573278546	1560
cg02537616	0.22563798291956144	1560
cg10843796	0.22563145535903603	1560
cg21549415	0.22563085980481715	1560
cg26824508	0.22562638558836137	1560
cg06363918	0.2256225369104457	1560
cg26450010	0.22561747368848561	1560
cg03609847	0.22561548494469294	1560
cg05934755	0.2256103360402318	1560
cg04411166	0.22560891127990512	1560
cg05660315	0.22560528553895243	1560
cg23499194	0.22560446839993445	1560
cg03548645	0.22560247440308942	1560
cg26812421	0.22560242127622948	1560
cg09479452	0.22559731468342678	1560
cg16142906	0.22559278964055804	1560
cg26643537	0.22559229878760428	1560
cg17091733	0.2255911768013709	1560
cg02337283	0.2255890937573161	1560
cg04685813	0.2255880151495336	1560
cg08854599	0.22558794531837958	1560
cg15608402	0.2255871012684642	1560
cg02264570	0.2255851586507159	1560
cg09169454	0.225580137604344	1560
cg17640620	0.22557889643371282	1560
cg04838847	0.22557840354676276	1560
cg13068653	0.22557780974307487	1560
cg04768745	0.22557230372257506	1560
cg11082811	0.22556969339249905	1560
cg13617047	0.22556736241597647	1560
cg06807303	0.22556614098655312	1560
cg10772923	0.2255621187187395	1560
cg21154964	0.2255613990124501	1560
cg13569700	0.2255556153059349	1560
cg26724186	0.2255545647880093	1560
cg07796745	0.22555295677682824	1560
cg06538771	0.22555287974782812	1560
cg11277814	0.22555117146485443	1560
cg09251197	0.22555067627493286	1560
cg05750321	0.22554711601551197	1560
cg06972615	0.22554693616669713	1560
cg09544282	0.22554552322710542	1560
cg14622533	0.2255449384476462	1560
cg18364541	0.22554141706019237	1560
cg19577984	0.22554054648966493	1560
cg01075305	0.22553944169298637	1560
cg16519433	0.22553024581373596	1560
cg03782858	0.22552976396542015	1560
cg12437832	0.2255292060194937	1560
cg26566224	0.22552799090002293	1560
cg15556723	0.22552476759292658	1560
cg03871104	0.22552459065805538	1560
cg11140305	0.22552201648625403	1560
cg16152954	0.2255207969858673	1560
cg08720211	0.22552023756607426	1560
cg23887623	0.22551657555325896	1560
cg20633203	0.22551657108400291	1560
cg01803049	0.2255132967504996	1560
cg03714554	0.22551217872885476	1560
cg16382722	0.2255108642210785	1560
cg00255752	0.22551028850597438	1560
cg22538475	0.22550962796501753	1560
cg18737136	0.22550777582772624	1560
cg14486291	0.22550689328630724	1560
cg05684569	0.22550643212091395	1560
cg03722659	0.22550364558792918	1560
cg16625402	0.22549970322310184	1560
cg05934127	0.22549525289194594	1560
cg14154819	0.22549361659009465	1560
cg23403256	0.22549052774020942	1560
cg02729261	0.22548990697203833	1560
cg03147430	0.2254886222023579	1560
cg19096967	0.22548726195797641	1560
cg22804352	0.2254845789222094	1560
cg02562005	0.22548441737712877	1560
cg18755752	0.22548336971625665	1560
cg02025435	0.22547953124010434	1560
cg21889263	0.2254772167984269	1560
cg06655030	0.22547676962766325	1560
cg11910105	0.22547640184388135	1560
cg21425003	0.22547566043786507	1560
cg26075905	0.22547565222760416	1560
cg08036346	0.22547478298002932	1560
cg07339393	0.2254718703754522	1560
cg24196053	0.22547109872333407	1560
cg21499918	0.2254702703901916	1560
cg03614373	0.22546768809008375	1560
cg11601519	0.22546317672832458	1560
cg01449677	0.22546226731256924	1560
cg12067928	0.22545748590063436	1560
cg27297626	0.22545582505512798	1560
cg23731992	0.22545493007592238	1560
cg12683200	0.22545487812838075	1560
cg18124009	0.22545444750661872	1560
cg15412228	0.22545022197963133	1560
cg10118784	0.22544988519457493	1560
cg07876450	0.22544359611619694	1560
cg02889437	0.22544209967800197	1560
cg08587397	0.22544142036918918	1560
cg02954052	0.22544059565036034	1560
cg18519460	0.22544009928116043	1560
cg25459170	0.22543928442020772	1560
cg09061216	0.22543430101527334	1560
cg00369786	0.22543240222345898	1560
cg25315527	0.22543214186720284	1560
cg04460041	0.22543058344560746	1560
cg23632389	0.22542845534926498	1560
cg00774149	0.22542639155061206	1560
cg23736728	0.22542471709191358	1560
cg05093254	0.22541873397031376	1560
cg20221020	0.2254157189346276	1560
cg22886393	0.2254141483196069	1560
cg05530133	0.22541017880054598	1560
cg02752243	0.2254054612656032	1560
cg09074755	0.22539495645787072	1560
cg25768673	0.22539336051118428	1560
cg09036558	0.22539123832418628	1560
cg14578247	0.22538877951303318	1560
cg11759121	0.22538823812994524	1560
cg26604191	0.2253876671359639	1560
cg00864551	0.22538549760175502	1560
cg01851970	0.22538099376577037	1560
cg06502997	0.22537968438736494	1560
cg07572815	0.22537806629655233	1560
cg03218198	0.2253753905922075	1560
cg03644281	0.22537174511787839	1560
cg22051776	0.22537172227274127	1560
cg14730616	0.22537079572100716	1560
cg00448891	0.2253687828303626	1560
cg18120489	0.22535958520242108	1560
cg09215936	0.22535947603568485	1560
cg01259104	0.22535943583542128	1560
cg02896191	0.2253578796538034	1560
cg27180961	0.22535579822275867	1560
cg03940643	0.22535418511347072	1560
cg09965668	0.22535074823557055	1560
cg04057033	0.22535048471726465	1560
cg19591135	0.22534853796989904	1560
cg20924972	0.22534832907193247	1560
cg09085220	0.2253456447259491	1560
cg27347309	0.2253437865584865	1560
cg11606466	0.22532950401624077	1560
cg00418913	0.22532877676182386	1560
cg07171237	0.22532788356710948	1560
cg04668156	0.22532752559649177	1560
cg18695778	0.22532468327572727	1560
cg03673624	0.2253194653312235	1560
cg05208399	0.2253178070699798	1560
cg23550947	0.2253163365612948	1560
cg06234730	0.2253162630829768	1560
cg07804973	0.22531572248298395	1560
cg05579025	0.22531282239518438	1560
cg27269196	0.22531235931503668	1560
cg27193021	0.22530948318994548	1560
cg25223552	0.2253093252361647	1560
cg14996929	0.2253085876279148	1560
cg23430209	0.225305852562144	1560
cg24012465	0.22530470431197572	1560
cg12872398	0.22530150527305504	1560
cg07615435	0.22530095748120246	1560
cg24803912	0.22530046968107512	1560
cg20274824	0.2252983031110922	1560
cg19935431	0.22529513834332257	1560
cg09228454	0.2252909236970673	1560
cg07478662	0.22528583506392774	1560
cg13603112	0.2252833811856898	1560
cg13762887	0.22527061511662874	1560
cg09634936	0.22527000447858192	1560
cg08929612	0.2252692478031893	1560
cg19927065	0.2252682834030812	1560
cg27244082	0.22526568331089164	1560
cg10887945	0.22526108080429214	1560
cg17607759	0.2252602775421589	1560
cg14218838	0.22525952276591768	1560
cg11438737	0.22525265281206297	1560
cg14415857	0.2252518993669034	1560
cg13730859	0.2252510173305159	1560
cg20021655	0.2252488913486645	1560
cg05660680	0.22524779636218695	1560
cg01758856	0.22524394571425996	1560
cg23689004	0.22524198253512348	1560
cg09038294	0.2252387859992079	1560
cg19946956	0.22523699607753647	1560
cg25210023	0.2252350444986555	1560
cg11553910	0.22523457058568186	1560
cg27636925	0.22523337648256866	1560
cg08408433	0.22523275052160535	1560
cg13008301	0.2252297622416724	1560
cg19287714	0.2252292382409165	1560
cg04800768	0.22522897899352018	1560
cg24688939	0.22522529165265065	1560
cg09862616	0.22522328714182285	1560
cg00879155	0.2252232838105152	1560
cg01294198	0.22522148518704588	1560
cg10074413	0.22522136415583935	1560
cg11617484	0.22522111509789966	1560
cg26920857	0.2252205928804501	1560
cg26616078	0.22521917054858132	1560
cg00185004	0.2252160787994415	1560
cg18435782	0.2252099913627407	1560
cg05306943	0.2252094968592742	1560
cg12899749	0.22520788057129015	1560
cg21164697	0.22520561669136926	1560
cg26224791	0.22519840339764308	1560
cg18140917	0.22519571657779114	1560
cg22715788	0.2251936120410817	1560
cg08097929	0.2251935777175766	1560
cg26370372	0.22519003135473192	1560
cg10345980	0.22518705453236054	1560
cg06893302	0.22518561994595337	1560
cg00572212	0.22518407264910162	1560
cg06857837	0.22518399330986597	1560
cg22704399	0.22517955815629617	1560
cg18726036	0.2251777657073967	1560
cg01189813	0.22517371311711412	1560
cg26606393	0.2251718497097998	1560
cg03403440	0.2251668548286288	1560
cg26476595	0.22516606812716658	1560
cg05948710	0.22516560310225128	1560
cg02580745	0.22516344111889486	1560
cg11950105	0.2251631516654129	1560
cg16258702	0.22516310978516602	1560
cg03618215	0.22516071914631627	1560
cg00858027	0.22515040395219252	1560
cg08586216	0.22513913442969966	1560
cg07159469	0.22513802743251748	1560
cg19306036	0.2251360939259351	1560
cg03649353	0.22513553533110076	1560
cg06963346	0.2251231971799581	1560
cg12803091	0.22512192572314843	1560
cg21504793	0.2251216137138275	1560
cg12835806	0.22512088198630148	1560
cg02549170	0.2251171637657144	1560
cg05926918	0.22511522087710145	1560
cg23583742	0.22511293951606012	1560
cg01136606	0.22511181395483607	1560
cg04065880	0.2251108609851892	1560
cg17282060	0.22510777335463578	1560
cg24762452	0.225104772497361	1560
cg23468137	0.22509889272682446	1560
cg15651819	0.2250977728695879	1560
cg00542041	0.2250966785971053	1560
cg19781251	0.2250939865422793	1560
cg06379403	0.2250930260785834	1560
cg18490269	0.2250918718399134	1560
cg10646833	0.22509092200793948	1560
cg13799005	0.22507932913366552	1560
cg05820157	0.2250787192109696	1560
cg04621042	0.22507819551938765	1560
cg12986485	0.22507740647394237	1560
cg20759356	0.22507579234029215	1560
cg15267890	0.22507445373773158	1560
cg08962841	0.22507337682244413	1560
cg14151082	0.22507056135377848	1560
cg24701320	0.22507011816194172	1560
cg24801244	0.2250697838724794	1560
cg20512924	0.2250676045135021	1560
cg16395614	0.22506737347226038	1560
cg13705616	0.22506478342627875	1560
cg03512927	0.22506193724618373	1560
cg10252235	0.22505991305896603	1560
cg07101466	0.22505670226049596	1560
cg26456999	0.22505597839143393	1560
cg07123811	0.2250556048017985	1560
cg03372659	0.2250537917602118	1560
cg17118812	0.22505311519962368	1560
cg04832268	0.22505276973604507	1560
cg20592360	0.22505087999691847	1560
cg02675260	0.2250491065203542	1560
cg00059240	0.22504838403558727	1560
cg14199154	0.22504831182927224	1560
cg16224521	0.22504382375406154	1560
cg08147226	0.22503939323695998	1560
cg27235904	0.22503804068220795	1560
cg00446003	0.22503742688390174	1560
cg00897221	0.22503734579440351	1560
cg10526431	0.22503420913400846	1560
cg18581191	0.22503298400909522	1560
cg16919675	0.22503140172642497	1560
cg19090384	0.22503055720746673	1560
cg00097020	0.22502996418099805	1560
cg05154507	0.2250278326562087	1560
cg07970658	0.2250239089606665	1560
cg04563775	0.22502217547611564	1560
cg08894381	0.22502079777887404	1560
cg04600982	0.22501937329299548	1560
cg07063294	0.22501932965023358	1560
cg00367488	0.2250185404734203	1560
cg12023246	0.22501632408862435	1560
cg19609099	0.2250156466265156	1560
cg07045054	0.22501525457274815	1560
cg23347911	0.22501309486501517	1560
cg13343549	0.22501267593353075	1560
cg19169246	0.22501265108831645	1560
cg09790959	0.22500819095168337	1560
cg23743543	0.22500813527471045	1560
cg09943550	0.22500411825184966	1560
cg25060632	0.2250022033721163	1560
cg03834592	0.22499677402727133	1560
cg01573921	0.2249965496923226	1560
cg01386335	0.22499510633517164	1560
cg08637123	0.22499500325261282	1560
cg24471922	0.22499315437008707	1560
cg20840416	0.22499273125688465	1560
cg23487149	0.22499104872539868	1560
cg19817118	0.2249909830297231	1560
cg20313298	0.22498708290363675	1560
cg08701479	0.22498550094322473	1560
cg25849038	0.22498261812346218	1560
cg03964515	0.22498255441114887	1560
cg16823009	0.2249809306060747	1560
cg01434228	0.2249766880293863	1560
cg11757945	0.22497645411795675	1560
cg19969115	0.2249762217876235	1560
cg04525580	0.22497606200498063	1560
cg00896284	0.22497452746122623	1560
cg01142668	0.22497365038746142	1560
cg17106462	0.22497336189422001	1560
cg15894653	0.2249714247233829	1560
cg00136279	0.22497081572968602	1560
cg26506779	0.22496991286600246	1560
cg10503473	0.22496784813588505	1560
cg02710346	0.22496547664802818	1560
cg05780020	0.2249649323876858	1560
cg08618693	0.2249637394089551	1560
cg21548464	0.22496218057832798	1560
cg07701166	0.2249615256284952	1560
cg21112485	0.22496081192432654	1560
cg02917399	0.22496079568540173	1560
cg11414415	0.22495923911887988	1560
cg02443148	0.22495757726004859	1560
cg05539370	0.22495590400924093	1560
cg05163357	0.22495362683969855	1560
cg17338133	0.2249527445713653	1560
cg01753731	0.22494814293685642	1560
cg15744869	0.22494661974983973	1560
cg23671189	0.2249465808063006	1560
cg22731204	0.22494613372723346	1560
cg27566021	0.2249461294185593	1560
cg04172848	0.2249448186737165	1560
cg15984782	0.2249428292567218	1560
cg16904243	0.22494234817276948	1560
cg17474650	0.22494140178324257	1560
cg17989581	0.22493908094028664	1560
cg02969343	0.22493317983178068	1560
cg20976977	0.224932297886159	1560
cg22782070	0.22492835800854305	1560
cg01630444	0.22492610268581592	1560
cg18566114	0.22492502263848266	1560
cg10245330	0.2249188326783941	1560
cg16573251	0.2249178565871703	1560
cg02196379	0.22491747075471039	1560
cg08409983	0.22491396223182847	1560
cg08651124	0.22491333857552276	1560
cg08725904	0.22491269987445972	1560
cg17433294	0.22491060646306457	1560
cg10533694	0.22490876836044887	1560
cg12441997	0.22490515041782613	1560
cg22615992	0.22490119014659635	1560
cg21501705	0.2248949543790465	1560
cg27144709	0.22489486588717778	1560
cg27378486	0.2248944593294379	1560
cg02730714	0.22489232442768087	1560
cg25600823	0.22489178434336854	1560
cg23419170	0.2248906365219432	1560
cg24034578	0.22489026658536662	1560
cg01536436	0.22488561106300278	1560
cg08734237	0.22488407005269112	1560
cg20679271	0.22487944435359694	1560
cg27453922	0.22487613471678602	1560
cg09286493	0.22487572918256077	1560
cg22053796	0.22487546113448406	1560
cg20447079	0.2248748423853663	1560
cg21680645	0.22487260676236448	1560
cg21204139	0.22487224173389955	1560
cg13782380	0.22486890618328043	1560
cg23133655	0.22486873725545106	1560
cg23786701	0.22486720141105918	1560
cg02447733	0.22486397510523184	1560
cg02059813	0.2248631716288923	1560
cg07590875	0.22486314018191192	1560
cg10081138	0.22486108245391065	1560
cg23093812	0.22486099709893229	1560
cg10163371	0.22486040960506304	1560
cg20038647	0.22485809369657533	1560
cg10744928	0.22485313173532334	1560
cg08042487	0.2248515043378738	1560
cg02013146	0.2248513512766951	1560
cg00066153	0.22485032726296095	1560
cg02642178	0.22485027142325534	1560
cg00466840	0.22485026563792015	1560
cg24858417	0.2248502564838222	1560
cg02915290	0.22484964042782912	1560
cg24438579	0.2248482893822263	1560
cg02678141	0.2248478759745565	1560
cg08840616	0.22484074954288738	1560
cg22830844	0.22484046532266022	1560
cg09537256	0.22483824858373555	1560
cg14053318	0.22483622895286554	1560
cg25807671	0.22483544286814203	1560
cg22154992	0.22483482370059377	1560
cg26635246	0.22483347721702557	1560
cg14074830	0.2248324174905293	1560
cg08389497	0.2248240128344867	1560
cg21692735	0.22482282340192808	1560
cg01031100	0.22481930482349458	1560
cg14599857	0.22481850815266036	1560
cg25691777	0.2248176986376842	1560
cg09499844	0.22481693625760107	1560
cg27209679	0.22481677042548096	1560
cg12674903	0.2248162777827561	1560
cg01879273	0.2248162524302125	1560
cg00797490	0.224814793450357	1560
cg08864318	0.22481332654330619	1560
cg13640804	0.22480772988185693	1560
cg15894808	0.22480518066632846	1560
cg14917572	0.22480369593412705	1560
cg08493338	0.22480284347632964	1560
cg00239420	0.22480283123097797	1560
cg00645431	0.22480228462552268	1560
cg02769252	0.2248011407943062	1560
cg10201192	0.22480087819737699	1560
cg12152315	0.2247983143284857	1560
cg11745755	0.22479684299785502	1560
cg05184586	0.22479471592115732	1560
cg16138775	0.2247929731694184	1560
cg15324978	0.22479273962104984	1560
cg17675298	0.2247925340516805	1560
cg03403688	0.2247894394348131	1560
cg00239272	0.22478817725509123	1560
cg08453263	0.22478068613380833	1560
cg09548897	0.22477883886326358	1560
cg02341605	0.22477850083961973	1560
cg04353660	0.22477735115369507	1560
cg25355645	0.22477713999409277	1560
cg24274995	0.22477703021521966	1560
cg25136408	0.2247754770913588	1560
cg00803580	0.22477517811583683	1560
cg06411434	0.2247741725032126	1560
cg05993512	0.2247710315227766	1560
cg08863775	0.22476981651991176	1560
cg14419393	0.2247695525344317	1560
cg04802911	0.22476630789241744	1560
cg10702755	0.22476522645022395	1560
cg02311702	0.2247647042112612	1560
cg06314184	0.2247636630515009	1560
cg12357364	0.22476345394920688	1560
cg03535253	0.22476234505231182	1560
cg16893463	0.2247600231338478	1560
cg04745079	0.22475905861209416	1560
cg17202879	0.22475840282954215	1560
cg06846441	0.22475815437552893	1560
cg13200474	0.22475649314496107	1560
cg02454028	0.22475058127681294	1560
cg14946011	0.22474714017740566	1560
cg02284814	0.22474480320657692	1560
cg25522232	0.22474398135307067	1560
cg04419871	0.22473946564374309	1560
cg11383802	0.2247363139520579	1560
cg11018432	0.22473547025231114	1560
cg03376062	0.2247327040489463	1560
cg23569120	0.22473241826921253	1560
cg04131638	0.22473167434730665	1560
cg05837235	0.22473104710436576	1560
cg01468921	0.2247310320929154	1560
cg12637786	0.22473003000302638	1560
cg16650443	0.22472971484580925	1560
cg08858723	0.22472582657413748	1560
cg17226399	0.2247246951516512	1560
cg17956964	0.2247231092924684	1560
cg12539349	0.2247225216618515	1560
cg03822159	0.2247221237712929	1560
cg05791870	0.22472154611595385	1560
cg05759250	0.22471936440024415	1560
cg15210314	0.22471863977872847	1560
cg16751659	0.22471800823921856	1560
cg02277326	0.22471749839868996	1560
cg09153759	0.2247158654804964	1560
cg09749862	0.2247140872983478	1560
cg25405807	0.2247130145420733	1560
cg25945449	0.22470902074093593	1560
cg07690734	0.22470706418034697	1560
cg05664225	0.22470422252931951	1560
cg02715021	0.2247028429935977	1560
cg10199770	0.22470163980030436	1560
cg04270982	0.224699651677065	1560
cg18832217	0.2246981960686954	1560
cg12263872	0.22469696088494692	1560
cg00995209	0.22469631088295486	1560
cg07799035	0.2246946700988958	1560
cg02005847	0.22469334478872197	1560
cg23338922	0.22469169212224407	1560
cg04803424	0.2246915658035327	1560
cg07435647	0.2246905990135501	1560
cg04893402	0.22468605455039725	1560
cg07859478	0.22468500481846373	1560
cg11663302	0.22468281978630322	1560
cg20537325	0.22468059242321667	1560
cg02061253	0.22467090100143666	1560
cg26105660	0.22466369229668592	1560
cg16402758	0.22466230228903497	1560
cg13431108	0.22466185226110336	1560
cg14777509	0.2246614462462776	1560
cg05933219	0.2246605645022338	1560
cg16521032	0.22466030346573657	1560
cg02673484	0.22465839451483272	1560
cg24986058	0.22465721427437452	1560
cg14194835	0.2246571393890112	1560
cg05375100	0.22465503817854668	1560
cg20911304	0.22465424454702967	1560
cg14554176	0.22465309759574084	1560
cg20457891	0.22465237493336943	1560
cg16773043	0.22465224299644762	1560
cg00492691	0.22465140740779616	1560
cg14241609	0.22465098886310514	1560
cg23036449	0.2246493788329668	1560
cg09093409	0.22464866980188747	1560
cg07276550	0.22464838177768354	1560
cg06357549	0.22464812599404183	1560
cg06372919	0.22464355334920397	1560
cg19424820	0.22464250477735062	1560
cg17936495	0.22463578185577912	1560
cg00821051	0.22463448855743173	1560
cg20771846	0.2246330913226974	1560
cg06344268	0.2246322477926015	1560
cg25754733	0.22463171624579534	1560
cg11961702	0.22462977911894733	1560
cg09252377	0.2246288150096147	1560
cg16342389	0.22462879529881877	1560
cg14130908	0.2246270693308536	1560
cg15365028	0.22462684448788012	1560
cg16487573	0.22462547154237675	1560
cg02396005	0.22462535581011953	1560
cg21621910	0.22462301806900908	1560
cg19517108	0.22461732609662	1560
cg17119066	0.22461608974262282	1560
cg12513847	0.22461587257925725	1560
cg03567656	0.22461473743265162	1560
cg09663219	0.22461447731305983	1560
cg22519738	0.22461408827260584	1560
cg19563415	0.2246060312982474	1560
cg22475867	0.224606027742618	1560
cg25728994	0.22460580302739083	1560
cg08537300	0.22460572706955242	1560
cg13667464	0.22460362233296927	1560
cg11151021	0.2245983124570888	1560
cg06956805	0.22459761824750885	1560
cg11875268	0.22459605258966328	1560
cg27056175	0.22459540540485531	1560
cg05990008	0.22459150646972018	1560
cg25967745	0.22459121545290686	1560
cg15745205	0.22458996625013194	1560
cg26925590	0.22458304047898017	1560
cg22901100	0.22458219458863943	1560
cg05581820	0.22458184466586126	1560
cg06956652	0.22458178573622914	1560
cg26874015	0.22457968961445848	1560
cg11874451	0.22457849673386784	1560
cg03637703	0.2245779046629805	1560
cg13047067	0.22457720606168688	1560
cg16138453	0.22457682713185537	1560
cg10294252	0.22457401113866993	1560
cg18588930	0.22457183424461075	1560
cg13071306	0.22457110202204786	1560
cg16409970	0.22456741258666654	1560
cg13793510	0.22456675508935567	1560
cg05407778	0.22456444565442774	1560
cg08214693	0.22456395165651347	1560
cg27210852	0.22456380578974372	1560
cg07071206	0.2245629062825921	1560
cg16434156	0.22456249282091187	1560
cg19830626	0.22456232599128403	1560
cg08411881	0.22456163433352574	1560
cg20768313	0.22456157101768962	1560
cg14994483	0.22456133000478412	1560
cg04422024	0.22456092920659615	1560
cg01779645	0.22456088716949862	1560
cg25367890	0.22455823733041627	1560
cg18057128	0.22455823636888353	1560
cg03104808	0.2245564991018704	1560
cg14969320	0.2245557171325545	1560
cg16651606	0.22455470447812367	1560
cg23087358	0.22455438237454545	1560
cg13224075	0.2245515364332076	1560
cg26099466	0.22455108608744462	1560
cg22580292	0.2245462777383613	1560
cg07992594	0.22454458542431707	1560
cg21300719	0.2245407956554094	1560
cg06940574	0.22453838976972698	1560
cg15446945	0.22453779894522252	1560
cg13493560	0.22453482578317	1560
cg15770585	0.22453480026161274	1560
cg07276358	0.2245347920700354	1560
cg19372504	0.2245313335840391	1560
cg04619450	0.22453092145946968	1560
cg00882770	0.22452974294779648	1560
cg00602726	0.22452899706641408	1560
cg19655483	0.22451991930417098	1560
cg14556286	0.22451535163409306	1560
cg15893285	0.2245121812230953	1560
cg07605236	0.22450938502149415	1560
cg12845895	0.22450778980332742	1560
cg02175030	0.2245027237156271	1560
cg03695448	0.22450077480323377	1560
cg02821705	0.22449962818073288	1560
cg05193662	0.2244976719553356	1560
cg02414618	0.22449724784566483	1560
cg12766383	0.2244970988206036	1560
cg10769017	0.2244891122113771	1560
cg03371662	0.2244862736415318	1560
cg23842695	0.22448532419462627	1560
cg12160850	0.22448424262687275	1560
cg27462820	0.22448411346770356	1560
cg08757721	0.22448298027885616	1560
cg12925355	0.2244827030244845	1560
cg11389011	0.22448137196673842	1560
cg27013455	0.2244789945262215	1560
cg25067877	0.2244772583873251	1560
cg21498950	0.2244740771003599	1560
cg11641840	0.22447369561048963	1560
cg09207353	0.22447353420370936	1560
cg09203029	0.224473024518372	1560
cg01521688	0.22447041057597317	1560
cg07198365	0.2244688585927566	1560
cg17653955	0.22446289494505728	1560
cg12935694	0.2244617320879615	1560
cg04239911	0.22445852785052756	1560
cg06844452	0.2244561346832392	1560
cg10317827	0.2244559238011481	1560
cg21384857	0.22445510944982122	1560
cg03953196	0.22445247502925375	1560
cg27535237	0.22445063701910592	1560
cg05139301	0.22444938272387435	1560
cg16334617	0.22444726971298132	1560
cg10193069	0.22444580606252917	1560
cg17873998	0.2244453281417681	1560
cg05897008	0.22444480739572797	1560
cg12062537	0.2244448049512072	1560
cg08602214	0.22444454056745664	1560
cg22083073	0.22444436616664232	1560
cg14304626	0.2244439353279413	1560
cg05293990	0.22444119459827322	1560
cg02681858	0.22443992040171662	1560
cg12372745	0.22443822342532666	1560
cg19841447	0.22443559453064027	1560
cg08976316	0.22443556884683452	1560
cg13495025	0.22442779654217668	1560
cg11358549	0.2244276244143993	1560
cg14275693	0.22442720422589016	1560
cg14240735	0.22442612667790185	1560
cg03627705	0.22442573419329367	1560
cg00240378	0.22442551443656408	1560
cg09911554	0.22442512262384234	1560
cg03477609	0.22442257883919045	1560
cg08569253	0.22442247515927513	1560
cg20697886	0.22442211458133005	1560
cg19090068	0.2244194549846438	1560
cg06136617	0.22441879745614166	1560
cg26641275	0.22441825900617773	1560
cg27582173	0.22441368696402136	1560
cg14081933	0.22441311060745917	1560
cg06349717	0.22441117098668698	1560
cg02556526	0.2244096069973009	1560
cg27185772	0.22440621657655138	1560
cg22485774	0.22440575424938583	1560
cg20467755	0.2244052660464252	1560
cg17687442	0.22440439048292238	1560
cg07798295	0.22440157624880547	1560
cg10774480	0.22440138001889656	1560
cg01228352	0.22439858691639483	1560
cg14139875	0.22439637428664666	1560
cg15998961	0.22439576174202827	1560
cg14970386	0.22439225693391213	1560
cg19427573	0.224391947285178	1560
cg04300687	0.2243911081156588	1560
cg12292584	0.22438921358153827	1560
cg14100211	0.22438805537755685	1560
cg08024109	0.22438610205927303	1560
cg18709144	0.22438489735440786	1560
cg17598724	0.22438231383326201	1560
cg19622597	0.22438107044301045	1560
cg11736091	0.22437860966950543	1560
cg26871386	0.22437810390289703	1560
cg08608762	0.22437535203859466	1560
cg08350962	0.2243745607820233	1560
cg25873532	0.22437366325416472	1560
cg02150714	0.2243711386251553	1560
cg05085504	0.2243709988178833	1560
cg04909259	0.2243672063088806	1560
cg03597034	0.22436587545656037	1560
cg04148884	0.22436509761557724	1560
cg26311420	0.22436499977628532	1560
cg10910267	0.2243630720888157	1560
cg02803604	0.22436283177180047	1560
cg19713565	0.2243626233525038	1560
cg11269793	0.2243598641900402	1560
cg20001360	0.22435682909048568	1560
cg25012023	0.2243553303547082	1560
cg06024113	0.22435285684827186	1560
cg13494126	0.2243522683565144	1560
cg13822122	0.2243490047643646	1560
cg07222250	0.22434873691833904	1560
cg11805852	0.22434342045236624	1560
cg18093619	0.2243413826590114	1560
cg27324804	0.22434109115503054	1560
cg26797723	0.22434104332607074	1560
cg10733080	0.22434084161245937	1560
cg22933161	0.22433915087830536	1560
cg07343122	0.22433584118341404	1560
cg17904068	0.22433547453103486	1560
cg09362543	0.22433321353225666	1560
cg24005360	0.224332472632188	1560
cg04894009	0.22433062263710057	1560
cg09528520	0.22433060819211634	1560
cg22785261	0.22432853214247475	1560
cg01013031	0.22432845864601775	1560
cg09528988	0.22432489811346973	1560
cg02310658	0.22432332570893251	1560
cg17499859	0.2243209195423704	1560
cg06701627	0.22431936714799464	1560
cg21660452	0.2243152357743456	1560
cg23023044	0.2243152216717993	1560
cg02635644	0.22431494924455403	1560
cg19940052	0.22431478254874335	1560
cg07720403	0.22431437927526843	1560
cg01239268	0.224312913286478	1560
cg12268263	0.2243109513901365	1560
cg09369294	0.22430790324867228	1560
cg09062198	0.22430761040608835	1560
cg10529812	0.22430720064496487	1560
cg20449283	0.2243047638552988	1560
cg00815117	0.22430271998757031	1560
cg14005827	0.2242953829182328	1560
cg14630369	0.22428971728535965	1560
cg16762534	0.22428740784044035	1560
cg06161317	0.22428607572343934	1560
cg14833732	0.22428308546239	1560
cg16964464	0.224279905595678	1560
cg19025224	0.22427872642079644	1560
cg01986757	0.22427838202645736	1560
cg05358183	0.22427550687646836	1560
cg05884938	0.22427425201382764	1560
cg08098951	0.22427153995061325	1560
cg25409794	0.22427095706245093	1560
cg16270079	0.22427006995167395	1560
cg25720578	0.22426780428118243	1560
cg04717320	0.2242641409275632	1560
cg13572172	0.22426269808471394	1560
cg00613732	0.22425708389155524	1560
cg15777335	0.22425639371165024	1560
cg18489346	0.22425055762153598	1560
cg14610776	0.22425037799194672	1560
cg00771108	0.22424897314433145	1560
cg24787593	0.22424584064883418	1560
cg05506448	0.2242450841118298	1560
cg23703216	0.22424501984350406	1560
cg15972516	0.22424454726346274	1560
cg06867543	0.22424425309129514	1560
cg24140574	0.22424378436302178	1560
cg20325032	0.2242430075254495	1560
cg06657217	0.2242429595875468	1560
cg10607557	0.22424184007186945	1560
cg05273429	0.22423814620013577	1560
cg08622675	0.22423711871141488	1560
cg06077741	0.22423464955435446	1560
cg03200734	0.2242342435624567	1560
cg01724011	0.22423321203133292	1560
cg13530679	0.22422699331042562	1560
cg21058973	0.22422599494375278	1560
cg13340085	0.22422399437801416	1560
cg00386984	0.22422271335248847	1560
cg10195415	0.22422059557835486	1560
cg01927550	0.22422054236050667	1560
cg09484580	0.22421715721191754	1560
cg04611087	0.22421228266847104	1560
cg22949575	0.22421169793330792	1560
cg26786172	0.22420984312886907	1560
cg13461718	0.2242094255508289	1560
cg14503165	0.22420914320750557	1560
cg06160221	0.22420843651200692	1560
cg20370839	0.22420404153825405	1560
cg00007036	0.22420382784038853	1560
cg14861857	0.22420271070527711	1560
cg08239933	0.2242024375635675	1560
cg14499933	0.22420224054734567	1560
cg00702729	0.22419619232908197	1560
cg03106090	0.2241943597664066	1560
cg24512311	0.22419343287629814	1560
cg15593721	0.2241924690836647	1560
cg23635663	0.22418859744001715	1560
cg21232767	0.22418793149668548	1560
cg13980079	0.22418317858291426	1560
cg07890827	0.22418133304047405	1560
cg10246881	0.22418001965765702	1560
cg18594033	0.22417232425973693	1560
cg26489080	0.224169910680816	1560
cg05598886	0.2241655449542993	1560
cg11143131	0.22416443496275776	1560
cg25258258	0.2241643152518907	1560
cg12123154	0.2241636414927171	1560
cg27539721	0.22416036916086712	1560
cg05447579	0.22415892926452524	1560
cg05309760	0.22415695416728484	1560
cg13466901	0.22415587875268922	1560
cg19441128	0.22415182103340928	1560
cg25597084	0.22415154842440457	1560
cg05742082	0.22414866814573162	1560
cg21746573	0.2241483688229894	1560
cg26122004	0.2241432860057891	1560
cg07805959	0.22414224485824163	1560
cg09172770	0.2241413729549398	1560
cg10541043	0.2241378816068586	1560
cg13251533	0.22413723917501713	1560
cg04440724	0.22413571864473206	1560
cg00794209	0.22413309421985098	1560
cg07969602	0.224131088019532	1560
cg14859317	0.22413086901389895	1560
cg08825286	0.2241305690637394	1560
cg22413635	0.22412717592679268	1560
cg10780234	0.22412574873790567	1560
cg08223771	0.22412319792564905	1560
cg16102793	0.22412247485702183	1560
cg25683963	0.22411995795248138	1560
cg01780092	0.22411988138390296	1560
cg02698770	0.22411746983574274	1560
cg26101170	0.2241157107266262	1560
cg02408009	0.22411456070649266	1560
cg23053658	0.22411386811024775	1560
cg19791591	0.22411121318392638	1560
cg00776166	0.22410933679348058	1560
cg24140939	0.22410572308520732	1560
cg09655876	0.2241053693058195	1560
cg11570508	0.22410527215966694	1560
cg09220393	0.22410304273323728	1560
cg19509830	0.22410206985333297	1560
cg15844687	0.2241004802488529	1560
cg23817672	0.22409581614111265	1560
cg00701809	0.2240947805991058	1560
cg07470396	0.22409439073955345	1560
cg25914109	0.2240887522821114	1560
cg12073177	0.22408698134625687	1560
cg04950423	0.22408555448120063	1560
cg00311667	0.22408451003200722	1560
cg07462322	0.2240836323529556	1560
cg20971342	0.22408347715043403	1560
cg09213780	0.22408325380978003	1560
cg24740515	0.22408272226361925	1560
cg27653399	0.22408148808584227	1560
cg23391165	0.22407893786837257	1560
cg18011872	0.22407815858787236	1560
cg21009747	0.22407765951524272	1560
cg01055748	0.2240774929316871	1560
cg06554036	0.22407586157811235	1560
cg04547809	0.22407576720472422	1560
cg06070493	0.22407515915208864	1560
cg02709064	0.2240740229534318	1560
cg17594592	0.22406448950955976	1560
cg23108922	0.22406297083772964	1560
cg05561555	0.22406292474655876	1560
cg16622514	0.22405931103194535	1560
cg04552378	0.224059192120638	1560
cg01205019	0.2240590044509984	1560
cg10401356	0.2240563025838899	1560
cg07647405	0.2240558514184063	1560
cg08454917	0.22405534634828483	1560
cg27431500	0.2240546872500344	1560
cg03864089	0.2240527189176561	1560
cg10795014	0.22405205335416467	1560
cg14339778	0.22405067170563678	1560
cg26834624	0.22404863715855572	1560
cg12579612	0.22404699201667475	1560
cg11553795	0.2240463471579835	1560
cg27177415	0.2240459610658797	1560
cg04135806	0.2240450986804888	1560
cg03448241	0.22404245718321764	1560
cg01361261	0.22404223679401938	1560
cg05590948	0.2240422330658534	1560
cg14513222	0.22404189278618425	1560
cg18973457	0.22403503786167542	1560
cg05730992	0.22403108986363082	1560
cg10692302	0.22403096672340758	1560
cg16221651	0.22403001956940738	1560
cg11645098	0.2240281790836185	1560
cg11633280	0.22402736222042877	1560
cg25002056	0.2240268057928415	1560
cg18451131	0.22402541326418196	1560
cg02207130	0.2240248939103971	1560
cg20466196	0.22402447993594188	1560
cg15457314	0.22402250050298617	1560
cg06952288	0.22401976616926345	1560
cg12078820	0.2240184462219239	1560
cg15558634	0.22401650430967496	1560
cg03320521	0.22401589160060092	1560
cg20356241	0.22401231412168313	1560
cg16039972	0.22401155623470245	1560
cg12615914	0.22400994875836142	1560
cg21342307	0.22400983369942995	1560
cg16159313	0.22400784575433846	1560
cg14689317	0.22400739697643013	1560
cg13027177	0.22400486394055985	1560
cg25200416	0.22400298430272927	1560
cg17032565	0.22400188369126398	1560
cg09768859	0.22400157059223433	1560
cg24461337	0.2239976243502076	1560
cg09040277	0.2239961847740674	1560
cg21010753	0.22399423375107047	1560
cg19831935	0.22399346170079742	1560
cg27249906	0.2239928113613264	1560
cg27165867	0.22399252400313582	1560
cg10242486	0.22399219117171143	1560
cg20442224	0.22399131926406732	1560
cg23779644	0.22398724377487045	1560
cg05968258	0.2239864549049699	1560
cg02085794	0.2239861334765117	1560
cg13503773	0.22398547128328064	1560
cg21871213	0.22398301366385487	1560
cg16956999	0.22397793536101915	1560
cg20462300	0.22397619319846235	1560
cg01313234	0.22397569791913938	1560
cg14445341	0.2239756575583323	1560
cg14101442	0.22397337604315365	1560
cg22939043	0.2239732702957492	1560
cg05012672	0.22397127850686707	1560
cg07516702	0.22397031115663824	1560
cg23104930	0.22396902035548247	1560
cg25465606	0.22396600041406925	1560
cg13938702	0.22396515562154923	1560
cg05780637	0.22396508910051674	1560
cg12565579	0.22396327496844567	1560
cg17496877	0.22396231584028536	1560
cg18422423	0.22396184184337334	1560
cg06056514	0.22396137743285888	1560
cg03209882	0.22395833406858584	1560
cg00935361	0.22395761079700935	1560
cg13374701	0.22395657186531295	1560
cg15588177	0.22395636396711108	1560
cg14258857	0.22395594779123118	1560
cg02647825	0.2239558386647077	1560
cg26469302	0.22395510447264402	1560
cg08105005	0.22395426572221064	1560
cg12633739	0.2239541538556469	1560
cg21521107	0.22395380363487252	1560
cg23112651	0.22394623470479547	1560
cg09489249	0.22394548047160712	1560
cg08460326	0.22394310314553206	1560
cg18201392	0.2239421008801825	1560
cg26531174	0.2239417735892276	1560
cg19806833	0.22394020736286918	1560
cg17249997	0.2239373122328805	1560
cg22240715	0.22393654331824972	1560
cg09918512	0.22393640892804445	1560
cg11800710	0.22393610987354598	1560
cg18344811	0.22393585531433025	1560
cg02655681	0.22393460369709792	1560
cg23508264	0.2239291029307944	1560
cg04898358	0.22392751506378794	1560
cg16783412	0.22392521947880364	1560
cg10543136	0.22392506523416536	1560
cg13371407	0.22392436420280767	1560
cg22730991	0.22392303845101882	1560
cg07499066	0.22392212497774536	1560
cg19315453	0.22392155323778956	1560
cg18034092	0.22391949703022052	1560
cg01718733	0.2239180604936352	1560
cg00876376	0.2239166931307497	1560
cg26965151	0.22391649812176403	1560
cg26348259	0.22391546586738564	1560
cg13751265	0.22391437019105823	1560
cg12452542	0.22391229343627425	1560
cg15516191	0.2239101492977692	1560
cg23956844	0.22390874868870533	1560
cg19866673	0.22390610746711595	1560
cg19981151	0.22390481504914467	1560
cg25772039	0.22390407276911917	1560
cg04999309	0.22390288528878663	1560
cg10702113	0.2239020794476885	1560
cg06520088	0.2239018114913074	1560
cg05570831	0.2238985554082578	1560
cg15357639	0.22389717125817346	1560
cg00289762	0.22389628908187603	1560
cg09454613	0.22389292212216963	1560
cg16551481	0.22389223172681608	1560
cg10701000	0.22389140875233893	1560
cg23284292	0.22389131035885476	1560
cg01131289	0.22388709640535634	1560
cg25499573	0.223885701243809	1560
cg11103393	0.22388494486207428	1560
cg07733198	0.22388188185862498	1560
cg03648690	0.22387920768083097	1560
cg05847755	0.22387837874279246	1560
cg24679317	0.223876383303007	1560
cg26768605	0.22387512018777736	1560
cg11855834	0.22387418437338444	1560
cg04460548	0.22387395670810709	1560
cg06952006	0.22386956680428566	1560
cg14593536	0.22386561449849784	1560
cg04722382	0.22386539702749714	1560
cg16172026	0.22386139072982922	1560
cg26134320	0.22386077620246386	1560
cg02827643	0.2238597206090364	1560
cg27533201	0.22385895910554302	1560
cg16929318	0.22385892496062837	1560
cg05965188	0.22385872174268784	1560
cg10432846	0.22385583499631165	1560
cg09723184	0.22385538046917355	1560
cg17179570	0.2238546319284558	1560
cg26495393	0.2238541150611845	1560
cg26803802	0.22385366322382844	1560
cg17717091	0.22385332378825853	1560
cg02368177	0.22385258882895773	1560
cg02936752	0.2238524736580983	1560
cg12975709	0.22384854758638398	1560
cg01013738	0.2238482475347425	1560
cg23068821	0.22384807288897457	1560
cg05651176	0.22384769949412395	1560
cg24312850	0.22384744107677643	1560
cg03295361	0.22384707545469376	1560
cg06521088	0.22384496613156923	1560
cg17036744	0.22384166834905353	1560
cg27047459	0.22384121759769743	1560
cg13318091	0.22384044601836167	1560
cg04964562	0.22384020374055438	1560
cg18311516	0.22383598238877195	1560
cg04500745	0.22383561565118967	1560
cg12662401	0.22383337091032254	1560
cg04735168	0.22383257712006221	1560
cg07162905	0.22382977863900502	1560
cg13480614	0.22382974234257696	1560
cg04171554	0.2238277263982258	1560
cg07943548	0.22382502426571185	1560
cg16782493	0.223825010404886	1560
cg24227730	0.223823413950133	1560
cg19310653	0.2238228915640006	1560
cg20447301	0.22382267216140628	1560
cg18929428	0.2238218297508526	1560
cg09125402	0.22382116453858936	1560
cg04802034	0.22381912070136672	1560
cg09470905	0.22381892722071894	1560
cg25617556	0.2238169228388394	1560
cg05191217	0.22381521087531028	1560
cg05171227	0.22381034104851483	1560
cg03487716	0.22380976535418645	1560
cg14941975	0.2238094706001248	1560
cg04091405	0.22380221078962687	1560
cg15885953	0.2238020772267165	1560
cg08291049	0.22379992074952784	1560
cg01339929	0.22379864989250653	1560
cg02158822	0.22379856074289375	1560
cg20464951	0.22379551028656866	1560
cg21249481	0.22379349627079276	1560
cg14041701	0.22379321457124848	1560
cg20259594	0.22379281836720213	1560
cg12160186	0.22379112847545518	1560
cg14587902	0.22378888171781053	1560
cg15271942	0.22378805841245195	1560
cg26556395	0.2237872362616767	1560
cg07706607	0.2237872347728445	1560
cg24872838	0.22378490881401883	1560
cg06412917	0.22378362940844176	1560
cg19985346	0.2237823310300935	1560
cg05643703	0.2237807411450592	1560
cg13413387	0.22377868743780868	1560
cg05068686	0.22377847390767036	1560
cg06768740	0.22377168718236437	1560
cg05554891	0.22376777650828808	1560
cg13437341	0.22376706965377707	1560
cg13214005	0.22376589445525286	1560
cg07066815	0.22376494355971754	1560
cg08622280	0.22376428036646104	1560
cg26533023	0.2237630572508921	1560
cg27379520	0.22376184447152414	1560
cg13504105	0.2237605944710574	1560
cg16068383	0.22375973969497345	1560
cg18001435	0.223758162799816	1560
cg14134006	0.22375749830035419	1560
cg18398570	0.2237550525928926	1560
cg00579794	0.223752725589992	1560
cg26955337	0.2237520217317579	1560
cg06708390	0.2237461929204504	1560
cg03533051	0.22374246908328171	1560
cg02893779	0.22374116244370187	1560
cg16800785	0.2237401088179479	1560
cg00734895	0.22373882821854885	1560
cg21289555	0.22373875408854815	1560
cg08785007	0.2237375040458354	1560
cg00592695	0.22373596795795464	1560
cg25212763	0.22373064360601766	1560
cg08610935	0.22372997287281676	1560
cg18545183	0.2237284970364453	1560
cg04979655	0.223728075684149	1560
cg00705661	0.22372785220824978	1560
cg15190747	0.22372716204494572	1560
cg18795368	0.22372682020288173	1560
cg08748368	0.2237249298410914	1560
cg02693289	0.2237247931053437	1560
cg11910497	0.22372464078168094	1560
cg03072483	0.2237196704173007	1560
cg26933314	0.22371758178192502	1560
cg22909138	0.22371734762280546	1560
cg26174768	0.22371691348774073	1560
cg13614741	0.2237159658716276	1560
cg22686124	0.22371379437852756	1560
cg11884385	0.22370542269037844	1560
cg25364861	0.22370477671541547	1560
cg15391375	0.2237030081310102	1560
cg12373657	0.22370273295618007	1560
cg27089352	0.2237009675017577	1560
cg13444005	0.2236964640154145	1560
cg06430424	0.22369469658194166	1560
cg01332870	0.22369453110293794	1560
cg11540803	0.2236939766434428	1560
cg03435264	0.22369264418792997	1560
cg01704860	0.22368893242195667	1560
cg22131217	0.2236887939715952	1560
cg02902489	0.22368822906389318	1560
cg19030875	0.2236843862103894	1560
cg08373403	0.22368333488240533	1560
cg03788230	0.2236802218137879	1560
cg20776543	0.22367905529492654	1560
cg14783646	0.22367694411779307	1560
cg01511465	0.2236743662400487	1560
cg26587715	0.22367179690097067	1560
cg24027596	0.22367127352040456	1560
cg00141260	0.2236700241903248	1560
cg13223858	0.22366853157780447	1560
cg15961716	0.22366789009233756	1560
cg18069095	0.22366667084721828	1560
cg16140321	0.22366541975208276	1560
cg20389911	0.22366451831032716	1560
cg02278766	0.2236639311131923	1560
cg16434195	0.22366322559010912	1560
cg07925619	0.22366316637627498	1560
cg13303377	0.22366166902983567	1560
cg09187740	0.22365828620058087	1560
cg06650378	0.22365742023963348	1560
cg15921089	0.22365691403764706	1560
cg03900934	0.22365675439874041	1560
cg27546981	0.22365498350113108	1560
cg04783710	0.2236547832354611	1560
cg27255454	0.2236547124686591	1560
cg09443553	0.22365241355778254	1560
cg19641266	0.22365011416659664	1560
cg17717282	0.22364927991236866	1560
cg12661256	0.2236443331823669	1560
cg04646876	0.22364313938286448	1560
cg14945696	0.22364307498064231	1560
cg23261097	0.22363924230242854	1560
cg08322747	0.22363549372648373	1560
cg07747994	0.22363505168651518	1560
cg12814032	0.22363449524857185	1560
cg08021120	0.2236329836118051	1560
cg05463119	0.22363248860573914	1560
cg20991916	0.22362796561501858	1560
cg09988752	0.22362789250418338	1560
cg24165907	0.223626574886508	1560
cg09777095	0.22362493639412784	1560
cg13859833	0.22362231958190104	1560
cg04180483	0.22362228983456497	1560
cg26190483	0.22362086982276314	1560
cg02857643	0.22362043603398077	1560
cg18447950	0.22362039035729175	1560
cg15136600	0.22362011731892242	1560
cg04115584	0.22361825870485333	1560
cg20949223	0.22361646618206707	1560
cg20001067	0.22361597699681549	1560
cg27412039	0.22361559581347396	1560
cg11122301	0.2236144123212036	1560
cg05379891	0.22361406933705777	1560
cg01074643	0.22361129140952166	1560
cg26765599	0.22361033455188478	1560
cg16086185	0.2236094325828367	1560
cg23118401	0.22360772675776153	1560
cg07528254	0.22360288382588295	1560
cg15383338	0.22359998633659742	1560
cg12329933	0.2235999059868086	1560
cg11588889	0.22359959696932538	1560
cg09838070	0.22359565024432906	1560
cg03897436	0.2235937037659727	1560
cg01287012	0.22359145343428732	1560
cg06690825	0.2235902986715095	1560
cg06816077	0.22358980065320241	1560
cg16678545	0.22358598547971165	1560
cg07334509	0.2235812330765432	1560
cg06848775	0.22357846293158573	1560
cg06870484	0.22357821219029028	1560
cg04559485	0.22357806432259594	1560
cg26381718	0.2235776151395489	1560
cg02423471	0.22357605783706208	1560
cg21326642	0.2235742516285311	1560
cg09515665	0.22357205875294509	1560
cg09580153	0.2235660107815807	1560
cg01520447	0.22356555233579262	1560
cg25108478	0.22356521201918944	1560
cg02423579	0.2235638489629694	1560
cg09987150	0.2235597067173158	1560
cg20000541	0.22355897859724186	1560
cg22137270	0.22355874965104142	1560
cg19014664	0.2235584525878879	1560
cg06503715	0.22355290759344865	1560
cg03426194	0.22355265322549014	1560
cg02814163	0.2235523523947123	1560
cg04284660	0.22355179607947692	1560
cg15060598	0.22354836840475173	1560
cg06509362	0.22354688220440216	1560
cg15658577	0.2235425343827267	1560
cg03559389	0.22354121053109297	1560
cg10845886	0.22353975692004824	1560
cg01480054	0.2235340311566722	1560
cg01714160	0.22353328069910752	1560
cg07463633	0.22352959257572472	1560
cg08561825	0.22352870092957366	1560
cg13474004	0.22352857501974369	1560
cg11150667	0.2235271664265641	1560
cg13469504	0.2235254727880421	1560
cg12090654	0.22352216906223038	1560
cg26173420	0.22352061292732445	1560
cg23115136	0.22351936128872793	1560
cg02973843	0.2235190140012499	1560
cg26929323	0.22351669338566463	1560
cg05721790	0.22351622870390253	1560
cg01104549	0.22351606655166203	1560
cg13296578	0.2235160542490496	1560
cg23168555	0.2235148619786931	1560
cg23448774	0.22351295885062225	1560
cg01058266	0.22350993965910973	1560
cg25912870	0.22350873730908807	1560
cg19087643	0.2235083375314478	1560
cg05612325	0.2235079598993692	1560
cg23588699	0.22350794684093309	1560
cg19375458	0.22350770424204475	1560
cg07380334	0.2235048782747041	1560
cg01837364	0.22350464365591027	1560
cg18244811	0.22350451964183926	1560
cg23001930	0.2235040139434667	1560
cg22329027	0.22350363718489996	1560
cg01996325	0.2235028717464718	1560
cg07098592	0.22349630503858317	1560
cg08018024	0.2234962714074561	1560
cg07219400	0.22349626713018406	1560
cg12405087	0.22349450696858142	1560
cg25299214	0.22349446469287018	1560
cg01485627	0.22349261910732426	1560
cg13510751	0.22349080141463348	1560
cg09848218	0.22348988661287394	1560
cg16617758	0.22348739790235422	1560
cg26993213	0.22348670649249225	1560
cg27101654	0.2234864222369984	1560
cg24923860	0.2234850339272613	1560
cg17867823	0.22348438772959575	1560
cg06188268	0.22348412337206353	1560
cg03543952	0.22348231353601306	1560
cg17410603	0.22348043288787592	1560
cg01503640	0.22347821832412126	1560
cg11170685	0.22347591003056594	1560
cg25695424	0.22347584597788267	1560
cg17332150	0.2234757188279874	1560
cg15728549	0.22347440231880417	1560
cg09096159	0.22347323975138508	1560
cg02878821	0.22347244285483808	1560
cg23963070	0.22347151366133167	1560
cg09266881	0.22347071057869503	1560
cg20884780	0.2234705083001218	1560
cg05104099	0.2234700268891696	1560
cg13918314	0.22346280009015085	1560
cg16838980	0.2234624818615829	1560
cg13914990	0.22345997650541968	1560
cg15219014	0.22345939345112706	1560
cg22515303	0.22345643683792188	1560
cg07453683	0.22345626635445864	1560
cg03036422	0.22345461897393334	1560
cg22066065	0.2234535500169839	1560
cg22000938	0.22345060529995578	1560
cg00106739	0.2234471611059252	1560
cg11151524	0.223446470778916	1560
cg09629753	0.22344411532369965	1560
cg14368954	0.22344403670785656	1560
cg19707243	0.22344390925552524	1560
cg26012578	0.22344187282107286	1560
cg18037489	0.22344155999309762	1560
cg02842850	0.22343772241160342	1560
cg11836154	0.22343729688022693	1560
cg17788536	0.22343708224479503	1560
cg14624294	0.22343646516507135	1560
cg06932713	0.22343243402689106	1560
cg10423427	0.2234314069377337	1560
cg07723322	0.22343128378892257	1560
cg13114125	0.22343121920591993	1560
cg11192877	0.22342737173274574	1560
cg20384632	0.22342054433153394	1560
cg04586563	0.2234179211016323	1560
cg04321497	0.22341645839445506	1560
cg19953799	0.22341283488820451	1560
cg14632469	0.223412002676888	1560
cg18588835	0.22341085041389167	1560
cg18475668	0.22341021790929455	1560
cg04324746	0.22340506038401095	1560
cg21249582	0.22339150101647942	1560
cg08921185	0.2233913130333187	1560
cg06395490	0.22339096908987024	1560
cg03573975	0.22339053556603594	1560
cg15277535	0.22338926477130003	1560
cg00639517	0.22338881898682209	1560
cg09976716	0.22338757250221597	1560
cg03935709	0.22338655455575063	1560
cg14010305	0.22338288889571042	1560
cg10246772	0.22338193619792623	1560
cg10885956	0.22338058554799936	1560
cg20823730	0.223380147101868	1560
cg14318489	0.22337985055764353	1560
cg09020928	0.2233714267224002	1560
cg03108419	0.22337118002749615	1560
cg22891012	0.22337074921347552	1560
cg04781741	0.22337019655662926	1560
cg22599148	0.22337018019723798	1560
cg09863094	0.22336668227238932	1560
cg07940971	0.22336377405290156	1560
cg20853001	0.22336235972605314	1560
cg02025656	0.22336087311218183	1560
cg02446170	0.22336077065575824	1560
cg03965764	0.22335949814329217	1560
cg06093070	0.2233575559613355	1560
cg14990430	0.22335570189363785	1560
cg20435345	0.2233519793777917	1560
cg18334332	0.2233503110041188	1560
cg10923702	0.22334944756313788	1560
cg13263778	0.22334940163353398	1560
cg10768564	0.2233484886718773	1560
cg22599477	0.22334829450447616	1560
cg11990308	0.22334783900535157	1560
cg10452248	0.22334595805536175	1560
cg26833781	0.2233449593970749	1560
cg00049691	0.22334464410355065	1560
cg14352140	0.2233413971238814	1560
cg25191611	0.22334092120839139	1560
cg09319815	0.22333900411933338	1560
cg15465343	0.2233387862188689	1560
cg06641889	0.22333858016213673	1560
cg22755296	0.22333614306529218	1560
cg13226145	0.22333568987330446	1560
cg08597019	0.22333195380087126	1560
cg17981121	0.22333136385388339	1560
cg07744536	0.22333102342673192	1560
cg01533689	0.22332795652451826	1560
cg09869286	0.22332598163004785	1560
cg06833347	0.22332440220171623	1560
cg18712806	0.2233194971057852	1560
cg11282220	0.2233193951356722	1560
cg13153740	0.22331880170213558	1560
cg00367532	0.22331859124820636	1560
cg00210189	0.22331498038374106	1560
cg16692211	0.2233142775188256	1560
cg04864755	0.2233138671072169	1560
cg18678211	0.22331339337451697	1560
cg17279085	0.2233122723304947	1560
cg21223353	0.22330775654653895	1560
cg10317445	0.2233037470683666	1560
cg19762508	0.2233035095426928	1560
cg12857785	0.22330308753698208	1560
cg00081347	0.2233018812333255	1560
cg10967280	0.2232980578488516	1560
cg17407435	0.22329668777056214	1560
cg08434186	0.2232965290866191	1560
cg09436393	0.22329438413368113	1560
cg23835377	0.22329343978720934	1560
cg22202401	0.22328982755195093	1560
cg11218432	0.2232893929416917	1560
cg05694095	0.22328545440031178	1560
cg04621795	0.22328474171221632	1560
cg23205807	0.22328322939272083	1560
cg23437573	0.22328312800425107	1560
cg21585640	0.2232828524588557	1560
cg09114203	0.22328256458825557	1560
cg22337169	0.22328208021507182	1560
cg00021786	0.22328001653461943	1560
cg14068702	0.22327985571309836	1560
cg27548644	0.2232788048368312	1560
cg17452880	0.223277467564272	1560
cg23081121	0.2232771759333197	1560
cg13519953	0.22327549077382192	1560
cg05175353	0.22327496183212034	1560
cg22627646	0.2232701939170231	1560
cg10939960	0.22326933048245667	1560
cg20251481	0.22326871139775797	1560
cg22603960	0.22326344274512597	1560
cg26809488	0.223261519916201	1560
cg21506220	0.22326149357559724	1560
cg25742365	0.22325957339691568	1560
cg01733459	0.22325878346238023	1560
cg20935156	0.22325684057111686	1560
cg13938035	0.22325663499333392	1560
cg03377396	0.22325379307985374	1560
cg08744097	0.2232534035746806	1560
cg06376992	0.22325240582557968	1560
cg05151461	0.22325214356349804	1560
cg00703819	0.22324986666597063	1560
cg09303293	0.22324935512232413	1560
cg02871210	0.22324882841000698	1560
cg19569013	0.22324721695219754	1560
cg11692031	0.2232470886802844	1560
cg00145404	0.22324657920009927	1560
cg03885098	0.2232455878063577	1560
cg09511662	0.22324385689288395	1560
cg10231021	0.22324315997734379	1560
cg25596655	0.223242059495155	1560
cg10547527	0.223241570069963	1560
cg23218473	0.2232361303911404	1560
cg07521889	0.22323391056101238	1560
cg01116188	0.2232332414704015	1560
cg09158218	0.22323264470389212	1560
cg20609063	0.2232326428282031	1560
cg17894798	0.22323249994381125	1560
cg03674841	0.2232319149825211	1560
cg12395150	0.22322985609564225	1560
cg11729107	0.22322921864500397	1560
cg21035402	0.22322773569111903	1560
cg21960828	0.22322673376123636	1560
cg20298978	0.22322665358191676	1560
cg19459432	0.22322266940302568	1560
cg20538228	0.22321704344973853	1560
cg25933015	0.22321517874282418	1560
cg07971143	0.22321453715107967	1560
cg05176964	0.22321313282298277	1560
cg05943731	0.2232121658269248	1560
cg23844154	0.22321116197296348	1560
cg15857889	0.22321073682471382	1560
cg03329747	0.22320910228249316	1560
cg12864541	0.2232056976731487	1560
cg06661638	0.22320342319944864	1560
cg09870721	0.22320228709573733	1560
cg26663063	0.22320123683843707	1560
cg06959457	0.2232004867519382	1560
cg00071408	0.22320047959375292	1560
cg20590175	0.22319921530140968	1560
cg06025671	0.22319873239930255	1560
cg12829298	0.22319692291907103	1560
cg01812947	0.223196698460031	1560
cg06519044	0.22319349956965703	1560
cg26559250	0.2231856422940082	1560
cg08384112	0.2231834232521416	1560
cg00969251	0.2231816471796771	1560
cg18017627	0.22318164203323418	1560
cg18906324	0.2231811159552197	1560
cg07205857	0.22318027348198677	1560
cg16199907	0.22318025313444342	1560
cg22648015	0.22317940597609914	1560
cg22127773	0.2231793672173977	1560
cg16842291	0.22317719419641602	1560
cg11099009	0.2231756595400348	1560
cg17584633	0.22317557640538765	1560
cg03672066	0.22317531142722283	1560
cg22467470	0.22317371268866226	1560
cg10075405	0.22317322380372157	1560
cg03298034	0.22317298378856104	1560
cg05727180	0.22317281111314868	1560
cg13934015	0.22317262999269616	1560
cg10669449	0.22317212935540462	1560
cg19612504	0.22317201610436435	1560
cg16396153	0.22317145286689913	1560
cg05425464	0.2231714021394383	1560
cg12099191	0.22317018356889987	1560
cg09509877	0.22316743687504192	1560
cg25196881	0.2231668003119678	1560
cg22201615	0.22316668589879307	1560
cg27353308	0.22316520770362108	1560
cg12397564	0.2231645576226452	1560
cg16593941	0.22316394972090364	1560
cg22942522	0.22316386163565793	1560
cg02536199	0.22316352303428622	1560
cg10139037	0.22316236640877332	1560
cg15051239	0.22316165189598605	1560
cg06709610	0.22316112959038104	1560
cg03162686	0.2231603000418796	1560
cg01099045	0.22315915127569028	1560
cg26294458	0.2231587602479354	1560
cg05143869	0.22315841065952263	1560
cg01315621	0.22315811344181577	1560
cg07428200	0.22315795992334192	1560
cg10159923	0.22315774312729594	1560
cg12944146	0.22315661331532297	1560
cg15465367	0.22315640982377974	1560
cg24093831	0.223155193711404	1560
cg20071305	0.22315353140879562	1560
cg22848757	0.2231535183883734	1560
cg24972056	0.22315117972064305	1560
cg16199219	0.22314744848328633	1560
cg10301869	0.2231458739268887	1560
cg23397909	0.22314550069916952	1560
cg13481374	0.22314443475022805	1560
cg06066251	0.22314309455026943	1560
cg23986474	0.2231408140701307	1560
cg26272616	0.22314014809465307	1560
cg12702304	0.2231385691241957	1560
cg09180464	0.2231376010519119	1560
cg01911323	0.2231369420873582	1560
cg05546383	0.22313420421228944	1560
cg10457436	0.22313244867755003	1560
cg15303052	0.22313212409106434	1560
cg07278332	0.22312978808364844	1560
cg19841653	0.22312829676274487	1560
cg05903223	0.2231277667332563	1560
cg16203788	0.22312738890634926	1560
cg07006325	0.22312655212420232	1560
cg25028406	0.22312589593027662	1560
cg25791773	0.22312565104075885	1560
cg27054166	0.22312451185999124	1560
cg14288953	0.2231240890489123	1560
cg22581974	0.22312391871905218	1560
cg06962326	0.22312384098726565	1560
cg21881756	0.223122120763194	1560
cg14965064	0.2231212962471009	1560
cg25513760	0.22311994492001244	1560
cg04361579	0.22311892485128876	1560
cg04724176	0.22311403111766595	1560
cg16324934	0.2231132622776285	1560
cg22343299	0.22311049656570503	1560
cg00542760	0.22311034921714282	1560
cg24580056	0.2231102162790543	1560
cg16385478	0.22310960185483233	1560
cg18244874	0.22310937551012508	1560
cg19965099	0.22310838874159306	1560
cg22960255	0.22310526635954267	1560
cg03299891	0.22310526090145083	1560
cg12968540	0.22310523781187114	1560
cg04604752	0.2231038581694593	1560
cg06862343	0.22310377232884665	1560
cg19380919	0.22310121633052352	1560
cg16401490	0.22310120516401896	1560
cg13680844	0.22309929659694264	1560
cg02604225	0.223098333107579	1560
cg09575322	0.22309798441616832	1560
cg10752731	0.2230972093386712	1560
cg22597706	0.2230956882342719	1560
cg10503891	0.2230933418541421	1560
cg02384543	0.22309254535291573	1560
cg07779873	0.2230909799991479	1560
cg07751039	0.22308970908440828	1560
cg18868372	0.22308509231430296	1560
cg19790877	0.22308455286722828	1560
cg03826759	0.22308382906840046	1560
cg24517944	0.22308287125252912	1560
cg10136166	0.22308268445206528	1560
cg13763627	0.22308106987228377	1560
cg11035933	0.2230810608599946	1560
cg09357151	0.22307920757558178	1560
cg21827163	0.22307879131778252	1560
cg21367580	0.2230769696363526	1560
cg06489433	0.2230769115250162	1560
cg07715277	0.22307675180313088	1560
cg02710119	0.22307666707924195	1560
cg22969669	0.22307475133181812	1560
cg26181196	0.22307443077617475	1560
cg05931272	0.22307412887285627	1560
cg07172756	0.22307323721958489	1560
cg08416394	0.2230728355546833	1560
cg04724143	0.22307177129356592	1560
cg00716961	0.2230702420355448	1560
cg02627286	0.2230698152509184	1560
cg18077083	0.2230691344002779	1560
cg08376117	0.22306905281290407	1560
cg08680083	0.22306673704953653	1560
cg23918130	0.22306611797674228	1560
cg04821008	0.22306341310260921	1560
cg20363838	0.22306046260118406	1560
cg26065792	0.22305990568467987	1560
cg14897025	0.22305979764489864	1560
cg19230709	0.2230595586019593	1560
cg02827731	0.22305906552671453	1560
cg19431768	0.2230584360444064	1560
cg18621277	0.2230562719042528	1560
cg05387247	0.22305557340581122	1560
cg05924068	0.2230535522510562	1560
cg05144540	0.22305186429891802	1560
cg22057897	0.22305186375010608	1560
cg21575005	0.22305163498155023	1560
cg03787899	0.22305041611589355	1560
cg16359406	0.2230498101576909	1560
cg14356272	0.22304818384694897	1560
cg03430864	0.22304780677533134	1560
cg00978117	0.2230473771551423	1560
cg25050246	0.22304734553858094	1560
cg00409552	0.22304521812846556	1560
cg03653856	0.22304474121718054	1560
cg01819910	0.2230438327953078	1560
cg27573389	0.2230436247909123	1560
cg13468804	0.22303698516773096	1560
cg15314023	0.22303323535150757	1560
cg23360656	0.22303184429817768	1560
cg25462842	0.22303031320577577	1560
cg27295939	0.22302914301512894	1560
cg14620208	0.22302908843176933	1560
cg12501004	0.22302844946046757	1560
cg05948424	0.2230283414996263	1560
cg02770683	0.2230278202250995	1560
cg06819865	0.22302688443564164	1560
cg02835003	0.22302597244173172	1560
cg15193596	0.2230257875182007	1560
cg10593459	0.22302448674277905	1560
cg05873085	0.22302259206984282	1560
cg27091642	0.22302221444727227	1560
cg21736089	0.22302184138613407	1560
cg01835446	0.22302145986115562	1560
cg23237856	0.22301925731219527	1560
cg19216851	0.2230183696985449	1560
cg26618645	0.22301447314392653	1560
cg18447232	0.22301381693116104	1560
cg11942622	0.2230128334813504	1560
cg19201856	0.2230112598463836	1560
cg06172235	0.223008734614198	1560
cg03791579	0.2230081636205313	1560
cg23931497	0.22300750709104383	1560
cg10851587	0.2230063512829909	1560
cg26281789	0.22300383664227225	1560
cg23158699	0.22300213351077117	1560
cg01100868	0.2230008869419156	1560
cg16333896	0.2229984818728955	1560
cg12718426	0.22299509626381744	1560
cg13346459	0.22299509015850144	1560
cg17754168	0.22299489202047879	1560
cg01318154	0.22299439776395974	1560
cg11424674	0.2229928233822643	1560
cg25204742	0.22299256335224707	1560
cg08463306	0.22299221154807863	1560
cg09436190	0.22299214975273424	1560
cg25828381	0.22299047550846982	1560
cg22755414	0.22298813678929377	1560
cg15143643	0.22298684152688542	1560
cg22961292	0.2229868198013973	1560
cg24141725	0.2229854598094027	1560
cg15947599	0.22298530837829506	1560
cg11536673	0.22298474610865052	1560
cg03697509	0.22298360622800742	1560
cg24385450	0.22298244070472756	1560
cg13946487	0.22298064059245645	1560
cg26882424	0.2229805386145333	1560
cg04537941	0.2229795081282447	1560
cg19444925	0.22297803543771647	1560
cg25091820	0.22297585856372806	1560
cg22857025	0.2229747736223505	1560
cg02517261	0.22296767563189676	1560
cg23801396	0.2229667199959888	1560
cg20089935	0.22296532123133878	1560
cg00821567	0.22296415441235087	1560
cg02890566	0.22296272493587357	1560
cg08906153	0.22296216314064884	1560
cg21953508	0.2229609195513225	1560
cg11304524	0.22296053908513874	1560
cg06529080	0.22296013694913416	1560
cg01550271	0.22295783195025454	1560
cg11648249	0.22295646010789857	1560
cg00263307	0.22295515032165347	1560
cg14429394	0.22295421079640387	1560
cg09235217	0.22295311091788617	1560
cg07533384	0.22295135084329756	1560
cg04398275	0.2229474113605089	1560
cg26151477	0.22294688109139402	1560
cg00812580	0.22294385793787616	1560
cg17861150	0.22294322986856466	1560
cg05269546	0.22294131099727066	1560
cg06531767	0.2229402192380394	1560
cg14598025	0.22293951027016007	1560
cg05917311	0.22293937524823482	1560
cg20033401	0.22293873600287764	1560
cg19732653	0.22293709424925467	1560
cg10604258	0.22293678576495757	1560
cg03573123	0.2229316014302301	1560
cg20857372	0.22293114166468728	1560
cg22082745	0.22292925975824282	1560
cg00369677	0.22292597085096172	1560
cg27173677	0.2229241318539797	1560
cg25415546	0.22291863402639558	1560
cg09649135	0.22291764794067928	1560
cg01520321	0.22291760644029293	1560
cg25162927	0.22291688457849174	1560
cg26571977	0.22291596090470486	1560
cg24216294	0.22291591219631646	1560
cg15879716	0.22291556710514482	1560
cg24973886	0.22291530710741847	1560
cg10219783	0.22291461134580992	1560
cg10509185	0.22291415914147222	1560
cg05208895	0.2229134342414193	1560
cg12992689	0.2229126291040283	1560
cg03508817	0.2229102244057388	1560
cg04817379	0.22290998774065526	1560
cg14411929	0.2229081221807917	1560
cg00711596	0.22290748226358972	1560
cg07748154	0.22290630087182758	1560
cg27104275	0.22290473223678314	1560
cg21177216	0.22289937613920463	1560
cg15312358	0.22289856262025012	1560
cg25453122	0.22289827054122646	1560
cg10512472	0.22289764877834878	1560
cg15444560	0.22289503934242755	1560
cg15707332	0.22289387239872963	1560
cg05075473	0.22289199281473623	1560
cg14283497	0.2228913079510452	1560
cg07960162	0.22289087024599122	1560
cg12115087	0.2228879491301723	1560
cg15628409	0.22288730515502425	1560
cg25587405	0.22288658302801573	1560
cg07428333	0.22288549488320572	1560
cg17978331	0.22288401698559748	1560
cg14534701	0.222882862921347	1560
cg13455110	0.22288257331468436	1560
cg11409344	0.22288196353315773	1560
cg12082681	0.2228818705635425	1560
cg24001314	0.22288011036956584	1560
cg05161218	0.22287883205080908	1560
cg14211117	0.2228786846607018	1560
cg27560831	0.22287764218187364	1560
cg20370991	0.22287749393718803	1560
cg10610949	0.22287741616779053	1560
cg05937046	0.22287567453189797	1560
cg21099123	0.22287372232003735	1560
cg15429854	0.2228736376824759	1560
cg09847443	0.22287201511385035	1560
cg00152646	0.22286820450263767	1560
cg12750446	0.2228668808494575	1560
cg20961939	0.22286674604967574	1560
cg23949969	0.2228666867326901	1560
cg12646044	0.22286655648192058	1560
cg13090058	0.22286500969436485	1560
cg02716401	0.2228648961554847	1560
cg13156589	0.2228633140389093	1560
cg27432331	0.2228628074996045	1560
cg05734877	0.22286236679983917	1560
cg21754609	0.22286182074024852	1560
cg22873986	0.22285062537647288	1560
cg19318889	0.22284938395646786	1560
cg07758428	0.22284772229096103	1560
cg01951489	0.22284767761963284	1560
cg26004664	0.22284646570350025	1560
cg02377900	0.2228462789413601	1560
cg26082320	0.2228457216896819	1560
cg04277319	0.22284340316167603	1560
cg25767901	0.2228415805218253	1560
cg14940698	0.22284009814043743	1560
cg27502072	0.22283993420699866	1560
cg12623695	0.2228391183667309	1560
cg10273217	0.22283823064064917	1560
cg08130783	0.2228347118359027	1560
cg14483161	0.22283457962446027	1560
cg13506224	0.22283391935131727	1560
cg26723331	0.22283252248259378	1560
cg16049468	0.22283188550280728	1560
cg21098787	0.22283145881816696	1560
cg18759743	0.2228296698739945	1560
cg19253612	0.22282780008175493	1560
cg25020319	0.22282643215598805	1560
cg23035638	0.22282109239960432	1560
cg23415176	0.22281947666117358	1560
cg24368962	0.22281838157290795	1560
cg01963870	0.22281623083044375	1560
cg16915659	0.22281589458288772	1560
cg11310756	0.2228126479021986	1560
cg12598767	0.22280797369484587	1560
cg05417729	0.22280636358798364	1560
cg16638425	0.22280597751659317	1560
cg17671577	0.22280582533652926	1560
cg13689497	0.22280557940479423	1560
cg04254595	0.22280521804058045	1560
cg21856744	0.222804762855337	1560
cg16571399	0.22280389721548383	1560
cg23308950	0.22280387508932234	1560
cg24861253	0.22280270695666313	1560
cg00928393	0.22280255324932868	1560
cg19865159	0.22279957024051983	1560
cg15976779	0.22279725860850116	1560
cg09230646	0.2227954387337938	1560
cg09743906	0.2227951575634257	1560
cg14119270	0.2227940499961909	1560
cg06219351	0.2227938491368455	1560
cg10269127	0.2227931167482081	1560
cg01561160	0.22279200195374754	1560
cg23793946	0.22279042981421185	1560
cg06205074	0.22279037355424733	1560
cg06568373	0.22278947202512978	1560
cg10815129	0.22278944035214693	1560
cg20829683	0.22278889438885013	1560
cg09067715	0.22278823682831952	1560
cg14287788	0.22278724174920272	1560
cg17240275	0.22278518707764156	1560
cg02489685	0.22278455418307863	1560
cg15961092	0.22278245288800674	1560
cg25161161	0.2227815996027862	1560
cg03265664	0.22278118862573063	1560
cg09416366	0.2227790905935522	1560
cg08524372	0.22277815343954108	1560
cg27536151	0.22277684735220543	1560
cg25028079	0.2227753998119046	1560
cg08919486	0.22277458465729566	1560
cg19832029	0.22277383423514496	1560
cg22791904	0.22277304314723287	1560
cg01690723	0.22277215875951042	1560
cg08480854	0.22277091681358088	1560
cg15006118	0.2227692798347231	1560
cg12831261	0.22276920572915535	1560
cg26381048	0.22276743896473683	1560
cg02957488	0.2227664027550657	1560
cg00733604	0.2227639174760983	1560
cg03700461	0.2227629836789784	1560
cg10533159	0.22276239939543538	1560
cg02552292	0.22276163856564327	1560
cg06236737	0.22276033613540405	1560
cg13025283	0.22275597174348521	1560
cg27175470	0.22275484032190698	1560
cg06850513	0.22275309296271215	1560
cg06747009	0.22275279369499407	1560
cg23949087	0.222751802728237	1560
cg11683966	0.22274997966479101	1560
cg00433292	0.22274925924627517	1560
cg07727721	0.22274893511522537	1560
cg01374918	0.22274835074891236	1560
cg25360485	0.22274801298421054	1560
cg13808594	0.22274623859488518	1560
cg20387695	0.22274209232214104	1560
cg04102459	0.22274167937652664	1560
cg00581617	0.22274130150482055	1560
cg22542699	0.22274035219721544	1560
cg20069090	0.22273835358815924	1560
cg15730967	0.22273772680481685	1560
cg00825130	0.222737190718946	1560
cg26932586	0.22273671286402344	1560
cg03395088	0.2227348940703345	1560
cg10601761	0.2227332175567844	1560
cg26951410	0.22273265202378995	1560
cg03541742	0.22273080026142086	1560
cg07284879	0.2227303296104473	1560
cg14424836	0.22272713077526238	1560
cg19634774	0.222723447930096	1560
cg12032396	0.22272081802683405	1560
cg11276203	0.22272026575718856	1560
cg09823077	0.22271907544235822	1560
cg05476452	0.2227185900963656	1560
cg00532319	0.22271847426948244	1560
cg05413258	0.22271776739175891	1560
cg03326306	0.2227163013206452	1560
cg08424446	0.22271553773343358	1560
cg02919569	0.22271482253003513	1560
cg01543197	0.22271314222826702	1560
cg06329547	0.2227074112755985	1560
cg05776408	0.22270641527746604	1560
cg09196456	0.222704083619486	1560
cg09394001	0.22270152415075906	1560
cg22687413	0.22269958955303618	1560
cg08554732	0.22269777917051242	1560
cg14612892	0.2226968486717512	1560
cg18543871	0.22269574302055162	1560
cg02632583	0.2226956883119301	1560
cg04289508	0.222695129788112	1560
cg27625897	0.22269355494027737	1560
cg06293719	0.2226898834129198	1560
cg19564264	0.22268932760983556	1560
cg24680078	0.22268801731321525	1560
cg01914744	0.22268499429128333	1560
cg09180512	0.22268447479390624	1560
cg23652734	0.2226831015370608	1560
cg10939569	0.22268248439111882	1560
cg24793265	0.22268208251262045	1560
cg22934785	0.22268056497042227	1560
cg18229710	0.22268028131011586	1560
cg20638357	0.22267478131666466	1560
cg26663560	0.2226729271473349	1560
cg14298589	0.2226700420519311	1560
cg07248461	0.22266728741174482	1560
cg05051369	0.2226656535312811	1560
cg05553082	0.22266554443226316	1560
cg24387101	0.22266551672444873	1560
cg03536745	0.22266136072308196	1560
cg17318716	0.22266124546400398	1560
cg10361298	0.2226601029916702	1560
cg17184326	0.22265952857665358	1560
cg24560898	0.22265689336291697	1560
cg02662873	0.22265597060171907	1560
cg23990682	0.2226509123906942	1560
cg06680609	0.22265029786848156	1560
cg00296894	0.22265022230921605	1560
cg11330329	0.22264973198169682	1560
cg24190377	0.22264817919549634	1560
cg12650267	0.22264518998370794	1560
cg08465526	0.2226418756882635	1560
cg06233745	0.22264102050422607	1560
cg15819808	0.22264080940721345	1560
cg08295498	0.22263920385721184	1560
cg24415118	0.22263920294242343	1560
cg08666833	0.22263911405374817	1560
cg27551169	0.22263887933040183	1560
cg16217343	0.2226381151001268	1560
cg18094896	0.22263745001681035	1560
cg13273548	0.22263373522341548	1560
cg12371895	0.22263214687136354	1560
cg24385839	0.2226318962218198	1560
cg22905368	0.22262385736469267	1560
cg15261462	0.22262380172341464	1560
cg15814675	0.22262298895554658	1560
cg05188358	0.22262179947210314	1560
cg20650515	0.22262160716715595	1560
cg08191993	0.22261820126750198	1560
cg12505230	0.22261765537741546	1560
cg01005441	0.22261619065921787	1560
cg14527458	0.2226155531392142	1560
cg04367866	0.22261409413455654	1560
cg04535829	0.22261183370617998	1560
cg03722643	0.22261174192444547	1560
cg22975920	0.22260863817439275	1560
cg25057157	0.22260327323832224	1560
cg15573861	0.22260197354642983	1560
cg08158799	0.2226014168494898	1560
cg07675687	0.2225996857075879	1560
cg06873315	0.22259758682981967	1560
cg09735869	0.22259294316934555	1560
cg25512107	0.22258960528408625	1560
cg07900715	0.22258955783227796	1560
cg04347554	0.22258826956700153	1560
cg09320337	0.22258754876401532	1560
cg07481169	0.2225873841883791	1560
cg13649681	0.22258659976032086	1560
cg26030804	0.22258570038216113	1560
cg20971527	0.22258549977268588	1560
cg03743462	0.222584850449007	1560
cg02617981	0.22258459136335548	1560
cg10546562	0.22258437538530385	1560
cg13447416	0.22258242428190986	1560
cg00938266	0.2225821411606205	1560
cg00206853	0.2225819779657699	1560
cg18828816	0.22258190592107774	1560
cg06024623	0.22258146099670192	1560
cg11478233	0.22257872160890305	1560
cg22846516	0.22257812447410721	1560
cg01990874	0.22257733398632412	1560
cg13331446	0.22257716826591073	1560
cg16663073	0.22257538207190364	1560
cg00056489	0.22257370415634564	1560
cg12995149	0.22257303464568703	1560
cg05536439	0.2225727363133887	1560
cg16197528	0.22257231019507315	1560
cg06961313	0.22257121540418565	1560
cg20917551	0.22256985114419245	1560
cg24885442	0.22256943605337604	1560
cg09382618	0.22256865624866565	1560
cg06790171	0.2225681672076665	1560
cg22219795	0.2225680707638917	1560
cg14168941	0.22256557996841153	1560
cg02423659	0.22256115460782927	1560
cg03435866	0.22256087946008915	1560
cg24986915	0.2225603387121132	1560
cg19599827	0.2225591552134621	1560
cg22462856	0.2225587888438443	1560
cg22240800	0.22255492675971533	1560
cg23627022	0.22255397260395465	1560
cg00646185	0.22255395691648047	1560
cg24789587	0.22255063981348622	1560
cg15007646	0.22254925159843553	1560
cg27173374	0.2225476874855283	1560
cg23338737	0.22254709265513958	1560
cg19481737	0.2225465349784449	1560
cg16539640	0.2225435916807008	1560
cg16012536	0.22254358133203744	1560
cg17741977	0.22254193505033315	1560
cg25165171	0.22254065238777893	1560
cg23735973	0.22253695813421562	1560
cg01274916	0.22253534005456618	1560
cg23867903	0.2225351564939045	1560
cg12278738	0.22253313053911758	1560
cg12205822	0.22253239607637507	1560
cg14551938	0.22253119434138766	1560
cg14593418	0.22253101017844729	1560
cg21095808	0.22253023450201687	1560
cg06722870	0.22252893454713457	1560
cg20065718	0.22252569708499936	1560
cg26706652	0.2225245066248445	1560
cg22868225	0.22252366355202877	1560
cg10935064	0.2225214205357976	1560
cg02833016	0.22252036523243857	1560
cg13740515	0.2225203001678637	1560
cg09407712	0.22251718332780018	1560
cg18737257	0.22251672631013528	1560
cg26215143	0.2225164688418065	1560
cg02094049	0.2225153756938604	1560
cg25314216	0.2225135359414225	1560
cg10440939	0.2225117116361537	1560
cg19726320	0.22251118006775386	1560
cg00471309	0.22251112415177374	1560
cg02300356	0.2225109021331422	1560
cg04477515	0.2225088659298601	1560
cg18919072	0.22250879464842785	1560
cg27394817	0.22250482689908624	1560
cg23213158	0.22250097647320272	1560
cg04206025	0.22249680818848688	1560
cg08609037	0.2224955130263687	1560
cg15085989	0.22249523858389478	1560
cg11948988	0.22249384209592932	1560
cg14023367	0.22249231847624756	1560
cg23262827	0.2224923138944518	1560
cg22809418	0.22249198124573338	1560
cg12287206	0.22249178913980494	1560
cg08081659	0.22249156659675928	1560
cg04440597	0.2224911344816243	1560
cg09396850	0.22248924747041107	1560
cg23536372	0.2224891355116691	1560
cg15051795	0.22248747410333955	1560
cg03243595	0.22248714460671923	1560
cg27325462	0.2224870856837169	1560
cg19688652	0.2224852877400259	1560
cg24801889	0.2224800234158003	1560
cg26408861	0.22247946707480162	1560
cg09192732	0.22247654041732073	1560
cg19454262	0.22247502018411855	1560
cg08734053	0.22247458567418266	1560
cg14078235	0.22247299354414474	1560
cg20255933	0.22247182696138307	1560
cg18581292	0.22247006335460467	1560
cg12991127	0.2224669907913076	1560
cg07478240	0.2224661644164115	1560
cg13859183	0.22246398528269962	1560
cg22257667	0.2224600820588138	1560
cg00432497	0.22245966626880276	1560
cg10239600	0.22245590827101305	1560
cg07697189	0.22245216660317507	1560
cg26696906	0.2224521168234029	1560
cg24780086	0.22244910359715767	1560
cg13503050	0.22244626778960397	1560
cg03102034	0.22244489452423213	1560
cg07140885	0.22244444713625441	1560
cg19577532	0.2224439045810669	1560
cg05016066	0.22244160696520499	1560
cg19681357	0.22244151174634055	1560
cg16247207	0.2224397277804009	1560
cg13898697	0.22243855409885288	1560
cg03266158	0.2224375711563828	1560
cg21679825	0.22243675719929176	1560
cg24975638	0.2224367215682941	1560
cg09623162	0.22243221134857047	1560
cg10783050	0.22243204239166045	1560
cg10032110	0.22243030921293624	1560
cg12362404	0.2224301376647432	1560
cg23395165	0.22242683856345952	1560
cg08211068	0.22242632184490307	1560
cg09013068	0.22242611228035766	1560
cg00070235	0.22242584173185448	1560
cg11941230	0.22242347577241933	1560
cg04635340	0.2224232160407982	1560
cg05622550	0.222421838700485	1560
cg13314057	0.22242150398544147	1560
cg07442105	0.22242118058309973	1560
cg10900351	0.22242108758640877	1560
cg20492799	0.2224196913093419	1560
cg17380475	0.22241962775107868	1560
cg02697781	0.22241696253088566	1560
cg09633140	0.22241669989572044	1560
cg15901199	0.22241263968024336	1560
cg15692862	0.22241216168811836	1560
cg15425061	0.22241115008919896	1560
cg18359782	0.2224105837095271	1560
cg14043593	0.22240725869516018	1560
cg24757797	0.2224050287504339	1560
cg04068989	0.2224046433887173	1560
cg26243635	0.22240268696789656	1560
cg00334293	0.22240210253406958	1560
cg18543993	0.2224015793367343	1560
cg16054278	0.22240145445775023	1560
cg00382227	0.22239977274457176	1560
cg22881499	0.22239758139958282	1560
cg19746719	0.22239692587140944	1560
cg01483505	0.2223958979175699	1560
cg14638384	0.22239561707945382	1560
cg11373557	0.22239499187052028	1560
cg02292055	0.22239403515376044	1560
cg20155064	0.22239151269967178	1560
cg21961506	0.22239083003429144	1560
cg06575876	0.22238916180817694	1560
cg14878009	0.2223890560582588	1560
cg05728337	0.22238845153586287	1560
cg20457683	0.22238688305688548	1560
cg23041250	0.2223861052682003	1560
cg20215982	0.22238415738169234	1560
cg00954771	0.2223837253135189	1560
cg24757850	0.22238018133651377	1560
cg19714454	0.22237614335749722	1560
cg25365544	0.22237456644866335	1560
cg23475278	0.22237418783877683	1560
cg11972327	0.22237322383823252	1560
cg07628300	0.22237195243150656	1560
cg12423338	0.2223704370709433	1560
cg24447680	0.22236759490046057	1560
cg25649283	0.22236553696356628	1560
cg15838833	0.22236544735851793	1560
cg09579209	0.2223649135078885	1560
cg18878378	0.22236155562829701	1560
cg21499685	0.2223601739947197	1560
cg18867605	0.22235990392621383	1560
cg25049295	0.22235943920663753	1560
cg02106978	0.22235705709699363	1560
cg21659397	0.22235625305301196	1560
cg21796322	0.2223553438317969	1560
cg02103891	0.22235122884471195	1560
cg16034336	0.22235072836167694	1560
cg11609668	0.22234524714626794	1560
cg13925678	0.22234479253841666	1560
cg05745748	0.2223429180083219	1560
cg15978097	0.22234114618444717	1560
cg11203538	0.22234081069475753	1560
cg00781839	0.22234075502631095	1560
cg09177238	0.22233631955798297	1560
cg14524553	0.2223341230647655	1560
cg22485305	0.22233270015591988	1560
cg00339430	0.22233248641807804	1560
cg16483611	0.22233171658555184	1560
cg06793307	0.22233091561366178	1560
cg02918166	0.22233048055498386	1560
cg20723414	0.22233029071889943	1560
cg00918422	0.22232973328592623	1560
cg14079702	0.22232922192452576	1560
cg26947817	0.22232886977633975	1560
cg02566611	0.22232723996388468	1560
cg08642538	0.22232683938307593	1560
cg03640864	0.22232481060715634	1560
cg18976859	0.2223234689156215	1560
cg01977756	0.22232205072352174	1560
cg05877783	0.22232167209501466	1560
cg21490161	0.22232136931432028	1560
cg27573593	0.22231678358424903	1560
cg22677065	0.22231341825295248	1560
cg12432983	0.22231221385595257	1560
cg00291329	0.22230764218558924	1560
cg00437048	0.22230759556010662	1560
cg20561661	0.2223066630838476	1560
cg22697001	0.2223060972868263	1560
cg01216078	0.22230385213790443	1560
cg05841486	0.22230018816401798	1560
cg07505159	0.22230009743315493	1560
cg22114954	0.22229830210839663	1560
cg07126635	0.2222972998102827	1560
cg20100671	0.22229694511552273	1560
cg19179667	0.22229270856714764	1560
cg04841024	0.2222914695745799	1560
cg11553868	0.22229073621034132	1560
cg17476389	0.2222885336226934	1560
cg06818327	0.22228850675522974	1560
cg24009995	0.22228738923718266	1560
cg05757062	0.2222865992583471	1560
cg24245285	0.2222825205517186	1560
cg24312412	0.22227778456932046	1560
cg27267900	0.22227714076353253	1560
cg00021152	0.22227443429995078	1560
cg10940698	0.222273871194599	1560
cg03084158	0.22227173423975843	1560
cg02974329	0.22227105886926793	1560
cg25648211	0.22226607933236656	1560
cg01727854	0.22226565860208092	1560
cg00693769	0.2222648449370166	1560
cg06295071	0.22226458617092837	1560
cg12470492	0.22226319671285885	1560
cg21462970	0.22226240406740372	1560
cg22108809	0.22226235895143465	1560
cg25060388	0.2222623411195399	1560
cg03681679	0.22225995885175379	1560
cg13774505	0.22225787129545066	1560
cg10132104	0.2222577803708546	1560
cg25597267	0.22225773658351214	1560
cg11025519	0.22225388175555694	1560
cg19106851	0.22225301413099083	1560
cg07060383	0.22225220067315296	1560
cg16195430	0.22225062459821437	1560
cg23714705	0.22225058753574503	1560
cg02542872	0.2222495299664876	1560
cg27182321	0.22224893151618927	1560
cg07152030	0.22224803843057447	1560
cg05823577	0.2222477003315177	1560
cg14695947	0.2222468875902951	1560
cg13722999	0.22224648536532474	1560
cg10494257	0.222244538771075	1560
cg11368281	0.22224405694593574	1560
cg16416578	0.22224348606954109	1560
cg24199453	0.22224248845699046	1560
cg07937270	0.22224137244480527	1560
cg22675207	0.2222409381574253	1560
cg04738447	0.2222401001189554	1560
cg00146249	0.2222396521582867	1560
cg18976571	0.2222392962399118	1560
cg26794970	0.22223889879074527	1560
cg17976731	0.22223736694541274	1560
cg07992519	0.22223662119523363	1560
cg26830192	0.22223553385170372	1560
cg13197308	0.22223463241207503	1560
cg22678065	0.22223380188578765	1560
cg03473125	0.22223280788797115	1560
cg04836612	0.22223215892201126	1560
cg18059215	0.22222852640715796	1560
cg13920100	0.22222773848346358	1560
cg03963049	0.2222273293713567	1560
cg09327694	0.2222269702421295	1560
cg09378743	0.2222268300120299	1560
cg09549170	0.22222658783140328	1560
cg07532930	0.22222581642048633	1560
cg14780777	0.22222392838651925	1560
cg07335671	0.22222314858144288	1560
cg06128358	0.2222226661689382	1560
cg08609400	0.22222182307824645	1560
cg03906996	0.22222154743302	1560
cg23111837	0.22222047533491762	1560
cg01212848	0.22222028497962132	1560
cg17038902	0.22221986017208784	1560
cg07146723	0.22221671321414357	1560
cg04388767	0.2222163524295138	1560
cg03239665	0.22221622550864323	1560
cg07983659	0.2222140748664695	1560
cg08865208	0.22221180234047358	1560
cg06852605	0.22221043778082541	1560
cg09492893	0.22220962156869373	1560
cg01835319	0.22220892767705644	1560
cg05177065	0.2222085394952388	1560
cg16261348	0.2222076691525812	1560
cg14976190	0.2222064650989009	1560
cg21461745	0.22220621853171182	1560
cg26403748	0.22220616761662482	1560
cg07927953	0.2222059702951153	1560
cg04742511	0.22220513159124763	1560
cg20325060	0.2222028048816148	1560
cg04230253	0.22220127235824333	1560
cg20104243	0.22219872222558817	1560
cg19228665	0.22219829819721762	1560
cg12280406	0.222196774664316	1560
cg04591563	0.22219665910728673	1560
cg05078611	0.22219571590934692	1560
cg23896431	0.2221931283349617	1560
cg15514283	0.22219233862025622	1560
cg06427772	0.2221915200263945	1560
cg20444525	0.2221913027238374	1560
cg20745568	0.22219065835964738	1560
cg06758781	0.22219023577063005	1560
cg20720326	0.22218852175047843	1560
cg08386897	0.22218757134064113	1560
cg25230043	0.222187111421842	1560
cg00322261	0.22218621378268125	1560
cg13928146	0.2221853631217766	1560
cg23421092	0.22218343696856888	1560
cg21618501	0.22218342030876473	1560
cg25026456	0.22218180492528272	1560
cg08927260	0.222180667793155	1560
cg27432864	0.22218026770045404	1560
cg03168501	0.22217840650869092	1560
cg17602566	0.2221764769597609	1560
cg21022949	0.22217581182519777	1560
cg24935452	0.22217436678938599	1560
cg11876012	0.22217259973446135	1560
cg12053136	0.2221701914437845	1560
cg15730555	0.22216833041714787	1560
cg19780829	0.2221676202708599	1560
cg04508649	0.2221670092559014	1560
cg25375029	0.22216502524977558	1560
cg26932690	0.22216459485401982	1560
cg23153585	0.22216447849998855	1560
cg13556387	0.22216333614646472	1560
cg25621518	0.2221625242693977	1560
cg25699218	0.2221603750623764	1560
cg12690066	0.22215923099507054	1560
cg08611472	0.2221543571276267	1560
cg10830310	0.22215147140037383	1560
cg12385370	0.22215129876667516	1560
cg10249098	0.22214685131443118	1560
cg24601355	0.22214636573813945	1560
cg02219147	0.22214513474443742	1560
cg17051395	0.22214400841726017	1560
cg05541867	0.22214373230410006	1560
cg00469995	0.22214062687992303	1560
cg25059070	0.22213920359036085	1560
cg10176667	0.22213615822722405	1560
cg08136110	0.22213560745755864	1560
cg26526983	0.22213506582341727	1560
cg23704703	0.22213408938929866	1560
cg16788436	0.2221318015533872	1560
cg02542257	0.22213105486509382	1560
cg23229155	0.22213059469443458	1560
cg14568032	0.22213036433088013	1560
cg02695704	0.22213031797087637	1560
cg25971649	0.22213015844970518	1560
cg14249008	0.22212998908356948	1560
cg08440178	0.22212876918653104	1560
cg18809991	0.22212528231435955	1560
cg04305427	0.22212196663853997	1560
cg20516763	0.22212191037408344	1560
cg17891735	0.22212165205126436	1560
cg25726269	0.22211977112951098	1560
cg18923933	0.22211963688154718	1560
cg26169632	0.22211936518519654	1560
cg04415132	0.2221178600685768	1560
cg25104648	0.22211756779682842	1560
cg08752947	0.22211670056259958	1560
cg01911678	0.2221162945806716	1560
cg13691901	0.22211503364373356	1560
cg16281234	0.2221141854643159	1560
cg04621455	0.2221134287612257	1560
cg18801800	0.22211307036219416	1560
cg00345792	0.22211206539256098	1560
cg12748608	0.22211060763896937	1560
cg08100536	0.22211012600376664	1560
cg06349909	0.22210662731950426	1560
cg09951320	0.22210367200502534	1560
cg16432235	0.22210231583625997	1560
cg16773115	0.22210215942558853	1560
cg02697246	0.22210206541130403	1560
cg27125798	0.22210043312073002	1560
cg18089670	0.22209861695183414	1560
cg26554170	0.22209844148634977	1560
cg00783549	0.22209834720768248	1560
cg14044874	0.2220980767140911	1560
cg22376366	0.22209799467729416	1560
cg25961882	0.22209288176016703	1560
cg26462212	0.2220928642491382	1560
cg27221338	0.22209254881998003	1560
cg06390041	0.22209144287565788	1560
cg24156903	0.22209019285803241	1560
cg04840669	0.22208994125185738	1560
cg24576940	0.22208949792334529	1560
cg10085623	0.2220892382732577	1560
cg07056242	0.2220854258186011	1560
cg19001199	0.22208233648625045	1560
cg01715360	0.22208063941882328	1560
cg06849860	0.22207938714021155	1560
cg06653151	0.2220789747364124	1560
cg08918206	0.22207792536057364	1560
cg16143319	0.22207778815214155	1560
cg02415297	0.22207769820081888	1560
cg04832360	0.22207499273482895	1560
cg05876892	0.2220734645070391	1560
cg07512313	0.2220720509780164	1560
cg00774520	0.22207119240741569	1560
cg04683265	0.22207079029126903	1560
cg11069284	0.22206741239141448	1560
cg08194752	0.22206642175727498	1560
cg06768079	0.22206588186995938	1560
cg00065385	0.22206366533862182	1560
cg14108327	0.2220632647562245	1560
cg17621389	0.22206281413806603	1560
cg22057899	0.22206175600126965	1560
cg09920215	0.22206175120294197	1560
cg03966486	0.22206019589008716	1560
cg10887359	0.22205921019149324	1560
cg14049807	0.2220589107959734	1560
cg21692182	0.22205888604947835	1560
cg24035202	0.22205719045301997	1560
cg09377855	0.22205613956795503	1560
cg21206277	0.2220557018453744	1560
cg00530568	0.222054052343453	1560
cg05077108	0.22205222103071232	1560
cg06529996	0.222051741710924	1560
cg03641940	0.22205020336693096	1560
cg22195115	0.22204969067342653	1560
cg05146330	0.22204749249247474	1560
cg03445173	0.22204695346899916	1560
cg23621766	0.22204461679322907	1560
cg19716727	0.2220437441288974	1560
cg09601150	0.22204273497218383	1560
cg08007647	0.2220388743325147	1560
cg01753327	0.2220368871121945	1560
cg15004787	0.22203586299738573	1560
cg23674647	0.22203575293220457	1560
cg19980431	0.22203509658275525	1560
cg17575446	0.222033314209769	1560
cg16606123	0.22203213543683065	1560
cg13312036	0.2220320679902941	1560
cg24492446	0.22203172150187378	1560
cg05186704	0.22202934040124303	1560
cg01940460	0.22202850013301673	1560
cg01825148	0.22202808384937128	1560
cg07080556	0.22202734931995857	1560
cg23194776	0.22202688900249543	1560
cg09238162	0.22202434489282452	1560
cg13291466	0.22202364751174525	1560
cg05560873	0.22202333418944076	1560
cg17831826	0.22202072292469957	1560
cg19338222	0.22201966115893812	1560
cg03381679	0.22201714309081788	1560
cg00949677	0.2220170608591752	1560
cg01380634	0.2220158064429492	1560
cg08823975	0.22201577941407724	1560
cg14537856	0.22201546913285214	1560
cg19987800	0.22201519149666862	1560
cg07597069	0.22201294803283464	1560
cg06217827	0.2220124077956759	1560
cg16120501	0.22201106886547461	1560
cg06760423	0.2220110461684097	1560
cg05992185	0.22200930553592024	1560
cg16717740	0.22200684545720029	1560
cg24107899	0.22200634903510438	1560
cg11648441	0.22200593110157246	1560
cg08172037	0.22200266227919022	1560
cg10706293	0.22200226335458348	1560
cg10788213	0.22200092512586334	1560
cg20664996	0.2219992050264278	1560
cg04237338	0.22199853350896712	1560
cg11851098	0.22199661072932858	1560
cg06757994	0.2219943411055587	1560
cg02635236	0.22199339816724414	1560
cg00358451	0.22199330985885865	1560
cg00848336	0.2219918664353348	1560
cg19013594	0.22199175154443365	1560
cg00082411	0.2219911249242151	1560
cg25663764	0.22198990195477272	1560
cg06919392	0.2219876763656837	1560
cg23540745	0.2219866105586855	1560
cg01783796	0.22198641445147724	1560
cg12882804	0.2219836335798812	1560
cg15089794	0.22198287556752375	1560
cg25440278	0.22198245070146566	1560
cg09747054	0.22198005526807466	1560
cg07500659	0.22197781970038039	1560
cg04885377	0.22197779225793624	1560
cg03948518	0.22197476431536375	1560
cg24929966	0.2219738963016093	1560
cg06361744	0.22197221775736034	1560
cg03312251	0.22196984905663114	1560
cg00438222	0.22196831728618496	1560
cg11207081	0.22196743963331775	1560
cg27130769	0.22196641824643462	1560
cg16888603	0.22196600298068703	1560
cg04206144	0.22196567690878904	1560
cg08051322	0.22196486274564645	1560
cg08638697	0.22196367599638078	1560
cg18114708	0.22196344048625596	1560
cg27571605	0.22196269078695785	1560
cg06063209	0.22196230905542114	1560
cg26525457	0.22196160468445117	1560
cg21636168	0.22196158670085925	1560
cg18181161	0.22196123047698268	1560
cg23695184	0.22196113571728163	1560
cg18684905	0.22196112982637953	1560
cg09242755	0.22196033849318797	1560
cg17459949	0.22195943591481537	1560
cg25996688	0.22195940399961672	1560
cg14131555	0.22195893732551847	1560
cg16690577	0.2219554799112966	1560
cg25882496	0.2219545443091249	1560
cg26461880	0.2219532813005416	1560
cg11634930	0.22195174216459748	1560
cg00648660	0.22194928782420634	1560
cg04791456	0.22194923996641475	1560
cg15558969	0.22194921426665656	1560
cg10942059	0.22194865159309918	1560
cg23830169	0.22194770154245552	1560
cg27265499	0.2219410507911639	1560
cg23589521	0.22194100767661537	1560
cg02228226	0.22194058461795022	1560
cg02238051	0.22193864648912576	1560
cg02240665	0.22193846752872032	1560
cg20861314	0.22193661686309724	1560
cg13715820	0.2219358648936753	1560
cg05265234	0.22193566433101117	1560
cg18222176	0.22193531039206993	1560
cg02799582	0.22193521687956005	1560
cg06473449	0.22193318457332353	1560
cg21415724	0.2219330659318429	1560
cg12947224	0.22192946555492102	1560
cg07217563	0.2219287295658854	1560
cg01206993	0.22192558521154815	1560
cg25703861	0.22192526227221995	1560
cg22496001	0.22192440057937896	1560
cg05291178	0.22192405853521396	1560
cg14301933	0.2219215155469258	1560
cg17493839	0.2219210278812571	1560
cg18101157	0.2219199956628344	1560
cg24245227	0.22191934903056448	1560
cg25028072	0.22191788761381864	1560
cg26099570	0.22191642756786273	1560
cg16206931	0.22191616096000408	1560
cg03704894	0.22191550390699957	1560
cg26787244	0.2219153637556789	1560
cg09847626	0.2219151515529666	1560
cg05608383	0.2219148293170955	1560
cg14020326	0.2219143780677904	1560
cg12152420	0.22190782373219092	1560
cg21201494	0.22190197834842224	1560
cg16448401	0.22190064528165412	1560
cg02054116	0.2218999726404699	1560
cg23561371	0.22189704292110696	1560
cg21007262	0.2218966964513721	1560
cg00739624	0.2218956409325734	1560
cg16373000	0.22189224944058605	1560
cg02432888	0.2218922115230599	1560
cg08455111	0.2218921689164449	1560
cg03034759	0.22189116714736565	1560
cg16884658	0.22189073280009763	1560
cg13305114	0.2218875591412756	1560
cg05098880	0.221887051921631	1560
cg12793681	0.22188628583277278	1560
cg03340619	0.22188422048047696	1560
cg23279346	0.22188300359095725	1560
cg20160197	0.22187600030914298	1560
cg18802022	0.22187508363601283	1560
cg20593274	0.22187176515332388	1560
cg08892416	0.22186884700961523	1560
cg26254473	0.22186785099132234	1560
cg23598542	0.22186763532150183	1560
cg20984590	0.22186651139911398	1560
cg07510711	0.2218657512447482	1560
cg19674232	0.22186493670552612	1560
cg19870385	0.22186420450960795	1560
cg09940138	0.22186287637278349	1560
cg25018576	0.22186265809973704	1560
cg03620886	0.22186179972232214	1560
cg22053108	0.22186101667008906	1560
cg13164831	0.22186063089480598	1560
cg09867755	0.22186015539274748	1560
cg21911500	0.22185966313580247	1560
cg16191360	0.2218588141882912	1560
cg05314639	0.22185863673421394	1560
cg23040531	0.22185834845925276	1560
cg00957223	0.2218569737236515	1560
cg06926306	0.22185663131867236	1560
cg23659957	0.22185560821963293	1560
cg11935055	0.22185398360015446	1560
cg08276412	0.221853666072422	1560
cg19416623	0.2218536493186077	1560
cg23520090	0.2218510125407891	1560
cg07930257	0.221848939836746	1560
cg25649200	0.22184586176795607	1560
cg11098525	0.22184572271451097	1560
cg25751345	0.22184566198022473	1560
cg03029175	0.22184517439173926	1560
cg04078585	0.22184508025575972	1560
cg18458131	0.2218447753384658	1560
cg07259732	0.22184410986799433	1560
cg12694689	0.2218434409381491	1560
cg15251124	0.22184341702239962	1560
cg23552122	0.2218413207473209	1560
cg22686653	0.22184076423588342	1560
cg11614086	0.2218386738407253	1560
cg01834160	0.22183686192635585	1560
cg17938146	0.22183436639046708	1560
cg16996457	0.2218338374431736	1560
cg02131408	0.2218335371883632	1560
cg16256065	0.2218332011168795	1560
cg10485000	0.22183119630237744	1560
cg06994572	0.221827824045764	1560
cg06507232	0.2218278218937219	1560
cg27590541	0.22182680731655574	1560
cg23649784	0.22182583612982984	1560
cg21452025	0.22182556205280407	1560
cg23483886	0.22182507431771625	1560
cg11512041	0.22182494885475437	1560
cg10903726	0.2218248333791842	1560
cg11837817	0.2218231168160711	1560
cg26723185	0.2218198094276637	1560
cg08268734	0.22181893370369826	1560
cg06753985	0.2218174431672334	1560
cg14166149	0.22181650860993007	1560
cg03005781	0.2218150099943893	1560
cg22019806	0.22181497174955922	1560
cg14179220	0.22181453492247621	1560
cg08253494	0.22181346426884127	1560
cg24800887	0.2218130448422475	1560
cg00829753	0.2218117310988406	1560
cg24422283	0.22181012670588685	1560
cg25704407	0.22180941015682398	1560
cg07537655	0.2218071543446988	1560
cg09950370	0.22180400698041514	1560
cg10141075	0.22180386009298386	1560
cg10827676	0.22180316595430763	1560
cg06178308	0.22180224434593765	1560
cg10588340	0.22180006340148842	1560
cg03575614	0.22179892408992496	1560
cg01270038	0.2217987609846108	1560
cg20555778	0.22179859417489717	1560
cg03541846	0.22179742098173647	1560
cg22552619	0.22179570287886385	1560
cg19415091	0.22179547829462049	1560
cg27404921	0.22179541531480773	1560
cg00674395	0.22179517078833688	1560
cg12878682	0.2217943241169618	1560
cg08855249	0.22179401321145387	1560
cg03349407	0.22179332889594572	1560
cg26536460	0.22179165939118947	1560
cg02484343	0.22178959480266877	1560
cg24782291	0.22178902015846866	1560
cg26301689	0.2217880504023819	1560
cg10455503	0.2217849842373283	1560
cg07996615	0.22178436128096368	1560
cg08722200	0.22178427886583993	1560
cg03454669	0.22178405133909698	1560
cg26205681	0.22178228113447973	1560
cg08547617	0.22178208150840062	1560
cg25536510	0.2217818007678145	1560
cg10989359	0.221780854619374	1560
cg25200096	0.2217806879166577	1560
cg22043652	0.2217804234658806	1560
cg18368516	0.22178036068979742	1560
cg07763473	0.2217797241822517	1560
cg16783517	0.2217770863857501	1560
cg21179713	0.22177612545105296	1560
cg26419712	0.22177479640970518	1560
cg08479571	0.22177462967641268	1560
cg03972656	0.221772656474995	1560
cg24487969	0.22177132698398133	1560
cg02459859	0.22177105479124448	1560
cg18015194	0.22176942350773185	1560
cg11369686	0.22176899159191185	1560
cg06914725	0.2217688813866825	1560
cg00382632	0.22176695374037528	1560
cg02862550	0.22176670632416315	1560
cg03028282	0.2217663555232428	1560
cg14999716	0.22176491532250947	1560
cg04845176	0.22176455916671056	1560
cg18077249	0.22176372914481968	1560
cg08111857	0.22176300831278825	1560
cg14285731	0.22176247566960833	1560
cg16387669	0.22176147082348177	1560
cg07133269	0.22176139394358757	1560
cg25959580	0.22176019361281618	1560
cg14389418	0.22175855122352536	1560
cg25546409	0.22175666714639256	1560
cg11668512	0.22174938215798873	1560
cg03631743	0.22174864850770887	1560
cg00737904	0.22174823608464128	1560
cg25307077	0.2217472057138674	1560
cg19754536	0.2217459547907615	1560
cg22268467	0.22174579251233525	1560
cg19995595	0.2217454609119579	1560
cg27049129	0.2217443314483339	1560
cg02854763	0.22174269213374326	1560
cg03253625	0.2217404452756742	1560
cg09566237	0.22174000271278066	1560
cg05650453	0.2217389186775357	1560
cg22455392	0.2217387843251155	1560
cg20429954	0.22173835435855402	1560
cg14037832	0.2217283749574532	1560
cg25933095	0.22172793543381147	1560
cg22575458	0.22172730721733064	1560
cg22614631	0.22172710485520583	1560
cg03114601	0.22172399650774238	1560
cg17933427	0.22172278957706062	1560
cg02442649	0.22172246247321806	1560
cg08650251	0.22172209463656067	1560
cg18560720	0.2217218932589744	1560
cg24824245	0.22172143939068373	1560
cg15732218	0.2217212960109605	1560
cg18941211	0.22172006094384797	1560
cg09121920	0.22171998527798328	1560
cg14336112	0.22171996509842548	1560
cg03498175	0.22171814543618504	1560
cg11447335	0.22171443902264185	1560
cg04928096	0.22171417758170556	1560
cg24990808	0.22171403055773917	1560
cg10706724	0.22171351355118651	1560
cg19225031	0.22171261755359398	1560
cg23719132	0.2217121168018783	1560
cg12415902	0.22171108676405987	1560
cg11022768	0.22170926775294847	1560
cg21671277	0.22170870155118605	1560
cg27344022	0.22170812348879643	1560
cg26784546	0.22170721005120544	1560
cg21188507	0.2217062761309598	1560
cg24428851	0.22170567627091278	1560
cg07478098	0.22170445873195785	1560
cg03018369	0.22170417095592865	1560
cg18864358	0.22170407004644954	1560
cg03763860	0.2217027167883705	1560
cg01932468	0.2217010089969591	1560
cg01419881	0.22170032795061692	1560
cg20813387	0.22169985965290223	1560
cg18507362	0.22169982928341478	1560
cg12923203	0.22169870415253146	1560
cg18421711	0.2216970764649976	1560
cg16970843	0.22169678410438454	1560
cg01787821	0.2216955329744386	1560
cg14400246	0.2216951012549553	1560
cg16583193	0.22169451435678644	1560
cg07489488	0.22169438182679685	1560
cg18479798	0.2216906701517979	1560
cg22959474	0.22168970581343825	1560
cg21384883	0.22168949206826438	1560
cg04835359	0.22168773134936307	1560
cg16262034	0.2216851037943283	1560
cg26097182	0.22168497496315873	1560
cg04641962	0.22168482109235704	1560
cg01133655	0.22168390430738322	1560
cg14084692	0.22168344203317825	1560
cg02554315	0.22168327910451044	1560
cg00542545	0.22167942881328448	1560
cg05696731	0.22167632548984015	1560
cg00464210	0.2216734239277117	1560
cg09754110	0.22167332596598494	1560
cg21084456	0.22166738232660993	1560
cg21478984	0.2216601148396259	1560
cg04434701	0.22166001514257433	1560
cg05144635	0.22165832865341428	1560
cg00595898	0.22165297122170474	1560
cg13466487	0.22165229214907964	1560
cg03017920	0.22165225230660832	1560
cg20446938	0.2216517884526344	1560
cg13279530	0.22165101741690493	1560
cg03260824	0.22165070585385274	1560
cg08373477	0.22164998386707027	1560
cg07447567	0.2216486227547883	1560
cg25597060	0.22164859948210322	1560
cg01553584	0.2216478529306329	1560
cg11337598	0.22164729852923776	1560
cg26513734	0.2216470969125171	1560
cg20204701	0.22164574561096384	1560
cg18856501	0.22164431422837289	1560
cg19595499	0.22164350597938373	1560
cg04925085	0.2216431360095152	1560
cg03311134	0.22164198738601057	1560
cg09482780	0.22164134958168855	1560
cg23973576	0.22164049557511528	1560
cg12568595	0.22163963512629942	1560
cg09312446	0.2216389888350566	1560
cg03173975	0.2216385970048276	1560
cg08104492	0.2216385720019014	1560
cg17591781	0.22163592647100583	1560
cg13554213	0.22163422674654198	1560
cg27327307	0.2216319753576815	1560
cg23842006	0.22163139187185382	1560
cg05003973	0.22162811276479272	1560
cg00083401	0.22162710590789023	1560
cg23819653	0.22162652869645785	1560
cg06375328	0.22162506233851503	1560
cg08091023	0.22162389405213498	1560
cg03194311	0.221621954216312	1560
cg19294448	0.221621587494793	1560
cg15206062	0.2216214705988032	1560
cg02632643	0.22162107648965138	1560
cg11734988	0.22162103574607425	1560
cg03243768	0.22161837797935335	1560
cg23175428	0.22161825728719026	1560
cg12428298	0.22161504554247907	1560
cg24366127	0.22161379196806544	1560
cg24443795	0.2216098608950241	1560
cg02910650	0.22160905668084635	1560
cg11638583	0.22160737876290607	1560
cg10906102	0.2216068547630053	1560
cg00717808	0.22160679304317438	1560
cg10933002	0.22160558565640925	1560
cg21449360	0.22160470066842616	1560
cg17057098	0.22160313979619137	1560
cg20788022	0.22160036624206153	1560
cg08649286	0.22159998774905793	1560
cg26357606	0.22159603525187468	1560
cg10215766	0.2215951841679547	1560
cg23854456	0.22159453857623665	1560
cg25290992	0.22159408248200493	1560
cg22768615	0.2215923968377536	1560
cg04845625	0.22159167132406601	1560
cg26275898	0.22158866952091025	1560
cg07103329	0.2215876305547168	1560
cg07309941	0.22158741574779467	1560
cg04636406	0.22158583086626246	1560
cg08515072	0.22158538235260303	1560
cg27513886	0.2215853416234508	1560
cg03466779	0.22158489747583054	1560
cg16452701	0.22158416197947353	1560
cg12619876	0.22158310492001285	1560
cg06069457	0.22158259214486323	1560
cg17513477	0.22158121009715137	1560
cg15750963	0.22158056812124766	1560
cg05335115	0.22157966576831575	1560
cg26918011	0.22157896720321385	1560
cg06013127	0.22157841780657075	1560
cg12260801	0.22157740212573598	1560
cg23417677	0.22157736904489217	1560
cg14718247	0.22157581681478677	1560
cg23251678	0.22157381099428755	1560
cg23290719	0.22157353400957847	1560
cg05947422	0.2215729888534379	1560
cg03254230	0.22157204453956325	1560
cg08816858	0.22157166708952067	1560
cg15629235	0.22156932539170646	1560
cg06596307	0.22156870186794708	1560
cg24992359	0.22156832660479372	1560
cg13717532	0.221566222927734	1560
cg19299952	0.22156524894198545	1560
cg02647103	0.22156514815356043	1560
cg20891987	0.22156508451864187	1560
cg01430270	0.22156505984059646	1560
cg20243898	0.22156455687801263	1560
cg20603964	0.2215640494597593	1560
cg25630506	0.22156373123838236	1560
cg02374982	0.22156351554188902	1560
cg20400171	0.22156188402822902	1560
cg06301297	0.22156119234828878	1560
cg13290523	0.22156113237559744	1560
cg15911948	0.22155969505988538	1560
cg20091114	0.2215587672625823	1560
cg11881574	0.221558399327668	1560
cg27066296	0.2215567450031444	1560
cg14296220	0.2215550916056508	1560
cg13545926	0.2215541358075242	1560
cg18315935	0.22155396136637096	1560
cg17901038	0.22155116769722852	1560
cg27013755	0.22155003326442882	1560
cg27543922	0.22154865342026728	1560
cg10235741	0.22154743198534363	1560
cg06840305	0.2215472748666891	1560
cg03960390	0.22154677515676974	1560
cg11457582	0.22154656017098417	1560
cg04626721	0.22154407172747914	1560
cg03366858	0.2215440358829712	1560
cg26235080	0.2215434270849517	1560
cg19456275	0.2215432840927056	1560
cg05598781	0.22154167938289768	1560
cg16739503	0.22154109923811469	1560
cg00312985	0.2215409607287742	1560
cg03702675	0.22154057126167376	1560
cg13586404	0.22154033925648606	1560
cg16412629	0.22153882967249608	1560
cg13295719	0.22153649031453687	1560
cg15837086	0.22153424463659982	1560
cg01804370	0.22153379126288184	1560
cg13141363	0.22153348732011624	1560
cg24635951	0.22153155082502674	1560
cg06268327	0.22153089824837527	1560
cg20839522	0.22153074621858312	1560
cg16071082	0.22153024847528266	1560
cg14383611	0.22153002896815402	1560
cg27038929	0.22152850833261067	1560
cg21338112	0.22152823807657754	1560
cg20081993	0.22152696705923333	1560
cg10518155	0.22152693048881641	1560
cg15830682	0.2215266995253852	1560
cg27217110	0.2215257752317061	1560
cg00539564	0.22152566046378216	1560
cg13002957	0.22152532083312776	1560
cg14611609	0.2215238054192826	1560
cg11970480	0.22152294597520017	1560
cg24831391	0.2215228871003926	1560
cg25044834	0.22151848994786383	1560
cg04747382	0.22151831114997206	1560
cg12901650	0.22151506529941242	1560
cg26097364	0.22151430314688728	1560
cg26014570	0.22151127728459433	1560
cg09210336	0.2215106651805535	1560
cg22845723	0.2215092295497588	1560
cg01164791	0.22150818178107826	1560
cg01589595	0.22150767300484972	1560
cg06344211	0.2215060258025905	1560
cg22651508	0.22150575431319916	1560
cg12089360	0.22150423317185547	1560
cg06870618	0.22150357944742174	1560
cg13831388	0.22150224122356701	1560
cg01943414	0.221501017261602	1560
cg14297332	0.22150087281756373	1560
cg17002993	0.22150010786298002	1560
cg14510371	0.22149946806416088	1560
cg26094470	0.22149943119319376	1560
cg17998346	0.2214979051963423	1560
cg26535325	0.22149636942211504	1560
cg07895210	0.22149539166432175	1560
cg24518867	0.22149467475553583	1560
cg24168798	0.22149414494314965	1560
cg08823020	0.22149278563989014	1560
cg06469570	0.2214921414163677	1560
cg05848389	0.22149173091707813	1560
cg09049982	0.22149110923866802	1560
cg23870769	0.22148547385801015	1560
cg06563873	0.22148470792395003	1560
cg12239716	0.22148411172229476	1560
cg26537561	0.2214829971417969	1560
cg07309942	0.22148158933757006	1560
cg18942464	0.22148008497208468	1560
cg02823137	0.22147911275569476	1560
cg12440332	0.22147860073132086	1560
cg22659681	0.22147762569178492	1560
cg08831455	0.22147711694319974	1560
cg25211622	0.2214749162822361	1560
cg16311773	0.22147450679099018	1560
cg24797456	0.22147249056131094	1560
cg14270562	0.2214714487398773	1560
cg06753398	0.22147094060625314	1560
cg23575124	0.22146817474229988	1560
cg20294752	0.22146667054645086	1560
cg21856334	0.22146661254763114	1560
cg13587236	0.22146510496961505	1560
cg03119442	0.22146291438328963	1560
cg07893968	0.22146277609687076	1560
cg02075970	0.22146223921959735	1560
cg25857637	0.22146222950503563	1560
cg21550585	0.22146204665952388	1560
cg08632020	0.22146175218079314	1560
cg06781788	0.2214613030133529	1560
cg02510729	0.2214611574742091	1560
cg26573797	0.22146019931465505	1560
cg11511908	0.22145980786567201	1560
cg20969543	0.2214594380411931	1560
cg27527783	0.22145865109646462	1560
cg21835021	0.22145765402126416	1560
cg02599338	0.22145581596473474	1560
cg05218205	0.2214521447582324	1560
cg14909626	0.22145145265933033	1560
cg21045636	0.22144975586877688	1560
cg17625618	0.2214481240144174	1560
cg05069807	0.22144683264282627	1560
cg21236379	0.22144491256764284	1560
cg15827482	0.22144427687626125	1560
cg18173185	0.22144422748161702	1560
cg08649439	0.22144372534378493	1560
cg04512184	0.22144068495157473	1560
cg19780614	0.2214404841140057	1560
cg09232289	0.221440312877847	1560
cg02538976	0.22143953650449436	1560
cg17597249	0.22143944155162412	1560
cg06751603	0.22143860718470032	1560
cg17684858	0.22143763562803156	1560
cg20360947	0.22143589558517016	1560
cg24640799	0.22143535633049063	1560
cg06172720	0.22143312690697978	1560
cg14388804	0.22143282808691298	1560
cg11902557	0.2214324840351009	1560
cg27270830	0.22143188095151167	1560
cg14499426	0.22143171490782526	1560
cg10143030	0.22143104106798212	1560
cg05672074	0.2214297869405506	1560
cg04749422	0.22142889025633467	1560
cg09985745	0.22142863857264974	1560
cg14426682	0.22142582015899137	1560
cg20508187	0.2214229462111763	1560
cg06666281	0.22142273250416566	1560
cg14491051	0.22142146028499812	1560
cg00499201	0.22142124039721614	1560
cg12195230	0.2214210173481598	1560
cg23808182	0.22142011399953013	1560
cg09881253	0.22141996392509877	1560
cg01742884	0.22141957355893602	1560
cg08891920	0.2214169602076277	1560
cg18577003	0.22141638908170427	1560
cg09890687	0.22141634538031496	1560
cg09058471	0.2214162117361989	1560
cg18100586	0.22141551516040778	1560
cg23701865	0.2214126051547814	1560
cg05241309	0.22141215783138488	1560
cg12394567	0.22141167608978438	1560
cg05439608	0.22141091552540196	1560
cg27406472	0.22140841823409238	1560
cg06404238	0.22140841662823285	1560
cg01305483	0.22140656555042942	1560
cg10785099	0.22140540730494013	1560
cg09392355	0.22140453462185533	1560
cg16457477	0.22140231845148595	1560
cg04809316	0.22140019417923804	1560
cg24805434	0.22139965712052154	1560
cg20004134	0.22139944801839104	1560
cg10852433	0.22139791494743943	1560
cg04099705	0.2213971987687181	1560
cg05920998	0.2213948483734825	1560
cg00616650	0.22139442786888364	1560
cg05248860	0.2213943943621225	1560
cg06356708	0.22139401203751752	1560
cg20271620	0.22139325537571136	1560
cg06861375	0.2213918481341005	1560
cg04212926	0.22138780098485633	1560
cg24923678	0.2213877280337977	1560
cg01085866	0.22138628222215717	1560
cg12156655	0.22138542387143156	1560
cg22525251	0.22138462649808818	1560
cg00432872	0.22138377366510015	1560
cg23886755	0.2213833392711129	1560
cg07710971	0.22138266874413443	1560
cg00729564	0.22138254236057694	1560
cg25022612	0.2213824958410402	1560
cg07246578	0.2213805155389268	1560
cg05475904	0.22138050892131986	1560
cg21163944	0.2213789866793811	1560
cg08466082	0.2213781521479446	1560
cg16321293	0.2213776050731494	1560
cg07081569	0.22137743289773668	1560
cg14325029	0.22137702032014753	1560
cg21941223	0.221375017470736	1560
cg10533978	0.22137213907615685	1560
cg18137598	0.22137117873888965	1560
cg01702407	0.22137084692847497	1560
cg03221715	0.22136890718865554	1560
cg00680014	0.22136845825643992	1560
cg17933107	0.22136667690462633	1560
cg05502279	0.221366347243513	1560
cg01419499	0.22136618476208195	1560
cg26797297	0.22136494374445673	1560
cg15500478	0.2213606784544234	1560
cg03956606	0.22135989675457868	1560
cg15640339	0.22135968163699413	1560
cg04036430	0.221359598221162	1560
cg19304063	0.2213584124152084	1560
cg21551704	0.22135595398738256	1560
cg19819980	0.22135583595675176	1560
cg22617394	0.22135554877313393	1560
cg03147312	0.2213554143549407	1560
cg22018967	0.2213546720574821	1560
cg18116574	0.2213525291312476	1560
cg07943927	0.2213521217310722	1560
cg25592564	0.2213520051053376	1560
cg19800026	0.2213510873275397	1560
cg18057692	0.22135093735776804	1560
cg06095790	0.22134938133037557	1560
cg27209278	0.22134771221599756	1560
cg01665013	0.2213469386608275	1560
cg03372654	0.2213441501807648	1560
cg00847309	0.22134412111633414	1560
cg00213643	0.221341705874237	1560
cg24155025	0.22134025001373808	1560
cg03259874	0.22133985525342564	1560
cg08757028	0.22133921723441904	1560
cg13884636	0.22133869042679577	1560
cg04231814	0.22133813700918484	1560
cg19397801	0.22133794049191235	1560
cg07012231	0.22133734109823106	1560
cg13937654	0.22133649105542713	1560
cg10473588	0.2213344504414995	1560
cg01938304	0.22133376789615122	1560
cg15833704	0.22133131879265783	1560
cg15619643	0.22133099208643894	1560
cg04093159	0.22133062169380938	1560
cg18905962	0.22133019210634267	1560
cg16486932	0.22132962169619558	1560
cg22819672	0.2213294561427686	1560
cg05818351	0.22132892612358535	1560
cg11675413	0.22132871394934828	1560
cg01863013	0.2213277962365937	1560
cg01061697	0.22132596117893177	1560
cg00345621	0.2213257951954875	1560
cg01627201	0.22132579459835006	1560
cg20288836	0.2213250778585951	1560
cg01961783	0.22132499452304083	1560
cg20699960	0.22132331191203236	1560
cg05410102	0.22132207955603958	1560
cg26613771	0.22132140292801863	1560
cg18762252	0.22131813451117213	1560
cg06178754	0.221317749043979	1560
cg09164911	0.22131595688828773	1560
cg00016481	0.2213152712287963	1560
cg13257146	0.22131369270049966	1560
cg07291802	0.221313267330026	1560
cg03130936	0.22131223192523541	1560
cg06516720	0.2213115970083361	1560
cg17254176	0.2213103737304841	1560
cg26856871	0.22130702303773306	1560
cg20073376	0.22130657073289473	1560
cg05355764	0.22130579075105952	1560
cg01129951	0.22130471127522933	1560
cg27284833	0.22130453706458755	1560
cg01974195	0.2213032290716665	1560
cg08611205	0.22130229877389035	1560
cg04624567	0.22130084355252175	1560
cg00879980	0.22130081333189805	1560
cg07116312	0.22129997547705044	1560
cg17925329	0.22129835145446902	1560
cg13623638	0.22129818572288706	1560
cg24830524	0.22129745975374432	1560
cg19580697	0.2212973717442017	1560
cg26225673	0.2212947111304659	1560
cg09604106	0.22129367528679952	1560
cg20480097	0.2212922794597071	1560
cg05014846	0.22129185415679162	1560
cg24408001	0.22129171766791758	1560
cg04494230	0.22128833644176746	1560
cg14218269	0.22128804045235548	1560
cg24147119	0.22128722522148353	1560
cg20784862	0.22128551572555863	1560
cg19027545	0.221280799251458	1560
cg27491050	0.22127819187357628	1560
cg27173816	0.22127798085621087	1560
cg21566635	0.22127765943917468	1560
cg00458454	0.22127704178337293	1560
cg12024553	0.22127699442344895	1560
cg02540220	0.2212767258576584	1560
cg21477861	0.22127562365777326	1560
cg25756003	0.22127410303267708	1560
cg15933546	0.22126828505487528	1560
cg01403208	0.22126756249258644	1560
cg27253757	0.2212660779490482	1560
cg07962882	0.22126551190561483	1560
cg22846395	0.22126471539004422	1560
cg24545687	0.2212641561607471	1560
cg25361663	0.22126409938465785	1560
cg14026960	0.22126407166886972	1560
cg07940428	0.22125979708916652	1560
cg09180605	0.22125850188487578	1560
cg27068965	0.2212579004829361	1560
cg14020585	0.22125768871861104	1560
cg01126095	0.2212573089095579	1560
cg04554728	0.22125638330838884	1560
cg21883848	0.2212557139850423	1560
cg02903059	0.22125432924407207	1560
cg04644653	0.22125383923759137	1560
cg06528340	0.2212535420392676	1560
cg02586949	0.22125250831648755	1560
cg12397584	0.22125104144379448	1560
cg17152850	0.2212466045882765	1560
cg01953819	0.22124560859725462	1560
cg23614413	0.2212421225487745	1560
cg06289503	0.2212408266480707	1560
cg02326130	0.2212397382966743	1560
cg04741150	0.2212385350279606	1560
cg02228420	0.2212355346447783	1560
cg01450422	0.2212352633454671	1560
cg23920731	0.22123501060030437	1560
cg23878202	0.22123398352384613	1560
cg25239647	0.22123346637871233	1560
cg09837169	0.22123300614441022	1560
cg01163515	0.2212329871808682	1560
cg03081930	0.22123258352068137	1560
cg00882322	0.22123214136280367	1560
cg26573492	0.22123212662350378	1560
cg08711188	0.2212286984710794	1560
cg19666810	0.22122560206578495	1560
cg01657422	0.22122487622737866	1560
cg11495494	0.22122480865917155	1560
cg10312802	0.2212246642369146	1560
cg25405821	0.2212240584641783	1560
cg15937155	0.22122350803070437	1560
cg09329621	0.22122067339103643	1560
cg13983301	0.22121991206242925	1560
cg10396281	0.2212172388217703	1560
cg17156558	0.2212152463560448	1560
cg23973899	0.2212152113148441	1560
cg22991379	0.22121490926411122	1560
cg09706721	0.2212142458627751	1560
cg04192258	0.22121135838899275	1560
cg14518907	0.22121124601084705	1560
cg05129094	0.22121086508490748	1560
cg10806217	0.22121042011562764	1560
cg21703813	0.22121012914429683	1560
cg08970651	0.22120713117772445	1560
cg02576394	0.22120411665442274	1560
cg09939191	0.22120374987251018	1560
cg22846498	0.22120176426753335	1560
cg26408003	0.22120102984145412	1560
cg17140046	0.2212001203246802	1560
cg25748226	0.2211963258421207	1560
cg24065136	0.2211955692252973	1560
cg19453893	0.2211941923932324	1560
cg06970076	0.22119302850583958	1560
cg10504344	0.22119288464064263	1560
cg21030312	0.22119245029489068	1560
cg03877418	0.22119131808119183	1560
cg12932675	0.22119069895326834	1560
cg02247625	0.22119019604650436	1560
cg19525085	0.22119005412386863	1560
cg04909098	0.2211890577539508	1560
cg02067431	0.2211887340134089	1560
cg09336942	0.22118850945935545	1560
cg01315139	0.22118840204795537	1560
cg13982541	0.22118821301587682	1560
cg02695163	0.2211861631887396	1560
cg02681369	0.22118302159372716	1560
cg20303245	0.22118248825729694	1560
cg10634317	0.2211816929208144	1560
cg22455892	0.22118052154545076	1560
cg21502541	0.2211749094946425	1560
cg17983265	0.22117485490879402	1560
cg10870587	0.2211734243695593	1560
cg14994893	0.22117307383578833	1560
cg16592491	0.22117304612887592	1560
cg05070690	0.22117250550715514	1560
cg09270366	0.2211715577556091	1560
cg17084697	0.22117078226993914	1560
cg07311694	0.2211702419689275	1560
cg00676717	0.22116986964579408	1560
cg21690892	0.22116980398703626	1560
cg06490443	0.2211691646485172	1560
cg17466841	0.2211666612876174	1560
cg15627593	0.22116457050968813	1560
cg23856280	0.22116425264001438	1560
cg02365754	0.22116322272138877	1560
cg01757586	0.22116215324752805	1560
cg03601011	0.22116199669487707	1560
cg18830118	0.221160976376849	1560
cg11593799	0.22115914115140498	1560
cg18317492	0.22115913510244972	1560
cg14440794	0.22115672388260146	1560
cg17350552	0.2211566190305782	1560
cg05230906	0.2211559802166734	1560
cg22002176	0.22115440681359386	1560
cg19420447	0.22115213459643043	1560
cg24631609	0.22115074931929574	1560
cg08825223	0.2211504415592006	1560
cg02027979	0.22115011579265	1560
cg22173019	0.22114978594302612	1560
cg07283601	0.2211478357252835	1560
cg07306685	0.22114661587652346	1560
cg03353885	0.22114612931153266	1560
cg18675616	0.2211457784079727	1560
cg08625803	0.22114280171879996	1560
cg18481670	0.22114243208582993	1560
cg26551146	0.22114223406057623	1560
cg04362095	0.2211414844711276	1560
cg26273958	0.22114080285654847	1560
cg13373897	0.22114060475500863	1560
cg00150418	0.221139287119558	1560
cg10554639	0.22113917079807174	1560
cg19952014	0.2211366366436952	1560
cg14723307	0.22113575540160452	1560
cg00715343	0.2211315734387522	1560
cg08991234	0.22113036328179816	1560
cg03695708	0.2211301870609361	1560
cg22480993	0.2211285766589804	1560
cg03854265	0.22112847315499265	1560
cg02364276	0.2211265021608028	1560
cg03379270	0.22112211141893406	1560
cg21115346	0.2211216838544959	1560
cg03044483	0.2211200912527813	1560
cg25371129	0.22111985180135424	1560
cg08792185	0.22111961817187212	1560
cg16279544	0.22111947614379143	1560
cg14772087	0.22111925564405097	1560
cg07745941	0.2211177902483305	1560
cg11667387	0.22111499245629126	1560
cg02287939	0.22111434023097812	1560
cg09875780	0.22111183913189109	1560
cg05791383	0.22111009721805783	1560
cg27332978	0.22110818093065812	1560
cg01595804	0.22110184040020012	1560
cg12810152	0.2210999527323636	1560
cg21303226	0.22109826233338015	1560
cg03723307	0.22109729577125503	1560
cg23911097	0.2210964856761249	1560
cg10818901	0.22109630307725203	1560
cg06282665	0.22109610606847954	1560
cg13502514	0.22109571568762765	1560
cg18501942	0.2210946515261006	1560
cg00755064	0.2210945593346236	1560
cg06342838	0.22109409537732438	1560
cg17318769	0.22109396071695447	1560
cg03318937	0.22109112066738693	1560
cg18886197	0.22108574865038813	1560
cg19307060	0.22108509246090535	1560
cg10857398	0.22108460024646473	1560
cg15940454	0.22108447483739233	1560
cg14768519	0.22108383146465885	1560
cg01783406	0.2210834376238837	1560
cg18235353	0.22108318223961057	1560
cg06007675	0.2210828325529475	1560
cg22054328	0.2210784641010849	1560
cg27248643	0.22107808216528163	1560
cg05232943	0.22107675908159344	1560
cg07052857	0.22107495236823893	1560
cg06844454	0.22107412399664275	1560
cg16897264	0.2210736143620908	1560
cg10365657	0.22107358111563286	1560
cg22571278	0.22107337636055294	1560
cg18230627	0.22107192252268318	1560
cg06500883	0.22107181035058868	1560
cg01656837	0.2210700668000056	1560
cg27312391	0.22106942123006967	1560
cg25642126	0.22106923063898992	1560
cg25985480	0.22106723898473804	1560
cg09894439	0.2210656950791243	1560
cg08388004	0.2210656739651448	1560
cg10293297	0.22106546068841001	1560
cg00683655	0.22106437781854102	1560
cg19647611	0.2210625796601339	1560
cg17756587	0.22105991024131463	1560
cg18145431	0.22105979370388656	1560
cg18475728	0.22105952479278365	1560
cg25093234	0.2210594177502962	1560
cg07342618	0.22105928740109268	1560
cg10269358	0.22105815257310737	1560
cg03481620	0.2210564817923726	1560
cg23842158	0.2210560801572426	1560
cg24481782	0.22105523789881137	1560
cg11327029	0.2210547963910554	1560
cg20384325	0.22105350215811637	1560
cg08891367	0.22105274640363448	1560
cg13874049	0.22105239254980555	1560
cg09436823	0.22105146073497	1560
cg22872135	0.22104959643617753	1560
cg08579192	0.22104855759505754	1560
cg20405019	0.22104803036865892	1560
cg26342502	0.22104575183726238	1560
cg14181187	0.22104378404090375	1560
cg01352076	0.22104200874770932	1560
cg02607130	0.22104077666918578	1560
cg03084923	0.22104028803748585	1560
cg02344715	0.22104008222605634	1560
cg24939470	0.2210399892227304	1560
cg25770702	0.2210393385618496	1560
cg26728986	0.22103918027799782	1560
cg10180127	0.2210365720354047	1560
cg02519625	0.22103484786356462	1560
cg14854658	0.22103059654196297	1560
cg17893426	0.22102938257122587	1560
cg21313962	0.2210291618468801	1560
cg00152411	0.2210289902264253	1560
cg12903094	0.22102566906814175	1560
cg07179195	0.22102495255295418	1560
cg23817011	0.22102417700438534	1560
cg24024505	0.2210226621055037	1560
cg02104967	0.22102166969375722	1560
cg21593231	0.2210211376547446	1560
cg12030328	0.22101980879664737	1560
cg04400147	0.22101952313291925	1560
cg16406141	0.22101864632565568	1560
cg03214053	0.22101831632439195	1560
cg06742162	0.22101788533156086	1560
cg19886106	0.22101740863889086	1560
cg01657188	0.22101733023189202	1560
cg13883590	0.22101617664161835	1560
cg19886484	0.22101561337715933	1560
cg04219802	0.22101443482357863	1560
cg24807761	0.22101430631220606	1560
cg07289002	0.22101269001385393	1560
cg22259330	0.2210122067918895	1560
cg22958354	0.22101156835441024	1560
cg00952706	0.22101154296292697	1560
cg05338724	0.22100861951342077	1560
cg08613507	0.22100584972764817	1560
cg24197734	0.22100579634382245	1560
cg06028804	0.2210026630641336	1560
cg14539990	0.22100227495148683	1560
cg25429204	0.22100216496640585	1560
cg03836573	0.22100206052049567	1560
cg16822777	0.22100052105324725	1560
cg01677987	0.22099978396831127	1560
cg22475339	0.22099828778137182	1560
cg04097219	0.22099804408508766	1560
cg00542775	0.22099754802623953	1560
cg01351295	0.22099670748658096	1560
cg23045243	0.2209963516121848	1560
cg20422052	0.22099597668088652	1560
cg12859213	0.22099244329391565	1560
cg10391823	0.22099200217871767	1560
cg24553728	0.2209884893920289	1560
cg20310606	0.2209883906457751	1560
cg19165489	0.2209876245946485	1560
cg22568673	0.22098507978652823	1560
cg06190406	0.2209849735318819	1560
cg11716884	0.22098357710019906	1560
cg18909596	0.22098347254628337	1560
cg19621814	0.22098159941238743	1560
cg07997195	0.2209813711274177	1560
cg09841884	0.22098136647752917	1560
cg04788956	0.22097976404242542	1560
cg16841133	0.22097955814418166	1560
cg01235963	0.22097907855848659	1560
cg03530573	0.2209789786582734	1560
cg23344220	0.22097812741651363	1560
cg19496639	0.22097753747709753	1560
cg02558205	0.2209766764015729	1560
cg16244711	0.22097483614677227	1560
cg21333217	0.22097397074143701	1560
cg14408059	0.22097265851456221	1560
cg02849913	0.22097209965727413	1560
cg13998712	0.22097147840084624	1560
cg26916576	0.22097137304909872	1560
cg09647016	0.22097004626780778	1560
cg25204926	0.22096767900160416	1560
cg17810602	0.2209676260814403	1560
cg19036490	0.22096734224972098	1560
cg07514503	0.2209664466085551	1560
cg04080261	0.22096331613879844	1560
cg07562382	0.22096198702963007	1560
cg04383442	0.22096184163274493	1560
cg13762156	0.2209604274398904	1560
cg03558676	0.2209597448263931	1560
cg13451979	0.22095973299707108	1560
cg22267402	0.22095785600795864	1560
cg04175049	0.2209577931888493	1560
cg01835576	0.2209559770043247	1560
cg11562225	0.22095560430938643	1560
cg26823162	0.2209553068237721	1560
cg18985499	0.2209539764672456	1560
cg14405773	0.22095345872663363	1560
cg17047566	0.22095316867973014	1560
cg09299390	0.22095302770565742	1560
cg23572334	0.22095288631595789	1560
cg01563148	0.22095276931647237	1560
cg22642178	0.2209523049096446	1560
cg21148623	0.22095083297963497	1560
cg11756368	0.22095067133156318	1560
cg15641339	0.22095046702157653	1560
cg06445916	0.2209500655020485	1560
cg20930294	0.2209480258395254	1560
cg14400879	0.22094799501340043	1560
cg14009312	0.2209470368309188	1560
cg03023891	0.22094564002960154	1560
cg13606988	0.22094441783272503	1560
cg11857288	0.2209436909228625	1560
cg00410831	0.2209431767422979	1560
cg00164121	0.22094274844681627	1560
cg25069907	0.220942237219292	1560
cg21676440	0.220942161879246	1560
cg01914743	0.2209412205511459	1560
cg11988128	0.22094038369770416	1560
cg11419670	0.22093850841586132	1560
cg21892708	0.22093722106822355	1560
cg05838357	0.2209351597311881	1560
cg18999185	0.2209347605699625	1560
cg00773359	0.22093385995693848	1560
cg10696302	0.22093342167023636	1560
cg15546282	0.2209311269968416	1560
cg15759897	0.22092902845536824	1560
cg09213403	0.2209279085923717	1560
cg17819990	0.22092774070811477	1560
cg06163215	0.22092691695256658	1560
cg11993451	0.22092624438244554	1560
cg00686643	0.22092545079152243	1560
cg22918553	0.22092309195053816	1560
cg27448595	0.22092255310028058	1560
cg11616237	0.2209215053508348	1560
cg21230774	0.22092134867829838	1560
cg19192316	0.22092116463775405	1560
cg14038482	0.2209192927991641	1560
cg10704923	0.22091925275740323	1560
cg22979615	0.22091779910106094	1560
cg19252768	0.2209177325107855	1560
cg15326755	0.22091658073671788	1560
cg27305769	0.2209160547232255	1560
cg18536123	0.2209151184605542	1560
cg08419373	0.22091441287204663	1560
cg11611011	0.22091365944493052	1560
cg25222493	0.22091294566450528	1560
cg03241502	0.22091244585614966	1560
cg07283891	0.2209117641027646	1560
cg25363527	0.22091174249707007	1560
cg09334558	0.22091159703169552	1560
cg21366200	0.22091138694764384	1560
cg09088577	0.220910893400647	1560
cg26675523	0.22091055695514628	1560
cg08236499	0.22090911884897577	1560
cg08132980	0.22090715167467503	1560
cg07038001	0.22090586783009056	1560
cg04696391	0.22090560777776694	1560
cg21177558	0.220905459639892	1560
cg20056914	0.2209050835340125	1560
cg05336149	0.22090330682568185	1560
cg11631707	0.22090290587386674	1560
cg19811425	0.22090286874202703	1560
cg24915751	0.22090239654297328	1560
cg22007893	0.2209015191999524	1560
cg02046218	0.22089780228119973	1560
cg06917548	0.22089691653950572	1560
cg07006818	0.22089622199171646	1560
cg16600257	0.22089592549505788	1560
cg01424411	0.22089483381546532	1560
cg25079997	0.22089457648800465	1560
cg17803523	0.220894254782981	1560
cg18558744	0.22089328214598827	1560
cg01704947	0.22089313050018022	1560
cg08529628	0.22089200742368684	1560
cg14341771	0.22088858569913664	1560
cg27399034	0.2208871419555401	1560
cg12680106	0.2208862643269114	1560
cg21869704	0.22088608911164906	1560
cg15113090	0.2208859713436463	1560
cg03234661	0.22088518078941288	1560
cg14978172	0.22088390725131765	1560
cg07949165	0.22088102804370405	1560
cg14040633	0.22088009829920777	1560
cg22233579	0.22087868835183092	1560
cg02430902	0.22087858415173467	1560
cg04792644	0.22087621645748895	1560
cg02384338	0.2208750156378067	1560
cg13271963	0.22087436487622508	1560
cg13877423	0.22087332962223843	1560
cg26609691	0.2208718301698111	1560
cg20703524	0.22087040697021326	1560
cg14801546	0.22086969606098927	1560
cg20946044	0.2208696951168327	1560
cg01831527	0.22086953120222044	1560
cg13954965	0.22086890287605662	1560
cg05883978	0.2208688727825967	1560
cg14157170	0.22086748122065086	1560
cg08809070	0.22086596632541738	1560
cg08865640	0.22086544609404565	1560
cg21460686	0.22086446868326948	1560
cg16197088	0.22086434386964207	1560
cg06131338	0.2208638112160395	1560
cg21768956	0.22086248312742515	1560
cg09888620	0.22086200302135278	1560
cg05632866	0.22086192800146065	1560
cg00577950	0.22086038898324123	1560
cg19160040	0.22085965400312543	1560
cg20417180	0.22085723970001683	1560
cg15014977	0.22085601764469914	1560
cg10374962	0.2208553425188489	1560
cg20516529	0.22085488217545077	1560
cg24973343	0.22085458373517516	1560
cg23917768	0.2208525953103113	1560
cg11161755	0.22084986221009578	1560
cg10157411	0.22084876040705706	1560
cg21787835	0.2208484745440095	1560
cg10672804	0.22084788972778308	1560
cg24123824	0.22084712392735759	1560
cg19716542	0.22084619411122058	1560
cg18766608	0.22084538647752108	1560
cg23891286	0.22084474019626305	1560
cg04195340	0.22084367093436402	1560
cg15874611	0.22084256575474429	1560
cg01863419	0.22084254585233307	1560
cg16749785	0.22084219115477924	1560
cg08288426	0.22083981503983727	1560
cg14105458	0.22083960207280037	1560
cg21055576	0.22083879412749308	1560
cg09806575	0.22083867781195315	1560
cg02368428	0.22083697726734927	1560
cg10411126	0.22083692634423446	1560
cg21605366	0.2208345934100047	1560
cg01797162	0.22083417228152177	1560
cg23880326	0.22083261912794977	1560
cg15153770	0.2208312195264051	1560
cg24478926	0.22083105904759698	1560
cg09914648	0.22083049510812044	1560
cg26493247	0.2208304272925082	1560
cg14977279	0.22082959220505052	1560
cg27163061	0.22082940518988803	1560
cg09915377	0.22082881021340603	1560
cg05800641	0.2208270819204493	1560
cg03023935	0.220826270960101	1560
cg02311337	0.22082206660000173	1560
cg12642705	0.22082196644284208	1560
cg07084709	0.22082153074315594	1560
cg05997278	0.22082012920381364	1560
cg01203365	0.2208197695191927	1560
cg07699931	0.22081973459183224	1560
cg05386903	0.22081696773559514	1560
cg24310904	0.2208161444502565	1560
cg08754725	0.22081430139738628	1560
cg27430402	0.22081266329436527	1560
cg10655492	0.2208099600026615	1560
cg23606392	0.22080893334037638	1560
cg05954266	0.22080809085552255	1560
cg19705346	0.2208071236188903	1560
cg08819120	0.22080560831800145	1560
cg16020805	0.22080505637244643	1560
cg17852841	0.220804325056222	1560
cg24899451	0.220803536178495	1560
cg15116677	0.22080296483807416	1560
cg26417346	0.22080272331951997	1560
cg10835365	0.2208026494097523	1560
cg07835682	0.22080121285100646	1560
cg17738743	0.22080088753968152	1560
cg26784106	0.22080018395771164	1560
cg01347776	0.2207989510573203	1560
cg08485565	0.22079809161887545	1560
cg12888113	0.2207979930076413	1560
cg12037493	0.22079671056759428	1560
cg01796511	0.22079657808497846	1560
cg04305494	0.22079644388144104	1560
cg19363213	0.22079425452204085	1560
cg22605364	0.22079396871000614	1560
cg19882119	0.22079339366022482	1560
cg25884324	0.22079068710970806	1560
cg03145301	0.2207887206088888	1560
cg01714595	0.22078843516777766	1560
cg04577979	0.22078820099116858	1560
cg27490465	0.2207877857678996	1560
cg12142598	0.22078772022278853	1560
cg22745471	0.22078682828293444	1560
cg27549075	0.22078645875607572	1560
cg08661450	0.22078643761461528	1560
cg04483460	0.22078618683687487	1560
cg13080749	0.22078598890448708	1560
cg13996397	0.22078514061496352	1560
cg11024119	0.22078332489164293	1560
cg24271378	0.22078275312817094	1560
cg01407576	0.2207798738224165	1560
cg06026880	0.2207773111331225	1560
cg16596470	0.22077712450012651	1560
cg02276763	0.22077707771274271	1560
cg18159533	0.22077065878466665	1560
cg20238681	0.2207702949082393	1560
cg06458169	0.22077023088427075	1560
cg00041898	0.22076980859316847	1560
cg04187708	0.2207694302503014	1560
cg03333893	0.2207690842335444	1560
cg08251036	0.22076907283899905	1560
cg02501767	0.22076823268862414	1560
cg11156304	0.2207679421267891	1560
cg26393112	0.22076553979498903	1560
cg06823965	0.22076456975453562	1560
cg20677157	0.22076336121821627	1560
cg07135408	0.22076299790366935	1560
cg01113401	0.22076095763492568	1560
cg06354692	0.22076065840190479	1560
cg07086592	0.2207586234348716	1560
cg25946491	0.22075739726887939	1560
cg27056559	0.22075688141115177	1560
cg23470598	0.22075654802974187	1560
cg10848252	0.22075435406717048	1560
cg22795345	0.22075352276714436	1560
cg05714119	0.22075298165494434	1560
cg07957806	0.2207528439308396	1560
cg25586244	0.22075150403918767	1560
cg14910406	0.22075127046933826	1560
cg17806989	0.2207501000180933	1560
cg16223967	0.22074979925572102	1560
cg01435107	0.2207496960652659	1560
cg02795284	0.2207485315037123	1560
cg18774545	0.22074822354094947	1560
cg06516331	0.22074775651090744	1560
cg00151906	0.22074737376630385	1560
cg22787311	0.22074724080843489	1560
cg22681772	0.22074675082837383	1560
cg12453183	0.22074564609894015	1560
cg03114711	0.2207435809766629	1560
cg00679681	0.22074309789610505	1560
cg07415530	0.22074204228115954	1560
cg17846497	0.22073866381149798	1560
cg03141594	0.22073761036222528	1560
cg22063222	0.22073686979720933	1560
cg02295745	0.2207364259940253	1560
cg26454601	0.22073629006818923	1560
cg07035489	0.22073627316949143	1560
cg00500299	0.2207359081529262	1560
cg22026192	0.22073579746805602	1560
cg14536353	0.22073486777076304	1560
cg27299776	0.2207343016414542	1560
cg01441387	0.2207324725537907	1560
cg18204017	0.22073144584208915	1560
cg02059297	0.22073123620493534	1560
cg08282512	0.22073004305763755	1560
cg19150007	0.2207298274072192	1560
cg19583407	0.2207297370758213	1560
cg25780982	0.2207294817017323	1560
cg01754790	0.2207272140768575	1560
cg16008631	0.2207266445874514	1560
cg16746113	0.22072566304645894	1560
cg03195732	0.2207247406974582	1560
cg25733756	0.22072405692681696	1560
cg10725623	0.22072362298635165	1560
cg15258936	0.22072316271687573	1560
cg17460449	0.2207225290257575	1560
cg18155853	0.22072020354005709	1560
cg18996153	0.22071971378869246	1560
cg14350318	0.22071801332591776	1560
cg00665816	0.2207171114058055	1560
cg03122602	0.2207144888657182	1560
cg07567612	0.2207139195828557	1560
cg21898844	0.22071312877282295	1560
cg15466977	0.22071311373432118	1560
cg08502383	0.22071187304366147	1560
cg06482904	0.22071173118111576	1560
cg05380916	0.22071055865967623	1560
cg01889883	0.22070979502477514	1560
cg18762825	0.2207089171826673	1560
cg18456456	0.22070714009253936	1560
cg16423411	0.2207064647721276	1560
cg06259406	0.22070645625566518	1560
cg14532188	0.2207059366927234	1560
cg05634649	0.22070561213956263	1560
cg20586611	0.22070543548224125	1560
cg19341715	0.22070516260868023	1560
cg09321684	0.22070439742683895	1560
cg10531167	0.22070337947194946	1560
cg02244477	0.22070209564990179	1560
cg15721142	0.22070080223951496	1560
cg04339312	0.22070007556169766	1560
cg17764715	0.22069921741935053	1560
cg11825756	0.22069822119400184	1560
cg18086853	0.22069772968062334	1560
cg27062341	0.2206959779112066	1560
cg10212457	0.22069536657712358	1560
cg11265041	0.22069514904916876	1560
cg25192173	0.22069138155319132	1560
cg10130071	0.2206876957299244	1560
cg11719296	0.2206854960966945	1560
cg02828802	0.22068532806805788	1560
cg25553110	0.2206851463284868	1560
cg12565215	0.22068195308484861	1560
cg08408976	0.22068172807748487	1560
cg04453972	0.22068136911721234	1560
cg27058217	0.22068049339148035	1560
cg00711327	0.22067961754758958	1560
cg16655424	0.22067947405904173	1560
cg22097171	0.22067906891466144	1560
cg13989455	0.22067835834939054	1560
cg26171489	0.22067586346384307	1560
cg01665432	0.22067573543124994	1560
cg08295608	0.22067418328066235	1560
cg02544684	0.2206736147256526	1560
cg24171152	0.22067314934701127	1560
cg03249789	0.22067266787205014	1560
cg00663376	0.22067088386051933	1560
cg07071417	0.22067080131603298	1560
cg22145916	0.2206700048049728	1560
cg02673453	0.22066961042305727	1560
cg15314212	0.2206690095187575	1560
cg14047548	0.22066849537804425	1560
cg13810683	0.22066705712249435	1560
cg02021895	0.22066667578404828	1560
cg17579242	0.22066648555240967	1560
cg09784977	0.22066595435885134	1560
cg01156876	0.22066571346364794	1560
cg04553903	0.22066570326391258	1560
cg06629337	0.22066556806705695	1560
cg06656551	0.22066524742917878	1560
cg14508973	0.22066348166740532	1560
cg11738164	0.22066214358736538	1560
cg04804139	0.22066182792733413	1560
cg24054668	0.2206616921461049	1560
cg03783555	0.22066167967320516	1560
cg15753644	0.22066040211755455	1560
cg07053964	0.22065834934203987	1560
cg14386311	0.2206571496963461	1560
cg21561057	0.22065556440748643	1560
cg00961292	0.22065546398147437	1560
cg01410440	0.2206546351566757	1560
cg04788372	0.2206500610085603	1560
cg18755950	0.22064824360177707	1560
cg21181756	0.22064792279225864	1560
cg20668546	0.22064738765756284	1560
cg06534726	0.22064710317016226	1560
cg10250776	0.22064595816485943	1560
cg02505267	0.22064572502852	1560
cg03541126	0.22064538974910783	1560
cg11903177	0.22064536651824088	1560
cg09701896	0.22064482309832054	1560
cg15996592	0.2206430457207	1560
cg23599278	0.22064223781457404	1560
cg24848437	0.22063946565618206	1560
cg19672685	0.22063920501497236	1560
cg05132751	0.22063839160262652	1560
cg10473100	0.22063838226326443	1560
cg15168958	0.22063755046587982	1560
cg27022334	0.22063718110053507	1560
cg00648582	0.2206370552221703	1560
cg25069807	0.22063680954398784	1560
cg10481100	0.2206364399258544	1560
cg18823904	0.22063289708040998	1560
cg04932691	0.22063204570338865	1560
cg03157922	0.22063120575536435	1560
cg09445675	0.2206305466994688	1560
cg16907531	0.2206304872946398	1560
cg15190914	0.22062995579600247	1560
cg12854032	0.22062869403807336	1560
cg01928910	0.22062824768290623	1560
cg20458433	0.22062652214757433	1560
cg20519277	0.2206249492067475	1560
cg01313949	0.22062455777071305	1560
cg08068407	0.22062416309401972	1560
cg20125846	0.220624123571834	1560
cg00227651	0.22062379298278348	1560
cg14864578	0.22062304743397898	1560
cg06112087	0.2206229612968351	1560
cg20972049	0.2206225620814336	1560
cg23702321	0.22062254810504509	1560
cg10718425	0.22062245939158767	1560
cg25597531	0.22062227419950983	1560
cg25031460	0.22062163244847063	1560
cg16737267	0.2206205102166562	1560
cg04229372	0.22061855679909456	1560
cg26881139	0.22061510803537054	1560
cg11972890	0.22061340769798968	1560
cg15766982	0.220613038817653	1560
cg03713666	0.22061277315885192	1560
cg09424554	0.22061256918769445	1560
cg15506446	0.22061068138178017	1560
cg01822102	0.22061065754486134	1560
cg19965962	0.22060955641797372	1560
cg13198885	0.22060931730471145	1560
cg08414809	0.22060872047042288	1560
cg07346603	0.22060716562162783	1560
cg05143092	0.22060677117836705	1560
cg00632358	0.22060645773744517	1560
cg14227056	0.2206061762288034	1560
cg11050603	0.22060584802731176	1560
cg17885175	0.22060557412897025	1560
cg05847233	0.22060544855362463	1560
cg12236761	0.22060478386550852	1560
cg17317690	0.2206022541283795	1560
cg25054674	0.22060191948622843	1560
cg16657578	0.22060015514764034	1560
cg00835828	0.2205999351973141	1560
cg09935461	0.2205996596569914	1560
cg24535978	0.2205988863724198	1560
cg08491150	0.22059858146785175	1560
cg00427553	0.22059818952449076	1560
cg10865363	0.2205960220357493	1560
cg20163667	0.22059565393894595	1560
cg05616094	0.22059306259435843	1560
cg18519450	0.22059104162066714	1560
cg11761622	0.2205904602557548	1560
cg15654779	0.22058855726801835	1560
cg07396407	0.2205843316122149	1560
cg26389871	0.22058406832687624	1560
cg00373120	0.22058290733126124	1560
cg05174710	0.22058201777620853	1560
cg15405429	0.22058018458323467	1560
cg15898267	0.22057847386463467	1560
cg01339726	0.2205768776185127	1560
cg22117688	0.22057669378595918	1560
cg24149191	0.22057610411520784	1560
cg08472341	0.2205759335390116	1560
cg05864350	0.22057511476065847	1560
cg02957290	0.22057499023825083	1560
cg21722639	0.22057312416869224	1560
cg00978475	0.22057054150047029	1560
cg19387239	0.22056906567496531	1560
cg00489477	0.2205689903000938	1560
cg14609841	0.22056864059551257	1560
cg16125397	0.22056833631236833	1560
cg17279942	0.22056154936619607	1560
cg24774770	0.22056112153428312	1560
cg26865002	0.22055990683376495	1560
cg05236768	0.22055930992965161	1560
cg12243428	0.220558829586342	1560
cg14567332	0.22055507202939448	1560
cg03025148	0.22055409403626333	1560
cg11931953	0.22055221923299428	1560
cg02595412	0.22055192133304646	1560
cg01028522	0.22055106246898323	1560
cg00180470	0.2205502963383033	1560
cg15921773	0.22054946720140234	1560
cg05596468	0.2205486391205911	1560
cg04987232	0.22054755845702592	1560
cg14932952	0.22054607745713894	1560
cg03776878	0.22054561059214997	1560
cg12297684	0.22054511517969816	1560
cg07049515	0.2205439407164513	1560
cg02951711	0.2205433009510633	1560
cg02393470	0.22054134736489409	1560
cg11396712	0.22054048939672286	1560
cg14664030	0.22053992839658437	1560
cg03043709	0.22053961484378562	1560
cg02864619	0.22053925347266898	1560
cg15241549	0.22053907873248152	1560
cg06173857	0.22053789439545632	1560
cg19591077	0.22053771078966464	1560
cg07942355	0.22053646458982878	1560
cg11602148	0.22053581680806672	1560
cg08741923	0.22053536622208708	1560
cg20424803	0.22053499137689117	1560
cg24949049	0.22053439520460738	1560
cg26532930	0.22053048684218748	1560
cg23028840	0.22053031442926457	1560
cg19602139	0.22052679467257	1560
cg06262497	0.2205256309553666	1560
cg00239899	0.22052247404859018	1560
cg06267488	0.22052188546458035	1560
cg09898318	0.2205205530253453	1560
cg19500393	0.22051628110261406	1560
cg14091347	0.22051609669795827	1560
cg00254426	0.22051588352545287	1560
cg18648997	0.22051580592685557	1560
cg24594383	0.2205152012808201	1560
cg02515445	0.2205134953965704	1560
cg02921249	0.22051207842370443	1560
cg13219560	0.22051159807364054	1560
cg00786138	0.22051020501166943	1560
cg13692222	0.2205078227572882	1560
cg02941420	0.22050732701292952	1560
cg07452560	0.2205068242955398	1560
cg00100564	0.2205067247797518	1560
cg04945572	0.2205066365695125	1560
cg01776679	0.22050482245969447	1560
cg01023734	0.2205040638589706	1560
cg18571757	0.22050255869798027	1560
cg03313574	0.22050236323061687	1560
cg04686778	0.22050220690309494	1560
cg07871485	0.22050187465805487	1560
cg13339708	0.2205013818570114	1560
cg10641823	0.2205007675468369	1560
cg03273233	0.2204999301598458	1560
cg15648444	0.22049964809914097	1560
cg15142488	0.22049851087785285	1560
cg23834643	0.2204941752689174	1560
cg21365287	0.22049413878161414	1560
cg01885222	0.22049391845397118	1560
cg07912402	0.22049010713173753	1560
cg11601913	0.22049005042433908	1560
cg26872049	0.22048863112502345	1560
cg05273053	0.22048832364041865	1560
cg04573153	0.22048780305848537	1560
cg21089667	0.2204837815446417	1560
cg24836822	0.22048369798602913	1560
cg20467378	0.22048294773935534	1560
cg02073492	0.22048238976076698	1560
cg13333322	0.22048162431743754	1560
cg06108288	0.22048011669158737	1560
cg14020943	0.2204791899327499	1560
cg23527115	0.22047794128555442	1560
cg03554159	0.22047680826730717	1560
cg20651080	0.22047602693886573	1560
cg09044186	0.22047597510807593	1560
cg11588831	0.22047525566936063	1560
cg00008810	0.22047358625615818	1560
cg04097543	0.22047265395745902	1560
cg21768014	0.22047190177327874	1560
cg22659267	0.22047064220530052	1560
cg03052172	0.22046988148071628	1560
cg03152913	0.22046961125909542	1560
cg06414842	0.22046742478368933	1560
cg03164052	0.22046711727452847	1560
cg18532515	0.22046684768415992	1560
cg10515125	0.2204651197174676	1560
cg24752582	0.22046482578413878	1560
cg00901946	0.22046328165942022	1560
cg15386350	0.2204629637626112	1560
cg02974491	0.22046157006592595	1560
cg01290754	0.22046125032484754	1560
cg20221308	0.2204605032178723	1560
cg14018434	0.22045571757541016	1560
cg07088555	0.22045539026266908	1560
cg11371879	0.22045491847015583	1560
cg05597232	0.22045309331537744	1560
cg01773515	0.22045218689814472	1560
cg22402291	0.22045201004252457	1560
cg02045894	0.220448772181344	1560
cg08714895	0.220447986538939	1560
cg19296371	0.22044682005320268	1560
cg02455836	0.2204459370443005	1560
cg19608824	0.22044580246252352	1560
cg25202662	0.22044379546736445	1560
cg20242975	0.22044355646880412	1560
cg26858409	0.22044272691926964	1560
cg02388500	0.22044261871332382	1560
cg14833439	0.22044165847543784	1560
cg14146959	0.2204407760777707	1560
cg10326904	0.2204407650569473	1560
cg11148307	0.22043968866245647	1560
cg08694618	0.2204395608077813	1560
cg02391400	0.22043771330369685	1560
cg10685436	0.22043695193378682	1560
cg18928595	0.22043678524467497	1560
cg01163049	0.22043666683908916	1560
cg13657209	0.22043638200470556	1560
cg16641000	0.22043292294733063	1560
cg01415995	0.22043158794040157	1560
cg09788788	0.22043072922931164	1560
cg06636460	0.22043005132170132	1560
cg04536951	0.22042937273513147	1560
cg13275481	0.22042903944611678	1560
cg07880562	0.22042810792118642	1560
cg16521443	0.22042788574592542	1560
cg03985520	0.22042706545535173	1560
cg00446065	0.22042569828676997	1560
cg15285217	0.220425435617701	1560
cg15538428	0.22042508937172617	1560
cg12258471	0.22042452673810178	1560
cg22038027	0.22042431413234648	1560
cg14245421	0.22042427534680076	1560
cg12278631	0.22042311511247714	1560
cg10504108	0.220423064394093	1560
cg11750103	0.22042076608650762	1560
cg02462962	0.22042057146047253	1560
cg25764137	0.22042008825165085	1560
cg11709138	0.22041895787653734	1560
cg23297891	0.22041893852265287	1560
cg06658637	0.220418341913099	1560
cg27344090	0.22041805702238487	1560
cg26697474	0.22041765857544277	1560
cg06018666	0.22041761887614514	1560
cg11027637	0.220417158660675	1560
cg02311040	0.22041678444689314	1560
cg07755343	0.22041463596009	1560
cg08371685	0.22041452118937038	1560
cg03191532	0.22041446041308485	1560
cg00543735	0.22041383629130148	1560
cg01967741	0.2204118077524726	1560
cg20342415	0.22041157886298313	1560
cg27297025	0.2204109152721283	1560
cg25215565	0.220410615997873	1560
cg26058265	0.22040929002253662	1560
cg19815917	0.2204091019922292	1560
cg13352563	0.22040548591431577	1560
cg14379490	0.22040032070677112	1560
cg04833819	0.22039926760422737	1560
cg24890286	0.2203988980429302	1560
cg18337575	0.2203971747312427	1560
cg24027263	0.22039712292770036	1560
cg00011460	0.22039706621541255	1560
cg05293220	0.22039672673026148	1560
cg10803903	0.22039631143583802	1560
cg27176938	0.22039613004099892	1560
cg13573980	0.22039519455646794	1560
cg01939891	0.2203944232881301	1560
cg23300882	0.2203943745950385	1560
cg24008219	0.220391358796303	1560
cg01634964	0.2203904251079559	1560
cg13849066	0.22038930409297716	1560
cg22724433	0.22038802595006785	1560
cg09990086	0.22038705605222136	1560
cg12557168	0.22038680480318212	1560
cg18389845	0.2203867017004252	1560
cg13717540	0.22038565904698176	1560
cg16904116	0.22038460291216064	1560
cg21897676	0.22038305495576158	1560
cg18070818	0.22038297649459185	1560
cg19964581	0.2203806929086609	1560
cg00549609	0.22038038547469732	1560
cg25599739	0.22037893844263393	1560
cg10517096	0.2203787164356662	1560
cg22240884	0.22037843443006735	1560
cg21187004	0.22037819276600365	1560
cg09243852	0.22037685585565372	1560
cg25809434	0.22037591538636128	1560
cg13071660	0.22037590929477413	1560
cg03224276	0.2203746736104144	1560
cg19216044	0.220373441815762	1560
cg03963654	0.22037254136398443	1560
cg04534503	0.22037228785994875	1560
cg09361470	0.22036945068681782	1560
cg10024446	0.22036798243264463	1560
cg24776498	0.22036757554049108	1560
cg04375492	0.22036713131015087	1560
cg05256902	0.22036546954228334	1560
cg18761997	0.22036359570212152	1560
cg01101936	0.22036324727893794	1560
cg15075784	0.22036311064530908	1560
cg26690525	0.22036242042653814	1560
cg02908285	0.22036149084870937	1560
cg14597726	0.22035971307508223	1560
cg05166248	0.22035942516029233	1560
cg25691728	0.2203551320894666	1560
cg13225272	0.22035422926908568	1560
cg23901896	0.22035306400881685	1560
cg14533120	0.22035300830981716	1560
cg25620125	0.2203521428613544	1560
cg16441144	0.2203507250227821	1560
cg18190547	0.22035071004953488	1560
cg01224107	0.22034934224201097	1560
cg21942546	0.22034900031356586	1560
cg22633247	0.22034715877842742	1560
cg17409673	0.22034572370947558	1560
cg23627350	0.2203433748165753	1560
cg16646261	0.22034303575311553	1560
cg19956158	0.22034144919568524	1560
cg12812048	0.2203414481237803	1560
cg07987191	0.22034098328919788	1560
cg11469319	0.22034006152453006	1560
cg14013390	0.22033873832328302	1560
cg01753140	0.22033833005432357	1560
cg14434995	0.22033661403966956	1560
cg08538369	0.22033534574416627	1560
cg19049724	0.22033248831678717	1560
cg09845666	0.2203320043916136	1560
cg07389500	0.2203317747323579	1560
cg15479073	0.2203305271961785	1560
cg11591525	0.22033048628836976	1560
cg22197358	0.22033001064448252	1560
cg26515337	0.22032804824239574	1560
cg14418175	0.22032394064007896	1560
cg09830444	0.22032351548550988	1560
cg26941073	0.22032305655808482	1560
cg24356977	0.22032211422355025	1560
cg19215261	0.22032181739872292	1560
cg24297873	0.22032054835215936	1560
cg11509491	0.22032004047872447	1560
cg15323873	0.220317248065172	1560
cg08698523	0.22031650737158764	1560
cg17142486	0.22031641861806475	1560
cg11212801	0.2203158552170284	1560
cg25102759	0.2203150794229633	1560
cg23598360	0.22031457122395717	1560
cg23350296	0.22031351654177983	1560
cg02894204	0.22031322895273442	1560
cg21210496	0.22031256062706076	1560
cg15690475	0.2203119093955762	1560
cg07932328	0.22031165033489483	1560
cg02856952	0.22031138323519187	1560
cg17100770	0.22031103198109306	1560
cg23845400	0.22031086273706327	1560
cg21142033	0.22031008457540027	1560
cg16591948	0.22030866011682848	1560
cg04308797	0.22030725347198052	1560
cg16424440	0.22030692060251694	1560
cg05187155	0.220305992509424	1560
cg17608529	0.2203058780540913	1560
cg13487210	0.22030583268286882	1560
cg26722544	0.2203053592071214	1560
cg11584499	0.22030429139562807	1560
cg11363877	0.22030401592920684	1560
cg17233829	0.2203033794777691	1560
cg18267081	0.22030187919147087	1560
cg25575458	0.22029995926616872	1560
cg04923739	0.22029969003236669	1560
cg14487039	0.2202988662380062	1560
cg06441514	0.2202987916089953	1560
cg08564340	0.22029858853571999	1560
cg05559557	0.22029828035837418	1560
cg04099029	0.2202980774815162	1560
cg09900317	0.22029802838228282	1560
cg04025550	0.2202973464892514	1560
cg18874425	0.22029698313511353	1560
cg01732463	0.22029659400959756	1560
cg01020694	0.22029619117515176	1560
cg11644402	0.22029588133394773	1560
cg27437445	0.2202957075879904	1560
cg08545365	0.220290982029869	1560
cg13155712	0.22029058991467496	1560
cg13409148	0.22028981508075038	1560
cg15317817	0.22028971313717033	1560
cg08479136	0.22028930294285112	1560
cg12895977	0.2202888587030553	1560
cg22804418	0.22028826914913824	1560
cg25706474	0.22028509059797383	1560
cg13084158	0.22028411315970442	1560
cg06916591	0.22028398928076565	1560
cg21681834	0.2202827690004999	1560
cg22694548	0.22028258749866875	1560
cg17716037	0.22028216187654048	1560
cg22688455	0.220281894945012	1560
cg05384198	0.22028047837830816	1560
cg03565437	0.22027912557785784	1560
cg20232550	0.22027758368370323	1560
cg18116160	0.22027740819619734	1560
cg00012960	0.22027661850761962	1560
cg07537853	0.22027573692455138	1560
cg15798873	0.22027318550807076	1560
cg23526972	0.2202728752084108	1560
cg03154665	0.22027096773825164	1560
cg04725566	0.22027053073228592	1560
cg20459613	0.22026789782534717	1560
cg15566393	0.2202668012571142	1560
cg01357771	0.2202667953274554	1560
cg01198184	0.22026591164649642	1560
cg21751406	0.22026562341120293	1560
cg22698759	0.2202647142639763	1560
cg20338075	0.22026446195362387	1560
cg11427928	0.2202638590334384	1560
cg13644150	0.22026148524498795	1560
cg03089878	0.2202578854033651	1560
cg10117603	0.22025529359491622	1560
cg17817057	0.22025485119314456	1560
cg18235835	0.22025413326646373	1560
cg23047335	0.2202538750962446	1560
cg25211006	0.22025353449615642	1560
cg22948975	0.22025348453894628	1560
cg22647996	0.22025341685242378	1560
cg10507231	0.22025249260728405	1560
cg01537765	0.2202517583296715	1560
cg22230584	0.22025175108017045	1560
cg20026190	0.22025172397978524	1560
cg14071947	0.22025074851875187	1560
cg26583725	0.22025050476113142	1560
cg02371401	0.2202499884935607	1560
cg02860465	0.22024992196308316	1560
cg06503456	0.22024981854433695	1560
cg21058362	0.22024940155430422	1560
cg19361181	0.2202490580389021	1560
cg03036167	0.22024549026326032	1560
cg26360004	0.22024273412107795	1560
cg13962681	0.22024212181679687	1560
cg18400181	0.22023748954696212	1560
cg04430954	0.22023746384873394	1560
cg16726435	0.22023728096347273	1560
cg12119726	0.2202353219552082	1560
cg11635563	0.22023522989959507	1560
cg00369613	0.22023453659226228	1560
cg24652809	0.22023160639710765	1560
cg21426065	0.22023113272335865	1560
cg01471910	0.22023094096999357	1560
cg01705853	0.22023081992462107	1560
cg20403873	0.22022970154014718	1560
cg23833617	0.22022877991493278	1560
cg25979644	0.22022869616373342	1560
cg22384183	0.22022749981957704	1560
cg06985153	0.22022641092370923	1560
cg01056590	0.2202263310547754	1560
cg00944666	0.22022579677491033	1560
cg27393640	0.2202249675088549	1560
cg03855529	0.22022444860349502	1560
cg20806712	0.22022394170224524	1560
cg02082089	0.22022385712842996	1560
cg00000108	0.2202232752087089	1560
cg05532325	0.2202224728027463	1560
cg21906866	0.22022240696302492	1560
cg10847915	0.220222160073883	1560
cg00691451	0.220219916465485	1560
cg16075775	0.22021925847477755	1560
cg02674465	0.220217760328296	1560
cg04662649	0.22021769329187185	1560
cg14487959	0.22021594004838668	1560
cg23338753	0.22021473105879025	1560
cg12015279	0.2202119252380646	1560
cg15468154	0.22021090465456686	1560
cg05352250	0.22020868170649788	1560
cg04656757	0.2202067248831514	1560
cg01042287	0.22020662578264033	1560
cg14566661	0.22020641329563703	1560
cg04101363	0.22020621269033272	1560
cg04195263	0.2202056229131207	1560
cg20150904	0.22020557140949107	1560
cg03521085	0.22020357556902376	1560
cg14448765	0.22020092986594872	1560
cg08013914	0.22020078103332327	1560
cg09975562	0.22019982041104816	1560
cg18132690	0.22019981937571786	1560
cg08693792	0.22019981051760676	1560
cg26287240	0.22019913153443563	1560
cg19229077	0.22019890171772394	1560
cg02136394	0.22019867272222746	1560
cg06392109	0.2201964804670846	1560
cg05652090	0.2201961667246125	1560
cg22788646	0.2201956618882691	1560
cg02531506	0.22019549033849345	1560
cg03466237	0.22019545753689704	1560
cg12998785	0.22019543872620198	1560
cg14607955	0.22019530258291997	1560
cg14417468	0.22019462838225334	1560
cg22829309	0.2201943457575467	1560
cg15249211	0.2201940966414657	1560
cg22050897	0.22019216594285584	1560
cg11800244	0.22019207560444043	1560
cg25191172	0.22019093268775478	1560
cg05152764	0.22018922437030136	1560
cg18246056	0.2201884552412485	1560
cg10082662	0.22018690939538632	1560
cg17997684	0.2201862203048136	1560
cg11036999	0.22018589443515998	1560
cg10279254	0.22018513678615584	1560
cg02880256	0.2201839707053079	1560
cg19443023	0.22018381122322703	1560
cg08092588	0.2201823430805974	1560
cg01048749	0.22018193213668555	1560
cg15524381	0.22018187852531682	1560
cg14628354	0.22017855066147687	1560
cg19108966	0.2201764365406656	1560
cg07378490	0.2201761551414955	1560
cg18717226	0.22017596636037126	1560
cg15394998	0.22017576076564588	1560
cg13982318	0.2201750157459919	1560
cg06477444	0.22017457167513377	1560
cg16910448	0.22017418803477667	1560
cg24466671	0.22017369003859666	1560
cg15433043	0.22017028140223865	1560
cg13771624	0.22016984766711908	1560
cg21893960	0.22016939112516248	1560
cg17913255	0.220167931728576	1560
cg23144376	0.22016703978539467	1560
cg01110955	0.2201657104845926	1560
cg07769277	0.22016271985024566	1560
cg26556065	0.2201618260387907	1560
cg01519865	0.22016110751624507	1560
cg19266779	0.2201609745357835	1560
cg13573295	0.2201601717829563	1560
cg25491601	0.2201586037160138	1560
cg22153345	0.2201566493331114	1560
cg26525568	0.22015444034769982	1560
cg15401317	0.22015434718233862	1560
cg18428961	0.22015401739977944	1560
cg12852139	0.22015305938329482	1560
cg18718312	0.220151454097357	1560
cg11829626	0.2201493125084321	1560
cg04850055	0.22014861948647407	1560
cg07431961	0.22014749933892783	1560
cg07825606	0.22014621992772512	1560
cg13084560	0.22014601788763702	1560
cg00157562	0.22014579676396626	1560
cg04665124	0.22014534973229913	1560
cg09911314	0.22014506511064477	1560
cg07381549	0.22014471815786021	1560
cg26426582	0.2201446875523919	1560
cg08680868	0.22014122656195279	1560
cg13715001	0.22013996328158517	1560
cg18195329	0.2201388579037715	1560
cg07983268	0.22013667525006975	1560
cg12173604	0.22013648728241852	1560
cg02592416	0.22013605025085445	1560
cg11115718	0.22013599765816944	1560
cg02968883	0.2201353653477929	1560
cg18532622	0.22013386145536132	1560
cg02368583	0.22013367120130067	1560
cg22068822	0.2201316498128958	1560
cg24715445	0.220130929633574	1560
cg16353953	0.2201304930050264	1560
cg17051905	0.22012935332297578	1560
cg18485070	0.2201285197123042	1560
cg19441646	0.22012789734136495	1560
cg18505593	0.2201275446012757	1560
cg14240634	0.2201268610852183	1560
cg08788246	0.22012628044965254	1560
cg15156844	0.22012600373401933	1560
cg15432510	0.22012587170775472	1560
cg02067350	0.22012442356453027	1560
cg11567723	0.22012287492445398	1560
cg20745910	0.22012247945213934	1560
cg05911749	0.2201224099649961	1560
cg07106138	0.22012164693842853	1560
cg13457360	0.2201216448848953	1560
cg14883106	0.22012091322270871	1560
cg05419367	0.22011908694004273	1560
cg22673901	0.22011838031601383	1560
cg00821444	0.2201175343848555	1560
cg15664854	0.22011658934884062	1560
cg02266055	0.22011622650485005	1560
cg19525418	0.22011597209375114	1560
cg26010099	0.22011337348453558	1560
cg17287998	0.22011277237963725	1560
cg16011604	0.22011266574965238	1560
cg20949306	0.22011228136973424	1560
cg23524184	0.2201122498237266	1560
cg14106635	0.22011146972692533	1560
cg13821602	0.22011145463872148	1560
cg09329340	0.22010967434076295	1560
cg17895496	0.22010894264033232	1560
cg22686523	0.22010829321352468	1560
cg24450397	0.22010812225992893	1560
cg22348066	0.22010795529765836	1560
cg08290943	0.22010752849397605	1560
cg02492170	0.22010751477055232	1560
cg24649269	0.22010394596130478	1560
cg15894619	0.2201034022139887	1560
cg07995114	0.2201029759166945	1560
cg07989833	0.22010276234246268	1560
cg19755886	0.22010222269604013	1560
cg17984409	0.22010156719860222	1560
cg20700977	0.22009883225673194	1560
cg15955277	0.22009814293502222	1560
cg15642536	0.22009718319326463	1560
cg17112757	0.22009697323821437	1560
cg13007956	0.2200961825354025	1560
cg02703822	0.2200956900418892	1560
cg12090177	0.22009446051179862	1560
cg09973663	0.22009409932541982	1560
cg12412627	0.22009365424967445	1560
cg02078844	0.22009151465408505	1560
cg11784742	0.22009134908438216	1560
cg03909081	0.220089308728328	1560
cg19495068	0.22008922896307162	1560
cg09909523	0.2200889173051419	1560
cg16943783	0.2200875730893716	1560
cg03446428	0.2200870244124153	1560
cg17316346	0.22008681921770448	1560
cg20591549	0.2200856564734424	1560
cg26350007	0.22008482626325324	1560
cg18211157	0.22007622539638222	1560
cg03790192	0.2200741554405509	1560
cg00578363	0.22007388365001965	1560
cg11865578	0.22007302302107712	1560
cg05945584	0.2200728713476062	1560
cg15131024	0.22007025850592754	1560
cg04243901	0.2200695515738015	1560
cg25249300	0.2200695000267854	1560
cg03475687	0.22006941405111358	1560
cg09920043	0.22006848427127557	1560
cg26309060	0.22006791297637507	1560
cg14028684	0.22006756560097646	1560
cg01050810	0.22006718301512243	1560
cg00782697	0.2200669399768873	1560
cg02250501	0.22006665907877462	1560
cg09992350	0.22006600818538244	1560
cg12817260	0.22006436958569964	1560
cg01662158	0.22006327491734493	1560
cg07370828	0.22006174444237353	1560
cg14642259	0.22006148108486973	1560
cg15189790	0.2200604331587194	1560
cg25471740	0.2200603733418115	1560
cg09145778	0.22005987776829777	1560
cg24731007	0.22005950437504218	1560
cg08125488	0.2200592555598723	1560
cg21634993	0.2200588884628867	1560
cg15681145	0.22005844425145982	1560
cg26566283	0.22005817530231225	1560
cg02169859	0.22005615055094604	1560
cg07618159	0.22005534450053288	1560
cg25635913	0.22005436002795978	1560
cg15725078	0.22005410097139633	1560
cg02672592	0.2200533701025046	1560
cg07563765	0.22005289023051805	1560
cg05132838	0.22005257453859847	1560
cg22601496	0.22005118518326244	1560
cg08062174	0.22005079612461953	1560
cg27159477	0.22004874218964665	1560
cg11887629	0.2200484047165384	1560
cg22198823	0.22004774837456387	1560
cg00884663	0.2200475212156968	1560
cg25103726	0.22004736170761946	1560
cg05625955	0.22004628289612257	1560
cg03503809	0.22004504770709235	1560
cg27516073	0.22004354278343566	1560
cg14156529	0.2200426253550088	1560
cg11412256	0.22004260660428598	1560
cg25629077	0.22004212900316508	1560
cg17777874	0.22004192605019596	1560
cg06745753	0.22004187800997313	1560
cg04606265	0.2200415200517944	1560
cg25382652	0.22004062188610427	1560
cg19013620	0.2200401124509465	1560
cg06055044	0.2200394416475692	1560
cg10494615	0.2200379839079117	1560
cg00227222	0.2200360246097786	1560
cg09828580	0.22003493294118973	1560
cg25852715	0.22003422309449155	1560
cg20133788	0.22003415132295454	1560
cg07156876	0.2200327907570517	1560
cg10234723	0.2200282201579238	1560
cg22942212	0.2200273925989768	1560
cg20538860	0.2200265009950622	1560
cg11397581	0.22002598204123217	1560
cg21047938	0.2200250923439112	1560
cg01707076	0.22002473802811054	1560
cg03835755	0.2200241355554146	1560
cg24137511	0.22002395279991846	1560
cg13904348	0.220022978174162	1560
cg03730114	0.22002220650839346	1560
cg22904752	0.2200220207712598	1560
cg22708752	0.22002148569352248	1560
cg02788441	0.22002098663252814	1560
cg19690704	0.22001981160557696	1560
cg18596686	0.22001880295636234	1560
cg08578186	0.22001867868959019	1560
cg15026799	0.22001846833742758	1560
cg00171290	0.22001680434842058	1560
cg22232535	0.22001645521754015	1560
cg27103591	0.22001587981205278	1560
cg09799156	0.22001586497459408	1560
cg19997606	0.22001459484361283	1560
cg20927547	0.22001445185351293	1560
cg24562927	0.22001421282446063	1560
cg01938359	0.22001168504237317	1560
cg04185884	0.22001139805821446	1560
cg05801817	0.22001114031392816	1560
cg15854388	0.22001098606767772	1560
cg17693669	0.22001043715289167	1560
cg07747924	0.22001016649217991	1560
cg08824343	0.22000912244310375	1560
cg20656975	0.22000866605325703	1560
cg10664272	0.22000842500038326	1560
cg11837534	0.22000758473563248	1560
cg07815367	0.2200075112071704	1560
cg25978313	0.22000734342021985	1560
cg24420164	0.2200064228712346	1560
cg17884169	0.22000491855955145	1560
cg17270598	0.22000296678730175	1560
cg20787934	0.22000095520475285	1560
cg25648121	0.21999995912051698	1560
cg15992399	0.21999833025810098	1560
cg15319528	0.21999751119210462	1560
cg07549090	0.21999659017595183	1560
cg21552701	0.21999656962814448	1560
cg16748632	0.2199965471679074	1560
cg07737964	0.21999599553761903	1560
cg24814380	0.2199952014655255	1560
cg19242583	0.21999513244380564	1560
cg08737241	0.2199942565479552	1560
cg22435267	0.21999391293739773	1560
cg14515274	0.21999201617530756	1560
cg16994510	0.21999178801829997	1560
cg14046988	0.21998981083154057	1560
cg26665234	0.21998880596778048	1560
cg18172051	0.219988243548826	1560
cg00500424	0.21998701992649033	1560
cg15094071	0.21998660049688662	1560
cg24703157	0.21998638976870288	1560
cg19458893	0.21998467329135724	1560
cg02950621	0.21998255013287304	1560
cg05717677	0.21998244626999577	1560
cg15555622	0.21997975611045573	1560
cg13849691	0.21997924542225436	1560
cg07532782	0.21997836885278702	1560
cg06181703	0.219977931757817	1560
cg26504188	0.21997628091658844	1560
cg08520423	0.21997535255875178	1560
cg01039117	0.2199753244216119	1560
cg04538760	0.2199749630450868	1560
cg23838785	0.21997424785201092	1560
cg04911679	0.219969525114172	1560
cg09449070	0.21996541317273133	1560
cg23766354	0.2199652063213807	1560
cg09234297	0.21996477982976195	1560
cg04631163	0.21996346535091899	1560
cg09082852	0.21996342080668674	1560
cg14462566	0.21996213152226016	1560
cg18308233	0.21996175933118212	1560
cg03496359	0.21995902175515522	1560
cg14761246	0.21995684831060694	1560
cg00621750	0.2199565707157078	1560
cg04348561	0.21995456046231454	1560
cg24258439	0.219954327805194	1560
cg25686074	0.21995387506124314	1560
cg23735749	0.21995382810969819	1560
cg23096826	0.21995347938865886	1560
cg20325850	0.21995090416843383	1560
cg08761643	0.21995005986904578	1560
cg13783978	0.21994898034818972	1560
cg05544715	0.2199487774494981	1560
cg22332100	0.21994807564226723	1560
cg12358527	0.2199473410221159	1560
cg21836418	0.21994649643781308	1560
cg23025893	0.21994444420871453	1560
cg25584080	0.21994366037683039	1560
cg19249110	0.21994194874980702	1560
cg25404678	0.21994175217051118	1560
cg18103236	0.21994033114952974	1560
cg26206632	0.21994000648348438	1560
cg25370728	0.21993887572934215	1560
cg18657341	0.21993793185821237	1560
cg09352720	0.21993632401402904	1560
cg11375139	0.21993619399311723	1560
cg22859422	0.21993359369626111	1560
cg02938407	0.21993079165833693	1560
cg24558718	0.21992952606167507	1560
cg00355678	0.21992945001180528	1560
cg12753366	0.21992891450106256	1560
cg06428091	0.21992874185307495	1560
cg11880242	0.21992588354201845	1560
cg02855203	0.2199258761421028	1560
cg14059988	0.21992539405590952	1560
cg27609554	0.21992467845719169	1560
cg00110277	0.21992453317108818	1560
cg25956966	0.21992446947553054	1560
cg27429106	0.21992327205391501	1560
cg12873928	0.21992302420895812	1560
cg22497014	0.21992282711136726	1560
cg05291059	0.2199220626727397	1560
cg20794512	0.21992171763193183	1560
cg07294717	0.21991971426430712	1560
cg07706810	0.2199154479367447	1560
cg27274322	0.219914119344887	1560
cg14119680	0.2199126207798013	1560
cg24841511	0.2199118993313717	1560
cg10213762	0.21991005644902417	1560
cg03553080	0.21990958321662138	1560
cg18584550	0.21990904814049056	1560
cg18398438	0.21990821718127593	1560
cg03354047	0.2199077573165708	1560
cg14083603	0.2199063797180785	1560
cg11105872	0.21990633391813547	1560
cg16244374	0.21990074055794365	1560
cg10468525	0.21989881356642493	1560
cg18238570	0.21989701264927358	1560
cg11819469	0.21989597701340136	1560
cg19709083	0.2198955231109521	1560
cg20716174	0.21989529587176804	1560
cg11863989	0.2198943690156159	1560
cg04170853	0.21989390885492044	1560
cg02414468	0.21989370886671672	1560
cg23190472	0.21989195818330412	1560
cg18199807	0.21988970546925743	1560
cg07452777	0.2198896348020585	1560
cg06350203	0.21988941385848726	1560
cg04444399	0.21988903351826683	1560
cg00806871	0.21988853825270915	1560
cg03736247	0.21988788792809663	1560
cg05397886	0.21988775660085258	1560
cg17121828	0.21988750096937035	1560
cg13957837	0.21988576102136126	1560
cg01200376	0.21988437480410752	1560
cg04446876	0.21988435331523107	1560
cg24146358	0.21988430481062474	1560
cg20466124	0.2198836548378103	1560
cg07621042	0.2198824035251413	1560
cg15291090	0.2198820978373143	1560
cg09298183	0.21988175465371182	1560
cg05138403	0.21987899611443	1560
cg16400647	0.21987864530555334	1560
cg18988412	0.21987741008289083	1560
cg00915244	0.21987666353851895	1560
cg19815871	0.21987397968959962	1560
cg16896890	0.2198726297707812	1560
cg20187418	0.21987239495631955	1560
cg02257700	0.2198703897272015	1560
cg11687966	0.21986635287809672	1560
cg06087699	0.21986635139433033	1560
cg09235385	0.21986414637832036	1560
cg03900798	0.21986278433769105	1560
cg00804480	0.21986273972351597	1560
cg02516497	0.2198625146369613	1560
cg11710211	0.21986151325002765	1560
cg22717323	0.21986110378282175	1560
cg19906973	0.21986085114934764	1560
cg22007633	0.2198591562281887	1560
cg24752923	0.2198579230077391	1560
cg25933091	0.21985775562766513	1560
cg03695547	0.21985592024512063	1560
cg12347444	0.21985543764446827	1560
cg00117896	0.2198551640891056	1560
cg09940006	0.21985428048284059	1560
cg08484668	0.21985088702052713	1560
cg05482722	0.21984866490699148	1560
cg16435903	0.21984788121569385	1560
cg01164221	0.21984714271807018	1560
cg07497933	0.2198470060648231	1560
cg17344813	0.21984695492146183	1560
cg12300500	0.2198460250829677	1560
cg07311579	0.2198457722857513	1560
cg07174975	0.21984574117345315	1560
cg19546356	0.21984549917705293	1560
cg05335030	0.21984433277157522	1560
cg27325861	0.21984372695673687	1560
cg04980191	0.21984262639794253	1560
cg05327509	0.21984190806403933	1560
cg07862977	0.2198414919085377	1560
cg25900150	0.21984132714805182	1560
cg19510478	0.2198401852948252	1560
cg13874979	0.2198382972540142	1560
cg00624949	0.21983814113501796	1560
cg21133251	0.21983808161362012	1560
cg15854181	0.21983803701359048	1560
cg20187526	0.21983631567880557	1560
cg08798978	0.21983470614073142	1560
cg01705005	0.21983396513687434	1560
cg11252555	0.21983364529460683	1560
cg21111795	0.2198318475550987	1560
cg04580226	0.21982416859743617	1560
cg12277882	0.2198235562255397	1560
cg07963816	0.2198205514834786	1560
cg00861010	0.21982046369372055	1560
cg26209816	0.21981955618003018	1560
cg12183248	0.21981929230368624	1560
cg16850917	0.21981857479663267	1560
cg05185738	0.2198180892131707	1560
cg04719816	0.2198178570621583	1560
cg14232091	0.2198173877626921	1560
cg17330303	0.2198154300987709	1560
cg00028757	0.21981513336169142	1560
cg05455876	0.21981262868030937	1560
cg14416014	0.21981235643002123	1560
cg15073096	0.21981226380485022	1560
cg01597709	0.21981221969731077	1560
cg13695956	0.21981138739822034	1560
cg26997553	0.2198109893503533	1560
cg27426447	0.21981028765519012	1560
cg01179268	0.21980988409459684	1560
cg12291586	0.21980915053174574	1560
cg21310017	0.21980869190910335	1560
cg03287207	0.21980847344896223	1560
cg20132003	0.21980727993695168	1560
cg26186879	0.21980710574097828	1560
cg25420916	0.21980696167070762	1560
cg05412045	0.21980421964873836	1560
cg03441544	0.21980363240063358	1560
cg10707626	0.21980351432526937	1560
cg12267107	0.21980331190784538	1560
cg07403188	0.21980270514655156	1560
cg04155855	0.21980256250585856	1560
cg12208691	0.2198020471326094	1560
cg12557626	0.21980019059782985	1560
cg04767732	0.21979799631228	1560
cg18560014	0.21979695099068672	1560
cg07549671	0.21979597849882032	1560
cg06995810	0.21979566816708546	1560
cg05705212	0.2197955074640254	1560
cg23049298	0.21979518533979603	1560
cg15160746	0.21979181189090974	1560
cg00017363	0.21979133764061784	1560
cg17736259	0.21979098685629783	1560
cg10100767	0.21979061609718445	1560
cg15813673	0.2197904818109514	1560
cg14262433	0.21978912319585242	1560
cg15382051	0.219787719549879	1560
cg06389867	0.21978761855954726	1560
cg19910568	0.21978619623591364	1560
cg22781123	0.2197844491222049	1560
cg04432133	0.21978408746071904	1560
cg16143910	0.21978343394796812	1560
cg05906295	0.2197830254654382	1560
cg15891757	0.21978132039208126	1560
cg11418097	0.21978107517044154	1560
cg09905951	0.219780593695185	1560
cg22468666	0.2197799761415607	1560
cg02665727	0.2197769451299345	1560
cg10823709	0.21977636771361145	1560
cg20707333	0.219776039388594	1560
cg08555594	0.21977498945911778	1560
cg15719587	0.21977492392279416	1560
cg12243262	0.21977440363774334	1560
cg19412478	0.21977354867994178	1560
cg17074807	0.21977323147579148	1560
cg10320164	0.2197723538683257	1560
cg13944436	0.21977166995376338	1560
cg14940962	0.21977029476564758	1560
cg04152394	0.21977013960251396	1560
cg01747926	0.21976972773751752	1560
cg15886008	0.21976940824920366	1560
cg20516256	0.21976890755708636	1560
cg03918377	0.21976636878461955	1560
cg22933875	0.21976613406975196	1560
cg16015924	0.21976583662160196	1560
cg23927832	0.21976570304182214	1560
cg25424525	0.21976535621937063	1560
cg10598433	0.21976518180302532	1560
cg07408340	0.21976425138234756	1560
cg11349429	0.21976272866143065	1560
cg04271677	0.2197626333858202	1560
cg23748172	0.21975995784575955	1560
cg18813177	0.21975917037947956	1560
cg20670488	0.21975826660183723	1560
cg12323503	0.21975767245869557	1560
cg16144590	0.2197555417731337	1560
cg25605277	0.21975471959584042	1560
cg14384930	0.21975198994583017	1560
cg09915890	0.2197513587284725	1560
cg26841990	0.21975115971257078	1560
cg23237472	0.21975087486370537	1560
cg08135852	0.21974935977222695	1560
cg17818873	0.21974885488805385	1560
cg02059950	0.21974812986232217	1560
cg00252803	0.21974682540242094	1560
cg14857063	0.21974663982272247	1560
cg26312542	0.21974651752069718	1560
cg11642909	0.21974509811268236	1560
cg12736760	0.21974465935889034	1560
cg17918796	0.21974463740864691	1560
cg08570691	0.2197443068148397	1560
cg16245174	0.21974373512275597	1560
cg15258080	0.21974173434462657	1560
cg14045374	0.21974155649424257	1560
cg25446604	0.21974116359955984	1560
cg07042077	0.21973773409678338	1560
cg06100552	0.21973696430280304	1560
cg04248364	0.2197362625461619	1560
cg26591066	0.21973536198430907	1560
cg09353999	0.2197345867474922	1560
cg19549708	0.21973437118064904	1560
cg15971542	0.21973427517339308	1560
cg01709045	0.2197330512561538	1560
cg21001591	0.21973259448323532	1560
cg22412850	0.21973204455064282	1560
cg22157769	0.21972783269213808	1560
cg24612059	0.21972311404470868	1560
cg01940439	0.21972288496406508	1560
cg15591930	0.219722410697465	1560
cg02275040	0.2197221740136218	1560
cg09198031	0.21971860023554937	1560
cg08600690	0.21971770177275107	1560
cg06567442	0.21971495225763996	1560
cg01806965	0.2197142803557205	1560
cg26290973	0.21971418060015319	1560
cg21787280	0.21971400156076615	1560
cg03724059	0.2197137665475315	1560
cg16159175	0.2197137435083375	1560
cg12773295	0.21971360422365654	1560
cg14864022	0.21971316664149965	1560
cg16435469	0.21971265417127137	1560
cg25362834	0.21971212014181438	1560
cg21286010	0.21971190480342856	1560
cg17232344	0.21971168295492788	1560
cg16672189	0.21971132828949552	1560
cg07414840	0.21970949625538796	1560
cg08667998	0.21970838576980561	1560
cg21541335	0.21970724437630842	1560
cg23147906	0.2197070253585123	1560
cg23530031	0.2197062936167091	1560
cg02903852	0.21970454784281443	1560
cg12790443	0.21970427993000827	1560
cg00470117	0.21970377946081343	1560
cg07911844	0.2197033365375838	1560
cg15795838	0.21970023362017035	1560
cg26941891	0.21969993701056076	1560
cg26001655	0.21969980327421815	1560
cg17517799	0.21969949970654706	1560
cg07703190	0.21969934733677	1560
cg04381043	0.21969729612791727	1560
cg22806908	0.21969612901640032	1560
cg02981489	0.21969577783474015	1560
cg17566718	0.21969432481586523	1560
cg02635829	0.21969414402090323	1560
cg26828131	0.2196938204397753	1560
cg00922825	0.21969338847026337	1560
cg15294013	0.21969240629621145	1560
cg26134646	0.21969236134724837	1560
cg03053346	0.2196921550286025	1560
cg17619347	0.21969209180081462	1560
cg05956747	0.2196917314093402	1560
cg06540578	0.21969117181886189	1560
cg19126889	0.2196897608085492	1560
cg14486456	0.2196890716116836	1560
cg24026974	0.2196880215503136	1560
cg21188559	0.21968622487005987	1560
cg22673724	0.21968584566327537	1560
cg26258226	0.21968516332404298	1560
cg02084912	0.21968507784231647	1560
cg13798431	0.21968397931186656	1560
cg24031597	0.21968381269962609	1560
cg16289101	0.2196827892332835	1560
cg23897377	0.21968169430111786	1560
cg00764058	0.21968154336847678	1560
cg03099683	0.21968059081436597	1560
cg26796483	0.21968047540787344	1560
cg16730765	0.2196802081648236	1560
cg10128557	0.21967971817843976	1560
cg23544526	0.21967803606633565	1560
cg13620366	0.21967761658711793	1560
cg20093661	0.21967737783297728	1560
cg03904534	0.21967712164953898	1560
cg17968599	0.2196766087653525	1560
cg00435098	0.21967649329509417	1560
cg16560313	0.2196745956852421	1560
cg04363623	0.21967415939249416	1560
cg04942655	0.21967382136653554	1560
cg18459475	0.21967297707367417	1560
cg20399842	0.21967174633954598	1560
cg19490899	0.2196709398572054	1560
cg26501450	0.2196704618705051	1560
cg23197955	0.21966901566922126	1560
cg14093012	0.2196689514017403	1560
cg16638748	0.21966803285174274	1560
cg12907513	0.2196678548912044	1560
cg03195015	0.21966767068341916	1560
cg02317397	0.21966703469522356	1560
cg15631811	0.21966569667750627	1560
cg02089185	0.21966546827395472	1560
cg24029028	0.21966539101896443	1560
cg17882580	0.2196625845384213	1560
cg12291408	0.21966142052462279	1560
cg02768352	0.2196610198195931	1560
cg20851245	0.21966065919717345	1560
cg22730626	0.2196600507890687	1560
cg09388080	0.21965778261283528	1560
cg14433037	0.21965766897771014	1560
cg05892329	0.21965763896470608	1560
cg05633660	0.21965724473830686	1560
cg09520857	0.21965623257544478	1560
cg12836313	0.2196541322392629	1560
cg09582314	0.21965283238668454	1560
cg10900323	0.21965266480210277	1560
cg23069877	0.21965255091253638	1560
cg06275125	0.219651544768642	1560
cg26033513	0.2196507010869188	1560
cg02251799	0.21965042033469748	1560
cg00790438	0.21964818345611892	1560
cg03445663	0.2196472873867059	1560
cg24968742	0.21964710721570369	1560
cg05067926	0.2196471038831729	1560
cg10201328	0.21964691742826203	1560
cg12384231	0.2196467517287293	1560
cg02848835	0.21964494401128787	1560
cg25818659	0.21964368222067238	1560
cg02245417	0.21963952576485293	1560
cg25781926	0.21963944603989705	1560
cg02459375	0.21963593510020057	1560
cg04794393	0.21963529212402347	1560
cg25088009	0.21963465071795793	1560
cg07922297	0.21963046382231988	1560
cg15701956	0.21962993438930148	1560
cg12025258	0.21962896614242003	1560
cg14942501	0.21962844546636381	1560
cg03088955	0.21962826227428311	1560
cg19137671	0.21962485717274016	1560
cg07064544	0.21962366197598338	1560
cg22864355	0.21962160816400456	1560
cg18896032	0.2196213883179136	1560
cg21772489	0.21962075220442	1560
cg27560120	0.21961981686083484	1560
cg01252949	0.2196179536446364	1560
cg17560179	0.21961732885045768	1560
cg19183686	0.21961669049323052	1560
cg06004018	0.21961665240407657	1560
cg21676780	0.21961593487462078	1560
cg04064701	0.21961549062996755	1560
cg04537900	0.21961495112311832	1560
cg19035075	0.21961429201455324	1560
cg27196659	0.21961405255153638	1560
cg21726250	0.21961371633206148	1560
cg22213149	0.219613556955838	1560
cg18532105	0.21961283933916578	1560
cg16442814	0.21961250813983502	1560
cg17379532	0.21961250066164756	1560
cg11750431	0.21961182633534868	1560
cg05117058	0.21960952783500765	1560
cg19320963	0.21960777916526342	1560
cg01386059	0.21960726428842012	1560
cg12819747	0.21960534978119722	1560
cg05795729	0.21960529915851276	1560
cg27426500	0.2196045455196475	1560
cg27465384	0.21960373360219232	1560
cg08426940	0.21960095613110298	1560
cg13266326	0.21960078299210362	1560
cg17496354	0.2195998966812035	1560
cg23036308	0.21959885644138966	1560
cg11378778	0.21959855116021632	1560
cg18014573	0.21959809996811794	1560
cg12062597	0.21959705967135026	1560
cg06736160	0.21959629222512125	1560
cg21704381	0.2195961390574224	1560
cg22354030	0.21959399362707466	1560
cg14559799	0.21959270302831885	1560
cg14549427	0.21959255834060218	1560
cg15950413	0.21959232651652036	1560
cg07727134	0.21959177506556826	1560
cg07258541	0.21959166056385118	1560
cg21077245	0.21959099044024616	1560
cg16524558	0.21959083929864207	1560
cg18415444	0.2195901338816308	1560
cg02172669	0.2195890008876873	1560
cg06012656	0.21958898356797837	1560
cg15649474	0.21958779992668187	1560
cg01800500	0.21958763110553825	1560
cg04071689	0.21958565268459113	1560
cg03775163	0.219585421754274	1560
cg21919420	0.2195836432615644	1560
cg08160891	0.219583130617233	1560
cg02607330	0.2195821810759299	1560
cg24969732	0.21958204170383225	1560
cg24544309	0.21958146661313602	1560
cg09970552	0.21958107187920517	1560
cg26102082	0.21957967592610936	1560
cg20781526	0.2195795936163993	1560
cg23012683	0.21957931348753565	1560
cg00795268	0.21957923421299716	1560
cg00258499	0.21957882872888573	1560
cg26679589	0.21957877127057374	1560
cg12628905	0.21957668369460118	1560
cg14914739	0.21957604689032095	1560
cg20849127	0.21957569512805303	1560
cg00436996	0.21957489174828204	1560
cg04329429	0.21957416357479573	1560
cg26132449	0.2195736953826621	1560
cg17082727	0.21957354984804509	1560
cg19533231	0.2195726743800127	1560
cg17960717	0.21957068814139813	1560
cg21740826	0.21956960132744247	1560
cg06453906	0.21956898774743047	1560
cg22293286	0.21956763595546358	1560
cg05406774	0.2195667746552492	1560
cg12202228	0.21956670480790533	1560
cg17035795	0.21956261841726815	1560
cg23992470	0.2195622019650782	1560
cg05236621	0.219561643646859	1560
cg27570896	0.2195613061358862	1560
cg27009550	0.21956096637269343	1560
cg05820107	0.219560329857481	1560
cg25353752	0.2195587827068534	1560
cg20677019	0.2195586411646899	1560
cg24207108	0.21955804431106746	1560
cg05409391	0.21955767015865943	1560
cg10674805	0.21955699216366262	1560
cg12167002	0.21955626303749798	1560
cg14659179	0.21955612386102674	1560
cg20436707	0.2195554400034174	1560
cg09285114	0.21955516507982675	1560
cg15120555	0.21955281377598343	1560
cg19625471	0.21955274686295578	1560
cg08814268	0.21955196728718965	1560
cg18368265	0.2195519646339124	1560
cg18331249	0.2195516970952139	1560
cg21772191	0.21955162685732432	1560
cg03779035	0.21955045804390017	1560
cg27497354	0.2195503450984797	1560
cg01854228	0.21954967422669247	1560
cg04658846	0.21954873163702873	1560
cg24902995	0.2195485092675422	1560
cg24779015	0.2195485092141203	1560
cg13225750	0.21954821432024063	1560
cg21563192	0.21954759496994994	1560
cg17995967	0.21954719404984002	1560
cg12298955	0.21954568055811471	1560
cg15684329	0.21954512810394072	1560
cg02259232	0.21954424773751086	1560
cg01860054	0.21954152655663398	1560
cg04334792	0.21954112814411883	1560
cg02559274	0.21954090695208345	1560
cg08416676	0.21954051235924685	1560
cg07444898	0.21953790487282726	1560
cg27266250	0.21953790025321757	1560
cg01282150	0.21953748679553092	1560
cg12581019	0.21953704949216882	1560
cg08519949	0.21953621678038943	1560
cg22835941	0.21953519262455368	1560
cg08862452	0.21953501510863221	1560
cg10319048	0.21953479243998358	1560
cg01168328	0.21953285908734216	1560
cg06825309	0.21953264607162498	1560
cg21842914	0.21953227985189944	1560
cg14687471	0.21953193121346615	1560
cg06445873	0.219531865013292	1560
cg02800384	0.21953137594934832	1560
cg18461693	0.2195295031369124	1560
cg02484745	0.21952810191082556	1560
cg20548261	0.2195276341726439	1560
cg21915368	0.2195267816345307	1560
cg08607221	0.21952652953072457	1560
cg10506057	0.21952609074489027	1560
cg14331998	0.2195254413611989	1560
cg16390242	0.21952030499347638	1560
cg11187662	0.21951968859389864	1560
cg12441669	0.219519392525359	1560
cg26421056	0.21951631251874568	1560
cg04836794	0.21951607295734354	1560
cg12656494	0.2195159151401214	1560
cg05976325	0.21951586261726164	1560
cg06350176	0.2195154907965796	1560
cg21285062	0.21951536338520156	1560
cg27429220	0.21951507898230574	1560
cg11210443	0.21951472540548056	1560
cg14348400	0.2195144029549504	1560
cg27128883	0.21951352897829618	1560
cg07704502	0.21951334497901265	1560
cg00464768	0.21951266358880972	1560
cg00125349	0.2195126198009789	1560
cg22176484	0.2195120115630588	1560
cg07336442	0.21951189517628605	1560
cg07316743	0.21950983538988392	1560
cg07804773	0.21950923383354015	1560
cg21028260	0.21950767094997276	1560
cg05655011	0.2195075751115844	1560
cg23119433	0.21950737175315216	1560
cg15282331	0.21950700719299573	1560
cg07364632	0.21950580280195142	1560
cg11546537	0.21950579692515534	1560
cg04162691	0.21950557106171237	1560
cg06368293	0.2195040098138891	1560
cg27414863	0.21950327350380144	1560
cg10807560	0.21950243862564975	1560
cg17463161	0.2195012211993432	1560
cg11941878	0.2195011845777918	1560
cg08182565	0.21949962953276125	1560
cg00489699	0.21949868471929543	1560
cg26682955	0.21949696147099382	1560
cg01335785	0.21949536747587683	1560
cg23419897	0.2194925961465728	1560
cg25365214	0.2194918570954779	1560
cg03250842	0.21949057116907555	1560
cg00827239	0.21949049978312815	1560
cg15232214	0.21949030309273387	1560
cg12847007	0.21948936747658943	1560
cg21678396	0.2194873507479314	1560
cg11647481	0.21948591417306856	1560
cg16184112	0.21948583521129847	1560
cg22483095	0.21948513294275718	1560
cg07755718	0.2194838492903082	1560
cg19608357	0.21948287185207926	1560
cg06609182	0.2194824771862922	1560
cg11867671	0.2194792553163405	1560
cg00885461	0.21947911767228986	1560
cg13203973	0.21947603243836875	1560
cg08595490	0.21947575112853418	1560
cg10471356	0.21947535636377594	1560
cg11930279	0.21947424747923475	1560
cg13784482	0.21947400156469457	1560
cg12809324	0.21947211935832325	1560
cg12181579	0.21947173262908956	1560
cg12958966	0.21947071675950722	1560
cg21178851	0.21947070074480485	1560
cg14626196	0.21946777260245412	1560
cg00561191	0.21946757147378324	1560
cg15214694	0.21946614044159493	1560
cg08804517	0.2194641281562354	1560
cg17198772	0.21946404194056077	1560
cg00269033	0.21946185774176358	1560
cg11277220	0.21946172035321743	1560
cg16177058	0.21946024220445037	1560
cg10257693	0.21946001221166944	1560
cg06858172	0.2194585517146212	1560
cg05348793	0.21945810492960913	1560
cg17981943	0.21945645453034324	1560
cg26904032	0.21945618142174236	1560
cg25556607	0.2194557303384609	1560
cg04113154	0.21945490365610087	1560
cg27417031	0.21945485059159803	1560
cg00410895	0.21945275048267582	1560
cg25391143	0.21945172703859261	1560
cg14537605	0.21945115852901748	1560
cg09526129	0.2194511081059453	1560
cg02222454	0.21944975912930437	1560
cg14697425	0.2194494315848462	1560
cg13589551	0.219448541313109	1560
cg07935733	0.21944661958215606	1560
cg25563516	0.21944660713042147	1560
cg04750517	0.21944326803816216	1560
cg14837635	0.2194421325772425	1560
cg19207364	0.21944210511694687	1560
cg13867669	0.21944093183429025	1560
cg07603878	0.2194404976288051	1560
cg04886672	0.2194402478197358	1560
cg09582219	0.21943982909477117	1560
cg07765659	0.2194372365151902	1560
cg02403239	0.2194352604235141	1560
cg13277337	0.21943488391730434	1560
cg20723473	0.21943439103927626	1560
cg11404027	0.219433956086697	1560
cg12124955	0.21943248608409127	1560
cg06044014	0.21943097708246467	1560
cg11836473	0.21943015605874533	1560
cg22153931	0.21942992837353567	1560
cg18306788	0.21942933145728635	1560
cg09671094	0.2194288601367816	1560
cg27326032	0.21942717177808244	1560
cg07224531	0.21942691657346872	1560
cg08882707	0.21942675710607326	1560
cg07663404	0.21942104812038063	1560
cg19721717	0.21942095593956842	1560
cg12654587	0.21942052170175008	1560
cg18104539	0.2194188919411276	1560
cg08349602	0.2194177065768642	1560
cg18005217	0.21941757557253014	1560
cg02664205	0.21941681528681262	1560
cg24883607	0.2194152624652533	1560
cg16575209	0.2194142865979715	1560
cg22994634	0.2194135722515197	1560
cg26678143	0.21941314220162114	1560
cg05897481	0.21941169387699824	1560
cg03537163	0.21941122166948	1560
cg21413742	0.21940924257024857	1560
cg07327417	0.21940832355725115	1560
cg02520816	0.21940823713333096	1560
cg26530497	0.21940801644356672	1560
cg08791788	0.2194069813326345	1560
cg01389088	0.21940583023020407	1560
cg20493718	0.21940493089450394	1560
cg26434800	0.21940486637018983	1560
cg02569219	0.21940478438421523	1560
cg15183704	0.21940422386059402	1560
cg01592658	0.21940385192333947	1560
cg12356870	0.21940297913880863	1560
cg04877675	0.21940208072346637	1560
cg04385193	0.2194019588750095	1560
cg05570739	0.2194009205423141	1560
cg18608290	0.21939616291794106	1560
cg12141846	0.21939603764592644	1560
cg21207731	0.21939510997141973	1560
cg22122329	0.21939510026320666	1560
cg14908680	0.21939396119409244	1560
cg18471687	0.21939242826019542	1560
cg18813928	0.2193923014417086	1560
cg10480735	0.21939169621867494	1560
cg05778873	0.21938817216978135	1560
cg00773937	0.21938645098063414	1560
cg11127941	0.21938556348760788	1560
cg04426802	0.2193846942302636	1560
cg20921221	0.2193845030862165	1560
cg20244295	0.21938363863242016	1560
cg05818185	0.2193834709572437	1560
cg16997312	0.2193831347867515	1560
cg08371682	0.2193827518480202	1560
cg10161039	0.2193815934035574	1560
cg18701807	0.21938147598897095	1560
cg03847541	0.21938072177708676	1560
cg13624424	0.21937952981567846	1560
cg19445664	0.21937930988988966	1560
cg05058069	0.21937886339773807	1560
cg13099829	0.21937846415683382	1560
cg25305174	0.21937804291475285	1560
cg18216292	0.21937689803110727	1560
cg20242065	0.21937550797447103	1560
cg06445561	0.21937535642835815	1560
cg27264172	0.21937241631463913	1560
cg00703453	0.21937167254266832	1560
cg07288541	0.2193710081793366	1560
cg11643461	0.2193695762209372	1560
cg05709196	0.21936902307520492	1560
cg04306248	0.21936898506247268	1560
cg14075645	0.21936845698521482	1560
cg05472743	0.21936547199092585	1560
cg13383591	0.21936480296752187	1560
cg26631979	0.2193641628743623	1560
cg01446895	0.21936391064488447	1560
cg20935664	0.2193630080826226	1560
cg20458896	0.21936084769916359	1560
cg10854528	0.21936082429421322	1560
cg22466400	0.21936026602981945	1560
cg24271566	0.2193576297774686	1560
cg03141879	0.2193573147347031	1560
cg22560074	0.21935485382117823	1560
cg19263877	0.21935377616991195	1560
cg05921532	0.21935154231401924	1560
cg19354255	0.21935093502302494	1560
cg01460435	0.21935042750479164	1560
cg14213101	0.21934860784770704	1560
cg19747142	0.2193472242296881	1560
cg21376658	0.21934414708946395	1560
cg16900618	0.21934359169411352	1560
cg26498176	0.21934242945149374	1560
cg27038367	0.21934176942416608	1560
cg11381281	0.21934169017251556	1560
cg15341750	0.2193414887807535	1560
cg19816994	0.2193401671298627	1560
cg24416232	0.2193388497854793	1560
cg12089169	0.21933805462132824	1560
cg25357022	0.21933434483755126	1560
cg14080129	0.21933393136323986	1560
cg09380000	0.219333766508847	1560
cg18558143	0.2193336055643184	1560
cg24351767	0.21933101718424333	1560
cg12560479	0.21933091391980222	1560
cg10307076	0.21933073343535409	1560
cg11084729	0.21933026397865713	1560
cg12209313	0.21932964724729287	1560
cg15202134	0.2193274448322826	1560
cg15287403	0.21932568098130267	1560
cg01356558	0.21932536390137405	1560
cg07573965	0.2193240608054875	1560
cg07130466	0.21932397905879808	1560
cg12836721	0.219323948073442	1560
cg08220753	0.21932258777068844	1560
cg21367783	0.21932154917185	1560
cg12576073	0.219321294533946	1560
cg01163330	0.21931849209426554	1560
cg07421261	0.21931810154194087	1560
cg09450467	0.21931699179839467	1560
cg05030518	0.21931690840784202	1560
cg06370422	0.21931615800950835	1560
cg09392499	0.21931547642141622	1560
cg01106788	0.21931536098297594	1560
cg21556039	0.21931482615215336	1560
cg08352032	0.2193138643329883	1560
cg00106093	0.21931267650859704	1560
cg27589921	0.21931090473701398	1560
cg20606821	0.21930863996376707	1560
cg27220097	0.21930756429324805	1560
cg21898527	0.21930713583837563	1560
cg18678121	0.21930687884594577	1560
cg03037437	0.21930613720911596	1560
cg24882307	0.21930551303921736	1560
cg22853601	0.21930415963402164	1560
cg06226675	0.21930212079455597	1560
cg22090150	0.21930069952940784	1560
cg26655255	0.21929967983315432	1560
cg14188185	0.21929939767682172	1560
cg11806203	0.21929903502388018	1560
cg07341365	0.21929644540137697	1560
cg14075424	0.2192962211888921	1560
cg10698255	0.21929609784317028	1560
cg23655719	0.2192955728905677	1560
cg18417201	0.21929514226849048	1560
cg19275832	0.21929484465505966	1560
cg19507217	0.21929400943691804	1560
cg01451203	0.2192922657380288	1560
cg21650295	0.21929178243543326	1560
cg11911418	0.21928831582047872	1560
cg06383113	0.21928797164493702	1560
cg05855116	0.21928776151239854	1560
cg27051119	0.21928510963838005	1560
cg19486955	0.21928404861298936	1560
cg14394077	0.2192830251870258	1560
cg13814654	0.21928252562302938	1560
cg27615304	0.21928068220650504	1560
cg03470939	0.21928012793163681	1560
cg02384811	0.21927992813670183	1560
cg13751923	0.2192776609826165	1560
cg23168397	0.2192774167206801	1560
cg04423431	0.21927724725594566	1560
cg02785101	0.21927671033256524	1560
cg03301433	0.21927554499011837	1560
cg24709745	0.21927508837169174	1560
cg01398428	0.21927443997752355	1560
cg03754063	0.21927133460396128	1560
cg18557261	0.21927066029368034	1560
cg25500553	0.219270448025737	1560
cg08077354	0.2192700383311747	1560
cg08069675	0.21926972417640117	1560
cg18753341	0.2192695420442457	1560
cg04721863	0.21926781597205322	1560
cg14744141	0.2192664675735592	1560
cg07281938	0.2192663689323614	1560
cg16108237	0.2192662405736232	1560
cg04436772	0.21926615248753473	1560
cg07943630	0.21926612638169665	1560
cg07560587	0.2192639487383778	1560
cg07268119	0.21926388912999822	1560
cg06891858	0.21926300093550002	1560
cg01469284	0.2192612827629315	1560
cg10207355	0.21926106493908756	1560
cg05890616	0.21926041550964262	1560
cg07452442	0.21925800491331057	1560
cg02991011	0.21925795816791785	1560
cg03877913	0.21925764209143903	1560
cg15385197	0.21925749032121464	1560
cg09645699	0.2192555410924118	1560
cg00072957	0.21925475019412738	1560
cg00208734	0.21925397234281518	1560
cg26411814	0.21925273399522358	1560
cg12576844	0.21925240675549953	1560
cg19635754	0.2192473440775286	1560
cg03895344	0.2192464552438418	1560
cg00439318	0.21924627872771205	1560
cg23605175	0.2192459862000169	1560
cg08876437	0.2192451959916219	1560
cg00829182	0.2192425092479149	1560
cg25269276	0.21924144027854814	1560
cg23738548	0.21923878775393055	1560
cg17750946	0.21923847727583787	1560
cg18698819	0.2192371010887753	1560
cg25974308	0.2192368444053146	1560
cg11933290	0.21923600740639826	1560
cg17522601	0.21923551212750425	1560
cg09423599	0.219235267238635	1560
cg18367053	0.21923511533394188	1560
cg24432757	0.21923401987575525	1560
cg14323067	0.21923360133033612	1560
cg12088612	0.21923267411931088	1560
cg09473664	0.21923210351050734	1560
cg01371004	0.2192316428075382	1560
cg04132809	0.21923161334638366	1560
cg12590668	0.21923127223190159	1560
cg02973417	0.21923078544557725	1560
cg16149455	0.21923041999730997	1560
cg19746874	0.21922904747352073	1560
cg27196194	0.2192276764552686	1560
cg07423985	0.2192251808065875	1560
cg00206058	0.21922485220034305	1560
cg23634193	0.21922423452917073	1560
cg22535790	0.21922151009038715	1560
cg13912834	0.2192211178246381	1560
cg01914838	0.21921990258376986	1560
cg04133132	0.21921932556320026	1560
cg08498179	0.21921865483571565	1560
cg27408765	0.21921864902902238	1560
cg03931660	0.21921806319916365	1560
cg09946603	0.21921741462475272	1560
cg25753270	0.21921695263398164	1560
cg25242556	0.2192168768405019	1560
cg05218689	0.21921539554042968	1560
cg05212664	0.2192147176581819	1560
cg02506421	0.21921468132150573	1560
cg05308744	0.21921414355636165	1560
cg02972492	0.2192132328801308	1560
cg01347539	0.21921309109431	1560
cg07119172	0.21921191768988785	1560
cg16743903	0.219211326804761	1560
cg05764011	0.2192111588772562	1560
cg25094093	0.2192106995139596	1560
cg11901456	0.2192101521747249	1560
cg18820914	0.21921004529595692	1560
cg14998914	0.2192097891151758	1560
cg01229519	0.21920938429376607	1560
cg16390958	0.21920914548405243	1560
cg16825545	0.21920895447144226	1560
cg15853814	0.2192081459416865	1560
cg23608779	0.21920802402107878	1560
cg25843013	0.21920515887634684	1560
cg20392203	0.21920513593144336	1560
cg21101726	0.21920462012661557	1560
cg14408173	0.21920439663653796	1560
cg22634588	0.21920438509721	1560
cg22549545	0.21920375782655632	1560
cg12342520	0.21920371564319363	1560
cg06431105	0.21920356680809508	1560
cg10643928	0.21920332994042388	1560
cg26543243	0.21920331530271467	1560
cg02544775	0.2192024457581012	1560
cg11413416	0.21920023809377745	1560
cg20256881	0.21919953620177884	1560
cg04912438	0.21919948658929123	1560
cg26692860	0.219199058780465	1560
cg14150999	0.2191989013399705	1560
cg15548566	0.21919888397968842	1560
cg14476630	0.21919814131445006	1560
cg12357053	0.2191981355912316	1560
cg04560545	0.21919754941879938	1560
cg22807598	0.21919711226269392	1560
cg03878537	0.21919677375792146	1560
cg22924545	0.21919661759289938	1560
cg20469795	0.21919546566365175	1560
cg11979779	0.2191950420653766	1560
cg03263613	0.2191933521545372	1560
cg20482334	0.2191929883638976	1560
cg01970726	0.21919232803291933	1560
cg26212229	0.21919175383784198	1560
cg05902483	0.21919102042080335	1560
cg25934548	0.21919098479518823	1560
cg03234072	0.2191899813943527	1560
cg05187651	0.21918977763763553	1560
cg09559324	0.21918890185508086	1560
cg12657043	0.2191887364639355	1560
cg14235271	0.2191875795467662	1560
cg15847775	0.2191870380892221	1560
cg01206961	0.21918663584271983	1560
cg19655704	0.21918600251226644	1560
cg14019615	0.21918557715597295	1560
cg24692555	0.2191852239732988	1560
cg02379724	0.2191848969854523	1560
cg00669044	0.21918482207413764	1560
cg13204462	0.21918473837669133	1560
cg16759100	0.21918429245982243	1560
cg18383680	0.21918266590375943	1560
cg08257088	0.21918244234401382	1560
cg24269863	0.21918185652077743	1560
cg25039158	0.21918146049880247	1560
cg06292124	0.21918029419278232	1560
cg26493059	0.21918018970402742	1560
cg04294952	0.21917921649291164	1560
cg08095532	0.2191783911341219	1560
cg27053785	0.2191779846861093	1560
cg04612073	0.21917798269988606	1560
cg13277963	0.21917769701157708	1560
cg11241133	0.21917726085014572	1560
cg18745841	0.21917631366448226	1560
cg14091677	0.2191758444548817	1560
cg17276794	0.2191755295061814	1560
cg04812789	0.2191742789489223	1560
cg22547978	0.21917343010140772	1560
cg02580409	0.21917313905709523	1560
cg12982893	0.21917264726920863	1560
cg04944931	0.21917245729104984	1560
cg14543527	0.21917217634223182	1560
cg09695510	0.219170625623509	1560
cg14481911	0.2191704657727811	1560
cg06561892	0.21916994257774192	1560
cg04874061	0.21916925760090383	1560
cg11431044	0.21916816801092834	1560
cg24140841	0.21916787928407394	1560
cg04304064	0.2191664780697719	1560
cg06859833	0.21916541142554216	1560
cg11704435	0.21916536506805473	1560
cg18224970	0.2191639404581298	1560
cg14596713	0.21916363776291337	1560
cg03307169	0.21916267263603442	1560
cg20631270	0.21916190185509518	1560
cg27449255	0.21915865354591837	1560
cg04669470	0.21915719206274065	1560
cg02070077	0.2191563314813903	1560
cg24614473	0.21915622330433587	1560
cg16843760	0.21915504055088303	1560
cg12197235	0.21915485660635223	1560
cg13529361	0.21915430697013133	1560
cg04224624	0.2191537258542139	1560
cg20539961	0.2191527274863929	1560
cg10859897	0.21915110222276138	1560
cg04933640	0.21915097752722618	1560
cg17630294	0.21914952452474923	1560
cg13747435	0.21914911964639772	1560
cg05937663	0.21914888398692978	1560
cg01243992	0.21914770846082382	1560
cg01117213	0.21914606200477887	1560
cg12674287	0.21914462227526105	1560
cg15122358	0.2191442231675604	1560
cg03424469	0.21914316411683651	1560
cg13642249	0.21914296847312845	1560
cg13950250	0.21914200135991282	1560
cg06442637	0.21914191092513802	1560
cg14041264	0.21914070920229478	1560
cg27574066	0.21914044778632197	1560
cg13044027	0.21913975143935416	1560
cg22934449	0.21913941370393394	1560
cg10797804	0.21913860473874494	1560
cg15402926	0.2191377451704676	1560
cg03648908	0.2191376695398052	1560
cg03611912	0.21913713539400917	1560
cg04099375	0.2191366366056209	1560
cg03930485	0.2191365558636058	1560
cg11828966	0.21913642749894705	1560
cg25189483	0.21913635665463313	1560
cg26176158	0.2191352931254262	1560
cg03089923	0.21913367175960505	1560
cg06958453	0.21913292228752815	1560
cg08945711	0.21913181602095308	1560
cg10906135	0.21913002824752742	1560
cg15065837	0.21912975511783453	1560
cg26447107	0.2191294480207839	1560
cg12309456	0.21912735147176862	1560
cg18222440	0.2191268193566004	1560
cg10208587	0.2191264007073792	1560
cg00970824	0.21912551820893755	1560
cg23460070	0.2191235271843057	1560
cg10399970	0.21912222585488128	1560
cg09235535	0.21912217237113615	1560
cg14305139	0.2191218837326056	1560
cg11319477	0.21912158589087624	1560
cg16100063	0.21912104018337458	1560
cg00246840	0.21912050122898075	1560
cg14260418	0.21912003936886632	1560
cg11006288	0.21911929660738882	1560
cg06706159	0.2191191843266631	1560
cg03825764	0.21911757642773286	1560
cg09733706	0.21911658649128501	1560
cg23049178	0.219116460245474	1560
cg16968522	0.21911461837054821	1560
cg13655928	0.21911407626426027	1560
cg18442685	0.2191140143878468	1560
cg24501315	0.21911310284548874	1560
cg05489271	0.21911270341921424	1560
cg23872389	0.21911144407928437	1560
cg18196463	0.21910800510996595	1560
cg03800447	0.21910791121456433	1560
cg00526336	0.2191062495244633	1560
cg06908739	0.21910589438805692	1560
cg01778842	0.21910561852573748	1560
cg09119017	0.21910395661288992	1560
cg24274272	0.21910230923907204	1560
cg18713221	0.21910192771675108	1560
cg22814042	0.21910190782246028	1560
cg12082352	0.21910035375275733	1560
cg14074878	0.21909676533187022	1560
cg22352169	0.21909647187881176	1560
cg23159992	0.21909625239101801	1560
cg09304270	0.2190947569198121	1560
cg13711186	0.21909412325873445	1560
cg17597915	0.21909385077385285	1560
cg06242471	0.21909078408277152	1560
cg06083089	0.21909047762793069	1560
cg26776844	0.21908991197992836	1560
cg07496717	0.2190897690955844	1560
cg20412364	0.21908947843919974	1560
cg22871797	0.21908909876105917	1560
cg03015144	0.21908873806464882	1560
cg18155101	0.2190875929882859	1560
cg03407651	0.21908547346635687	1560
cg16644245	0.21908499191007816	1560
cg07811634	0.21908456782442498	1560
cg22718360	0.2190837189916311	1560
cg18989661	0.21908362127614112	1560
cg06927220	0.2190832742018253	1560
cg17302548	0.21908296515763923	1560
cg00967637	0.21908273455356603	1560
cg03895435	0.21908156837777173	1560
cg07814712	0.21908137650139242	1560
cg15464763	0.21908129074077703	1560
cg02252501	0.21908055968638074	1560
cg11859384	0.2190805257575319	1560
cg20125559	0.2190803410413438	1560
cg04296321	0.21907978149612856	1560
cg14878842	0.21907902443479796	1560
cg27582986	0.21907855112982205	1560
cg06683328	0.219078126691059	1560
cg16713625	0.21907578328348346	1560
cg05536132	0.21907386869765003	1560
cg20961782	0.21907373620298964	1560
cg17609887	0.21907352955325973	1560
cg16428322	0.21907348749665728	1560
cg20489239	0.2190731783321125	1560
cg17514665	0.21907307306168156	1560
cg00590714	0.21907283535377053	1560
cg09839059	0.21907179393438073	1560
cg20463403	0.21907133224714515	1560
cg04132177	0.2190697446123392	1560
cg14970434	0.21906940578964862	1560
cg24776019	0.21906910839135582	1560
cg09321566	0.21906910649927158	1560
cg24514230	0.21906859718137597	1560
cg18557212	0.2190685724900568	1560
cg25244420	0.21906831727150408	1560
cg00572058	0.21906741084008735	1560
cg05915622	0.2190671556100166	1560
cg22955491	0.21906707270375742	1560
cg15033113	0.21906590720244226	1560
cg04142144	0.21906498966442184	1560
cg04510420	0.219063084732276	1560
cg03680932	0.21906283721197628	1560
cg08542976	0.21906181214051945	1560
cg02764239	0.21905915363792416	1560
cg02659867	0.21905806599993274	1560
cg03071195	0.21905733677472297	1560
cg19936605	0.21905616532922678	1560
cg05064263	0.21905601663939106	1560
cg24902987	0.21905462140085807	1560
cg06135449	0.21905434575032653	1560
cg25335009	0.2190541942236209	1560
cg20602417	0.21905394336076622	1560
cg25435594	0.21905369736608096	1560
cg26794156	0.21905342331580802	1560
cg22175781	0.21905237390133075	1560
cg10778556	0.21905030696831976	1560
cg09399386	0.21904769861418705	1560
cg02813931	0.2190474947333594	1560
cg04175786	0.21904744033482149	1560
cg04636251	0.2190467493974346	1560
cg23702945	0.2190462558166996	1560
cg12017057	0.21904603978124648	1560
cg00945486	0.21904556911734016	1560
cg24142735	0.21904471493195893	1560
cg22683243	0.21904439954048535	1560
cg08075528	0.21904333664709025	1560
cg23890910	0.2190420356176793	1560
cg05623531	0.21904143432170448	1560
cg17806437	0.21904128619268007	1560
cg26334299	0.21904084986984318	1560
cg21039188	0.21904035139103065	1560
cg13022121	0.2190383538338077	1560
cg06918918	0.2190382986768866	1560
cg06259557	0.21903623184708132	1560
cg13052755	0.2190357027415431	1560
cg17150772	0.21903519720132616	1560
cg21145551	0.2190346091088295	1560
cg13794687	0.21903431253617134	1560
cg20894884	0.21903288997714981	1560
cg06478195	0.21903273064796175	1560
cg24070084	0.21903261261933202	1560
cg23544577	0.21903127752440502	1560
cg05229649	0.21903018314751893	1560
cg25849876	0.2190282024291336	1560
cg03399971	0.21902751213751387	1560
cg20727307	0.2190266699631892	1560
cg03740840	0.21902658171502157	1560
cg15622113	0.21902335320584165	1560
cg22811350	0.2190217727097164	1560
cg04392554	0.21902151669425923	1560
cg06042673	0.21902104793466093	1560
cg01191048	0.2190208432803361	1560
cg27264018	0.2190208263845817	1560
cg03196627	0.21902072952892254	1560
cg03462622	0.21902068198049363	1560
cg04604505	0.2190202920274646	1560
cg15919924	0.21901973301411448	1560
cg11344073	0.2190194012379678	1560
cg13503364	0.2190193718012052	1560
cg26327024	0.21901920764224983	1560
cg10605694	0.2190151182414895	1560
cg09776718	0.21901452150409348	1560
cg12106058	0.21901224994355759	1560
cg08323017	0.21901173146435224	1560
cg26170499	0.2190104154449926	1560
cg00393254	0.21901025971528074	1560
cg07295775	0.21900875431133568	1560
cg24470133	0.21900800855172625	1560
cg14090822	0.21900768725558237	1560
cg24896608	0.219005715545703	1560
cg18375902	0.21900547052827185	1560
cg21913376	0.21900498126861764	1560
cg14311032	0.2190048199342241	1560
cg18698699	0.21900365457929455	1560
cg06539411	0.21900254851202175	1560
cg03640506	0.21900192605255772	1560
cg09599111	0.21900080525714857	1560
cg26812397	0.21899994506242595	1560
cg10006157	0.21899970430708404	1560
cg20690839	0.21899947132692535	1560
cg14018275	0.21899918049184444	1560
cg10824007	0.21899812686064407	1560
cg16288579	0.2189956244246446	1560
cg18066338	0.21899550500606832	1560
cg17048301	0.21899522950718944	1560
cg14930754	0.21899487552091007	1560
cg08235947	0.21899430929336544	1560
cg03660578	0.21899421012863432	1560
cg03419232	0.21899216422827017	1560
cg00970984	0.2189918351331684	1560
cg01140783	0.2189899971748261	1560
cg20853530	0.21898954396072826	1560
cg22157199	0.2189894827346997	1560
cg02390241	0.2189870279271396	1560
cg00780540	0.21898670733448983	1560
cg27201457	0.21898662241212474	1560
cg08274139	0.2189862929637004	1560
cg02925590	0.21898576466679187	1560
cg00919689	0.21898430601187913	1560
cg19619585	0.218983601700335	1560
cg18238623	0.21898259122972577	1560
cg24177452	0.21898120387952566	1560
cg13775978	0.2189811749424664	1560
cg12668415	0.21898001669644163	1560
cg06499481	0.21897961380610934	1560
cg01335372	0.21897918875597974	1560
cg07976816	0.21897845927470105	1560
cg07016060	0.21897802996823532	1560
cg21966345	0.21897694507916973	1560
cg02494999	0.21897625084824476	1560
cg03444965	0.21897593728661516	1560
cg25249207	0.21897544674895325	1560
cg13900349	0.21897514990819528	1560
cg08977791	0.21897392246047134	1560
cg27423238	0.21897292601269602	1560
cg07081418	0.2189728231595056	1560
cg17477795	0.21897125972468998	1560
cg16291854	0.21897074796605914	1560
cg05146074	0.2189706928065821	1560
cg18032386	0.21897051254951636	1560
cg15693780	0.21896904568925732	1560
cg08859698	0.21896783522249713	1560
cg04372973	0.2189676918000772	1560
cg04221388	0.21896701658258305	1560
cg11155547	0.21896626670424144	1560
cg07563409	0.218964469992001	1560
cg08764908	0.218964432071374	1560
cg17821231	0.2189640927195931	1560
cg10291105	0.21896274051198034	1560
cg06209217	0.218962476328722	1560
cg26981047	0.21896241340570613	1560
cg01871829	0.21896219126263383	1560
cg06636372	0.2189617639746244	1560
cg23600517	0.21896171467016648	1560
cg08122172	0.2189613782591425	1560
cg27444899	0.21896002993735084	1560
cg00417807	0.21895761198878677	1560
cg18113058	0.21895719434509836	1560
cg16771467	0.21895621382585553	1560
cg05324014	0.21895507715573642	1560
cg03789088	0.21895471727209426	1560
cg08935613	0.21895341724954293	1560
cg25028527	0.21895318145894002	1560
cg02859026	0.2189527825100136	1560
cg00242039	0.21895239585322987	1560
cg14692709	0.21895228088198518	1560
cg07358302	0.2189518969064219	1560
cg03159871	0.21895089631957548	1560
cg01796641	0.21895077222738116	1560
cg25458314	0.21895048789358224	1560
cg10214301	0.21895025920908548	1560
cg26965012	0.21894970940358863	1560
cg19393699	0.21894964417451657	1560
cg18059802	0.21894941652985414	1560
cg19452992	0.21894918218530604	1560
cg09230221	0.2189483527507965	1560
cg00562750	0.21894799134217066	1560
cg23659029	0.2189469626964206	1560
cg11960435	0.21894576239162636	1560
cg05575150	0.21894531027685116	1560
cg11238922	0.21894515006526197	1560
cg00142834	0.218944379447304	1560
cg07291135	0.21894292478541233	1560
cg15082435	0.21894165284794878	1560
cg27480219	0.21894153316874693	1560
cg11201761	0.2189412526536662	1560
cg09121930	0.2189407401214084	1560
cg22772639	0.21894008968122525	1560
cg20681653	0.21893950745306706	1560
cg14781041	0.21893904828267127	1560
cg18130069	0.21893904348385523	1560
cg15226856	0.21893719337812168	1560
cg09467078	0.21893557041726178	1560
cg23794932	0.21893521522135076	1560
cg14513730	0.21893404481815032	1560
cg02039956	0.21893290646717534	1560
cg16282679	0.218932839175966	1560
cg03632309	0.21893170123116665	1560
cg12044654	0.21892951710092728	1560
cg21898280	0.218929415486834	1560
cg16309936	0.2189291450065993	1560
cg08155963	0.21892883253461065	1560
cg23056437	0.2189279114604084	1560
cg18885289	0.21892717313455082	1560
cg02265690	0.21892619081988332	1560
cg06758393	0.21892559261257544	1560
cg24504936	0.2189253930974216	1560
cg03689181	0.21892535621280682	1560
cg13341498	0.21892534161764082	1560
cg17081570	0.2189252873030602	1560
cg14265220	0.21892378308611196	1560
cg07485866	0.21892366769181115	1560
cg05968988	0.21892327483119894	1560
cg11254573	0.21892246136414004	1560
cg21440164	0.2189219974045481	1560
cg14517056	0.21892179718946492	1560
cg17250921	0.21892173217519287	1560
cg15695624	0.21892168110054583	1560
cg10461852	0.21892154110009218	1560
cg15128917	0.2189213685244124	1560
cg13667633	0.2189203571368534	1560
cg10628465	0.2189193905204422	1560
cg08272513	0.21891926611390794	1560
cg03390183	0.21891918072565494	1560
cg01949498	0.2189189284607959	1560
cg22134823	0.21891862139544846	1560
cg12874204	0.2189181895471079	1560
cg21385432	0.21891644199276716	1560
cg10876737	0.21891488887472246	1560
cg10728452	0.21891194988685156	1560
cg18199434	0.2189115625842475	1560
cg26328483	0.21891072562082528	1560
cg23015664	0.2189104256650448	1560
cg09179999	0.21890841000528696	1560
cg05712979	0.21890726201874383	1560
cg15347097	0.21890713220510932	1560
cg22866068	0.21890680806296697	1560
cg01789705	0.21890608333687667	1560
cg24724561	0.21890602965666162	1560
cg02073271	0.21890573493027088	1560
cg08103216	0.2189019597815017	1560
cg05022128	0.21890183046204717	1560
cg24944231	0.2189012538041665	1560
cg13345220	0.21890102943878095	1560
cg18170581	0.21890031940084806	1560
cg15574810	0.21890024983979264	1560
cg00049400	0.21889802033178934	1560
cg17613592	0.21889764854673852	1560
cg02936944	0.21889698522648465	1560
cg01872771	0.2188935219974292	1560
cg07114444	0.2188916215063134	1560
cg20600051	0.21889102564480328	1560
cg12465250	0.21888997007323116	1560
cg26122413	0.2188891608800502	1560
cg13189759	0.218888255497531	1560
cg10857141	0.21888753257861773	1560
cg00850747	0.21888648881360423	1560
cg01317050	0.21888589696014982	1560
cg02570682	0.21888578294155567	1560
cg01493379	0.2188829719910495	1560
cg05599337	0.2188827780697897	1560
cg23212579	0.2188824905340132	1560
cg17675386	0.21888240034879342	1560
cg04380800	0.21888149291351583	1560
cg16405210	0.2188799037305239	1560
cg12301740	0.2188791208766849	1560
cg08031810	0.21887825577498896	1560
cg20528350	0.21887802459686098	1560
cg26875902	0.21887647530156196	1560
cg22216757	0.21887545766136768	1560
cg09688928	0.2188716604788085	1560
cg10780160	0.21886836769999332	1560
cg13789881	0.21886764276750598	1560
cg07243405	0.21886737741977183	1560
cg02008770	0.21886712749023335	1560
cg15043106	0.21886666021495155	1560
cg18809729	0.2188659363488298	1560
cg04324487	0.21886568472962828	1560
cg21629166	0.21886557319346855	1560
cg08004131	0.2188652343106044	1560
cg00558315	0.2188643563183898	1560
cg13465645	0.21886395539588846	1560
cg06523307	0.2188639165985637	1560
cg11601836	0.2188638482030162	1560
cg22514764	0.21886345400544802	1560
cg22985122	0.21886285556379556	1560
cg08277314	0.21886090633010669	1560
cg24337215	0.21885928059818577	1560
cg01275830	0.21885668690286003	1560
cg25150846	0.21885539231893747	1560
cg13562841	0.21885535841983966	1560
cg11095315	0.21885512450811287	1560
cg16275118	0.21885477183813715	1560
cg00029619	0.21885462668642003	1560
cg12286917	0.21885417312343533	1560
cg21162817	0.21885414249170235	1560
cg25811083	0.21885381414731708	1560
cg01149712	0.21885087251274504	1560
cg17623882	0.21885032346642602	1560
cg02915215	0.21885030719111717	1560
cg16732367	0.21884738818665062	1560
cg03825236	0.21884731442109534	1560
cg26364766	0.21884534456408022	1560
cg26001719	0.2188435776474778	1560
cg05540639	0.21884347670540308	1560
cg17175984	0.21884225483326733	1560
cg22374083	0.21884186656133905	1560
cg20616779	0.21884162042743438	1560
cg07966251	0.21884144801259348	1560
cg19307543	0.21884083558310863	1560
cg02490189	0.2188403937164513	1560
cg13690785	0.21884009052595255	1560
cg05528931	0.21883849429538912	1560
cg09420691	0.21883770973730918	1560
cg01534707	0.21883754029789582	1560
cg04591732	0.2188369291517995	1560
cg11182893	0.21883680305263326	1560
cg05492532	0.21883620428935427	1560
cg03767951	0.21883512584296635	1560
cg08858793	0.21883394880885043	1560
cg10402471	0.21883377463814224	1560
cg14003780	0.21883297614169533	1560
cg02885680	0.21883243100128355	1560
cg21452471	0.21883148468048413	1560
cg00233887	0.21883130156538144	1560
cg12545931	0.2188307362442172	1560
cg14234510	0.21883012636693017	1560
cg01304144	0.2188285784600969	1560
cg03668948	0.21882740573759832	1560
cg08620636	0.2188266884926843	1560
cg10754777	0.21882668591541338	1560
cg13491959	0.218825671140812	1560
cg22022001	0.21882557160322555	1560
cg27347106	0.21882460350556138	1560
cg26915351	0.2188241357585163	1560
cg06845706	0.21882391852765568	1560
cg16562217	0.21882218570268172	1560
cg26689643	0.2188190284358348	1560
cg19190487	0.21881828141292478	1560
cg26225829	0.21881787904043581	1560
cg11794120	0.21881715203461424	1560
cg08719317	0.21881708123108093	1560
cg25979460	0.2188169837125256	1560
cg12200204	0.21881643273323162	1560
cg09859896	0.21881630982076852	1560
cg16825211	0.21881258273608828	1560
cg20197825	0.218812031738053	1560
cg07242196	0.2188117424614178	1560
cg09926323	0.21881074881979412	1560
cg20190112	0.2188092905199398	1560
cg04849298	0.21880903548419142	1560
cg26856948	0.2188089847861396	1560
cg05727001	0.21880893100437546	1560
cg11674356	0.21880857356725236	1560
cg10521094	0.21880834520403558	1560
cg18025258	0.2188073598513007	1560
cg14179381	0.2188034021537504	1560
cg04313758	0.2188029236320556	1560
cg07962084	0.21880179548148396	1560
cg19577896	0.21879973805192224	1560
cg27096032	0.21879882300246997	1560
cg00786939	0.21879836729247917	1560
cg08829140	0.2187980734135148	1560
cg13849825	0.2187980575908422	1560
cg17439671	0.21879743835876944	1560
cg18804587	0.21879723482484734	1560
cg09787123	0.21879687155930813	1560
cg04023872	0.21879553784001396	1560
cg14319473	0.21879385901984588	1560
cg01279753	0.21879278728397733	1560
cg00779328	0.21879268622609818	1560
cg00779615	0.2187922693648188	1560
cg20452739	0.21879194435637436	1560
cg05980083	0.21878861656003828	1560
cg16980426	0.21878762536894708	1560
cg26360644	0.21878714793834922	1560
cg06217450	0.21878557072404659	1560
cg04107707	0.21878524541122532	1560
cg08312690	0.2187846165662168	1560
cg15977634	0.21878383868479878	1560
cg03515290	0.21878348427253258	1560
cg08943374	0.21878337195274214	1560
cg18522808	0.21878316555224597	1560
cg21418076	0.21877968749935586	1560
cg13664824	0.21877959890194756	1560
cg20471615	0.2187795943105566	1560
cg10333959	0.21877735653454394	1560
cg01753188	0.21877730648641563	1560
cg20796060	0.2187768318372501	1560
cg22979083	0.21877641350769353	1560
cg01362581	0.21877612333847005	1560
cg12023911	0.21877570760549592	1560
cg16305746	0.21877449212669173	1560
cg25034766	0.21877400249756399	1560
cg09384098	0.21877371641892812	1560
cg15319210	0.21877335043645288	1560
cg08934869	0.2187728151463537	1560
cg13883063	0.21877183895545801	1560
cg03976336	0.21877159858830986	1560
cg09754671	0.21877099156070368	1560
cg00225917	0.2187709273088572	1560
cg03632204	0.21876985064058505	1560
cg11875548	0.2187693477654143	1560
cg08561530	0.2187692337874101	1560
cg08719605	0.218769113370012	1560
cg25958062	0.2187680992463456	1560
cg08985539	0.21876712802585646	1560
cg11217367	0.2187666872010386	1560
cg02476339	0.21876665662853426	1560
cg26951000	0.2187665346505895	1560
cg22396663	0.2187665016298409	1560
cg15149712	0.21876606807510232	1560
cg05029089	0.21876559101717732	1560
cg03626746	0.21876493762510657	1560
cg05996240	0.21876486289569153	1560
cg25839745	0.21876438904626022	1560
cg10382365	0.2187638476519813	1560
cg16890298	0.21876253066558665	1560
cg20928427	0.21876198963628815	1560
cg26699546	0.2187615224067995	1560
cg12850546	0.21876149438443346	1560
cg24291279	0.21876140386281057	1560
cg16243359	0.21876059136963727	1560
cg01930679	0.21875961932649107	1560
cg02261174	0.21875916985148636	1560
cg02179764	0.21875758373839735	1560
cg27436190	0.21875721821366473	1560
cg04945651	0.21875721026574813	1560
cg21109518	0.21875700171180135	1560
cg09816403	0.21875435361943316	1560
cg03405026	0.21875417721302937	1560
cg09051663	0.21875349524356028	1560
cg06721712	0.21875115500290404	1560
cg08099685	0.21875110524766495	1560
cg02809591	0.21875102070457367	1560
cg10195567	0.2187506026300501	1560
cg05172061	0.2187493573036544	1560
cg09887298	0.2187484386560826	1560
cg21620969	0.21874837883977483	1560
cg07819756	0.2187478018912832	1560
cg19473056	0.21874703972378376	1560
cg07131943	0.2187469474693754	1560
cg14468605	0.21874676202823232	1560
cg12133125	0.21874631624662108	1560
cg27607136	0.2187461821722521	1560
cg04764087	0.2187448862108365	1560
cg00554973	0.2187443895628685	1560
cg03644585	0.21874347945284867	1560
cg18495781	0.2187424704649548	1560
cg17490445	0.21874162887830245	1560
cg01561200	0.21874122286943948	1560
cg26466801	0.21873891178675473	1560
cg25775742	0.21873886026772424	1560
cg26729372	0.21873825830168164	1560
cg21690282	0.21873678516522527	1560
cg08652492	0.21873546514714823	1560
cg07376805	0.21873487207662115	1560
cg20827346	0.21873486982624415	1560
cg18621819	0.2187345883763674	1560
cg16774105	0.2187329741953788	1560
cg13960334	0.2187329679716058	1560
cg04668521	0.21873285401713508	1560
cg20012247	0.218731634458739	1560
cg05160261	0.21873139660268023	1560
cg27651218	0.21873124646254172	1560
cg09828310	0.2187301801054236	1560
cg05162256	0.21872837178016782	1560
cg18097155	0.21872723261531787	1560
cg05982236	0.21872474791997978	1560
cg10447539	0.2187243894827797	1560
cg07754143	0.21872401008970724	1560
cg08995883	0.21872294654149305	1560
cg10652674	0.21872207100891225	1560
cg08679134	0.2187211992263815	1560
cg17442961	0.2187199172746374	1560
cg16421359	0.21871919005782922	1560
cg18807449	0.21871718251394354	1560
cg02961326	0.21871682233527368	1560
cg00585219	0.21871677434449535	1560
cg23618269	0.21871637648947181	1560
cg11925381	0.218715552070723	1560
cg12077176	0.21871521261271024	1560
cg14327901	0.21871430229715466	1560
cg14820573	0.2187133972481887	1560
cg05498914	0.21871261282068902	1560
cg21384009	0.21871065050085434	1560
cg09126422	0.21871015729629245	1560
cg01910141	0.218709655873792	1560
cg08878757	0.21870901697872389	1560
cg11145643	0.21870867858774184	1560
cg15571623	0.2187084498344271	1560
cg00619097	0.2187084485579463	1560
cg04362839	0.2187082524237946	1560
cg03480001	0.21870784194876278	1560
cg06212759	0.21870741593348877	1560
cg06505349	0.21870704159921997	1560
cg12954798	0.21870641111888472	1560
cg14145947	0.21870640334772373	1560
cg19463361	0.21870629948730588	1560
cg01471604	0.2187049381360204	1560
cg19794481	0.2187020506870255	1560
cg18064575	0.21870151758938525	1560
cg04668631	0.21870032856814586	1560
cg01363869	0.21869875617385948	1560
cg00811382	0.2186984460871433	1560
cg09247981	0.21869808566861404	1560
cg05519310	0.21869700466263345	1560
cg00623826	0.21869646661610995	1560
cg08547352	0.21869604840875273	1560
cg26892251	0.21869579176039586	1560
cg20432680	0.21869573773192325	1560
cg25036132	0.21869566245285937	1560
cg02585745	0.21869559814077122	1560
cg20489653	0.2186935131753496	1560
cg26033908	0.21869283959402286	1560
cg21655083	0.2186926676141392	1560
cg23089227	0.21869161236961734	1560
cg14675963	0.21869039988059527	1560
cg16784943	0.21868844999144704	1560
cg01614041	0.21868783179737972	1560
cg20732881	0.21868745468412804	1560
cg06478173	0.21868706446513836	1560
cg12523790	0.21868674592241202	1560
cg09751071	0.21868476452837338	1560
cg23548640	0.2186823993773917	1560
cg14041194	0.21868208426035943	1560
cg04001424	0.21867724735509583	1560
cg03579138	0.21867716788123798	1560
cg01673865	0.21867699800558554	1560
cg03995951	0.21867438904620684	1560
cg10246976	0.21867344302398214	1560
cg00457596	0.21867188923062092	1560
cg25489370	0.21867146667720658	1560
cg11336535	0.21867028619145287	1560
cg09692355	0.2186695065481975	1560
cg01195732	0.2186689300433505	1560
cg20162822	0.2186686137908101	1560
cg02205072	0.21866798219805927	1560
cg04041000	0.2186679104964239	1560
cg00922301	0.21866729323633977	1560
cg00111463	0.21866700016132085	1560
cg24584252	0.21866421563478675	1560
cg04206724	0.21866390555804904	1560
cg09874643	0.21866300292061017	1560
cg02920045	0.21866279497726274	1560
cg08827429	0.21865999406710343	1560
cg19343861	0.21865850493772152	1560
cg05262631	0.21865757941272265	1560
cg00403784	0.2186572697428369	1560
cg21984711	0.21865643478526667	1560
cg27343634	0.2186526672727253	1560
cg00188321	0.2186523969441851	1560
cg02976575	0.21865194230695956	1560
cg00148522	0.21865134784960558	1560
cg22896075	0.21865073417958333	1560
cg26544062	0.21864995609995203	1560
cg02726335	0.21864921130532472	1560
cg18973586	0.21864817955839916	1560
cg25469351	0.2186460575499642	1560
cg10983617	0.21864477023416526	1560
cg03821727	0.21864432422707697	1560
cg15475285	0.21864174152608118	1560
cg21773665	0.21864125384632166	1560
cg26328811	0.2186410665551581	1560
cg19489705	0.2186397054575768	1560
cg04110164	0.21863832066322203	1560
cg16848821	0.21863823115542236	1560
cg27062924	0.21863814219706945	1560
cg02998713	0.21863782931059902	1560
cg25487430	0.21863692609876917	1560
cg11274148	0.21863677515210345	1560
cg27056145	0.21863508546137034	1560
cg09314301	0.21863505849700302	1560
cg03316628	0.21863400059066443	1560
cg27297104	0.2186335434011856	1560
cg23149010	0.21863276392409972	1560
cg08588479	0.21863255148657396	1560
cg07891483	0.21863238652910894	1560
cg06290476	0.21863230401111372	1560
cg06151725	0.21863219852770222	1560
cg07606899	0.21863105830424695	1560
cg08429023	0.21863044039213483	1560
cg00442220	0.21863015296424543	1560
cg09600152	0.2186290403825932	1560
cg25799473	0.21862900309124536	1560
cg17291590	0.218628897194182	1560
cg22515554	0.2186280573982391	1560
cg06498313	0.2186280364867182	1560
cg25374830	0.2186271782282351	1560
cg07049323	0.2186264504148019	1560
cg23098912	0.21862642777552438	1560
cg21156483	0.21862611101438154	1560
cg23129673	0.21862452533841165	1560
cg11556135	0.21862429909697845	1560
cg22622667	0.21862340541859107	1560
cg14311245	0.21862324791674442	1560
cg00718029	0.21862282246684037	1560
cg20771687	0.2186227659778149	1560
cg03052510	0.21862131592739892	1560
cg21148160	0.21862095624498215	1560
cg20576064	0.21862094291540304	1560
cg27457427	0.2186208515647314	1560
cg21318835	0.218620102392154	1560
cg24940861	0.21861955211594122	1560
cg14065382	0.21861904219567027	1560
cg02914962	0.21861870089495766	1560
cg23287004	0.21861828471087277	1560
cg17606289	0.21861665844251865	1560
cg19172447	0.21861657335325158	1560
cg19042013	0.21861635804699342	1560
cg21564365	0.21861565395593063	1560
cg02592510	0.21861483317461392	1560
cg07315051	0.21861360273481478	1560
cg21903221	0.2186135880052613	1560
cg00619245	0.21861230413750682	1560
cg01403239	0.2186115143295653	1560
cg00921454	0.21861121953698465	1560
cg22984380	0.21861053382133083	1560
cg16443926	0.21860969601301478	1560
cg11811391	0.2186096474817314	1560
cg16522053	0.2186093151181884	1560
cg02331352	0.2186084190293549	1560
cg21919790	0.2186080474004349	1560
cg10981747	0.21860636119529042	1560
cg05514547	0.21860609620637317	1560
cg21743649	0.2186056862653789	1560
cg05300184	0.21860495937635074	1560
cg19800605	0.21860318176523288	1560
cg23175918	0.21860263964235738	1560
cg02310165	0.21859930319668724	1560
cg12076147	0.21859732474548518	1560
cg08298447	0.21859728874369252	1560
cg12826165	0.21859597128102157	1560
cg17440014	0.21859534285545865	1560
cg27555525	0.21859399091635548	1560
cg06659958	0.21859374123194997	1560
cg20781238	0.21859315979897598	1560
cg21899610	0.21859293335755012	1560
cg25143794	0.2185929119014528	1560
cg26821196	0.21859122344109438	1560
cg25106358	0.21859028480029474	1560
cg10547641	0.21858661772217908	1560
cg16611696	0.21858646927887604	1560
cg27215236	0.2185863897598716	1560
cg01878750	0.218586085448328	1560
cg24652982	0.21858584122842845	1560
cg02760300	0.2185830507213821	1560
cg13787782	0.21858289350835552	1560
cg20180272	0.21858262913117926	1560
cg20977198	0.21858203665778067	1560
cg23976723	0.21858176950269234	1560
cg27072251	0.2185809312799307	1560
cg09679202	0.2185804248444123	1560
cg06403673	0.21857973634562466	1560
cg01918552	0.2185795179480372	1560
cg16192413	0.21857950170572515	1560
cg01752322	0.21857645615445792	1560
cg08482359	0.21857601758323064	1560
cg21186053	0.21857591928944178	1560
cg24158506	0.2185756562302929	1560
cg10106016	0.21857495186689263	1560
cg25619703	0.2185744063623373	1560
cg06135887	0.21857401042105795	1560
cg26817229	0.21857347183397746	1560
cg14764956	0.21857336391048665	1560
cg16142349	0.21857285861253983	1560
cg17966362	0.21857269230288365	1560
cg24946911	0.218571932369688	1560
cg09348504	0.21857189741316574	1560
cg25903588	0.21857179492202058	1560
cg17420036	0.2185717206104455	1560
cg02020879	0.2185711774581051	1560
cg21167723	0.218571124080248	1560
cg23697861	0.2185682445377836	1560
cg19842683	0.21856778663834442	1560
cg00347170	0.2185677806917397	1560
cg14131612	0.21856628420141774	1560
cg06598663	0.21856539942193062	1560
cg15449181	0.21856429483615586	1560
cg19909713	0.2185622628784807	1560
cg27533013	0.21856100232894604	1560
cg05934211	0.21856078721670053	1560
cg00026119	0.21855949095597707	1560
cg11782601	0.21855880473097458	1560
cg00155345	0.2185575085914158	1560
cg26168577	0.21855594663565786	1560
cg08099065	0.21855539924563822	1560
cg19582115	0.21855526100218256	1560
cg17341361	0.21855424668014692	1560
cg26237255	0.2185538436186691	1560
cg23656224	0.21855085057241283	1560
cg08636224	0.21854813477397572	1560
cg12554051	0.21854804756935792	1560
cg09994368	0.21854779882653505	1560
cg12357366	0.21854750566278774	1560
cg11569374	0.21854670364911905	1560
cg11754857	0.218546641537853	1560
cg17398057	0.2185461739788917	1560
cg26207909	0.2185460995961163	1560
cg13046237	0.21854601712561103	1560
cg23526329	0.21854413119293678	1560
cg02538014	0.21854395457976086	1560
cg02879081	0.21854383990313883	1560
cg21341889	0.21854356304363026	1560
cg25362219	0.21854108958761853	1560
cg26107055	0.21854036280260786	1560
cg23924448	0.21853906429135436	1560
cg18701696	0.21853878368033966	1560
cg09126038	0.21853586731809643	1560
cg09676606	0.21853506604743406	1560
cg13421594	0.21853462721945344	1560
cg07583654	0.2185344393354765	1560
cg10935069	0.21853388800987308	1560
cg14447710	0.2185317170427442	1560
cg10625588	0.21853040359951054	1560
cg01861555	0.21852974259257682	1560
cg26984263	0.21852962090764982	1560
cg18797950	0.21852954626731097	1560
cg06087610	0.21852909430222991	1560
cg15050473	0.21852720878071982	1560
cg12319871	0.21852665460698326	1560
cg12659287	0.2185258828966726	1560
cg08305969	0.21852579077977774	1560
cg23123621	0.21852513831953327	1560
cg08836615	0.21852504115457522	1560
cg24448565	0.21852502581717612	1560
cg04476876	0.21852456151420738	1560
cg12368066	0.21852099492421326	1560
cg05294276	0.21851852146267564	1560
cg27309229	0.2185179923397797	1560
cg03220670	0.2185177405044549	1560
cg06953333	0.2185172154984356	1560
cg06545033	0.21851533201015758	1560
cg14703032	0.21851426867277476	1560
cg13457392	0.21851398869520938	1560
cg16653700	0.218513793068272	1560
cg07323979	0.21851376232506187	1560
cg23031116	0.21851213525526847	1560
cg06869114	0.21851108071104966	1560
cg27220376	0.21851095652612817	1560
cg01561777	0.21851082452497284	1560
cg12306864	0.21851067848228564	1560
cg11786459	0.21850992429726454	1560
cg20637570	0.2185089639823018	1560
cg08707771	0.21850890940192624	1560
cg06807713	0.21850850426041296	1560
cg17618528	0.21850836907007118	1560
cg21880445	0.21850824957769177	1560
cg11809915	0.21850816568445924	1560
cg18580557	0.218506571788155	1560
cg00573948	0.21850613382473477	1560
cg02603307	0.21850572151290265	1560
cg10011792	0.21850477819283187	1560
cg26101465	0.21850418229400168	1560
cg12008643	0.21850397569281077	1560
cg18437584	0.2185027647033425	1560
cg00769251	0.21850264094581223	1560
cg13719478	0.21850181957054676	1560
cg16476700	0.21850159623840457	1560
cg17760058	0.21850136731620864	1560
cg20995753	0.21850124765435724	1560
cg05636891	0.21850098509830151	1560
cg25130920	0.2184979079116957	1560
cg06783428	0.2184978725458366	1560
cg11703683	0.21849775794599605	1560
cg23404776	0.21849741673558798	1560
cg15838301	0.21849725471513962	1560
cg21340532	0.21849561327791572	1560
cg25449412	0.21849510328545343	1560
cg00083265	0.21849497618526106	1560
cg22056112	0.21849460040468494	1560
cg00816936	0.21849352800381233	1560
cg24209509	0.21849229663966543	1560
cg03310027	0.21849180654371594	1560
cg01279843	0.21849164646826322	1560
cg12659653	0.21849091587843486	1560
cg09616413	0.2184900331863337	1560
cg03384735	0.21848999837152322	1560
cg14189875	0.2184898926492833	1560
cg27004760	0.2184880452625688	1560
cg22001208	0.2184876181964887	1560
cg22807436	0.21848720205245387	1560
cg13920838	0.2184867695750916	1560
cg27044641	0.21848650049956475	1560
cg02737738	0.2184844289772582	1560
cg15012580	0.21848437337741222	1560
cg10886007	0.218483135566823	1560
cg10349919	0.21848302273130465	1560
cg27356162	0.21848242964576783	1560
cg06830441	0.21848152324410522	1560
cg14498572	0.21847961082575929	1560
cg25516853	0.2184772435884982	1560
cg24591692	0.2184770070850471	1560
cg04619437	0.21847663546055962	1560
cg25538340	0.21847634011798753	1560
cg19272144	0.2184762977005247	1560
cg27289497	0.21847476338299193	1560
cg17661112	0.21847092460461506	1560
cg06414941	0.21846939053473063	1560
cg09671371	0.21846924302684986	1560
cg00894697	0.21846831764438474	1560
cg00810529	0.21846797451024047	1560
cg21539267	0.21846766458068712	1560
cg02631587	0.21846759951123912	1560
cg20752553	0.21846746938569175	1560
cg10292403	0.21846714728691605	1560
cg09464028	0.21846701104808636	1560
cg13396661	0.21846599452385854	1560
cg08250506	0.21846577267419368	1560
cg05046771	0.2184655085706639	1560
cg22191803	0.21846505130124458	1560
cg24764834	0.21846501842288624	1560
cg01760580	0.21846494994468146	1560
cg01518942	0.21846489350893478	1560
cg07457882	0.21846332975847463	1560
cg02178081	0.21846300047252934	1560
cg14223613	0.21846273864104704	1560
cg23662947	0.21846265147971544	1560
cg14549906	0.21846244605231058	1560
cg05361818	0.21846223033674278	1560
cg07601058	0.2184620590877845	1560
cg18514573	0.21846158285246003	1560
cg10680966	0.21845989484549452	1560
cg04379469	0.21845982194713545	1560
cg01339959	0.2184596805660174	1560
cg26069049	0.21845913648166213	1560
cg17055804	0.21845843360427364	1560
cg11080032	0.21845820710738914	1560
cg04134173	0.21845811076316313	1560
cg23098168	0.21845796196286835	1560
cg19963795	0.21845714125435362	1560
cg10853830	0.21845636266549773	1560
cg21515844	0.2184560918027623	1560
cg08799632	0.21845572089557147	1560
cg18519737	0.2184545890537552	1560
cg03057146	0.2184544632328528	1560
cg23231666	0.21845403073008357	1560
cg02622209	0.2184536551745664	1560
cg14412639	0.21845226547527602	1560
cg20803849	0.21845219999663362	1560
cg18262591	0.21844915862944023	1560
cg05123067	0.2184464651867063	1560
cg21054248	0.2184462985787958	1560
cg07173149	0.21844618490526518	1560
cg23897015	0.2184459410707414	1560
cg22417032	0.21844594029905343	1560
cg02951880	0.21844571882277214	1560
cg01877524	0.2184453342863552	1560
cg22117582	0.21844418787020442	1560
cg18171715	0.2184438753350427	1560
cg19548922	0.21844339370248436	1560
cg00261325	0.2184410496858462	1560
cg16740785	0.2184397481084685	1560
cg16974513	0.21843944747280575	1560
cg02955476	0.21843916098593985	1560
cg04020138	0.2184389658806939	1560
cg00078270	0.2184378226404307	1560
cg20361267	0.21843725591915825	1560
cg02092295	0.21843672741854497	1560
cg10034481	0.21843555485619745	1560
cg21726327	0.21843466636928163	1560
cg20608892	0.21843397859129465	1560
cg18653560	0.21843319006330003	1560
cg06688293	0.21843156070830472	1560
cg22288195	0.2184315597194523	1560
cg01730834	0.21843128032437742	1560
cg19654224	0.21842500167110987	1560
cg11364888	0.2184248527418137	1560
cg06910997	0.2184248060189484	1560
cg10377644	0.21842429947994832	1560
cg06443231	0.2184242272539815	1560
cg06815887	0.21842397111191988	1560
cg22707563	0.21842366273868255	1560
cg04571418	0.21842363160370287	1560
cg24523456	0.2184223822633378	1560
cg04420752	0.218422294706602	1560
cg08067991	0.21842117636425532	1560
cg10091891	0.2184210727021326	1560
cg23064797	0.21842079530430297	1560
cg20192464	0.21842069521715152	1560
cg16533977	0.21841968094571831	1560
cg16901670	0.21841953149665477	1560
cg21643841	0.218418314394339	1560
cg23809586	0.21841752708673304	1560
cg06123187	0.21841721986292548	1560
cg06756931	0.21841668513156767	1560
cg05684907	0.2184166276004706	1560
cg00201568	0.218415543941341	1560
cg06928312	0.21841504254530975	1560
cg20649847	0.2184148112386269	1560
cg23476276	0.21841458359445928	1560
cg10755516	0.21841414449248633	1560
cg14655360	0.2184139077433563	1560
cg04953350	0.21841353807343256	1560
cg02814864	0.21841337826303497	1560
cg24042275	0.21841292204757384	1560
cg06764241	0.2184119468759528	1560
cg13283877	0.2184117437517988	1560
cg12461735	0.2184109438768602	1560
cg01971203	0.2184105285142502	1560
cg13464393	0.21841009994447996	1560
cg15727320	0.21840698785995386	1560
cg24656207	0.2184059409810139	1560
cg09326272	0.21840571747633136	1560
cg05469304	0.21840515537515853	1560
cg17158149	0.2184049602239953	1560
cg03977237	0.21840414094659397	1560
cg09716038	0.21840408452303894	1560
cg05293502	0.2184039577575997	1560
cg19806062	0.21840346023560764	1560
cg14688628	0.21840317308807625	1560
cg00140361	0.21840149304232118	1560
cg09731029	0.21840079929907627	1560
cg22626574	0.21840063394161108	1560
cg18775465	0.2184005126749424	1560
cg19275757	0.2183999248375066	1560
cg10128085	0.21839981117741447	1560
cg12165240	0.21839836850794828	1560
cg26884345	0.21839816329663203	1560
cg04595021	0.21839810881837196	1560
cg00768299	0.21839808478480421	1560
cg25087507	0.21839781797635147	1560
cg03357006	0.21839780206443474	1560
cg09620606	0.21839713097921779	1560
cg08666152	0.21839624102026098	1560
cg12539053	0.21839562382331953	1560
cg01917932	0.21839543134758702	1560
cg07795888	0.21839522994594598	1560
cg01648887	0.21839491346212833	1560
cg19561561	0.21839400177922216	1560
cg09641728	0.21839333631375557	1560
cg02279212	0.21839163273951945	1560
cg13359772	0.2183905677168178	1560
cg03435277	0.21839052600648654	1560
cg10830907	0.2183901679566696	1560
cg12986659	0.21838973415948174	1560
cg24309040	0.2183883160815608	1560
cg04539057	0.21838793413253446	1560
cg05061501	0.21838714446239327	1560
cg27636813	0.21838711559200588	1560
cg18371471	0.2183851688273622	1560
cg02067585	0.21838489764253655	1560
cg11878368	0.21838455478096216	1560
cg14362004	0.21838420434458858	1560
cg17330203	0.21838406588666842	1560
cg08894960	0.21838405804888222	1560
cg19079233	0.2183835972908698	1560
cg16527407	0.21838331366486813	1560
cg20875182	0.21838236824695056	1560
cg19901994	0.21838187161611108	1560
cg05045933	0.2183817626163717	1560
cg03146079	0.2183799170778247	1560
cg12879381	0.21837887478651666	1560
cg25440307	0.21837782163394084	1560
cg23454082	0.218377557974615	1560
cg12858900	0.21837695827246906	1560
cg09611642	0.2183747947443525	1560
cg16244747	0.2183744400401641	1560
cg24690236	0.2183738673382038	1560
cg05506453	0.21837131765217144	1560
cg00946032	0.21837037120883235	1560
cg20741134	0.218368340945025	1560
cg06842778	0.21836714267478105	1560
cg06999014	0.21836588033358467	1560
cg10011777	0.21836546394434708	1560
cg15645961	0.21836444313338055	1560
cg15727252	0.21836406120009158	1560
cg20128456	0.21836328561112134	1560
cg22987078	0.21836288367073367	1560
cg21906519	0.2183625414356779	1560
cg03480583	0.21836168885171497	1560
cg02511320	0.21836092616649627	1560
cg26673073	0.21836071111844982	1560
cg12172753	0.2183599404471426	1560
cg05669848	0.21835981854903272	1560
cg04485603	0.2183585343876494	1560
cg21896394	0.2183579068313902	1560
cg05988219	0.21835665065844542	1560
cg22837283	0.2183566120675498	1560
cg21080655	0.21835593785574883	1560
cg12221642	0.21835563972961572	1560
cg12575557	0.21835484236961505	1560
cg21315421	0.21835420799879635	1560
cg12666921	0.21835349521729616	1560
cg26682500	0.21835289129984678	1560
cg06460652	0.21835063605748004	1560
cg01161376	0.21835001733984066	1560
cg00395291	0.2183494994648893	1560
cg26456021	0.21834932421139147	1560
cg06854150	0.21834812045049354	1560
cg24718275	0.21834807432699235	1560
cg23254588	0.2183480346815565	1560
cg09663323	0.21834771942489634	1560
cg04213386	0.2183475420361365	1560
cg22889316	0.21834734590893387	1560
cg04463713	0.21834672371639968	1560
cg11933712	0.21834663037975527	1560
cg15933484	0.2183460269925654	1560
cg20765571	0.2183451018904689	1560
cg27163431	0.2183448193639064	1560
cg21871050	0.2183442588818263	1560
cg04687581	0.21834379280539828	1560
cg23200404	0.21834313800445687	1560
cg03583571	0.21834292669209107	1560
cg16993936	0.218342422517721	1560
cg23737637	0.2183423037239661	1560
cg08840017	0.2183411813378048	1560
cg19838107	0.21833856640808239	1560
cg03816592	0.21833714947073818	1560
cg27589796	0.21833714937465445	1560
cg00272484	0.21833702170497477	1560
cg24743200	0.218336812521896	1560
cg19726363	0.2183356261407988	1560
cg13929128	0.2183337806619071	1560
cg19620972	0.2183334557291048	1560
cg00400263	0.2183324692201326	1560
cg14420550	0.21833140394627337	1560
cg24983248	0.2183310969415928	1560
cg15342631	0.21833065945614424	1560
cg16923991	0.2183304189499097	1560
cg05232576	0.21832917442575922	1560
cg06832183	0.2183286403652446	1560
cg00437011	0.21832819788652247	1560
cg14903202	0.21832806636378724	1560
cg20525355	0.21832731749311912	1560
cg05573818	0.21832575140755295	1560
cg24154368	0.21832496810987306	1560
cg17624832	0.2183237981543862	1560
cg02724025	0.21832254687008087	1560
cg17843563	0.21832199719442896	1560
cg14730223	0.21832169334158616	1560
cg11676382	0.2183210978094717	1560
cg13549321	0.2183205253239252	1560
cg24954453	0.2183198586482343	1560
cg08080498	0.21831915254658113	1560
cg10342590	0.21831772047598674	1560
cg24776465	0.21831614003729902	1560
cg26282205	0.21831369293832756	1560
cg01298912	0.2183136665083297	1560
cg24737739	0.2183136548881473	1560
cg08372680	0.21831352298973797	1560
cg00747650	0.21831350024917737	1560
cg05255884	0.2183104125285761	1560
cg04130656	0.21830856950542538	1560
cg08086731	0.2183076797175863	1560
cg09939229	0.2183063152438352	1560
cg18283673	0.2183062985602237	1560
cg05507305	0.21830518125873713	1560
cg07511317	0.2183042582901248	1560
cg14649965	0.21830341968132275	1560
cg14013417	0.21830243774993774	1560
cg04966779	0.21830163890329732	1560
cg14753293	0.21830099665561273	1560
cg00095870	0.21830037203598437	1560
cg06757138	0.2182995763270215	1560
cg01964467	0.21829872715339121	1560
cg12669161	0.21829830455883892	1560
cg04355077	0.2182981830343992	1560
cg06534684	0.21829793070328682	1560
cg05324618	0.2182978678645123	1560
cg03536320	0.21829786495829	1560
cg03929077	0.21829750728236375	1560
cg01797468	0.2182970138203381	1560
cg26564606	0.21829584574875674	1560
cg09563619	0.21829583271766745	1560
cg14649720	0.21829554388095382	1560
cg16589545	0.21829443713323107	1560
cg05549419	0.2182929511711458	1560
cg27078324	0.2182914837599123	1560
cg06057715	0.2182914776509615	1560
cg26856771	0.21829122011422927	1560
cg23228451	0.21829109361649507	1560
cg10628201	0.21829098630603333	1560
cg18676764	0.21829031781239103	1560
cg20725256	0.21829002894302493	1560
cg15107554	0.21828998091308852	1560
cg23597562	0.2182886491880964	1560
cg09777256	0.21828807215287302	1560
cg03105244	0.2182876504143289	1560
cg26113951	0.2182873737990873	1560
cg04987004	0.21828656938878468	1560
cg11350520	0.21828578447502245	1560
cg05663173	0.21828542651897567	1560
cg10371037	0.21828534549419526	1560
cg15289899	0.21828483425960907	1560
cg07044391	0.2182845853599965	1560
cg13209990	0.21828369178845466	1560
cg24839868	0.2182833239541091	1560
cg17032858	0.21828193813481778	1560
cg02722618	0.21828105477262508	1560
cg14129053	0.21828100721123997	1560
cg26025691	0.2182808139154291	1560
cg13420159	0.21827902101009766	1560
cg15642772	0.21827891068632477	1560
cg23933399	0.21827868233403044	1560
cg22621897	0.21827856046977884	1560
cg14673319	0.2182763446943396	1560
cg10606835	0.21827572186426422	1560
cg10835823	0.218275432832759	1560
cg01222190	0.21827458685056658	1560
cg03130090	0.2182740886502256	1560
cg21783371	0.2182739351421025	1560
cg06862831	0.21827292940318263	1560
cg18176509	0.21827232191277582	1560
cg16161135	0.21827203841483617	1560
cg11257164	0.21827167919799118	1560
cg08934830	0.21827077743323206	1560
cg16578291	0.21826997568047687	1560
cg04148515	0.2182699456065729	1560
cg06720244	0.21826989964868657	1560
cg00433887	0.21826888648663043	1560
cg07878537	0.21826724212065493	1560
cg23565663	0.218266257392538	1560
cg03715129	0.21826534221112115	1560
cg07452728	0.2182649254178722	1560
cg21419209	0.218264342437388	1560
cg12129249	0.21826420057212753	1560
cg11380092	0.21826394002481847	1560
cg24432120	0.21826390130149598	1560
cg11181795	0.21826365460862984	1560
cg08319778	0.2182625711209316	1560
cg22828340	0.21826182910989345	1560
cg24574014	0.21826076541024572	1560
cg05511733	0.2182606633021075	1560
cg13228596	0.21826052917605226	1560
cg14785777	0.21825979653429067	1560
cg15927330	0.21825869982965673	1560
cg20029156	0.21825833555934235	1560
cg14609448	0.21825663325923672	1560
cg22416051	0.21825608616961098	1560
cg12771165	0.21825487846135913	1560
cg14808378	0.21825304455565672	1560
cg05488809	0.21825174335668884	1560
cg14949630	0.21825135990608252	1560
cg26624387	0.21825035517440577	1560
cg20464151	0.2182493931285285	1560
cg16625916	0.21824809312014012	1560
cg20548564	0.21824796200079574	1560
cg19358589	0.21824783617302643	1560
cg19814174	0.21824715451393117	1560
cg10258395	0.2182460854386963	1560
cg00842602	0.21824585690763323	1560
cg04521026	0.21824493230305897	1560
cg13677735	0.21824416561868526	1560
cg17365521	0.21824394823480997	1560
cg21087016	0.21824124392470862	1560
cg18102284	0.218241064266686	1560
cg13922757	0.21823915955052328	1560
cg14254966	0.21823904544065795	1560
cg22789945	0.21823857507446878	1560
cg05959277	0.21823826623986292	1560
cg21529778	0.2182381785988882	1560
cg13639582	0.21823602680356138	1560
cg20475884	0.21823133144351592	1560
cg04934643	0.21823024187226173	1560
cg26081985	0.21822992355698373	1560
cg24566250	0.2182290922278254	1560
cg13795336	0.21822835671533866	1560
cg24073226	0.2182268266620894	1560
cg17078656	0.21822674276738216	1560
cg12514506	0.21822546538067555	1560
cg06721998	0.21822538933457314	1560
cg12000761	0.21822496317337547	1560
cg24705708	0.21822481177965478	1560
cg20115508	0.2182246186821009	1560
cg02056918	0.21822422454712848	1560
cg08550588	0.21822338424608656	1560
cg01502208	0.21822275416949113	1560
cg05310784	0.21822168371193465	1560
cg08521263	0.21822164395373744	1560
cg01863319	0.2182206835092701	1560
cg06659904	0.21822033671911398	1560
cg14571537	0.218219744731972	1560
cg06717750	0.21821948232393337	1560
cg17988623	0.21821886791544587	1560
cg24662243	0.21821739176098118	1560
cg19143282	0.21821652433573954	1560
cg02447556	0.2182157630405286	1560
cg02863087	0.21821507206300803	1560
cg05434900	0.21821366943860976	1560
cg17828307	0.21821334675558224	1560
cg18289682	0.21821275718087005	1560
cg16309970	0.21821231680176978	1560
cg19482401	0.21821197031636586	1560
cg14166392	0.21821173161281504	1560
cg02269091	0.21821130623766818	1560
cg21961890	0.21821121274708483	1560
cg04215385	0.2182110268708768	1560
cg15861806	0.21821087294879576	1560
cg11453174	0.21821036769347002	1560
cg13381243	0.21821034933409933	1560
cg13273562	0.21820785244265753	1560
cg08096812	0.21820766194290686	1560
cg16696762	0.21820692921317855	1560
cg09372386	0.21820673810806246	1560
cg12857026	0.21820534322073687	1560
cg12924059	0.21820532590009264	1560
cg25342872	0.2182047907821877	1560
cg06650493	0.21820358718622687	1560
cg00042683	0.21820146414565073	1560
cg00128560	0.21820073770030998	1560
cg07061269	0.21820055285201334	1560
cg03840920	0.218200355505024	1560
cg10389982	0.21819982803243826	1560
cg21780717	0.21819929651331935	1560
cg27557525	0.2181991835387215	1560
cg14311485	0.21819798805763158	1560
cg11279643	0.21819644415323097	1560
cg05346688	0.21819603551116462	1560
cg23546855	0.21819535636099463	1560
cg06978461	0.21819493508750448	1560
cg05503307	0.21819349228765028	1560
cg26860507	0.21819304331508058	1560
cg19264056	0.21819289172487902	1560
cg05886125	0.21819250043698646	1560
cg18225574	0.2181923603484618	1560
cg05410624	0.21819044323190678	1560
cg18551660	0.21818978183905047	1560
cg14827528	0.2181894555926537	1560
cg06056563	0.21818910805511338	1560
cg21243198	0.21818849971634824	1560
cg00794055	0.2181878142269262	1560
cg04057106	0.2181877237753002	1560
cg16508600	0.21818635633775682	1560
cg21580746	0.21818608511225923	1560
cg06880895	0.2181854579787529	1560
cg12358759	0.21818509913734666	1560
cg20424065	0.2181842957652679	1560
cg01843459	0.21818411373032232	1560
cg20162599	0.21818225882771106	1560
cg05031034	0.21818088489923243	1560
cg05801066	0.21818085019135647	1560
cg12593873	0.21817903162352872	1560
cg06595022	0.21817864451944627	1560
cg05961802	0.2181780442737236	1560
cg19592502	0.2181779907125079	1560
cg19056833	0.21817715323884856	1560
cg21080710	0.2181771319701776	1560
cg26894839	0.21817633359838068	1560
cg01683570	0.2181760090654966	1560
cg26999715	0.21817508434340632	1560
cg24033067	0.21817506859286484	1560
cg05066722	0.2181749608167924	1560
cg26248373	0.21817493718729447	1560
cg17983814	0.21817451831166193	1560
cg24820809	0.21817362881821598	1560
cg24724109	0.218170906405104	1560
cg25160161	0.21816984098446135	1560
cg12233418	0.21816906470397088	1560
cg09945376	0.21816901728011176	1560
cg09485063	0.21816866745691632	1560
cg20167539	0.21816861026082773	1560
cg15411118	0.21816807788715054	1560
cg16590792	0.21816699015313254	1560
cg03824268	0.21816666449221775	1560
cg19438005	0.21816457502825198	1560
cg15441556	0.21816436660138783	1560
cg27381418	0.218163965665136	1560
cg10924857	0.21816356042302032	1560
cg26275858	0.21816309188753533	1560
cg22141780	0.2181612071871857	1560
cg09944697	0.21816113511886975	1560
cg04935522	0.21816111808640687	1560
cg07660543	0.21816047481582015	1560
cg21813265	0.21816018282292168	1560
cg08280159	0.21815930296213804	1560
cg09929650	0.21815819865974487	1560
cg05994150	0.21815674330197374	1560
cg04867634	0.21815660130111417	1560
cg11594887	0.21815607555881925	1560
cg19262382	0.2181545168972687	1560
cg19594923	0.21815424626611377	1560
cg01517656	0.21815313891235524	1560
cg22515648	0.2181525114126725	1560
cg12274600	0.21815239682181256	1560
cg09596025	0.21815184189180356	1560
cg18449024	0.21815085158552594	1560
cg17749946	0.21815081182551826	1560
cg17869851	0.218150687500661	1560
cg12995777	0.21815048953607888	1560
cg21404448	0.21814881961361965	1560
cg10508017	0.21814807969070366	1560
cg05420802	0.21814775655466584	1560
cg13814720	0.21814762783300767	1560
cg00639041	0.21814617311561665	1560
cg13815311	0.21814595572641846	1560
cg17257862	0.21814527049901508	1560
cg03524794	0.2181452700581762	1560
cg15706123	0.21814501691849283	1560
cg14128415	0.21814445807463634	1560
cg02419716	0.2181443818128551	1560
cg20358061	0.2181434368286233	1560
cg24590990	0.21814182660250106	1560
cg03525191	0.21814079212307105	1560
cg09449449	0.21814071199245047	1560
cg18686833	0.21814049760492132	1560
cg23432159	0.2181388409534858	1560
cg01920090	0.21813871671845786	1560
cg10553894	0.2181382924927808	1560
cg14178856	0.2181378278555087	1560
cg00751633	0.21813725367019288	1560
cg08274876	0.21813486075951008	1560
cg00777679	0.2181346052799681	1560
cg14219677	0.21813344527063103	1560
cg24861013	0.21813316114376743	1560
cg12663253	0.2181326671083327	1560
cg14250089	0.21813131064562735	1560
cg15860595	0.2181309780602306	1560
cg21351028	0.21813060311040952	1560
cg18226818	0.21813057848035847	1560
cg22782712	0.2181278378145147	1560
cg06772863	0.21812705042578348	1560
cg04686398	0.21812704433598804	1560
cg17813221	0.21812559070519014	1560
cg05638059	0.21812401272876128	1560
cg19261518	0.21812397337099182	1560
cg18042072	0.21812379192815978	1560
cg26771384	0.21812330530042612	1560
cg19374430	0.21812212842059409	1560
cg22538110	0.21812177239473654	1560
cg03396324	0.2181217151040562	1560
cg23159270	0.21812147092086698	1560
cg01698724	0.21812124116905846	1560
cg09859795	0.21812035920548073	1560
cg02791338	0.21812020956226041	1560
cg01587198	0.21811901624642702	1560
cg02760445	0.21811872954758116	1560
cg11407598	0.21811828910827596	1560
cg00119387	0.218116728793568	1560
cg24665226	0.21811665347556697	1560
cg13656866	0.21811472775208793	1560
cg27656573	0.21811462183094107	1560
cg02494584	0.2181142989170241	1560
cg07580475	0.2181141502776687	1560
cg05112987	0.21811400408146914	1560
cg02334521	0.21811394820014057	1560
cg19047404	0.21811293264590478	1560
cg13853734	0.21811215512444063	1560
cg10057841	0.21810926686074575	1560
cg03461781	0.21810807183402517	1560
cg01049884	0.21810762271584783	1560
cg12878382	0.21810496460907694	1560
cg05350802	0.21810225322745297	1560
cg20346826	0.21810087338530373	1560
cg27098620	0.21809954447768568	1560
cg20618448	0.21809937803647303	1560
cg16677058	0.2180987678803433	1560
cg01794468	0.21809841191523036	1560
cg16874494	0.2180983691965526	1560
cg08245217	0.21809627626174494	1560
cg23126129	0.2180947783892816	1560
cg25922353	0.21809476347800485	1560
cg13758724	0.21809440057356344	1560
cg07252778	0.21809288726632878	1560
cg08299781	0.21809240657370985	1560
cg19278629	0.21809232686733268	1560
cg07888040	0.21809212502235759	1560
cg01255329	0.2180913401620758	1560
cg05933224	0.21809113177843745	1560
cg13762676	0.2180906083625592	1560
cg14408938	0.21808811038334353	1560
cg06788321	0.21808647716964127	1560
cg00208024	0.2180862014624143	1560
cg13179508	0.21808573534350212	1560
cg00612515	0.2180854939607797	1560
cg27521684	0.21808516370882955	1560
cg04356090	0.21808373050203353	1560
cg20308204	0.21808349151618608	1560
cg22696358	0.21808234065864326	1560
cg26042618	0.21808197873486274	1560
cg02271490	0.21808193768877088	1560
cg22338467	0.21807997264125625	1560
cg25000764	0.21807909119662905	1560
cg14890922	0.21807862343178563	1560
cg03163982	0.21807814756078225	1560
cg15816084	0.21807802167513252	1560
cg06367140	0.21807781042406174	1560
cg20710138	0.21807708671260792	1560
cg04855494	0.2180765370177027	1560
cg01684006	0.218074051284114	1560
cg24506216	0.21807384622995132	1560
cg23513095	0.21807306960189765	1560
cg01701302	0.21807204085882342	1560
cg05774324	0.21807118288624128	1560
cg16035714	0.2180702330850436	1560
cg17533960	0.21806937827759568	1560
cg01297972	0.21806926090826376	1560
cg20697468	0.21806760449186482	1560
cg23935330	0.21806707454399793	1560
cg13994897	0.2180648160820169	1560
cg12128149	0.2180645174571949	1560
cg06715977	0.21806428349495438	1560
cg27438754	0.21806418705556077	1560
cg27496299	0.2180635058856646	1560
cg01153475	0.2180626250160334	1560
cg10261601	0.21806196700441535	1560
cg05276066	0.21806188850469727	1560
cg24827562	0.2180616352360042	1560
cg26181907	0.21806030407716864	1560
cg23509266	0.2180601466858196	1560
cg05461420	0.21805880248177895	1560
cg00391945	0.21805864545502696	1560
cg07449730	0.21805853653364596	1560
cg20746807	0.218056784437156	1560
cg06264879	0.21805657830487207	1560
cg06513818	0.21805650191218023	1560
cg01632097	0.21805599104305778	1560
cg14089032	0.2180545663270501	1560
cg15774864	0.21805452841930714	1560
cg06017234	0.21805154552115907	1560
cg04136781	0.218051347447323	1560
cg20161292	0.21805113611107996	1560
cg12324598	0.21804997421261282	1560
cg22748539	0.21804990102533797	1560
cg09731922	0.21804923410515697	1560
cg14554618	0.21804810337756994	1560
cg02468821	0.21804755569959752	1560
cg11281005	0.21804687075359228	1560
cg05398737	0.21804576689987015	1560
cg14078789	0.21804554805119847	1560
cg26491844	0.21804539102939813	1560
cg11252141	0.21804482397573555	1560
cg03066754	0.21804476276874293	1560
cg08625909	0.21804331100486318	1560
cg03214005	0.21804295220771414	1560
cg09974041	0.21804246203880437	1560
cg13042527	0.21804090464943557	1560
cg04422985	0.21804023327705424	1560
cg24138463	0.21803968978389068	1560
cg22753962	0.21803899906420865	1560
cg08026039	0.2180386648907955	1560
cg27299484	0.21803863707728788	1560
cg24840182	0.21803792127417504	1560
cg01075095	0.21803771683836243	1560
cg04120407	0.21803771234260766	1560
cg01778790	0.21803740097166707	1560
cg07845411	0.21803712632927638	1560
cg09775121	0.2180365468955248	1560
cg07070583	0.21803647684976346	1560
cg09231536	0.2180360285370662	1560
cg05159066	0.21803558847851293	1560
cg02959070	0.21803407017179313	1560
cg22313078	0.21803342053103916	1560
cg17476649	0.2180326326009768	1560
cg17470069	0.2180309900856963	1560
cg04924555	0.21803095871714875	1560
cg06163270	0.21803094357465141	1560
cg25140046	0.21803056776789445	1560
cg15334356	0.21803051297982526	1560
cg10890016	0.21802844915398434	1560
cg06969479	0.21802790313158812	1560
cg25659672	0.218026672428122	1560
cg27382860	0.21802561332709064	1560
cg20041799	0.21802540121994302	1560
cg06771363	0.21802385799106475	1560
cg12993807	0.21802365786093678	1560
cg04698199	0.21802189490631013	1560
cg02673351	0.2180215912370435	1560
cg27075898	0.21802067054693455	1560
cg02991118	0.21802040458459065	1560
cg03068838	0.21802008826201558	1560
cg09211494	0.21801991046896624	1560
cg12013757	0.21801990851200592	1560
cg24405498	0.2180194415301571	1560
cg18131870	0.21801906541924881	1560
cg08001952	0.2180189747183413	1560
cg11381754	0.2180185324922945	1560
cg02059796	0.2180180344277053	1560
cg24614420	0.2180180005349444	1560
cg06459794	0.21801778518898385	1560
cg11948469	0.21801721140725108	1560
cg05811567	0.21801612248311	1560
cg01941027	0.21801544673551712	1560
cg16633817	0.21801541222052043	1560
cg03814556	0.21801501504812915	1560
cg05193282	0.21801458566180912	1560
cg26429273	0.21801404860094134	1560
cg24000316	0.21801398161462943	1560
cg11937362	0.21801343762436384	1560
cg13662628	0.2180134034574638	1560
cg19876232	0.21801254705563186	1560
cg00584602	0.21801114164536622	1560
cg13050504	0.2180110495066016	1560
cg18484008	0.21801094241904517	1560
cg11909311	0.21801076502530745	1560
cg22998020	0.21801049756567245	1560
cg18832765	0.21800957694026943	1560
cg16497323	0.2180093184583216	1560
cg00244854	0.2180074285411641	1560
cg21293843	0.2180072078834451	1560
cg11588906	0.21800708415988318	1560
cg20558646	0.2180065031971446	1560
cg14676518	0.21800555702601354	1560
cg23397523	0.21800545372539373	1560
cg00460639	0.21800533978084577	1560
cg26247295	0.21800378565204467	1560
cg26173562	0.2180037556262692	1560
cg03547366	0.21800254238982414	1560
cg25537651	0.2180010131037654	1560
cg18447471	0.21800022586709794	1560
cg22683349	0.21799959930440369	1560
cg09800235	0.21799955562516385	1560
cg22160662	0.2179981833348249	1560
cg03530740	0.21799779815786702	1560
cg03394018	0.21799774014096496	1560
cg16053281	0.21799728070030408	1560
cg22801907	0.21799503540435192	1560
cg10339775	0.2179941672460175	1560
cg09489844	0.2179930913650644	1560
cg06475370	0.21799220486624293	1560
cg24295658	0.2179897710954367	1560
cg09136821	0.21798808976922854	1560
cg16664095	0.21798595588466624	1560
cg02985959	0.21798589255378845	1560
cg19793902	0.21798579177090413	1560
cg10676481	0.21798556216051002	1560
cg08255187	0.21798279813617435	1560
cg03564931	0.21798234774952963	1560
cg20584679	0.21798062506225765	1560
cg11130778	0.2179795665129571	1560
cg26437451	0.21797719743288352	1560
cg10325088	0.21797643985376708	1560
cg20547724	0.21797560891094425	1560
cg27380509	0.217975012598493	1560
cg00974689	0.21797495822022261	1560
cg02060039	0.2179748999472134	1560
cg05881068	0.21797428831073226	1560
cg00296378	0.21797404305716633	1560
cg21927420	0.21797329681043404	1560
cg14307304	0.21797283830248876	1560
cg19591623	0.21797272151853586	1560
cg01515741	0.21797243687092469	1560
cg02720725	0.21797240624036468	1560
cg08125202	0.21797213936684112	1560
cg00961416	0.2179714124575715	1560
cg20347648	0.2179709467503983	1560
cg23139173	0.21797055277836463	1560
cg05872026	0.21797052803113273	1560
cg00597225	0.21796955304746224	1560
cg06491573	0.2179689828777422	1560
cg26739829	0.21796895686646736	1560
cg23803874	0.217968628871188	1560
cg12352902	0.21796752073619158	1560
cg18480168	0.2179673375152395	1560
cg24489370	0.21796552437823527	1560
cg23451821	0.21796470211371638	1560
cg27302576	0.21796419666084946	1560
cg07303744	0.21796017356625685	1560
cg20682895	0.21796015510867042	1560
cg24732339	0.21795938380121005	1560
cg05030172	0.21795719687757004	1560
cg06236976	0.21795689783283345	1560
cg07735163	0.2179565229651895	1560
cg13847113	0.21795616171376367	1560
cg18055682	0.21795612388201166	1560
cg00800365	0.21795593041667832	1560
cg20613402	0.2179547123241687	1560
cg03450966	0.21795457643285746	1560
cg17310428	0.21795421082605257	1560
cg15984997	0.21795382314733502	1560
cg04203950	0.21795311228741443	1560
cg09412782	0.21795076960584014	1560
cg27551618	0.2179499189676752	1560
cg08003810	0.21794961459094114	1560
cg02626269	0.21794900447890095	1560
cg04078658	0.2179489267932379	1560
cg22913585	0.21794855137292665	1560
cg15072646	0.2179474862777941	1560
cg05825928	0.21794740735348064	1560
cg01417133	0.2179469824884729	1560
cg04334751	0.21794661595553175	1560
cg19801560	0.21794632642174902	1560
cg26067647	0.21794540581511276	1560
cg04135635	0.2179448025878602	1560
cg02130555	0.21794411582786213	1560
cg20397237	0.21794369207473097	1560
cg24718526	0.2179430020381336	1560
cg15030074	0.2179424523516672	1560
cg01000248	0.21794144200136822	1560
cg04488174	0.21794068468031969	1560
cg08083901	0.2179384530088036	1560
cg07084288	0.21793789838262634	1560
cg04045327	0.21793783901074013	1560
cg19484481	0.2179377639674684	1560
cg01099252	0.21793701837117244	1560
cg26916764	0.21793631555159879	1560
cg22106810	0.21793390429540768	1560
cg11414263	0.21793189142061073	1560
cg14043049	0.21793047986815456	1560
cg22875502	0.21792967659069612	1560
cg22260982	0.21792953112988886	1560
cg04753872	0.21792582536041497	1560
cg05865451	0.21792359413329482	1560
cg10765304	0.21792318561711455	1560
cg12559939	0.21792245836869886	1560
cg08166513	0.21792207721142187	1560
cg07939207	0.21792204353093483	1560
cg19656686	0.21792183755858308	1560
cg05842762	0.21792005110282153	1560
cg19900387	0.21791858990077628	1560
cg18529569	0.21791849246421757	1560
cg23123148	0.2179183927696132	1560
cg03431155	0.2179169709523451	1560
cg23480676	0.21791685577339764	1560
cg04029991	0.2179157456958335	1560
cg25964067	0.2179145994172088	1560
cg03400811	0.21791454830256476	1560
cg07242710	0.21791293953815574	1560
cg13244000	0.21790862522544338	1560
cg14403594	0.21790857886656892	1560
cg00822187	0.21790799077195908	1560
cg03781123	0.21790793461441899	1560
cg20714715	0.2179073321285003	1560
cg11685186	0.21790720142724382	1560
cg05898629	0.21790697465122194	1560
cg02478828	0.21790679845694516	1560
cg09678349	0.2179049413772156	1560
cg13449356	0.21790422159131728	1560
cg03197505	0.2179035520548642	1560
cg03572133	0.21790180954863955	1560
cg07431884	0.21790170398420147	1560
cg24701157	0.21790022950824134	1560
cg03012642	0.21789993157902401	1560
cg05330678	0.21789896737270706	1560
cg20268930	0.21789892528308547	1560
cg01535777	0.2178989128885766	1560
cg15781397	0.2178980236288362	1560
cg25932713	0.21789746136361468	1560
cg06702216	0.2178949598240577	1560
cg06287371	0.21789342830757338	1560
cg07742235	0.21789321309756024	1560
cg04458219	0.2178929447987463	1560
cg22373225	0.2178921685321783	1560
cg25379390	0.21789045736876747	1560
cg07476798	0.21788989370970577	1560
cg12405788	0.21788953696737612	1560
cg09632858	0.21788917373600078	1560
cg20974424	0.2178873860048294	1560
cg04344516	0.2178870557164284	1560
cg00050224	0.2178865933782473	1560
cg00441079	0.2178855568219505	1560
cg15088257	0.21788446337785577	1560
cg16818145	0.21788390474421496	1560
cg26986731	0.21788382921387917	1560
cg12396132	0.21788354875766136	1560
cg22822893	0.2178831508758806	1560
cg00798601	0.21788232953670159	1560
cg02135464	0.21788225577595197	1560
cg08503964	0.2178817410709444	1560
cg17325094	0.21788122434929805	1560
cg01398181	0.2178811903774802	1560
cg07896099	0.21788087352088037	1560
cg00640315	0.21788058353709636	1560
cg02522498	0.21788034134765413	1560
cg23201206	0.21787955751618895	1560
cg05188488	0.2178788022283624	1560
cg21131493	0.21787789215920017	1560
cg16061301	0.21787738396730044	1560
cg10369116	0.2178767580055953	1560
cg23137934	0.21787651905929223	1560
cg03784302	0.21787576664458874	1560
cg00450571	0.21787547223337042	1560
cg16890121	0.21787460367698003	1560
cg27449007	0.21787350414389095	1560
cg00994307	0.21787304499186452	1560
cg12095186	0.21787302610539896	1560
cg27278084	0.21787199468543017	1560
cg14702215	0.2178710661223685	1560
cg27396578	0.2178706106558263	1560
cg22831425	0.21787042129971196	1560
cg27513213	0.2178694549054684	1560
cg09344629	0.21786915949502678	1560
cg15385345	0.21786677726843354	1560
cg21541753	0.2178664279715699	1560
cg02136460	0.21786642208638876	1560
cg23755720	0.21786617200694405	1560
cg11720778	0.21786571550412043	1560
cg01074001	0.21786553088032368	1560
cg14113003	0.2178651954131641	1560
cg06497591	0.21786467364850426	1560
cg15822010	0.21786409069334228	1560
cg22826803	0.21786306496253893	1560
cg26456257	0.21786278099608233	1560
cg20247781	0.2178614484173633	1560
cg22398710	0.2178612101977666	1560
cg16384073	0.21785902005313013	1560
cg13868050	0.2178559385710993	1560
cg07200623	0.2178547124156682	1560
cg20578329	0.21785396150594769	1560
cg19900515	0.21785320397478336	1560
cg07202092	0.21785296279528393	1560
cg01603549	0.21785141041053457	1560
cg04709676	0.2178508911480201	1560
cg27056555	0.21785066742034997	1560
cg25125317	0.21784848760612935	1560
cg20335168	0.21784804411218425	1560
cg24438334	0.21784787277190287	1560
cg21484964	0.21784769137635548	1560
cg17565094	0.21784600619785474	1560
cg07403317	0.21784588982228506	1560
cg05769535	0.21784567633535723	1560
cg09336043	0.21784525581900924	1560
cg26636835	0.21784477228964721	1560
cg17582336	0.2178446257472138	1560
cg20193839	0.21784439710819195	1560
cg00816544	0.21784164122058955	1560
cg02163215	0.21784136131302875	1560
cg13593875	0.21783987928487092	1560
cg00802617	0.2178392245316342	1560
cg11583751	0.21783754219821183	1560
cg11775634	0.21783714724922112	1560
cg14476737	0.21783711262785013	1560
cg01099411	0.21783691073666456	1560
cg10629806	0.21783597106914088	1560
cg07365147	0.21783524785567324	1560
cg01173358	0.21783305493711805	1560
cg07618101	0.21783235211763757	1560
cg12452019	0.21783055460406608	1560
cg05227721	0.21783028738525825	1560
cg14864519	0.21782976205475704	1560
cg15557906	0.21782897333194878	1560
cg25129985	0.21782776113892727	1560
cg02149083	0.2178262571057484	1560
cg20703375	0.21782536321435544	1560
cg09779392	0.21782405958731238	1560
cg07553678	0.21782320116098497	1560
cg07497190	0.21782298421724808	1560
cg02301754	0.21782131381082326	1560
cg25773447	0.21782058827141088	1560
cg17081048	0.21782044965210864	1560
cg22909042	0.21781950739721007	1560
cg01453890	0.21781863611720212	1560
cg22722454	0.2178172374541402	1560
cg13532456	0.2178171662556617	1560
cg08649608	0.21781657813391866	1560
cg08373023	0.2178159663875462	1560
cg18124134	0.21781575785960614	1560
cg07034497	0.2178153635952548	1560
cg12073907	0.21781501280471122	1560
cg27047424	0.217813934625257	1560
cg00883166	0.21781192481062459	1560
cg26338703	0.2178113701970597	1560
cg09549949	0.21781025206206472	1560
cg21736202	0.2178095221262541	1560
cg00140335	0.21780905085622157	1560
cg27206965	0.2178078760812604	1560
cg22389853	0.21780357579684403	1560
cg27586885	0.21780349832010285	1560
cg10959058	0.21780267946350274	1560
cg03824868	0.21780235819880414	1560
cg21889519	0.21780098870103398	1560
cg06993420	0.21779968920981024	1560
cg20243285	0.21779957378812648	1560
cg08800497	0.21779748092329282	1560
cg16507631	0.21779633081020125	1560
cg09313740	0.2177963296779775	1560
cg15748271	0.21779621468874855	1560
cg03475843	0.21779594759505122	1560
cg21659014	0.217795832060617	1560
cg08939942	0.21779526669320784	1560
cg07791076	0.21779512305897217	1560
cg07827304	0.21779470076758858	1560
cg21341008	0.2177945273481715	1560
cg13212963	0.2177942850913227	1560
cg18253787	0.21779387075884887	1560
cg09203199	0.21779334873709774	1560
cg27083344	0.21779256941842923	1560
cg06256826	0.2177925055692432	1560
cg09246924	0.21779242008491032	1560
cg23102483	0.21779223909503437	1560
cg07542558	0.21779135588193912	1560
cg09935596	0.21779129756798002	1560
cg16397722	0.21779091814344168	1560
cg12616683	0.2177904948784676	1560
cg02525926	0.21778962384821798	1560
cg00302030	0.21778894309388702	1560
cg19441170	0.2177889375638174	1560
cg11832544	0.21778876910355677	1560
cg13151811	0.21778842157423667	1560
cg05895868	0.2177883411292803	1560
cg08641003	0.2177868736431666	1560
cg13172367	0.2177868285861631	1560
cg26588685	0.2177855924856928	1560
cg02383651	0.2177849668256684	1560
cg01006034	0.21778472829275222	1560
cg21560157	0.21778469230158357	1560
cg05690069	0.21778427013506665	1560
cg20898078	0.21778323024512936	1560
cg15655655	0.21778303793836798	1560
cg12747007	0.21778106495189262	1560
cg17292669	0.21777946849373886	1560
cg05701415	0.2177790071777891	1560
cg03886017	0.21777829041700753	1560
cg20972553	0.21777815337981982	1560
cg05598954	0.2177780455362479	1560
cg21480464	0.2177764530917482	1560
cg19693869	0.21777598710260182	1560
cg18334848	0.2177756934459093	1560
cg09975683	0.2177738314839264	1560
cg08492720	0.21777373372571007	1560
cg02973734	0.21777320407823755	1560
cg20410537	0.21777239341634094	1560
cg19227382	0.21777222347442457	1560
cg27005190	0.2177721680623879	1560
cg01559561	0.21777109785510934	1560
cg02128572	0.2177688816864754	1560
cg16518708	0.217768375729659	1560
cg03948048	0.2177682935436419	1560
cg20281678	0.21776816350662875	1560
cg13132147	0.21776796534270929	1560
cg13209892	0.217766592212842	1560
cg25007393	0.21776639161811254	1560
cg10581206	0.21776531855280026	1560
cg04040991	0.21776396840802004	1560
cg21627218	0.21776393598206328	1560
cg27611810	0.2177629186533058	1560
cg09023604	0.21776274167588397	1560
cg14982575	0.21776266030886873	1560
cg19520879	0.2177612828558099	1560
cg04217539	0.21775982644125935	1560
cg15951061	0.21775966203782962	1560
cg06782041	0.21775853659612923	1560
cg03105756	0.21775552917141436	1560
cg27625562	0.21775441043638732	1560
cg15241633	0.21775399920780783	1560
cg18137036	0.21775201642202507	1560
cg00039070	0.21774988207838195	1560
cg21663668	0.21774937875208436	1560
cg13397345	0.21774656205900333	1560
cg26472973	0.2177463375706075	1560
cg11347730	0.21774583976826328	1560
cg18686866	0.21774531003824307	1560
cg13367148	0.2177447977452448	1560
cg01612220	0.2177442290347761	1560
cg16760843	0.21774417987527825	1560
cg19476058	0.21774361113395496	1560
cg15946904	0.21774302221900224	1560
cg08389350	0.21774234122294844	1560
cg12183052	0.2177419000271543	1560
cg19279080	0.2177413028785764	1560
cg11075570	0.2177398112919169	1560
cg13469320	0.21773966768015787	1560
cg21846970	0.21773930271500377	1560
cg02643589	0.21773915359303195	1560
cg02461739	0.21773879705371857	1560
cg25888621	0.2177387162638961	1560
cg19729803	0.21773810931815843	1560
cg09985481	0.2177379131866627	1560
cg25689460	0.21773718517452784	1560
cg16625827	0.2177360231367627	1560
cg05197660	0.21773553624677716	1560
cg17542594	0.21773488286428444	1560
cg03466735	0.21773367357270995	1560
cg05941924	0.21773284671757534	1560
cg09214456	0.21773269770530498	1560
cg08414528	0.21773183513226077	1560
cg19777318	0.2177306245163015	1560
cg07772537	0.21772940632432625	1560
cg24172167	0.21772800022736769	1560
cg19402876	0.21772763451520755	1560
cg21899743	0.217727610967987	1560
cg14876338	0.21772730353389388	1560
cg24097241	0.2177270959733787	1560
cg16495581	0.21772667137536392	1560
cg08929467	0.21772533674281438	1560
cg24107338	0.2177235860553455	1560
cg10324701	0.2177234308887749	1560
cg15475971	0.21772317279359557	1560
cg17157893	0.21772215358531177	1560
cg20277282	0.2177217077058453	1560
cg10842339	0.21771973926205584	1560
cg23153809	0.21771869713904818	1560
cg20147400	0.21771813371711946	1560
cg23932332	0.21771811984038963	1560
cg09221382	0.2177180774259992	1560
cg05491478	0.2177178599637717	1560
cg12648336	0.21771721417023462	1560
cg13196578	0.2177171286276303	1560
cg26574621	0.21771673322560176	1560
cg13814761	0.21771643474706093	1560
cg17282027	0.2177149808169183	1560
cg05877222	0.21771462106125206	1560
cg12083024	0.2177142060042295	1560
cg02250553	0.21771362433073707	1560
cg25013095	0.21771291471202506	1560
cg02618968	0.21771191942630883	1560
cg09022921	0.2177108568506611	1560
cg01797160	0.2177107582322179	1560
cg22711308	0.21771046634608582	1560
cg04224851	0.21771011988933	1560
cg13563519	0.21770971523501062	1560
cg16323231	0.21770779006828062	1560
cg19863037	0.2177069570377389	1560
cg17744368	0.21770658620709804	1560
cg11475305	0.21770625662043225	1560
cg04134394	0.21770506207344392	1560
cg18671784	0.21770395613641896	1560
cg22839223	0.21770370922731544	1560
cg25292277	0.21770364306057333	1560
cg14588448	0.21770253520938207	1560
cg10522037	0.21770184611217921	1560
cg15177055	0.21770157047312452	1560
cg07650890	0.21770124857340695	1560
cg14178214	0.21770001940890196	1560
cg18918090	0.2176997230497218	1560
cg01702246	0.21769938562096924	1560
cg13767494	0.21769914938925417	1560
cg10333416	0.2176988724601826	1560
cg27627662	0.2176979283730344	1560
cg07264416	0.21769675732158095	1560
cg05125875	0.2176966991196459	1560
cg06565184	0.21769592024869502	1560
cg03903268	0.21769487010781294	1560
cg03745555	0.2176946476889202	1560
cg17106450	0.21769401505501818	1560
cg01802152	0.21769316854589008	1560
cg13080172	0.2176912508956556	1560
cg24268035	0.21769012333630877	1560
cg03336832	0.21768833295095538	1560
cg14683520	0.21768826462849752	1560
cg11920243	0.21768742059208004	1560
cg09508432	0.21768708871989656	1560
cg23225637	0.2176868913147384	1560
cg25555505	0.21768590851829603	1560
cg02628002	0.21768473035532349	1560
cg19793807	0.217684207273656	1560
cg15586632	0.2176803366605272	1560
cg03727433	0.2176799186938555	1560
cg04552799	0.2176786204862179	1560
cg02098156	0.21767851140097746	1560
cg11673833	0.2176780703351178	1560
cg05631486	0.21767482015728684	1560
cg24577389	0.2176744201723389	1560
cg10448725	0.2176731253673637	1560
cg09873282	0.21767155683167325	1560
cg00271964	0.2176714629400546	1560
cg06549802	0.21767111309898943	1560
cg14023762	0.21767092790039985	1560
cg25393595	0.2176702206273801	1560
cg06290827	0.217669252357104	1560
cg20728026	0.21766813575084867	1560
cg10145725	0.21766807515150144	1560
cg22466209	0.21766792475573626	1560
cg26936171	0.21766783777833154	1560
cg05345888	0.21766533454140688	1560
cg19287121	0.21766445961130992	1560
cg02069008	0.21766410846139597	1560
cg04364251	0.2176620695856267	1560
cg06126060	0.21765992469434742	1560
cg05777400	0.21765907706239748	1560
cg07881470	0.2176554142208329	1560
cg18234543	0.21765386204079062	1560
cg12608703	0.21765373642266467	1560
cg07009584	0.21765021102692636	1560
cg12487914	0.21764872467934265	1560
cg24749860	0.21764790818373983	1560
cg10875601	0.2176474382723351	1560
cg26442210	0.21764594869370144	1560
cg12657380	0.21764571117486964	1560
cg27629735	0.21764565491549434	1560
cg23537820	0.2176453714856659	1560
cg01869761	0.21764487691392012	1560
cg24650394	0.21764414315148398	1560
cg22542229	0.21764358870704348	1560
cg18286862	0.21764316892224111	1560
cg16990083	0.21764250844218014	1560
cg10507281	0.21764175774931036	1560
cg20637405	0.21764152772991768	1560
cg12694142	0.21764146833645232	1560
cg04819538	0.21764128144773612	1560
cg15097336	0.21764045016011138	1560
cg18433229	0.21764025976728027	1560
cg26400325	0.21763998034857088	1560
cg17547420	0.21763945244306565	1560
cg16767886	0.2176391077449751	1560
cg03154774	0.21763800924339285	1560
cg05124242	0.21763689096677413	1560
cg25135706	0.21763591157912496	1560
cg22280406	0.2176336505102528	1560
cg04086394	0.2176327845187546	1560
cg14478036	0.2176316830841546	1560
cg20029967	0.2176313105734644	1560
cg16282242	0.21763080244786304	1560
cg14173400	0.2176302341396146	1560
cg00474840	0.21762869705047086	1560
cg19544031	0.21762830139322745	1560
cg13285433	0.2176282773610643	1560
cg21757740	0.21762805834674018	1560
cg01925469	0.2176274562131136	1560
cg23573510	0.21762453523077827	1560
cg13457217	0.21762332333938972	1560
cg18082240	0.217623288596889	1560
cg17037406	0.21762304333310123	1560
cg03218837	0.2176225451369669	1560
cg10869401	0.2176223597182172	1560
cg18183817	0.21762207135030784	1560
cg03178857	0.2176219964284042	1560
cg21310173	0.21762110625838982	1560
cg02613917	0.2176209559077946	1560
cg20642712	0.217617410630733	1560
cg02467537	0.21761700365223474	1560
cg09616580	0.217616794357972	1560
cg07272929	0.21761607174476527	1560
cg06558372	0.217615930997827	1560
cg03123424	0.21761565716882925	1560
cg25387309	0.21761231777367065	1560
cg18581669	0.21761230416555824	1560
cg20801998	0.21761193396879713	1560
cg04148467	0.2176117509214735	1560
cg11966886	0.21761118205666757	1560
cg21459532	0.21760960868538454	1560
cg02528953	0.2176084617861833	1560
cg12055459	0.21760821982134088	1560
cg13747137	0.21760813979489455	1560
cg03292473	0.21760759719224854	1560
cg24437634	0.21760740583621263	1560
cg01933329	0.21760671120610442	1560
cg17209471	0.2176038908928177	1560
cg05275153	0.21760256475609177	1560
cg24139931	0.2176015022448366	1560
cg06623962	0.21760048996720166	1560
cg21474288	0.2175995247609183	1560
cg02017634	0.217599399967586	1560
cg27060386	0.2175971136660611	1560
cg13323828	0.21759675599734865	1560
cg00463460	0.21759557501519716	1560
cg02795976	0.21759388771811303	1560
cg09037532	0.21759291884280219	1560
cg23490407	0.2175924520259269	1560
cg19277292	0.21759217788094215	1560
cg25983854	0.21759091879280604	1560
cg11614198	0.2175899576240564	1560
cg23421509	0.2175897443933715	1560
cg13364146	0.21758946006108054	1560
cg01287850	0.21758796597323715	1560
cg24330746	0.21758697039452687	1560
cg18679732	0.21758696032463726	1560
cg02239565	0.21758669660404797	1560
cg27560182	0.21758539906446225	1560
cg18989919	0.2175851926993306	1560
cg25072359	0.21758487381718505	1560
cg24995008	0.21758436790933977	1560
cg04523731	0.21758406804375166	1560
cg26833798	0.21758344717358513	1560
cg25651627	0.21758229158894052	1560
cg07180188	0.21758189461373675	1560
cg01756374	0.21758171969889825	1560
cg01991150	0.21758171342391505	1560
cg03680528	0.2175816757426447	1560
cg13131339	0.21758138368977767	1560
cg17091359	0.2175802849360021	1560
cg00746783	0.217578591707057	1560
cg25819219	0.21757797108241952	1560
cg19922774	0.21757762370472764	1560
cg23961141	0.21757718657004077	1560
cg02854064	0.2175767944878888	1560
cg17373617	0.21757604090711963	1560
cg14016031	0.21757583505546813	1560
cg05279149	0.21757568615673778	1560
cg18184748	0.21757503831473876	1560
cg21222559	0.2175740349896514	1560
cg04986643	0.21757305783657774	1560
cg16754082	0.21757286918504168	1560
cg13473280	0.2175725560613393	1560
cg00489988	0.21757216382367736	1560
cg07591090	0.21757190228830633	1560
cg15724159	0.21757072439280098	1560
cg14498291	0.2175706710886291	1560
cg04257064	0.21757020795082446	1560
cg25934268	0.2175697224098959	1560
cg10944799	0.21756816085081898	1560
cg15701254	0.21756789069170823	1560
cg26465317	0.21756724639208896	1560
cg18163543	0.21756665848793294	1560
cg18149119	0.21756565046824475	1560
cg09762612	0.217564273735539	1560
cg08043408	0.21756286042493123	1560
cg24371848	0.2175608331316853	1560
cg03484438	0.21756070083186763	1560
cg23637151	0.21756037752868454	1560
cg25982969	0.2175596065098754	1560
cg24401302	0.21755942132140588	1560
cg10337422	0.21755929553572786	1560
cg23273257	0.2175590237646236	1560
cg22598241	0.21755884922504565	1560
cg27108154	0.21755834857440337	1560
cg06323155	0.2175576446854326	1560
cg15823423	0.21755600545442896	1560
cg09405231	0.2175557989470226	1560
cg19673705	0.21755398566209258	1560
cg14824536	0.2175538781511199	1560
cg12470014	0.217553475553727	1560
cg12213209	0.2175534712567806	1560
cg01091156	0.21755334252936528	1560
cg18039933	0.2175531686019191	1560
cg19342637	0.2175522867800857	1560
cg18935396	0.21755204521969823	1560
cg17211218	0.21755076148786193	1560
cg06527136	0.21755005879144595	1560
cg14473297	0.21754936813125478	1560
cg03832227	0.21754899379253545	1560
cg21420186	0.21754862793966281	1560
cg23251042	0.2175474558597249	1560
cg26790325	0.21754673898813207	1560
cg26970242	0.21754558124290674	1560
cg02976929	0.21754490642130536	1560
cg20887390	0.2175444066215149	1560
cg11132244	0.2175430776804904	1560
cg25986496	0.2175418976733733	1560
cg05261599	0.21754071701745994	1560
cg21684470	0.21753982283785242	1560
cg03833378	0.2175394516986584	1560
cg02248565	0.21753901698172406	1560
cg25388939	0.21753886743333903	1560
cg22590424	0.21753851660318815	1560
cg24710146	0.21753834812411335	1560
cg19168676	0.21753826785097152	1560
cg03401577	0.21753770344689796	1560
cg19872537	0.2175375544190538	1560
cg07543055	0.21753751222726547	1560
cg13191127	0.2175374546551621	1560
cg10759957	0.21753738636106804	1560
cg24765649	0.21753669766266384	1560
cg10188668	0.21753640294863247	1560
cg13435189	0.21753476313444256	1560
cg02121892	0.21753434010931982	1560
cg20215148	0.21753407486889664	1560
cg11179184	0.21753360469534921	1560
cg08728613	0.217532881684634	1560
cg09392046	0.21753077972145746	1560
cg19331397	0.2175300580614575	1560
cg13583705	0.21752933355661663	1560
cg12174390	0.21752890927167265	1560
cg27004801	0.2175288115225146	1560
cg13313833	0.21752836006195053	1560
cg19447984	0.2175277161939703	1560
cg19322825	0.21752634018775616	1560
cg18943286	0.21752630822440427	1560
cg07758667	0.2175242936371334	1560
cg12992671	0.21752164314882771	1560
cg25995995	0.21752067826558513	1560
cg00604193	0.2175203528462489	1560
cg09828504	0.21751993998650518	1560
cg12424762	0.21751727127592133	1560
cg16495743	0.21751722701469145	1560
cg18142730	0.21751712239570398	1560
cg19896590	0.2175160149316736	1560
cg05246403	0.2175136205685696	1560
cg01957786	0.21751343035020765	1560
cg15783822	0.21751309530734123	1560
cg24154625	0.21751306695794284	1560
cg20944548	0.21751263095659598	1560
cg17805291	0.2175116538971555	1560
cg08590186	0.2175114015616091	1560
cg03414471	0.2175113463745217	1560
cg23195853	0.2175096624145391	1560
cg00587628	0.2175096074439393	1560
cg17341113	0.21750918893173599	1560
cg04270867	0.21750809651024158	1560
cg18323710	0.2175078501621607	1560
cg19005842	0.21750621969509296	1560
cg22521640	0.2175061456752279	1560
cg22838354	0.21750570593363852	1560
cg19534769	0.21750464840453956	1560
cg21948027	0.2175019396891052	1560
cg18684060	0.21750152756367613	1560
cg20859099	0.21750075712296216	1560
cg02642299	0.21749718770759782	1560
cg04451564	0.21749646980114654	1560
cg22641430	0.21749625076884538	1560
cg04465120	0.21749589672116396	1560
cg25619549	0.21749578285449395	1560
cg08498138	0.21749527117633513	1560
cg25152312	0.2174940759052078	1560
cg26407029	0.21749372154261687	1560
cg02700161	0.21749362152131374	1560
cg07225010	0.21749343062792956	1560
cg09176901	0.2174925325413866	1560
cg25768250	0.21749162732060764	1560
cg22298236	0.2174913660973575	1560
cg11834440	0.21749091237024343	1560
cg02216879	0.21749077096923045	1560
cg01924223	0.2174896756399324	1560
cg18867912	0.2174894266266004	1560
cg11337053	0.21748860150019775	1560
cg13320014	0.2174883309591976	1560
cg25934673	0.21748627140241455	1560
cg18877879	0.2174855786174497	1560
cg21225501	0.21748526798828738	1560
cg10024508	0.2174850860494786	1560
cg20972216	0.21748488398904603	1560
cg24306648	0.217483094237093	1560
cg18202014	0.2174822636044564	1560
cg08248176	0.21748142119865757	1560
cg06870531	0.21748080319964452	1560
cg01413249	0.2174800312902096	1560
cg23952975	0.21747911965955302	1560
cg14019348	0.2174783380901107	1560
cg02817925	0.21747780933377586	1560
cg03823983	0.217476677770842	1560
cg14031846	0.21747405545222262	1560
cg21244955	0.21747336129194925	1560
cg18692056	0.21747332622290644	1560
cg06188160	0.21747291939189986	1560
cg05959994	0.21747289421523422	1560
cg06132455	0.21747286338819669	1560
cg07897659	0.21747285776986527	1560
cg16047828	0.21747277447456256	1560
cg19035993	0.2174702134883563	1560
cg19693403	0.2174699534120678	1560
cg23952828	0.21746935514102755	1560
cg13000285	0.2174691753494075	1560
cg05503991	0.21746846645603224	1560
cg21144374	0.21746747585395196	1560
cg25022327	0.21746742270735314	1560
cg19324978	0.21746734883418106	1560
cg10932086	0.21746713265403236	1560
cg13216372	0.21746646371597286	1560
cg04793164	0.21746596590863368	1560
cg01797979	0.21746505516898124	1560
cg02803925	0.2174644971570486	1560
cg05797821	0.2174643583442645	1560
cg27550640	0.21746356955988316	1560
cg01206728	0.21746353263411605	1560
cg03953874	0.21746270743562085	1560
cg14235685	0.217461831577532	1560
cg24227590	0.21746059003661647	1560
cg23103675	0.21745986942708953	1560
cg08791953	0.2174597438984174	1560
cg26889343	0.21745870341279594	1560
cg01973833	0.21745785515818444	1560
cg09554099	0.21745778507447802	1560
cg17858500	0.21745727301097192	1560
cg09806485	0.21745664993791136	1560
cg18280558	0.2174560725768782	1560
cg19586116	0.21745601140771015	1560
cg15997020	0.21745579631814319	1560
cg21500469	0.21745553976165458	1560
cg12081359	0.21745386790307328	1560
cg03236534	0.2174537197425145	1560
cg07033643	0.21745235069097976	1560
cg13407601	0.2174508315712054	1560
cg13972117	0.21745024163276255	1560
cg07560408	0.2174497334633839	1560
cg17273285	0.2174496354097074	1560
cg00065569	0.21744870181537906	1560
cg00387982	0.21744727800183933	1560
cg10152624	0.21744539895994877	1560
cg24844295	0.21744398728463982	1560
cg00400743	0.2174438176453871	1560
cg05052384	0.21744331857457705	1560
cg02884588	0.21744320107053744	1560
cg08118412	0.2174425649395367	1560
cg04142249	0.2174421482016498	1560
cg21348586	0.21744103628832645	1560
cg17672262	0.21744046855477006	1560
cg14560240	0.21743995416070708	1560
cg16767737	0.21743896021065418	1560
cg04142017	0.21743826791026002	1560
cg26099407	0.21743822308986052	1560
cg03398910	0.21743756485004362	1560
cg04564245	0.21743738626444023	1560
cg11314211	0.2174371349149231	1560
cg25371449	0.2174360613009438	1560
cg15810304	0.21743462756959342	1560
cg14592284	0.21743451119878734	1560
cg08289323	0.21743448784244634	1560
cg19109740	0.21743430435997746	1560
cg22071372	0.21743404104686193	1560
cg05122910	0.21743374331632234	1560
cg12164713	0.2174334818792388	1560
cg12661964	0.2174324765903183	1560
cg19193147	0.21743221975697846	1560
cg06074534	0.21743194321278267	1560
cg17271658	0.21743175717493976	1560
cg14121234	0.21743132788695752	1560
cg12850990	0.21743093938201805	1560
cg19804525	0.21743024307493466	1560
cg10600644	0.2174288613704472	1560
cg22655154	0.217427584495255	1560
cg23481279	0.21742691132272535	1560
cg18703243	0.21742643783104992	1560
cg14040532	0.2174249820674806	1560
cg24845207	0.21742439500033559	1560
cg24372629	0.21742285339807718	1560
cg00487456	0.2174214679822531	1560
cg16708264	0.21742092658748996	1560
cg08402381	0.21742041719820965	1560
cg11124677	0.21741861150028735	1560
cg03401662	0.21741792883715555	1560
cg17002316	0.21741748706061617	1560
cg00028677	0.217414785891552	1560
cg22301154	0.21741469136833172	1560
cg22918949	0.21741427556813436	1560
cg08556938	0.2174122524632646	1560
cg27614280	0.21741076185416244	1560
cg06866996	0.2174105538233282	1560
cg04283000	0.21741027052779796	1560
cg02302082	0.2174101856521752	1560
cg18502306	0.21740976885834976	1560
cg16334849	0.21740957551522622	1560
cg01353538	0.21740652341639327	1560
cg13402624	0.21740548302523616	1560
cg04635783	0.21740488186315446	1560
cg21672855	0.2174043287192301	1560
cg12892107	0.21740351421533202	1560
cg20712178	0.2174034672797394	1560
cg12061285	0.2174010138717047	1560
cg11410032	0.21740055109329848	1560
cg09279803	0.21740009124507437	1560
cg03854598	0.21739928952106816	1560
cg03140190	0.21739838507492534	1560
cg25624478	0.2173976030293936	1560
cg07608474	0.217397565614253	1560
cg15591578	0.21739745525608997	1560
cg24632920	0.21739687085524634	1560
cg08034389	0.2173964496091414	1560
cg21726593	0.21739627155350205	1560
cg26961622	0.21739576538917202	1560
cg09729924	0.21739394895374373	1560
cg14312594	0.21739253121090282	1560
cg06746318	0.2173918980721136	1560
cg21169779	0.21739100282284773	1560
cg04574834	0.21739087869320034	1560
cg05510241	0.21739073027796407	1560
cg05963211	0.21738943465310756	1560
cg03533386	0.21738909658072594	1560
cg00780909	0.21738905849213463	1560
cg19245612	0.21738901433149888	1560
cg21962611	0.21738881889082928	1560
cg24162330	0.21738751073882756	1560
cg26156179	0.2173874597200754	1560
cg10674611	0.21738547699479982	1560
cg15804231	0.21738480411263647	1560
cg01525669	0.21738461345315405	1560
cg15854703	0.21738377063169986	1560
cg26982271	0.21738355482054184	1560
cg04380561	0.21738353320752846	1560
cg03117053	0.21738321006451936	1560
cg09992998	0.21738302012373908	1560
cg23120976	0.21738274276476569	1560
cg05678789	0.21738121422210263	1560
cg14664094	0.21738058455314885	1560
cg07810204	0.21738014418542895	1560
cg00109062	0.21737931397903895	1560
cg10098370	0.21737851395091554	1560
cg05331791	0.2173784517270476	1560
cg09057954	0.2173771533900579	1560
cg26561082	0.21737704607467034	1560
cg05713912	0.2173759565959261	1560
cg02338487	0.21737392812942372	1560
cg05164350	0.2173737105354694	1560
cg24687253	0.21737368063902915	1560
cg10145660	0.21737355800672642	1560
cg13984169	0.21737028087981838	1560
cg14305383	0.21737007146384765	1560
cg03501454	0.21736888879754024	1560
cg00629144	0.21736849805867844	1560
cg16222840	0.2173681098563369	1560
cg06282829	0.2173678179954502	1560
cg07618928	0.21736736569353807	1560
cg15847604	0.21736724924657247	1560
cg00684116	0.21736567399594403	1560
cg01259362	0.21736462327562558	1560
cg20906767	0.21736411237261255	1560
cg01951491	0.2173639123011498	1560
cg03392605	0.2173633794132273	1560
cg04978709	0.21736304978802395	1560
cg09095818	0.21736287143788866	1560
cg23027402	0.2173621956431979	1560
cg02581716	0.21736183113158047	1560
cg13192735	0.21736157648407395	1560
cg06159109	0.21736151676596147	1560
cg10328831	0.21736089010486562	1560
cg18415485	0.2173602218979465	1560
cg18791451	0.21735986340734917	1560
cg09876202	0.21735982854616445	1560
cg07742492	0.21735892293494086	1560
cg10755039	0.21735731821878856	1560
cg02264789	0.2173551749093053	1560
cg16590552	0.21735423363901146	1560
cg14655700	0.21735418398045142	1560
cg09824202	0.21735323290484782	1560
cg10373030	0.21735309757768953	1560
cg01895333	0.21735266424289684	1560
cg01387849	0.21735198468935762	1560
cg01387972	0.21735086846137783	1560
cg05990793	0.21734841684578596	1560
cg03356833	0.21734737911756277	1560
cg07704437	0.21734575678813456	1560
cg04284985	0.21734572745695505	1560
cg06365216	0.21734290452508753	1560
cg00066360	0.21734288640477092	1560
cg10424229	0.21734132875775988	1560
cg26912592	0.21734076112571096	1560
cg14076394	0.2173401298340668	1560
cg06172865	0.21733980296548258	1560
cg04518384	0.21733928047804763	1560
cg03575199	0.21733875299492114	1560
cg14056470	0.21733832186263743	1560
cg08125020	0.21733683970323478	1560
cg03241471	0.21733577656322434	1560
cg05471949	0.21733527867595093	1560
cg12117115	0.21733477748745167	1560
cg14264678	0.21733353835853605	1560
cg02793656	0.21733347267384345	1560
cg17758805	0.2173332606624181	1560
cg15985344	0.2173328515495315	1560
cg02748536	0.2173311569725949	1560
cg04057238	0.21732731922399048	1560
cg14699867	0.21732723959021868	1560
cg00526397	0.21732658180289405	1560
cg04897892	0.217326530392884	1560
cg02173589	0.21732634024863764	1560
cg03386536	0.2173257041632902	1560
cg12168535	0.2173244563405949	1560
cg18878441	0.21732343203646404	1560
cg15081561	0.21732341436006317	1560
cg26261873	0.21732204372992023	1560
cg21963925	0.21732090841421317	1560
cg24249390	0.21732050440878467	1560
cg11844358	0.21732017804304538	1560
cg02956460	0.21731989484641454	1560
cg03425506	0.2173196833126346	1560
cg08005771	0.21731796805149903	1560
cg11931798	0.21731726740105023	1560
cg19819654	0.2173170688193251	1560
cg02486590	0.21731672004009744	1560
cg00205598	0.21731657678453287	1560
cg13471352	0.21731639262011473	1560
cg13998281	0.21731553039811907	1560
cg15184452	0.21731525455335424	1560
cg14115200	0.2173148992649573	1560
cg00782772	0.21731344054779972	1560
cg05070971	0.21731058608732784	1560
cg08740063	0.21731049298197821	1560
cg08970020	0.2173094497836466	1560
cg07110949	0.2173078118239653	1560
cg11455291	0.217307569339119	1560
cg03265826	0.21730718549485237	1560
cg09042787	0.21730707490361437	1560
cg24283662	0.21730697164291254	1560
cg16707641	0.2173065923365796	1560
cg24136937	0.21730656751143174	1560
cg03462556	0.2173061804793656	1560
cg18493371	0.21730500722917984	1560
cg05943813	0.21730468650401413	1560
cg18962288	0.21730403009601904	1560
cg14615537	0.21730106872117547	1560
cg08676585	0.2173001980078268	1560
cg25997756	0.21729907018796013	1560
cg17051042	0.21729731249487186	1560
cg21296320	0.21729674541830743	1560
cg05508245	0.21729647954741704	1560
cg20281729	0.21729612641491575	1560
cg25924761	0.21729328978519744	1560
cg20668447	0.21729294508891883	1560
cg06905083	0.21729265378657867	1560
cg04618386	0.21728948827688474	1560
cg08848154	0.217289034512956	1560
cg07512236	0.2172885950409128	1560
cg25715964	0.21728840546015896	1560
cg12659370	0.21728821675832913	1560
cg07374490	0.21728803755111875	1560
cg16467906	0.21728750617373904	1560
cg19478962	0.21728729561150256	1560
cg23485627	0.2172856065746081	1560
cg14511094	0.21728549403528297	1560
cg02376674	0.21728522443202183	1560
cg05704832	0.21728466580142267	1560
cg15104380	0.2172846054477674	1560
cg21278532	0.21728294875381846	1560
cg05535123	0.21728279789617294	1560
cg19987794	0.21728017734549782	1560
cg23681616	0.21727988178477295	1560
cg06838877	0.21727940200333942	1560
cg02329386	0.21727919442160717	1560
cg19356943	0.2172784960790203	1560
cg16255585	0.21727645938266937	1560
cg20231444	0.2172735687373167	1560
cg02030350	0.21727347513763962	1560
cg14185390	0.21727281980348875	1560
cg17210775	0.2172727444266648	1560
cg25024311	0.21727242257722476	1560
cg08079331	0.2172720407901194	1560
cg09337248	0.21727146921512372	1560
cg22740817	0.21727027331547913	1560
cg24641901	0.2172698435495269	1560
cg10573553	0.21726879491575848	1560
cg13657511	0.21726873030601923	1560
cg12366279	0.21726793457125285	1560
cg05319389	0.21726718134707043	1560
cg06912227	0.21726626171598618	1560
cg23373850	0.21726528143310953	1560
cg08046963	0.21726442055551554	1560
cg18968278	0.21726440217614765	1560
cg17855130	0.21726429715158838	1560
cg15298791	0.21726352889910774	1560
cg02043622	0.2172633242906659	1560
cg00998379	0.21726326663418166	1560
cg17757825	0.2172629836565585	1560
cg20872422	0.21726292999377184	1560
cg14589371	0.21726289483045566	1560
cg06593237	0.21726021829712155	1560
cg19557025	0.21725975047175836	1560
cg16694311	0.2172593446309308	1560
cg00825407	0.2172587639325311	1560
cg16864938	0.21725787677422273	1560
cg20679659	0.21725718866032054	1560
cg12089204	0.2172565304004971	1560
cg09607363	0.2172562325795567	1560
cg07704672	0.217256023663059	1560
cg06598256	0.2172548635974006	1560
cg26955755	0.21725460331257715	1560
cg16105996	0.2172537593748731	1560
cg08386422	0.21725288641143528	1560
cg12072770	0.21725246742858728	1560
cg07401028	0.21725202256254697	1560
cg23241772	0.21725150291421683	1560
cg12494528	0.21725083417262397	1560
cg26698604	0.2172506591139585	1560
cg15814980	0.21724947019832644	1560
cg08955462	0.21724814625039623	1560
cg26891598	0.21724780652137773	1560
cg21343406	0.21724760443406982	1560
cg09274451	0.21724752987349452	1560
cg03337578	0.2172473442330381	1560
cg17250429	0.2172468787431797	1560
cg02674186	0.2172464848286605	1560
cg11923914	0.21724574793084145	1560
cg26649321	0.21724572265388548	1560
cg27044202	0.21724550103346055	1560
cg11997603	0.21724488992705837	1560
cg06813486	0.2172438828812275	1560
cg05693814	0.21724361261218803	1560
cg05400618	0.21724262563370947	1560
cg18469917	0.21724249892519643	1560
cg04423187	0.21724139718575944	1560
cg00390654	0.21724098294084254	1560
cg16780847	0.21723990561649167	1560
cg15833447	0.21723989890599268	1560
cg07185181	0.21723869297002668	1560
cg10576837	0.21723789550279568	1560
cg20288752	0.2172375444704076	1560
cg03082830	0.21723644904041955	1560
cg16545749	0.21723631906786614	1560
cg16707423	0.2172351388260002	1560
cg07732693	0.21723271787407838	1560
cg03168189	0.2172323675287862	1560
cg23901843	0.21723230958859865	1560
cg17191256	0.21723164655875518	1560
cg00958955	0.21723114256415568	1560
cg14851383	0.21722961793554865	1560
cg23311252	0.21722951853614814	1560
cg24073056	0.2172278253782184	1560
cg20531064	0.21722729275561362	1560
cg15894748	0.21722675108045797	1560
cg20590110	0.2172264614484869	1560
cg08166720	0.21722485934409352	1560
cg26571487	0.21722483597407835	1560
cg11953513	0.21722409465044953	1560
cg27476893	0.21722406976960432	1560
cg24247609	0.21722401236795294	1560
cg06635008	0.21722369701679758	1560
cg07770353	0.21722315786539187	1560
cg12995933	0.2172209164696124	1560
cg00213331	0.21722001458261236	1560
cg13482714	0.21721948973744173	1560
cg03650665	0.21721940847831692	1560
cg03571089	0.21721881525650077	1560
cg21971896	0.21721798165425701	1560
cg10259985	0.21721726318755266	1560
cg05059868	0.2172168152254747	1560
cg07615572	0.21721643947115507	1560
cg24664942	0.21721630286813712	1560
cg06822062	0.2172155734590182	1560
cg06274117	0.21721314350698642	1560
cg18789069	0.21721274870905208	1560
cg09911485	0.2172123070821013	1560
cg08130612	0.21721016935658252	1560
cg01936091	0.21721012195901016	1560
cg05107814	0.2172100041033321	1560
cg15981451	0.21720905462327728	1560
cg25942688	0.2172085488307309	1560
cg17511707	0.21720801878517576	1560
cg10444928	0.21720787580306924	1560
cg09118017	0.21720661403198388	1560
cg04303335	0.2172061615781072	1560
cg16901821	0.21720582842339975	1560
cg21464591	0.21720480075324633	1560
cg02647998	0.21720455739597858	1560
cg09016814	0.217201301604262	1560
cg09643371	0.21720087619401549	1560
cg17516106	0.21720045394984916	1560
cg23248537	0.21719972149307587	1560
cg20384941	0.21719964842182546	1560
cg01210622	0.2171994839911808	1560
cg25905815	0.2171992501176652	1560
cg03301063	0.2171992063006168	1560
cg15133790	0.21719879130153727	1560
cg06669036	0.21719872272609747	1560
cg01379009	0.21719713903921886	1560
cg15327559	0.21719557377550877	1560
cg20541925	0.21719536299272466	1560
cg26923246	0.2171935242385671	1560
cg18028289	0.21719335917216412	1560
cg02485003	0.21719244788374115	1560
cg23886424	0.21719194057543686	1560
cg03544502	0.21719132957666776	1560
cg19405718	0.21718915510252998	1560
cg05661982	0.21718890549624315	1560
cg14857851	0.2171887748006848	1560
cg10183405	0.21718861048390278	1560
cg22223001	0.21718746709918957	1560
cg07271869	0.217187340453031	1560
cg21551191	0.21718674858477865	1560
cg08898492	0.21718574343804128	1560
cg00513411	0.21718484783501865	1560
cg22568451	0.21718465311088797	1560
cg05231478	0.21718344297279882	1560
cg19951766	0.21718192002184356	1560
cg03592411	0.21718032938051238	1560
cg03625807	0.21717984941849602	1560
cg06998119	0.21717983560892554	1560
cg11186179	0.21717910893905948	1560
cg14215186	0.21717834894691626	1560
cg09936142	0.21717679661721404	1560
cg03326399	0.21717651780619732	1560
cg03761258	0.21717634802373603	1560
cg25122402	0.2171755011085612	1560
cg24627517	0.21717484300145207	1560
cg14976684	0.21717446161001663	1560
cg25052223	0.2171739797339473	1560
cg15986644	0.2171738130470177	1560
cg04255756	0.21717294649245972	1560
cg12366974	0.21717227880732348	1560
cg07794169	0.21717140459169298	1560
cg12362508	0.21716931308777823	1560
cg12010544	0.21716842744042875	1560
cg17153174	0.2171682420871953	1560
cg08233833	0.21716684774217296	1560
cg11250719	0.2171664012149988	1560
cg22900372	0.21716614981791812	1560
cg19346621	0.21716553947617415	1560
cg05509534	0.21716437945728298	1560
cg25503497	0.21716403001195297	1560
cg05231930	0.21716402093241002	1560
cg03890628	0.2171638711611718	1560
cg27105218	0.2171638697878079	1560
cg05095821	0.21716341755260463	1560
cg25142010	0.21716218038576732	1560
cg04014726	0.21716183478900616	1560
cg17346428	0.21716164164050508	1560
cg23976437	0.2171606636863578	1560
cg05136528	0.21715986701316684	1560
cg01103836	0.21715933525710704	1560
cg04316905	0.21715925334566066	1560
cg00622655	0.21715882298096736	1560
cg13571576	0.21715870499752116	1560
cg21937958	0.2171585818246484	1560
cg13204193	0.2171584334713361	1560
cg21115727	0.21715814557792185	1560
cg04701394	0.21715782611474568	1560
cg09666285	0.2171576944966517	1560
cg15159625	0.21715730522740206	1560
cg23046231	0.2171571185366258	1560
cg10989175	0.2171570904270443	1560
cg06810998	0.21715665124102385	1560
cg16363447	0.2171564639332325	1560
cg16236960	0.21715603251487758	1560
cg21155100	0.21715563169431548	1560
cg06682454	0.21715442944836985	1560
cg21038502	0.21715426373332197	1560
cg10674754	0.21715319243132472	1560
cg11907448	0.21715161164007452	1560
cg21859992	0.21715136668992246	1560
cg00345343	0.217150479082689	1560
cg26884320	0.21715035429571902	1560
cg10337819	0.21715029143433343	1560
cg02776867	0.21714957627171727	1560
cg19947262	0.21714857812607644	1560
cg12635044	0.21714550003595945	1560
cg19026125	0.21714498376736344	1560
cg02823300	0.2171430239452964	1560
cg23786600	0.21714296731582416	1560
cg05262724	0.2171422181234393	1560
cg16628135	0.21714184229941536	1560
cg06569947	0.21714060624523998	1560
cg00098951	0.2171401049209629	1560
cg20007892	0.21713986400943858	1560
cg01837804	0.21713830964127323	1560
cg02477305	0.21713704145318613	1560
cg12397981	0.2171364562602078	1560
cg03528393	0.21713610555599577	1560
cg08954476	0.21713509446575172	1560
cg13768347	0.2171337982947309	1560
cg12927293	0.21712946004681533	1560
cg05018671	0.21712773849499123	1560
cg24496088	0.2171276350442585	1560
cg08527603	0.2171273496331755	1560
cg11161142	0.21712627376155386	1560
cg10056482	0.21712621701142917	1560
cg27398294	0.21712591354817598	1560
cg15792134	0.2171256437291297	1560
cg23000066	0.217123435323091	1560
cg00510956	0.21712295065305842	1560
cg22304838	0.2171228429225584	1560
cg15359142	0.21712203194961083	1560
cg11108534	0.21712103434926938	1560
cg20650683	0.21711956336226823	1560
cg07611531	0.2171187360219149	1560
cg05397646	0.21711707755690587	1560
cg04266873	0.21711683155717706	1560
cg19328162	0.21711680627738456	1560
cg14037082	0.21711615621052915	1560
cg02205020	0.21711590277007717	1560
cg03770962	0.21711381260145476	1560
cg23640615	0.2171136262707285	1560
cg20724189	0.21711354356755652	1560
cg18411237	0.2171124911117954	1560
cg14752451	0.21711181658586315	1560
cg26011438	0.21711062714734414	1560
cg13108289	0.21711008057537032	1560
cg13452677	0.2171100008515536	1560
cg03818021	0.21710984871269234	1560
cg05413817	0.21710967917853963	1560
cg16755475	0.21710965362494566	1560
cg07329180	0.21710916583351728	1560
cg17336638	0.21710755567050116	1560
cg24843119	0.21710648530150234	1560
cg13419702	0.21710634541191212	1560
cg19500275	0.2171055786572011	1560
cg12884141	0.21710554885737868	1560
cg26478992	0.21710438052669698	1560
cg12788159	0.21710342170740468	1560
cg24220897	0.21710136607564803	1560
cg04514868	0.2170995430650144	1560
cg12717963	0.2170989119170561	1560
cg10116904	0.21709808959739277	1560
cg03872724	0.21709802241066406	1560
cg20859646	0.21709686108461226	1560
cg26177544	0.217096574171779	1560
cg26078803	0.2170956820947886	1560
cg12612527	0.21709477706467475	1560
cg17580844	0.21709417861793015	1560
cg08383902	0.21709368827840358	1560
cg17630044	0.2170936176025484	1560
cg23840866	0.21709332336284695	1560
cg23066587	0.2170927011966581	1560
cg14798745	0.21709234864219332	1560
cg01145284	0.21708998943830818	1560
cg23158103	0.21708965694095034	1560
cg02320694	0.21708956962720724	1560
cg11921952	0.2170865011054405	1560
cg03602698	0.21708563512631016	1560
cg10203588	0.21708523801947538	1560
cg13390444	0.21708456722687733	1560
cg16709254	0.2170845529875252	1560
cg10322909	0.21708448999675758	1560
cg19573208	0.21708423368878985	1560
cg21358380	0.21708216211602516	1560
cg21584627	0.2170820465670956	1560
cg07473478	0.21708083320827815	1560
cg05083423	0.21707985737999003	1560
cg25145680	0.21707878448842846	1560
cg27543431	0.2170784771151703	1560
cg13106306	0.2170783113771835	1560
cg24605830	0.21707793112070123	1560
cg09543474	0.21707614299263234	1560
cg00935015	0.21707508728984695	1560
cg13298070	0.2170749731355361	1560
cg11754374	0.21707379811281077	1560
cg05441596	0.21707330895377977	1560
cg05169666	0.21707262684431244	1560
cg23847645	0.21707248695112885	1560
cg09919727	0.21707113822929872	1560
cg03880458	0.21706835762639562	1560
cg05773599	0.21706773697802426	1560
cg01786109	0.21706747554082573	1560
cg25391673	0.21706708157260923	1560
cg00451513	0.2170652012906474	1560
cg19580263	0.21706505333645748	1560
cg24929258	0.2170637974983393	1560
cg13762471	0.21706290360912572	1560
cg17138963	0.21706246346398617	1560
cg02014134	0.2170610872668857	1560
cg20314552	0.21705915167881532	1560
cg14069026	0.21705910902627795	1560
cg27548741	0.21705812341347477	1560
cg06322988	0.21705811211365333	1560
cg18085117	0.21705809036129792	1560
cg00649500	0.2170577554280645	1560
cg12984014	0.21705704022203876	1560
cg23687021	0.21705528498955895	1560
cg22065591	0.21705520660535962	1560
cg15377731	0.21705402669915808	1560
cg08051625	0.21705254440717142	1560
cg20250908	0.2170520691564713	1560
cg17598190	0.21705196188250936	1560
cg12048253	0.21705195755991935	1560
cg12716232	0.2170517958509846	1560
cg04373034	0.2170517637224277	1560
cg08426354	0.21705145382497207	1560
cg14246227	0.21705032608152716	1560
cg25074170	0.2170476803222782	1560
cg13904508	0.21704719570815975	1560
cg26764318	0.21704675471145357	1560
cg08888381	0.21704558817099637	1560
cg04555287	0.21704550732232972	1560
cg22242279	0.2170449251320087	1560
cg22883290	0.21704438730194733	1560
cg22795463	0.21704403911332487	1560
cg09827826	0.21704382901996236	1560
cg18913951	0.2170422698659457	1560
cg19758541	0.21704040715390055	1560
cg01822570	0.21704028083149207	1560
cg13857689	0.21704006783639396	1560
cg01752665	0.21704003025610658	1560
cg04322429	0.21703999335922367	1560
cg00527869	0.2170397179499923	1560
cg05983549	0.21703895248812213	1560
cg20714804	0.21703830407187602	1560
cg26673975	0.21703692779362765	1560
cg06076923	0.21703682633334656	1560
cg03097582	0.21703674269998954	1560
cg17931352	0.2170364726968044	1560
cg17530639	0.2170364006262439	1560
cg02225520	0.21703609319073977	1560
cg03036575	0.21703591058093238	1560
cg09782746	0.2170356067342618	1560
cg26489415	0.21703530231926485	1560
cg23015041	0.21703521653109822	1560
cg20258768	0.21703493647287295	1560
cg21964798	0.21703486304452305	1560
cg00401456	0.217034158978232	1560
cg14923398	0.21703390623526603	1560
cg20925383	0.21703351478646857	1560
cg03601516	0.2170327474920364	1560
cg22770705	0.21703224717969305	1560
cg03326606	0.21703217470359634	1560
cg01186725	0.21703213422785228	1560
cg16056311	0.2170318706323088	1560
cg07963363	0.217029964423294	1560
cg27602981	0.21702944197033563	1560
cg25612145	0.21702930795234163	1560
cg18068854	0.21702852689804467	1560
cg23219762	0.21702751855802427	1560
cg01716445	0.21702749558207826	1560
cg27061377	0.21702677658566535	1560
cg18608025	0.21702628393040663	1560
cg01191286	0.21702570351879902	1560
cg20660860	0.21702548105861685	1560
cg11570383	0.2170248893971407	1560
cg21221108	0.2170248213206444	1560
cg02864377	0.21702323545823016	1560
cg09581848	0.21702313592136196	1560
cg03790324	0.21702257882956896	1560
cg15130855	0.21702197239687435	1560
cg02912129	0.21702146690752763	1560
cg12156646	0.21702108162697328	1560
cg16846503	0.21702092256167663	1560
cg04747188	0.21702072927660393	1560
cg03645088	0.21702072507551134	1560
cg15058600	0.2170198745525345	1560
cg03528137	0.21701898766552505	1560
cg14523394	0.21701873106274336	1560
cg06732006	0.21701821656623246	1560
cg21975337	0.21701675868624448	1560
cg10322573	0.21701668361970922	1560
cg17300237	0.21701424350421503	1560
cg26380350	0.21701386280126472	1560
cg14834741	0.2170135826772674	1560
cg03784994	0.217011751757071	1560
cg23362516	0.2170111247161276	1560
cg08824373	0.21701092219377172	1560
cg23094318	0.2170105590366244	1560
cg13916287	0.21701030154892095	1560
cg13107302	0.21701010272409837	1560
cg08374596	0.21701006448786994	1560
cg06379876	0.21700968097137285	1560
cg22831314	0.21700908532617533	1560
cg00251767	0.21700867575240462	1560
cg26361216	0.21700851352557432	1560
cg22183295	0.21700833958788834	1560
cg04849589	0.2170071589685164	1560
cg15022015	0.21700678754120192	1560
cg18184880	0.21700667483581051	1560
cg06294591	0.21700661885830666	1560
cg01451057	0.2170062941902232	1560
cg07123890	0.2170048502252805	1560
cg08270099	0.21700436522374003	1560
cg26602477	0.21700223732926358	1560
cg20283964	0.2170018032798691	1560
cg02623971	0.21700086553841494	1560
cg03396005	0.21699990463420543	1560
cg08001824	0.21699982399271742	1560
cg19699893	0.21699882768821296	1560
cg08582507	0.21699821384624954	1560
cg20706316	0.21699799867465566	1560
cg26878542	0.2169969841674485	1560
cg09520536	0.2169966018757352	1560
cg09047881	0.21699654681226102	1560
cg03713453	0.21699651201080594	1560
cg02606728	0.21699479148103729	1560
cg15540507	0.21699460594707454	1560
cg03899721	0.216994258482625	1560
cg21938845	0.21699206005015323	1560
cg05185146	0.21699146508556255	1560
cg00497796	0.21698874454215217	1560
cg10810860	0.2169881866757825	1560
cg14240072	0.2169879082210751	1560
cg06407115	0.21698774322246658	1560
cg06057885	0.21698689327561835	1560
cg10069238	0.21698677407992278	1560
cg02388511	0.21698660369664835	1560
cg25069005	0.21698508204269765	1560
cg05305155	0.2169807727185726	1560
cg17018201	0.2169797627885343	1560
cg01298757	0.21697877507612076	1560
cg25391752	0.2169772342158859	1560
cg21027474	0.21697616303750822	1560
cg15201399	0.2169760988531778	1560
cg26924321	0.21697568772466155	1560
cg15694117	0.21697557661573919	1560
cg13932768	0.21697536144599439	1560
cg27172808	0.21697257360156777	1560
cg02993937	0.2169724952787757	1560
cg18296251	0.21697203932388032	1560
cg19445651	0.2169715998956992	1560
cg02124746	0.21697103398414952	1560
cg08868202	0.21697016678899164	1560
cg17677758	0.21696978997515004	1560
cg25689459	0.21696967733699365	1560
cg06205922	0.21696777184036745	1560
cg14692216	0.21696775811564042	1560
cg23217248	0.21696725720604607	1560
cg09408384	0.21696601102759355	1560
cg08274544	0.21696441685449427	1560
cg16211990	0.21696410150359147	1560
cg10940874	0.21696166968154335	1560
cg03433510	0.21695935207351555	1560
cg09816366	0.2169592990127096	1560
cg14296766	0.2169589617222031	1560
cg12496599	0.2169588707730893	1560
cg07450393	0.2169580864245802	1560
cg27146477	0.21695529393944693	1560
cg04374043	0.2169549566680504	1560
cg07743117	0.21695435319192838	1560
cg22125220	0.21695427220324837	1560
cg13503143	0.2169542430766723	1560
cg23731451	0.21695415954066077	1560
cg18451982	0.21695408463589233	1560
cg05737842	0.21695407185032792	1560
cg00139056	0.2169524965136974	1560
cg24613524	0.2169524592116756	1560
cg23254484	0.21695236384018016	1560
cg22876683	0.21695235936597013	1560
cg06407917	0.21695162528597037	1560
cg16411279	0.21695082320823364	1560
cg26071934	0.21694913485562378	1560
cg25427580	0.21694694016912897	1560
cg02801152	0.21694674211623238	1560
cg15762348	0.21694658374276815	1560
cg03177972	0.21694578369257922	1560
cg00136852	0.21694402639035612	1560
cg03833605	0.21694240494006742	1560
cg14234732	0.21694167338621523	1560
cg18031226	0.21694130814214188	1560
cg16106293	0.2169411532285089	1560
cg21828319	0.2169408391926836	1560
cg01042637	0.21693941345922288	1560
cg08510718	0.21693795471460525	1560
cg17763260	0.21693770400639278	1560
cg02885519	0.21693732258528126	1560
cg26191724	0.21693646355563972	1560
cg13282068	0.2169356266130798	1560
cg09984349	0.21693538114324482	1560
cg20627106	0.21693500168043806	1560
cg13496511	0.2169347982110532	1560
cg00261875	0.2169345412304504	1560
cg02032488	0.2169333710608701	1560
cg24695614	0.21693317055397182	1560
cg16451134	0.21693145521889068	1560
cg03757653	0.2169313556343591	1560
cg16989248	0.21693113824453372	1560
cg11424341	0.21692887853492143	1560
cg01675697	0.21692731798266882	1560
cg17601801	0.21692701349245302	1560
cg22906113	0.21692568029070433	1560
cg07129907	0.21692493133607216	1560
cg09062038	0.2169249277121462	1560
cg01440665	0.21692455373182018	1560
cg14016587	0.21692419691210207	1560
cg10999136	0.21692354178380388	1560
cg26370066	0.2169233180978864	1560
cg21151950	0.21692098484911787	1560
cg06932483	0.21692095006531228	1560
cg17468543	0.21692037100070288	1560
cg26781728	0.21691979571984987	1560
cg19817488	0.21691925602583395	1560
cg16644760	0.216919114093639	1560
cg27319723	0.2169188894739949	1560
cg19635327	0.21691849050843756	1560
cg16300310	0.21691731291309313	1560
cg19585310	0.2169159353412082	1560
cg02454364	0.21691563280283213	1560
cg05788548	0.2169145301335575	1560
cg10802936	0.21691404469251568	1560
cg13004280	0.21691361078579424	1560
cg27625815	0.21691354137505212	1560
cg11423630	0.21691327467543214	1560
cg19820447	0.21691313399531342	1560
cg01083598	0.2169122258003782	1560
cg08971334	0.2169118156300032	1560
cg26738980	0.21691178314015344	1560
cg16018972	0.2169110550738703	1560
cg08158719	0.21691105130974203	1560
cg02891522	0.21690981954617666	1560
cg02661095	0.21690967067505806	1560
cg21028352	0.21690953032245353	1560
cg02032982	0.21690917080878197	1560
cg23671626	0.2169090070712449	1560
cg24216542	0.21690898377242218	1560
cg17416748	0.21690776593503489	1560
cg19499224	0.21690745556630692	1560
cg08390010	0.21690615440572777	1560
cg14579772	0.21690521189696596	1560
cg17439097	0.2169051957746874	1560
cg10214757	0.216904571429327	1560
cg17560677	0.21690440718573906	1560
cg27336300	0.21690439397288008	1560
cg02976574	0.2169034608122278	1560
cg19472909	0.21690330759524856	1560
cg14448215	0.2169032473286415	1560
cg26945643	0.21690303218090118	1560
cg10007075	0.2169025898298568	1560
cg21578869	0.21690244520173574	1560
cg03607993	0.2169019563363833	1560
cg18141891	0.21690115758014128	1560
cg00049102	0.21690114540044375	1560
cg07416315	0.21690072074709568	1560
cg18754985	0.21690044640299241	1560
cg14691886	0.2168999431976411	1560
cg13303328	0.21689987855281953	1560
cg16362587	0.21689981149593823	1560
cg02027780	0.21689974597491155	1560
cg13039021	0.21689950073556305	1560
cg10572450	0.21689932716505717	1560
cg09264619	0.21689920611588545	1560
cg11505565	0.2168991530170954	1560
cg26888630	0.21689896358436586	1560
cg10697473	0.21689851506783359	1560
cg04835489	0.2168984562212953	1560
cg01953429	0.21689806735153103	1560
cg00175734	0.21689707497575958	1560
cg16412670	0.21689583544905902	1560
cg05544007	0.2168951163699292	1560
cg06769708	0.21689504643828222	1560
cg06453691	0.21689501644065604	1560
cg11628026	0.21689492762179832	1560
cg23118964	0.2168948509051433	1560
cg09282336	0.2168947845195658	1560
cg06770091	0.2168947785829671	1560
cg11250692	0.21689398489879147	1560
cg05031455	0.21689259982610987	1560
cg16754522	0.21689138636385305	1560
cg02096887	0.21688982499913012	1560
cg10718078	0.2168886384589094	1560
cg13104508	0.21688846344288865	1560
cg24686825	0.21688815537989276	1560
cg05216221	0.2168876500974895	1560
cg03507085	0.21688512509251465	1560
cg06417125	0.21688511736435906	1560
cg12079597	0.21688469238564373	1560
cg07379204	0.21688459773379237	1560
cg20740249	0.2168842568980294	1560
cg16665506	0.21688419298706071	1560
cg00500457	0.21688398342979467	1560
cg18728109	0.2168835531354451	1560
cg27010688	0.21688350185712324	1560
cg18969117	0.21688084623086723	1560
cg06216309	0.21687834094188252	1560
cg12026858	0.2168778124740848	1560
cg27147164	0.2168771623298341	1560
cg13988995	0.2168768857474884	1560
cg22236410	0.21687670619970698	1560
cg25048701	0.2168760167012044	1560
cg19132680	0.2168760047045567	1560
cg21915828	0.21687585783378063	1560
cg16129213	0.21687578047013106	1560
cg13489501	0.21687549012028734	1560
cg08579902	0.21687488453579956	1560
cg27101004	0.21687420325025644	1560
cg05652783	0.2168736500542267	1560
cg00237752	0.2168724176064413	1560
cg15951798	0.21687157971689003	1560
cg04125586	0.2168714482613632	1560
cg14916754	0.2168714130869451	1560
cg13434497	0.21687033894354282	1560
cg06696097	0.21687005617152813	1560
cg09009881	0.216869413720004	1560
cg19554454	0.2168690879915159	1560
cg19648967	0.2168689162470054	1560
cg11097902	0.21686854392504304	1560
cg05014291	0.21686755781808062	1560
cg25983288	0.21686745084812445	1560
cg06297005	0.2168670793837571	1560
cg23898701	0.21686654014154455	1560
cg07896092	0.21686646374232807	1560
cg14044282	0.21686593029033854	1560
cg14237069	0.2168658805485213	1560
cg08539728	0.216865004289014	1560
cg08356102	0.21686441660076147	1560
cg24481802	0.216863865175969	1560
cg19881581	0.21686374487121762	1560
cg14920716	0.21686294111119822	1560
cg18714782	0.2168619990560003	1560
cg01208787	0.21686166889437164	1560
cg07469546	0.21686076746085253	1560
cg07054247	0.21686064585553846	1560
cg16285698	0.21685948170552496	1560
cg15230090	0.21685887983397056	1560
cg10521650	0.2168584860691614	1560
cg13890913	0.21685815501467612	1560
cg01091565	0.2168576518250586	1560
cg10537936	0.21685760648082972	1560
cg16439118	0.2168567284439689	1560
cg13260856	0.2168560351863726	1560
cg07158658	0.2168552342611345	1560
cg12640817	0.2168547262583574	1560
cg04172395	0.2168528923679409	1560
cg07760269	0.21685283928270477	1560
cg13717374	0.21685262092199642	1560
cg24310924	0.216851050161618	1560
cg05499641	0.21685076302868947	1560
cg10666224	0.2168503338705653	1560
cg22327802	0.21685031292775722	1560
cg00756338	0.21684982403301883	1560
cg04642627	0.21684980574992885	1560
cg25302704	0.21684862249784076	1560
cg24816916	0.21684770902373485	1560
cg26427818	0.21684769774277263	1560
cg19871361	0.21684604077163394	1560
cg25983629	0.2168456096304868	1560
cg00322062	0.21684342149211902	1560
cg26257145	0.21684307658699925	1560
cg23463715	0.21684292213274356	1560
cg04387739	0.21684139746505948	1560
cg23367339	0.21684050518288242	1560
cg13726962	0.21684042912044285	1560
cg03175513	0.2168404253941941	1560
cg01171362	0.21683702882826753	1560
cg14191673	0.21683685253859922	1560
cg03735869	0.21683554438893604	1560
cg02377021	0.2168352092438917	1560
cg16767221	0.2168335165262897	1560
cg22159109	0.21683251542062792	1560
cg11917595	0.21683238265802401	1560
cg10239429	0.21683206668145164	1560
cg22696214	0.21683159299573612	1560
cg17093867	0.21683005074339218	1560
cg12938320	0.21682950744053986	1560
cg05018280	0.2168285327102109	1560
cg25421941	0.21682852557644852	1560
cg02200725	0.21682835301782538	1560
cg09484870	0.21682691264623355	1560
cg07418777	0.21682587302696618	1560
cg21872942	0.2168229749594916	1560
cg03038726	0.2168229393461346	1560
cg25882721	0.21682199952413933	1560
cg07730159	0.21682166285356047	1560
cg01489608	0.21682145966696284	1560
cg07023594	0.21682131043284458	1560
cg18524251	0.21682029382829518	1560
cg21996783	0.21681931720246864	1560
cg14327057	0.21681918408880219	1560
cg02527252	0.21681918088167615	1560
cg04438362	0.2168179116551169	1560
cg20754700	0.21681698017773743	1560
cg16904399	0.21681661679070277	1560
cg23183079	0.21681616862676345	1560
cg05506498	0.2168152516285957	1560
cg27561431	0.21681475116994017	1560
cg11971461	0.2168132088913418	1560
cg02066716	0.2168122450532929	1560
cg10438552	0.21681186431932278	1560
cg27474095	0.2168116863051798	1560
cg12927270	0.21681155527177365	1560
cg10690439	0.2168106443441152	1560
cg02317738	0.21680906966098182	1560
cg12260990	0.21680879128453795	1560
cg05577596	0.21680809098318882	1560
cg22694749	0.21680787281181094	1560
cg23584352	0.21680673961907407	1560
cg08030934	0.21680589431234493	1560
cg23017573	0.21680570956584197	1560
cg15939633	0.21680458019750376	1560
cg08971769	0.21680334529546805	1560
cg10002088	0.21680299105515474	1560
cg03118443	0.2168007623399911	1560
cg07225241	0.2167999028500057	1560
cg06852076	0.21679961748636503	1560
cg17330652	0.21679947698914853	1560
cg14005611	0.21679894643550007	1560
cg25203113	0.21679869336732271	1560
cg12460187	0.21679840735238054	1560
cg17484993	0.21679802922264146	1560
cg02776300	0.21679775237634125	1560
cg24663131	0.21679757925388654	1560
cg24433586	0.21679717344950794	1560
cg03069943	0.21679693906396852	1560
cg13687935	0.21679683345631717	1560
cg23204612	0.2167964916903645	1560
cg14206668	0.2167964512657181	1560
cg01598367	0.21679610797336268	1560
cg07686859	0.21679568891867104	1560
cg16792183	0.2167934457641178	1560
cg04940655	0.2167929194574709	1560
cg20299247	0.21679207309231646	1560
cg15106503	0.216791723484866	1560
cg07929763	0.21679104661054596	1560
cg27521049	0.2167909344920003	1560
cg07933092	0.2167907458617958	1560
cg02576220	0.21679025398156826	1560
cg07402411	0.21678919295730414	1560
cg05625100	0.2167871954883378	1560
cg13639452	0.21678676197917793	1560
cg18154662	0.21678612721861773	1560
cg18388519	0.21678545610908442	1560
cg14631896	0.21678530136479823	1560
cg05691848	0.21678369001965153	1560
cg19089102	0.2167833298920568	1560
cg14990605	0.21678307031289806	1560
cg25573812	0.21678218990074172	1560
cg16553354	0.21678209168022156	1560
cg25152584	0.216782085685936	1560
cg00644416	0.21678044840587332	1560
cg09011244	0.216780075137376	1560
cg22303699	0.21677925907950882	1560
cg24936179	0.21677826549525792	1560
cg20614214	0.21677645291955716	1560
cg03219611	0.2167761138175177	1560
cg05337454	0.21677593604272943	1560
cg11222630	0.21677503610739665	1560
cg23012192	0.216774948046032	1560
cg25560471	0.21677491162671791	1560
cg17198200	0.21677480434626695	1560
cg25635303	0.21677437689012352	1560
cg05398940	0.2167725425675911	1560
cg24597895	0.21676993512937995	1560
cg00621289	0.21676950904963463	1560
cg06770731	0.21676897125019415	1560
cg07762993	0.2167670689994088	1560
cg12036365	0.21676678121804474	1560
cg10207787	0.2167666147139966	1560
cg02780643	0.21676584215782801	1560
cg07103675	0.21676501700528042	1560
cg16296745	0.21676475292297812	1560
cg00712593	0.21676443237595164	1560
cg08892082	0.21676432087778835	1560
cg13778564	0.21676413030578284	1560
cg27276079	0.21676377420592405	1560
cg27571409	0.2167627992924609	1560
cg27191554	0.21676252765838952	1560
cg10803013	0.21676243687292973	1560
cg25707945	0.21676194910173033	1560
cg21010028	0.21676191310899448	1560
cg16194451	0.21676187690688833	1560
cg24464101	0.21676141636169796	1560
cg14958373	0.21676141239960817	1560
cg26919417	0.216760898867369	1560
cg17324160	0.2167606236720466	1560
cg14851496	0.21676031182137195	1560
cg12900846	0.21675996524221558	1560
cg17012154	0.21675974160507042	1560
cg16292451	0.21675954678351828	1560
cg00923230	0.21675951691748796	1560
cg04568923	0.21675951185435832	1560
cg15613012	0.2167593313566907	1560
cg19431009	0.216759235044558	1560
cg00647095	0.21675903984445347	1560
cg23329581	0.21675888455351355	1560
cg12429455	0.2167588390666112	1560
cg03971247	0.21675734231935392	1560
cg15041767	0.2167571924143594	1560
cg17108095	0.21675684668797698	1560
cg10865127	0.21675660439930353	1560
cg17490648	0.21675634933390972	1560
cg09091110	0.2167561160894335	1560
cg17451457	0.21675480658777366	1560
cg20875919	0.2167542734006834	1560
cg06049395	0.21675374346826032	1560
cg04853251	0.21675365025400092	1560
cg17405058	0.2167534596594285	1560
cg26793463	0.2167525709855865	1560
cg11309510	0.21675249129373866	1560
cg08389666	0.21675155257715123	1560
cg27441384	0.2167514365287649	1560
cg20261917	0.21675138300647118	1560
cg19809659	0.21675135692110498	1560
cg17779026	0.21675083654595645	1560
cg19358202	0.21675029467252502	1560
cg15866039	0.2167496688537652	1560
cg03335810	0.21674919452153762	1560
cg06196466	0.21674809313508062	1560
cg05541180	0.21674785914816103	1560
cg26888222	0.21674783124206806	1560
cg20762313	0.21674770135107446	1560
cg20716915	0.21674686070595078	1560
cg06988467	0.21674554234910476	1560
cg00209918	0.21674549829758788	1560
cg10625367	0.21674463824061774	1560
cg24134071	0.21674387267074346	1560
cg14425628	0.21674378801269004	1560
cg03148373	0.21674282887402319	1560
cg07303829	0.216742714736998	1560
cg24861702	0.2167424431841334	1560
cg08659539	0.21674044256971778	1560
cg01300105	0.21674022805897006	1560
cg26956535	0.2167397146298859	1560
cg02530753	0.21673964127606277	1560
cg03892735	0.21673953879490843	1560
cg04874825	0.21673926869116247	1560
cg01277300	0.2167387713189069	1560
cg07374414	0.21673851695070945	1560
cg20316542	0.21673700791946812	1560
cg10999689	0.2167357727074571	1560
cg19788214	0.21673553681297583	1560
cg02091607	0.21673549161688183	1560
cg17858406	0.2167351420288436	1560
cg14208859	0.21673464583849897	1560
cg16677055	0.21673436157700943	1560
cg25453797	0.21673303172882616	1560
cg04216310	0.2167327842437644	1560
cg00165067	0.21673256165294508	1560
cg03057528	0.21672991206075728	1560
cg06013413	0.21672892962239895	1560
cg01908272	0.21672698155035724	1560
cg27564137	0.21672464121574045	1560
cg02463029	0.21672283405092166	1560
cg03765543	0.2167216429866304	1560
cg12214653	0.21672138105363747	1560
cg14263553	0.21672119450673358	1560
cg24825937	0.21672050578256083	1560
cg24544105	0.21672044702311324	1560
cg01265660	0.21672021084719534	1560
cg12913090	0.216719626656862	1560
cg14204100	0.2167180895412135	1560
cg04397547	0.2167180481075103	1560
cg00953201	0.21671787845134963	1560
cg05621759	0.21671736241754602	1560
cg24730207	0.2167170148107566	1560
cg14153777	0.21671650989631483	1560
cg19811365	0.2167153819203832	1560
cg11877726	0.21671335467562725	1560
cg04035048	0.2167123992354743	1560
cg05803138	0.21671188086886908	1560
cg27286227	0.21671061720636134	1560
cg05114984	0.21671054309207383	1560
cg00001687	0.21670988197735233	1560
cg01023714	0.21670906747193378	1560
cg26616731	0.21670903498197763	1560
cg17466748	0.21670718266286607	1560
cg23722151	0.21670634352384058	1560
cg20756600	0.21670626481099758	1560
cg09841666	0.21670554613691556	1560
cg10618823	0.2167046803490039	1560
cg27101602	0.21670459037515255	1560
cg14697125	0.21670179942187345	1560
cg17613810	0.21670068377872398	1560
cg04138591	0.21669977533949103	1560
cg13536703	0.21669921283734464	1560
cg04679098	0.21669839346960498	1560
cg22053620	0.21669776417528364	1560
cg00252095	0.21669731119072277	1560
cg24748771	0.216697103600224	1560
cg13396716	0.2166958880367522	1560
cg22332770	0.21669578361589925	1560
cg21778328	0.21669555880946345	1560
cg06464959	0.21669463778530232	1560
cg24471555	0.21669447217535054	1560
cg05608508	0.21669379944123762	1560
cg24145007	0.21669325314413726	1560
cg12495983	0.21669284469119915	1560
cg21948071	0.2166925875233857	1560
cg07421005	0.21669228159835155	1560
cg20355657	0.21669198875635207	1560
cg07906116	0.21669078908696235	1560
cg09567197	0.21669014540749568	1560
cg06687846	0.21668950224316846	1560
cg26916609	0.21668635218472868	1560
cg00276752	0.2166860315054546	1560
cg04803465	0.21668577288150334	1560
cg16048904	0.21668511960032627	1560
cg02486520	0.21668498347755347	1560
cg19101893	0.2166847357723425	1560
cg22932313	0.21668392359537228	1560
cg14416930	0.21668353719683345	1560
cg22753661	0.216682936992401	1560
cg04519327	0.21668227394243644	1560
cg12171781	0.21668203981551115	1560
cg17649104	0.21668147645039126	1560
cg13709720	0.21668117801446202	1560
cg04473209	0.21668104366746563	1560
cg07551314	0.21668092207052514	1560
cg19934111	0.2166805100494931	1560
cg24039778	0.21668035717004067	1560
cg16904509	0.2166801456297958	1560
cg23219046	0.21667975864151331	1560
cg08524932	0.21667959250945487	1560
cg05888707	0.21667952741835403	1560
cg02913971	0.21667937462639938	1560
cg15862128	0.21667915016484193	1560
cg17347593	0.21667824792728493	1560
cg12592610	0.21667698888026174	1560
cg09332996	0.21667678904459992	1560
cg20126496	0.21667593857227233	1560
cg19603885	0.21667547485826993	1560
cg11877064	0.21667532096432116	1560
cg00338685	0.21667507897770172	1560
cg15988734	0.21667485566130462	1560
cg08652654	0.21667394513938915	1560
cg05450262	0.21667341238734672	1560
cg17098449	0.21667341107567967	1560
cg00308770	0.21667211967184935	1560
cg02619656	0.21667105530280817	1560
cg21185031	0.21666980375699763	1560
cg24341537	0.21666945611905464	1560
cg25251442	0.21666929694061357	1560
cg22621063	0.21666879635648478	1560
cg10858415	0.2166685307979557	1560
cg24859528	0.2166685151145063	1560
cg10940942	0.21666779737415837	1560
cg26525629	0.21666729967888476	1560
cg13152856	0.21666682324760328	1560
cg05971891	0.2166664877352977	1560
cg06130599	0.21666427307041874	1560
cg22785492	0.21666399120743407	1560
cg27267143	0.21666239109055055	1560
cg20207314	0.2166623592324918	1560
cg13987862	0.2166623418027825	1560
cg08692688	0.2166612945565815	1560
cg26394837	0.21666068862163584	1560
cg25960072	0.21666014200630476	1560
cg23215341	0.21666001041905686	1560
cg13622103	0.21665826378060235	1560
cg18135436	0.21665776357991456	1560
cg00473044	0.21665754570381937	1560
cg19735457	0.21665591979992072	1560
cg02388276	0.21665538923364697	1560
cg11296774	0.2166551022931955	1560
cg11563074	0.21665451821910267	1560
cg09771916	0.21665406664480885	1560
cg03936054	0.2166531179905386	1560
cg13561662	0.2166528142614759	1560
cg08472222	0.21665208570226685	1560
cg23342777	0.21665181313392945	1560
cg14234340	0.21665169172442167	1560
cg20053493	0.21665127685034974	1560
cg11095277	0.21665072694903073	1560
cg20095674	0.2166506674217532	1560
cg22083602	0.2166505126951004	1560
cg19277182	0.21664991877056938	1560
cg27543578	0.21664985922556773	1560
cg00930306	0.2166491363065415	1560
cg04156995	0.2166487939959944	1560
cg23090060	0.21664765218905566	1560
cg24167928	0.21664754146050302	1560
cg13976544	0.2166470770232271	1560
cg14188428	0.21664604799717138	1560
cg14360440	0.21664581390635282	1560
cg00834537	0.21664533093132118	1560
cg16457876	0.21664507469549252	1560
cg18314765	0.21664485384235066	1560
cg27342251	0.21664458197739705	1560
cg21559154	0.21664348273721948	1560
cg05650927	0.216643242811423	1560
cg11049658	0.21664312987045728	1560
cg10024406	0.2166414545562875	1560
cg00490648	0.2166410899033912	1560
cg04035403	0.21664074874893025	1560
cg05704093	0.21664046201702525	1560
cg14383760	0.21664043470670657	1560
cg12517050	0.21664033174758984	1560
cg06535102	0.2166397743043489	1560
cg26795346	0.2166391512826575	1560
cg06431611	0.21663858835273497	1560
cg17821750	0.21663837271052827	1560
cg25397840	0.21663819827436517	1560
cg19599856	0.21663787385132224	1560
cg24547863	0.21663731128312133	1560
cg02931526	0.2166370793865068	1560
cg24280439	0.21663676781339766	1560
cg21913519	0.21663615666311825	1560
cg27337277	0.2166359579694018	1560
cg22616646	0.21663565914150623	1560
cg16080958	0.21663505737165448	1560
cg07873290	0.21663494781409362	1560
cg13926796	0.2166349186724844	1560
cg02314394	0.2166348731782729	1560
cg14090880	0.21663460546586039	1560
cg16991298	0.21663408470772677	1560
cg24648337	0.21663316206191732	1560
cg05513583	0.21663134768560624	1560
cg07942762	0.2166312450996557	1560
cg16200116	0.21663087642719744	1560
cg21482635	0.21663040422707097	1560
cg03490073	0.2166303464658544	1560
cg09184385	0.21662961931466296	1560
cg01599957	0.21662948226439255	1560
cg25479499	0.21662831667571625	1560
cg26320219	0.21662822051579678	1560
cg17999916	0.21662786637704376	1560
cg19852264	0.21662596465780257	1560
cg11116510	0.21662569818104482	1560
cg24643045	0.21662394877085459	1560
cg16334004	0.21662290902967357	1560
cg24562610	0.21662254078226512	1560
cg12565355	0.2166222254776909	1560
cg18919323	0.2166220514212886	1560
cg08461705	0.2166216345894215	1560
cg19235994	0.2166209346005051	1560
cg06206218	0.21662019586873354	1560
cg07452235	0.21662001988366641	1560
cg02035565	0.2166186122372636	1560
cg01883917	0.2166184159693143	1560
cg14022322	0.2166181521845798	1560
cg02179181	0.21661813086955767	1560
cg02607786	0.2166175952540061	1560
cg23676956	0.21661727976653183	1560
cg26177192	0.2166170623152443	1560
cg00180225	0.21661543244676154	1560
cg03715360	0.21661537830676586	1560
cg20699463	0.2166145766383851	1560
cg05970014	0.21661335660581935	1560
cg06709178	0.21661277025185302	1560
cg16144562	0.21661137259287222	1560
cg26948176	0.21661097028374027	1560
cg05950195	0.2166108051226253	1560
cg24126633	0.21661070693833098	1560
cg14905600	0.2166103909731792	1560
cg21950459	0.21661006954724987	1560
cg26101890	0.21660964855216036	1560
cg12515908	0.2166073608283444	1560
cg05272165	0.21660674407618083	1560
cg05239163	0.21660583713002304	1560
cg26278134	0.21660480743035657	1560
cg20181312	0.21660447718226836	1560
cg15083677	0.21660312892707984	1560
cg19255634	0.21660291068737533	1560
cg05434602	0.2166026810197219	1560
cg15765129	0.21660253827884446	1560
cg24594452	0.21660174113063033	1560
cg17233517	0.21660063438641297	1560
cg06803140	0.21659958229202694	1560
cg06534994	0.2165993751015997	1560
cg07612468	0.21659772277848258	1560
cg21107426	0.2165959838207692	1560
cg13135577	0.21659576977731906	1560
cg16264214	0.2165955503425899	1560
cg02666566	0.21659376394141278	1560
cg07808701	0.21659374344770063	1560
cg01660001	0.21659338019421207	1560
cg22389275	0.2165925659616421	1560
cg12537302	0.21659220503733637	1560
cg10721856	0.2165918665320706	1560
cg01357745	0.21658994787412789	1560
cg22621730	0.21658967373176394	1560
cg02725821	0.2165894806092629	1560
cg14781374	0.21658918587627035	1560
cg02258303	0.2165884291365534	1560
cg01055954	0.21658824375443708	1560
cg25059588	0.21658804082747174	1560
cg07366967	0.2165878661298586	1560
cg10297430	0.21658754082352027	1560
cg27428418	0.21658643764568195	1560
cg08630624	0.2165862225415998	1560
cg05794411	0.2165858909823364	1560
cg15659347	0.21658548760524268	1560
cg12124409	0.21658445731691256	1560
cg14201459	0.2165840415886229	1560
cg14204039	0.21658340658742178	1560
cg11391970	0.21658040870252077	1560
cg20015299	0.21658036199664835	1560
cg20157572	0.21658035629688763	1560
cg10897866	0.21658008439473045	1560
cg06700247	0.21657982589617314	1560
cg05124166	0.21657794206613118	1560
cg01506855	0.21657789011664935	1560
cg06500392	0.21657737511552294	1560
cg12312176	0.21657709621671684	1560
cg05338930	0.2165759275143771	1560
cg10930226	0.21657516434699794	1560
cg18584578	0.21657406714427682	1560
cg14882577	0.21657338397727305	1560
cg14017034	0.21657330746991812	1560
cg08120951	0.21657253589212608	1560
cg03031073	0.21657163705671445	1560
cg03245889	0.21657117110546376	1560
cg04707703	0.21656913094760472	1560
cg21997130	0.21656893840066804	1560
cg05745622	0.2165689368660399	1560
cg08403994	0.21656883946518385	1560
cg16891165	0.21656868264111478	1560
cg22115204	0.21656837743466031	1560
cg10344433	0.2165680884712343	1560
cg10764468	0.21656723371912065	1560
cg00788063	0.21656676072906525	1560
cg21341878	0.21656661418128048	1560
cg06858562	0.2165661769964599	1560
cg01731204	0.21656576815048464	1560
cg01174085	0.21656561049421946	1560
cg06115835	0.2165641120781661	1560
cg07150585	0.21656352209095225	1560
cg07622575	0.2165628020403281	1560
cg14068301	0.21656151392141118	1560
cg01403339	0.21656129179768224	1560
cg00318243	0.2165607112538047	1560
cg13557417	0.21656014769776188	1560
cg15728439	0.2165600113847175	1560
cg11839036	0.2165573503680391	1560
cg19268388	0.21655699283934401	1560
cg11205335	0.2165550348672442	1560
cg01860010	0.21655394919335455	1560
cg12082793	0.21655295032299526	1560
cg18113151	0.21655289142449777	1560
cg16002640	0.21655175335823135	1560
cg19760648	0.2165515834591899	1560
cg12541836	0.21655047365036553	1560
cg13778604	0.21654999812866987	1560
cg11106836	0.21654886975665955	1560
cg00716848	0.21654834854925117	1560
cg19563331	0.21654800891786224	1560
cg11724750	0.21654769580455646	1560
cg06599250	0.21654685709270063	1560
cg17089729	0.21654672081006165	1560
cg16246573	0.21654345901244018	1560
cg11679914	0.21654155971451922	1560
cg04018533	0.21654062438634186	1560
cg04296187	0.21653836417994005	1560
cg26441291	0.21653779218533287	1560
cg25140657	0.2165377571046553	1560
cg25423225	0.2165368822851764	1560
cg10684102	0.21653687171975455	1560
cg03772408	0.2165368298984008	1560
cg07117068	0.21653638710082806	1560
cg24013618	0.21653568349535476	1560
cg05472727	0.21653532485434795	1560
cg10266189	0.21653435286168118	1560
cg03902391	0.21653343492134178	1560
cg03966708	0.2165309782896808	1560
cg06573573	0.2165308004957812	1560
cg14056656	0.2165304514400809	1560
cg09084085	0.21652936626371114	1560
cg10726892	0.21652890260054067	1560
cg15875502	0.21652887984659946	1560
cg01869618	0.2165282668193828	1560
cg10348368	0.2165269361389283	1560
cg21751085	0.21652660312847719	1560
cg20107840	0.21652620229167044	1560
cg09358422	0.21652564651654452	1560
cg26185198	0.21652544614214775	1560
cg04240471	0.21652325845992276	1560
cg14883190	0.2165229798289021	1560
cg08112248	0.21652285965817328	1560
cg15370235	0.2165218531305435	1560
cg23283590	0.21651925945268674	1560
cg05719599	0.21651867413511788	1560
cg20314874	0.2165173490245828	1560
cg05589743	0.21651730446401837	1560
cg01498085	0.21651704591737678	1560
cg16229161	0.2165152254063154	1560
cg06199939	0.2165150334075687	1560
cg20030817	0.21651493672226793	1560
cg00530688	0.21651487066690805	1560
cg22580275	0.2165132717106674	1560
cg05425294	0.21651211870849552	1560
cg17667773	0.2165109358298125	1560
cg00064589	0.21650990089890285	1560
cg01235479	0.21650906174327664	1560
cg02700472	0.2165079449802554	1560
cg23025752	0.21650784908954582	1560
cg14656229	0.21650747317905503	1560
cg14267777	0.21650580956758442	1560
cg09596260	0.2165057049276255	1560
cg01008121	0.21650537021150498	1560
cg01434042	0.21650458529549665	1560
cg21839620	0.21650427748880133	1560
cg11870426	0.21650341270837362	1560
cg17311649	0.21650333469033603	1560
cg01541443	0.2165033239306225	1560
cg01565740	0.2165031176950259	1560
cg00906762	0.216502976253917	1560
cg05152568	0.21650295580281223	1560
cg12210305	0.21650278859679162	1560
cg21478562	0.2165013875368069	1560
cg03032620	0.2164991450146051	1560
cg02360367	0.2164988857373858	1560
cg10340622	0.216498766804405	1560
cg08426800	0.2164953378024828	1560
cg26525480	0.21649499926358032	1560
cg08443680	0.21649468702699842	1560
cg12575181	0.21649431095917687	1560
cg27475586	0.21649426693838306	1560
cg10356601	0.21649359143695018	1560
cg06293369	0.2164930677203756	1560
cg05687865	0.21649297843033563	1560
cg02203513	0.21649212241964913	1560
cg07797747	0.2164913440395711	1560
cg04610601	0.21649093194881358	1560
cg14457994	0.2164909036992957	1560
cg25452299	0.21649075709895904	1560
cg02234043	0.2164903468690735	1560
cg09969545	0.21649024491248178	1560
cg04726730	0.21648925437180594	1560
cg14519134	0.21648767398196073	1560
cg00032610	0.21648748535166196	1560
cg19802476	0.21648736019603168	1560
cg11193213	0.21648699421896564	1560
cg00556614	0.21648583385402734	1560
cg16017429	0.21648502700848055	1560
cg07036112	0.2164846041552075	1560
cg24410607	0.21648307591009597	1560
cg12997635	0.2164820353710991	1560
cg07915189	0.2164818327709269	1560
cg00123333	0.2164816632447894	1560
cg14642464	0.21648155559274027	1560
cg19828338	0.2164810488812101	1560
cg01852792	0.21648084669461934	1560
cg09175811	0.21648042362937617	1560
cg24555360	0.21647925486239844	1560
cg14921827	0.21647724527087886	1560
cg19430305	0.21647710338716114	1560
cg17786067	0.21647635815874258	1560
cg05565537	0.2164722583257209	1560
cg05845650	0.21647213036857635	1560
cg12898595	0.21647168275362672	1560
cg20691436	0.21647154900584728	1560
cg07223534	0.21647148380003092	1560
cg22044024	0.21647112745994487	1560
cg06244754	0.21647069670017693	1560
cg10909625	0.21647049770703097	1560
cg05869964	0.21647008510927435	1560
cg03150210	0.2164700369255603	1560
cg20680819	0.21646982264249262	1560
cg10783870	0.21646921085361387	1560
cg10175632	0.21646872059450134	1560
cg10370961	0.21646731025305338	1560
cg26342552	0.21646687036704335	1560
cg08067030	0.2164665061906277	1560
cg20108328	0.21646505301973512	1560
cg03922262	0.2164647109302704	1560
cg20776920	0.2164645958310637	1560
cg05855239	0.21646445456578664	1560
cg08238444	0.21646403227090238	1560
cg15592143	0.21646387432410796	1560
cg18375960	0.21646351009305873	1560
cg01053259	0.21646262617108106	1560
cg10886747	0.216462014476029	1560
cg03672650	0.21646119833384217	1560
cg19755813	0.21646099816196734	1560
cg00140786	0.2164609378249315	1560
cg00460944	0.21646087015267082	1560
cg11479035	0.21645984637796933	1560
cg05459650	0.21645902783036303	1560
cg26555149	0.21645898420809362	1560
cg16599298	0.21645883564662216	1560
cg07687798	0.21645850643029824	1560
cg06157950	0.21645709938814128	1560
cg04620946	0.2164567926519538	1560
cg15897600	0.216456226136547	1560
cg05502098	0.21645620083276507	1560
cg14301710	0.216455178052824	1560
cg15271681	0.216453781850919	1560
cg00512917	0.2164523088149827	1560
cg17216272	0.21645223672951547	1560
cg24517175	0.21645200038118734	1560
cg15825311	0.2164516969818269	1560
cg06323693	0.2164513093435722	1560
cg13689006	0.21644970775138447	1560
cg25301103	0.21644811106418532	1560
cg02538070	0.2164471826308615	1560
cg21419939	0.21644710796506766	1560
cg06408710	0.21644678137984405	1560
cg13541146	0.21644574241159353	1560
cg15941665	0.21644508154685352	1560
cg13822329	0.2164449539036105	1560
cg02440214	0.21644393606224366	1560
cg24861006	0.2164432053969258	1560
cg08583240	0.21644172306964438	1560
cg13895004	0.216441581260126	1560
cg08054217	0.21644132824207452	1560
cg11929750	0.2164401274192445	1560
cg12431188	0.21643985442779592	1560
cg19888088	0.21643978537135314	1560
cg08862291	0.21643951522950575	1560
cg10821304	0.21643698989903382	1560
cg26547124	0.21643631935900232	1560
cg08718459	0.21643581623037048	1560
cg25282083	0.21643407689030503	1560
cg19171175	0.21643395212983815	1560
cg03533979	0.2164334376650978	1560
cg25548221	0.21643199903664037	1560
cg23238709	0.2164318667938645	1560
cg25921007	0.21643131646774305	1560
cg00436183	0.2164307347479323	1560
cg27414909	0.21643062198416038	1560
cg02254581	0.21643035070743014	1560
cg24559666	0.2164280789861507	1560
cg09690883	0.2164265701099969	1560
cg05734295	0.21642616589866265	1560
cg16108726	0.2164261296330833	1560
cg22158475	0.21642551033675952	1560
cg19847936	0.216424612767974	1560
cg04956674	0.21642421795359176	1560
cg23085023	0.21642403288204498	1560
cg05608511	0.2164221962834571	1560
cg05827468	0.21642199101509976	1560
cg07652482	0.2164212304087482	1560
cg02365577	0.2164201464623363	1560
cg16618417	0.21641956877048174	1560
cg27299846	0.2164187692034629	1560
cg11762807	0.216418319181343	1560
cg09759523	0.21641811908594005	1560
cg26841383	0.21641731743150486	1560
cg09114672	0.21641689490870372	1560
cg05397514	0.2164168411807493	1560
cg06258596	0.21641667080956214	1560
cg07449094	0.21641663687172877	1560
cg06726804	0.2164165648077092	1560
cg01060938	0.21641578958544808	1560
cg18792709	0.21641393549478266	1560
cg02122052	0.2164121229599284	1560
cg18715299	0.21641197753084465	1560
cg12713040	0.21641144190773523	1560
cg13589559	0.21641097150047106	1560
cg00190065	0.2164093642082398	1560
cg00094751	0.21640914300339606	1560
cg18464160	0.21640722625474518	1560
cg26709863	0.21640671636912248	1560
cg09869858	0.21640632191308232	1560
cg24638453	0.21640472814830067	1560
cg27380724	0.21640470524368635	1560
cg24618614	0.2164033229314279	1560
cg12361046	0.21640274700344161	1560
cg23130739	0.21640254388798416	1560
cg14742341	0.21640229594345742	1560
cg03711964	0.21640136793983014	1560
cg14302625	0.21640123052898472	1560
cg01026661	0.21639826676355117	1560
cg12020464	0.21639786698832142	1560
cg26785025	0.21639783955896785	1560
cg25806370	0.2163971785343164	1560
cg00489467	0.21639672374808988	1560
cg05036579	0.21639671363609492	1560
cg01250155	0.2163955253805351	1560
cg09524334	0.21639242891515864	1560
cg01228739	0.21639184551232915	1560
cg14298269	0.21639172025763073	1560
cg15442370	0.2163911224293434	1560
cg03685454	0.21639096744688396	1560
cg14355208	0.2163905623116349	1560
cg00905312	0.2163903980133975	1560
cg07205657	0.21638995125328456	1560
cg23018039	0.21638950722759903	1560
cg09706751	0.21638945868515647	1560
cg16656232	0.21638912968278426	1560
cg14911189	0.21638772777479198	1560
cg15971800	0.21638612043980737	1560
cg00627798	0.21638539948137428	1560
cg11096575	0.21638515026442054	1560
cg27405799	0.21638507036113455	1560
cg07791762	0.2163836492141451	1560
cg08593676	0.21638330754939666	1560
cg25423009	0.21638257218645718	1560
cg23096682	0.21638170957592126	1560
cg01683373	0.21638104885259674	1560
cg03073703	0.21637938269846668	1560
cg25154959	0.2163793214324713	1560
cg11210004	0.2163789568074602	1560
cg23273221	0.21637891917427013	1560
cg09510246	0.2163789067850101	1560
cg27453036	0.2163785932072401	1560
cg26016985	0.21637827907882767	1560
cg05785554	0.21637785589568959	1560
cg25652516	0.2163775431294016	1560
cg21441730	0.2163775408936954	1560
cg16940803	0.2163765335276513	1560
cg04987955	0.2163763641878494	1560
cg04414816	0.21637628104799925	1560
cg09222791	0.2163746831702827	1560
cg26816819	0.21637240582239922	1560
cg04846842	0.21637101003930562	1560
cg24629941	0.2163709369750143	1560
cg12550600	0.21636987027766827	1560
cg18857892	0.21636909159765888	1560
cg20795680	0.2163688851766796	1560
cg10773799	0.21636859187884772	1560
cg21383971	0.21636818430429233	1560
cg25551081	0.21636797032911936	1560
cg12813919	0.2163679389238155	1560
cg27218685	0.21636762243205918	1560
cg11969602	0.21636746187656708	1560
cg06209298	0.21636590454248547	1560
cg09204302	0.2163628872519784	1560
cg12732883	0.21636236058596225	1560
cg03081743	0.21636205468443254	1560
cg16374972	0.21636022412611963	1560
cg17070539	0.21635957453474583	1560
cg08263561	0.21635909057472466	1560
cg24185680	0.21635832978070926	1560
cg20672930	0.21635816763210283	1560
cg02074859	0.21635782123682792	1560
cg13862271	0.2163575166711978	1560
cg27514509	0.2163572678545725	1560
cg13664919	0.2163571945565618	1560
cg15070801	0.21635675754898248	1560
cg13276755	0.2163560861236527	1560
cg00049616	0.2163557946050886	1560
cg08921800	0.2163556088674036	1560
cg13183355	0.2163555054759241	1560
cg07287293	0.21635459597733261	1560
cg16320894	0.2163528695330303	1560
cg25252443	0.2163527528310785	1560
cg00035889	0.21635250847130147	1560
cg02850934	0.21635162118222587	1560
cg10601476	0.21635085664827336	1560
cg17545805	0.21635004086516996	1560
cg19914238	0.2163498641444114	1560
cg01376318	0.2163497709546887	1560
cg01238858	0.21634909407737374	1560
cg11247649	0.21634893396443988	1560
cg07075299	0.21634885704858664	1560
cg11745706	0.21634870444749507	1560
cg24408776	0.216348206915894	1560
cg10215844	0.21634740065404245	1560
cg14270612	0.21634669519605532	1560
cg08821874	0.21634618091816707	1560
cg25386699	0.2163434500822485	1560
cg23414361	0.2163434179144754	1560
cg23695714	0.2163429573233503	1560
cg05553452	0.21634124578686617	1560
cg25502245	0.21634097723936865	1560
cg00115549	0.21634092705942454	1560
cg09474105	0.21634075152278914	1560
cg18396054	0.21634017701787606	1560
cg22778952	0.2163398850550654	1560
cg05134857	0.2163393272251566	1560
cg16345055	0.2163392516015553	1560
cg17386250	0.21633900565070616	1560
cg23979102	0.21633802728105828	1560
cg03142837	0.21633767025493444	1560
cg16034787	0.21633485202803154	1560
cg21495385	0.2163344264803075	1560
cg23167456	0.216333600574306	1560
cg09313979	0.216332341776188	1560
cg26655004	0.216331323836367	1560
cg11802511	0.21633061140767346	1560
cg23834210	0.2163305083132251	1560
cg05521581	0.21632927517976397	1560
cg18883643	0.2163292378628683	1560
cg21182423	0.21632826227127985	1560
cg26301078	0.2163279023512812	1560
cg26216343	0.21632736814120132	1560
cg23634417	0.21632729040751675	1560
cg12651540	0.21632582018526905	1560
cg15955499	0.21632539466256898	1560
cg10711095	0.21632528704565337	1560
cg02873997	0.21632485679564187	1560
cg21731239	0.21632371204332293	1560
cg07364396	0.21632354486151037	1560
cg24782783	0.21632291366041503	1560
cg19707379	0.21632282179159845	1560
cg00851532	0.2163227737462708	1560
cg27523180	0.21632143068367143	1560
cg15516832	0.21632078383772965	1560
cg04901821	0.21632056338882763	1560
cg22660420	0.21631978677814256	1560
cg25086501	0.2163197169042049	1560
cg22668002	0.2163185931687483	1560
cg22112918	0.21631706073814422	1560
cg24002010	0.216316686607484	1560
cg01853079	0.2163154712788538	1560
cg26826109	0.2163153416930587	1560
cg22783747	0.21631434035459673	1560
cg00256632	0.21631323967968652	1560
cg09663237	0.21631275697477273	1560
cg18026826	0.21631226472156112	1560
cg14314458	0.21631212864732097	1560
cg09020064	0.21631194898944361	1560
cg17152436	0.21631123484670975	1560
cg03598366	0.21630987791178685	1560
cg24743237	0.21630957879876034	1560
cg18123037	0.21630917697779026	1560
cg05330977	0.2163086574442534	1560
cg17135580	0.2163080717231923	1560
cg03639170	0.21630777754191152	1560
cg23315932	0.21630727396337285	1560
cg04577715	0.2163065110892426	1560
cg18488733	0.21630463310018827	1560
cg18848917	0.21630436734746025	1560
cg26472511	0.2163038334905301	1560
cg18092353	0.21630281216627337	1560
cg20810046	0.2163019557033344	1560
cg01316071	0.21630157091299906	1560
cg10063565	0.21630032569169239	1560
cg02258788	0.21630016229338123	1560
cg04876978	0.21629802424116423	1560
cg18979762	0.21629778567800834	1560
cg04105597	0.21629759552347777	1560
cg16685990	0.2162974278175931	1560
cg12792509	0.21629732867860485	1560
cg13157870	0.2162971291245368	1560
cg24002071	0.2162970661349282	1560
cg22102057	0.21629690094648382	1560
cg16239694	0.21629685165815188	1560
cg14730119	0.21629601755702216	1560
cg17410412	0.21629599899076604	1560
cg18720930	0.21629594759558127	1560
cg12964881	0.21629443672758433	1560
cg10944379	0.2162941279850761	1560
cg27095847	0.21629284017253306	1560
cg07225862	0.216292380575493	1560
cg09374916	0.2162919438949907	1560
cg11199448	0.2162919293403492	1560
cg19760666	0.21629166107454703	1560
cg04297686	0.21629077897071253	1560
cg27337209	0.21628992781336717	1560
cg12697067	0.21628816977184104	1560
cg06117824	0.21628807166125158	1560
cg00093080	0.21628782115067066	1560
cg07393508	0.2162871252517405	1560
cg02262727	0.21628585677431872	1560
cg06815243	0.21628509983305463	1560
cg02322435	0.21628469307425033	1560
cg07661162	0.21628388651059816	1560
cg23105338	0.21628258160455263	1560
cg20165604	0.21628151279840502	1560
cg08706405	0.21628099081556343	1560
cg02405609	0.2162809336545587	1560
cg06775420	0.2162792644061117	1560
cg06796220	0.21627883751981156	1560
cg02399455	0.2162780599805417	1560
cg15066991	0.21627762098868308	1560
cg06601579	0.21627758351399182	1560
cg06768019	0.21627589313331128	1560
cg08738386	0.21627545629712985	1560
cg19734801	0.21627470209234645	1560
cg18854679	0.2162746119636111	1560
cg25424937	0.216274331178562	1560
cg24345412	0.21627378844555123	1560
cg06913345	0.21627326009730166	1560
cg10502904	0.21627315976427347	1560
cg26146048	0.21627296864528792	1560
cg16863673	0.21627269969347915	1560
cg19354287	0.21627215665297825	1560
cg13634090	0.21627166550619897	1560
cg00185032	0.21627140756119245	1560
cg15316750	0.2162709724704025	1560
cg15659409	0.2162708282784156	1560
cg18944135	0.21626995114598543	1560
cg00612508	0.21626922048759578	1560
cg00669119	0.21626894364064903	1560
cg08458170	0.2162688263510757	1560
cg18276599	0.2162688150564172	1560
cg25397849	0.21626876436566134	1560
cg04443233	0.21626831800832133	1560
cg19983775	0.21626796555414485	1560
cg20734752	0.21626679974658797	1560
cg03068659	0.21626184675154356	1560
cg27099880	0.2162617910295772	1560
cg15035716	0.21626118864376284	1560
cg09874326	0.21625980667255248	1560
cg01679060	0.21625926666015408	1560
cg20261142	0.2162587897986464	1560
cg15532408	0.21625805016164296	1560
cg25415989	0.21625701665126745	1560
cg14596602	0.21625536170392448	1560
cg07083023	0.21625507494071608	1560
cg03075966	0.2162545596437076	1560
cg03736944	0.21625451159970588	1560
cg27258214	0.2162538537454613	1560
cg18457159	0.2162533020963589	1560
cg24172989	0.21625186351514952	1560
cg08559648	0.21624945937128343	1560
cg24033742	0.2162491725547226	1560
cg24687794	0.21624874398169247	1560
cg09075788	0.21624872532745373	1560
cg02555274	0.21624770585948894	1560
cg21209643	0.21624704443249482	1560
cg19288226	0.21624672760983607	1560
cg00395825	0.21624658850112188	1560
cg13319841	0.2162465116517447	1560
cg03378003	0.216246200431208	1560
cg08909316	0.21624562205086875	1560
cg02593989	0.21624488913999407	1560
cg02652978	0.21624466531196293	1560
cg12434856	0.216244493191351	1560
cg14704208	0.21624360042579424	1560
cg11512771	0.21624214309909445	1560
cg19398858	0.21624060730159503	1560
cg01451329	0.2162401398045891	1560
cg00473624	0.21623940798174937	1560
cg00956252	0.21623930641558434	1560
cg14641050	0.21623847601309895	1560
cg14258935	0.21623768949752634	1560
cg16765068	0.21623740685758347	1560
cg05163177	0.21623673190026305	1560
cg20940044	0.2162361773725172	1560
cg13439505	0.2162352996279532	1560
cg05017226	0.2162350642691276	1560
cg04086388	0.21623464247727134	1560
cg15077546	0.21623462181537897	1560
cg25601830	0.2162314984102618	1560
cg25265081	0.21623133038504996	1560
cg02399044	0.21623128806017233	1560
cg10118998	0.21623063415435184	1560
cg15124343	0.21623046476056382	1560
cg14052728	0.21623000585669644	1560
cg03114945	0.2162299575476395	1560
cg10355466	0.21622922109845585	1560
cg26877327	0.21622912823819965	1560
cg01518846	0.2162286584134732	1560
cg04789761	0.2162285458955563	1560
cg01934797	0.21622840483795294	1560
cg27114026	0.21622826528308992	1560
cg26338030	0.21622796746787867	1560
cg05301976	0.2162259910452311	1560
cg25829729	0.21622575305565486	1560
cg04752352	0.21622470978346944	1560
cg07300192	0.2162244504245113	1560
cg09963962	0.21622431343158788	1560
cg18847089	0.21622325010454435	1560
cg00085256	0.2162229991666771	1560
cg23167235	0.2162228910837223	1560
cg15713391	0.21622256807155837	1560
cg25021135	0.2162213689042424	1560
cg17804498	0.2162209100387398	1560
cg14879690	0.21622044721616215	1560
cg22218588	0.2162192201407093	1560
cg14851637	0.21621877676489792	1560
cg26794015	0.21621710210837394	1560
cg06390368	0.21621650318320612	1560
cg27487587	0.21621649441930815	1560
cg20746793	0.21621503733178232	1560
cg04031383	0.21621434023287334	1560
cg23785882	0.21621362798945196	1560
cg00760474	0.21621355541778714	1560
cg04127606	0.21621234403589362	1560
cg06980204	0.21621177297783534	1560
cg08195928	0.21621150102828327	1560
cg06962428	0.21621072049224546	1560
cg08644263	0.21621067218412796	1560
cg16889990	0.21621027990193628	1560
cg18310205	0.21620775286034	1560
cg21095982	0.2162072403128775	1560
cg23833352	0.21620666460953356	1560
cg11730179	0.2162045069013944	1560
cg04859719	0.21620381265718827	1560
cg14200305	0.21620268510483098	1560
cg16193304	0.21620257598224688	1560
cg05202439	0.2162023084548083	1560
cg03173942	0.2162019974920556	1560
cg25508605	0.2162018724316485	1560
cg23541019	0.21620059602519578	1560
cg00434413	0.21619640058699283	1560
cg24561411	0.2161954829351403	1560
cg01191587	0.21619470917590972	1560
cg08163578	0.21619439979437097	1560
cg25214924	0.2161941951894294	1560
cg08847316	0.2161933387438338	1560
cg21815258	0.21619248040206154	1560
cg01005930	0.2161917884526521	1560
cg02230225	0.21619116413527245	1560
cg14209522	0.21619073478939593	1560
cg08798148	0.2161901851627886	1560
cg03364130	0.21618986537857912	1560
cg13732622	0.21618979339972969	1560
cg23824010	0.2161894778814722	1560
cg02973680	0.21618903409915108	1560
cg07996352	0.21618844003554563	1560
cg02938863	0.21618471584779167	1560
cg15304425	0.21618387435493627	1560
cg13403636	0.21618210066606972	1560
cg02746684	0.2161820730749405	1560
cg17886471	0.2161820042780621	1560
cg27115419	0.21618178321304682	1560
cg03857502	0.21618089737224713	1560
cg24858207	0.21617987308945646	1560
cg19894748	0.21617944210847212	1560
cg11943008	0.2161787136340971	1560
cg20569070	0.21617863242977142	1560
cg07375964	0.21617857412551908	1560
cg15265970	0.21617849116872737	1560
cg05143174	0.21617782223818569	1560
cg18514164	0.2161774803364341	1560
cg16230553	0.2161774784429494	1560
cg10947826	0.21617713058972318	1560
cg10449894	0.21617674290200042	1560
cg08865634	0.21617672491831033	1560
cg12178316	0.21617570842189912	1560
cg27201775	0.21617471299494428	1560
cg02524547	0.21617428433700073	1560
cg19265913	0.2161732853984662	1560
cg00737208	0.2161724909375732	1560
cg06675904	0.2161722777202333	1560
cg26832154	0.21617225591817893	1560
cg23404610	0.21617184690609426	1560
cg22009470	0.2161715566922298	1560
cg26072939	0.21617110024445926	1560
cg18879061	0.21617105922126656	1560
cg02908338	0.21616946739690884	1560
cg18771126	0.2161692055471635	1560
cg01881378	0.216168358508938	1560
cg20055776	0.21616777728555195	1560
cg18589846	0.21616748321178303	1560
cg02978013	0.21616745815032704	1560
cg18187148	0.21616699875731615	1560
cg06903658	0.2161663545860595	1560
cg01497561	0.21616607822969502	1560
cg19017803	0.21616590965283627	1560
cg17386114	0.21616491658207407	1560
cg06255020	0.21616483522234062	1560
cg02978460	0.2161647270069606	1560
cg18660208	0.2161646622347	1560
cg21120413	0.2161638810820011	1560
cg04505349	0.21616172093306685	1560
cg21944972	0.21616157856243012	1560
cg05181301	0.21616078080652612	1560
cg20964065	0.21616050054936947	1560
cg00097619	0.21616032704834306	1560
cg05702459	0.2161599815980454	1560
cg27042959	0.21615883881504097	1560
cg09174205	0.2161585475953514	1560
cg06794209	0.21615850688819188	1560
cg02572517	0.21615788241413897	1560
cg17865653	0.21615761980093212	1560
cg27207500	0.21615711644181126	1560
cg04214370	0.21615693583130158	1560
cg10452542	0.2161553527026405	1560
cg25273799	0.2161546941093844	1560
cg17335372	0.21615401151058125	1560
cg09809764	0.21615266875833142	1560
cg26836413	0.21615255727010393	1560
cg16465929	0.21615123424026345	1560
cg19050484	0.2161507517900573	1560
cg14572892	0.21615019358929538	1560
cg13489553	0.21614952338448085	1560
cg11257497	0.21614863831641065	1560
cg19435547	0.21614715424360778	1560
cg08455936	0.21614650387112494	1560
cg10349721	0.21614492794843254	1560
cg01846486	0.21614488703838	1560
cg10203317	0.2161443574275781	1560
cg01589157	0.2161442092346357	1560
cg10842588	0.21614380045628545	1560
cg16393935	0.21614364401211955	1560
cg05019381	0.2161434411174289	1560
cg06249198	0.21614221951630352	1560
cg01840115	0.2161413069886351	1560
cg21220856	0.2161411434174711	1560
cg17473257	0.21614103976208587	1560
cg05541634	0.2161407651667395	1560
cg05983502	0.21614003994881137	1560
cg03264624	0.21613839656211944	1560
cg07008701	0.21613804659452068	1560
cg21762727	0.216137650580266	1560
cg21964596	0.21613760725004316	1560
cg09707038	0.21613708664275805	1560
cg22351880	0.21613678513852194	1560
cg16311697	0.21613646273988413	1560
cg00854324	0.21613628402671495	1560
cg01495521	0.21613575864700052	1560
cg12569217	0.21613534160869494	1560
cg26151355	0.21613526894881427	1560
cg21230392	0.21613340862270333	1560
cg16794131	0.21613328737836662	1560
cg00202166	0.21613324696495614	1560
cg01921818	0.2161321493937332	1560
cg00022259	0.21613093969816433	1560
cg18595635	0.21613049302433854	1560
cg07696884	0.21613022522634948	1560
cg21585138	0.2161263538775767	1560
cg15946807	0.21612584253487968	1560
cg09051630	0.21612578664804005	1560
cg25827144	0.21612562727171872	1560
cg16773800	0.21612487493796553	1560
cg01805856	0.2161246644806378	1560
cg00221993	0.2161244272346918	1560
cg17670436	0.216123955050314	1560
cg18306502	0.21612287432450344	1560
cg17010118	0.2161221747484463	1560
cg10749626	0.21612158494044653	1560
cg01909551	0.21612154774137587	1560
cg09146428	0.2161209852232946	1560
cg00633969	0.21612005531595277	1560
cg01679924	0.21611982670257923	1560
cg25655324	0.21611950737088056	1560
cg24410469	0.2161189133833967	1560
cg21216933	0.2161180747182099	1560
cg27401395	0.2161177902494233	1560
cg26014373	0.21611747369129516	1560
cg04512603	0.21611696711667122	1560
cg02656792	0.2161161888997738	1560
cg00827745	0.2161152420195521	1560
cg14135272	0.2161140183553599	1560
cg26215399	0.21611363960274058	1560
cg12855271	0.2161135966550366	1560
cg19577697	0.21611350660297232	1560
cg17400366	0.21611319411028077	1560
cg12391048	0.2161127814611999	1560
cg16005942	0.21611269589192547	1560
cg27267198	0.21610994187311428	1560
cg04781330	0.21610989843791734	1560
cg01421021	0.2161096649330343	1560
cg07746514	0.21610936561851188	1560
cg25371549	0.21610912129077545	1560
cg01050935	0.21610728460468656	1560
cg10122690	0.2161067543187242	1560
cg11167637	0.21610661577547222	1560
cg04432174	0.2161057747292792	1560
cg04487827	0.21610487810290938	1560
cg19910654	0.21610472710936815	1560
cg05340240	0.2161043466038575	1560
cg16387516	0.21610422386232092	1560
cg06156296	0.2161041312978629	1560
cg19950073	0.21610360216540878	1560
cg11942439	0.21610231598987484	1560
cg19525780	0.21610228238295157	1560
cg20471927	0.21610152554632606	1560
cg12051260	0.2161015063058715	1560
cg16929692	0.2161014790780917	1560
cg08625192	0.2160985613829978	1560
cg11571588	0.21609781037255874	1560
cg08155465	0.21609759723244976	1560
cg00257659	0.21609720482114259	1560
cg14306683	0.21609693247309986	1560
cg14060898	0.21609679173250831	1560
cg10838270	0.21609619525580354	1560
cg04446870	0.21609559518893448	1560
cg14069279	0.21609557667134044	1560
cg26160492	0.21609391327148664	1560
cg12443241	0.21609375068651804	1560
cg15160873	0.216093058381668	1560
cg06937653	0.216092391850491	1560
cg04287747	0.21609217907409597	1560
cg12817154	0.21609126338770274	1560
cg07593521	0.21609018082073128	1560
cg11957798	0.21608848646516327	1560
cg03562788	0.2160881716608362	1560
cg07527467	0.2160878877208571	1560
cg22975816	0.21608735187163491	1560
cg22244768	0.21608666901348642	1560
cg18517898	0.2160865225941448	1560
cg13392385	0.21608575532355073	1560
cg21561989	0.21608559859256968	1560
cg03111576	0.2160850871742708	1560
cg24635527	0.21608424145644953	1560
cg08124634	0.21608351570000822	1560
cg25734107	0.216081246749183	1560
cg25747484	0.21608114479023677	1560
cg25544935	0.2160804688244602	1560
cg08494133	0.21608042950581124	1560
cg18356515	0.21608021695036253	1560
cg21946979	0.21607932056412482	1560
cg09060489	0.2160784634622082	1560
cg13737776	0.21607846290155	1560
cg00301018	0.21607718059307632	1560
cg22707691	0.2160771649540464	1560
cg19588408	0.21607534759954639	1560
cg24815353	0.216075337195952	1560
cg06835581	0.21607503239309434	1560
cg27157669	0.21607442312856123	1560
cg18085033	0.2160744218550314	1560
cg18019088	0.21607349050593253	1560
cg02838432	0.21607344397688374	1560
cg08298534	0.21607321574373145	1560
cg08717423	0.21607314825919582	1560
cg22677389	0.2160729747370645	1560
cg14511376	0.2160724700477112	1560
cg14791529	0.21607118536624628	1560
cg09277933	0.21607037775740862	1560
cg18334288	0.2160699477804275	1560
cg27546126	0.21606989948654257	1560
cg25630594	0.21606962469263283	1560
cg15082292	0.21606878422554326	1560
cg01092135	0.21606861724695128	1560
cg12598688	0.21606831538014662	1560
cg09126720	0.21606690661808015	1560
cg11819121	0.2160664182246991	1560
cg17396852	0.21606614172744362	1560
cg22444338	0.2160659102283974	1560
cg23366691	0.21606582083736875	1560
cg14779735	0.2160657762384744	1560
cg10058478	0.2160656336871718	1560
cg01602957	0.21606494751935973	1560
cg07110474	0.21606328755279175	1560
cg14864572	0.21606313237472013	1560
cg14282158	0.21606248664110672	1560
cg03046748	0.2160621041883716	1560
cg09313436	0.21606204615043464	1560
cg03867377	0.2160617229723801	1560
cg24659538	0.21606093964543707	1560
cg04473726	0.21605919508468438	1560
cg02473376	0.21605896326338908	1560
cg00663519	0.21605733891770407	1560
cg25073089	0.21605633685359407	1560
cg24974756	0.21605605492469457	1560
cg23814883	0.2160543212206771	1560
cg11411600	0.21605381653644198	1560
cg06230418	0.21605320550197818	1560
cg27274718	0.21605266765730038	1560
cg05934015	0.21605144882406124	1560
cg18403578	0.21605075971888635	1560
cg02598330	0.2160503659618843	1560
cg13855897	0.21604991859489217	1560
cg13229810	0.2160497728617991	1560
cg24312865	0.21604938513263636	1560
cg19928739	0.2160486247576903	1560
cg27425228	0.21604844049259683	1560
cg23880198	0.2160473817775553	1560
cg08311803	0.21604685002725346	1560
cg08017233	0.21604591256955888	1560
cg12799130	0.2160448676214523	1560
cg22184911	0.21604461695140725	1560
cg17233452	0.21604447572237856	1560
cg21184281	0.21604440768356872	1560
cg11060661	0.21604370437565068	1560
cg07699277	0.21604291869500233	1560
cg01971149	0.21604248747857768	1560
cg22518079	0.216040929445348	1560
cg14756706	0.21604022716625046	1560
cg16479386	0.2160399195829293	1560
cg06646098	0.21603976382626544	1560
cg17284162	0.21603934538967295	1560
cg10156207	0.21603890848145482	1560
cg05063597	0.21603831975760227	1560
cg07418124	0.21603733709389275	1560
cg02027123	0.21603670756829382	1560
cg16005525	0.21603669971165235	1560
cg06880763	0.21603596996256533	1560
cg16206324	0.2160356788931642	1560
cg22174355	0.2160353500287504	1560
cg11610258	0.21603501247233314	1560
cg16506776	0.21603420209546925	1560
cg24276445	0.21603307521070772	1560
cg13896891	0.216032544857692	1560
cg13484505	0.21603200509054749	1560
cg14908122	0.21603174445784157	1560
cg25794630	0.21603152597728853	1560
cg06936746	0.2160304705867673	1560
cg22930888	0.21602993299638434	1560
cg06796869	0.21602985194162136	1560
cg14398359	0.2160298405748735	1560
cg05588798	0.21602894338082165	1560
cg26683881	0.21602813663764578	1560
cg27254468	0.21602805809069026	1560
cg10830905	0.21602771102769153	1560
cg14317273	0.21602762104398138	1560
cg01189852	0.21602698345964041	1560
cg23572397	0.2160268639078412	1560
cg03162164	0.21602631734330968	1560
cg19509405	0.21602620715852913	1560
cg13418804	0.21602520833310732	1560
cg27224971	0.2160243324095499	1560
cg01747191	0.2160239719373956	1560
cg04789968	0.21602388803439684	1560
cg06973463	0.21602380960052492	1560
cg08458338	0.21602264326320492	1560
cg22563103	0.2160213963522383	1560
cg15171237	0.2160211633895357	1560
cg08128925	0.21602090995880519	1560
cg01237326	0.21602067162254324	1560
cg16586807	0.2160201980797925	1560
cg05446253	0.21602013468267503	1560
cg04246521	0.2160200892677773	1560
cg12907199	0.21601993852677107	1560
cg16248916	0.21601868612809536	1560
cg20438445	0.21601817822352443	1560
cg21824455	0.21601614153101556	1560
cg01788572	0.21601598750946222	1560
cg14083403	0.2160154168558365	1560
cg26744081	0.21601338967049916	1560
cg23673360	0.2160124997754016	1560
cg05058103	0.21601237552456737	1560
cg18236936	0.21601207327111108	1560
cg14459716	0.21601090763415692	1560
cg24347822	0.21601049472742295	1560
cg19882915	0.21600991386672866	1560
cg21876181	0.2160092188308263	1560
cg18485955	0.21600865878096792	1560
cg06730756	0.2160083807756109	1560
cg16720847	0.21600796396063798	1560
cg23586835	0.2160056897993828	1560
cg04422618	0.21600518588862466	1560
cg13625213	0.21600442890969757	1560
cg23851359	0.2160043344082211	1560
cg10488833	0.21600376535043203	1560
cg02907662	0.216003609029323	1560
cg04906546	0.216003506720034	1560
cg23622322	0.21600344217403783	1560
cg24295300	0.21600314444278768	1560
cg06858150	0.21600309037137874	1560
cg25743221	0.21600294901767117	1560
cg09227765	0.21600065397093035	1560
cg08050464	0.21600020062440803	1560
cg15048480	0.21599990493445473	1560
cg22392325	0.21599659273045674	1560
cg27436324	0.2159960212041042	1560
cg11894257	0.21599589566616578	1560
cg15601195	0.21599416111011654	1560
cg14778576	0.2159932971721947	1560
cg23986158	0.2159928330672819	1560
cg26401512	0.21599189258909265	1560
cg26522337	0.2159910650950952	1560
cg09022584	0.2159894479082509	1560
cg02935351	0.21598850167499098	1560
cg06270975	0.21598804279734798	1560
cg12660315	0.21598802699530023	1560
cg14281756	0.21598801275533838	1560
cg27628552	0.21598779117403805	1560
cg02428402	0.21598761237686753	1560
cg06852203	0.21598692091143976	1560
cg10894222	0.2159866903625588	1560
cg03603203	0.2159865773972783	1560
cg17255085	0.21598518700012592	1560
cg19241779	0.21598501601010506	1560
cg02272547	0.21598210494047945	1560
cg11339912	0.2159817863105184	1560
cg08308510	0.21598173836325132	1560
cg21751147	0.21598141553187353	1560
cg00489795	0.21598111357776992	1560
cg22011316	0.21598094493817413	1560
cg12220034	0.21598021089646155	1560
cg26570279	0.21598020197017959	1560
cg16508438	0.2159789111311767	1560
cg17025892	0.21597810477165624	1560
cg16763574	0.21597656815422217	1560
cg26832552	0.21597599811376506	1560
cg17008770	0.21597583240952534	1560
cg11186155	0.2159753762474502	1560
cg18437193	0.2159751373028666	1560
cg12337114	0.2159741477183955	1560
cg11947423	0.21597401118647974	1560
cg19938826	0.21597329968688733	1560
cg11105472	0.21597317335162639	1560
cg07775293	0.21597300944693876	1560
cg15607642	0.2159728157319363	1560
cg16161156	0.21597266706243304	1560
cg18999668	0.21597247957545107	1560
cg02039370	0.2159721128316784	1560
cg26820811	0.215971385609487	1560
cg08585782	0.21597133139589078	1560
cg17626009	0.21597104941716294	1560
cg22270863	0.21597098598615944	1560
cg17008861	0.21597088868428294	1560
cg07754829	0.21597082115185193	1560
cg08826040	0.21597003933855874	1560
cg06420179	0.21596660915847393	1560
cg21657490	0.2159663705965664	1560
cg27248364	0.21596633362450215	1560
cg01008263	0.21596555661037972	1560
cg20152326	0.2159651290953742	1560
cg18977434	0.21596509597142963	1560
cg21993464	0.21596465091188213	1560
cg03856024	0.21596404640392078	1560
cg00882685	0.2159630453419716	1560
cg22643214	0.21596294134412217	1560
cg13177453	0.21596137883416588	1560
cg04149472	0.2159602890030269	1560
cg02991464	0.2159595297683039	1560
cg01669517	0.21595908932837257	1560
cg09106198	0.21595822671176826	1560
cg09943714	0.21595805926926478	1560
cg17141969	0.21595777976617628	1560
cg09816096	0.2159577276636516	1560
cg24028958	0.21595768135622145	1560
cg14936497	0.21595745736519664	1560
cg19625388	0.21595713873995814	1560
cg16944218	0.21595666758550727	1560
cg15830422	0.21595470945144382	1560
cg17290636	0.2159541696782979	1560
cg01721818	0.2159540559940592	1560
cg04024840	0.21595404639214258	1560
cg09450771	0.21595296488214702	1560
cg11170214	0.21595275380323928	1560
cg26728851	0.2159525586873758	1560
cg05370881	0.2159525044201096	1560
cg27388035	0.21595142887820812	1560
cg05701548	0.21595141745889165	1560
cg10901694	0.21595127132538747	1560
cg15073112	0.2159509411412535	1560
cg12735852	0.21595063467572867	1560
cg18775845	0.2159503516399478	1560
cg07570898	0.21594946860572636	1560
cg17520947	0.21594932501931702	1560
cg02715200	0.21594777370949622	1560
cg01566593	0.21594708574668167	1560
cg25232510	0.21594646446112029	1560
cg14641266	0.21594583111784044	1560
cg20848924	0.21594463850121073	1560
cg11355297	0.21594438917776548	1560
cg22996031	0.21594256197339878	1560
cg10886992	0.21594200635720853	1560
cg04495386	0.21594191275348437	1560
cg19756726	0.21594136922697832	1560
cg16984812	0.21594120871324893	1560
cg21158781	0.2159398881072656	1560
cg05919982	0.2159397201895398	1560
cg24123854	0.21593957108627307	1560
cg21661392	0.21593849684116562	1560
cg20547893	0.21593707231098755	1560
cg07850533	0.21593670619027203	1560
cg16520652	0.21593657699875846	1560
cg24978805	0.2159345139846566	1560
cg09749049	0.2159345041770314	1560
cg23804261	0.215934419517644	1560
cg07607066	0.21593406602452006	1560
cg14662283	0.21593345777012538	1560
cg00910521	0.21593257275471614	1560
cg09251074	0.2159325621425543	1560
cg06627628	0.21593100632971762	1560
cg06333135	0.21593083920541972	1560
cg16793274	0.21593008497316385	1560
cg04807512	0.21592895203610496	1560
cg22482014	0.2159287712057278	1560
cg05950157	0.2159269395601982	1560
cg16048239	0.21592685690119626	1560
cg18167088	0.21592614232961937	1560
cg18351191	0.215926003464149	1560
cg02193883	0.21592579570351128	1560
cg08773466	0.21592500379460544	1560
cg04348223	0.2159248193259864	1560
cg22794775	0.21592417169251826	1560
cg20684312	0.21592366449944606	1560
cg25152115	0.2159233405530562	1560
cg14435232	0.21592218400569263	1560
cg03423221	0.2159219708712591	1560
cg03584646	0.2159209176004934	1560
cg06796515	0.21592078244735488	1560
cg17754079	0.21592060438622157	1560
cg20545167	0.21592025120340497	1560
cg23226397	0.21591926542341083	1560
cg07472191	0.21591919637844834	1560
cg24923818	0.21591886303089297	1560
cg03119532	0.215917745930529	1560
cg10455413	0.215917438749038	1560
cg21021052	0.21591701080907325	1560
cg15587553	0.2159156539325095	1560
cg00931925	0.2159146364886818	1560
cg25988105	0.2159143301331851	1560
cg03839291	0.21591329802236178	1560
cg19349143	0.21591248004788746	1560
cg26975184	0.21591216787505602	1560
cg25466668	0.2159116026846886	1560
cg18160462	0.21591003985347612	1560
cg27375012	0.2159099571128879	1560
cg03157530	0.2159099022237979	1560
cg02735204	0.21590950019544547	1560
cg16566899	0.21590873674105857	1560
cg25312876	0.2159085477447792	1560
cg03646788	0.2159081109737908	1560
cg08019621	0.21590807551393454	1560
cg11779362	0.2159080089547263	1560
cg23494413	0.21590776142624785	1560
cg08441269	0.21590775624451936	1560
cg16411579	0.21590774945560345	1560
cg11069695	0.21590748341180263	1560
cg13771225	0.21590693012733583	1560
cg14899145	0.21590642925855183	1560
cg11380881	0.2159060393018773	1560
cg25381331	0.2159055741610617	1560
cg21402687	0.2159050321092889	1560
cg08199021	0.21590499394061688	1560
cg08171933	0.2159049248543695	1560
cg04783530	0.21590350239146092	1560
cg02808411	0.21590288011140704	1560
cg23770553	0.21590233716482343	1560
cg21178333	0.2159008175009889	1560
cg14460431	0.215900568504523	1560
cg21640650	0.2159002529075625	1560
cg06651376	0.21589898266298913	1560
cg01880321	0.21589774227723083	1560
cg17314545	0.21589671118737164	1560
cg27394203	0.21589587104820587	1560
cg02785501	0.21589583529494777	1560
cg01471265	0.21589539245426798	1560
cg01671476	0.21589524691375966	1560
cg18207308	0.21589512122685564	1560
cg11431101	0.2158950724698342	1560
cg17139554	0.21589453315576101	1560
cg17703629	0.2158943834115282	1560
cg06878749	0.21589425440544752	1560
cg07124832	0.21589378778365334	1560
cg20076070	0.21589337059086397	1560
cg11687543	0.21589266794576212	1560
cg16182346	0.21589191538465533	1560
cg10023572	0.21589189905549833	1560
cg14219752	0.21589128142637865	1560
cg14488913	0.21589018817622124	1560
cg01974141	0.2158896903264947	1560
cg15175608	0.21588932966140187	1560
cg23496331	0.2158887249599359	1560
cg05144208	0.21588823041055102	1560
cg07178278	0.21588744300052043	1560
cg01683969	0.2158867026928856	1560
cg22153105	0.2158866603436133	1560
cg13638737	0.21588551492915622	1560
cg23470196	0.21588545033538167	1560
cg08465785	0.2158852726367186	1560
cg14023972	0.2158845647955154	1560
cg20076468	0.2158844555406803	1560
cg16344968	0.21588357896130472	1560
cg23028631	0.21588306085951228	1560
cg00704299	0.21588272498397038	1560
cg17504399	0.21588267359346078	1560
cg22749736	0.21588177237182407	1560
cg08425177	0.21588045562009833	1560
cg25678070	0.21588043874269383	1560
cg12974773	0.21588012324221825	1560
cg26505319	0.21588004248355716	1560
cg15578176	0.21587997315221294	1560
cg27287951	0.2158791653750369	1560
cg07154944	0.21587857092514023	1560
cg25813149	0.21587735230632044	1560
cg07046186	0.2158754120144886	1560
cg16510027	0.21587530420885157	1560
cg13654641	0.21587232593926914	1560
cg26012945	0.21587077020272344	1560
cg01266688	0.21586952963440198	1560
cg02672656	0.21586903076613148	1560
cg04835431	0.21586901495642305	1560
cg04569804	0.21586817002671296	1560
cg03579694	0.21586524418629296	1560
cg02923106	0.2158643494762971	1560
cg05781698	0.21586417736806263	1560
cg01853541	0.21586353898442398	1560
cg19525495	0.21586325405386161	1560
cg06930464	0.21586244453500772	1560
cg06847006	0.21586064599745017	1560
cg25137715	0.21585939249437186	1560
cg26484621	0.21585877222835087	1560
cg13576994	0.21585869883029538	1560
cg14822257	0.21585846102294742	1560
cg14358492	0.21585837585423207	1560
cg12733604	0.21585668305832892	1560
cg04117455	0.21585657904734437	1560
cg22512208	0.2158565159326115	1560
cg27384338	0.2158563640475104	1560
cg03239279	0.21585611337570704	1560
cg08835372	0.21585542911350994	1560
cg26734522	0.21585501757646577	1560
cg26457511	0.2158543160117765	1560
cg08923109	0.21585414214230417	1560
cg14151317	0.2158539050982626	1560
cg01974660	0.21585296639045604	1560
cg00147216	0.21585114580857784	1560
cg08844390	0.21585111580588154	1560
cg24461063	0.215850591205695	1560
cg05354946	0.21585058533756435	1560
cg02431687	0.2158504925449735	1560
cg15651152	0.21585035369010497	1560
cg05641123	0.2158490799419115	1560
cg26465206	0.21584865357579514	1560
cg14208013	0.21584825818981293	1560
cg02770406	0.21584800535211193	1560
cg19241352	0.2158476784529096	1560
cg02080909	0.2158471563290348	1560
cg03923850	0.21584662159755338	1560
cg00902147	0.2158441143262795	1560
cg13659360	0.2158435229622717	1560
cg14263093	0.2158430278248318	1560
cg01592312	0.21584212998624258	1560
cg02031849	0.21584205126974795	1560
cg13882921	0.21584195167432904	1560
cg00391229	0.21584185383696824	1560
cg22459990	0.21584184560426667	1560
cg06468166	0.21584174370836137	1560
cg07584805	0.21584171159044419	1560
cg09704544	0.2158408760993503	1560
cg12403329	0.21584079095302564	1560
cg00464927	0.21584061976873845	1560
cg02087272	0.21583976237721622	1560
cg05310260	0.21583966491077394	1560
cg07857225	0.21583694707667184	1560
cg01333205	0.2158365382377351	1560
cg01634758	0.2158352550005033	1560
cg03394405	0.21583520254129074	1560
cg00586623	0.21583504496880918	1560
cg08304503	0.21583484645064863	1560
cg15709435	0.21583289588686527	1560
cg07189782	0.21582962276501577	1560
cg19890168	0.21582894399845307	1560
cg11408211	0.21582884578253117	1560
cg17492940	0.2158285691400021	1560
cg26144207	0.21582595736210639	1560
cg12561474	0.21582569418909495	1560
cg20690039	0.21582525467768243	1560
cg12895304	0.21582517744184346	1560
cg21631753	0.21582481913534146	1560
cg00582309	0.21582384599993373	1560
cg04348247	0.21582366595568725	1560
cg10158633	0.2158213682825212	1560
cg14576322	0.2158206239731592	1560
cg17194350	0.2158187004626992	1560
cg18482822	0.2158184964274345	1560
cg07507257	0.21581774579875698	1560
cg20851559	0.21581733802720882	1560
cg25634017	0.21581686669926392	1560
cg09875921	0.21581618736314762	1560
cg08272591	0.215815012757611	1560
cg19798596	0.21581497805760672	1560
cg02079413	0.21581474630597705	1560
cg20210637	0.21581467786655661	1560
cg21670405	0.21581414442716565	1560
cg02296167	0.21581277363907958	1560
cg06287858	0.21581268615037028	1560
cg07873128	0.2158126468594274	1560
cg01154985	0.21581255178113137	1560
cg08763929	0.21581224829118137	1560
cg06493695	0.21581120341399726	1560
cg05242494	0.21581015357926206	1560
cg23686278	0.21580995855561244	1560
cg00405356	0.21580830225874648	1560
cg05876496	0.2158082117896021	1560
cg04878136	0.2158075862397389	1560
cg17450589	0.21580712035077693	1560
cg09480899	0.21580694021244717	1560
cg12989085	0.2158068105331924	1560
cg27656592	0.21580642348678705	1560
cg20502294	0.21580499864484431	1560
cg24639178	0.2158049790481902	1560
cg22503047	0.21580431400904768	1560
cg03173462	0.2158041064065208	1560
cg08071700	0.21580375942371463	1560
cg03034689	0.2158024830840231	1560
cg17832029	0.2158023044013978	1560
cg13502382	0.21580209194389513	1560
cg16226310	0.21580201005671037	1560
cg16389560	0.21579959964011997	1560
cg06797244	0.21579913840054385	1560
cg20048599	0.21579885382182876	1560
cg18300285	0.21579853054034365	1560
cg02727723	0.21579753812917685	1560
cg23245663	0.21579731174896108	1560
cg03076998	0.2157946798858493	1560
cg05370802	0.21579443145373292	1560
cg21954459	0.2157937178595966	1560
cg24938534	0.2157932161839941	1560
cg26487088	0.21579210544051058	1560
cg26455711	0.2157915888584693	1560
cg05905168	0.2157913168684479	1560
cg07613588	0.21578968218306632	1560
cg23617848	0.2157895055523844	1560
cg06184785	0.2157893203607016	1560
cg09037867	0.21578862836045382	1560
cg02968407	0.21578852765811116	1560
cg03585280	0.2157882512734658	1560
cg16109778	0.21578583831612125	1560
cg21490972	0.21578576517943493	1560
cg02488383	0.21578504213472402	1560
cg18258412	0.2157850220420935	1560
cg24985060	0.21578495829604336	1560
cg01568433	0.21578487476828642	1560
cg04607323	0.21578476445366077	1560
cg13163420	0.21578465215139045	1560
cg02081065	0.21578235616127556	1560
cg20518810	0.21578147617433552	1560
cg23051703	0.21578134574114768	1560
cg12589486	0.21578126786463345	1560
cg05740106	0.21578039889320286	1560
cg07562139	0.21577882314958238	1560
cg17259886	0.21577834725037331	1560
cg08840280	0.2157775175778746	1560
cg02566428	0.2157773736897494	1560
cg17303845	0.21577717984460365	1560
cg08826066	0.2157767933870307	1560
cg08452002	0.2157765254000626	1560
cg14547599	0.2157756800271011	1560
cg22702833	0.2157753206726935	1560
cg16782174	0.2157752734860938	1560
cg10231028	0.21577515934399868	1560
cg05917633	0.21577501935268006	1560
cg16581905	0.21577470895417933	1560
cg04825814	0.215774438702817	1560
cg00982641	0.21577430192120575	1560
cg23590827	0.21577413322089037	1560
cg18789786	0.21577386150145317	1560
cg16942891	0.21577266114501362	1560
cg11058865	0.215772568417544	1560
cg22024479	0.21577094223377424	1560
cg19253743	0.2157691542943734	1560
cg22482278	0.21576783680113398	1560
cg02343803	0.21576746998939395	1560
cg18425651	0.21576592272596867	1560
cg01633149	0.21576441791937342	1560
cg08285033	0.21576313853821302	1560
cg01425021	0.21576302597071156	1560
cg14473998	0.21576296664421665	1560
cg22529900	0.21576276051599197	1560
cg26660157	0.21576165658609828	1560
cg05997116	0.2157611408502299	1560
cg23060379	0.21576035970658652	1560
cg03172341	0.21576011483669894	1560
cg18664856	0.21576002644255227	1560
cg24916345	0.21575872263142512	1560
cg08308214	0.21575766498833682	1560
cg02028023	0.2157576287601492	1560
cg05176661	0.21575739102654562	1560
cg12458020	0.21575685692033314	1560
cg07115761	0.21575675755746188	1560
cg00152126	0.21575619734850177	1560
cg11617144	0.2157561221684378	1560
cg04492826	0.21575606697141783	1560
cg00081835	0.21575586208571967	1560
cg05471373	0.21575449840553496	1560
cg03181573	0.2157540696799683	1560
cg00612308	0.21575400985792711	1560
cg04409618	0.21575350916265734	1560
cg05023415	0.21575108003074145	1560
cg05345448	0.21575101081526074	1560
cg03126713	0.21575054308630148	1560
cg05599155	0.21574991660228882	1560
cg05431163	0.21574990878250233	1560
cg27036347	0.2157496865675553	1560
cg25109873	0.2157495910116193	1560
cg20347343	0.21574937072519637	1560
cg15956490	0.21574813266939774	1560
cg13484614	0.21574676200169218	1560
cg19804860	0.21574629793213448	1560
cg04948503	0.2157452857192552	1560
cg03361100	0.21574524739708423	1560
cg13082038	0.21574345704532316	1560
cg24580153	0.21574340757071506	1560
cg00145672	0.21574262561018204	1560
cg22246787	0.21574086515564567	1560
cg21521949	0.21574045221450408	1560
cg01188722	0.2157401248984783	1560
cg09591962	0.21573999277811523	1560
cg16447276	0.21573995489602946	1560
cg19371203	0.21573664765995543	1560
cg24190705	0.21573519630229243	1560
cg23576258	0.21573473335257748	1560
cg03052789	0.21573417505934128	1560
cg07275670	0.21573397271683672	1560
cg17827803	0.21573358291505979	1560
cg25105415	0.2157330146974388	1560
cg16252122	0.21573248837359213	1560
cg14746762	0.21572923261445276	1560
cg27058136	0.21572835804375115	1560
cg27305698	0.21572788579357452	1560
cg13881619	0.21572641006790555	1560
cg17576874	0.21572631030156633	1560
cg09451412	0.21572627902639183	1560
cg00471903	0.21572571258225856	1560
cg01428750	0.2157250458582469	1560
cg07352757	0.2157246376423455	1560
cg03002580	0.21572328615271658	1560
cg01493105	0.21572304710082615	1560
cg00295853	0.21572237981584222	1560
cg08716976	0.21572228551075356	1560
cg15947721	0.21572183642165513	1560
cg07738503	0.2157217731597529	1560
cg17803226	0.21572069629854912	1560
cg04707348	0.215720227130686	1560
cg04629914	0.21571902947126004	1560
cg03620373	0.21571894672523995	1560
cg02810660	0.21571892696497677	1560
cg22740006	0.2157181838832441	1560
cg02963206	0.2157177051179275	1560
cg01576779	0.2157171394805589	1560
cg27231793	0.2157171025075513	1560
cg18127648	0.2157164400825709	1560
cg21923201	0.21571632613148317	1560
cg04367033	0.21571553096389012	1560
cg16363874	0.2157151146369961	1560
cg04309437	0.21571505308041516	1560
cg06966363	0.21571452567317756	1560
cg20673400	0.2157142935818343	1560
cg02889156	0.21571423996686978	1560
cg18559471	0.21571419574360576	1560
cg26056583	0.21571332575529903	1560
cg17739152	0.21571247032444726	1560
cg18238718	0.2157120276156954	1560
cg26744236	0.21571174936720036	1560
cg11438065	0.21571168150889064	1560
cg04301857	0.21571148665238463	1560
cg03382246	0.21570993703187885	1560
cg07558833	0.2157083096544846	1560
cg12905371	0.21570696729065922	1560
cg10485881	0.2157067804161958	1560
cg27039501	0.21570642308386556	1560
cg10592581	0.2157058806164117	1560
cg26185884	0.21570581160020616	1560
cg27316811	0.21570558469165282	1560
cg03661076	0.21570531356854253	1560
cg20337057	0.2157045679502803	1560
cg08622401	0.21570455231879657	1560
cg07190715	0.2157037177043936	1560
cg26083576	0.2157036040859709	1560
cg25133422	0.21570273809521293	1560
cg18759680	0.21570240721347686	1560
cg23577242	0.21570172911380794	1560
cg02358190	0.21570168246105495	1560
cg10206190	0.21570142886054564	1560
cg12135286	0.21570122471280762	1560
cg06215798	0.21570122288719876	1560
cg23093741	0.2157010031910421	1560
cg01516737	0.2157007533699157	1560
cg14930737	0.21570062539308127	1560
cg07294313	0.21570018955401574	1560
cg08838096	0.2156998200243711	1560
cg04618897	0.2156994834678264	1560
cg23201419	0.2156989378768379	1560
cg09585974	0.21569789370887774	1560
cg02008936	0.21569745054172004	1560
cg02956973	0.21569657680676793	1560
cg11411127	0.21569623121751766	1560
cg00420354	0.21569575740230457	1560
cg20934892	0.21569405291431193	1560
cg14065720	0.21569358359996288	1560
cg10538929	0.2156912399128494	1560
cg01007262	0.21569104846266499	1560
cg02081198	0.21569073948086354	1560
cg07905018	0.21569030489009164	1560
cg22162799	0.21568969598411838	1560
cg10601057	0.21568935912454956	1560
cg05774892	0.21568881693392916	1560
cg21375813	0.21568863054426207	1560
cg26841611	0.21568802186368635	1560
cg09896315	0.2156877036137923	1560
cg11318895	0.2156867271558482	1560
cg09510979	0.21568601353952313	1560
cg14364984	0.2156855150779114	1560
cg12039314	0.2156840311397016	1560
cg17697483	0.21568349405398746	1560
cg25803630	0.21568330647637007	1560
cg15929495	0.2156828565144976	1560
cg00885546	0.21568119209234496	1560
cg23189639	0.21568055220016644	1560
cg09861971	0.21567981177819026	1560
cg26572354	0.21567975772378875	1560
cg21244745	0.21567971085052678	1560
cg08361180	0.21567949733007863	1560
cg20955328	0.21567940394071525	1560
cg00189176	0.215678567754904	1560
cg23910098	0.21567707687044627	1560
cg11515873	0.2156768516015543	1560
cg25004347	0.21567661661032853	1560
cg09710580	0.2156763795723303	1560
cg01622415	0.21567626884924096	1560
cg06534586	0.21567618931026153	1560
cg10730370	0.21567564462246777	1560
cg25555549	0.21567498091069628	1560
cg20343375	0.21567341724999725	1560
cg10599951	0.21567198708571275	1560
cg26013260	0.21567125048058505	1560
cg25230902	0.21566950708963947	1560
cg24574819	0.21566913591098194	1560
cg09412069	0.21566865130870727	1560
cg09867070	0.21566839545699382	1560
cg06906156	0.21566814981097243	1560
cg09510924	0.21566805780965695	1560
cg13986138	0.21566652952730503	1560
cg19968179	0.21566642525629404	1560
cg15614155	0.21566418359782197	1560
cg00502241	0.21566368480972123	1560
cg14614422	0.21566248726005113	1560
cg25162826	0.21566235916525384	1560
cg09491670	0.21566234457021785	1560
cg01409593	0.21566200357508322	1560
cg03757075	0.21566089861717752	1560
cg19251737	0.2156606581005473	1560
cg19794345	0.2156601278153755	1560
cg20804581	0.21565991072455562	1560
cg19948183	0.215659609375212	1560
cg16549153	0.21565931259293483	1560
cg08441475	0.21565895212822941	1560
cg13919137	0.21565867677356476	1560
cg19575859	0.21565857175111175	1560
cg17202839	0.21565765876390164	1560
cg23095383	0.21565718012357357	1560
cg18778299	0.21565688615154022	1560
cg26866142	0.21565644422881405	1560
cg11392062	0.21565575478428356	1560
cg26370158	0.21565575345214744	1560
cg23555471	0.21565571906382894	1560
cg03979041	0.21565556823884005	1560
cg21209691	0.2156554194737746	1560
cg18406106	0.21565538947035168	1560
cg22053765	0.21565523304283454	1560
cg09928474	0.2156551194697161	1560
cg09393362	0.21565493166015876	1560
cg25274750	0.21565471903640113	1560
cg09202689	0.21565470095125838	1560
cg22752255	0.21565425687110373	1560
cg21252609	0.2156542071489823	1560
cg03913259	0.2156525894158704	1560
cg07994485	0.21565225769607033	1560
cg02318477	0.21565209425078335	1560
cg06936265	0.21565201716514693	1560
cg01743835	0.21565189866774717	1560
cg09925572	0.21565021425484093	1560
cg21738108	0.21565011480020202	1560
cg24626923	0.21565006971314435	1560
cg18331133	0.2156480844713293	1560
cg20258934	0.2156478978353582	1560
cg05875696	0.21564722419824112	1560
cg05540789	0.2156466256389875	1560
cg09660211	0.2156452220582084	1560
cg24086751	0.21564503803549964	1560
cg15624117	0.2156448824097431	1560
cg09899535	0.21564431576228735	1560
cg20923444	0.21564428744844308	1560
cg12269292	0.21564403564640272	1560
cg07986222	0.215643897910594	1560
cg20980960	0.2156437344063851	1560
cg26543352	0.2156435257317362	1560
cg16110314	0.2156428039836436	1560
cg08964948	0.21564255747317274	1560
cg09093342	0.21564207994432447	1560
cg22996681	0.21563998187398944	1560
cg07695604	0.21563939003975222	1560
cg23327829	0.21563926673210818	1560
cg00922310	0.21563903257765024	1560
cg02338146	0.21563859610510872	1560
cg05511855	0.215637902897459	1560
cg04737832	0.21563670872948368	1560
cg20659663	0.21563654422158113	1560
cg04399647	0.21563649845646898	1560
cg10251973	0.21563517011450117	1560
cg01125608	0.2156350335266437	1560
cg15135704	0.2156348517248442	1560
cg07043279	0.21563429388760139	1560
cg04227141	0.21563404416057264	1560
cg05524767	0.21563327021519246	1560
cg03182218	0.21563185267488502	1560
cg25825612	0.21563179647295574	1560
cg04155718	0.21563057320433976	1560
cg09554836	0.21563026990207912	1560
cg16723180	0.21562974448782898	1560
cg16751329	0.21562952971373467	1560
cg16983152	0.2156286696588942	1560
cg18901633	0.21562788158387727	1560
cg11432030	0.2156278519819366	1560
cg09205538	0.21562773344914737	1560
cg22664428	0.21562707498161332	1560
cg16645033	0.2156265527462312	1560
cg15294341	0.2156264308472433	1560
cg18426557	0.21562611445586188	1560
cg16918091	0.21562564452253147	1560
cg06052984	0.21562563618909664	1560
cg09950164	0.2156255651337188	1560
cg14845982	0.2156248213654309	1560
cg04589248	0.21562440858601475	1560
cg04833853	0.2156233505177604	1560
cg03580801	0.21562327079922042	1560
cg08747034	0.21562229102677996	1560
cg11066580	0.21562213487063028	1560
cg21286173	0.21562164648992227	1560
cg16768320	0.21562148313541443	1560
cg06410135	0.2156205860525879	1560
cg13793810	0.21561940571267219	1560
cg27545609	0.2156190320418976	1560
cg05627301	0.2156189232799392	1560
cg10771630	0.2156185950838033	1560
cg01599094	0.21561781604437674	1560
cg27091100	0.2156177407219615	1560
cg00972222	0.21561516762524546	1560
cg21862363	0.21561398237351023	1560
cg26982980	0.21561386042846933	1560
cg14787287	0.21561335773849208	1560
cg21437623	0.21561254765648152	1560
cg25588780	0.21561248124572338	1560
cg22987389	0.21561191036506602	1560
cg23339143	0.2156118829640903	1560
cg13445943	0.21561184605702288	1560
cg11002034	0.21561150848611643	1560
cg17323171	0.21561075692329765	1560
cg22090419	0.21561058325313293	1560
cg07666247	0.21561018835133847	1560
cg00123017	0.21560943572576727	1560
cg02923162	0.21560924548210292	1560
cg22537328	0.21560719795680341	1560
cg02500806	0.21560666010340324	1560
cg25589803	0.21560643740911278	1560
cg02083428	0.215605041217861	1560
cg09158026	0.21560489781222647	1560
cg21157707	0.21560267850648604	1560
cg08357012	0.2156007679112983	1560
cg25461905	0.21560006142432192	1560
cg20038366	0.21559998117427956	1560
cg08237309	0.2155999191806009	1560
cg03831648	0.21559951623880633	1560
cg15922553	0.21559772654882514	1560
cg13372487	0.21559652663913637	1560
cg15828421	0.21559608326957574	1560
cg17040483	0.2155954315166371	1560
cg04060456	0.21559361366497365	1560
cg01012394	0.21559227700430758	1560
cg08422471	0.21559183555764297	1560
cg06325515	0.21559103384729214	1560
cg19642494	0.2155895242622868	1560
cg06940605	0.21558921317591714	1560
cg03123017	0.21558857551267546	1560
cg24838839	0.21558840296529685	1560
cg11714846	0.21558736858894598	1560
cg16743924	0.21558732417600715	1560
cg00337558	0.2155870693130878	1560
cg21879208	0.2155856965522887	1560
cg03448527	0.21558428037592528	1560
cg14190128	0.21558403605661916	1560
cg27304144	0.21558322867271526	1560
cg15919105	0.2155830607047734	1560
cg22026376	0.2155824903185666	1560
cg12087639	0.21558045265343284	1560
cg00338329	0.21558028561185733	1560
cg07549376	0.21557935443712628	1560
cg04783161	0.21557911746825303	1560
cg12787292	0.215578785001364	1560
cg02484611	0.21557876367632314	1560
cg00554640	0.21557864799014553	1560
cg25735398	0.21557845696959868	1560
cg17529436	0.21557822766625084	1560
cg25080256	0.2155779619427952	1560
cg14214288	0.215577071661112	1560
cg18128673	0.21557660438861354	1560
cg14655044	0.21557481135088116	1560
cg23878357	0.21557379542099225	1560
cg07928808	0.21557336984177833	1560
cg03782778	0.21557143034153842	1560
cg03796175	0.2155709286549324	1560
cg18394523	0.21557049046585572	1560
cg00847387	0.21557042466028803	1560
cg07611620	0.21557023496027555	1560
cg02443732	0.21557011808520665	1560
cg02228688	0.21556951090422358	1560
cg24538396	0.21556919743412015	1560
cg23725210	0.21556738582143725	1560
cg21716266	0.21556705219507427	1560
cg03409062	0.21556705206599988	1560
cg01077024	0.2155650382936829	1560
cg01795199	0.21556481213968687	1560
cg22030483	0.21556470555865878	1560
cg22596624	0.21556424112529027	1560
cg14591805	0.21556228701208133	1560
cg16999122	0.21556219972164	1560
cg08070713	0.21556170402888195	1560
cg01238264	0.21556167233034523	1560
cg05443407	0.21556156658268572	1560
cg04823152	0.21556112309653047	1560
cg26627327	0.2155609833279873	1560
cg01065100	0.2155601352794881	1560
cg01032946	0.21555994991003768	1560
cg14731698	0.21555789098650754	1560
cg14420904	0.21555721691071847	1560
cg16736685	0.2155571048158211	1560
cg19314263	0.21555667923300537	1560
cg02495552	0.215555947516174	1560
cg00299737	0.2155553790335311	1560
cg01980361	0.215554930065401	1560
cg23180941	0.21555490038891925	1560
cg10683503	0.21555402233228968	1560
cg09234415	0.21555401284148057	1560
cg12284235	0.21555377822961458	1560
cg03593076	0.21555268729948854	1560
cg06117033	0.21555143283898337	1560
cg19846529	0.21555142455778767	1560
cg08792557	0.21555123718722902	1560
cg06993329	0.21555069331155002	1560
cg06173395	0.21555050230976608	1560
cg21679970	0.21555031462395127	1560
cg20776123	0.21554901879326502	1560
cg08642843	0.21554879466185922	1560
cg18559356	0.21554637349791458	1560
cg14957841	0.21554628862559744	1560
cg19860154	0.21554529380364185	1560
cg21878393	0.21554454287155275	1560
cg02499293	0.21554363915047364	1560
cg18563561	0.21554317591519845	1560
cg18679856	0.21554277708000497	1560
cg10964555	0.2155424105260692	1560
cg02381948	0.21554231241202604	1560
cg12517796	0.215542259374196	1560
cg14182610	0.21554158357065956	1560
cg19633004	0.21554150826856652	1560
cg11087042	0.21553917580420198	1560
cg00025347	0.2155379345583671	1560
cg09726412	0.21553789447221613	1560
cg16367027	0.21553752016190153	1560
cg10438560	0.21553751429786142	1560
cg12146766	0.21553740371257102	1560
cg01248460	0.21553712265295327	1560
cg23202575	0.21553696567497996	1560
cg01273944	0.2155369234977672	1560
cg16665335	0.21553677158504322	1560
cg19091719	0.21553644252814183	1560
cg02876211	0.21553560328127663	1560
cg23092527	0.21553370434973448	1560
cg13252024	0.2155330749902993	1560
cg05801627	0.21553083184957186	1560
cg00851125	0.21552962601367953	1560
cg10670376	0.21552780308872868	1560
cg21769155	0.21552736652117505	1560
cg04697849	0.21552552717533446	1560
cg19603596	0.21552521676437134	1560
cg09537792	0.21552506990377662	1560
cg03119215	0.21552354647426214	1560
cg07824716	0.21552208964299369	1560
cg19677368	0.2155219730710093	1560
cg07006438	0.21552190706199836	1560
cg00318519	0.2155216931114844	1560
cg26565807	0.2155207237027882	1560
cg21356259	0.21552042413626168	1560
cg19936614	0.21551970896199932	1560
cg24539060	0.2155179130757847	1560
cg13924834	0.21551743122566655	1560
cg23973175	0.21551714171765246	1560
cg02004886	0.21551624268279332	1560
cg12042590	0.21551577404674815	1560
cg01690872	0.21551545282742215	1560
cg18298197	0.21551511734390683	1560
cg10396041	0.21551500710406016	1560
cg16086269	0.21551453586848426	1560
cg06259158	0.2155143824533993	1560
cg08544540	0.21551416820190522	1560
cg10079093	0.21551359071322093	1560
cg26393393	0.21551347415952196	1560
cg00646621	0.21551157889057881	1560
cg03961580	0.2155111696830695	1560
cg15969277	0.2155106193416434	1560
cg17365335	0.21551038281965418	1560
cg00886856	0.21550968386850836	1560
cg02107316	0.215509682737906	1560
cg24657047	0.2155095938771105	1560
cg01658824	0.21550900761839625	1560
cg25841373	0.2155083217427734	1560
cg18391955	0.21550693000678206	1560
cg23890876	0.21550495863555424	1560
cg04273417	0.21550448588142432	1560
cg11337790	0.2155011372442935	1560
cg23858591	0.21550107326633125	1560
cg06369719	0.21549863352390505	1560
cg11471514	0.21549774856837933	1560
cg27461422	0.21549713882588029	1560
cg17369830	0.21549687099272646	1560
cg22366897	0.21549671654666042	1560
cg09456285	0.21549617935113818	1560
cg16742983	0.21549583981811274	1560
cg24836356	0.2154951940815241	1560
cg13818127	0.21549444045983673	1560
cg25962880	0.2154938716610909	1560
cg10301254	0.21549302141709858	1560
cg13833607	0.21549298855665502	1560
cg14925320	0.2154922879805269	1560
cg12391279	0.21549159823659836	1560
cg04446467	0.21549076999609207	1560
cg12578116	0.2154902854267536	1560
cg02465177	0.21548927751820923	1560
cg06303529	0.21548848091330908	1560
cg18671881	0.21548772847871217	1560
cg10931433	0.2154869188312404	1560
cg00936996	0.21548668009858712	1560
cg13709882	0.2154864596161142	1560
cg02639011	0.21548596880949406	1560
cg00736707	0.21548580979709206	1560
cg26178100	0.21548558608711255	1560
cg13371675	0.21548436634375528	1560
cg26969596	0.21548403083877143	1560
cg25968219	0.21548382672380975	1560
cg01889284	0.21548273849547256	1560
cg02172885	0.21548214029665083	1560
cg07096443	0.21548169139216142	1560
cg04399933	0.21548148624588673	1560
cg03525728	0.2154799427518768	1560
cg25380755	0.2154798375554048	1560
cg14958491	0.21547944408492056	1560
cg18543164	0.21547908755593206	1560
cg08266106	0.21547867616144312	1560
cg02309772	0.21547782159181345	1560
cg12804283	0.21547650817603148	1560
cg23666833	0.21547620528538988	1560
cg22659273	0.21547611275265066	1560
cg04678399	0.21547582650159047	1560
cg20513448	0.21547536369406392	1560
cg17469240	0.2154744870020602	1560
cg24176040	0.2154736852531372	1560
cg00696763	0.21547277240321155	1560
cg07590060	0.2154702649804165	1560
cg00578885	0.21546938136677785	1560
cg11604728	0.2154678146912868	1560
cg27413820	0.21546773595945617	1560
cg23526104	0.21546733323575679	1560
cg14698794	0.2154660624570686	1560
cg18013550	0.21546522459060335	1560
cg17109601	0.21546436344827535	1560
cg00163462	0.2154642400195893	1560
cg08774350	0.21546182856455784	1560
cg15970800	0.21546161090218274	1560
cg08433725	0.21545898807299219	1560
cg21666957	0.21545807840577239	1560
cg24194650	0.21545787542779676	1560
cg00734311	0.21545760132472802	1560
cg17163138	0.2154570320548198	1560
cg14543630	0.2154563522275102	1560
cg08105294	0.21545594585953684	1560
cg11486094	0.21545531715564883	1560
cg06081563	0.21545465756369975	1560
cg24899292	0.21545349769274813	1560
cg26109897	0.21545232274206494	1560
cg11117530	0.21545197015197043	1560
cg04973548	0.21545191490177337	1560
cg27638036	0.21545079023707844	1560
cg07732471	0.21545056659985226	1560
cg09301086	0.21544977783458463	1560
cg07552298	0.2154469473088879	1560
cg13705674	0.21544628352029427	1560
cg20001219	0.21544619449799235	1560
cg14463383	0.21544402220149406	1560
cg09160461	0.2154435104036495	1560
cg06800293	0.21544334647803168	1560
cg02222066	0.21544324948727933	1560
cg10009514	0.21544310757473767	1560
cg03554406	0.2154428606258965	1560
cg05476094	0.21544125212562393	1560
cg08342966	0.2154400801697627	1560
cg14330007	0.21543984928170565	1560
cg25394452	0.21543982254860844	1560
cg06142743	0.2154389987318784	1560
cg19780637	0.21543760740067922	1560
cg26985338	0.21543677550652648	1560
cg19431579	0.21543659198964094	1560
cg24569276	0.21543642081806036	1560
cg20935023	0.21543592037798534	1560
cg10122187	0.21543529091061858	1560
cg09501333	0.21543442996488377	1560
cg21683721	0.21543411036379254	1560
cg07898627	0.21543335450020026	1560
cg07615351	0.21543288335181335	1560
cg08899504	0.21543210899998277	1560
cg01534081	0.21543206961292008	1560
cg20165831	0.21543153386912245	1560
cg00120157	0.2154295378367949	1560
cg27000161	0.2154292741501949	1560
cg05299398	0.2154290719362026	1560
cg20171711	0.21542894343496846	1560
cg13941078	0.21542752589472208	1560
cg03042779	0.21542717335408526	1560
cg21270675	0.21542693299818033	1560
cg08294506	0.2154264812622563	1560
cg05540649	0.2154264683148247	1560
cg01537687	0.21542607854235243	1560
cg08645225	0.21542525378330546	1560
cg24563703	0.21542477845964866	1560
cg01775274	0.2154244375539521	1560
cg07707056	0.21542428545614287	1560
cg24823485	0.21542393431842047	1560
cg00692974	0.2154237989352969	1560
cg15854333	0.21542371277572125	1560
cg01047779	0.21542220696034606	1560
cg12371177	0.21542186732696963	1560
cg10581811	0.21542086272928013	1560
cg06884559	0.21541968653544502	1560
cg22928606	0.21541903777941412	1560
cg17571044	0.21541874863997063	1560
cg11513641	0.21541865443465466	1560
cg02700980	0.2154182116095884	1560
cg21095286	0.21541785447367764	1560
cg09181103	0.21541760312792665	1560
cg13200664	0.21541494897033353	1560
cg24063658	0.21541483410211043	1560
cg14981034	0.215414605460227	1560
cg00656264	0.21541399713405196	1560
cg07035437	0.21541398561730593	1560
cg22533762	0.21541357102302944	1560
cg07132441	0.21541227390794526	1560
cg09915519	0.21541115158302257	1560
cg14462750	0.21541109144683357	1560
cg03198365	0.2154104676184568	1560
cg14847236	0.21541028900113388	1560
cg17587986	0.21540999164401525	1560
cg09997749	0.21540983854923876	1560
cg16784468	0.21540936940240382	1560
cg11137673	0.21540832428573345	1560
cg15363776	0.21540804299813457	1560
cg23261820	0.21540774545128058	1560
cg12876038	0.2154074845130651	1560
cg21855059	0.21540744963528344	1560
cg13446911	0.21540665107842163	1560
cg07231828	0.21540610069013194	1560
cg14431476	0.215405014677896	1560
cg09911010	0.21540426479938252	1560
cg14491149	0.2154034995752439	1560
cg07277129	0.21540346865510626	1560
cg26363598	0.2154032385854731	1560
cg02060846	0.21540253762158168	1560
cg18733433	0.21540217868288922	1560
cg24596788	0.2154019580680871	1560
cg24042854	0.21540178616362546	1560
cg01268367	0.215401536431272	1560
cg20239647	0.21540114306639363	1560
cg00419123	0.2154010530685945	1560
cg13913654	0.21540105161833725	1560
cg25849086	0.21540075185486773	1560
cg15921076	0.21540072875293556	1560
cg14256977	0.2154002670577415	1560
cg27309871	0.2153999346318055	1560
cg03244796	0.21539927154412955	1560
cg03387103	0.2153984366290686	1560
cg10276674	0.21539786612656098	1560
cg22211784	0.21539769954567867	1560
cg17068760	0.21539754711947676	1560
cg03045648	0.21539622895099214	1560
cg25820524	0.21539526363235686	1560
cg01120851	0.21539458749835974	1560
cg06613253	0.2153941854745911	1560
cg26401028	0.21539409493792003	1560
cg07575770	0.21539381606806432	1560
cg03374231	0.21539329924095493	1560
cg02163943	0.21539316036854103	1560
cg19412821	0.21539299106004536	1560
cg27238852	0.21539284002970457	1560
cg13454524	0.2153927332386452	1560
cg03500653	0.21539246335387333	1560
cg17668562	0.21539119219905678	1560
cg20147389	0.2153908517282953	1560
cg17071589	0.21539008847259555	1560
cg02277520	0.21538912404742652	1560
cg17814479	0.21538904403920883	1560
cg08145256	0.21538845233758824	1560
cg01603508	0.2153862627123979	1560
cg24817053	0.21538575732224072	1560
cg07735427	0.2153852405249448	1560
cg08458014	0.21538475327985349	1560
cg17254607	0.21538471014176633	1560
cg02092785	0.2153846650152347	1560
cg03297845	0.2153846476562875	1560
cg07065488	0.2153842116142568	1560
cg07884673	0.2153836888794528	1560
cg11423687	0.2153826794740767	1560
cg15600669	0.2153825558767434	1560
cg16183122	0.2153824282517047	1560
cg26981170	0.21538238147075453	1560
cg16286249	0.21538210393590046	1560
cg04456932	0.21538191687604702	1560
cg02951274	0.21538185860234393	1560
cg15236340	0.21538060171369083	1560
cg26840272	0.21538056054973154	1560
cg07204163	0.21537722459745043	1560
cg06934023	0.21537666610131698	1560
cg11962078	0.21537549758096525	1560
cg23210522	0.21537479850880198	1560
cg08309023	0.2153747006390239	1560
cg18319398	0.21537469098963846	1560
cg21202406	0.2153746827559712	1560
cg01989902	0.2153743280700328	1560
cg03323614	0.215373921029956	1560
cg03332897	0.21537379440696183	1560
cg02935980	0.2153734549959501	1560
cg20280415	0.21537303513236122	1560
cg06978145	0.21537181658405288	1560
cg04333136	0.21537158391455102	1560
cg01707795	0.21537158373924578	1560
cg22438666	0.21537131778677937	1560
cg14639822	0.21537048978242473	1560
cg08289412	0.21536977865718762	1560
cg07258788	0.2153688251343845	1560
cg00791190	0.21536699382235136	1560
cg21265295	0.21536660392154164	1560
cg20810082	0.21536623084827808	1560
cg00734682	0.2153660623795174	1560
cg05465745	0.21536591510792458	1560
cg00473257	0.21536539158708334	1560
cg06645772	0.21536488542749566	1560
cg27394987	0.2153631967385902	1560
cg01586072	0.21536174129957106	1560
cg10356866	0.21536094200293784	1560
cg20969722	0.21535962326531577	1560
cg22172724	0.21535956198822223	1560
cg09554599	0.21535930959977387	1560
cg07680874	0.21535914334527648	1560
cg02679662	0.21535681888940575	1560
cg17560598	0.21535676952005375	1560
cg00867113	0.21535548936096083	1560
cg11409308	0.2153553863220958	1560
cg24292487	0.21535452567554997	1560
cg24996278	0.2153530903302673	1560
cg10512408	0.21535232551882696	1560
cg14593237	0.21535211698895287	1560
cg02321821	0.2153521049032588	1560
cg26500934	0.21535127931324327	1560
cg08387174	0.21534935121577586	1560
cg09295978	0.21534934286480692	1560
cg05058040	0.21534903500922023	1560
cg24884265	0.21534775365609443	1560
cg18356683	0.21534378496982517	1560
cg13467135	0.21534294175134872	1560
cg03045478	0.21534262508167068	1560
cg22605936	0.215342125510758	1560
cg18548058	0.2153418964789873	1560
cg08901704	0.21534157152458544	1560
cg19108800	0.21534100058855618	1560
cg03275910	0.21534069824207255	1560
cg16826504	0.21534064140779535	1560
cg24506394	0.21534011295610914	1560
cg13494954	0.21533995087011915	1560
cg08409956	0.215339284739685	1560
cg25682009	0.21533902858863221	1560
cg09673331	0.2153388731542796	1560
cg20501958	0.2153385504613936	1560
cg17607627	0.21533564081450968	1560
cg23245486	0.21533446104191892	1560
cg13901539	0.2153332691133269	1560
cg11057877	0.21533276272332685	1560
cg25689181	0.21533264281077402	1560
cg22892036	0.21532936899931499	1560
cg09038962	0.21532904738491032	1560
cg06769094	0.21532887182333477	1560
cg01571383	0.21532492005386053	1560
cg10215460	0.21532441852597364	1560
cg11943839	0.21532441145936834	1560
cg25754248	0.21532389788937917	1560
cg23111246	0.2153219621700376	1560
cg12912670	0.2153210763909505	1560
cg12679725	0.21532070689376548	1560
cg11886880	0.21532007113040727	1560
cg16648952	0.21532002747335982	1560
cg23020857	0.2153199275823536	1560
cg07729681	0.21531960948264306	1560
cg23394462	0.215319525814764	1560
cg09794469	0.21531817788107818	1560
cg12522599	0.21531721910473064	1560
cg02172915	0.21531655637926253	1560
cg06043733	0.21531569999951253	1560
cg01433520	0.21531569186359714	1560
cg03571073	0.21531507287986087	1560
cg19540797	0.21531473804982457	1560
cg11518032	0.21531419814723263	1560
cg25906705	0.21531335291132864	1560
cg05471509	0.21531244388012347	1560
cg13446753	0.21531223695436297	1560
cg14348182	0.21531205946281268	1560
cg25788533	0.21530983239746443	1560
cg15261605	0.21530971040342972	1560
cg15552051	0.21530970768372001	1560
cg25225517	0.21530867796849912	1560
cg05624064	0.21530595306674927	1560
cg10625723	0.2153055487817539	1560
cg03466951	0.2153039985254312	1560
cg20543092	0.21530239772677548	1560
cg06753513	0.21530206276605227	1560
cg25448502	0.2153006811608726	1560
cg04329136	0.21530034656383967	1560
cg01884526	0.21530010836722405	1560
cg16670940	0.21529892562523895	1560
cg18034719	0.21529768052705334	1560
cg02119982	0.21529736288174597	1560
cg00859277	0.2152963343930283	1560
cg01567115	0.21529604148893283	1560
cg05046083	0.21529562066610883	1560
cg25065239	0.21529490916236013	1560
cg17238176	0.21529475955558522	1560
cg02566863	0.21529461734346983	1560
cg02696670	0.2152938279266755	1560
cg15619546	0.21529335252188372	1560
cg10204506	0.21529113854675494	1560
cg16696007	0.21528913100899344	1560
cg25840378	0.21528909816508088	1560
cg23613023	0.2152889838860642	1560
cg02897008	0.2152889174520126	1560
cg12818658	0.2152883627611137	1560
cg04341461	0.21528832846889828	1560
cg06051154	0.2152878618646361	1560
cg13089599	0.21528764674360504	1560
cg18310774	0.21528761298306678	1560
cg17093138	0.21528742214192767	1560
cg03906697	0.21528721674420676	1560
cg16288872	0.21528718227559487	1560
cg04769514	0.21528704627355846	1560
cg06373887	0.21528660131062913	1560
cg14006650	0.2152858936400764	1560
cg04621328	0.21528445566813564	1560
cg09258082	0.21528424264467189	1560
cg15339789	0.21528395211530568	1560
cg01105362	0.21528356389581096	1560
cg25524108	0.21528355425431983	1560
cg08260622	0.21528330928616415	1560
cg06020727	0.21528330748977503	1560
cg01161919	0.21528280137172803	1560
cg02568623	0.21528230430438994	1560
cg17904734	0.21528206558548446	1560
cg12400664	0.21528029774808408	1560
cg13887716	0.21527934234420604	1560
cg27078600	0.2152790848543614	1560
cg05834353	0.2152787415457626	1560
cg06429195	0.21527864563494664	1560
cg10787000	0.21527858704746367	1560
cg20301998	0.21527784520234985	1560
cg04790545	0.21527754854447637	1560
cg15896182	0.215276087336001	1560
cg27418894	0.2152757662941382	1560
cg21774865	0.21527564436298485	1560
cg25510115	0.2152754408922391	1560
cg08507806	0.21527531623401272	1560
cg02779164	0.21527470901059864	1560
cg06533895	0.21527455495288098	1560
cg06042124	0.215273774293257	1560
cg05870398	0.2152735598853686	1560
cg16855458	0.21527248877927457	1560
cg20495179	0.21527228940952156	1560
cg11832534	0.21527165691995825	1560
cg26987690	0.2152713261852921	1560
cg24752875	0.21527120672116862	1560
cg12683880	0.21527111652100345	1560
cg18754747	0.21527095714910152	1560
cg19771599	0.21527025314950063	1560
cg05159279	0.21526983985181805	1560
cg07008911	0.2152697853917836	1560
cg14988534	0.21526808439399775	1560
cg20712659	0.21526755458937014	1560
cg01636300	0.21526655370312361	1560
cg02314675	0.21526649688591418	1560
cg02482096	0.21526583458576606	1560
cg24679567	0.21526581968619313	1560
cg26677431	0.21526543418432448	1560
cg12994911	0.21526520155059561	1560
cg25315235	0.21526485724104455	1560
cg03181328	0.21526465692087093	1560
cg10301212	0.21526435932680166	1560
cg03597690	0.21526434390059004	1560
cg24235466	0.21526419062582214	1560
cg08741280	0.215264116896771	1560
cg06014083	0.2152637596445979	1560
cg25169338	0.21526343553280797	1560
cg00851981	0.21526307844640652	1560
cg07817648	0.2152627542331937	1560
cg21097698	0.21526216750585045	1560
cg11466321	0.21526172229420273	1560
cg21602518	0.21526124066341257	1560
cg03403686	0.21526086607322995	1560
cg03176543	0.21525818346674808	1560
cg06341748	0.2152576108723397	1560
cg19257514	0.2152568890253229	1560
cg06937491	0.21525622247542694	1560
cg18586758	0.21525556877591978	1560
cg27519534	0.21525538719266282	1560
cg10335067	0.2152551493528964	1560
cg05362892	0.21525270305018115	1560
cg07302757	0.21525223920576375	1560
cg09761915	0.21525180700116464	1560
cg08116651	0.2152517835653137	1560
cg12550496	0.21525174912813644	1560
cg09557149	0.2152506930518976	1560
cg00834858	0.2152504067538849	1560
cg18777431	0.21524928711950508	1560
cg00183639	0.2152490586866477	1560
cg04307297	0.21524860243472185	1560
cg02997163	0.21524697201143486	1560
cg10331234	0.2152468411723237	1560
cg14348191	0.21524624243506774	1560
cg16932820	0.2152451768223668	1560
cg23377260	0.2152443917842387	1560
cg00374554	0.21524401012206937	1560
cg10356463	0.21524386566062484	1560
cg14765337	0.21524372530774133	1560
cg01045913	0.21524300198204374	1560
cg19663354	0.21524281692257577	1560
cg10296688	0.215242303014827	1560
cg11209218	0.21524077408740538	1560
cg01204683	0.2152406115720928	1560
cg26792933	0.21524055867307756	1560
cg21233879	0.21524041640785768	1560
cg06730286	0.2152393869900861	1560
cg12309420	0.2152391903511158	1560
cg25024210	0.21523827593256614	1560
cg14598877	0.2152377884926547	1560
cg16673808	0.21523760685029228	1560
cg25355904	0.21523727985670732	1560
cg12360330	0.21523553485877878	1560
cg17696741	0.2152351684068016	1560
cg18679069	0.2152347058340186	1560
cg10271315	0.21523374913353385	1560
cg23936747	0.21523374266091025	1560
cg08267588	0.21523301015325308	1560
cg16338306	0.21523260105575479	1560
cg04979876	0.21523173491320263	1560
cg25180550	0.21523168879466353	1560
cg12033178	0.21523151535994442	1560
cg06386733	0.21523129854818548	1560
cg04196068	0.215229294238533	1560
cg12981181	0.21522883711454374	1560
cg20195319	0.21522872593708828	1560
cg25653448	0.21522866374478083	1560
cg06927343	0.21522817681702627	1560
cg07226612	0.21522775014351003	1560
cg00231299	0.2152273935961471	1560
cg27521093	0.2152270355907698	1560
cg14378958	0.2152263041252632	1560
cg12178913	0.21522551402071596	1560
cg18715236	0.21522466463660514	1560
cg09430257	0.21522453004240052	1560
cg25132484	0.2152229425211687	1560
cg21472198	0.21522282972829604	1560
cg24980213	0.21522164259123433	1560
cg16639880	0.2152208867027195	1560
cg05488833	0.2152207920924453	1560
cg01847269	0.21522062862270977	1560
cg13183539	0.2152206073321074	1560
cg20858437	0.2152205294507037	1560
cg09721041	0.2152200906534432	1560
cg13650843	0.21521922272147917	1560
cg19928185	0.2152184147290854	1560
cg04076264	0.2152181763733409	1560
cg06392242	0.21521741910819142	1560
cg24385632	0.21521735470223752	1560
cg00613344	0.21521681445489974	1560
cg19422205	0.2152167027168706	1560
cg02054200	0.21521665192067985	1560
cg00630892	0.2152160731101489	1560
cg04440032	0.21521605576112574	1560
cg03761665	0.21521520162576674	1560
cg00540722	0.215214857221733	1560
cg14006376	0.21521421971042473	1560
cg08900137	0.21521356959370866	1560
cg27212903	0.21521328403587117	1560
cg27343380	0.21521326739683233	1560
cg15748742	0.21521172226659419	1560
cg09540803	0.21521116052808922	1560
cg09236819	0.21521036940124524	1560
cg04439584	0.21521028803287404	1560
cg00144425	0.21520982934927027	1560
cg03008078	0.2152090129975782	1560
cg05527877	0.21520805859717182	1560
cg00776208	0.21520758123258593	1560
cg00004533	0.21520722819350024	1560
cg14164492	0.21520469616371296	1560
cg11107262	0.2152045638402508	1560
cg08980476	0.21520381283249204	1560
cg01440570	0.21520365741362277	1560
cg17123809	0.21520353828424232	1560
cg08459764	0.21520322798728875	1560
cg06416110	0.21520296955754442	1560
cg08729442	0.21520295758268876	1560
cg27219446	0.21520278467978274	1560
cg07534267	0.21520241346199556	1560
cg22543291	0.2152017818503857	1560
cg16004390	0.2152016472602226	1560
cg17311290	0.21520084540603954	1560
cg06725287	0.2152004132343834	1560
cg22650022	0.2151992764214972	1560
cg15724116	0.21519900456879063	1560
cg16331972	0.21519874345022055	1560
cg06739752	0.2151986461422885	1560
cg16226373	0.21519843440392372	1560
cg23775409	0.21519782873991247	1560
cg19285277	0.2151974119524459	1560
cg04082274	0.21519723771725033	1560
cg09035784	0.21519675848695513	1560
cg04323313	0.215196735541502	1560
cg01182926	0.21519666816627958	1560
cg17942929	0.21519494373465997	1560
cg15997512	0.2151940625458445	1560
cg18449956	0.21519362902500103	1560
cg13179087	0.21519243636117708	1560
cg07124126	0.21519179511631217	1560
cg11081221	0.21519095490990867	1560
cg16283158	0.21518897464392883	1560
cg03140026	0.2151884335810888	1560
cg03290511	0.21518806679372715	1560
cg17855991	0.21518797269962678	1560
cg05929572	0.21518771058284208	1560
cg20612486	0.21518754104805843	1560
cg22953168	0.2151874052342289	1560
cg18120825	0.2151871152163881	1560
cg21045604	0.21518647737501473	1560
cg04378518	0.21518535788025842	1560
cg25333183	0.21518532502701132	1560
cg00682050	0.2151846733047745	1560
cg06256195	0.21518464684312685	1560
cg00396783	0.21518459520398706	1560
cg08153079	0.21518407461071026	1560
cg20684879	0.21518399697032012	1560
cg25131461	0.215183332939601	1560
cg19549314	0.21518317466015408	1560
cg14708851	0.21518088360325202	1560
cg05248351	0.21517830664169557	1560
cg23996979	0.21517819117929443	1560
cg26040844	0.21517735639316604	1560
cg15455721	0.21517689201947113	1560
cg14507634	0.21517577591235887	1560
cg15199489	0.21517429582075254	1560
cg21369151	0.21517403478463235	1560
cg19893834	0.21517370011389475	1560
cg05560951	0.21517330547362076	1560
cg22586236	0.21517312694379198	1560
cg06545359	0.21517114320273925	1560
cg24478595	0.21517083883640784	1560
cg22504462	0.21517072820716843	1560
cg07750536	0.2151706639766541	1560
cg22885526	0.2151692740003293	1560
cg16168950	0.21516903302900053	1560
cg13235287	0.21516877798130904	1560
cg10279535	0.215167642037921	1560
cg22085380	0.21516666874435897	1560
cg15353923	0.21516662116210172	1560
cg07251480	0.21516623504892898	1560
cg11414048	0.21516599366308578	1560
cg03775635	0.21516526159295718	1560
cg07748741	0.2151638903424343	1560
cg14584092	0.21516375383334113	1560
cg06239170	0.21516285395127283	1560
cg26090359	0.21516253427909338	1560
cg16201095	0.21516214376711662	1560
cg00044950	0.21516212546522606	1560
cg23990932	0.21516200666856142	1560
cg12533565	0.21516173495543786	1560
cg13626866	0.21516129767572517	1560
cg03832688	0.21516022335955498	1560
cg27229586	0.21515992183572646	1560
cg27274377	0.21515817411193197	1560
cg21333208	0.2151578376465933	1560
cg11304240	0.21515634762447072	1560
cg14624563	0.2151560308269356	1560
cg01073988	0.21515598322521126	1560
cg27176246	0.21515546127663254	1560
cg12644497	0.21515518124251806	1560
cg02880679	0.21515444161539338	1560
cg08974463	0.21515386109710696	1560
cg07891820	0.21515277509636935	1560
cg08397828	0.21515223429870203	1560
cg20006855	0.21515144477471565	1560
cg03560036	0.21515099423632666	1560
cg24286220	0.21514998662764637	1560
cg13547767	0.21514952618349956	1560
cg24939483	0.21514928787230642	1560
cg06286135	0.2151490819743974	1560
cg20694820	0.2151479658582634	1560
cg05639624	0.2151478284686735	1560
cg08668997	0.21514782017718478	1560
cg09390792	0.21514724081088532	1560
cg13786513	0.21514671162904117	1560
cg21202295	0.21514647945475643	1560
cg25206802	0.2151463018928121	1560
cg04510155	0.21514578412708799	1560
cg26846476	0.21514391434192484	1560
cg02157633	0.2151422424439519	1560
cg06349364	0.2151408474492508	1560
cg22896429	0.21514061750509372	1560
cg19105595	0.21513991322133183	1560
cg00215066	0.2151396269860943	1560
cg19740240	0.21513914188363342	1560
cg15605030	0.21513722829503035	1560
cg09348254	0.21513709869725725	1560
cg27547053	0.21513674683607958	1560
cg01800538	0.21513623963851786	1560
cg06095631	0.2151345108730696	1560
cg13976731	0.21513438053631967	1560
cg17690970	0.21513357855055557	1560
cg14359259	0.21513272736854436	1560
cg01564165	0.2151323666928619	1560
cg07703364	0.21513208989639646	1560
cg09444060	0.2151319112002505	1560
cg00845368	0.2151314078019327	1560
cg04480129	0.215129741334336	1560
cg05526731	0.21512939420451274	1560
cg03548285	0.21512786318887073	1560
cg04206906	0.21512786120434182	1560
cg04580068	0.2151274448881471	1560
cg11307296	0.21512741963733478	1560
cg19038397	0.21512734942315304	1560
cg17469969	0.21512713913936202	1560
cg13628643	0.2151270241685957	1560
cg00933813	0.215126527965979	1560
cg24658280	0.21512647438972424	1560
cg12800939	0.21512643056629357	1560
cg18973173	0.2151253956754833	1560
cg14160020	0.21512538888533508	1560
cg24576787	0.21512500467010792	1560
cg10515671	0.2151243153540284	1560
cg25457391	0.21512424391543145	1560
cg13401963	0.2151241960169787	1560
cg11114465	0.21512418613052597	1560
cg24475545	0.2151236454564306	1560
cg04270339	0.215122722269815	1560
cg11395579	0.21512254264088485	1560
cg27516925	0.2151215579746081	1560
cg07436141	0.21512152089864742	1560
cg13992382	0.21512118946188888	1560
cg26253974	0.21512116658257074	1560
cg04782692	0.21511884309872034	1560
cg15571725	0.21511801365915886	1560
cg12488207	0.21511657654092461	1560
cg12726906	0.21511642215182147	1560
cg18400889	0.2151164183774334	1560
cg16205656	0.21511543964802796	1560
cg06819605	0.21511486762879825	1560
cg15284129	0.21511442980964657	1560
cg13427428	0.21511348947710468	1560
cg00079169	0.21511255697675327	1560
cg05124243	0.21511217427844356	1560
cg12099188	0.2151110713017032	1560
cg04967009	0.21511093264240735	1560
cg01505421	0.21511061346952295	1560
cg14984210	0.21510922145703548	1560
cg16402693	0.21510873144924583	1560
cg18245268	0.21510859191530815	1560
cg02986692	0.21510834420224578	1560
cg16901727	0.21510789762218788	1560
cg08905415	0.2151073937809297	1560
cg03245159	0.2151066312037757	1560
cg01017397	0.21510633690346334	1560
cg17949364	0.2151061802935865	1560
cg12301921	0.21510510287286613	1560
cg02913832	0.21510477070308584	1560
cg06357945	0.21510460487575103	1560
cg13037081	0.21510448424232684	1560
cg22044319	0.2151036165463348	1560
cg02064740	0.21510359239233556	1560
cg18088773	0.21510351454793067	1560
cg02023154	0.21510158913913544	1560
cg03754361	0.2151012918014929	1560
cg02049041	0.21510107061827796	1560
cg02710699	0.2151002303033583	1560
cg17284200	0.2150996662633636	1560
cg23575668	0.2150988102433443	1560
cg08080024	0.2150963115341279	1560
cg24469977	0.21509538929773642	1560
cg25790133	0.21509527677165563	1560
cg22541063	0.21509469584675223	1560
cg13056247	0.2150930499451859	1560
cg25032603	0.21509299364047874	1560
cg03043671	0.21509141129524403	1560
cg12906859	0.21509098598875448	1560
cg09914182	0.21509080938481706	1560
cg02997817	0.21509067212405575	1560
cg23210309	0.21509047442752327	1560
cg01691332	0.21508991382925718	1560
cg18732855	0.21508989071030624	1560
cg02877738	0.2150891521605707	1560
cg10933428	0.215087938447511	1560
cg03430116	0.21508793213301963	1560
cg09523601	0.21508612179005232	1560
cg00111677	0.21508565099948743	1560
cg11377984	0.2150853368302458	1560
cg21425160	0.21508528946306432	1560
cg18976852	0.21508520572389897	1560
cg10763564	0.21508517731846588	1560
cg10263684	0.21508459772790822	1560
cg09117841	0.21508439159676626	1560
cg14050363	0.21508408780196375	1560
cg14570855	0.21508372066247694	1560
cg22236143	0.2150835075661416	1560
cg06881908	0.21508264612902483	1560
cg12967838	0.21508234982836538	1560
cg25240483	0.21508169019866005	1560
cg24153132	0.21507919115238083	1560
cg25110239	0.215078542565788	1560
cg22528979	0.2150781851658381	1560
cg25514503	0.2150777831891946	1560
cg19513293	0.21507698477144283	1560
cg14699253	0.215076709181633	1560
cg12481567	0.21507590770960014	1560
cg02758507	0.2150756250997145	1560
cg05349077	0.21507559490993305	1560
cg11332701	0.21507495380818703	1560
cg03247128	0.2150747414453958	1560
cg21101652	0.2150744634279487	1560
cg03131736	0.21507400895324924	1560
cg00177657	0.21507324006636247	1560
cg20060928	0.215073153301425	1560
cg23753201	0.2150727999168001	1560
cg14069465	0.21507240131903158	1560
cg16448399	0.21507238766962603	1560
cg09745864	0.2150714747994336	1560
cg04976254	0.21507132362676623	1560
cg22232269	0.21507101382280883	1560
cg08624068	0.21507099220955855	1560
cg18148620	0.21506992763399604	1560
cg22267910	0.21506962137625904	1560
cg17160381	0.21506942112140065	1560
cg09921371	0.2150693044410763	1560
cg00564916	0.21506754802507608	1560
cg18052601	0.2150668128837221	1560
cg04310833	0.21506671875050756	1560
cg01529068	0.215066194952571	1560
cg23339936	0.215066013287345	1560
cg17579366	0.21506496989727616	1560
cg21438057	0.21506470753062945	1560
cg16016104	0.21506460035875583	1560
cg03390905	0.21506449468137095	1560
cg12313886	0.21506359970044694	1560
cg24278948	0.21506313436911717	1560
cg12020543	0.21506055936680518	1560
cg11022824	0.2150599154588083	1560
cg06206831	0.21505984398068614	1560
cg06578063	0.21505976607342334	1560
cg08362308	0.2150580599868449	1560
cg01866897	0.21505785222556825	1560
cg18783160	0.21505750463505566	1560
cg18587059	0.2150572998881785	1560
cg12938917	0.2150569279103296	1560
cg14168621	0.2150562473017518	1560
cg18144544	0.2150560215124836	1560
cg02517488	0.21505557020162175	1560
cg16160710	0.215054753786991	1560
cg14588259	0.21505473439080716	1560
cg09134341	0.2150545793672584	1560
cg05851505	0.215054314390905	1560
cg07745562	0.2150539600811077	1560
cg03385272	0.21505344416184308	1560
cg25715256	0.2150533473595793	1560
cg17278057	0.21505217558427167	1560
cg07780735	0.2150510837688367	1560
cg12222752	0.2150509943613772	1560
cg20066677	0.2150504464110139	1560
cg00490052	0.21504996683519995	1560
cg10317867	0.21504899785941972	1560
cg04037952	0.21504846204285671	1560
cg07188488	0.2150483446293734	1560
cg01496715	0.2150482694332815	1560
cg01436159	0.21504781656683486	1560
cg02628923	0.21504775160990264	1560
cg07437385	0.2150465445919811	1560
cg02734419	0.21504621931504198	1560
cg09318256	0.2150460343363315	1560
cg17615773	0.2150448927157695	1560
cg18883472	0.21504471486385804	1560
cg22513237	0.21504428349889562	1560
cg11930353	0.21504391414752352	1560
cg21150921	0.21504322574120321	1560
cg08159743	0.21504284848556002	1560
cg01282195	0.21504256924564313	1560
cg03767653	0.2150424880230642	1560
cg09162148	0.21504198894150564	1560
cg13377341	0.21504181387438556	1560
cg16412000	0.21503979638359658	1560
cg00077566	0.21503955334722916	1560
cg12967384	0.21503925926567308	1560
cg07781401	0.21503919380447403	1560
cg00862394	0.21503770926506852	1560
cg03010860	0.21503764674454667	1560
cg22969950	0.21503699750300312	1560
cg26173435	0.21503693574420155	1560
cg21784781	0.2150366555010433	1560
cg02212575	0.21503603550876874	1560
cg01291474	0.21503584029375422	1560
cg01361555	0.21503539494540208	1560
cg04121561	0.21503493606970056	1560
cg23242708	0.21503452815522153	1560
cg02735500	0.2150341719212417	1560
cg03930965	0.21503364929618635	1560
cg13748794	0.21503362053000658	1560
cg26024597	0.21503166227905102	1560
cg17558547	0.21503098403096657	1560
cg00786618	0.21503008046421554	1560
cg01301541	0.21502950285443598	1560
cg14530993	0.21502943792860746	1560
cg13291862	0.2150272306288367	1560
cg20268994	0.21502702910228141	1560
cg22442352	0.2150268038393192	1560
cg17842912	0.2150245128143847	1560
cg21401740	0.21502357192878152	1560
cg13351503	0.21502334712084104	1560
cg07795447	0.21502289132762292	1560
cg00024198	0.21502272608563808	1560
cg16753167	0.21502220720053988	1560
cg05146409	0.21502211527643428	1560
cg07664760	0.2150217206421707	1560
cg11157034	0.21502121011606853	1560
cg07926770	0.21502078245346665	1560
cg11992426	0.21502065074949991	1560
cg19945202	0.2150203141318574	1560
cg06905387	0.21502022294313458	1560
cg13798290	0.2150199937166859	1560
cg09118555	0.21501984624110798	1560
cg05114334	0.21501960931282998	1560
cg25877019	0.21501906679971217	1560
cg14813458	0.21501857034352986	1560
cg22679572	0.21501546209778194	1560
cg03202190	0.21501470891066954	1560
cg21044022	0.21501361352412252	1560
cg05130386	0.2150124307816164	1560
cg14420715	0.2150121365559835	1560
cg07474672	0.21501067747654098	1560
cg04724177	0.21501025257442571	1560
cg18965086	0.21501024151727907	1560
cg12774391	0.2150091094738494	1560
cg00583299	0.2150090048162251	1560
cg06292482	0.2150086364621087	1560
cg07394491	0.21500863339611795	1560
cg26469955	0.2150086144096194	1560
cg07166601	0.21500860046803835	1560
cg13166635	0.21500857749620386	1560
cg24270182	0.21500782632872634	1560
cg07304943	0.21500693031304086	1560
cg23365723	0.21500642156880517	1560
cg26084667	0.2150062716965624	1560
cg01330456	0.21500513449707592	1560
cg09766432	0.2150048973725623	1560
cg03371447	0.2150039264701211	1560
cg01410553	0.2150029223684944	1560
cg19717768	0.21500247222418647	1560
cg18698459	0.21500153492949958	1560
cg22940988	0.2150003535655341	1560
cg16706038	0.21500012914653657	1560
cg26560895	0.21499922571491956	1560
cg00602371	0.21499794705278738	1560
cg02098273	0.21499684437639566	1560
cg25064458	0.2149961238509229	1560
cg15731108	0.21499589902797062	1560
cg27642181	0.21499550904459946	1560
cg02296145	0.21499427555846914	1560
cg01632188	0.21499408547543325	1560
cg18643383	0.21499309266316893	1560
cg21040726	0.21499253712040223	1560
cg23588928	0.2149918133881667	1560
cg21141445	0.21499137427929355	1560
cg16797514	0.2149904124665575	1560
cg17426146	0.21499023600905234	1560
cg09325012	0.21498938234102588	1560
cg25565820	0.21498892827801497	1560
cg10443978	0.21498841075251088	1560
cg24417626	0.21498799719872508	1560
cg26464185	0.21498693982921957	1560
cg11567849	0.2149848163224067	1560
cg01517188	0.2149837082102972	1560
cg27053157	0.2149815916603792	1560
cg11378619	0.21498104901126602	1560
cg02646297	0.2149808871575661	1560
cg06617886	0.2149808110380786	1560
cg04659536	0.21498034184468257	1560
cg18146389	0.21498027463303787	1560
cg14272706	0.21497956289405046	1560
cg21042627	0.21497859835791752	1560
cg09608173	0.21497677031960918	1560
cg07783183	0.21497613677730393	1560
cg25370941	0.21497609605908607	1560
cg08901057	0.21497575542286462	1560
cg02384419	0.21497539503360763	1560
cg14317884	0.2149742747028829	1560
cg10051381	0.2149740554359009	1560
cg01554231	0.2149739522883341	1560
cg02635837	0.21497321590298724	1560
cg05924733	0.2149724580628386	1560
cg24738171	0.2149714251994883	1560
cg05982473	0.21497062017452842	1560
cg14247180	0.21497061489079333	1560
cg22682724	0.21496992612771276	1560
cg11604216	0.21496979285563492	1560
cg13461190	0.21496957756578042	1560
cg17762124	0.21496944184858288	1560
cg15422784	0.2149693466430361	1560
cg17670366	0.21496916623339032	1560
cg12199198	0.2149689797305473	1560
cg13351028	0.21496894277921424	1560
cg20675796	0.21496630083483984	1560
cg19124242	0.21496492992792238	1560
cg05348946	0.2149647749332028	1560
cg16118426	0.21496472252774323	1560
cg13319533	0.21496417356979178	1560
cg14185656	0.21496256798188462	1560
cg18946373	0.21496161718938508	1560
cg22068659	0.21496133913711737	1560
cg18702827	0.21496106961358635	1560
cg22765308	0.2149610490706107	1560
cg02461776	0.21496014076172268	1560
cg25893434	0.21495992031445807	1560
cg05711609	0.2149591225646087	1560
cg02897675	0.21495888084505296	1560
cg16918683	0.21495844979098955	1560
cg17783135	0.2149583858894598	1560
cg18870839	0.214958357057962	1560
cg14372532	0.2149574668678727	1560
cg26075830	0.21495576968446753	1560
cg18743140	0.21495517589561217	1560
cg02929500	0.21495443088345967	1560
cg02212772	0.21495378893833386	1560
cg10902367	0.2149517383447876	1560
cg25966976	0.21495148546992682	1560
cg25330147	0.2149514619020169	1560
cg07875884	0.2149510179077119	1560
cg07718631	0.21495076088236725	1560
cg16884539	0.214950351542448	1560
cg03985630	0.21494983765516879	1560
cg01498219	0.21494958504040004	1560
cg10741826	0.21494920133954382	1560
cg13241740	0.2149487632963806	1560
cg10081115	0.214947258369968	1560
cg27276190	0.21494721545099382	1560
cg03559568	0.2149455073227648	1560
cg07139668	0.2149454686318628	1560
cg14169740	0.21494541299987246	1560
cg13942590	0.21494396648284336	1560
cg05300717	0.2149430926252037	1560
cg26803993	0.21494182281604365	1560
cg01362778	0.21494092415704888	1560
cg12312086	0.21494052806107683	1560
cg26723698	0.21493982978770504	1560
cg07638334	0.2149390461107635	1560
cg26935536	0.21493849865088102	1560
cg26011534	0.21493805134372343	1560
cg01081813	0.21493770540840898	1560
cg11393407	0.2149369573802819	1560
cg05637265	0.21493641222510068	1560
cg23804750	0.21493550502207517	1560
cg11367539	0.21493530154316495	1560
cg16386046	0.21493521729314083	1560
cg01485362	0.21493263712081598	1560
cg09404381	0.2149318229089617	1560
cg13171107	0.21493166549733608	1560
cg03737585	0.21493132657677214	1560
cg24281697	0.21492948756385669	1560
cg25029533	0.2149290619953284	1560
cg21800075	0.21492846211668967	1560
cg09789697	0.21492744408970885	1560
cg19036958	0.21492723056021942	1560
cg14737320	0.21492718575557698	1560
cg25010929	0.21492711264271366	1560
cg12955872	0.2149262392697211	1560
cg14879397	0.21492591096681082	1560
cg18482593	0.2149248545900458	1560
cg23462505	0.2149238220689172	1560
cg02734463	0.21492339364463042	1560
cg08483444	0.21492293783853914	1560
cg24769205	0.21492126127607825	1560
cg16668534	0.21492121530151748	1560
cg03070534	0.2149210283159589	1560
cg21889181	0.21492065432639695	1560
cg20510384	0.21491940192561587	1560
cg10304803	0.2149191768648632	1560
cg05364747	0.21491823645565877	1560
cg27030081	0.21491753142353734	1560
cg14779473	0.2149174334116521	1560
cg26477746	0.21491735843356843	1560
cg26300313	0.21491730238456477	1560
cg01684361	0.21491600498508492	1560
cg00096979	0.21491589024737157	1560
cg22206745	0.2149157094396965	1560
cg12103219	0.2149133972319245	1560
cg04250681	0.21491188828591573	1560
cg25574406	0.21491042567917348	1560
cg20332143	0.21490920134988317	1560
cg26734950	0.2149088846336505	1560
cg19530972	0.214908656296082	1560
cg04138846	0.21490665324804853	1560
cg13709634	0.21490599003792024	1560
cg14518464	0.2149054942167309	1560
cg00657694	0.21490516097343293	1560
cg00842670	0.21490482890432192	1560
cg18803535	0.214904551316167	1560
cg15615638	0.21490452911111202	1560
cg09872185	0.214904038684886	1560
cg23242429	0.21490377383282927	1560
cg12591148	0.21490321820298877	1560
cg23459386	0.2149020674473478	1560
cg00459312	0.21490122039454151	1560
cg27349264	0.21490088865772544	1560
cg02304222	0.2149006603008316	1560
cg21926162	0.21490059792492583	1560
cg21206021	0.21489793060233028	1560
cg06381933	0.21489679331711714	1560
cg23571839	0.2148967035125091	1560
cg02973883	0.21489609868587436	1560
cg15633273	0.21489327689605633	1560
cg12604058	0.21489320326128833	1560
cg14118059	0.21489281895944146	1560
cg10585872	0.21489164678109202	1560
cg05307234	0.21489138205489555	1560
cg16640517	0.21489131907588854	1560
cg24806663	0.21489005721876983	1560
cg21116793	0.21488966571028925	1560
cg10284638	0.21488899275888632	1560
cg05308829	0.21488894635697733	1560
cg19111338	0.21488870106792554	1560
cg14560889	0.21488859961770743	1560
cg14060366	0.2148884918054801	1560
cg08856333	0.2148884379810811	1560
cg18821137	0.2148876625802591	1560
cg16421901	0.21488675958344552	1560
cg15458996	0.21488675901273588	1560
cg04571282	0.21488665278947694	1560
cg02039539	0.2148855532481281	1560
cg26498396	0.21488381650553834	1560
cg27403117	0.2148832685370686	1560
cg23103235	0.214883145780373	1560
cg01418645	0.21488243102717475	1560
cg18265249	0.21488203264500857	1560
cg15606072	0.21488168090609214	1560
cg06626556	0.21488164374578758	1560
cg03377286	0.214881637166338	1560
cg23169784	0.2148807200026612	1560
cg15764655	0.21488042503842011	1560
cg17236181	0.214879936145607	1560
cg15653715	0.2148795651363161	1560
cg12940669	0.21487904078309816	1560
cg25092540	0.21487872685235948	1560
cg24691483	0.21487870422244787	1560
cg14968844	0.2148780491918142	1560
cg14820497	0.21487775801250159	1560
cg06797330	0.2148766858837644	1560
cg16620766	0.21487665656108468	1560
cg25103905	0.21487578469661225	1560
cg24644113	0.2148755764285713	1560
cg00938859	0.21487505149042638	1560
cg13502823	0.21487500052121278	1560
cg07016939	0.2148748108540391	1560
cg25682988	0.21487391777936207	1560
cg09649196	0.214873663797747	1560
cg18595479	0.21487307780481554	1560
cg01486239	0.21487287898251098	1560
cg16398105	0.2148726240748012	1560
cg07010028	0.21487201502885075	1560
cg25590335	0.21487196548917958	1560
cg00535430	0.21487065607459585	1560
cg27429917	0.21487007799183175	1560
cg11585357	0.21486950018411752	1560
cg08949345	0.21486892457235116	1560
cg21847403	0.2148688793522547	1560
cg24456592	0.2148683848957226	1560
cg27288595	0.2148677626362016	1560
cg19786013	0.2148676148304115	1560
cg11433629	0.2148673262034403	1560
cg09550323	0.2148666326308129	1560
cg19738904	0.2148647020655571	1560
cg00532451	0.21486438731861998	1560
cg10100256	0.2148635160524266	1560
cg27656074	0.21486349947860509	1560
cg02693745	0.21486275496316304	1560
cg24874524	0.2148627461528605	1560
cg25761645	0.2148622725285679	1560
cg26136325	0.2148621905829194	1560
cg14282925	0.21486214023992156	1560
cg02379854	0.21486173545706883	1560
cg03950371	0.21486168329747432	1560
cg06644844	0.21486120397895175	1560
cg00702835	0.21486061715090538	1560
cg04735123	0.21485952814786666	1560
cg07457739	0.21485916256070609	1560
cg14578852	0.21485888059209343	1560
cg12495649	0.21485875107483043	1560
cg22094953	0.2148582499424998	1560
cg18250135	0.21485817428271684	1560
cg27505472	0.21485625679986722	1560
cg17850539	0.21485568535827362	1560
cg22259698	0.21485557500950692	1560
cg08638785	0.21485514644665207	1560
cg01420714	0.2148542665298442	1560
cg13601472	0.21485358966072218	1560
cg14509299	0.21485270508517584	1560
cg03878793	0.21485176800039327	1560
cg10553672	0.21485174352377903	1560
cg14248360	0.21485165690643496	1560
cg05790863	0.2148514036800227	1560
cg13647486	0.21485065827475394	1560
cg20106214	0.21485020232860483	1560
cg20782653	0.21484893760166343	1560
cg06766857	0.21484871839131128	1560
cg21399712	0.21484771739384365	1560
cg13479474	0.21484718240599482	1560
cg14379462	0.21484567885275263	1560
cg08525147	0.2148456787195095	1560
cg14808360	0.2148456104438702	1560
cg04214710	0.21484550304491618	1560
cg01839806	0.214844823450863	1560
cg06545762	0.21484436296666587	1560
cg04438519	0.21484423973417116	1560
cg19274401	0.2148440872544183	1560
cg05608612	0.2148437181158579	1560
cg16962412	0.21484365570339428	1560
cg09370299	0.21484349818762397	1560
cg08772345	0.21484311200042383	1560
cg03055942	0.21484306404572936	1560
cg04144108	0.21484197893750226	1560
cg02602545	0.21484131355144986	1560
cg19823090	0.21484112915695902	1560
cg14385008	0.21483927726655683	1560
cg01683986	0.2148391068368556	1560
cg23597430	0.2148390657980468	1560
cg11060910	0.2148387928496628	1560
cg22428820	0.21483859027252106	1560
cg03316575	0.2148377231616543	1560
cg05972654	0.2148370865474802	1560
cg24399405	0.21483682631702616	1560
cg26077392	0.21483630686372382	1560
cg26701409	0.21483465630543155	1560
cg18092351	0.21483455628809123	1560
cg08600461	0.2148342659075681	1560
cg24332347	0.21483349639244276	1560
cg17061822	0.21483283026925012	1560
cg13579262	0.21483219352392063	1560
cg26317051	0.2148321067285053	1560
cg02565891	0.21483128565487003	1560
cg23044391	0.21483110266704258	1560
cg10112599	0.21483095534494392	1560
cg00968020	0.21483052877970055	1560
cg13547665	0.2148305171521399	1560
cg10492129	0.2148293744271451	1560
cg24583410	0.21482902553478794	1560
cg24364723	0.2148289021504261	1560
cg01198655	0.2148286276928265	1560
cg22628694	0.21482835599901373	1560
cg09073838	0.21482771877627277	1560
cg09434115	0.21482734547564028	1560
cg08236018	0.2148261677273294	1560
cg03699633	0.21482541404439517	1560
cg10991637	0.214825093253242	1560
cg06996029	0.21482255023471622	1560
cg09067228	0.214821598971644	1560
cg07080867	0.21482134808470305	1560
cg10924085	0.21482133949424423	1560
cg25335107	0.21482060665350788	1560
cg00015699	0.21482021669034437	1560
cg05626290	0.21481989288113423	1560
cg10172459	0.21481969069369955	1560
cg27100547	0.21481964025536732	1560
cg08547457	0.21481960492800337	1560
cg17256253	0.21481884580118227	1560
cg15571896	0.21481834027733127	1560
cg08742194	0.2148182807523392	1560
cg16533510	0.21481802324416363	1560
cg05928975	0.21481764245836696	1560
cg04315255	0.21481742583771543	1560
cg00328711	0.21481684782620258	1560
cg20355401	0.21481405993183647	1560
cg03277925	0.21481330304087642	1560
cg25504605	0.2148131796494661	1560
cg00286497	0.2148125830432411	1560
cg03294328	0.2148119357471832	1560
cg11343941	0.21481173042312574	1560
cg10522587	0.21481090374979053	1560
cg12010173	0.21480999986180446	1560
cg08355109	0.21480890743804426	1560
cg03329042	0.2148086799617089	1560
cg16531520	0.21480800616562926	1560
cg18340374	0.21480679835102023	1560
cg17129937	0.21480670379000674	1560
cg12112229	0.2148048477385632	1560
cg12068463	0.2148047359842066	1560
cg03286037	0.2148047217044859	1560
cg19201894	0.21480467953409577	1560
cg15559940	0.21480446131180023	1560
cg25310447	0.21480351908957854	1560
cg14441891	0.21480349982241162	1560
cg07269819	0.2148033246049887	1560
cg24008893	0.21480284919862577	1560
cg10333144	0.2148027962320126	1560
cg03515372	0.21480250549142005	1560
cg10640764	0.21480234242318866	1560
cg12099032	0.21480228898186854	1560
cg13708908	0.21480089647950446	1560
cg11559989	0.21480027326991896	1560
cg23530172	0.2147996141657175	1560
cg07536914	0.21479954737118048	1560
cg18671057	0.21479931679277875	1560
cg22572661	0.21479917395147452	1560
cg06049932	0.21479846585229662	1560
cg08231130	0.21479784393795684	1560
cg19931644	0.21479763310744596	1560
cg01964121	0.2147975253790093	1560
cg01058879	0.21479739322641975	1560
cg07558837	0.2147956899011564	1560
cg23817292	0.2147949092697309	1560
cg10367137	0.2147947883907209	1560
cg20982223	0.21479461744101883	1560
cg21045388	0.21479434505866138	1560
cg26862022	0.21479428759398042	1560
cg21490485	0.21479377700338864	1560
cg17144164	0.21479335285049148	1560
cg01721835	0.21479317004931875	1560
cg23961922	0.21479185446823118	1560
cg00977408	0.21479105008309834	1560
cg12373184	0.21479092493585017	1560
cg15399174	0.21479083106805144	1560
cg00979376	0.2147905263155745	1560
cg16054184	0.21478974963619069	1560
cg27665123	0.2147879081330579	1560
cg26982245	0.2147878742718044	1560
cg03278866	0.21478655184176337	1560
cg20643274	0.21478652091546685	1560
cg08364607	0.21478644794205845	1560
cg10159607	0.21478513233402208	1560
cg07105891	0.21478213964049492	1560
cg16526372	0.21478127582108084	1560
cg03413419	0.21478096436413824	1560
cg26902127	0.21477958713455597	1560
cg21576809	0.21477894962862792	1560
cg00124213	0.21477894457589464	1560
cg11887973	0.21477880463636664	1560
cg27058582	0.21477760701811335	1560
cg00783244	0.2147754552542526	1560
cg04862264	0.2147753089710942	1560
cg16123421	0.21477429164037576	1560
cg17469471	0.21477408419915148	1560
cg09412310	0.21477408405908263	1560
cg02578535	0.21477240199776276	1560
cg22740809	0.2147722756181017	1560
cg20894522	0.21477109405446945	1560
cg05027258	0.2147705895531252	1560
cg25065191	0.21476941705834268	1560
cg22389121	0.21476932828632775	1560
cg07511836	0.21476872957288343	1560
cg24534048	0.2147683279743782	1560
cg09678829	0.21476816252664416	1560
cg16321109	0.21476806917725202	1560
cg00160522	0.21476750220461333	1560
cg06758207	0.21476722074328358	1560
cg17126348	0.2147662136783149	1560
cg16911819	0.21476483768505766	1560
cg25652873	0.2147645507652885	1560
cg20326572	0.21476437051331285	1560
cg07096110	0.21476321144054047	1560
cg15763369	0.21476271865159538	1560
cg12226006	0.21476266349231102	1560
cg05304393	0.21476168294107914	1560
cg15776560	0.21476103621915446	1560
cg16697996	0.21476045872519203	1560
cg06283432	0.2147604151216895	1560
cg12818481	0.21476033313590065	1560
cg22227621	0.21475998945542005	1560
cg11837690	0.214759065499942	1560
cg05367052	0.21475904965218773	1560
cg02598750	0.214759000727137	1560
cg23484785	0.21475794412837237	1560
cg08182975	0.2147575084917056	1560
cg13698991	0.21475730966844223	1560
cg09036621	0.21475669153085808	1560
cg21301063	0.21475550559424186	1560
cg03299216	0.21475517803265234	1560
cg05720751	0.2147550884680979	1560
cg03765846	0.21475486707976416	1560
cg04495299	0.21475474591327257	1560
cg18392279	0.2147529790033812	1560
cg17242353	0.21475276704955834	1560
cg27241576	0.21475242676708245	1560
cg27525636	0.214751596774949	1560
cg03299782	0.21475028409348731	1560
cg20054983	0.21475025485988333	1560
cg05294016	0.21474932165978958	1560
cg04030659	0.2147486878295527	1560
cg13355078	0.2147479435255865	1560
cg27527290	0.2147476840696224	1560
cg06556795	0.214747670907866	1560
cg23638107	0.21474734333247597	1560
cg25467521	0.21474699106589135	1560
cg13270018	0.2147469342293058	1560
cg15999332	0.21474672525373345	1560
cg07479711	0.2147464153765435	1560
cg09786329	0.21474470199615842	1560
cg12229367	0.21474321900517934	1560
cg26138746	0.21474294331391036	1560
cg02277235	0.2147423727396186	1560
cg08513527	0.21474118984019425	1560
cg11199862	0.2147407211454745	1560
cg21972741	0.21474056410497774	1560
cg09476019	0.21474042597830603	1560
cg13169527	0.21474038732864217	1560
cg11467141	0.21473978427838408	1560
cg24084898	0.21473898156000143	1560
cg04173139	0.21473807494736366	1560
cg17898375	0.21473752317327788	1560
cg08040429	0.2147372655104909	1560
cg24648241	0.21473708654044613	1560
cg14145438	0.21473644429649966	1560
cg10899274	0.2147357187832766	1560
cg25874631	0.2147353664161394	1560
cg06049021	0.2147352619049563	1560
cg01930503	0.2147350666998116	1560
cg20199549	0.21473498571092495	1560
cg06468920	0.21473464972052997	1560
cg26056615	0.21473272960414663	1560
cg11025750	0.2147324965248529	1560
cg23577562	0.21473155301914373	1560
cg10630680	0.21473120093018777	1560
cg19668990	0.2147311745389143	1560
cg13387374	0.21472860855303724	1560
cg13432032	0.21472847347470397	1560
cg10321366	0.21472812269899283	1560
cg09459280	0.21472760282011422	1560
cg03123170	0.2147274002741157	1560
cg06161915	0.2147266537171843	1560
cg14698867	0.21472645060086318	1560
cg17752083	0.21472525288822436	1560
cg23367987	0.21472523945771718	1560
cg06756473	0.21472510337559267	1560
cg12156838	0.21472470739913535	1560
cg03980226	0.214724613888681	1560
cg20767356	0.21472452369098657	1560
cg21084119	0.2147242664066104	1560
cg27066052	0.2147228706396187	1560
cg03306967	0.2147226406657007	1560
cg20015855	0.2147201512529069	1560
cg01834305	0.214720105834186	1560
cg12256826	0.21471903220673716	1560
cg15395461	0.2147189038073153	1560
cg08206079	0.214717500664604	1560
cg14529956	0.21471711265355914	1560
cg09459146	0.21471677868463965	1560
cg04846618	0.21471612577567417	1560
cg21886959	0.21471490641838772	1560
cg07912144	0.21471409596575364	1560
cg13278126	0.2147139017822803	1560
cg12476443	0.21471238287550284	1560
cg25060004	0.2147120422172924	1560
cg16699850	0.21471166800658442	1560
cg15777910	0.21471101287474298	1560
cg02634998	0.2147104194143877	1560
cg09731606	0.2147083999401908	1560
cg10594034	0.21470826824469233	1560
cg16713357	0.21470817217949828	1560
cg02025860	0.21470781469421404	1560
cg22550709	0.2147077037992324	1560
cg07118485	0.21470750773722996	1560
cg24410391	0.21470722261919178	1560
cg05049094	0.21470715375662025	1560
cg22771904	0.21470607117855703	1560
cg09225324	0.2147059387709276	1560
cg08321824	0.2147055601725513	1560
cg05236960	0.21470530041280725	1560
cg00139947	0.21470525399026985	1560
cg20392242	0.2147051619334559	1560
cg10134651	0.21470263634762052	1560
cg12796743	0.214702296260651	1560
cg24150012	0.21470185601580236	1560
cg03515735	0.21470145281100111	1560
cg06119148	0.21470090217757276	1560
cg19484328	0.21470076509822905	1560
cg18049541	0.21470027124540872	1560
cg00750074	0.21469935565635206	1560
cg10269561	0.2146990795536695	1560
cg14328685	0.21469840092859016	1560
cg03486383	0.21469763171545664	1560
cg05554592	0.21469753431456956	1560
cg00008493	0.21469639612273347	1560
cg23650686	0.21469555299957227	1560
cg24073311	0.21469553692140472	1560
cg22773241	0.2146954136655036	1560
cg27467249	0.2146942018957899	1560
cg12591289	0.2146938526994323	1560
cg00697880	0.21469313388054645	1560
cg07831886	0.21469289785567333	1560
cg23799558	0.21469238372097774	1560
cg22861744	0.21469129141652923	1560
cg19671650	0.21469098063684225	1560
cg08597056	0.21469054638375357	1560
cg00403315	0.2146902928105294	1560
cg10087519	0.2146900943667397	1560
cg25762262	0.21468983179681828	1560
cg14861934	0.21468941311605697	1560
cg18407858	0.2146888675853561	1560
cg16705889	0.21468877310205656	1560
cg22355537	0.21468781837302808	1560
cg20124602	0.2146878084799242	1560
cg25918510	0.2146871791821412	1560
cg26741226	0.21468704917693243	1560
cg18458689	0.2146868746473256	1560
cg20124933	0.21468670082057456	1560
cg21943719	0.21468656666728578	1560
cg00719108	0.21468601669244639	1560
cg02584802	0.21468463388885078	1560
cg24991640	0.21468332635691625	1560
cg19386169	0.21468306686029856	1560
cg20511955	0.21468273094517973	1560
cg27273140	0.21468181561721916	1560
cg17297775	0.2146816955946806	1560
cg14653877	0.2146801448665152	1560
cg24723496	0.21467945413397732	1560
cg06773397	0.21467890462087755	1560
cg14413117	0.21467886643682355	1560
cg08144020	0.21467728941239464	1560
cg21478921	0.21467724210959147	1560
cg18254282	0.214677063043431	1560
cg13616628	0.2146766446111365	1560
cg02825527	0.21467590878443926	1560
cg22798257	0.21467537403585824	1560
cg04637704	0.21467529850464606	1560
cg12229632	0.21467483602043858	1560
cg02388488	0.21467383893057373	1560
cg21471337	0.214673662190319	1560
cg03443590	0.2146723677957982	1560
cg24683121	0.21467217737802557	1560
cg25590127	0.21467114617087737	1560
cg02281662	0.21467058149893922	1560
cg08478622	0.21467017207791897	1560
cg11959007	0.21466761957751823	1560
cg01013683	0.2146671816129882	1560
cg11792184	0.2146669788484293	1560
cg18156564	0.2146669655004621	1560
cg15353469	0.2146668859092397	1560
cg21503490	0.21466632363322954	1560
cg11930746	0.21466575555399928	1560
cg24949575	0.21466521356354207	1560
cg14114814	0.21466413120414338	1560
cg14377973	0.21466332687914996	1560
cg04018738	0.21466242857434573	1560
cg13644549	0.21466167809150716	1560
cg03850797	0.21466038697967402	1560
cg02301815	0.21465958447008607	1560
cg19562108	0.21465871314407087	1560
cg11380329	0.21465789286335837	1560
cg15595571	0.21465757879580413	1560
cg22687873	0.21465713934424652	1560
cg11799843	0.21465708520831658	1560
cg00410883	0.2146566879977888	1560
cg07964958	0.21465541248496903	1560
cg13813258	0.21465539440787143	1560
cg21658267	0.2146536558487223	1560
cg00423679	0.2146513698183345	1560
cg24336769	0.21465093313132844	1560
cg20359535	0.21465004295566842	1560
cg17289222	0.21465000596698863	1560
cg21203562	0.2146492701494192	1560
cg13453304	0.21464902387037446	1560
cg00800038	0.21464866018338655	1560
cg18909937	0.2146485475688769	1560
cg10255486	0.21464806469471018	1560
cg00717080	0.21464746440418891	1560
cg06301139	0.21464706387034868	1560
cg27009036	0.21464683208296548	1560
cg26870093	0.2146456080314877	1560
cg06739683	0.2146448370591305	1560
cg20814688	0.2146446120812187	1560
cg20684251	0.21464428521466927	1560
cg06971503	0.21464359973476063	1560
cg19942138	0.21464290716559636	1560
cg05480260	0.21464235138913954	1560
cg15573058	0.21464119136845577	1560
cg00821587	0.2146404050352406	1560
cg01634423	0.21463987212266783	1560
cg09273212	0.21463840985562022	1560
cg17371908	0.21463836140615156	1560
cg07486170	0.21463808879719454	1560
cg16526287	0.21463808583631008	1560
cg03668470	0.21463794806699613	1560
cg20418191	0.21463788948935072	1560
cg27111656	0.21463730661421593	1560
cg12572352	0.2146369701936529	1560
cg00455535	0.21463681571537635	1560
cg19447692	0.21463594800435665	1560
cg20112735	0.21463446520285018	1560
cg25600555	0.21463420967087637	1560
cg14268200	0.21463120308223912	1560
cg18077632	0.2146310459449389	1560
cg01763709	0.21463012220389502	1560
cg07948421	0.2146298270858473	1560
cg21638094	0.2146295546000154	1560
cg18727895	0.21462936957564924	1560
cg11338345	0.21462840188366492	1560
cg03114804	0.21462795645185012	1560
cg13557582	0.21462733377043933	1560
cg11253191	0.21462468013074126	1560
cg04245741	0.21462441815694705	1560
cg26586003	0.21462272211808311	1560
cg11089813	0.21462261686746145	1560
cg14149609	0.21462255056890314	1560
cg19270286	0.21462185938967338	1560
cg20968717	0.21462184015669936	1560
cg01275006	0.2146213754931557	1560
cg06719728	0.2146212186432454	1560
cg04573031	0.21462099552173852	1560
cg13145527	0.21462004097969256	1560
cg00020340	0.21461943047931545	1560
cg24461506	0.2146181821042334	1560
cg25995870	0.21461785641685618	1560
cg16296785	0.21461655668338842	1560
cg07081946	0.21461654447170073	1560
cg05677224	0.21461619978388616	1560
cg20113888	0.2146151688854942	1560
cg08757191	0.21461491971047808	1560
cg10745988	0.21461446543187598	1560
cg02915865	0.2146128381351101	1560
cg00524023	0.21461221476953163	1560
cg13823144	0.21461203669694218	1560
cg20821466	0.21461116520846407	1560
cg01122847	0.2146108343115328	1560
cg20723425	0.2146105945991888	1560
cg13881299	0.21460931412491424	1560
cg16964535	0.21460896312861158	1560
cg03648611	0.21460770550389546	1560
cg10991689	0.21460699814067416	1560
cg23432898	0.21460665769826345	1560
cg08283566	0.2146066400979402	1560
cg26784000	0.21460660506862567	1560
cg25112220	0.21460583365041902	1560
cg05075692	0.21460471125957184	1560
cg06843871	0.21460407764696285	1560
cg07053838	0.21460314994371463	1560
cg14434198	0.21460216555967213	1560
cg04263684	0.21460192243177037	1560
cg09853570	0.21460075737615822	1560
cg19262130	0.21460032589715908	1560
cg14543995	0.21459986105502038	1560
cg24320737	0.21459936126597057	1560
cg12544293	0.21459919370626335	1560
cg08859159	0.21459887018996768	1560
cg16937245	0.21459810309313115	1560
cg19934382	0.21459792451277274	1560
cg20882681	0.21459771170886285	1560
cg12877020	0.21459743852496246	1560
cg24145146	0.21459714769755667	1560
cg11036315	0.2145964340222531	1560
cg03148234	0.21459552095351592	1560
cg13774005	0.2145947525986168	1560
cg04241282	0.21459447217797378	1560
cg04197449	0.21459407551883394	1560
cg05998672	0.21459405191802114	1560
cg11800251	0.2145936178242313	1560
cg03562592	0.21459294698305656	1560
cg10681137	0.21459286263256533	1560
cg24496609	0.214592324769407	1560
cg03842433	0.21459201946892503	1560
cg13309510	0.21459176837548335	1560
cg10063682	0.21459055995444032	1560
cg04729592	0.21459038829423063	1560
cg00976381	0.21458875459824256	1560
cg08377671	0.21458813487130848	1560
cg06277588	0.21458741912434282	1560
cg13279009	0.21458689216446405	1560
cg10487659	0.21458551161226216	1560
cg01923395	0.21458534151204556	1560
cg25616992	0.21458530043734492	1560
cg14926286	0.21458516173056283	1560
cg24318711	0.2145844996782346	1560
cg04563262	0.21458431765988212	1560
cg12178496	0.21458389079904594	1560
cg19035792	0.2145834720351084	1560
cg12592179	0.21458342018559454	1560
cg11374656	0.21458313889703426	1560
cg02375251	0.21458285828646517	1560
cg03267466	0.2145824752110375	1560
cg07739686	0.2145821665087585	1560
cg27368651	0.21458164893269266	1560
cg11514338	0.21458091470623236	1560
cg22869706	0.21458068050702647	1560
cg24530610	0.21458056108731433	1560
cg14188507	0.21458022553196762	1560
cg10820650	0.21458014613653845	1560
cg21001231	0.21458011030284746	1560
cg23031135	0.2145797765651909	1560
cg21273036	0.21457892978129398	1560
cg25899954	0.21457874648098998	1560
cg15705810	0.21457868138090025	1560
cg24029040	0.21457735950359944	1560
cg20928770	0.21457699026286828	1560
cg20656871	0.21457667208102982	1560
cg02905865	0.2145766275992636	1560
cg23254346	0.2145763421913908	1560
cg01376763	0.21457634167561895	1560
cg02151463	0.21457630338089076	1560
cg15750611	0.21457423961147468	1560
cg12469361	0.21457343449595673	1560
cg03093076	0.21457315111760375	1560
cg02654923	0.2145727883260291	1560
cg14224196	0.21457272033675434	1560
cg03615839	0.21457243204765866	1560
cg08611567	0.2145721595570885	1560
cg02891914	0.21457191967302267	1560
cg02613156	0.21457160715322798	1560
cg10047480	0.21457138412729376	1560
cg17846467	0.21457049158225788	1560
cg14458903	0.21456898083338966	1560
cg19438790	0.21456846850171007	1560
cg18224503	0.21456837212335514	1560
cg18278817	0.21456744174962025	1560
cg03528287	0.21456730371947902	1560
cg06872047	0.21456614537428448	1560
cg27225422	0.2145657020331034	1560
cg21595053	0.21456465116832366	1560
cg17459290	0.21456408509471964	1560
cg06093920	0.21456358504456205	1560
cg14470976	0.2145628832943091	1560
cg09791111	0.21456101082968818	1560
cg13264850	0.21456099656202607	1560
cg11155016	0.21456047863409433	1560
cg04493467	0.21456007509127054	1560
cg06675781	0.2145600111402214	1560
cg15108326	0.21455913162223642	1560
cg15712821	0.2145579702254546	1560
cg20656701	0.21455631426216443	1560
cg22279507	0.21455618119788383	1560
cg00881892	0.2145537298355493	1560
cg26008260	0.2145510650555347	1560
cg11734367	0.21455091139270552	1560
cg19297537	0.21455035688510923	1560
cg16462701	0.21455022679191946	1560
cg09953908	0.21454911647220296	1560
cg17934365	0.21454751802942867	1560
cg18094693	0.21454705765530427	1560
cg07597706	0.21454513116335872	1560
cg04794465	0.2145451168601715	1560
cg07510611	0.21454460793183697	1560
cg09275406	0.21454401872914397	1560
cg03553245	0.21454376251921187	1560
cg25814743	0.21454368337581795	1560
cg13384498	0.21454353463477097	1560
cg14523881	0.21454286888312815	1560
cg12515582	0.2145427757239257	1560
cg09657311	0.2145415494508043	1560
cg08872721	0.21454129124390522	1560
cg16464144	0.21454087396134322	1560
cg16451601	0.21454029209277659	1560
cg01699581	0.2145400115327898	1560
cg01200763	0.21453860338641956	1560
cg01172626	0.21453844667209418	1560
cg24476165	0.21453790169598508	1560
cg07585928	0.21453768849603544	1560
cg19721055	0.21453697259648458	1560
cg06701892	0.21453677103879054	1560
cg01453529	0.21453607073570083	1560
cg02513547	0.21453561229904605	1560
cg20263510	0.21453515802815665	1560
cg03589311	0.21453462708275714	1560
cg26993466	0.21453455164501803	1560
cg11170479	0.21453371159074394	1560
cg21139518	0.21453365501184524	1560
cg01453157	0.21453272907212223	1560
cg11774232	0.21453258427125052	1560
cg09397295	0.2145298736794891	1560
cg07968590	0.2145291662144063	1560
cg14478895	0.21452806107584593	1560
cg25737989	0.21452737589018242	1560
cg11327004	0.21452694581110435	1560
cg20342346	0.21452640344220852	1560
cg18553589	0.2145260831586589	1560
cg10608717	0.21452602446446656	1560
cg08473324	0.21452589353427115	1560
cg18392391	0.21452586755717074	1560
cg07318250	0.21452540529994263	1560
cg17445101	0.21452509658387625	1560
cg04407275	0.21452508179855417	1560
cg01259378	0.21452380683499736	1560
cg04106964	0.21452238204027388	1560
cg08333257	0.21452032250330166	1560
cg15963551	0.21451984669142415	1560
cg04008542	0.21451978185942025	1560
cg06763124	0.2145195266884276	1560
cg24758077	0.2145194579570265	1560
cg25447214	0.21451905277812824	1560
cg22591964	0.21451882193423188	1560
cg04557032	0.2145188126335413	1560
cg13164993	0.21451798318343232	1560
cg23346781	0.2145172917571413	1560
cg02906741	0.21451681234272482	1560
cg24466448	0.21451676396865435	1560
cg03717151	0.214516558285081	1560
cg05613644	0.21451637327354353	1560
cg04273156	0.21451603972721506	1560
cg14498514	0.21451445208402203	1560
cg15144773	0.2145134742732643	1560
cg21315000	0.2145132741555309	1560
cg24366425	0.2145129588152815	1560
cg11495062	0.21451269102757678	1560
cg13316719	0.21451111264826994	1560
cg04571522	0.21451060820911086	1560
cg17565051	0.21451010549369035	1560
cg21502913	0.21450949351729467	1560
cg16678121	0.21450923583454254	1560
cg27319293	0.214508843191441	1560
cg11523191	0.21450865546803374	1560
cg03805782	0.21450772997970097	1560
cg25756033	0.21450561934581794	1560
cg01387073	0.21450539602516494	1560
cg06726740	0.21450534932747364	1560
cg05778559	0.21450468916851925	1560
cg14064092	0.21450290876345848	1560
cg11972666	0.21450255576642527	1560
cg23503075	0.2145013882614232	1560
cg11043092	0.2145011893400555	1560
cg14497787	0.21450038486661901	1560
cg01486910	0.21450013210665692	1560
cg01471203	0.21449955568931903	1560
cg13393201	0.21449858214274037	1560
cg04265957	0.21449699264262373	1560
cg07174085	0.2144968974939346	1560
cg05520141	0.21449595831546142	1560
cg26620370	0.21449542999999083	1560
cg13114824	0.21449514097567493	1560
cg12537781	0.21449489337512892	1560
cg03046573	0.21449462376430936	1560
cg10000312	0.2144940959336821	1560
cg18616908	0.21449266285395313	1560
cg21141192	0.21449235423784455	1560
cg08096702	0.21449169341877697	1560
cg01155290	0.21449094175966626	1560
cg24193422	0.2144894835565308	1560
cg06758497	0.21448913123537666	1560
cg14641984	0.21448861060472524	1560
cg20258580	0.21448765126608876	1560
cg27512565	0.2144870532747268	1560
cg25951608	0.21448656851623024	1560
cg22954438	0.2144849224905513	1560
cg14320358	0.2144849110249712	1560
cg04757243	0.2144845755092467	1560
cg06439736	0.2144830194083938	1560
cg01682455	0.2144827352450793	1560
cg18951862	0.21448269797600122	1560
cg06970200	0.21448237423574326	1560
cg14461511	0.21448198386985926	1560
cg23637880	0.214480478145892	1560
cg23056433	0.21448000973894954	1560
cg18708744	0.21447931907244452	1560
cg18639615	0.21447917887934523	1560
cg04057485	0.2144781021092374	1560
cg07505457	0.21447604066952106	1560
cg07020987	0.2144752748739908	1560
cg00412142	0.21447457139828469	1560
cg13026782	0.21447440445871777	1560
cg11908202	0.2144731140305336	1560
cg07319162	0.21447305622107973	1560
cg22451184	0.21447292643787483	1560
cg02967125	0.21447280021115883	1560
cg25078649	0.21447247340007708	1560
cg09469984	0.2144718555138686	1560
cg19732052	0.2144717035591577	1560
cg08620479	0.21447096163729087	1560
cg06647360	0.21447095733867874	1560
cg10163329	0.21447084565350855	1560
cg16044631	0.21447061533086936	1560
cg15851294	0.2144705642252278	1560
cg18486850	0.2144697654031523	1560
cg00923295	0.21446936397039423	1560
cg24515095	0.214468392528496	1560
cg21064337	0.2144675382457747	1560
cg14282531	0.21446674720508418	1560
cg23641797	0.2144665293545873	1560
cg13523561	0.21446532531708387	1560
cg04073614	0.21446497755353405	1560
cg09856284	0.21446428345759103	1560
cg20948612	0.21446296766202497	1560
cg12851789	0.21446143117850786	1560
cg03790848	0.2144611612777268	1560
cg23051887	0.2144605815775551	1560
cg11794440	0.21446035288762094	1560
cg26902277	0.2144591227310504	1560
cg09965557	0.21445853211009758	1560
cg14210311	0.21445773314005176	1560
cg11258489	0.21445755459537685	1560
cg07246798	0.21445730453945144	1560
cg14437072	0.21445705116561642	1560
cg06352932	0.21445664200220563	1560
cg12382363	0.21445539182803228	1560
cg09973791	0.2144547082927155	1560
cg18933128	0.21445437758632804	1560
cg16181848	0.21445429337063615	1560
cg16161825	0.2144537553825111	1560
cg03050508	0.2144520618564349	1560
cg06815914	0.21445097591383555	1560
cg05435882	0.21444952198079947	1560
cg20310485	0.21444913498463083	1560
cg08957605	0.21444902988126968	1560
cg09186979	0.2144484681033076	1560
cg01323840	0.21444815979491674	1560
cg18621101	0.21444710828309568	1560
cg15087129	0.214446684642514	1560
cg02210314	0.21444666574370613	1560
cg09668168	0.2144461151866033	1560
cg08270240	0.21444575365393972	1560
cg02875869	0.2144452125455092	1560
cg16742608	0.21444501118048706	1560
cg03296910	0.2144445087520904	1560
cg09351715	0.2144441876194559	1560
cg19447217	0.2144433819518184	1560
cg18542853	0.21444253944496158	1560
cg09057801	0.2144404671467852	1560
cg13823070	0.2144397835861733	1560
cg07206202	0.21443895084003647	1560
cg11871813	0.2144387978004814	1560
cg11386093	0.2144385956681494	1560
cg04374177	0.21443814804917904	1560
cg25439845	0.21443757498675436	1560
cg03631459	0.214437094766696	1560
cg03059183	0.2144370371765135	1560
cg22117143	0.2144370115114655	1560
cg00149692	0.21443656360793115	1560
cg26328150	0.21443519575620648	1560
cg19606103	0.21443395984875852	1560
cg16451525	0.21443380811507787	1560
cg02697721	0.2144336224284263	1560
cg14701504	0.21443330454611254	1560
cg22489549	0.2144329376316335	1560
cg00808579	0.21443245823560964	1560
cg23059376	0.21443235284408357	1560
cg26819160	0.21443220045295389	1560
cg16230316	0.21443193434969693	1560
cg10537328	0.21443184060206494	1560
cg02703361	0.21443131830513498	1560
cg07596663	0.21443083095711407	1560
cg18763089	0.21442964073178383	1560
cg26502067	0.21442872986035222	1560
cg11901929	0.2144285263838122	1560
cg01803627	0.2144272933282656	1560
cg12859720	0.21442706213088344	1560
cg13274775	0.21442642685993096	1560
cg22354918	0.21442612599811192	1560
cg05355328	0.21442603585877723	1560
cg13760252	0.2144251843881381	1560
cg13479091	0.2144240939753169	1560
cg01296758	0.21442343930783583	1560
cg06174144	0.21442312476621495	1560
cg07298104	0.21442187207858912	1560
cg22120852	0.21442168371697778	1560
cg00132509	0.2144210277681817	1560
cg00257187	0.2144205943315669	1560
cg13116478	0.21442009357494404	1560
cg11988203	0.2144200574765691	1560
cg07062847	0.2144197861630983	1560
cg12731925	0.21441951850410254	1560
cg12871534	0.21441930729964562	1560
cg17735716	0.21441916839959216	1560
cg07941529	0.2144184552488651	1560
cg04410757	0.2144183616836224	1560
cg22735324	0.21441799354925623	1560
cg13047869	0.2144179866818526	1560
cg16550453	0.2144174614910248	1560
cg27349687	0.21441721844568748	1560
cg17784591	0.21441718981145108	1560
cg03592833	0.21441551814447596	1560
cg16194292	0.21441444695891076	1560
cg14778721	0.21441438847322156	1560
cg25485126	0.21441288302319142	1560
cg04984521	0.21441190705144647	1560
cg16270231	0.21441180254024875	1560
cg00851761	0.2144115918001836	1560
cg02405619	0.21441022687198802	1560
cg19316405	0.21440986226120048	1560
cg23667178	0.21440970237841786	1560
cg11183227	0.21440943342575655	1560
cg15017043	0.21440769466370496	1560
cg00396673	0.21440761624925017	1560
cg05684665	0.21440725698321328	1560
cg05996250	0.21440716974656787	1560
cg15069785	0.21440711988100236	1560
cg07723598	0.21440665826877878	1560
cg20390500	0.21440636207048297	1560
cg25729401	0.21440547723942255	1560
cg14483412	0.21440523602857103	1560
cg26607528	0.2144042489763251	1560
cg18987220	0.2144038144509928	1560
cg05119504	0.21440227431509074	1560
cg25972092	0.21440196568418676	1560
cg01423776	0.21440140926351248	1560
cg02212698	0.2144013557563704	1560
cg05902413	0.21440114234885618	1560
cg14643147	0.21439958316388863	1560
cg01325552	0.21439924230935725	1560
cg14272573	0.21439882495898788	1560
cg04004768	0.21439771283669465	1560
cg00529371	0.21439642707223625	1560
cg06460122	0.21439612292486943	1560
cg00371301	0.21439485786851864	1560
cg24696473	0.2143940398579113	1560
cg19039765	0.21439368698495415	1560
cg08990626	0.21439122994779983	1560
cg22535442	0.21438971343761354	1560
cg13504346	0.21438964815974876	1560
cg09564448	0.21438934160746145	1560
cg15849154	0.21438900960558224	1560
cg19170036	0.2143886028657322	1560
cg08812784	0.21438859802961624	1560
cg16561957	0.21438851723789765	1560
cg12058507	0.2143883867184542	1560
cg22738440	0.21438815975174372	1560
cg07072638	0.21438648782632821	1560
cg27330006	0.21438591053579523	1560
cg14483667	0.21438565631311385	1560
cg24294013	0.21438537553694284	1560
cg23553400	0.2143853562359202	1560
cg04391569	0.21438482868642975	1560
cg07137277	0.21438459578938357	1560
cg08488318	0.2143829161095109	1560
cg11081694	0.21438217045565622	1560
cg26881535	0.2143816804077842	1560
cg13077608	0.21438092800345043	1560
cg07338984	0.21438082201312533	1560
cg02962892	0.21438046651772863	1560
cg05506209	0.21437934170054398	1560
cg19272986	0.21437804789451104	1560
cg10476347	0.2143780109446893	1560
cg10778517	0.21437739543602793	1560
cg00913799	0.2143767396095333	1560
cg13998395	0.21437525591971748	1560
cg21835903	0.2143752183029519	1560
cg05873124	0.21437417831817257	1560
cg08818130	0.2143735589624392	1560
cg23667707	0.2143729265926336	1560
cg03811828	0.2143723865320122	1560
cg09266551	0.21437017842895428	1560
cg26955834	0.21437005983388413	1560
cg19923417	0.21436993971916285	1560
cg19658268	0.2143699221796934	1560
cg09289766	0.21436927218724505	1560
cg17127309	0.21436875043681505	1560
cg20279351	0.21436826186473606	1560
cg07615875	0.21436821506676076	1560
cg01954746	0.2143679551794212	1560
cg10994513	0.21436788544855342	1560
cg24202640	0.21436787136100902	1560
cg00590555	0.21436715459713734	1560
cg06961086	0.21436602730424917	1560
cg23581700	0.21436598330275808	1560
cg13606691	0.2143654019181631	1560
cg14444103	0.21436485818652937	1560
cg02020371	0.21436477380190544	1560
cg24096387	0.21436463437867662	1560
cg07109430	0.21436340373974078	1560
cg27024200	0.2143633912039792	1560
cg14193808	0.2143631684725609	1560
cg26627888	0.21436310156674665	1560
cg01070219	0.2143629157748745	1560
cg03726532	0.21436198211627536	1560
cg13417632	0.21436155656125397	1560
cg19817544	0.2143615376328851	1560
cg03556771	0.21436123031385254	1560
cg15190451	0.21436023451035635	1560
cg09861049	0.2143581188602915	1560
cg01899540	0.2143576913693942	1560
cg03347934	0.21435662588418497	1560
cg12846763	0.2143560854360051	1560
cg06451536	0.2143556470180922	1560
cg04013561	0.21435498072277998	1560
cg12281325	0.21435395875621105	1560
cg07925105	0.21435388557198584	1560
cg15966877	0.21435331296106436	1560
cg04879240	0.21435330181778764	1560
cg26493904	0.214353106246597	1560
cg23094666	0.21435280988839966	1560
cg21576590	0.21435246821464599	1560
cg27526038	0.21435218180430723	1560
cg05643988	0.2143520297016472	1560
cg11567885	0.2143506603455608	1560
cg00788048	0.21435011191934034	1560
cg01024069	0.21434898486619536	1560
cg16612352	0.21434842032681706	1560
cg06361984	0.2143483158842802	1560
cg17578638	0.21434828296935393	1560
cg06202667	0.2143477923217097	1560
cg15601681	0.21434668788865788	1560
cg05511685	0.21434657303504465	1560
cg01678913	0.21434601951316617	1560
cg13097433	0.2143459467303805	1560
cg00676925	0.21434582555094567	1560
cg00238899	0.21434582085309123	1560
cg26831712	0.21434496921454624	1560
cg13011713	0.21434466971856633	1560
cg09807874	0.2143438988700719	1560
cg01274929	0.21434385572482378	1560
cg09860783	0.21434383250276554	1560
cg22922037	0.2143435291307092	1560
cg15367378	0.21434316598778388	1560
cg25527325	0.21434204578798505	1560
cg14632071	0.21434165419576703	1560
cg20370364	0.21434163756792715	1560
cg13540312	0.21434163671798886	1560
cg09460563	0.21434134113860412	1560
cg03947447	0.2143407753468916	1560
cg17202909	0.2143369298338953	1560
cg09199013	0.2143361754314006	1560
cg19087038	0.2143345813060616	1560
cg25052374	0.21433453665336544	1560
cg05028274	0.21433313011135474	1560
cg20898305	0.2143330544424721	1560
cg20413948	0.21433278465373817	1560
cg19664549	0.21433150118773767	1560
cg05497857	0.21433060158562764	1560
cg09529647	0.21432813622399877	1560
cg16981421	0.2143280657612038	1560
cg02380278	0.2143280272181873	1560
cg25166820	0.21432720529123778	1560
cg18417634	0.21432517651075356	1560
cg25681728	0.2143239207257533	1560
cg25610029	0.21432303245785628	1560
cg18481587	0.2143227327741026	1560
cg20296673	0.2143220672646464	1560
cg06820243	0.21432170061561584	1560
cg19272832	0.21432130054462126	1560
cg14991727	0.21432033547934987	1560
cg27298164	0.21431976393866148	1560
cg20526435	0.21431957511436134	1560
cg17533550	0.2143191387290088	1560
cg02470440	0.2143181240019931	1560
cg01768001	0.21431782294101978	1560
cg15250181	0.21431619424393075	1560
cg19817367	0.21431524492889406	1560
cg09861496	0.21431486554065465	1560
cg02735620	0.21431473060462297	1560
cg06271327	0.2143120310905717	1560
cg10073696	0.21431173251547653	1560
cg15679432	0.21431165011908282	1560
cg07746282	0.21431110348694543	1560
cg00339217	0.2143105680215541	1560
cg08345626	0.2143105011750816	1560
cg22688836	0.21431030140419705	1560
cg21519371	0.21430991662377183	1560
cg09970349	0.21430866072749408	1560
cg13657106	0.2143070282754221	1560
cg14665825	0.21430534653054098	1560
cg04570540	0.21430448735313015	1560
cg25543401	0.214304444679219	1560
cg06233658	0.21430385530753993	1560
cg02583562	0.2143029233317079	1560
cg21964637	0.2143027370010711	1560
cg13266951	0.21430268874156122	1560
cg01394927	0.21430242515690567	1560
cg09667067	0.21430234887827354	1560
cg24789136	0.21430165291485753	1560
cg21468634	0.21430162668253147	1560
cg03185775	0.21430008830404806	1560
cg19248829	0.214299511267933	1560
cg17077669	0.21429909888103024	1560
cg17304168	0.2142987449233562	1560
cg19003626	0.21429866740742085	1560
cg21244116	0.21429793363844762	1560
cg09685505	0.21429765172325427	1560
cg05386208	0.21429745841565928	1560
cg02812408	0.2142973975670904	1560
cg15375596	0.21429610671176513	1560
cg20000481	0.21429473924412598	1560
cg17016355	0.21429469620224018	1560
cg04606663	0.21429457122427967	1560
cg04055861	0.21429418150685645	1560
cg21601852	0.2142941204372118	1560
cg17515076	0.2142939044701911	1560
cg07912501	0.21429284471785	1560
cg04740046	0.21429261900744215	1560
cg20771808	0.21429237418278704	1560
cg26574080	0.21429126594946588	1560
cg10985320	0.2142911416258025	1560
cg23653058	0.21429078163135454	1560
cg24200175	0.21429002361928579	1560
cg08099381	0.21428943415071794	1560
cg18243598	0.2142883394777006	1560
cg20696225	0.2142877012932991	1560
cg11958173	0.2142875107872994	1560
cg10675903	0.21428548908141085	1560
cg03463729	0.21428538621626525	1560
cg01028223	0.21428490342036347	1560
cg25964517	0.21428400699294334	1560
cg24742294	0.2142814005346092	1560
cg14125903	0.21428136551249494	1560
cg13959432	0.2142812107390923	1560
cg12959265	0.2142808976095871	1560
cg15547703	0.2142808881711907	1560
cg17952467	0.2142806993066647	1560
cg23437810	0.21428005585713641	1560
cg26574794	0.21427970201454863	1560
cg10894205	0.21427902983028868	1560
cg01931685	0.2142777334876891	1560
cg22265294	0.21427756647126545	1560
cg08470244	0.21427750500780904	1560
cg07871357	0.21427747877433037	1560
cg01168890	0.21427487367933873	1560
cg17034614	0.21427435443580764	1560
cg01599460	0.21427400829143467	1560
cg12046053	0.2142731993634587	1560
cg27081928	0.21427268256407347	1560
cg05824333	0.2142725236493514	1560
cg19506491	0.2142708023225613	1560
cg11724735	0.21427019735441138	1560
cg13584383	0.21426990692406106	1560
cg19478280	0.21426988481958112	1560
cg22991596	0.21426918863014238	1560
cg15424856	0.21426893958248525	1560
cg15108640	0.21426847976921146	1560
cg19888654	0.21426764649783686	1560
cg08496404	0.21426718948507847	1560
cg18425377	0.21426714789552923	1560
cg13331179	0.21426670686830146	1560
cg17713309	0.21426628617897078	1560
cg25090472	0.2142662781719779	1560
cg07342845	0.2142662166439775	1560
cg00202561	0.2142650248506412	1560
cg20301680	0.2142634522670728	1560
cg06835822	0.2142631308787381	1560
cg03379322	0.21426301589930097	1560
cg03713317	0.21426238398789538	1560
cg24689061	0.21426219349304826	1560
cg22998324	0.2142619056399529	1560
cg24154201	0.21426182514676964	1560
cg09439788	0.2142617651017247	1560
cg00511107	0.21426176300377334	1560
cg18592926	0.21426064572191247	1560
cg05069244	0.21426055765505184	1560
cg16141652	0.21425987856845702	1560
cg10176510	0.21425960686713513	1560
cg02764416	0.21425796630612368	1560
cg05254646	0.21425750128821577	1560
cg11302515	0.2142573745336927	1560
cg25351920	0.214257016998903	1560
cg22311533	0.21425644729796323	1560
cg16337457	0.21425628624504847	1560
cg03886315	0.21425508484422823	1560
cg05252062	0.2142535226114833	1560
cg15063695	0.21425343882062947	1560
cg15670865	0.21425338017478146	1560
cg25541078	0.21425308229171347	1560
cg06867775	0.2142530326217614	1560
cg23852646	0.21425277155869174	1560
cg21108553	0.2142526991428034	1560
cg24622947	0.21425232094018004	1560
cg17747551	0.21425196865465368	1560
cg01931414	0.21425175651792827	1560
cg13478974	0.21425154790175277	1560
cg03038061	0.2142508358089062	1560
cg27566063	0.2142497540436845	1560
cg09570673	0.2142486218678676	1560
cg10818794	0.21424794690136936	1560
cg20728361	0.21424762556075963	1560
cg00998774	0.21424747166544517	1560
cg03135900	0.21424702710677573	1560
cg27665715	0.2142468349204949	1560
cg25232770	0.21424683095763652	1560
cg05384957	0.2142464121493728	1560
cg11823286	0.21424548388516523	1560
cg11203797	0.21424466325580568	1560
cg09866303	0.21424447882830602	1560
cg15096466	0.214243556537833	1560
cg15779609	0.2142431964033051	1560
cg10800989	0.21424296915130317	1560
cg08805675	0.21424220949869263	1560
cg18531360	0.2142413177763599	1560
cg15734955	0.21424058292458897	1560
cg18061035	0.21424025057757431	1560
cg24535352	0.21423990925552028	1560
cg15393774	0.21423986113002938	1560
cg05923267	0.21423973297177928	1560
cg04524933	0.21423953927404904	1560
cg15021759	0.21423890568566956	1560
cg07420232	0.21423842958069841	1560
cg13053082	0.21423832113531743	1560
cg08028035	0.21423695379568916	1560
cg26004639	0.21423662390265713	1560
cg21798608	0.2142365999611146	1560
cg21539988	0.21423533872586287	1560
cg00182937	0.2142346096438404	1560
cg25623774	0.2142336801074537	1560
cg08511764	0.21423315925164643	1560
cg27135163	0.21423178004211388	1560
cg22851683	0.21423066692459206	1560
cg16627596	0.21423066157607004	1560
cg05776740	0.21423045266321006	1560
cg24803637	0.2142303769293524	1560
cg15110079	0.21422892928657009	1560
cg16908083	0.21422832641776404	1560
cg26480358	0.2142283257319192	1560
cg25699199	0.21422811723747898	1560
cg25848990	0.21422737796114122	1560
cg06351144	0.21422683550106073	1560
cg13667160	0.21422654592220508	1560
cg00055510	0.21422653835422562	1560
cg14071758	0.21422632936077632	1560
cg23290664	0.21422613918889646	1560
cg14042923	0.2142261200422775	1560
cg20856181	0.21422585340134245	1560
cg11005562	0.2142258132772373	1560
cg00093436	0.21422571447891972	1560
cg24029715	0.2142255647307134	1560
cg16777782	0.21422466893298864	1560
cg27007513	0.21422418735338475	1560
cg15471786	0.21422394379428952	1560
cg21141856	0.21422353167794922	1560
cg10584300	0.21422335062697775	1560
cg11663008	0.21422291019192483	1560
cg09562655	0.21422274823061457	1560
cg07256668	0.21422268821706772	1560
cg00120286	0.21422247428394744	1560
cg22704163	0.21422199522636431	1560
cg14458908	0.2142215680802038	1560
cg07971831	0.2142211001280211	1560
cg25551243	0.21422107879637237	1560
cg20261082	0.214220652375746	1560
cg23741159	0.21421960431457465	1560
cg25418893	0.21421942846743278	1560
cg15178714	0.21421833979252855	1560
cg05364072	0.21421740950932058	1560
cg06915270	0.21421690763801662	1560
cg21772997	0.2142166228988401	1560
cg19150916	0.21421644158171488	1560
cg04348296	0.21421606942387636	1560
cg00425078	0.2142159112792214	1560
cg15125994	0.21421271258948033	1560
cg07137519	0.2142116452396875	1560
cg05932184	0.2142112937437959	1560
cg13795488	0.21421082716808115	1560
cg00268685	0.21421075979612528	1560
cg18272456	0.2142104671655421	1560
cg11836171	0.21420954024957367	1560
cg02128981	0.21420935349552372	1560
cg19635533	0.21420880628750627	1560
cg21942815	0.2142085143668858	1560
cg07060204	0.21420836180185807	1560
cg23906250	0.21420771734442684	1560
cg11651430	0.21420766203156413	1560
cg22241443	0.2142076176103074	1560
cg06051716	0.214206533489905	1560
cg09753863	0.21420629597043422	1560
cg02382320	0.21420547294364062	1560
cg03936071	0.21420518097921595	1560
cg08771923	0.21420401875710046	1560
cg07814414	0.21420372057448653	1560
cg06197760	0.21420358182132984	1560
cg12655753	0.21420350482068037	1560
cg22588384	0.21420335465889848	1560
cg03238714	0.21420324748002909	1560
cg14058551	0.21420301848847148	1560
cg09219710	0.2142017413468815	1560
cg13840032	0.21420147254197108	1560
cg26312802	0.21420137412962442	1560
cg04630334	0.21420053908088713	1560
cg05116694	0.21420034974520422	1560
cg18194738	0.21420021297789082	1560
cg14162011	0.21420019079262878	1560
cg03719026	0.2142001451516823	1560
cg25137582	0.21420001472799874	1560
cg19725725	0.21419968376563903	1560
cg20593887	0.21419956241296859	1560
cg18454774	0.21419837896152463	1560
cg19205498	0.21419825276871343	1560
cg27236096	0.21419821712501047	1560
cg05092988	0.21419802942095467	1560
cg01723031	0.21419782248569774	1560
cg02067232	0.21419652363630745	1560
cg27271975	0.2141962736752087	1560
cg05605194	0.21419624125462966	1560
cg13386884	0.2141960614427565	1560
cg26355596	0.21419556571808557	1560
cg25688164	0.21419555227864567	1560
cg01939450	0.21419540515860486	1560
cg11034168	0.21419537720875562	1560
cg04623103	0.2141953335299147	1560
cg07114627	0.21419397491053582	1560
cg01928143	0.2141937083116351	1560
cg05969445	0.21419333026491325	1560
cg06171406	0.21419305202221145	1560
cg12439388	0.21419202839239557	1560
cg19742111	0.21419189184924664	1560
cg10233416	0.21419144868429396	1560
cg19837112	0.2141912995986601	1560
cg02927058	0.21419066870699507	1560
cg21462697	0.2141904405623766	1560
cg08315277	0.21418987498742667	1560
cg25828741	0.21418977743191545	1560
cg14242714	0.21418652274771377	1560
cg09930398	0.21418648693167996	1560
cg17518884	0.21418641159147694	1560
cg18258716	0.2141864110483207	1560
cg08845291	0.21418620179134928	1560
cg15428949	0.2141861308882457	1560
cg24161647	0.2141859144922781	1560
cg11604912	0.2141839994353895	1560
cg02522397	0.21418362685015174	1560
cg06900573	0.21418355292587005	1560
cg14070204	0.21418310100874816	1560
cg18725348	0.21418274151878414	1560
cg21393818	0.2141821464982256	1560
cg14576951	0.214182062794278	1560
cg19735045	0.21418196473453635	1560
cg01687267	0.21418181278935036	1560
cg10318197	0.21418095570251558	1560
cg20758651	0.21418063226746345	1560
cg23890204	0.21418011652523444	1560
cg01563714	0.2141791601156943	1560
cg13533759	0.2141783502035763	1560
cg03041730	0.21417642510596252	1560
cg21793164	0.21417512692917268	1560
cg08121523	0.21417482118144096	1560
cg14523841	0.21417353199735634	1560
cg03984677	0.21417216125637917	1560
cg18568116	0.2141707134651322	1560
cg09634469	0.2141701610494145	1560
cg25672411	0.21416936881613946	1560
cg15329179	0.21416906312085904	1560
cg16531160	0.2141670551755385	1560
cg06554270	0.21416700328178764	1560
cg02846648	0.2141666190829269	1560
cg02827244	0.2141663460694161	1560
cg11715147	0.2141659745538958	1560
cg06968566	0.21416551339500275	1560
cg08347734	0.21416547188026935	1560
cg08789739	0.2141652350501133	1560
cg01363574	0.2141634681811516	1560
cg01498911	0.21416258951581996	1560
cg00946753	0.2141625585995715	1560
cg27496243	0.21416194357366783	1560
cg02446487	0.21416083397436317	1560
cg02250028	0.21416012409439633	1560
cg27331277	0.21415920083530787	1560
cg08392484	0.2141582571646559	1560
cg08253363	0.2141581439835478	1560
cg13242861	0.2141566714217832	1560
cg04939944	0.21415614927620735	1560
cg00491335	0.21415590530041634	1560
cg20289768	0.21415585455852257	1560
cg14380408	0.21415548226739234	1560
cg03487897	0.21415544626589925	1560
cg16962683	0.21415450904189046	1560
cg16490470	0.21415382528335042	1560
cg13669769	0.21415382410781558	1560
cg20322766	0.2141533558442695	1560
cg07905199	0.2141533278048005	1560
cg11312613	0.2141527221478964	1560
cg13042918	0.21415241480136946	1560
cg08296969	0.21415214857715906	1560
cg05647906	0.21415202459067798	1560
cg18666330	0.21415093806960536	1560
cg03642690	0.21415063686063165	1560
cg23136266	0.21415037579639593	1560
cg10013003	0.21414989621809832	1560
cg20246315	0.2141495516338637	1560
cg18844589	0.21414947210717378	1560
cg26471419	0.21414933397685282	1560
cg03983713	0.21414849498139688	1560
cg02483487	0.21414822328310776	1560
cg19132477	0.21414812983704926	1560
cg04155798	0.21414775959301624	1560
cg04733424	0.2141474475987898	1560
cg09599653	0.2141470457772224	1560
cg11350208	0.21414696090201144	1560
cg12449716	0.2141469423624145	1560
cg26159651	0.21414650331631452	1560
cg27575607	0.2141449034180182	1560
cg01475110	0.2141448333803215	1560
cg02481741	0.2141442052282011	1560
cg04064511	0.2141441158142652	1560
cg20060185	0.21414403833621573	1560
cg18276943	0.2141429237179526	1560
cg09849967	0.21414287038990884	1560
cg25468220	0.2141428247588119	1560
cg13391872	0.21414282053489356	1560
cg17281638	0.21414101580929804	1560
cg05676510	0.21414009536926334	1560
cg13466917	0.2141388242183783	1560
cg11451039	0.21413862598696112	1560
cg14022995	0.21413706381998313	1560
cg19626546	0.21413692718651584	1560
cg18795127	0.21413572496328578	1560
cg04372519	0.21413566117473512	1560
cg09099927	0.21413548760508816	1560
cg27070532	0.21413526607239933	1560
cg21451253	0.21413498837689235	1560
cg18597448	0.21413492003365275	1560
cg04509238	0.21413459124320489	1560
cg04330546	0.21413448925777148	1560
cg11618995	0.2141344438900737	1560
cg20557710	0.21413263155535703	1560
cg23798064	0.21413206438535765	1560
cg02741544	0.21413168147931583	1560
cg03974499	0.21412943600681467	1560
cg05922796	0.21412893568326513	1560
cg08013109	0.21412871486430207	1560
cg09870004	0.21412789972425805	1560
cg21929860	0.2141276949022883	1560
cg17920820	0.21412756764648178	1560
cg26671958	0.21412679966084255	1560
cg24897291	0.21412616318871214	1560
cg02045569	0.21412473320965336	1560
cg24430034	0.2141246234145875	1560
cg19265364	0.21412417429019096	1560
cg01382105	0.21412386119325175	1560
cg10489318	0.21412350111006606	1560
cg16888730	0.214122659322348	1560
cg01348970	0.2141208951956219	1560
cg04454527	0.2141205823753833	1560
cg13609821	0.21412024667910795	1560
cg10804415	0.21411795170513745	1560
cg17382879	0.21411775448459078	1560
cg15159420	0.21411698266803478	1560
cg16977711	0.21411603591098224	1560
cg03933324	0.21411589263109154	1560
cg17505339	0.21411561033884036	1560
cg14682080	0.21411533197921606	1560
cg03107920	0.21411396990678444	1560
cg26966245	0.21411277764438497	1560
cg05880641	0.214112178452457	1560
cg00666124	0.2141117155621117	1560
cg03389944	0.21411123318377254	1560
cg27505582	0.2141111852778058	1560
cg04168554	0.2141111412254311	1560
cg05613829	0.21411094761092878	1560
cg18179997	0.21411073538097403	1560
cg18068923	0.21410876364327447	1560
cg00008737	0.2141087525501852	1560
cg02227969	0.21410832589037532	1560
cg20948841	0.21410774640616578	1560
cg14697605	0.2141072272143682	1560
cg01022939	0.21410659516033947	1560
cg18787876	0.21410633413454724	1560
cg14198950	0.21410522315726682	1560
cg18388240	0.21410458571496643	1560
cg17523544	0.21410388873966377	1560
cg08209184	0.21410336243387978	1560
cg07959837	0.2141031780430348	1560
cg26751588	0.21410279682045963	1560
cg18499060	0.2141026177137306	1560
cg26877077	0.21410162063472046	1560
cg01025604	0.2141009588115587	1560
cg12854242	0.2141007164330552	1560
cg03910004	0.21410031600659185	1560
cg09085259	0.2140995660320402	1560
cg19877088	0.21409914256854992	1560
cg26545278	0.21409908659553786	1560
cg01018360	0.21409836540194774	1560
cg19480263	0.2140978156135529	1560
cg17176005	0.21409727278969068	1560
cg09939303	0.21409673180978175	1560
cg03654618	0.21409627505753384	1560
cg03412308	0.21409622727715139	1560
cg11771735	0.21409578602103146	1560
cg13002109	0.21409543139198614	1560
cg24883605	0.21409433959394594	1560
cg13341604	0.21409298308736419	1560
cg04530666	0.21409283517340424	1560
cg11668876	0.21409278924370692	1560
cg02659041	0.21408988708929685	1560
cg11170956	0.21408889213011445	1560
cg11451315	0.2140882039433222	1560
cg12281647	0.21408813975585206	1560
cg19522185	0.2140878801440337	1560
cg15198493	0.2140873866148303	1560
cg12796841	0.21408729763845044	1560
cg20519578	0.2140866821544227	1560
cg07194832	0.21408660597442108	1560
cg03307749	0.21408656169209875	1560
cg00643293	0.21408655650372496	1560
cg25099134	0.21408532348706455	1560
cg02832915	0.2140851516895995	1560
cg16362189	0.21408487756698624	1560
cg07291601	0.2140842927782713	1560
cg02937513	0.21408357474159	1560
cg11655564	0.21408279734607433	1560
cg10045321	0.21408265710273536	1560
cg07826387	0.21408244422810482	1560
cg13244315	0.21408167640021322	1560
cg23190053	0.2140808007204395	1560
cg17409159	0.21407966500340445	1560
cg19354523	0.2140791885145	1560
cg15569801	0.21407827199932544	1560
cg02341578	0.2140781905673554	1560
cg26986660	0.21407742710464298	1560
cg04516896	0.21407566580333878	1560
cg03242448	0.21407551784147125	1560
cg09785950	0.21407512055841	1560
cg04976226	0.21407319784095763	1560
cg24662576	0.21407302179464777	1560
cg08177495	0.21407291746512128	1560
cg14572091	0.21407256959296966	1560
cg22182781	0.21407225085474357	1560
cg25162117	0.21407215051476203	1560
cg26531076	0.21407207969056105	1560
cg21685286	0.21407186583706123	1560
cg22933879	0.2140706887912004	1560
cg03718528	0.21407064963674258	1560
cg04888022	0.21407018342728037	1560
cg24006005	0.21406926022328862	1560
cg09716878	0.21406895527971004	1560
cg06757048	0.21406846315733208	1560
cg04556361	0.21406768583748623	1560
cg10134496	0.214067010067153	1560
cg22752886	0.21406659018833038	1560
cg24251448	0.2140665250020301	1560
cg17295589	0.2140663687547064	1560
cg23752963	0.21406603465529442	1560
cg22286732	0.21406590049601573	1560
cg22768676	0.21406530694233591	1560
cg17930857	0.21406474988976498	1560
cg25402112	0.2140640271809975	1560
cg14456034	0.21406209446069657	1560
cg15086746	0.2140608797407319	1560
cg26524347	0.21406074781098086	1560
cg06997417	0.2140598224310764	1560
cg20775212	0.21405852255745397	1560
cg19873420	0.21405823222302123	1560
cg05213387	0.21405818340234778	1560
cg25134134	0.21405797194867274	1560
cg23497791	0.2140578724783478	1560
cg11103147	0.2140574242487527	1560
cg05594872	0.21405681991393077	1560
cg20148857	0.21405681640232327	1560
cg24510397	0.21405607471174198	1560
cg06648029	0.21405553333956776	1560
cg03493260	0.21405423428123954	1560
cg23268700	0.21405386861831016	1560
cg21158664	0.2140534060647294	1560
cg26493487	0.21405288154937546	1560
cg22894154	0.21405273732965194	1560
cg10162958	0.21405229548646573	1560
cg05155862	0.21405160316040406	1560
cg04910505	0.21405147749505074	1560
cg09664433	0.214049787694258	1560
cg16439296	0.21404977045826215	1560
cg17680696	0.2140491314175566	1560
cg00042657	0.214047950279605	1560
cg27203641	0.2140470689431049	1560
cg16232596	0.2140469803228168	1560
cg06066132	0.21404558192535084	1560
cg12249901	0.21404448842948948	1560
cg19325093	0.21404418899065847	1560
cg13771918	0.21404413273668638	1560
cg27436056	0.21404202566091945	1560
cg02278228	0.2140396768931519	1560
cg24281764	0.21403940284522435	1560
cg01811559	0.2140392268943754	1560
cg06962884	0.21403893243648886	1560
cg00368218	0.2140387853965386	1560
cg27174420	0.21403798195425866	1560
cg16218705	0.21403787832634089	1560
cg14990970	0.21403785477217666	1560
cg02785870	0.21403682634368773	1560
cg12621387	0.2140355439204804	1560
cg03403525	0.21403480063096197	1560
cg24879614	0.2140346546434595	1560
cg25608871	0.2140343004625818	1560
cg08016138	0.2140340065398253	1560
cg06180519	0.2140335346453314	1560
cg06347338	0.2140329067945366	1560
cg19762564	0.21403241187413957	1560
cg16209285	0.21403233678003994	1560
cg06098474	0.21403218318790426	1560
cg02786025	0.2140320518304695	1560
cg06754938	0.21403124104545082	1560
cg01890726	0.21403054346799635	1560
cg24346263	0.21403005447124507	1560
cg03288630	0.2140287819601446	1560
cg27594157	0.21402854543350572	1560
cg01350699	0.21402801952334882	1560
cg05916196	0.21402744690673497	1560
cg26877861	0.21402737667197821	1560
cg01781649	0.21402736569396033	1560
cg07691793	0.21402721775829248	1560
cg20134355	0.2140261290252115	1560
cg08309106	0.21402494587983079	1560
cg11195034	0.21402436024965532	1560
cg06665221	0.21402362605628977	1560
cg24317742	0.2140230693409978	1560
cg16477196	0.21402298703038522	1560
cg14654587	0.21402265302777218	1560
cg00939525	0.21402243503907098	1560
cg08917356	0.21402227414343805	1560
cg27396760	0.21402181226762634	1560
cg26869512	0.2140215048110842	1560
cg07476924	0.2140206081704995	1560
cg04833241	0.214019816071005	1560
cg12218895	0.2140193308753436	1560
cg00794641	0.21401911641325963	1560
cg23032536	0.2140185560949326	1560
cg04556515	0.21401516455330946	1560
cg10331390	0.2140151174697338	1560
cg05501327	0.2140140401603367	1560
cg23595571	0.21401368669901735	1560
cg14855497	0.2140132420557902	1560
cg07919753	0.21401190789768695	1560
cg15517295	0.21401184387752012	1560
cg18502727	0.21401062935505366	1560
cg07215298	0.21401043716641802	1560
cg21827634	0.2140100526665857	1560
cg03385756	0.2140094311598291	1560
cg06561646	0.21400805760291344	1560
cg18599162	0.21400801737149283	1560
cg15837279	0.21400777036844054	1560
cg05901634	0.21400737382776872	1560
cg01971789	0.21400637403824999	1560
cg05296773	0.21400592141411476	1560
cg17895903	0.21400474553767454	1560
cg03390300	0.21400407140810818	1560
cg08392325	0.2140038048740252	1560
cg02711479	0.21400328548702308	1560
cg24161106	0.21400314816595983	1560
cg20382831	0.21400310638153364	1560
cg16173577	0.21400262582653184	1560
cg01083029	0.214001968810593	1560
cg07615816	0.2140013954467239	1560
cg17802005	0.21400034980193053	1560
cg00081827	0.2139997090083836	1560
cg26840824	0.21399931297578476	1560
cg07955754	0.21399882916363747	1560
cg16628997	0.2139977935377182	1560
cg11326758	0.21399572457616245	1560
cg21865736	0.21399542103876817	1560
cg22859451	0.21399517697609244	1560
cg14520957	0.2139951330340846	1560
cg19666093	0.21399474507713842	1560
cg23065289	0.21399392672922396	1560
cg00502209	0.2139938991916614	1560
cg08581745	0.213993866134415	1560
cg08932343	0.2139932944447373	1560
cg04204118	0.21399313420593422	1560
cg22881371	0.21399239532887768	1560
cg12643458	0.21399193831360008	1560
cg01084215	0.21398608172380496	1560
cg22224790	0.21398452864432682	1560
cg24728770	0.21398224262267632	1560
cg25633955	0.21398068331732006	1560
cg22866267	0.21398062257752634	1560
cg05299847	0.21397969131043007	1560
cg16168329	0.21397914086996966	1560
cg05063274	0.2139776201205957	1560
cg02594127	0.213977418049235	1560
cg06839424	0.21397701815662953	1560
cg11218768	0.21397582932885476	1560
cg23972695	0.21397527722770698	1560
cg25521622	0.21397489088512897	1560
cg07067280	0.21397468502392736	1560
cg09255332	0.2139743230276308	1560
cg08140548	0.2139739612389074	1560
cg22803407	0.21397320694759087	1560
cg13792856	0.21397274246789494	1560
cg09327610	0.21397253768226224	1560
cg15959529	0.213972407365927	1560
cg16364506	0.21397169468560745	1560
cg26332535	0.21397160068947185	1560
cg26223336	0.21397149462408116	1560
cg14563449	0.21397106783218486	1560
cg26510757	0.21397077939712433	1560
cg22336993	0.21397052636081249	1560
cg11872970	0.2139703524100744	1560
cg01651688	0.21396975735697624	1560
cg17545300	0.21396914404332198	1560
cg06264592	0.2139687720603317	1560
cg26878046	0.21396844665348808	1560
cg04713483	0.21396836437527667	1560
cg21338677	0.21396832093019452	1560
cg27145409	0.2139681063660856	1560
cg16221555	0.2139676106711422	1560
cg12831293	0.21396748145052671	1560
cg07930366	0.21396744731525938	1560
cg11867320	0.2139674101160907	1560
cg07356189	0.21396661201384234	1560
cg06978943	0.2139651938299188	1560
cg08635723	0.21396488238021266	1560
cg04946387	0.213963732072972	1560
cg12159166	0.21396321670953403	1560
cg04481584	0.21396306639954496	1560
cg13851647	0.2139628094782608	1560
cg20295702	0.21396234355984306	1560
cg16431266	0.21396088081217252	1560
cg13778140	0.2139608082321946	1560
cg20406540	0.21395980690483557	1560
cg26286154	0.21395972569801222	1560
cg11762760	0.21395960116738397	1560
cg14871472	0.21395830682072628	1560
cg03554158	0.21395749904069236	1560
cg02135003	0.21395738358866706	1560
cg16483473	0.21395696173861867	1560
cg04151469	0.21395625348218644	1560
cg17283207	0.2139554987302029	1560
cg18175263	0.21395484711133167	1560
cg00239491	0.21395410308732454	1560
cg01690625	0.21395350706552713	1560
cg14330078	0.21395291695089147	1560
cg00255631	0.21395189850743748	1560
cg17097710	0.21395125583268615	1560
cg19473701	0.2139512312747193	1560
cg18067103	0.2139509323486902	1560
cg16110827	0.2139503506631143	1560
cg19250315	0.2139488566692991	1560
cg03639152	0.21394836080462332	1560
cg22601553	0.21394792742812593	1560
cg09471804	0.21394775214072828	1560
cg18537476	0.21394738127856594	1560
cg10706861	0.21394720267196032	1560
cg07862744	0.21394698159706407	1560
cg13609694	0.2139463586622085	1560
cg14312894	0.21394590179876263	1560
cg26637898	0.2139454600946921	1560
cg07761151	0.2139451908909054	1560
cg08879482	0.21394499462827124	1560
cg11076714	0.2139448934627037	1560
cg04610375	0.2139435442472514	1560
cg03431067	0.21394288164790376	1560
cg22558522	0.21394239990229155	1560
cg06065695	0.21394201650529288	1560
cg13877895	0.21394187481313115	1560
cg19200440	0.21394149758698305	1560
cg13974091	0.21394144997332565	1560
cg10585257	0.21394032460616283	1560
cg04718883	0.21393981267368087	1560
cg09489682	0.21393960494086137	1560
cg05226043	0.21393839957752253	1560
cg08811336	0.21393766132752423	1560
cg08969823	0.21393732215861097	1560
cg15632560	0.21393702057089853	1560
cg15142346	0.21393641407736888	1560
cg17550744	0.21393632148517083	1560
cg12581970	0.21393607443409537	1560
cg09311383	0.21393533708930204	1560
cg22054740	0.21393513192526878	1560
cg17775727	0.21393441359966925	1560
cg26476844	0.2139335487212779	1560
cg19326237	0.21393256558123988	1560
cg03658852	0.21393232503140544	1560
cg10576499	0.21393141806371224	1560
cg12921342	0.21393002008824596	1560
cg22510911	0.2139298254050103	1560
cg20775810	0.21392926052719982	1560
cg02217616	0.21392915097245857	1560
cg17591915	0.2139290499561128	1560
cg02176148	0.21392883564433626	1560
cg16095411	0.21392819665053284	1560
cg00782275	0.21392765111740358	1560
cg01983548	0.21392751621812625	1560
cg12895546	0.21392702923866017	1560
cg23377000	0.21392684652208632	1560
cg08937958	0.2139266287580942	1560
cg10043137	0.213926524607029	1560
cg06233328	0.21392620097209442	1560
cg03172271	0.21392617577207046	1560
cg08627380	0.21392465879984124	1560
cg10393338	0.21392435937951879	1560
cg22475952	0.2139225684335013	1560
cg18135206	0.21392244754071701	1560
cg26548718	0.2139206516370796	1560
cg15944538	0.21392063461397143	1560
cg02950840	0.21392019845474913	1560
cg18572061	0.21392014541906063	1560
cg11403706	0.21391941863968214	1560
cg12615150	0.213919296413993	1560
cg00219598	0.21391873370849082	1560
cg22791948	0.21391829635234608	1560
cg27501522	0.2139175974974789	1560
cg20246707	0.21391699564079317	1560
cg02116447	0.21391697294059936	1560
cg11164860	0.2139160814382813	1560
cg23460697	0.21391602701147241	1560
cg11720356	0.21391584944648706	1560
cg02140559	0.21391471165718973	1560
cg07339720	0.21391382817346788	1560
cg05881566	0.21391290720724246	1560
cg00480848	0.21391243162750873	1560
cg15653111	0.213911443081842	1560
cg16251641	0.21391135995356303	1560
cg16055159	0.21391130320802587	1560
cg13233042	0.21391017055663866	1560
cg08498465	0.2139085021933743	1560
cg04604692	0.21390691342708198	1560
cg06436663	0.21390615033426882	1560
cg18727782	0.21390609399049187	1560
cg09732027	0.21390591919846128	1560
cg25980676	0.21390558022003187	1560
cg23598157	0.21390409747426853	1560
cg14349201	0.21390378909109412	1560
cg01463226	0.21390343504035364	1560
cg10457852	0.21390309084744302	1560
cg19035966	0.21390299616163588	1560
cg24335280	0.2139029358128101	1560
cg24131397	0.2139014007224724	1560
cg07216399	0.21390096092917005	1560
cg00393407	0.21390063078027224	1560
cg21465231	0.2139004002650238	1560
cg04197631	0.21389854490433127	1560
cg13521944	0.21389620276910876	1560
cg19864539	0.21389610991423344	1560
cg11759917	0.2138943096175269	1560
cg26722434	0.21389409059347192	1560
cg06209143	0.2138936791612423	1560
cg27165324	0.21389289671170547	1560
cg09561419	0.2138923192663358	1560
cg10067787	0.21389225230523423	1560
cg25547332	0.21389195976327774	1560
cg23713679	0.21389124045492622	1560
cg27096292	0.21389046234732506	1560
cg24758201	0.21388963460396107	1560
cg13705888	0.21388923836147405	1560
cg06765430	0.21388900514302106	1560
cg08290287	0.21388884965417293	1560
cg20915460	0.21388879571604116	1560
cg11496226	0.21388843217544298	1560
cg00187981	0.2138880494837495	1560
cg13267891	0.21388710515331236	1560
cg18047970	0.21388708112287644	1560
cg22826996	0.21388582369158524	1560
cg13747236	0.21388576724840325	1560
cg20599496	0.21388429566767583	1560
cg08032619	0.2138838620808566	1560
cg05550328	0.21388219284593973	1560
cg03718677	0.21388077041523476	1560
cg22156852	0.21388017501136633	1560
cg21402453	0.21387936869186064	1560
cg17736940	0.2138793022176508	1560
cg21560354	0.21387928983423427	1560
cg12347480	0.21387805146685143	1560
cg27088639	0.21387792466465844	1560
cg04765513	0.21387777947579276	1560
cg02837432	0.2138775699025197	1560
cg06275028	0.21387738247810703	1560
cg12398117	0.2138773108500093	1560
cg00196150	0.21387684423518244	1560
cg12050728	0.21387651838148977	1560
cg01888044	0.21387643692675185	1560
cg20956314	0.2138755053771497	1560
cg18145393	0.21387526938417772	1560
cg25763426	0.21387487441273245	1560
cg01143247	0.2138748412416211	1560
cg00258779	0.21387473463387954	1560
cg20617344	0.2138742304282112	1560
cg25345805	0.21387413539710823	1560
cg01534766	0.2138739447212065	1560
cg02143541	0.21387369947770377	1560
cg22620756	0.2138735462075587	1560
cg19574878	0.2138733711090637	1560
cg02089452	0.21387322058052838	1560
cg17739181	0.21387161060322518	1560
cg09998078	0.2138713953043466	1560
cg16133964	0.21387082362444776	1560
cg05875308	0.21387043791290658	1560
cg03810326	0.21386997851317308	1560
cg11349991	0.21386985710554726	1560
cg17162797	0.21386904373942708	1560
cg01703601	0.21386864678440162	1560
cg06819473	0.21386861992442624	1560
cg04368808	0.21386830738406346	1560
cg08891933	0.2138680275562493	1560
cg03410027	0.21386746036661947	1560
cg19504661	0.2138671732688796	1560
cg23275998	0.21386625686371585	1560
cg17917518	0.21386620968413053	1560
cg01924711	0.21386608699435006	1560
cg16807273	0.21386587646857588	1560
cg26863563	0.21386562751188404	1560
cg26549892	0.21386340966090753	1560
cg01448155	0.21386270539247051	1560
cg27198013	0.21386233403664748	1560
cg02495915	0.21386133030606153	1560
cg22936884	0.21386100480632497	1560
cg06463097	0.2138605509721075	1560
cg18537361	0.21386050376559346	1560
cg27493345	0.21385878632329391	1560
cg10976706	0.21385800516708386	1560
cg25803583	0.21385798501050546	1560
cg07064364	0.2138567728682935	1560
cg14580996	0.21385640265342357	1560
cg07691914	0.2138556687294255	1560
cg09795614	0.21385486573921259	1560
cg05527091	0.2138530861609056	1560
cg16346591	0.21385240967595276	1560
cg13573320	0.21385239831860173	1560
cg08794198	0.21385227135356025	1560
cg04723436	0.2138517330982669	1560
cg01023169	0.21385104613029127	1560
cg02725065	0.21385068165541238	1560
cg04599840	0.21385061473863967	1560
cg01279990	0.21384988053223336	1560
cg16519477	0.21384818794947996	1560
cg01444501	0.21384760440123796	1560
cg09257101	0.2138472833332746	1560
cg05226805	0.2138468946281208	1560
cg02478369	0.21384688780429484	1560
cg14827198	0.21384621132170845	1560
cg22738281	0.21384594281582764	1560
cg22036526	0.21384293495995496	1560
cg25314134	0.21384256321000986	1560
cg08134592	0.2138418588763659	1560
cg09610311	0.21384180399964903	1560
cg23286514	0.21384160107827566	1560
cg23026345	0.21384137821685525	1560
cg13111501	0.21384081288608012	1560
cg11905824	0.21384055921779288	1560
cg11201229	0.21383970410925332	1560
cg03415901	0.2138395586215114	1560
cg09029887	0.21383913541854255	1560
cg04722605	0.2138383351239953	1560
cg03566409	0.21383712736629545	1560
cg13847858	0.2138363321587565	1560
cg11514462	0.21383572800939407	1560
cg04767513	0.2138354295631757	1560
cg17832688	0.2138348485062395	1560
cg07800359	0.21383475634455598	1560
cg23982226	0.21383377147235397	1560
cg12905931	0.21383245080243587	1560
cg25109719	0.21383238666214552	1560
cg09322899	0.21383195844734523	1560
cg26023908	0.2138302534393253	1560
cg16010163	0.2138301455721528	1560
cg14263969	0.21382890095522944	1560
cg10460001	0.21382884290797888	1560
cg22376822	0.21382792326285346	1560
cg14349131	0.21382683305876635	1560
cg24197303	0.21382652855852752	1560
cg11342287	0.21382644844871607	1560
cg13477510	0.2138263864617276	1560
cg10376763	0.21382558238976293	1560
cg20014591	0.2138247799996409	1560
cg18108216	0.2138245088748247	1560
cg04121214	0.21382329101127967	1560
cg26160191	0.21382241772451588	1560
cg11519903	0.21382224203696043	1560
cg11051221	0.21382198260171603	1560
cg03169856	0.21382186617711818	1560
cg20489453	0.21382184807575094	1560
cg27641072	0.21382167873358432	1560
cg11299177	0.21382165380923795	1560
cg23031387	0.2138205890318797	1560
cg15549877	0.21382042054516567	1560
cg01469594	0.213820392442547	1560
cg25835936	0.2138199851964114	1560
cg10388667	0.21381963305909632	1560
cg15774028	0.21381961173816455	1560
cg11938395	0.21381939563805566	1560
cg02303647	0.21381914809943287	1560
cg15874657	0.21381835535989643	1560
cg25630265	0.21381803076023	1560
cg02313172	0.21381776255070287	1560
cg09153518	0.21381754333574696	1560
cg26859666	0.2138172221224154	1560
cg14474150	0.21381686407696351	1560
cg04024822	0.21381624895431917	1560
cg08815677	0.21381619009425348	1560
cg12058595	0.2138159583533167	1560
cg15996154	0.2138141395656524	1560
cg01887440	0.21381290872954056	1560
cg19874095	0.21381241885208352	1560
cg09538819	0.21381214250058148	1560
cg24552128	0.21381092639392021	1560
cg06092702	0.21381068542220802	1560
cg22051345	0.21380886852309428	1560
cg26978288	0.21380881117906853	1560
cg04713743	0.21380827886248802	1560
cg23928234	0.21380818048626635	1560
cg15251242	0.2138081242869577	1560
cg17459023	0.21380747132994085	1560
cg00930246	0.21380710326169097	1560
cg03888412	0.2138054121369915	1560
cg08597797	0.21380368589262397	1560
cg01139880	0.21380349392993536	1560
cg03860982	0.2138023967428198	1560
cg05366495	0.21380124897670305	1560
cg07841500	0.21380077107989293	1560
cg17856083	0.21380055830726985	1560
cg22506214	0.21380048144006458	1560
cg08249780	0.21379962860132892	1560
cg05005536	0.2137995569137311	1560
cg04772463	0.21379929788575067	1560
cg21664614	0.2137990447013798	1560
cg07566537	0.21379823461985484	1560
cg17290508	0.21379805740870828	1560
cg27593760	0.21379783432989305	1560
cg06780777	0.21379769139519758	1560
cg07765706	0.2137961621632535	1560
cg24006582	0.21379445047950896	1560
cg09826790	0.21379409208889774	1560
cg17013513	0.2137928298130956	1560
cg16338239	0.21379191681973855	1560
cg14450978	0.2137918746224325	1560
cg10097458	0.21379167031632507	1560
cg03272264	0.21379136527010364	1560
cg27044986	0.21379089597320936	1560
cg24060874	0.2137904894871711	1560
cg22784060	0.2137901905971123	1560
cg20804163	0.21378961317207776	1560
cg11305009	0.21378931535803675	1560
cg10877130	0.21378902912503978	1560
cg07341073	0.21378886836487757	1560
cg13893372	0.21378839121151147	1560
cg00088507	0.21378757644865565	1560
cg25759507	0.21378673167694762	1560
cg00605001	0.21378508669019924	1560
cg14880655	0.21378501710056955	1560
cg09190824	0.21378494972077058	1560
cg12855773	0.21378464521011034	1560
cg08944484	0.21378429955133804	1560
cg24083756	0.213784200835932	1560
cg11411106	0.2137837381296084	1560
cg01728682	0.21378330794656691	1560
cg17079806	0.21378184121816343	1560
cg19105072	0.21378134469365667	1560
cg23944586	0.21377969394518465	1560
cg05657251	0.21377885180320746	1560
cg05540473	0.21377763309137413	1560
cg15298666	0.21377746851062004	1560
cg21543899	0.2137770779779911	1560
cg06746819	0.21377683844838388	1560
cg08871711	0.21377619605566253	1560
cg09544641	0.21377497165243284	1560
cg12360886	0.21377488044973614	1560
cg01296230	0.2137741608841725	1560
cg01300631	0.21377384233347263	1560
cg04667158	0.21377358781929137	1560
cg23603197	0.21377157324440335	1560
cg01306662	0.21377046872356534	1560
cg27662055	0.21376965542265206	1560
cg18697996	0.2137684489181788	1560
cg23468699	0.2137684402286638	1560
cg04162034	0.21376815659577517	1560
cg25949502	0.21376805227786935	1560
cg10462803	0.213767911879508	1560
cg04803686	0.21376620539922425	1560
cg27176697	0.2137645025882702	1560
cg24597485	0.21376400641777146	1560
cg07132086	0.21376375691241117	1560
cg27637048	0.21376279141262794	1560
cg02820901	0.21376265999915542	1560
cg02934884	0.2137624878922864	1560
cg16547678	0.2137620795725226	1560
cg05781918	0.21376191754038207	1560
cg03868332	0.21376171687027182	1560
cg02737321	0.21376147338005572	1560
cg27559197	0.21376066614064476	1560
cg19549469	0.2137604378054712	1560
cg08107394	0.21376037370060533	1560
cg16214269	0.21376010733704376	1560
cg16171723	0.21375976016107864	1560
cg26136722	0.21375889448516397	1560
cg12931616	0.21375859522842008	1560
cg07737707	0.2137584822567053	1560
cg00411011	0.213758402526556	1560
cg13149523	0.21375784076088644	1560
cg09591284	0.2137575368697346	1560
cg16284203	0.2137573212039778	1560
cg05346295	0.21375711194962035	1560
cg22628235	0.21375700175661702	1560
cg20118409	0.21375652330192027	1560
cg25224551	0.21375650118444828	1560
cg20606662	0.21375634175156744	1560
cg12726994	0.2137562499487191	1560
cg14283939	0.21375618503484736	1560
cg03588299	0.21375597100126356	1560
cg21288507	0.21375577477446495	1560
cg26860459	0.213755511694424	1560
cg16784566	0.21375537111386264	1560
cg15520955	0.21375506682404696	1560
cg15508284	0.21375367578977558	1560
cg23915679	0.21375293463387798	1560
cg15928392	0.21375273180563986	1560
cg15549450	0.21375121291560686	1560
cg00291661	0.21375002479077515	1560
cg01784548	0.21374976893320471	1560
cg05261028	0.2137493519428649	1560
cg07858195	0.21374798889111551	1560
cg02665130	0.21374785478619215	1560
cg10600594	0.21374710121778212	1560
cg12841600	0.21374649873172194	1560
cg07142285	0.21374639618798863	1560
cg18679190	0.2137462869232478	1560
cg09498014	0.213746241827458	1560
cg02675535	0.21374610875404507	1560
cg06104667	0.21374586759064723	1560
cg05681957	0.21374562824194052	1560
cg07144032	0.21374520395164948	1560
cg01198140	0.2137452020705043	1560
cg12377483	0.2137443254613931	1560
cg06003834	0.2137438369264733	1560
cg08926035	0.21374377474462739	1560
cg03022434	0.2137437154634066	1560
cg07920452	0.21374349772984416	1560
cg24046689	0.21374346896331353	1560
cg03511735	0.21374293396300245	1560
cg15283154	0.213741615084689	1560
cg04122081	0.21374126165815563	1560
cg06496478	0.21374117141519128	1560
cg27127645	0.21374086330646902	1560
cg20373176	0.21374053745961372	1560
cg00092565	0.21373990693938835	1560
cg08789073	0.2137383702469121	1560
cg20295816	0.21373833655576285	1560
cg11316296	0.21373832434138584	1560
cg13978155	0.21373768114144598	1560
cg10262775	0.21373671093329505	1560
cg22512847	0.21373518292495355	1560
cg11040777	0.21373462505639582	1560
cg13611456	0.21373458874565102	1560
cg25348050	0.21373443185399096	1560
cg12078588	0.2137343423076654	1560
cg12187098	0.21373326675946064	1560
cg08840687	0.21373277321197054	1560
cg13518524	0.2137323231548692	1560
cg25950520	0.21373118955629428	1560
cg18287642	0.2137308459161666	1560
cg23067782	0.21373073359579506	1560
cg08464374	0.21373059689014065	1560
cg02337277	0.21373007509869824	1560
cg25037548	0.21372944438530458	1560
cg06049107	0.2137285912012641	1560
cg13821038	0.21372525122673472	1560
cg22377810	0.2137248112475297	1560
cg22536211	0.2137241841878829	1560
cg19169838	0.2137235036298553	1560
cg21104999	0.21372243523963005	1560
cg20803618	0.21372188665071698	1560
cg02965999	0.2137210641363015	1560
cg22974234	0.21372070998642576	1560
cg03359428	0.2137199669953007	1560
cg18363948	0.21371941745678577	1560
cg19709095	0.2137193786659358	1560
cg12001456	0.21371916699671448	1560
cg12848631	0.21371885647906208	1560
cg08997639	0.2137182204965033	1560
cg07663964	0.2137177826442808	1560
cg00169184	0.21371746706956443	1560
cg05616584	0.21371707034829862	1560
cg07075568	0.21371704842045927	1560
cg02026024	0.2137169359035105	1560
cg14536777	0.2137168104513355	1560
cg08598324	0.21371591040157523	1560
cg04703476	0.21371584118613177	1560
cg13995193	0.21371570503017995	1560
cg13533528	0.2137144951383373	1560
cg10836125	0.21371425155088528	1560
cg02151101	0.21371298479542164	1560
cg01380763	0.2137125712233549	1560
cg00972140	0.21371083741715904	1560
cg22110213	0.2137108250923752	1560
cg09441820	0.21371007853251991	1560
cg24232508	0.21371002521969326	1560
cg00419512	0.21370927269207157	1560
cg06542681	0.21370859821280908	1560
cg08713695	0.21370853864346465	1560
cg04234758	0.2137072663628039	1560
cg18084114	0.2137066362193067	1560
cg07703337	0.2137057587374422	1560
cg27523547	0.21370529145932549	1560
cg01336878	0.21370396743107173	1560
cg11709896	0.21370355345942896	1560
cg21750507	0.21370330646987917	1560
cg01806590	0.21370287069424915	1560
cg10990040	0.21370235252214118	1560
cg24948561	0.21370216766860098	1560
cg07655182	0.21370042197010716	1560
cg09231376	0.21369996917123188	1560
cg14300334	0.21369957799489653	1560
cg06979342	0.2136988438303397	1560
cg23141614	0.21369849702544264	1560
cg00298921	0.21369822334068572	1560
cg14890102	0.21369736837108794	1560
cg02723718	0.21369684357750973	1560
cg09245939	0.21369583590202368	1560
cg02632203	0.21369531709929732	1560
cg13723576	0.2136951057975191	1560
cg25426723	0.21369393712935905	1560
cg04709302	0.2136939027262838	1560
cg17944774	0.21369377777560092	1560
cg14906980	0.21369369137514166	1560
cg04233054	0.21369350095249534	1560
cg20937750	0.21369343129813986	1560
cg09579722	0.21369334964422365	1560
cg02881430	0.2136927221457204	1560
cg24721750	0.2136920554376358	1560
cg17043823	0.2136918052396993	1560
cg16014987	0.2136917294838261	1560
cg08789134	0.21369086436426568	1560
cg06362078	0.21368993467657088	1560
cg13620691	0.21368978393229357	1560
cg02637343	0.21368832182360523	1560
cg21003323	0.2136873431327486	1560
cg06326781	0.2136862208945658	1560
cg21121258	0.21368427180753838	1560
cg25575138	0.2136842594706041	1560
cg06215782	0.2136840965147196	1560
cg08340524	0.21368301551308422	1560
cg12400434	0.21368285324377617	1560
cg13506166	0.2136826080202516	1560
cg18331061	0.21368172492312698	1560
cg20320088	0.21368163221445677	1560
cg04248461	0.21368149344282739	1560
cg13710937	0.21368108966792335	1560
cg08605347	0.21368095976881243	1560
cg21594304	0.21368000804658308	1560
cg11212864	0.21367994511541283	1560
cg10946816	0.21367962841212076	1560
cg01246632	0.2136788754142316	1560
cg26322763	0.21367878583581132	1560
cg09591867	0.21367861774482894	1560
cg25317313	0.2136783126437882	1560
cg12382229	0.21367774990050759	1560
cg14790153	0.2136759939451525	1560
cg18861810	0.21367589189539105	1560
cg22006392	0.21367469495633462	1560
cg14266436	0.21367465556122622	1560
cg03062544	0.21367420899981554	1560
cg10169812	0.21367355525021034	1560
cg25466784	0.21367352447957313	1560
cg03264366	0.21367297745995822	1560
cg01186062	0.21367251182375485	1560
cg09845059	0.21367197872602062	1560
cg13621836	0.2136715867620176	1560
cg10043593	0.21367030514827448	1560
cg08629836	0.21366972012470434	1560
cg04455682	0.21366888603599424	1560
cg08214126	0.21366782163984963	1560
cg02703701	0.21366741307999307	1560
cg11908531	0.21366700385034668	1560
cg04864648	0.21366665633836188	1560
cg19120073	0.2136664518716564	1560
cg04862324	0.21366634285115857	1560
cg18111073	0.21366612132040264	1560
cg14755417	0.2136634579395476	1560
cg24107443	0.21366334565747916	1560
cg04289959	0.21366233052728628	1560
cg26537894	0.21366221568065416	1560
cg27525876	0.2136616418721674	1560
cg23982568	0.2136612675138752	1560
cg10076572	0.21366047067657917	1560
cg17217575	0.21366032596411624	1560
cg01068320	0.21366028881956814	1560
cg00331135	0.21365964186511302	1560
cg10699986	0.21365905880740668	1560
cg02940800	0.21365829632623023	1560
cg03526160	0.2136581469597848	1560
cg20421509	0.2136580522300465	1560
cg25420182	0.21365799850318246	1560
cg14244739	0.21365769732010886	1560
cg00559444	0.21365762764675675	1560
cg02650566	0.21365761183884716	1560
cg27130508	0.21365724917921033	1560
cg09652142	0.21365694784665815	1560
cg24569018	0.2136560610123746	1560
cg16720890	0.21365604386803913	1560
cg01477015	0.2136553690896909	1560
cg27449975	0.21365488301141633	1560
cg10448529	0.21365460421176505	1560
cg24736010	0.2136545509057016	1560
cg02258444	0.21365447866014442	1560
cg19510224	0.21365427849490923	1560
cg08663969	0.2136538567891115	1560
cg01934296	0.21365371266216224	1560
cg21209457	0.21365283951041872	1560
cg01802687	0.2136526519315431	1560
cg17789464	0.21365264340655118	1560
cg03042537	0.21365219051356077	1560
cg08615533	0.21365218522203994	1560
cg16429887	0.21365211847487986	1560
cg03633565	0.21365068902351764	1560
cg11260022	0.21365002470009978	1560
cg00013196	0.2136500085519779	1560
cg06145508	0.2136494261069679	1560
cg04592579	0.2136490859431031	1560
cg18484591	0.21364839385347734	1560
cg18339380	0.21364829428337861	1560
cg11883737	0.21364766303744992	1560
cg17957094	0.21364738414850462	1560
cg09607658	0.21364735357447526	1560
cg10782236	0.21364625962364628	1560
cg09702453	0.21364558591697305	1560
cg00685971	0.21364453399447464	1560
cg10837312	0.21364348913089654	1560
cg08596842	0.21364169351410187	1560
cg11323433	0.21364116589296933	1560
cg12306343	0.2136405625549704	1560
cg08031587	0.21364004624283597	1560
cg07397503	0.21363971840089682	1560
cg26729669	0.21363880818718006	1560
cg04629085	0.21363866689816932	1560
cg22765025	0.21363724366482167	1560
cg09790523	0.21363704586804294	1560
cg03158314	0.21363666419685673	1560
cg00891645	0.21363661439835174	1560
cg10212685	0.21363618555874989	1560
cg08653258	0.21363562101328049	1560
cg05347380	0.2136350803037038	1560
cg20713525	0.21363414969606997	1560
cg07301561	0.2136332559347759	1560
cg20120165	0.21363273134337885	1560
cg06192141	0.21363250351091545	1560
cg04929605	0.2136319385584894	1560
cg06214126	0.21363116405522703	1560
cg00611674	0.21363028669940543	1560
cg13200730	0.21362963584218214	1560
cg22763407	0.2136275989606752	1560
cg10667709	0.21362737523138436	1560
cg01818539	0.21362708944590633	1560
cg01168740	0.2136265508346477	1560
cg07751463	0.21362583352961526	1560
cg01959238	0.2136257286133449	1560
cg10981065	0.21362416399196207	1560
cg12346103	0.21362359756422486	1560
cg11947782	0.2136221228353117	1560
cg27137003	0.21362155497637628	1560
cg04646526	0.21362145457928303	1560
cg25782934	0.21362038253905494	1560
cg00428636	0.21361980576663156	1560
cg00939649	0.2136192090084052	1560
cg18342982	0.2136187582638597	1560
cg03101580	0.2136186981113532	1560
cg01859717	0.21361863873199402	1560
cg06368760	0.21361804013994287	1560
cg04497786	0.21361783658685388	1560
cg04496250	0.2136173711426841	1560
cg04443324	0.21361726524514524	1560
cg10100318	0.2136171161983953	1560
cg16493874	0.21361530809878326	1560
cg11845241	0.2136144742088943	1560
cg00124836	0.21361376955565123	1560
cg00303450	0.2136115544968636	1560
cg05628400	0.21361153095410926	1560
cg25506325	0.21361133592335277	1560
cg26109843	0.2136102660957006	1560
cg13152651	0.21360957629967214	1560
cg17333768	0.2136091977746893	1560
cg17193062	0.21360785404395247	1560
cg14330479	0.21360737739716387	1560
cg23951780	0.2136071182538365	1560
cg16307325	0.21360690913072572	1560
cg22539584	0.21360622005406033	1560
cg03965207	0.21360619431207062	1560
cg17469668	0.21360569912637156	1560
cg03243796	0.2136053054178958	1560
cg27136228	0.21360506496879975	1560
cg21118689	0.21360497427762	1560
cg02339015	0.21360486376974022	1560
cg22002101	0.2136046875550593	1560
cg22414192	0.21360447097855667	1560
cg02092149	0.21360392713054538	1560
cg08915936	0.21360376847960238	1560
cg13527974	0.21360372012276102	1560
cg24073738	0.213603193670148	1560
cg02618355	0.21360231242795044	1560
cg02383674	0.2136013402570231	1560
cg04217988	0.21360069392663136	1560
cg21972837	0.21360024495363056	1560
cg13728376	0.21360002073758885	1560
cg21292909	0.21359966179317172	1560
cg04288299	0.21359807605029177	1560
cg07648639	0.21359739315512358	1560
cg12863927	0.21359653906173923	1560
cg14188969	0.21359586193652771	1560
cg13573245	0.21359407020515592	1560
cg19301979	0.21359293777819732	1560
cg25692633	0.21359283183351369	1560
cg19949018	0.21359203716628788	1560
cg07588430	0.21359190017491947	1560
cg08577231	0.21359173490182573	1560
cg18528549	0.21359157800167358	1560
cg05930496	0.21359131998392358	1560
cg20744156	0.21359015066473894	1560
cg08922109	0.21358977356832665	1560
cg14960034	0.21358931850367924	1560
cg07077826	0.2135888522994804	1560
cg12942038	0.21358800058394847	1560
cg21523812	0.21358745564676138	1560
cg21746071	0.21358711758884893	1560
cg10057614	0.21358708323581702	1560
cg01879083	0.2135867205469636	1560
cg00373991	0.21358669817864925	1560
cg08460032	0.2135860892086126	1560
cg13798558	0.21358455338847904	1560
cg12940473	0.21358369098475144	1560
cg02961795	0.21358363929289179	1560
cg04722610	0.213583445915464	1560
cg21540962	0.21358142565111377	1560
cg14556188	0.21358094470648092	1560
cg04020211	0.21358085548291061	1560
cg12180067	0.21358065700548598	1560
cg00296643	0.21357987388695887	1560
cg16035921	0.21357964687408254	1560
cg26484247	0.21357823244684962	1560
cg12244648	0.2135779555341951	1560
cg00213119	0.2135778579899545	1560
cg05600626	0.21357762965255442	1560
cg13553046	0.21357758865386903	1560
cg18154457	0.21357645464167138	1560
cg20672524	0.21357616352069242	1560
cg22980079	0.21357504981336947	1560
cg11550862	0.21357429565217842	1560
cg07349203	0.21357372331845134	1560
cg19714865	0.21357247573266905	1560
cg11702274	0.21357230808374492	1560
cg04809712	0.21357205836662213	1560
cg21103269	0.21357152119782696	1560
cg02284008	0.2135710608722026	1560
cg25643600	0.21357088447244718	1560
cg18302291	0.2135703487285478	1560
cg05005968	0.21357023057931487	1560
cg11518240	0.2135693922013515	1560
cg20146962	0.21356908784718004	1560
cg05512844	0.21356855613402692	1560
cg14017611	0.2135684465609516	1560
cg15482530	0.21356762824255576	1560
cg09622691	0.21356642253721447	1560
cg24042744	0.21356582590180603	1560
cg01120289	0.2135655456925416	1560
cg19696870	0.21356481901328433	1560
cg09047551	0.2135647052951411	1560
cg10100652	0.21356447178125673	1560
cg17509836	0.21356383730051517	1560
cg20896342	0.21356301358567747	1560
cg22622451	0.21356225066157022	1560
cg19213194	0.2135621658243751	1560
cg14725803	0.21356183594002787	1560
cg26212352	0.21356091462282226	1560
cg03251675	0.21356008637884208	1560
cg03568957	0.21356002942587948	1560
cg16206480	0.21355993580405494	1560
cg23149472	0.21355992417418482	1560
cg23350132	0.2135591994079218	1560
cg07106369	0.21355918669069224	1560
cg23429986	0.2135574786567814	1560
cg03246584	0.21355735840462375	1560
cg15773198	0.213556989363596	1560
cg26682608	0.21355652264428893	1560
cg22740866	0.21355599003997705	1560
cg24062571	0.2135555746081308	1560
cg08128889	0.21355341370938807	1560
cg26074552	0.21355304611924555	1560
cg26333242	0.2135525817250844	1560
cg23382149	0.2135523196256569	1560
cg17978850	0.2135519521563816	1560
cg04186815	0.21355189496157756	1560
cg10027017	0.2135517978922729	1560
cg03467726	0.21355099024023239	1560
cg15381609	0.21354908730557692	1560
cg17384214	0.2135489631446094	1560
cg19249157	0.21354876048865815	1560
cg21501163	0.21354597695251765	1560
cg14416875	0.21354552624166684	1560
cg06827164	0.21354515533236343	1560
cg04943357	0.21354496291226907	1560
cg15796818	0.21354376427916763	1560
cg03579058	0.21354359595058645	1560
cg16583088	0.21354300586558486	1560
cg26757376	0.21354261698058624	1560
cg02736639	0.21354254860576818	1560
cg16717113	0.21354249311888907	1560
cg01702815	0.21354140627357243	1560
cg01468183	0.21354134767285243	1560
cg07955887	0.21354124355012777	1560
cg02792401	0.2135403199742407	1560
cg17894803	0.2135401862945787	1560
cg15058572	0.21354006241206758	1560
cg08190109	0.21353990784378765	1560
cg16314432	0.21353987647056435	1560
cg02049404	0.21353954618360485	1560
cg09297839	0.21353935089780296	1560
cg01819880	0.21353913531252866	1560
cg13131878	0.21353873156139455	1560
cg08660810	0.2135381761791916	1560
cg17165432	0.2135381656768782	1560
cg09102997	0.21353783387906322	1560
cg20959907	0.21353694826853753	1560
cg20390450	0.21353560658628284	1560
cg13032206	0.21353500654880067	1560
cg00944862	0.21353396875877625	1560
cg22589339	0.21353387668219315	1560
cg05977156	0.2135319697077217	1560
cg25575115	0.2135313057396524	1560
cg04878644	0.21352982600715564	1560
cg26531805	0.21352920904724665	1560
cg16855976	0.21352894409816855	1560
cg27638778	0.21352725572961845	1560
cg18947720	0.21352712653806097	1560
cg00132008	0.21352705820189313	1560
cg17689702	0.21352629806510076	1560
cg09390932	0.21352561048168184	1560
cg13216961	0.2135242489354285	1560
cg19884629	0.21352261433020242	1560
cg12465520	0.21352253783002997	1560
cg18587518	0.21352241817384887	1560
cg23816431	0.21352188482987716	1560
cg12275871	0.21352165814464052	1560
cg26670288	0.2135187738389017	1560
cg15145174	0.21351867839260474	1560
cg20130138	0.21351757169777036	1560
cg03059807	0.21351633935159084	1560
cg22171358	0.21351549747001033	1560
cg00392396	0.21351520970862417	1560
cg00546078	0.2135141728281231	1560
cg01317226	0.2135129831377648	1560
cg01917209	0.21351287392284268	1560
cg09695261	0.21351269313645918	1560
cg17182054	0.21351265578837655	1560
cg25639138	0.21351216740692902	1560
cg10572195	0.21351026712302568	1560
cg18446708	0.21350727800793584	1560
cg07921081	0.21350680509695244	1560
cg17732646	0.21350584146812523	1560
cg23167863	0.21350507086887738	1560
cg06746632	0.21350440567957807	1560
cg11230269	0.21350410024867575	1560
cg22382733	0.21350317087188342	1560
cg23684283	0.2135031536795663	1560
cg06898831	0.21350290667117025	1560
cg11890169	0.2135019935301899	1560
cg09151061	0.2135016210062426	1560
cg16378520	0.2135012282897309	1560
cg14243496	0.21350117954107967	1560
cg04431596	0.21350043697827276	1560
cg09015921	0.2134995162938493	1560
cg16700935	0.2134989163328072	1560
cg07209941	0.21349832659171666	1560
cg02913309	0.21349729517923474	1560
cg04434909	0.21349615922167126	1560
cg12209448	0.21349572197552563	1560
cg20839145	0.21349431142498881	1560
cg17431490	0.21349421593978213	1560
cg19857151	0.2134940783899009	1560
cg19223190	0.21349373209435885	1560
cg20268279	0.21349344319276511	1560
cg19839507	0.21349174819322436	1560
cg27239171	0.21349132232145415	1560
cg01737906	0.21349072317704348	1560
cg04923532	0.21349005570395266	1560
cg26307355	0.21348977012321294	1560
cg05715266	0.21348865065485112	1560
cg04453488	0.2134876558086453	1560
cg21951612	0.21348755269372344	1560
cg06399807	0.21348586343208453	1560
cg26946534	0.21348580276477228	1560
cg03943509	0.21348574107934154	1560
cg07064406	0.21348526547501315	1560
cg07883722	0.2134849261732541	1560
cg16546864	0.2134848092134673	1560
cg26080545	0.2134845907407656	1560
cg20579505	0.21348386375251957	1560
cg18498090	0.21348333046086607	1560
cg11753771	0.21348271128155766	1560
cg12407370	0.21348238317948637	1560
cg18109716	0.2134812132608327	1560
cg23109424	0.21348051104770355	1560
cg21965501	0.2134794072308696	1560
cg23252997	0.21347791081456985	1560
cg19071237	0.21347761690493922	1560
cg17494838	0.21347758218109364	1560
cg25553477	0.21347703741779442	1560
cg01028844	0.21347684169239786	1560
cg15318814	0.21347674007194922	1560
cg19630242	0.21347609261154346	1560
cg24277705	0.21347586671783922	1560
cg17650779	0.21347526739645137	1560
cg18496535	0.21347515136851308	1560
cg00714323	0.2134744015745825	1560
cg04551053	0.21347215915864956	1560
cg02692410	0.21347178180068335	1560
cg12237616	0.21347066129554315	1560
cg01765322	0.21347015619512813	1560
cg00394718	0.21346973877999642	1560
cg00866309	0.21346851473871115	1560
cg01891209	0.21346792312703103	1560
cg21485062	0.21346779565247948	1560
cg14930955	0.21346769500312163	1560
cg14420349	0.21346668673203284	1560
cg14571682	0.2134665895584871	1560
cg23113115	0.21346644863255027	1560
cg09457645	0.21346498373763256	1560
cg13795805	0.2134648108751361	1560
cg10568689	0.2134635088305891	1560
cg06925389	0.21346278580267375	1560
cg23756354	0.21346251862993298	1560
cg22730072	0.21346205733018603	1560
cg27568550	0.21346203443804382	1560
cg03665494	0.21346140125384053	1560
cg17887364	0.21346127031854747	1560
cg04066147	0.21346031531861265	1560
cg26344379	0.21346017342297086	1560
cg26573923	0.21345997727488378	1560
cg13726644	0.2134597037342208	1560
cg13384512	0.2134584361974979	1560
cg24522921	0.21345810183699987	1560
cg10757068	0.213457225916844	1560
cg17186990	0.2134561429754293	1560
cg02623413	0.2134554355602313	1560
cg04860664	0.213455040921047	1560
cg00948274	0.21345481791081705	1560
cg24386905	0.21345467829662354	1560
cg08440945	0.21345414910595	1560
cg06278461	0.2134535577534956	1560
cg04509266	0.2134535221821833	1560
cg10108612	0.21345291152308477	1560
cg08021833	0.21345278894269154	1560
cg14161477	0.2134515134961695	1560
cg24012919	0.21345121073070505	1560
cg00460286	0.2134510734668172	1560
cg13803647	0.21345008718844216	1560
cg14165900	0.21344948134988576	1560
cg06641593	0.21344903933661058	1560
cg16655500	0.21344719503050258	1560
cg13776158	0.21344650700663026	1560
cg10774647	0.21344619468760856	1560
cg20464884	0.21344617687485531	1560
cg00828468	0.21344467686045634	1560
cg18090064	0.21344427630769616	1560
cg00776026	0.21344427622674303	1560
cg05279031	0.21344262834363814	1560
cg01173432	0.21344221546249714	1560
cg24690015	0.21344219883452167	1560
cg17815134	0.21344152208711542	1560
cg00137846	0.21344146095023334	1560
cg19095267	0.21344137613165584	1560
cg04330389	0.21344132738424001	1560
cg18273408	0.21344128108150123	1560
cg15151731	0.21344063778692784	1560
cg03424655	0.21344008927355726	1560
cg07344990	0.2134399122692021	1560
cg02463911	0.21343984083651188	1560
cg20505372	0.21343943064160878	1560
cg03976480	0.21343895623509304	1560
cg18852464	0.2134387300891406	1560
cg14558673	0.21343861161935035	1560
cg03976468	0.2134380761268587	1560
cg24919105	0.2134379091580144	1560
cg11197458	0.2134378911401764	1560
cg01878651	0.21343719943196843	1560
cg10883542	0.213437068721356	1560
cg05061073	0.2134357085577192	1560
cg06653572	0.21343548744011306	1560
cg18557307	0.21343539138154	1560
cg10181784	0.21343503127743646	1560
cg05657520	0.21343408780271012	1560
cg08247776	0.2134340442850165	1560
cg05955624	0.21343349091381605	1560
cg15895391	0.21343103813804357	1560
cg14768558	0.2134302780466904	1560
cg23633568	0.21343017734852926	1560
cg05232133	0.21343012983845372	1560
cg15161050	0.21342895229348358	1560
cg15793850	0.21342885981217793	1560
cg02952918	0.21342838228416955	1560
cg18377941	0.21342837562600978	1560
cg09921214	0.21342705473298534	1560
cg09356442	0.21342693730103393	1560
cg25607754	0.2134267585763345	1560
cg16095593	0.21342632047509152	1560
cg01640765	0.21342627540260428	1560
cg02164110	0.21342579590474045	1560
cg23393593	0.21342573335993537	1560
cg15724417	0.21342535098894852	1560
cg08404557	0.21342481262521054	1560
cg05981406	0.21342392850624914	1560
cg12426293	0.21342388983488972	1560
cg21339445	0.21342310667993905	1560
cg02912949	0.21342272389046094	1560
cg25695992	0.21342172097004977	1560
cg21154041	0.21342113760688788	1560
cg16849562	0.213421135898751	1560
cg26810292	0.2134207331191919	1560
cg00890632	0.21341983783142965	1560
cg23799532	0.21341881975452903	1560
cg10970946	0.21341792964499964	1560
cg12467960	0.21341787120261232	1560
cg01101354	0.21341748879410422	1560
cg20999795	0.21341622399958385	1560
cg11406388	0.21341585662349832	1560
cg02230692	0.21341571992832098	1560
cg21865162	0.21341557627163063	1560
cg10016972	0.21341449660324188	1560
cg16819272	0.21341372483164037	1560
cg12674145	0.2134135546804761	1560
cg26652079	0.21341152061258936	1560
cg09637367	0.2134114941543136	1560
cg09212369	0.21341014738499364	1560
cg02298949	0.2134091747881564	1560
cg19282019	0.2134081244316957	1560
cg23310549	0.21340808209515805	1560
cg11288202	0.21340727496514358	1560
cg09890597	0.21340670299687237	1560
cg19685285	0.21340588650143447	1560
cg11688548	0.21340586174836892	1560
cg11270834	0.2134054024122652	1560
cg24689794	0.21340535688348966	1560
cg18971282	0.21340520908851363	1560
cg10508883	0.21340517360585107	1560
cg01603395	0.2134046841414311	1560
cg08344135	0.2134046635903031	1560
cg09131012	0.21340219298068816	1560
cg16122912	0.21340183159468615	1560
cg26165908	0.21340106525577057	1560
cg06560588	0.2134006891732934	1560
cg20276088	0.2133991076781687	1560
cg00446758	0.2133990427281857	1560
cg12819011	0.21339864739257078	1560
cg23878422	0.21339846896766546	1560
cg06736312	0.21339733136351804	1560
cg11354472	0.21339716258923938	1560
cg13152130	0.21339689554533112	1560
cg06326278	0.21339681384401973	1560
cg21499348	0.21339678774492274	1560
cg13042642	0.21339674703523498	1560
cg00008345	0.21339381609772767	1560
cg03691635	0.2133927608761085	1560
cg18765479	0.21339141460043315	1560
cg03601754	0.21339124938530388	1560
cg00814239	0.2133912171957145	1560
cg01104924	0.21339097439404742	1560
cg27439396	0.2133905479474561	1560
cg26186408	0.21339046368113182	1560
cg24178671	0.21338997854974695	1560
cg26673070	0.21338849444764466	1560
cg14271231	0.21338778609237324	1560
cg23415789	0.21338760167454326	1560
cg09803287	0.21338730519826188	1560
cg03333052	0.2133871841950685	1560
cg08111133	0.21338682057109787	1560
cg14701925	0.21338681664358963	1560
cg12227954	0.2133865829468521	1560
cg17104706	0.21338643441026336	1560
cg01484950	0.21338603119170224	1560
cg12428622	0.21338388117903784	1560
cg15617139	0.2133836996874587	1560
cg08693754	0.2133836204928228	1560
cg00539624	0.21338276710380885	1560
cg10493330	0.21338269221653838	1560
cg15383962	0.21338235306352613	1560
cg13764652	0.2133820094092712	1560
cg02174588	0.21338116463208015	1560
cg05475770	0.2133807779855199	1560
cg06193439	0.21338058773679575	1560
cg00350519	0.21338048078463354	1560
cg23934633	0.21337985898149153	1560
cg09793776	0.2133788397698509	1560
cg07007834	0.21337835899090876	1560
cg24511953	0.21337823826161886	1560
cg00661673	0.21337669807685838	1560
cg01390039	0.2133763407535081	1560
cg01402746	0.213375946279322	1560
cg04418999	0.21337584423550734	1560
cg26729320	0.2133755884662761	1560
cg09691317	0.2133755457224247	1560
cg03808027	0.21337476833703628	1560
cg26819427	0.21337460797965183	1560
cg27172769	0.21337406420839103	1560
cg06720048	0.21337387834577418	1560
cg20836795	0.21337358920920052	1560
cg19592689	0.21337289468425785	1560
cg07981355	0.21337279454201716	1560
cg10561556	0.21337250363708052	1560
cg09422701	0.2133723378093369	1560
cg09923032	0.21337228944999515	1560
cg01931840	0.21337210243893695	1560
cg14223618	0.21337157032340637	1560
cg15127705	0.21337031030656287	1560
cg09837995	0.2133691918055845	1560
cg25009258	0.2133691496660737	1560
cg00371770	0.2133690872368006	1560
cg16562533	0.21336850686034636	1560
cg14135146	0.21336763897585484	1560
cg23690312	0.2133673641778322	1560
cg02472825	0.2133665592415073	1560
cg12867763	0.2133655598575062	1560
cg02930033	0.21336453969633631	1560
cg10534359	0.21336416576096756	1560
cg10201874	0.2133627131809009	1560
cg04855044	0.21336228479737096	1560
cg18311466	0.21336218387074513	1560
cg17844898	0.21336195131222227	1560
cg08208467	0.213360252625955	1560
cg18652319	0.21335938499785204	1560
cg10457985	0.21335899413258982	1560
cg10618979	0.21335891623068662	1560
cg02567182	0.21335844191440897	1560
cg16627309	0.21335816605327562	1560
cg17844553	0.21335807333866078	1560
cg26144002	0.2133575200343876	1560
cg08299223	0.21335656262242458	1560
cg17110767	0.21335653543428643	1560
cg26086136	0.2133561995663257	1560
cg21668166	0.21335593292977786	1560
cg27230140	0.21335587197701014	1560
cg23733795	0.21335559721068234	1560
cg12219311	0.21335547491981738	1560
cg26935722	0.21335469354531367	1560
cg07379293	0.21335338899528627	1560
cg15151293	0.21335182797457508	1560
cg13048593	0.21335067509922898	1560
cg13213118	0.21335065242687362	1560
cg00751100	0.21335062939063465	1560
cg25350057	0.21335046226219165	1560
cg01383345	0.21334966161793958	1560
cg06920888	0.21334905553908579	1560
cg16986571	0.21334896347185003	1560
cg13430118	0.21334723311806209	1560
cg16316180	0.21334607826527419	1560
cg13666659	0.213345509666678	1560
cg00869989	0.21334534971843014	1560
cg16290534	0.2133444385383903	1560
cg20289491	0.2133440851153486	1560
cg22011319	0.2133438463615885	1560
cg12832145	0.21334338760868657	1560
cg01115236	0.21334338461204982	1560
cg14619975	0.2133425639365018	1560
cg24425686	0.21334035503207943	1560
cg26594445	0.21333848805048003	1560
cg19744326	0.21333835515175814	1560
cg16561392	0.21333792174232444	1560
cg03336586	0.2133369664675094	1560
cg23076474	0.21333635098935233	1560
cg00175441	0.21333555910437602	1560
cg14285937	0.21333493275890247	1560
cg00819857	0.21333444884881544	1560
cg01965425	0.213333061934089	1560
cg05627727	0.21333277860643643	1560
cg04633661	0.21333210627230173	1560
cg04234232	0.21333104175237286	1560
cg09251492	0.21333084729972734	1560
cg25319564	0.21333023250739336	1560
cg25604819	0.21333000513383876	1560
cg04227975	0.21332998705413403	1560
cg26358659	0.2133299251165324	1560
cg25692669	0.21332939205163634	1560
cg17074059	0.2133289839792951	1560
cg14092259	0.21332884692695447	1560
cg18756674	0.2133278683111538	1560
cg14314529	0.2133275035041506	1560
cg11400488	0.21332743269063414	1560
cg04871336	0.21332739864105474	1560
cg17290554	0.21332650323396496	1560
cg02432274	0.21332637321869924	1560
cg05670219	0.21332618341157278	1560
cg07707491	0.21332608367208034	1560
cg00038665	0.21332605469175295	1560
cg23730222	0.21332602776713042	1560
cg12839654	0.21332576303047093	1560
cg00343986	0.21332557509154798	1560
cg18762695	0.21332535711457312	1560
cg10195619	0.2133243156670442	1560
cg10916556	0.21332383021045329	1560
cg00308361	0.21332341444929137	1560
cg09356014	0.21332324053653534	1560
cg08007395	0.21332204771975571	1560
cg14527211	0.21332202240034598	1560
cg14595558	0.2133193826547012	1560
cg24455683	0.2133192938163921	1560
cg23622514	0.2133188596977911	1560
cg26090534	0.21331837534696874	1560
cg27396141	0.21331673514249644	1560
cg02396126	0.21331630847036756	1560
cg02548542	0.21331456310507796	1560
cg13096779	0.21331303532375567	1560
cg14036303	0.21331289910047138	1560
cg03991534	0.21331216640439904	1560
cg09815962	0.21331192926792755	1560
cg10684940	0.21331190809385756	1560
cg25010771	0.21331140651382063	1560
cg07089077	0.2133113792946807	1560
cg04511195	0.21331088694929684	1560
cg21168914	0.21331043602800198	1560
cg04828157	0.21330959433602753	1560
cg17127262	0.213308962433422	1560
cg03368690	0.21330885764636073	1560
cg19722391	0.21330771069809498	1560
cg07523442	0.2133056164520655	1560
cg15236196	0.21330441234583727	1560
cg08223945	0.21330354043090594	1560
cg01010931	0.2133035369297975	1560
cg09205384	0.21330337769606295	1560
cg06019530	0.21330306050386139	1560
cg16252889	0.2133023344326109	1560
cg26372254	0.2133022512684056	1560
cg08904986	0.2133013191043502	1560
cg16577132	0.2133012538892115	1560
cg05839347	0.2133002631755468	1560
cg15747839	0.21329977574927178	1560
cg00355784	0.2132988194129327	1560
cg12699647	0.2132986729370834	1560
cg00053135	0.21329846062072855	1560
cg05757005	0.21329834682687593	1560
cg16035419	0.2132980275735183	1560
cg23707905	0.21329712438791865	1560
cg01877778	0.21329580891361272	1560
cg10858308	0.21329544705545864	1560
cg03824562	0.21329533983297902	1560
cg19177744	0.21329484767724421	1560
cg10521567	0.21329477926544937	1560
cg06451177	0.21329422416454594	1560
cg21490597	0.21329294876071103	1560
cg15139008	0.21329279685798813	1560
cg22556768	0.21329204192122445	1560
cg03143725	0.21329195745119428	1560
cg18761696	0.21329119884083023	1560
cg07287255	0.21329031070496493	1560
cg18191087	0.21328965002408606	1560
cg19557110	0.21328918527869406	1560
cg26687619	0.21328831568178414	1560
cg01534363	0.2132882272142908	1560
cg11552363	0.21328668458170955	1560
cg01713613	0.21328665189430485	1560
cg01722304	0.21328624809712765	1560
cg26118367	0.21328604402901868	1560
cg03723284	0.21328553289119573	1560
cg08507725	0.21328461199519885	1560
cg25974723	0.21328443649742349	1560
cg27357049	0.2132839595022326	1560
cg19464484	0.2132835801963966	1560
cg21163972	0.2132830689344942	1560
cg14169799	0.21328290287379523	1560
cg19464247	0.21328262683418273	1560
cg08283595	0.21328196897944035	1560
cg25655084	0.21328195374439893	1560
cg08832723	0.21328191238138455	1560
cg16255279	0.21328182009944247	1560
cg10810649	0.21328155372200996	1560
cg00466973	0.213280890473502	1560
cg22595458	0.21327965693039527	1560
cg24780966	0.21327878146201368	1560
cg25717351	0.2132766926744825	1560
cg14592752	0.21327633465866042	1560
cg14750616	0.21327627484580297	1560
cg11367267	0.21327572908523218	1560
cg04456689	0.2132746521105689	1560
cg04580731	0.21327395370463068	1560
cg02953007	0.2132735140083867	1560
cg03838868	0.21327282462258332	1560
cg27608563	0.2132720883086744	1560
cg02318796	0.21327193601754513	1560
cg16844872	0.21327084619693407	1560
cg25073435	0.2132701284856165	1560
cg13979872	0.21326991516149266	1560
cg07656751	0.2132684185077321	1560
cg19883388	0.21326797750892942	1560
cg08628580	0.21326752584345868	1560
cg02879136	0.21326725412228978	1560
cg04102519	0.21326724758263324	1560
cg17804911	0.21326713101625813	1560
cg02391633	0.2132667825891581	1560
cg18590785	0.21326661165462918	1560
cg14763933	0.2132665172415892	1560
cg26216857	0.2132662113189595	1560
cg17581286	0.21326522669109027	1560
cg16989822	0.21326420797057583	1560
cg21952012	0.21326378672538257	1560
cg05586622	0.21326369327706818	1560
cg01147665	0.21326236124614345	1560
cg04038246	0.21326226747205496	1560
cg11741956	0.2132616886613154	1560
cg17171260	0.21326165181750587	1560
cg01079599	0.21326155676810818	1560
cg12925608	0.21326150150776696	1560
cg22853963	0.2132613975115399	1560
cg14593333	0.21326114637126614	1560
cg08115957	0.21326084503701245	1560
cg09501305	0.21326056247397596	1560
cg08265812	0.21326022096017128	1560
cg09622557	0.21325974048428606	1560
cg01221780	0.21325913012348705	1560
cg05170671	0.21325897814259223	1560
cg01395898	0.21325832502109013	1560
cg25628057	0.2132582483701927	1560
cg08175935	0.21325776747492803	1560
cg18852515	0.21325752388353272	1560
cg10960433	0.21325641728633093	1560
cg06567155	0.21325570659983986	1560
cg17631894	0.21325435312392593	1560
cg21807034	0.21325365383368441	1560
cg19912736	0.21325239550537886	1560
cg24401044	0.2132503698214263	1560
cg03705299	0.21325018421471637	1560
cg16896879	0.21324939281743857	1560
cg17207090	0.2132488782242285	1560
cg12257170	0.21324859635089757	1560
cg10082445	0.21324814469328782	1560
cg07870603	0.21324807615080743	1560
cg15412401	0.21324714487969698	1560
cg02671826	0.2132471072399099	1560
cg00071658	0.21324551587530063	1560
cg22699527	0.21324441824694754	1560
cg10029789	0.21324400179442074	1560
cg22646726	0.21324339374657056	1560
cg21682942	0.2132433759805799	1560
cg11139390	0.21324325670998298	1560
cg06942010	0.2132427957739606	1560
cg04853284	0.21324252575196853	1560
cg06685590	0.21324231674703997	1560
cg23667572	0.21324181229073735	1560
cg10681804	0.21324174671920812	1560
cg09446247	0.2132412818857862	1560
cg02600099	0.21324113380198836	1560
cg05565114	0.21324062400323027	1560
cg00882611	0.21324033712083576	1560
cg12780124	0.2132389092489056	1560
cg06137878	0.21323862101359586	1560
cg07589077	0.2132384067825918	1560
cg05675372	0.21323724932911256	1560
cg13209878	0.2132366448710928	1560
cg09903049	0.2132344997010503	1560
cg23685856	0.2132341802739352	1560
cg00370227	0.2132336419894087	1560
cg05524152	0.21323148162265299	1560
cg08462835	0.21323102316673653	1560
cg00928226	0.2132307480649738	1560
cg19979222	0.21323021785799492	1560
cg02465979	0.21322996295476634	1560
cg25515091	0.2132295853031691	1560
cg03152800	0.21322941116407937	1560
cg03309962	0.21322635414357433	1560
cg12326526	0.21322578607017692	1560
cg03139843	0.2132240463781232	1560
cg26948949	0.21322347910385514	1560
cg21209310	0.21322317236378677	1560
cg18835656	0.21322253226643798	1560
cg14358448	0.2132223509521726	1560
cg23969380	0.21322229553448432	1560
cg01433189	0.21322123477167892	1560
cg03023681	0.2132211413841817	1560
cg26646980	0.21322061341805099	1560
cg19335064	0.21322027766576343	1560
cg09769438	0.21321885358864814	1560
cg21917351	0.21321835758730284	1560
cg09939269	0.21321791483995242	1560
cg21065876	0.21321754655146502	1560
cg13495227	0.21321674990703784	1560
cg21017775	0.21321643945302338	1560
cg06450952	0.21321612395862843	1560
cg14790860	0.21321595550488548	1560
cg19286631	0.21321544573536963	1560
cg23224293	0.2132140572545465	1560
cg11196398	0.21321350990087773	1560
cg10991955	0.21321344775988865	1560
cg14568749	0.21321215810239633	1560
cg09996240	0.2132116695122599	1560
cg24296187	0.2132114742844422	1560
cg00869546	0.2132093488612912	1560
cg14519501	0.2132093205202011	1560
cg04177885	0.21320927362387004	1560
cg08507344	0.2132092139599425	1560
cg04273867	0.21320875862007221	1560
cg01054241	0.21320872063051652	1560
cg05450193	0.21320827238666343	1560
cg10715527	0.21320823755267726	1560
cg04999860	0.21320740430800827	1560
cg21572688	0.2132070697113124	1560
cg02645450	0.21320668395947012	1560
cg18690385	0.2132066554359519	1560
cg02519948	0.21320654871065756	1560
cg13243638	0.21320326346027907	1560
cg22644984	0.21320256544772062	1560
cg23521980	0.2132022604854551	1560
cg14394327	0.21320157906988363	1560
cg01759672	0.2132012019268596	1560
cg23208172	0.21320100964476624	1560
cg13537111	0.2131996922997797	1560
cg13158990	0.21319911888181725	1560
cg01441308	0.21319877833857379	1560
cg03592906	0.21319797286410114	1560
cg27366775	0.21319732002832756	1560
cg09426957	0.21319660940031618	1560
cg00428492	0.2131954530477708	1560
cg00303341	0.21319543516839504	1560
cg15212895	0.21319448072873576	1560
cg01497699	0.213194194618396	1560
cg05218782	0.21319238000818752	1560
cg22615910	0.2131917138125483	1560
cg25402979	0.21319164894071585	1560
cg21947724	0.21319130113086057	1560
cg11654662	0.21319052398795807	1560
cg13697207	0.21318973362147906	1560
cg03775240	0.21318968430129429	1560
cg15670005	0.21318819906874079	1560
cg23299476	0.2131875804924655	1560
cg02477365	0.2131868056905343	1560
cg03341985	0.2131866100203934	1560
cg07878857	0.21318642031055643	1560
cg06597466	0.2131858620527868	1560
cg08218206	0.213185851642205	1560
cg07723559	0.21318564914430593	1560
cg03240966	0.213184678930879	1560
cg08942269	0.21318450278038178	1560
cg18983789	0.21318409617134987	1560
cg23206325	0.2131840470079077	1560
cg00761327	0.21318395968409426	1560
cg09023627	0.2131834373999461	1560
cg22110655	0.2131832970724973	1560
cg26234550	0.2131817834947051	1560
cg10536901	0.213181733312962	1560
cg08201673	0.21318161812387518	1560
cg12936779	0.21318136658294015	1560
cg26272879	0.21318134161529864	1560
cg03998119	0.21318113866804833	1560
cg19006220	0.213180332175787	1560
cg19515446	0.21318007671608477	1560
cg19203105	0.21317981010120052	1560
cg23719508	0.21317752677863475	1560
cg16365302	0.21317724557152304	1560
cg01186871	0.21317718974440428	1560
cg11037420	0.21317654647161582	1560
cg25510254	0.21317552221296726	1560
cg20335043	0.21317414219358785	1560
cg04169369	0.21317384725979652	1560
cg22477732	0.2131738091540883	1560
cg01782904	0.21317338767145638	1560
cg17508477	0.2131729438433082	1560
cg05056288	0.21317280401458974	1560
cg13931246	0.21317265900216034	1560
cg22634487	0.21317233788182033	1560
cg26009702	0.21317111935699207	1560
cg25686162	0.21316890243407854	1560
cg13095421	0.21316861254069935	1560
cg23434070	0.21316675425528822	1560
cg02747169	0.213166699653834	1560
cg10381637	0.21316661497540304	1560
cg01939962	0.21316656112891233	1560
cg11577196	0.2131664888809177	1560
cg23138608	0.21316594392140462	1560
cg12164992	0.2131645739710114	1560
cg19559984	0.21316418670022014	1560
cg11533523	0.21316158719724645	1560
cg21832447	0.21316094471142621	1560
cg13674495	0.21315966855096585	1560
cg23006805	0.21315957442294992	1560
cg12872692	0.21315943917703392	1560
cg01970937	0.21315901653403135	1560
cg07529658	0.21315896634693896	1560
cg06422529	0.21315796488884592	1560
cg09080553	0.21315630622801077	1560
cg02512764	0.21315555666910588	1560
cg03267280	0.21315535521603055	1560
cg20477591	0.2131546607140991	1560
cg12579196	0.21315436936664234	1560
cg13831286	0.2131539466680618	1560
cg11492063	0.21315269807333334	1560
cg16881698	0.21315156314556905	1560
cg07164287	0.21315144414543255	1560
cg14858763	0.2131507762201657	1560
cg02172222	0.21314933955206594	1560
cg09427741	0.2131491279575879	1560
cg03891808	0.21314875538697212	1560
cg13342137	0.21314863688944627	1560
cg18170545	0.21314821249644417	1560
cg11815790	0.2131479393677639	1560
cg09902254	0.21314768787875213	1560
cg22097599	0.21314734518468553	1560
cg08437789	0.213146756529241	1560
cg05937781	0.21314626780375692	1560
cg21220553	0.21314585962726068	1560
cg00575769	0.21314570828720644	1560
cg14248429	0.21314565801204072	1560
cg05885023	0.21314388236707016	1560
cg09246611	0.21314290675967323	1560
cg24268698	0.2131425851064668	1560
cg10147096	0.21314172648442642	1560
cg18066197	0.2131406680499443	1560
cg02101434	0.2131400381441194	1560
cg03323444	0.21313938097146876	1560
cg16479131	0.2131391802988223	1560
cg06027112	0.21313858123034315	1560
cg13550263	0.21313719071290327	1560
cg11609156	0.21313643888979242	1560
cg27290274	0.21313600949594114	1560
cg21252372	0.213135832816894	1560
cg17767431	0.21313541924441248	1560
cg12219496	0.21313524219395696	1560
cg10810819	0.21313523027173234	1560
cg20931060	0.21313472149874807	1560
cg12914530	0.21313457210843859	1560
cg11110406	0.21313407229138276	1560
cg05239609	0.21313243929028236	1560
cg23711166	0.2131317499763973	1560
cg08715031	0.21313146429643337	1560
cg16565692	0.21313130675670147	1560
cg12400807	0.21313090499720355	1560
cg24914244	0.21313077793984073	1560
cg08508527	0.21313023710632562	1560
cg13256308	0.21313019468525107	1560
cg13140464	0.21312995166004503	1560
cg09457470	0.2131298371707852	1560
cg27563529	0.21312920722639073	1560
cg19677007	0.21312867008145753	1560
cg08063745	0.21312800504776405	1560
cg02756281	0.21312787319880297	1560
cg08231038	0.2131273246703724	1560
cg13096307	0.21312712566348263	1560
cg07643314	0.21312706237287324	1560
cg19840493	0.21312703484570367	1560
cg01554316	0.21312657026393303	1560
cg05895956	0.2131265144229706	1560
cg17811919	0.2131264997662914	1560
cg02708922	0.21312639344389495	1560
cg04432275	0.21312525718649586	1560
cg22577385	0.21312459176265014	1560
cg23475112	0.21312337343585971	1560
cg11565007	0.21312298967099103	1560
cg16014699	0.21312277942407218	1560
cg18410460	0.21312270646758938	1560
cg11993058	0.21312246342281857	1560
cg17198369	0.21312210997518802	1560
cg11573093	0.213121346574564	1560
cg16540950	0.21312076706479116	1560
cg11060461	0.21312044994416335	1560
cg00806367	0.21312023859097912	1560
cg14734794	0.21311959971002287	1560
cg19031384	0.21311943861907176	1560
cg14483383	0.21311923627389692	1560
cg21751245	0.2131188991386064	1560
cg00461770	0.21311842077348067	1560
cg07148651	0.21311838054899998	1560
cg25928501	0.21311823882857436	1560
cg19160878	0.2131179195586814	1560
cg13724311	0.21311724654560918	1560
cg09851241	0.21311682343746283	1560
cg15899913	0.21311646205873977	1560
cg06188214	0.2131157151798778	1560
cg13422339	0.21311458074681497	1560
cg27611177	0.21311408834557713	1560
cg01536615	0.21311369307846786	1560
cg13993647	0.21311300057563679	1560
cg20948051	0.21311238301138472	1560
cg01900548	0.21311152109468692	1560
cg12822010	0.2131112452327138	1560
cg10500121	0.21310901147821956	1560
cg12035503	0.21310871180732502	1560
cg12402427	0.21310846705911046	1560
cg14010472	0.2131080445949036	1560
cg18651659	0.2131077078021688	1560
cg17715469	0.21310747092578217	1560
cg12462858	0.21310727968096957	1560
cg03627931	0.21310706287492792	1560
cg15924583	0.2131069445950898	1560
cg02272258	0.2131068342767076	1560
cg18052430	0.2131057628362011	1560
cg17338615	0.21310547939593324	1560
cg09329587	0.2131053527895207	1560
cg04867075	0.21310466651597523	1560
cg26139953	0.2131045903215113	1560
cg12951125	0.21310295512164287	1560
cg27518993	0.2131021474406183	1560
cg14012826	0.21310065143729065	1560
cg14024823	0.21310031363666534	1560
cg05053327	0.21309914053474655	1560
cg27603082	0.21309903491078921	1560
cg03142411	0.21309857859532372	1560
cg18745217	0.21309836544934502	1560
cg14044954	0.21309807297619002	1560
cg02529685	0.2130977798743726	1560
cg18735114	0.21309761058840213	1560
cg04933438	0.21309740795506124	1560
cg22228071	0.21309737701025558	1560
cg05285352	0.21309727334518488	1560
cg15563205	0.21309686961492819	1560
cg17471677	0.21309676859518673	1560
cg04682087	0.213095196120642	1560
cg04810915	0.2130949898233335	1560
cg00745463	0.2130949631575646	1560
cg14238722	0.21309423157298757	1560
cg02579140	0.21309395788134985	1560
cg08298584	0.21309339303593675	1560
cg12072724	0.213093112932797	1560
cg05601012	0.21309177835138057	1560
cg21070087	0.21309176930547427	1560
cg13264115	0.21309112665504534	1560
cg27490017	0.21309103744887006	1560
cg22761482	0.21309047920894783	1560
cg03793937	0.21309039902402274	1560
cg15363957	0.2130896089178359	1560
cg12152068	0.21308902275429528	1560
cg18819620	0.21308898692269498	1560
cg07795307	0.21308848308007391	1560
cg04146801	0.21308813982165822	1560
cg25322094	0.21308783766174683	1560
cg00393373	0.21308764395595986	1560
cg12134798	0.21308572550364524	1560
cg07694985	0.21308409680037857	1560
cg03969079	0.2130837163900198	1560
cg24052284	0.21308340745138968	1560
cg16445190	0.21308247955437268	1560
cg20818528	0.21308212515235517	1560
cg09632585	0.21308180901480833	1560
cg03262067	0.21308149341247126	1560
cg11692435	0.21308091462282455	1560
cg15973528	0.21308057785682413	1560
cg18569825	0.21308005133375435	1560
cg19944840	0.21307973583568737	1560
cg15245598	0.2130789782936065	1560
cg11598062	0.2130787981221799	1560
cg08922148	0.21307821240307284	1560
cg05300538	0.21307768440780042	1560
cg03096811	0.21307747986688838	1560
cg05418781	0.21307628433400758	1560
cg26643350	0.21307547620320144	1560
cg03658604	0.21307470891947428	1560
cg19103535	0.21307391938814282	1560
cg27460056	0.2130738316871779	1560
cg01508415	0.2130731286279358	1560
cg07576604	0.21307289719992661	1560
cg17381798	0.21307255137801306	1560
cg00062776	0.2130699118583021	1560
cg01927373	0.21306934457497345	1560
cg04739485	0.21306898201883254	1560
cg00982974	0.21306880071252624	1560
cg09129395	0.21306836689448952	1560
cg26349504	0.213067798118883	1560
cg14835876	0.21306630869192372	1560
cg15816959	0.21306608552285794	1560
cg18582556	0.21306581092097635	1560
cg14210094	0.21306443716004672	1560
cg26963272	0.21306351866252057	1560
cg25680645	0.21306305091064892	1560
cg07751270	0.2130629808069147	1560
cg12828462	0.2130622807017356	1560
cg25963032	0.21306223625143608	1560
cg24144651	0.21306193465052922	1560
cg19776611	0.2130617162715632	1560
cg25574769	0.21306134854079664	1560
cg08152504	0.21306120690483382	1560
cg01079118	0.21306074780405374	1560
cg05567408	0.2130599973109941	1560
cg01282374	0.21305963922227864	1560
cg03544657	0.21305935491387976	1560
cg12322852	0.21305906628387924	1560
cg02046881	0.21305886892413517	1560
cg21878598	0.2130578794884976	1560
cg22764380	0.21305769022217727	1560
cg22264251	0.21305737017540716	1560
cg18184941	0.2130571770716611	1560
cg13041470	0.21305534262985565	1560
cg23494936	0.2130531673121652	1560
cg21315874	0.2130527174861125	1560
cg13168447	0.21305265435176204	1560
cg05743982	0.21305241662082208	1560
cg17334762	0.2130508367658707	1560
cg18877309	0.2130504871955037	1560
cg05168655	0.21304992390828806	1560
cg01748275	0.21304960015463079	1560
cg04902405	0.21304950139035816	1560
cg10613684	0.21304913351262764	1560
cg27185623	0.21304877899313332	1560
cg06999243	0.21304850296043013	1560
cg22772213	0.21304831864959342	1560
cg27163630	0.21304759517132646	1560
cg27437510	0.2130471599590194	1560
cg06459724	0.21304710810999994	1560
cg25184827	0.21304704485399478	1560
cg11701694	0.21304684617972083	1560
cg02993944	0.21304663184376768	1560
cg19181160	0.213046147889931	1560
cg01035238	0.21304604494562054	1560
cg18821144	0.21304537666292295	1560
cg15585843	0.21304520687929127	1560
cg26997905	0.2130448416524365	1560
cg10084251	0.21304481780085352	1560
cg00408365	0.21304471693316437	1560
cg01929367	0.21304422092375738	1560
cg14233861	0.21304342076116678	1560
cg25730440	0.21304306947520435	1560
cg12606391	0.21304289632369694	1560
cg10602135	0.21304247027022172	1560
cg00319334	0.21304183464729476	1560
cg10620577	0.21304168533004436	1560
cg03384318	0.2130412507882637	1560
cg27131834	0.21304058683156016	1560
cg22680066	0.21304054111934084	1560
cg21236414	0.2130404036700609	1560
cg18103031	0.21304010871689688	1560
cg07973309	0.21303862143267852	1560
cg04902833	0.2130385888824365	1560
cg23920603	0.21303846564254034	1560
cg09019457	0.21303827188322816	1560
cg04398610	0.21303769727791072	1560
cg07793163	0.21303728300590272	1560
cg03016571	0.2130367538987644	1560
cg13963735	0.21303628493986654	1560
cg16635592	0.21303564131381025	1560
cg02317018	0.21303547021949967	1560
cg02302035	0.21303528386766318	1560
cg21634261	0.2130341480737778	1560
cg24445507	0.21303293038786217	1560
cg16759954	0.2130321659898334	1560
cg21253087	0.21303173313325283	1560
cg23296684	0.21303097918341965	1560
cg11874730	0.213030853581383	1560
cg04263024	0.21303053536217612	1560
cg18123753	0.21303030047644017	1560
cg04038601	0.21303028945737348	1560
cg04093821	0.21302998842455587	1560
cg22042908	0.21302967358171357	1560
cg08619533	0.21302851893236	1560
cg01183991	0.21302808394669784	1560
cg03010092	0.21302665415457406	1560
cg21070669	0.21302631222978508	1560
cg08426951	0.21302628844808888	1560
cg09043962	0.21302621453114237	1560
cg02072899	0.2130258854311272	1560
cg20768429	0.21302556817251944	1560
cg23466118	0.21302545356389305	1560
cg02482624	0.21302533041593977	1560
cg25998512	0.21302466626734035	1560
cg10196029	0.2130227578480471	1560
cg02443967	0.21302267769493902	1560
cg13464157	0.2130223342442005	1560
cg07876882	0.21302217643719337	1560
cg02490942	0.21302193383944296	1560
cg22024497	0.2130217405985678	1560
cg01623343	0.21302157326113422	1560
cg11460641	0.2130212571391337	1560
cg06895103	0.21302122171673268	1560
cg05025427	0.21302107462990824	1560
cg17107307	0.2130205686044693	1560
cg20465899	0.2130204303733033	1560
cg19627910	0.21302023429108197	1560
cg03541365	0.21302004483044418	1560
cg00182877	0.21302002663943329	1560
cg01755266	0.21301973753084918	1560
cg14916151	0.2130196948461312	1560
cg06185850	0.21301707217692287	1560
cg18855356	0.2130152635661436	1560
cg26645494	0.21301475983215992	1560
cg24725185	0.21301470267917652	1560
cg14354881	0.21301448494505607	1560
cg15726896	0.2130140084403727	1560
cg04055874	0.21301385082902405	1560
cg06446372	0.2130136145041928	1560
cg02931410	0.21301329183113388	1560
cg10680180	0.21301309738498989	1560
cg14986362	0.2130115083770713	1560
cg02382221	0.21301071594872945	1560
cg16998016	0.21301036173030172	1560
cg18887969	0.21301003440443017	1560
cg21272473	0.2130094902013037	1560
cg04824022	0.21300944013630074	1560
cg15283164	0.21300904869466836	1560
cg17693013	0.21300854764331087	1560
cg16565061	0.21300684469390938	1560
cg24418621	0.21300632764334634	1560
cg22442686	0.21300624770139184	1560
cg19539664	0.2130062188228787	1560
cg27438456	0.21300493930626008	1560
cg09340615	0.21300475005285552	1560
cg05329480	0.2130046878297463	1560
cg07001909	0.21300393151158542	1560
cg26561721	0.21300308801665271	1560
cg03479278	0.21300225033774056	1560
cg27331759	0.21300173563697986	1560
cg00530320	0.2130016483333315	1560
cg17296053	0.21300084701352273	1560
cg17744605	0.21300007764489975	1560
cg16629076	0.21300002219772274	1560
cg26469903	0.21299913853141295	1560
cg25061697	0.21299775007137067	1560
cg14653325	0.21299763695191823	1560
cg18497502	0.21299707211878477	1560
cg04833210	0.21299697882847873	1560
cg08684959	0.21299663256794524	1560
cg27354296	0.21299635166286146	1560
cg00071575	0.2129953485699561	1560
cg15471197	0.2129948606307952	1560
cg00134563	0.21299366430619354	1560
cg09779537	0.21299345755652374	1560
cg00260818	0.21299333751710908	1560
cg01169746	0.21299319957492135	1560
cg25456968	0.21299302210483562	1560
cg05838160	0.21299223331709266	1560
cg03867037	0.21299007671609094	1560
cg01533057	0.21299001518250008	1560
cg21768395	0.21298997546589118	1560
cg12972686	0.21298922653235647	1560
cg08377550	0.21298868175063357	1560
cg25609036	0.21298790830411066	1560
cg21857843	0.21298777809934055	1560
cg14054357	0.212987651757867	1560
cg14958291	0.2129872415624214	1560
cg20391321	0.2129867280295411	1560
cg04066316	0.21298578981067082	1560
cg06537744	0.21298501602737757	1560
cg04002822	0.2129849357754673	1560
cg19893032	0.21298490629083405	1560
cg13541552	0.21298396201649594	1560
cg20260559	0.21298317523873433	1560
cg01260820	0.21298286035574415	1560
cg27083891	0.21298225181258593	1560
cg10052038	0.21298160992486642	1560
cg01162549	0.21297968748969653	1560
cg04585506	0.21297958343686374	1560
cg14461586	0.21297889147279814	1560
cg18195276	0.21297823579869468	1560
cg14418963	0.21297821444969434	1560
cg06809635	0.21297780988490336	1560
cg04818343	0.21297733921915235	1560
cg13697578	0.21297729069036253	1560
cg15376229	0.21297714369517445	1560
cg04135242	0.21297693651867147	1560
cg06855182	0.21297564054932913	1560
cg02728342	0.21297497378854532	1560
cg18136122	0.21297448186596799	1560
cg04309071	0.21297392067402576	1560
cg01203924	0.21297240907942847	1560
cg06746017	0.2129714512229291	1560
cg03834919	0.21297112595509463	1560
cg11836884	0.21297036372012285	1560
cg26458775	0.2129702736762135	1560
cg24994611	0.21296987305032444	1560
cg20567361	0.21296901226544296	1560
cg02666627	0.212968604800722	1560
cg12397349	0.21296849309423938	1560
cg17515462	0.21296837376133732	1560
cg20781201	0.21296709541204584	1560
cg01448194	0.21296684531568297	1560
cg11692181	0.2129662195402517	1560
cg05991342	0.21296549673667234	1560
cg15874698	0.21296518829440622	1560
cg22778843	0.2129642614512337	1560
cg05347173	0.21296364436644827	1560
cg18961388	0.21296267844300815	1560
cg10969343	0.21296249536650333	1560
cg13888965	0.2129590421902932	1560
cg22228754	0.21295880516904855	1560
cg03897602	0.21295877710873817	1560
cg23620076	0.2129583733821838	1560
cg06147087	0.2129579461105552	1560
cg16758084	0.21295787579841025	1560
cg09902448	0.2129571062522902	1560
cg20417115	0.2129569360990766	1560
cg23957118	0.21295649618783793	1560
cg02605178	0.21295614587123027	1560
cg26734215	0.21295605952235896	1560
cg10044431	0.2129534238295638	1560
cg12379954	0.21295335044404987	1560
cg16309460	0.21295317590429458	1560
cg03662254	0.21295255303997487	1560
cg21686797	0.21295174915683343	1560
cg17676835	0.2129515019445793	1560
cg00659527	0.21295085246612824	1560
cg18758572	0.21294915531592043	1560
cg00469395	0.21294889002987313	1560
cg12665553	0.21294843952963047	1560
cg14353527	0.2129483401185964	1560
cg14388982	0.21294781687474632	1560
cg01852992	0.21294735700299136	1560
cg08687494	0.21294553451924586	1560
cg09361751	0.21294516683844958	1560
cg13228715	0.2129434353814457	1560
cg00615414	0.21294201540521412	1560
cg10536346	0.21294152556241885	1560
cg03202803	0.21294150888291552	1560
cg07718471	0.21294139236119758	1560
cg18925726	0.21294073798867905	1560
cg02937102	0.21294065793258848	1560
cg02560380	0.2129405042562265	1560
cg16436377	0.21294028697463152	1560
cg11236520	0.21293863674117433	1560
cg03211381	0.21293796160861245	1560
cg15672065	0.212937671588712	1560
cg09091273	0.2129375165845879	1560
cg26786253	0.21293725057796237	1560
cg09066997	0.21293642249699593	1560
cg17921484	0.21293611935164686	1560
cg21877216	0.2129357308546742	1560
cg10963426	0.21293445378890857	1560
cg25296745	0.21293367218632053	1560
cg19930314	0.21293365545473902	1560
cg05659420	0.21293230291005216	1560
cg07770560	0.21293201099636255	1560
cg17894293	0.21293166590448043	1560
cg12427264	0.212931556279137	1560
cg01714440	0.21293131795960168	1560
cg23121203	0.21293062331180213	1560
cg08527467	0.21293033391562413	1560
cg09614629	0.2129303176005214	1560
cg13772072	0.21292987455196433	1560
cg03162810	0.21292937516721083	1560
cg19251291	0.21292882598989626	1560
cg06302295	0.21292880216579532	1560
cg04078728	0.21292879637425652	1560
cg20716738	0.21292827435227027	1560
cg03824533	0.2129282106848022	1560
cg20949198	0.21292728129980074	1560
cg07943766	0.2129269565103327	1560
cg10470200	0.21292644133312605	1560
cg09828538	0.2129253847494786	1560
cg13858687	0.21292533859315424	1560
cg16691251	0.21292468769258324	1560
cg15665090	0.21292307877214958	1560
cg02805690	0.21292279250236673	1560
cg06569421	0.2129217986963759	1560
cg10516465	0.2129208777358159	1560
cg03888992	0.2129196940688094	1560
cg05121379	0.21291916998957136	1560
cg24726553	0.21291856679579788	1560
cg13325231	0.2129175927804614	1560
cg04998589	0.21291638266705165	1560
cg23244605	0.21291616065556482	1560
cg12561934	0.2129161366718656	1560
cg16088116	0.21291572407619694	1560
cg13146874	0.2129149097382852	1560
cg07839371	0.2129146368968108	1560
cg00434991	0.21291310457874837	1560
cg01943337	0.2129125608700871	1560
cg00287541	0.2129120405915624	1560
cg05175158	0.212911742987057	1560
cg13908518	0.21291112077757102	1560
cg08878188	0.2129108864188704	1560
cg05757843	0.2129094393359369	1560
cg18218112	0.21290792451463153	1560
cg12775934	0.21290756278380155	1560
cg00540449	0.21290618466845213	1560
cg20068027	0.21290574003271173	1560
cg25178246	0.2129057098786545	1560
cg25478037	0.21290538050568183	1560
cg17223645	0.21290533670281483	1560
cg02716833	0.21290514376659095	1560
cg06789545	0.21290505396184234	1560
cg19308367	0.21290414846779823	1560
cg08469083	0.21290411437408494	1560
cg05554906	0.2129036874461133	1560
cg26355072	0.21290332626502997	1560
cg23365178	0.21290274574548826	1560
cg17099815	0.21290249012119203	1560
cg26972207	0.21290203404449276	1560
cg17041185	0.21290193602582005	1560
cg11077225	0.21290143168599981	1560
cg10189362	0.21290074246491986	1560
cg02465427	0.21290031074416338	1560
cg01725864	0.212899483014171	1560
cg22326929	0.2128962972774468	1560
cg11494887	0.21289505211531637	1560
cg00578690	0.21289476430900978	1560
cg08337835	0.21289450689189057	1560
cg11607882	0.2128934897391377	1560
cg21253188	0.21289345475075627	1560
cg17050810	0.21289249599097285	1560
cg19900235	0.21289218027801546	1560
cg10176258	0.21289179140754438	1560
cg21009978	0.21289176137327886	1560
cg00338758	0.21289011733946298	1560
cg08518839	0.21288922366972596	1560
cg19375336	0.2128888482498158	1560
cg21127109	0.21288831250298496	1560
cg27154510	0.21288764583826736	1560
cg00523532	0.2128873899816568	1560
cg01942790	0.21288719005139906	1560
cg02044161	0.2128871646549054	1560
cg08272105	0.21288690882399838	1560
cg15713809	0.21288661717557586	1560
cg24265722	0.21288612402504636	1560
cg17831934	0.21288598369467568	1560
cg03667405	0.21288501045920766	1560
cg23659308	0.2128845569025265	1560
cg18170070	0.21288451173929548	1560
cg20609679	0.21288438231499396	1560
cg04729814	0.21288432823783346	1560
cg12443452	0.21288417458470885	1560
cg19621628	0.21288403235369693	1560
cg03244438	0.21288346804742103	1560
cg20250336	0.21288319443521603	1560
cg00154950	0.21288319260918398	1560
cg06214831	0.2128829804623409	1560
cg00892255	0.21288297981417914	1560
cg08532998	0.2128829637853068	1560
cg03572619	0.21288274210486702	1560
cg21605320	0.21288272478151543	1560
cg26794938	0.21288187753368754	1560
cg22402701	0.21288136930786558	1560
cg18299793	0.21288038019363462	1560
cg11951433	0.21287992371151285	1560
cg14949271	0.2128791086235535	1560
cg15685889	0.21287904165034843	1560
cg23543760	0.21287850617550114	1560
cg26405979	0.21287826792418624	1560
cg03265579	0.21287777292912682	1560
cg10386887	0.2128774001493043	1560
cg24793584	0.2128770833404158	1560
cg16285566	0.21287531863389914	1560
cg01006332	0.21287423061587415	1560
cg02765343	0.21287383114951225	1560
cg12333210	0.21287338107418624	1560
cg25473181	0.21287296675605058	1560
cg25340432	0.21287287650157274	1560
cg13429435	0.21287287114617054	1560
cg02893490	0.21287254155898727	1560
cg04764474	0.21287250222170884	1560
cg04688645	0.21287099357072278	1560
cg27649897	0.21287098534460147	1560
cg04132353	0.21287062445927774	1560
cg21045072	0.21287004335671567	1560
cg03704653	0.21286983373048207	1560
cg04746240	0.21286964482179666	1560
cg19203203	0.21286839686494716	1560
cg04548956	0.21286728063641158	1560
cg12032533	0.21286722987064935	1560
cg22512163	0.2128670374571032	1560
cg19443418	0.2128669632265219	1560
cg18619409	0.21286680318070972	1560
cg07496962	0.21286582508731516	1560
cg07810114	0.21286578555859417	1560
cg07394400	0.21286575989630607	1560
cg04218278	0.21286527277575845	1560
cg22759234	0.21286488875488435	1560
cg14119201	0.21286481158609688	1560
cg24863569	0.212864744020114	1560
cg25015260	0.212864578285802	1560
cg18413116	0.2128634873961927	1560
cg18531351	0.2128629565090335	1560
cg12839363	0.21286292681378063	1560
cg26971928	0.21286251935436964	1560
cg13981034	0.21286164512427458	1560
cg15627834	0.21286074244722825	1560
cg27072212	0.212858724369538	1560
cg10020928	0.21285861798513847	1560
cg26642369	0.21285748495968485	1560
cg20840926	0.21285621217953665	1560
cg11962997	0.21285605518964223	1560
cg25174455	0.21285494158395898	1560
cg21184116	0.21285476007444515	1560
cg21555085	0.21285391619274974	1560
cg11092268	0.2128532055799017	1560
cg17900047	0.21285239161356284	1560
cg22138822	0.21285184614263417	1560
cg03517252	0.2128512259539407	1560
cg03244587	0.21285033365990189	1560
cg09966112	0.21285029006938772	1560
cg05701706	0.21284961105991743	1560
cg12562660	0.21284879324615819	1560
cg04445849	0.21284820561100495	1560
cg07183320	0.2128479174696676	1560
cg27185684	0.21284772764334217	1560
cg05298026	0.2128468674896004	1560
cg06545967	0.21284540141640768	1560
cg02386354	0.21284525788532335	1560
cg04023434	0.2128451509224683	1560
cg17972789	0.21284487083936457	1560
cg27523842	0.21284323218139406	1560
cg02157637	0.21284319264212276	1560
cg22800400	0.21284126747248905	1560
cg20934096	0.21284126123991878	1560
cg01239666	0.21284081212342265	1560
cg12379046	0.2128407844469549	1560
cg01788221	0.21284011714822687	1560
cg05950276	0.21284011645392512	1560
cg02173072	0.212837257380287	1560
cg11631275	0.21283704963890976	1560
cg07867517	0.21283677601876633	1560
cg26393183	0.2128366417183109	1560
cg15134553	0.21283634500063842	1560
cg08177625	0.2128350345787865	1560
cg00219151	0.21283484244889433	1560
cg07955051	0.21283452040424886	1560
cg16502686	0.21283389985110251	1560
cg26141336	0.21283325913870435	1560
cg25863070	0.2128329023909875	1560
cg20915897	0.21283180475560282	1560
cg15637528	0.2128308565430606	1560
cg08162224	0.2128299979764861	1560
cg10023915	0.21282952765347685	1560
cg11570484	0.21282943384045586	1560
cg01684901	0.21282903130837563	1560
cg09326529	0.2128285110326788	1560
cg14364474	0.212828437392407	1560
cg18695221	0.21282815822918802	1560
cg00245032	0.21282813740272252	1560
cg11315544	0.21282799361170443	1560
cg14726357	0.2128277685111024	1560
cg02957924	0.2128273491003767	1560
cg17935616	0.2128272478485565	1560
cg21496803	0.21282717735963425	1560
cg25308354	0.21282660393688724	1560
cg23757341	0.2128264952923859	1560
cg14347275	0.21282596207543997	1560
cg23229110	0.21282595565994789	1560
cg23839914	0.2128253917420224	1560
cg24769158	0.21282500863619955	1560
cg21933989	0.2128232838034131	1560
cg01471837	0.21282279627358727	1560
cg03644238	0.21282251004727332	1560
cg26344250	0.21282173036504118	1560
cg12577647	0.21282164836378492	1560
cg01815074	0.21282162029725524	1560
cg09404193	0.21282153678711288	1560
cg18776472	0.21282143695845118	1560
cg04156650	0.21282068099104373	1560
cg26688241	0.21282057830643347	1560
cg08619528	0.21282032211561186	1560
cg14436792	0.21281916371774617	1560
cg11151193	0.21281750399879668	1560
cg03514934	0.21281681795635893	1560
cg05762221	0.21281590180985638	1560
cg00843117	0.21281328523265167	1560
cg02648581	0.21281265681406505	1560
cg11845274	0.21281195267615108	1560
cg17513787	0.21281145240694935	1560
cg14314896	0.21281106228184268	1560
cg11367401	0.2128104180406533	1560
cg11909340	0.21281005826528016	1560
cg13451433	0.2128092386372625	1560
cg08036764	0.2128087675572823	1560
cg07133065	0.21280833342231073	1560
cg19643665	0.21280812725866913	1560
cg10896676	0.21280701929082926	1560
cg08490690	0.21280600975760555	1560
cg07141950	0.21280474546061992	1560
cg05585513	0.212804628056804	1560
cg22912101	0.21280439730655049	1560
cg14335687	0.2128043094859526	1560
cg27171474	0.21280412009407873	1560
cg10950949	0.21280406529477522	1560
cg03943594	0.21280245653486912	1560
cg07222844	0.21280160477921564	1560
cg26419477	0.2128015581076085	1560
cg06038280	0.21280138878191474	1560
cg27032353	0.21280116129668922	1560
cg04079263	0.2128006178721863	1560
cg00635382	0.21280023126376785	1560
cg16235531	0.2127998730978029	1560
cg18401391	0.21279960311351817	1560
cg05323898	0.21279861042758483	1560
cg05031845	0.21279827284493844	1560
cg25750451	0.21279825096904725	1560
cg12873612	0.21279806946838695	1560
cg13380906	0.21279787235930964	1560
cg10536462	0.21279762478815775	1560
cg12753125	0.21279743709642646	1560
cg26300787	0.2127958243820753	1560
cg08353955	0.2127951835984924	1560
cg26471371	0.21279483527273735	1560
cg14860928	0.21279439037815942	1560
cg04895205	0.2127943543461567	1560
cg13476325	0.21279401691309938	1560
cg00994876	0.21279354807573353	1560
cg19824037	0.21279300499820972	1560
cg22886649	0.2127925183675331	1560
cg22788485	0.21279210212905741	1560
cg11511562	0.21279194839133442	1560
cg12593776	0.21279190458348798	1560
cg26295626	0.21279125713866237	1560
cg14047153	0.21279028125884278	1560
cg00582308	0.21278953523976665	1560
cg02112608	0.21278949710704292	1560
cg24223887	0.2127881853235798	1560
cg15882726	0.2127871565388518	1560
cg05038396	0.2127862170920866	1560
cg17349461	0.2127847406628694	1560
cg11682395	0.21278419702996848	1560
cg07919431	0.21278414756054956	1560
cg01149768	0.21278405775139142	1560
cg08633242	0.21278373790821975	1560
cg00702148	0.21278297287325418	1560
cg23938553	0.21278217106796624	1560
cg12316290	0.21278155703206922	1560
cg06268510	0.21278102027344406	1560
cg12294260	0.2127800742411426	1560
cg24042899	0.21277842145521708	1560
cg21331417	0.2127780032027972	1560
cg22822048	0.21277762316979434	1560
cg12885432	0.21277707093157086	1560
cg05889222	0.21277677387363275	1560
cg09846818	0.2127766579803652	1560
cg03769992	0.21277662121152122	1560
cg02145319	0.21277628456228206	1560
cg27012291	0.21277548079508954	1560
cg14415829	0.21277530907953757	1560
cg26269196	0.21277497356425024	1560
cg27577760	0.2127748277140619	1560
cg13918626	0.2127747382577729	1560
cg12246608	0.2127741563190534	1560
cg03069902	0.21277378664145105	1560
cg12157281	0.2127737502776654	1560
cg10927271	0.21277316516194492	1560
cg15039797	0.2127727895316478	1560
cg25225464	0.21277272701876715	1560
cg06032855	0.2127718345358517	1560
cg19584027	0.21277119569457764	1560
cg06757383	0.21277064254221056	1560
cg11074088	0.2127705336754491	1560
cg03907174	0.2127699882871744	1560
cg09771054	0.21276929201395042	1560
cg19961809	0.21276800476004828	1560
cg26848300	0.2127664064940584	1560
cg00802484	0.21276593363042878	1560
cg12612065	0.21276535226473955	1560
cg05484222	0.21276476520264115	1560
cg00539398	0.21276383170847318	1560
cg16234274	0.21276372592257276	1560
cg18182587	0.21276280691429536	1560
cg10900049	0.21276250688518647	1560
cg10559633	0.21276249490049687	1560
cg13149573	0.21276188745595598	1560
cg26143053	0.2127616571140514	1560
cg22535628	0.21275991703238378	1560
cg22257101	0.21275966254882078	1560
cg17304635	0.2127594274327701	1560
cg19496155	0.21275795230838332	1560
cg06909547	0.2127578273135033	1560
cg17296120	0.21275710710543994	1560
cg10290200	0.2127569505500189	1560
cg07348339	0.21275624918186017	1560
cg24870688	0.21275572076034496	1560
cg04930982	0.21275518488460543	1560
cg20466291	0.21275398136152002	1560
cg10714160	0.21275273975149706	1560
cg18693015	0.21275253476528697	1560
cg11112833	0.21275234836504667	1560
cg22772180	0.21275224875642057	1560
cg12674490	0.21275168990986612	1560
cg04629247	0.2127505329381302	1560
cg26106118	0.21275034451787742	1560
cg15465607	0.2127500917345567	1560
cg13795838	0.21274998029405853	1560
cg17516963	0.2127495745006161	1560
cg06979110	0.2127494950617632	1560
cg08836375	0.21274883610029863	1560
cg25484127	0.2127486921597593	1560
cg27383365	0.21274784561026683	1560
cg15034683	0.21274777236231598	1560
cg10634358	0.21274760469611623	1560
cg04378830	0.21274757326977703	1560
cg09646946	0.21274695478845276	1560
cg20327341	0.21274669835398638	1560
cg00439735	0.21274664416321037	1560
cg02197608	0.21274496494161926	1560
cg24601489	0.2127449022415423	1560
cg20293609	0.21274475990877623	1560
cg01914107	0.21274400856189118	1560
cg07381228	0.21274364661035666	1560
cg22689848	0.21274322974549628	1560
cg15469014	0.212742388279015	1560
cg00988491	0.21274173477883582	1560
cg09249084	0.2127409169529806	1560
cg21673240	0.21274051872611868	1560
cg13761595	0.2127403795881398	1560
cg19083659	0.21274032056388262	1560
cg26540302	0.212739971336898	1560
cg15904054	0.2127393313585412	1560
cg27623451	0.21273898836123734	1560
cg04338735	0.21273778022032971	1560
cg08665079	0.21273709525478726	1560
cg14082737	0.21273692492724935	1560
cg07509252	0.21273656136288813	1560
cg18045290	0.21273507609699924	1560
cg22112912	0.21273503635394625	1560
cg27327475	0.21273493263331586	1560
cg12927641	0.21273458797203915	1560
cg22252970	0.21273451265717272	1560
cg14866866	0.21273422071679843	1560
cg03274539	0.2127340019002517	1560
cg16096865	0.21273364746489706	1560
cg18436491	0.2127330214204842	1560
cg25016635	0.2127324123405532	1560
cg01372202	0.21273214101195406	1560
cg19047077	0.2127318605382758	1560
cg14289643	0.21273157481913582	1560
cg25639557	0.21273101719462448	1560
cg26954245	0.2127302594777443	1560
cg07015081	0.2127297319446753	1560
cg08531260	0.21272940652911723	1560
cg07527556	0.21272927490021373	1560
cg26849909	0.21272892621921918	1560
cg04013810	0.21272879955651047	1560
cg02060717	0.21272847258679722	1560
cg18084923	0.21272702702709803	1560
cg18321423	0.21272673455551144	1560
cg22329286	0.2127260941648318	1560
cg13765237	0.212725172141484	1560
cg13396201	0.21272487114105001	1560
cg01839264	0.2127245123495028	1560
cg22225420	0.21272412175871774	1560
cg12598198	0.21272402946461072	1560
cg26864993	0.2127237748676177	1560
cg16358576	0.2127237386093631	1560
cg08578323	0.21272301183616796	1560
cg07968091	0.21272262992014748	1560
cg08478121	0.21272194715091916	1560
cg04040884	0.21272185788688303	1560
cg12053442	0.21272164684184316	1560
cg22273355	0.21272163970999808	1560
cg18130079	0.21272056497911973	1560
cg18226049	0.2127204001031658	1560
cg09785846	0.21272005053328263	1560
cg02215560	0.2127199769199215	1560
cg11823592	0.21271994612865902	1560
cg20268208	0.21271972415293713	1560
cg25380464	0.2127180242974733	1560
cg04055981	0.212717174746672	1560
cg21834001	0.21271640584280033	1560
cg21383697	0.21271631366572782	1560
cg00475456	0.21271609274620423	1560
cg07072878	0.21271585246672814	1560
cg09920531	0.21271540219753185	1560
cg17410857	0.2127150441864305	1560
cg11848157	0.21271502907189715	1560
cg03093194	0.2127143021780658	1560
cg10206039	0.21271284108563912	1560
cg06667316	0.21271245711192732	1560
cg05999828	0.21271228210002185	1560
cg08971724	0.21271179269025478	1560
cg23345930	0.21271144347343357	1560
cg13916895	0.2127109053936548	1560
cg24056954	0.21271046749024533	1560
cg07019009	0.21270985174578633	1560
cg08889014	0.21270757480271815	1560
cg06570447	0.21270747817867994	1560
cg11273848	0.21270686029550728	1560
cg14465355	0.21270638009144519	1560
cg13793681	0.21270621215617003	1560
cg00451898	0.2127061906425417	1560
cg12240515	0.21270610491078254	1560
cg10380762	0.21270605142394416	1560
cg03743861	0.21270591231636726	1560
cg14555669	0.21270574674394335	1560
cg15246460	0.2127046799405299	1560
cg01073918	0.21270467028230255	1560
cg06940838	0.21270455066179839	1560
cg08042027	0.21270280958211912	1560
cg07972159	0.21270099707122922	1560
cg10798164	0.2127009649927799	1560
cg07303931	0.21270090893316232	1560
cg01901624	0.21269978368947567	1560
cg12873037	0.21269934045034466	1560
cg15053706	0.21269920544549709	1560
cg05124440	0.21269849084137005	1560
cg08575972	0.2126984908368655	1560
cg24129103	0.21269832369037026	1560
cg26365110	0.21269829414049457	1560
cg13706613	0.21269803713632898	1560
cg11625077	0.2126976258317696	1560
cg16728225	0.2126970402417982	1560
cg11953417	0.2126966295540304	1560
cg00577364	0.21269606377585595	1560
cg09507697	0.21269593304376436	1560
cg11778362	0.21269514736534498	1560
cg19549391	0.212694851939279	1560
cg11172483	0.21269455205213555	1560
cg15888663	0.212694216308914	1560
cg10809880	0.21269409728482047	1560
cg26081062	0.21269395823957787	1560
cg02771886	0.21269315466885716	1560
cg06216634	0.2126930856689306	1560
cg25965888	0.2126923101098765	1560
cg19655950	0.21269186735886628	1560
cg09201525	0.2126917184678828	1560
cg06259818	0.2126914186015818	1560
cg18342814	0.21269023282316504	1560
cg22016513	0.2126891087279241	1560
cg03190929	0.21268882789872645	1560
cg00473985	0.21268876538333115	1560
cg13966558	0.21268835214628548	1560
cg23814223	0.21268795721591466	1560
cg05364141	0.21268782983420528	1560
cg15480630	0.21268755066390957	1560
cg03137566	0.21268749914088783	1560
cg22871233	0.21268613804585776	1560
cg22613905	0.21268491958736033	1560
cg22067676	0.21268460219203214	1560
cg23682215	0.21268452832737075	1560
cg00213189	0.21268403900255298	1560
cg09168939	0.21268393717605164	1560
cg20227860	0.2126836255501725	1560
cg15906515	0.21268290102456447	1560
cg14758740	0.2126821796550281	1560
cg26011633	0.2126812298934919	1560
cg23733608	0.21268076341535952	1560
cg20680798	0.21268048479702756	1560
cg01134157	0.21268021685914384	1560
cg15610529	0.2126790758966198	1560
cg01698177	0.21267818282726308	1560
cg19573580	0.21267744478306883	1560
cg24211779	0.21267582987506897	1560
cg24094848	0.21267319372548013	1560
cg18080694	0.2126725888016055	1560
cg02617551	0.21267084914959658	1560
cg07457272	0.21267051966655715	1560
cg08911638	0.21267036693592564	1560
cg16455945	0.2126702320501687	1560
cg22707999	0.21266946887902546	1560
cg02648746	0.21266909549081361	1560
cg12975539	0.21266905112601636	1560
cg16900589	0.21266852050075247	1560
cg08542308	0.2126684461379087	1560
cg17602102	0.2126682613813189	1560
cg13482814	0.21266818261787362	1560
cg23288078	0.21266809130762684	1560
cg04673498	0.21266784686577084	1560
cg20598634	0.2126672490381908	1560
cg06833656	0.21266700714388798	1560
cg25013138	0.2126663240371747	1560
cg20532559	0.21266629089773495	1560
cg19359767	0.21266569921234788	1560
cg26483809	0.21266564337936483	1560
cg14039999	0.21266492368629863	1560
cg12665736	0.21266486477226232	1560
cg08735549	0.2126646780092971	1560
cg27662204	0.21266452356901785	1560
cg02429595	0.21266382593374644	1560
cg03775437	0.21266346468694702	1560
cg02920514	0.21266287133079884	1560
cg20806676	0.21266229974629755	1560
cg17140133	0.2126619352868289	1560
cg02578462	0.2126617173244331	1560
cg03382346	0.21266170029199646	1560
cg04504715	0.21266115549186843	1560
cg15909613	0.2126608687269164	1560
cg24466421	0.2126601007278191	1560
cg05371620	0.21265996178535304	1560
cg07628073	0.21265918129249503	1560
cg08777167	0.21265916253440653	1560
cg10083218	0.21265898123686822	1560
cg17786661	0.21265706368022072	1560
cg22676901	0.21265631524072798	1560
cg20246820	0.21265539223451727	1560
cg18036984	0.21265513637050634	1560
cg25894939	0.21265510065758828	1560
cg22826449	0.21265493732184693	1560
cg06483517	0.21265455219809043	1560
cg07021523	0.21265427466882136	1560
cg02162578	0.21265398658261936	1560
cg00587180	0.21265331773151613	1560
cg15059429	0.2126529554688569	1560
cg00449738	0.21265273116899028	1560
cg06382132	0.21265255071884565	1560
cg05856777	0.21265253320347707	1560
cg10063047	0.21265228343886092	1560
cg06844984	0.2126519592238348	1560
cg09190795	0.21265155544499814	1560
cg12120845	0.21265143693533112	1560
cg24578004	0.21265121772899984	1560
cg20496311	0.21264993623537642	1560
cg00388471	0.21264918284713064	1560
cg02723688	0.2126488219217568	1560
cg05300156	0.21264807246462564	1560
cg00620921	0.21264729154352183	1560
cg06534197	0.21264631878590406	1560
cg06204623	0.21264615325525973	1560
cg26882429	0.21264603269136342	1560
cg24315840	0.21264597807754584	1560
cg26874450	0.21264562802781609	1560
cg03186514	0.21264556069877547	1560
cg11326510	0.21264552155877517	1560
cg19264325	0.21264541905465933	1560
cg08262429	0.21264492887732384	1560
cg05726556	0.21264483281786623	1560
cg23643360	0.2126441382463814	1560
cg07687029	0.21264279213091705	1560
cg05089903	0.21264273252911212	1560
cg08899531	0.21264236995846947	1560
cg16054018	0.21264115695274738	1560
cg26227935	0.21264018039593113	1560
cg05338567	0.21263993718304858	1560
cg24399111	0.21263946842701772	1560
cg15395491	0.21263857946615158	1560
cg00524289	0.21263839347372965	1560
cg01035789	0.21263831946902884	1560
cg16412789	0.21263774553741097	1560
cg07887939	0.21263769162162352	1560
cg11824693	0.21263750733194337	1560
cg15686167	0.21263694866575797	1560
cg01693539	0.21263670973953092	1560
cg13267718	0.21263575223409745	1560
cg08786822	0.21263545525592256	1560
cg16581075	0.21263533807137033	1560
cg17298005	0.21263525696240362	1560
cg19287320	0.212634567576092	1560
cg15370577	0.21263346678629486	1560
cg00091742	0.2126330547927237	1560
cg13603805	0.21263295802904358	1560
cg19476918	0.21263278556806442	1560
cg19605415	0.21263278024265894	1560
cg26423542	0.21263236074167793	1560
cg21339799	0.21263206550063735	1560
cg21596742	0.2126320514395172	1560
cg06803257	0.21262920254978368	1560
cg14157917	0.21262897011845655	1560
cg12149881	0.2126282565669271	1560
cg17211296	0.21262744721316643	1560
cg22964183	0.21262737623405692	1560
cg07099121	0.2126268560167619	1560
cg14938593	0.2126268325729274	1560
cg02905052	0.21262566048377526	1560
cg12818656	0.21262551657981657	1560
cg27479455	0.21262507458970276	1560
cg26904376	0.21262497967472524	1560
cg20153751	0.2126249742870397	1560
cg07644681	0.2126245939059238	1560
cg13451548	0.21262383020854833	1560
cg03925327	0.2126236382547112	1560
cg25162473	0.21262293322585274	1560
cg09976981	0.21262280127208472	1560
cg21583155	0.2126225525497511	1560
cg06731611	0.21262220968579013	1560
cg14274759	0.21262102395492272	1560
cg03140978	0.21262101403708727	1560
cg00255759	0.21262051714105606	1560
cg14986222	0.2126196699267653	1560
cg25438371	0.21261905423382288	1560
cg15229765	0.21261882862381618	1560
cg17248267	0.21261871811143793	1560
cg11655669	0.21261722357795723	1560
cg21347412	0.2126168928060117	1560
cg15859416	0.2126168407303368	1560
cg04011754	0.21261646641989856	1560
cg10098464	0.21261635200520287	1560
cg18884060	0.21261530485510627	1560
cg07664915	0.21261417364495264	1560
cg06615999	0.21261366088920905	1560
cg26453360	0.21261313837909893	1560
cg01767270	0.21261287247829613	1560
cg18278596	0.21261275630291376	1560
cg03610148	0.21261236183832166	1560
cg15576012	0.21261214030014725	1560
cg26529344	0.21261116896335386	1560
cg23150499	0.2126111242204502	1560
cg25970447	0.21261057322459012	1560
cg24202922	0.2126098090864136	1560
cg21880213	0.21260968697515534	1560
cg23925994	0.2126089956105531	1560
cg03109729	0.21260834757701072	1560
cg14504512	0.21260816657780937	1560
cg26592208	0.21260815534443664	1560
cg15576082	0.2126075049266976	1560
cg03981727	0.21260640970181302	1560
cg09376855	0.2126062963080985	1560
cg02734891	0.2126061027774288	1560
cg17651628	0.2126057058486286	1560
cg01435564	0.21260451151551907	1560
cg17820878	0.2126041461919811	1560
cg10311020	0.21260402631858505	1560
cg21190363	0.21260359261197115	1560
cg25610526	0.21260349928301206	1560
cg25841802	0.21260323225845573	1560
cg09316703	0.2126029449388961	1560
cg09218510	0.21260283394826043	1560
cg13649332	0.21260164483622215	1560
cg20661391	0.21260116964278034	1560
cg18478905	0.21260057739193758	1560
cg09106303	0.21260031313401173	1560
cg20848785	0.2125999971502133	1560
cg13803765	0.21259979158093872	1560
cg04143211	0.21259825438368074	1560
cg01189926	0.21259816481170524	1560
cg22561567	0.21259763702902343	1560
cg04557423	0.21259747089951672	1560
cg21233506	0.21259746904875343	1560
cg17685115	0.21259710420947112	1560
cg02584319	0.21259706659305752	1560
cg23376085	0.21259648003516865	1560
cg01966801	0.21259627540926657	1560
cg04359022	0.21259583025969564	1560
cg13909076	0.21259541898733558	1560
cg05043047	0.2125953303907077	1560
cg27531642	0.21259526485036534	1560
cg21863016	0.21259526356403852	1560
cg10612285	0.21259475071703693	1560
cg11607742	0.21259464172361184	1560
cg24193635	0.2125946191641602	1560
cg12740267	0.2125942171799726	1560
cg16142824	0.2125936398444291	1560
cg17802486	0.21259332439126194	1560
cg16538964	0.21259282021476883	1560
cg12448539	0.21259243046088308	1560
cg26200347	0.21259189679701268	1560
cg07768372	0.21259188997948145	1560
cg20296404	0.21259180650926385	1560
cg15421933	0.2125914020275725	1560
cg23237611	0.21259076898145102	1560
cg21664781	0.21259063833176658	1560
cg06504205	0.21258990272603306	1560
cg18361730	0.212589780834996	1560
cg21801549	0.21258831157332558	1560
cg09993715	0.2125879474864207	1560
cg08632007	0.2125877277194568	1560
cg23230209	0.21258727598060467	1560
cg08314387	0.21258726622133298	1560
cg17339145	0.2125867430185281	1560
cg16392729	0.2125867254886263	1560
cg16915676	0.2125865137547635	1560
cg24187415	0.2125865012179278	1560
cg26365784	0.2125862942363722	1560
cg09317752	0.21258496685827996	1560
cg15154339	0.2125848952180675	1560
cg06360614	0.21258485486972145	1560
cg03078819	0.21258481713320396	1560
cg05494439	0.21258469723165138	1560
cg27292290	0.21258436692345528	1560
cg01053763	0.2125835649578203	1560
cg04385598	0.21258319808310086	1560
cg26764764	0.21258318247031327	1560
cg05398321	0.21258303784446753	1560
cg14086691	0.21258278763843821	1560
cg19505196	0.21258194653400808	1560
cg22319160	0.21258131521078796	1560
cg25054929	0.21257849365243653	1560
cg19016171	0.21257724418865268	1560
cg14159526	0.21257706718745628	1560
cg24327723	0.2125769878827421	1560
cg17051591	0.21257696070194942	1560
cg19040145	0.21257672724955115	1560
cg13976657	0.21257664390978145	1560
cg15473314	0.21257652106762567	1560
cg08270734	0.21257576527768143	1560
cg04751628	0.2125755518851592	1560
cg22110650	0.2125752005235849	1560
cg24136563	0.2125746141381992	1560
cg26995915	0.21257360524763702	1560
cg11075415	0.21257347215476896	1560
cg20712955	0.2125731063432498	1560
cg19472956	0.21257301743668583	1560
cg17633639	0.21257215608143837	1560
cg09505337	0.21257187614775122	1560
cg05348668	0.2125717161168049	1560
cg17585089	0.2125702652123948	1560
cg08556445	0.21257009997586984	1560
cg05396688	0.21256995586895155	1560
cg11729411	0.2125695359500521	1560
cg24748238	0.21256733762500646	1560
cg00554352	0.21256692606214447	1560
cg09796270	0.21256512196645097	1560
cg21147944	0.21256461901997997	1560
cg08111714	0.21256355676673513	1560
cg06746453	0.21256340629754797	1560
cg18681287	0.21256313032342627	1560
cg00260235	0.21256300908833792	1560
cg25532751	0.212561095426961	1560
cg02899190	0.21256106572440014	1560
cg13543286	0.2125602446421352	1560
cg21640261	0.2125592558382075	1560
cg19398365	0.21255875015379852	1560
cg19429280	0.21255865715650396	1560
cg08299745	0.21255806402831692	1560
cg24865017	0.2125567239971838	1560
cg26286281	0.21255530497433947	1560
cg05984045	0.21255311691886888	1560
cg04642170	0.2125526207066498	1560
cg00512425	0.2125525084325884	1560
cg24061105	0.21255215351766268	1560
cg11544115	0.21255207946099447	1560
cg04389439	0.21255189929073495	1560
cg21507109	0.21255189351282663	1560
cg19097374	0.2125509864219442	1560
cg24301480	0.21255089606945263	1560
cg14534739	0.21255061434391012	1560
cg14864276	0.21254991962588604	1560
cg22348578	0.21254981333081663	1560
cg19187653	0.21254963246102052	1560
cg03427317	0.21254869448983799	1560
cg14349144	0.21254803701899982	1560
cg16178622	0.21254799104326086	1560
cg00709541	0.2125477354442507	1560
cg05059749	0.21254691958334443	1560
cg02350295	0.21254387767269728	1560
cg02434736	0.21254334490835852	1560
cg14611666	0.21254319785754605	1560
cg25329072	0.21254301363342032	1560
cg00613914	0.2125423531649488	1560
cg07692288	0.21254216178612906	1560
cg02552079	0.2125421334514818	1560
cg09815235	0.21254178982924293	1560
cg16782974	0.21254064910285692	1560
cg09919756	0.21254053881823942	1560
cg25105842	0.21254044981366804	1560
cg10862567	0.21253985547784887	1560
cg27641801	0.2125391043376862	1560
cg18569864	0.21253905028459955	1560
cg16686839	0.21253856579668068	1560
cg16444922	0.21253742951060814	1560
cg26003814	0.21253661414432698	1560
cg25384473	0.21253586171416353	1560
cg15061086	0.21253583010749166	1560
cg17749356	0.21253538158656543	1560
cg20214734	0.21253533330708393	1560
cg11956908	0.21253527216019152	1560
cg02674925	0.21253511796408725	1560
cg13303682	0.21253485950561868	1560
cg17625535	0.21253431996848093	1560
cg21008928	0.2125341224956675	1560
cg17944981	0.21253399763453273	1560
cg11425629	0.2125336375468753	1560
cg06880664	0.21253316107435957	1560
cg26830902	0.21253123600910154	1560
cg21683025	0.21253090678657918	1560
cg14668516	0.21253081807425936	1560
cg12065406	0.21252984637768335	1560
cg12947103	0.21252970941744193	1560
cg04069576	0.21252933751535405	1560
cg27542948	0.21252917731729046	1560
cg16597438	0.2125289279570234	1560
cg13820573	0.21252798566897088	1560
cg07341788	0.21252791921394087	1560
cg14571714	0.21252697419855043	1560
cg16491103	0.21252615992652463	1560
cg10690283	0.21252525517864249	1560
cg06208130	0.2125247028347942	1560
cg04258751	0.21252387008993537	1560
cg07794230	0.2125237628289678	1560
cg03664916	0.21252369074049302	1560
cg05490565	0.21252302582608795	1560
cg05872609	0.21252218044093266	1560
cg10108591	0.21252204711752257	1560
cg03929531	0.21252202499348236	1560
cg21941618	0.212521722445251	1560
cg17174836	0.2125208827818948	1560
cg21371900	0.21252071575703796	1560
cg27444609	0.21252055126446126	1560
cg05267893	0.21251941206886552	1560
cg05232852	0.21251933781425503	1560
cg18492997	0.21251767420222142	1560
cg14828673	0.2125172286327194	1560
cg05142592	0.21251678023838805	1560
cg16260610	0.21251587921855736	1560
cg24776407	0.21251572145419748	1560
cg02821149	0.21251425079645486	1560
cg24081623	0.21251400963064043	1560
cg05285589	0.21251342146734173	1560
cg14554539	0.21251326389994796	1560
cg10761372	0.21251307489499577	1560
cg10102745	0.2125127082827059	1560
cg05218653	0.21251153701910028	1560
cg08466401	0.21251034816570272	1560
cg03364498	0.21250991523231946	1560
cg13458659	0.2125097471261248	1560
cg12040834	0.2125097380251052	1560
cg16585820	0.21250972315939953	1560
cg20714708	0.21250907225359394	1560
cg23440144	0.21250906504687578	1560
cg23523659	0.21250868900020997	1560
cg17165158	0.2125085570127365	1560
cg12328582	0.21250815296591907	1560
cg02786269	0.2125079064651354	1560
cg04932205	0.21250781792235224	1560
cg00418303	0.2125071896332764	1560
cg02792460	0.21250703019631695	1560
cg01175605	0.21250665325217818	1560
cg09636263	0.2125058124560846	1560
cg07754117	0.21250571198435558	1560
cg02763183	0.21250443493548166	1560
cg23817336	0.21250433728832666	1560
cg07288347	0.21250395879255785	1560
cg07021331	0.2125030221292897	1560
cg22249046	0.21250280467065585	1560
cg13910583	0.2125027986566148	1560
cg18191867	0.21250277155503924	1560
cg11319427	0.2125025319992321	1560
cg25405238	0.21250223893870804	1560
cg03166514	0.21250166790410033	1560
cg13786722	0.21250126890243753	1560
cg21837490	0.21250118763654918	1560
cg15379837	0.21250084577338452	1560
cg06745566	0.21250060581840355	1560
cg04617012	0.21249969403038177	1560
cg08903077	0.21249950649658667	1560
cg20830699	0.21249939217394076	1560
cg15954363	0.2124991646047092	1560
cg18856758	0.21249843728027595	1560
cg14485103	0.21249741797719	1560
cg09632029	0.21249625722148802	1560
cg17055734	0.212495018059859	1560
cg03785806	0.21249455275601406	1560
cg09901106	0.21249451119963586	1560
cg16616348	0.2124937456216314	1560
cg15329124	0.2124922721394733	1560
cg21174344	0.2124916578259583	1560
cg27343976	0.21249101672285514	1560
cg12075964	0.21249096686852179	1560
cg20574550	0.21249048454156683	1560
cg20476171	0.21249044696040795	1560
cg01369033	0.2124904412832402	1560
cg25568114	0.21248893781832875	1560
cg12917253	0.2124887726482122	1560
cg11237951	0.21248702504765002	1560
cg22083335	0.21248699605106677	1560
cg08879099	0.21248577742185107	1560
cg24333596	0.21248547027240441	1560
cg25460340	0.2124849956767911	1560
cg02435498	0.21248488626152892	1560
cg00146612	0.21248448524052316	1560
cg25742458	0.21248427735456066	1560
cg24570912	0.21248213812535557	1560
cg00723277	0.21248164752043644	1560
cg10334121	0.21248141932025674	1560
cg27628932	0.21248129109265954	1560
cg08056423	0.21248116167999456	1560
cg16463044	0.21248103226522955	1560
cg08889234	0.21248076636385738	1560
cg00664743	0.21247927265675337	1560
cg03411742	0.2124784201251197	1560
cg15239145	0.21247593655346514	1560
cg08224852	0.21247546883720478	1560
cg13517737	0.21247525775426718	1560
cg15833711	0.2124749493971861	1560
cg09229931	0.21247314089788996	1560
cg06676006	0.21247266750404442	1560
cg10313043	0.21247241571336972	1560
cg21118881	0.21247206758505907	1560
cg18484212	0.21247187426626601	1560
cg01924481	0.21247109924274457	1560
cg21434355	0.21247083631805122	1560
cg01002508	0.21247055670012527	1560
cg26616609	0.2124702554066196	1560
cg02218260	0.21247025032292996	1560
cg18122501	0.21247000386696901	1560
cg03755955	0.21246989380227183	1560
cg19414780	0.21246879648226438	1560
cg04994970	0.21246618042201013	1560
cg08261841	0.21246610681632486	1560
cg12111808	0.21246563462560483	1560
cg17311063	0.21246555563336916	1560
cg00670339	0.21246553500654464	1560
cg25939020	0.21246538875081386	1560
cg17269169	0.2124650068658389	1560
cg19499709	0.2124647736516581	1560
cg03669198	0.21246455748995677	1560
cg01541398	0.21246447763707613	1560
cg15479741	0.21246232618540328	1560
cg01814495	0.2124621605250054	1560
cg06631999	0.21246182988888496	1560
cg25637520	0.2124614560073143	1560
cg14541460	0.212461216350038	1560
cg02384501	0.21246103228529117	1560
cg06900546	0.21246076603601352	1560
cg24030620	0.21246064609632473	1560
cg27469019	0.2124598618648226	1560
cg17456471	0.21245916745641652	1560
cg10390979	0.2124590408734903	1560
cg13228041	0.2124568012438005	1560
cg00184512	0.2124558742339908	1560
cg03704355	0.21245506755120228	1560
cg20050484	0.21245435487693468	1560
cg13678479	0.2124537188491264	1560
cg13550877	0.21245265209667502	1560
cg18401155	0.21245201653759102	1560
cg05803741	0.21245199631504275	1560
cg03391318	0.21245182818704322	1560
cg16580765	0.21245155240321087	1560
cg13319825	0.21245087052479825	1560
cg09135201	0.21245055736487656	1560
cg09395540	0.21245009734546874	1560
cg27607584	0.2124500586777035	1560
cg26800202	0.21244996967488938	1560
cg05297308	0.21244960031025695	1560
cg03356053	0.21244934784192854	1560
cg25124211	0.2124489422340173	1560
cg26213075	0.2124483505203305	1560
cg02002619	0.2124480497232183	1560
cg17634067	0.21244731469406608	1560
cg26551072	0.21244690853759984	1560
cg17758792	0.21244620340504125	1560
cg11864583	0.21244531718931922	1560
cg05257635	0.2124450958287549	1560
cg00170421	0.21244469578034586	1560
cg07904879	0.2124445893504707	1560
cg26510428	0.21244420502339276	1560
cg24434901	0.21244251757443308	1560
cg01742428	0.21244135533667674	1560
cg06000193	0.21244105658266008	1560
cg21996336	0.21244065203722012	1560
cg01111558	0.21244058107003114	1560
cg17091056	0.21244023404628418	1560
cg01824948	0.21243940322528576	1560
cg13686537	0.21243903467609518	1560
cg18810797	0.21243852228187907	1560
cg02804920	0.21243837926474796	1560
cg08929641	0.212437332866869	1560
cg10005947	0.21243535554601065	1560
cg01982533	0.2124334572558492	1560
cg22741997	0.21243300681674512	1560
cg01554951	0.21243279831156728	1560
cg24921013	0.2124319947197827	1560
cg13557031	0.2124318277135139	1560
cg04426326	0.2124313538785821	1560
cg11862144	0.21243116956555586	1560
cg10035591	0.21243112154616933	1560
cg01808641	0.21243042482934058	1560
cg16762300	0.21243037542905602	1560
cg21242327	0.2124303284814699	1560
cg13953629	0.21243020084065728	1560
cg20568102	0.2124301147413037	1560
cg26398085	0.21242930482246428	1560
cg07523788	0.2124288552397664	1560
cg10396616	0.21242873040852395	1560
cg15159661	0.21242835914716612	1560
cg22979546	0.21242794576640633	1560
cg18511153	0.21242755977734948	1560
cg27086758	0.212426945868299	1560
cg11091209	0.21242648271775208	1560
cg05441372	0.21242599782437896	1560
cg18755230	0.21242567415554775	1560
cg05907577	0.21242499452178357	1560
cg10627703	0.21242493012599137	1560
cg17600233	0.2124246637282874	1560
cg22143684	0.21242354381748996	1560
cg05890154	0.21242340921879296	1560
cg13566278	0.21241946376068896	1560
cg05081346	0.21241945852704516	1560
cg09060784	0.21241939862525883	1560
cg21198021	0.21241924539194063	1560
cg01730976	0.21241850545512517	1560
cg01961278	0.21241721407977812	1560
cg23461604	0.2124166491859463	1560
cg13642149	0.21241646465119526	1560
cg25139963	0.21241628887354186	1560
cg20253892	0.212415969319384	1560
cg17751065	0.21241512425895162	1560
cg01296018	0.21241433997939493	1560
cg13168187	0.21241420244239625	1560
cg07763497	0.21241399318650944	1560
cg25314445	0.21241170618688757	1560
cg08084956	0.21241111147865036	1560
cg14336658	0.21241084389803497	1560
cg14917378	0.2124103810710596	1560
cg00416475	0.21241029386463497	1560
cg27054948	0.21240929014019408	1560
cg10816158	0.21240915618764097	1560
cg03641722	0.2124091499180607	1560
cg26941870	0.2124090309825776	1560
cg17941049	0.21240897656752267	1560
cg24944117	0.21240866322104274	1560
cg08728732	0.21240839978564302	1560
cg11066380	0.21240820474197966	1560
cg01345395	0.21240820340383004	1560
cg17793163	0.2124080913264438	1560
cg00204049	0.21240803708878833	1560
cg22345432	0.2124078164967285	1560
cg26108999	0.2124074124822761	1560
cg12623918	0.21240650859260732	1560
cg14165841	0.2124064940206742	1560
cg19109007	0.21240645616793338	1560
cg07893471	0.21240627880130752	1560
cg21614231	0.212405337519749	1560
cg16016888	0.2124052288355721	1560
cg18008372	0.21240466525622362	1560
cg11972598	0.21240442616827726	1560
cg05897087	0.21240285537330916	1560
cg07106911	0.21240249873566963	1560
cg08405286	0.21240121279791874	1560
cg08318085	0.21239964718882692	1560
cg25631723	0.2123995473479533	1560
cg21514356	0.21239914757017636	1560
cg14183455	0.21239896707214467	1560
cg23836612	0.21239891536770125	1560
cg10303967	0.21239871151212783	1560
cg08573478	0.21239827671450526	1560
cg11629900	0.21239797914730474	1560
cg13028335	0.21239754539800323	1560
cg09862425	0.2123973426158476	1560
cg23180625	0.21239708315117536	1560
cg04380873	0.21239637076122658	1560
cg08333839	0.21239597966385937	1560
cg24579424	0.21239494709261197	1560
cg26266944	0.2123949067382877	1560
cg25899961	0.2123939546444595	1560
cg14259716	0.2123934094335514	1560
cg18261823	0.2123933485847442	1560
cg22071610	0.21239259999623505	1560
cg13323866	0.2123915574641149	1560
cg10193091	0.21239092151311548	1560
cg13076843	0.21239050171732662	1560
cg04678644	0.21239029952340296	1560
cg26683865	0.21238963028367852	1560
cg16866206	0.21238912027152684	1560
cg27563027	0.21238881834426981	1560
cg04330516	0.2123887785499974	1560
cg20361571	0.21238840166137293	1560
cg20733739	0.2123857816050037	1560
cg17201542	0.21238509039663367	1560
cg15879426	0.21238495935745144	1560
cg01553866	0.21238463568006366	1560
cg13781700	0.21238450678428936	1560
cg21167106	0.21238443911842916	1560
cg02347113	0.2123844014916532	1560
cg07549195	0.21238395481414316	1560
cg12028674	0.21238354161746623	1560
cg16127242	0.21238353401610205	1560
cg00218945	0.21238271543942447	1560
cg18019663	0.21238207773131537	1560
cg21017641	0.21238206819575486	1560
cg01900030	0.21238143516673136	1560
cg02295023	0.2123811276362841	1560
cg17456616	0.21238076909417125	1560
cg10481534	0.2123807441317179	1560
cg26404867	0.2123807374202128	1560
cg25683489	0.2123806047515958	1560
cg08632473	0.21238045458174395	1560
cg21220726	0.21238040554981277	1560
cg14244915	0.2123799890521564	1560
cg11531232	0.2123787073644011	1560
cg05954763	0.21237855299447642	1560
cg14044465	0.21237798198629512	1560
cg22172517	0.21237785830272637	1560
cg14010448	0.21237770714017576	1560
cg15924582	0.21237764728302913	1560
cg26168358	0.21237716781880198	1560
cg23775236	0.2123767131996901	1560
cg10820587	0.21237562318957764	1560
cg14374866	0.21237476611152079	1560
cg10868210	0.21237421178637816	1560
cg17547994	0.21237414975448568	1560
cg17081160	0.21237358997752942	1560
cg10334928	0.21237347425030226	1560
cg26105128	0.2123730847746701	1560
cg21768664	0.21237203865331475	1560
cg26054130	0.21237184282283952	1560
cg13547624	0.21237182906836746	1560
cg16934473	0.2123716425130001	1560
cg24862189	0.2123716177258507	1560
cg17347650	0.2123714406142213	1560
cg12676289	0.21236856980494861	1560
cg06016675	0.21236688723689176	1560
cg26357054	0.21236680854792017	1560
cg00109551	0.21236616192289948	1560
cg00007466	0.21236507809238378	1560
cg03728457	0.21236492881814367	1560
cg27168716	0.21236492728438863	1560
cg26899496	0.2123636900436528	1560
cg03856801	0.2123636335372452	1560
cg24832041	0.21236352037358558	1560
cg20434239	0.21236310968875383	1560
cg04205432	0.2123627906082641	1560
cg18089146	0.2123624594045631	1560
cg15124629	0.2123613240317727	1560
cg01873729	0.21235809973935602	1560
cg01215211	0.21235809704775252	1560
cg02439937	0.21235801150766392	1560
cg14888579	0.21235750478199558	1560
cg07175733	0.21235700264152865	1560
cg18695800	0.21235653045031913	1560
cg11313411	0.2123563477138545	1560
cg01109047	0.21235586295900008	1560
cg19268943	0.21235565260797182	1560
cg17651855	0.21235549659996072	1560
cg00244391	0.21235502193959888	1560
cg05008570	0.21235432153518868	1560
cg09955491	0.2123543133552902	1560
cg27440002	0.21235383793880575	1560
cg09849246	0.21235359576963764	1560
cg04663690	0.21235342009348845	1560
cg27139941	0.2123530073850378	1560
cg24518988	0.2123520925209157	1560
cg06934468	0.21235200354840625	1560
cg26080331	0.212351324473363	1560
cg12757078	0.21235064942161247	1560
cg01479031	0.2123499286644386	1560
cg16769976	0.21234867223460463	1560
cg20712860	0.2123474990005364	1560
cg25819341	0.21234746234230292	1560
cg11815682	0.21234712740210118	1560
cg20838203	0.2123465843073016	1560
cg14141610	0.21234614074351832	1560
cg06282863	0.2123460119795641	1560
cg14498227	0.2123455405680174	1560
cg22792552	0.2123449449144254	1560
cg24855292	0.21234475629405178	1560
cg01896804	0.2123419350041387	1560
cg22310507	0.21234187495139736	1560
cg11535564	0.21234099193194483	1560
cg01611428	0.21233946827051098	1560
cg17665357	0.21233946546254745	1560
cg10022399	0.21233922161858793	1560
cg24278713	0.21233843537727606	1560
cg10093738	0.21233818325879358	1560
cg25504668	0.2123381478058489	1560
cg02460314	0.21233764967231367	1560
cg01889169	0.21233691684405095	1560
cg07215234	0.2123360045942999	1560
cg11534481	0.2123359452528876	1560
cg22595209	0.21233368525987767	1560
cg14502651	0.21233357881167023	1560
cg12194727	0.21233329868586434	1560
cg15926557	0.21233312000207805	1560
cg18388203	0.2123330739450793	1560
cg21164369	0.21233275087354822	1560
cg10539191	0.2123317209362678	1560
cg04094067	0.21233128188733547	1560
cg03580195	0.21233120776232328	1560
cg02031111	0.21233063207418007	1560
cg02168034	0.21232968994261542	1560
cg00487848	0.21232954644196977	1560
cg14439529	0.21232915917304793	1560
cg18051668	0.21232834083689472	1560
cg12005811	0.21232824288683413	1560
cg22127114	0.21232783976855865	1560
cg00427260	0.21232660388194566	1560
cg15781838	0.21232598427977484	1560
cg24329141	0.21232571216449606	1560
cg12731833	0.21232543497139447	1560
cg21928974	0.21232334047098742	1560
cg18694535	0.21232316523823547	1560
cg11359520	0.21232217885324522	1560
cg11291882	0.21232214141375194	1560
cg13744910	0.21232199441855687	1560
cg17421021	0.21232037561494432	1560
cg11510043	0.21232027405869874	1560
cg00293128	0.21231923448809378	1560
cg07780694	0.21231891038977677	1560
cg06800849	0.21231839756935447	1560
cg03383250	0.21231834511340988	1560
cg24658349	0.21231830481475147	1560
cg00534684	0.21231822032898878	1560
cg16448037	0.2123181291073912	1560
cg24222512	0.21231804749819672	1560
cg01267415	0.21231802306691774	1560
cg25581448	0.21231766302472277	1560
cg26500288	0.21231720061452095	1560
cg06288869	0.21231705115572225	1560
cg09314258	0.21231697326932877	1560
cg20692337	0.21231643590473442	1560
cg04742614	0.21231624952346687	1560
cg04252145	0.21231622057890845	1560
cg08897759	0.21231621596996228	1560
cg10642948	0.21231569409430884	1560
cg01045959	0.21231545517410388	1560
cg23367076	0.2123152918231036	1560
cg20455436	0.21231479954484814	1560
cg06026680	0.21231435127597464	1560
cg00176876	0.21231397205426414	1560
cg07324054	0.21231305386871963	1560
cg04792532	0.21231283826879213	1560
cg00995220	0.21231203609297442	1560
cg18524262	0.21231192697798476	1560
cg09488991	0.21231098010990324	1560
cg02633783	0.21231048191884314	1560
cg02451052	0.21230930419763608	1560
cg04982359	0.2123090872621981	1560
cg02874667	0.21230871900066303	1560
cg07094340	0.2123086192201811	1560
cg11846618	0.21230787938495227	1560
cg25165049	0.21230762660706112	1560
cg04312965	0.21230760641796365	1560
cg16824035	0.2123062555304422	1560
cg22539014	0.21230572736247447	1560
cg23682634	0.2123047168424445	1560
cg03832740	0.2123045906504427	1560
cg10458734	0.21230439112876678	1560
cg10448329	0.21230366708493315	1560
cg11334499	0.21230351353448101	1560
cg21428896	0.21230264139217284	1560
cg00622763	0.21230197695010708	1560
cg18555299	0.21230027584275873	1560
cg27223646	0.21229876813219875	1560
cg19500236	0.21229846053063164	1560
cg09828503	0.21229766675078546	1560
cg13445195	0.21229688197457477	1560
cg24580593	0.2122967854189972	1560
cg08216050	0.21229614325911467	1560
cg02623469	0.21229605822069758	1560
cg13620526	0.2122960191648811	1560
cg20298199	0.21229515345399666	1560
cg27277034	0.21229477659869134	1560
cg16190209	0.21229423958367813	1560
cg09517190	0.21229411446283347	1560
cg00694660	0.21229405244461316	1560
cg06475514	0.21229399004354174	1560
cg23117592	0.2122929161616461	1560
cg07913137	0.21229235027125012	1560
cg15180637	0.21229192697082758	1560
cg01705214	0.21229074988418448	1560
cg20888435	0.21229064459050853	1560
cg05108547	0.2122899439416413	1560
cg27349909	0.21228941631280995	1560
cg13583586	0.21228867919553604	1560
cg07737179	0.21228789391555447	1560
cg04936599	0.2122875595704131	1560
cg02401524	0.21228736859327665	1560
cg26804124	0.2122870928345123	1560
cg11535954	0.21228695793238755	1560
cg00701428	0.2122862177153941	1560
cg16590777	0.21228546546843333	1560
cg18873763	0.2122847604174552	1560
cg10752575	0.2122845118888861	1560
cg01421611	0.21228265044351033	1560
cg18555555	0.21228259702338895	1560
cg21274168	0.21228156244097693	1560
cg06071294	0.21228151710467097	1560
cg01082168	0.21228125773518944	1560
cg12201707	0.21227994096251224	1560
cg16680506	0.2122798570171704	1560
cg26162534	0.2122791232407992	1560
cg15825532	0.2122788971717918	1560
cg08158776	0.21227869766795807	1560
cg10174797	0.2122783922891325	1560
cg23033422	0.21227786652762456	1560
cg09154309	0.21227759245989997	1560
cg01320491	0.21227744389651898	1560
cg00928580	0.21227647097364513	1560
cg19084059	0.21227642865645302	1560
cg06243084	0.21227605821480824	1560
cg11804953	0.21227531892965873	1560
cg26617611	0.21227432622522344	1560
cg02455453	0.2122730753469996	1560
cg10987788	0.2122728866926788	1560
cg26711237	0.21227277132505742	1560
cg10331462	0.21227269189700623	1560
cg01719433	0.21227268452103043	1560
cg10107671	0.21227122521356906	1560
cg25961733	0.21227112368742837	1560
cg00651709	0.21227053320578895	1560
cg18176117	0.2122702176440696	1560
cg15457037	0.21226947705221438	1560
cg08931456	0.21226941141133748	1560
cg19124927	0.21226628210401324	1560
cg04549703	0.21226594261229612	1560
cg18254134	0.2122643408187055	1560
cg27056016	0.21226419161290777	1560
cg21085036	0.2122641128606089	1560
cg08561469	0.2122637258778731	1560
cg18543130	0.21226350551903	1560
cg21238254	0.2122629889308844	1560
cg00301192	0.21226272210628308	1560
cg05499139	0.2122626485712021	1560
cg11829201	0.21226141968103618	1560
cg12565534	0.2122613144557096	1560
cg14839085	0.21226080248302762	1560
cg20701810	0.2122605198393213	1560
cg23054394	0.21226040330240864	1560
cg09943845	0.2122604009708555	1560
cg05583784	0.2122603838665882	1560
cg10859327	0.21225898230663148	1560
cg07833865	0.21225850077928504	1560
cg07876716	0.21225831074427237	1560
cg06898946	0.21225820591268438	1560
cg10844382	0.21225798135897567	1560
cg12406875	0.21225796071519829	1560
cg09871666	0.2122569962376366	1560
cg22860181	0.21225695743584272	1560
cg00489066	0.21225575217918743	1560
cg24304264	0.2122537306586683	1560
cg10242901	0.21225317525130238	1560
cg12741407	0.2122520670336378	1560
cg25787645	0.21225155688702402	1560
cg07933872	0.21225140045284904	1560
cg17260124	0.21225133842235577	1560
cg27083642	0.21225108449202695	1560
cg00804073	0.21225099050755317	1560
cg17094160	0.2122508297171442	1560
cg04199164	0.21225040172549176	1560
cg07649206	0.21224993620224633	1560
cg15840660	0.2122496309114889	1560
cg12834709	0.2122484585967156	1560
cg04560767	0.21224812760411618	1560
cg00137385	0.21224758507369076	1560
cg23378951	0.2122474857453508	1560
cg23159844	0.2122471443169975	1560
cg05413918	0.21224711510571823	1560
cg20227592	0.2122468967192869	1560
cg08692374	0.21224666456201965	1560
cg21644077	0.21224649704148132	1560
cg10005464	0.21224613923572302	1560
cg03109914	0.21224577584102847	1560
cg17070113	0.2122449000555001	1560
cg23239637	0.21224490002194202	1560
cg10196412	0.2122444212130853	1560
cg01459030	0.21224424526249963	1560
cg07429710	0.21224374243772054	1560
cg06567596	0.2122427948592348	1560
cg05768747	0.21224261165572597	1560
cg22202234	0.21224231025677595	1560
cg01833521	0.2122420845550646	1560
cg18909666	0.21224183213034417	1560
cg03531778	0.21224149207026774	1560
cg18229270	0.2122411188778047	1560
cg10165008	0.2122409171738777	1560
cg20289531	0.2122405922950545	1560
cg06006530	0.21224019814159326	1560
cg13488220	0.21223989868533844	1560
cg05876687	0.2122394288930469	1560
cg07874507	0.21223921787507027	1560
cg08202827	0.21223866365914684	1560
cg14623735	0.21223863279857672	1560
cg13050115	0.21223846556849374	1560
cg06892006	0.21223843566965922	1560
cg05187826	0.21223783400172253	1560
cg26555614	0.21223772924225437	1560
cg10069666	0.21223738641992554	1560
cg14716311	0.2122371472091542	1560
cg01181084	0.212236465754894	1560
cg11456854	0.21223644579390796	1560
cg01279453	0.21223589492652994	1560
cg15696462	0.21223561122326592	1560
cg04221387	0.21223526907925688	1560
cg12657361	0.21223477591375917	1560
cg19771355	0.21223422000350745	1560
cg20263826	0.21223388227583603	1560
cg04286195	0.212233148113028	1560
cg27168068	0.21223085317546017	1560
cg18667951	0.21223068187648564	1560
cg24004447	0.21223040446431074	1560
cg08326417	0.2122289367405963	1560
cg07158495	0.21222714108527738	1560
cg14849228	0.2122271250093709	1560
cg19109397	0.21222603113304414	1560
cg05429508	0.21222598175974217	1560
cg00990874	0.21222587649616342	1560
cg22192999	0.21222577303297785	1560
cg07244043	0.21222566987225736	1560
cg24319651	0.21222566119588301	1560
cg08098800	0.2122247565907104	1560
cg05152432	0.21222445271797016	1560
cg22321646	0.21222433344700384	1560
cg01889773	0.21222417213863817	1560
cg27315239	0.21222390934366459	1560
cg23221017	0.21222332859694532	1560
cg20919143	0.21222324444097662	1560
cg07263372	0.2122231159941976	1560
cg01646407	0.21222277056405775	1560
cg21186888	0.2122226124501302	1560
cg13054070	0.21222243370737512	1560
cg05418938	0.2122219011319923	1560
cg03915708	0.212221322618645	1560
cg24471980	0.2122212806849565	1560
cg18138036	0.21222119636224884	1560
cg10079131	0.2122211527746772	1560
cg05157904	0.21222079596460505	1560
cg00529567	0.21222047783881906	1560
cg15512832	0.21222040372021939	1560
cg14355888	0.21221971671684392	1560
cg21939631	0.21221953992871812	1560
cg24907686	0.21221932575840344	1560
cg09210079	0.2122184933720885	1560
cg17320194	0.21221839067048986	1560
cg14502431	0.2122182156074936	1560
cg11061033	0.2122180098777037	1560
cg21479762	0.21221770935331039	1560
cg08033640	0.212217010512469	1560
cg02087416	0.21221614876002115	1560
cg18550498	0.21221564887434308	1560
cg11842944	0.21221537115277705	1560
cg10816323	0.21221509461896798	1560
cg18415148	0.21221481019033794	1560
cg16540259	0.21221478234344013	1560
cg21486195	0.21221471729452637	1560
cg17041861	0.2122143760342024	1560
cg00083801	0.21221424714349768	1560
cg03168760	0.21221323574401907	1560
cg23676484	0.21221312513819532	1560
cg20256707	0.21221281071146916	1560
cg01328158	0.21221191065141587	1560
cg07482766	0.21221138906578316	1560
cg22247495	0.21221125039376074	1560
cg03450104	0.2122111510097447	1560
cg02939356	0.21221108363085806	1560
cg21964611	0.21221003397250238	1560
cg03317928	0.21220961422221035	1560
cg00753846	0.21220930309010158	1560
cg00808687	0.2122088028358041	1560
cg25901000	0.21220858939295734	1560
cg07565018	0.2122074119006244	1560
cg00108694	0.21220630078603053	1560
cg12701268	0.2122050988247322	1560
cg11148533	0.21220469709500228	1560
cg09075787	0.21220442233169812	1560
cg21770322	0.2122036303116528	1560
cg16631682	0.21220346308236357	1560
cg21477170	0.21220168319864505	1560
cg24685167	0.21220104817984783	1560
cg09141300	0.21220102017778092	1560
cg08079787	0.21220071892242276	1560
cg10852876	0.21220034807092883	1560
cg24682621	0.21219956581112262	1560
cg07928191	0.21219866022707837	1560
cg19796974	0.21219854057488738	1560
cg16982291	0.21219845477601673	1560
cg15443067	0.2121984129505604	1560
cg07995847	0.21219668538230274	1560
cg18683453	0.21219576236801704	1560
cg24480277	0.21219557862250907	1560
cg06740440	0.21219553133615973	1560
cg08867908	0.21219527835465218	1560
cg00676960	0.21219508209225646	1560
cg21857375	0.21219391340806915	1560
cg26410840	0.21219315409105488	1560
cg11724562	0.21219217696499193	1560
cg20394595	0.2121914248171031	1560
cg03456971	0.21219124138969006	1560
cg01283863	0.21219002015084273	1560
cg02089963	0.21218939760724245	1560
cg07863354	0.2121892952552289	1560
cg12004671	0.2121867931317832	1560
cg20388168	0.21218677290241772	1560
cg13521899	0.2121861140616855	1560
cg02982089	0.2121850974314492	1560
cg16414403	0.2121845440156474	1560
cg10534480	0.2121843090233034	1560
cg24004138	0.2121828328194198	1560
cg09437523	0.212182451595914	1560
cg20618005	0.21218190534000794	1560
cg03934493	0.2121816949783394	1560
cg16796164	0.2121812264428296	1560
cg02259047	0.2121804571887942	1560
cg15813550	0.21218036327913173	1560
cg17629870	0.2121801001284523	1560
cg00150245	0.2121800426526833	1560
cg26361545	0.21217926209110832	1560
cg18931273	0.21217840323158202	1560
cg16154071	0.21217797341087732	1560
cg01859312	0.21217795833273348	1560
cg11605750	0.21217792104275682	1560
cg05499189	0.21217774090628042	1560
cg03112869	0.21217669853546217	1560
cg14031925	0.21217662776779805	1560
cg11614474	0.21217611319712487	1560
cg26291020	0.21217571611911099	1560
cg22519947	0.21217510842496745	1560
cg25832795	0.21217456561486028	1560
cg01547793	0.21217440922545092	1560
cg21023447	0.21217413420386655	1560
cg02999476	0.2121731035076767	1560
cg05375999	0.21217240884992417	1560
cg23758597	0.21217139430070006	1560
cg06929152	0.2121702707477953	1560
cg14399839	0.21216927640792999	1560
cg18721212	0.21216880989194015	1560
cg15441973	0.21216703144242688	1560
cg07239452	0.2121666699389867	1560
cg11968647	0.21216664220935536	1560
cg13496039	0.21216650532697626	1560
cg00837677	0.21216648238306723	1560
cg18026733	0.2121658302067825	1560
cg22813891	0.21216468324133939	1560
cg10122230	0.21216392007673845	1560
cg16525738	0.2121637389721323	1560
cg04500312	0.21216347546740577	1560
cg03631461	0.21216300025188425	1560
cg13475638	0.21216297098713718	1560
cg17871757	0.2121627821328232	1560
cg12541127	0.21216218635329287	1560
cg25103979	0.21216135024637064	1560
cg26083389	0.2121610794640316	1560
cg08573270	0.21216102412741203	1560
cg26562786	0.21216043189829975	1560
cg22736682	0.21216039320512725	1560
cg15397740	0.2121599999291653	1560
cg10281638	0.21215997652324314	1560
cg16496814	0.2121598047328276	1560
cg04974751	0.21215897259000474	1560
cg14265145	0.21215860109872425	1560
cg27289501	0.21215841582037284	1560
cg14659008	0.21215815271158128	1560
cg09012402	0.2121576640368077	1560
cg16841676	0.2121573837474366	1560
cg07969497	0.21215728983176244	1560
cg24469152	0.21215676832602112	1560
cg07855121	0.21215675951157906	1560
cg20688475	0.2121562996615012	1560
cg02224394	0.21215628560133673	1560
cg12156500	0.2121557256394724	1560
cg18672389	0.21215563231030973	1560
cg23094648	0.212154772665175	1560
cg21079646	0.21215144363361127	1560
cg25169834	0.21215128963348245	1560
cg07847097	0.2121508909296305	1560
cg08118908	0.2121501985037718	1560
cg23936294	0.2121501537814842	1560
cg00628178	0.2121493599677445	1560
cg13264159	0.212148508967264	1560
cg18734591	0.21214819416353647	1560
cg07248486	0.21214816335897937	1560
cg00899856	0.21214731644175977	1560
cg13215762	0.21214649855153048	1560
cg11726858	0.21214567252568983	1560
cg20720461	0.21214531284574564	1560
cg03210827	0.2121450871615282	1560
cg27309282	0.21214504950902635	1560
cg10619733	0.21214491550981104	1560
cg02398319	0.21214350577485286	1560
cg07716437	0.21214245293327938	1560
cg13151210	0.21214224468048012	1560
cg04741861	0.21214211084112344	1560
cg07676300	0.21214060215351574	1560
cg16066221	0.21214044124776743	1560
cg07104895	0.2121401717404828	1560
cg02833196	0.21213979425099788	1560
cg11305134	0.21213832223180154	1560
cg22204310	0.21213819887963806	1560
cg04467549	0.2121379071520885	1560
cg13385744	0.21213764451653713	1560
cg12613107	0.21213712956534503	1560
cg26120485	0.21213643103373145	1560
cg18016071	0.21213632838759175	1560
cg05807722	0.2121363096030047	1560
cg03552342	0.2121359320153775	1560
cg27115996	0.2121348201324451	1560
cg07340020	0.21213380313229727	1560
cg00886770	0.2121332626221106	1560
cg09824255	0.2121331579723812	1560
cg18654183	0.212132696378627	1560
cg00940260	0.21213223441561102	1560
cg27227885	0.2121316680728055	1560
cg10308858	0.2121316255101663	1560
cg25187049	0.21213160207833728	1560
cg07046854	0.21213101405406418	1560
cg25441219	0.21213046168943467	1560
cg20618996	0.21212972922824516	1560
cg03748858	0.21212962909194302	1560
cg19680388	0.21212906647198598	1560
cg20960392	0.21212896739209833	1560
cg03917884	0.21212878619980255	1560
cg15484514	0.2121269443295649	1560
cg26697424	0.21212682148806447	1560
cg25006511	0.21212670216901425	1560
cg22849149	0.21212621562378783	1560
cg03580836	0.2121256068783007	1560
cg24843499	0.212125386684884	1560
cg20173637	0.21212494145046612	1560
cg01753920	0.21212448581353618	1560
cg16029661	0.21212436107998983	1560
cg21740055	0.21212324554432507	1560
cg00907661	0.21212269802323747	1560
cg10199857	0.21212196602693664	1560
cg16243832	0.21212138895460508	1560
cg11488149	0.21211975276810016	1560
cg14251385	0.2121195738325918	1560
cg12074585	0.21211934438061497	1560
cg02993825	0.2121191647447133	1560
cg25503410	0.21211861455053288	1560
cg07194295	0.21211843016799478	1560
cg08699381	0.21211747194082536	1560
cg09618309	0.2121166679488649	1560
cg21920015	0.2121164190190991	1560
cg06163738	0.21211628984174896	1560
cg04429812	0.21211605683615983	1560
cg18421360	0.21211488161413167	1560
cg25283175	0.21211488115164487	1560
cg25539131	0.2121147464116539	1560
cg13489366	0.21211437581742165	1560
cg18531204	0.21211308195736253	1560
cg11231849	0.2121129762348372	1560
cg17970328	0.21211290987550413	1560
cg24652379	0.2121119855840495	1560
cg27291051	0.2121119400856216	1560
cg16924460	0.21211152956917592	1560
cg17337106	0.2121112394066242	1560
cg01969796	0.21211114198524816	1560
cg26710983	0.2121108284835143	1560
cg12293095	0.21211074404403743	1560
cg09436067	0.21211035110013354	1560
cg16905822	0.21211010901445668	1560
cg09815377	0.2121096273341799	1560
cg19046793	0.21210941825283178	1560
cg15146039	0.21210940916966842	1560
cg01716016	0.21210899863188434	1560
cg24455148	0.2121082621768601	1560
cg19301303	0.21210738289784611	1560
cg19228374	0.21210678740369196	1560
cg09395969	0.2121066175595052	1560
cg24051057	0.21210616406610922	1560
cg07369067	0.21210615184230094	1560
cg25744450	0.21210599942024994	1560
cg13714986	0.2121058743076525	1560
cg11070119	0.21210570515471827	1560
cg16747785	0.21210563408763808	1560
cg24827036	0.21210546300038355	1560
cg08486065	0.2121049467404714	1560
cg01623797	0.2121048851772279	1560
cg03849231	0.21210444685255098	1560
cg21072692	0.21210428080236884	1560
cg06837179	0.21210405523521203	1560
cg19302410	0.21210375500935622	1560
cg14834477	0.2121036178199032	1560
cg21290280	0.2121026427979477	1560
cg06860864	0.21210260145261547	1560
cg09230154	0.21210258019682013	1560
cg16910238	0.21210233469477213	1560
cg26051540	0.2121022048294347	1560
cg12435824	0.21210163044438388	1560
cg05601199	0.21210145315075452	1560
cg15898859	0.21210036973699106	1560
cg02293766	0.21209977445417202	1560
cg17086579	0.21209941053039685	1560
cg18069268	0.21209744509074896	1560
cg00968930	0.21209717848406096	1560
cg04009398	0.21209716329738645	1560
cg09322605	0.2120963091015348	1560
cg01880691	0.21209534770387656	1560
cg21293902	0.21209532151828117	1560
cg26288102	0.21209523048977	1560
cg13663626	0.21209446216951308	1560
cg21700723	0.21209432899803113	1560
cg25405787	0.2120941895069113	1560
cg07022728	0.21209417343012382	1560
cg01590359	0.21209392676724867	1560
cg08457315	0.21209388780335828	1560
cg16231906	0.2120935894807584	1560
cg03649125	0.21209334559673243	1560
cg18380070	0.21209305644958631	1560
cg12495069	0.21209231897078998	1560
cg19016273	0.21209153344034257	1560
cg10434344	0.21209116743920084	1560
cg22343939	0.2120910758720312	1560
cg01885814	0.212090987902557	1560
cg07832178	0.21209065949707837	1560
cg25390325	0.21209052275579598	1560
cg23536830	0.21209044760284917	1560
cg14431306	0.2120898275781808	1560
cg18450540	0.21208978226116446	1560
cg02440719	0.21208944131303212	1560
cg15979885	0.21208910140054968	1560
cg21168038	0.21208761512334112	1560
cg02783662	0.21208722924042436	1560
cg18137512	0.21208710027686575	1560
cg14209695	0.212086637492096	1560
cg00549375	0.21208649493430112	1560
cg21149466	0.2120862701287018	1560
cg02123262	0.21208620498550107	1560
cg19077400	0.2120845703449783	1560
cg17911695	0.2120845676430123	1560
cg14370079	0.21208407343244232	1560
cg09664357	0.21208342756728782	1560
cg05675356	0.21208301527604334	1560
cg02648101	0.21208299517790577	1560
cg19666365	0.21208242371667743	1560
cg06893172	0.21208115621744317	1560
cg00062873	0.21208042964212676	1560
cg13529086	0.21208000928947549	1560
cg00441027	0.21207969335534207	1560
cg20490386	0.21207896461491693	1560
cg06810869	0.2120787227071715	1560
cg24556630	0.21207840509175335	1560
cg06693995	0.21207797568741277	1560
cg07538777	0.2120776524014333	1560
cg09423097	0.21207695343363298	1560
cg13089906	0.21207655798501474	1560
cg22097505	0.21207622571611429	1560
cg14012447	0.21207544484055293	1560
cg25948075	0.21207518309566745	1560
cg00093149	0.21207467008584724	1560
cg04341065	0.21207401525658884	1560
cg14159036	0.21207400609982155	1560
cg05535760	0.21207393650593173	1560
cg12075849	0.212073249373774	1560
cg15168603	0.21207321342486996	1560
cg24734301	0.2120729096807867	1560
cg06184906	0.21207259351470623	1560
cg17404412	0.2120722098130513	1560
cg26821542	0.21207200673942847	1560
cg20441035	0.21207196737106487	1560
cg23065561	0.21207192131506888	1560
cg08732579	0.2120715444506301	1560
cg11508081	0.21207127677501747	1560
cg27229962	0.21207079730154121	1560
cg27444290	0.21207048859579458	1560
cg19083670	0.21206994609853058	1560
cg07091741	0.21206951949867925	1560
cg27581174	0.2120694594118767	1560
cg27423208	0.212069267245255	1560
cg25469360	0.21206838878584408	1560
cg20559403	0.2120660124888814	1560
cg25050479	0.21206594820804342	1560
cg00292290	0.2120651312875305	1560
cg03979229	0.21206470706702088	1560
cg03807888	0.21206469555394233	1560
cg00417692	0.21206370578491915	1560
cg07417666	0.21206359803610744	1560
cg06129556	0.21206326649962878	1560
cg25868126	0.2120627581086857	1560
cg25144111	0.21206132557765892	1560
cg06183150	0.2120612660389358	1560
cg24248680	0.2120610262318166	1560
cg18249414	0.2120600850120627	1560
cg01026192	0.21205982503042262	1560
cg04708830	0.21205926247479898	1560
cg10894626	0.21205914469490503	1560
cg21736205	0.21205733823862813	1560
cg08107098	0.21205657133374628	1560
cg01691989	0.2120565567664955	1560
cg14603453	0.21205651861859248	1560
cg21149764	0.21205606209365416	1560
cg06329737	0.21205566973429282	1560
cg09947026	0.21205540741906784	1560
cg09073989	0.21205504967848934	1560
cg00827173	0.21205436632900668	1560
cg21353724	0.21205390106677413	1560
cg02570361	0.21205353035991026	1560
cg04870174	0.21205220175555847	1560
cg23075026	0.21205178285504162	1560
cg02290578	0.21205175453665817	1560
cg07262450	0.21205147276317918	1560
cg04353312	0.21205126276542877	1560
cg20885593	0.21205007005369855	1560
cg05513157	0.21204890614772978	1560
cg09344283	0.2120487038141475	1560
cg24371155	0.2120467679862432	1560
cg11845045	0.2120464981870501	1560
cg10145022	0.2120463571658526	1560
cg21787369	0.21204620571940022	1560
cg06961160	0.21204484017474068	1560
cg24273318	0.21204456627861332	1560
cg24872444	0.2120444005577422	1560
cg19726536	0.21204343707425755	1560
cg00306299	0.21204280290371838	1560
cg15429179	0.2120427103117643	1560
cg16303074	0.21204234530265142	1560
cg24505122	0.2120417125342007	1560
cg00230509	0.21204110274694166	1560
cg05030351	0.21204092646265638	1560
cg13803196	0.2120397843326572	1560
cg04919180	0.21203944337666208	1560
cg11635125	0.21203760131021568	1560
cg07400057	0.21203738897830593	1560
cg07594031	0.2120372481543651	1560
cg22673500	0.21203706430162877	1560
cg09817641	0.2120362073956499	1560
cg09711421	0.2120357147831736	1560
cg16418598	0.21203517793926233	1560
cg12273505	0.212034748996646	1560
cg13210078	0.21203412131007493	1560
cg12276001	0.21203401442735073	1560
cg21841678	0.2120337344984411	1560
cg14633084	0.21203335638323742	1560
cg07317836	0.21203313065340212	1560
cg11448883	0.21203172247045782	1560
cg13919369	0.2120311727228437	1560
cg09430954	0.2120309148704132	1560
cg11070929	0.21203044904930526	1560
cg25359907	0.2120303928519131	1560
cg05598120	0.21202961797234046	1560
cg14874337	0.2120289826678425	1560
cg26160889	0.2120283786464224	1560
cg20733846	0.2120281792236113	1560
cg18772379	0.2120280342560867	1560
cg03434823	0.2120278766257054	1560
cg10067182	0.21202742292932533	1560
cg27122706	0.2120248460059809	1560
cg14199540	0.21202454182600186	1560
cg17409288	0.21202446624149718	1560
cg08283408	0.21202369821108538	1560
cg14939370	0.21202327023530432	1560
cg24877885	0.21202322199256737	1560
cg10182244	0.2120228311312118	1560
cg00709393	0.21202215400101806	1560
cg11005831	0.21202167711677844	1560
cg16695634	0.21202113779046122	1560
cg00181889	0.21202070117592275	1560
cg15179985	0.21202036513745787	1560
cg12101766	0.21201962763424412	1560
cg07444005	0.21201941660985776	1560
cg13254840	0.2120192410261627	1560
cg12544663	0.21201890849575142	1560
cg17480466	0.212018359958467	1560
cg02244941	0.21201617363248035	1560
cg14209870	0.2120154555140725	1560
cg22139025	0.21201515368219312	1560
cg15330067	0.2120136184017342	1560
cg23091737	0.2120135175147052	1560
cg24478966	0.21201303022330367	1560
cg14565407	0.21201279123122363	1560
cg09058991	0.2120120387790744	1560
cg00286014	0.21201147843582582	1560
cg12162724	0.21201089252724875	1560
cg11991893	0.21201007854710704	1560
cg07700249	0.21200927789124305	1560
cg24551396	0.2120092537830831	1560
cg02137984	0.2120092077874667	1560
cg21941512	0.21200912643307124	1560
cg24742744	0.21200833060550425	1560
cg15910895	0.21200797818895156	1560
cg25784872	0.21200760991733733	1560
cg01028360	0.2120075236350445	1560
cg02262709	0.21200616880314202	1560
cg12536292	0.2120056791695366	1560
cg23276524	0.21200546550400767	1560
cg00881372	0.21200439243247737	1560
cg08380910	0.21200277876874404	1560
cg27259323	0.2120026318081513	1560
cg16131482	0.21200221761871949	1560
cg18663232	0.212001560221971	1560
cg25712695	0.21200104097075176	1560
cg16030011	0.21199996798454365	1560
cg02301718	0.2119996638906139	1560
cg18034859	0.21199899968874628	1560
cg13794839	0.21199882442876974	1560
cg12017956	0.21199876806233645	1560
cg21534574	0.2119985478177064	1560
cg04949608	0.21199783537849462	1560
cg11807446	0.21199774244740177	1560
cg24118877	0.21199613130356887	1560
cg15607311	0.2119961105928367	1560
cg00090813	0.21199428649593036	1560
cg10758454	0.21199424940366954	1560
cg21734318	0.21199389834980467	1560
cg18036171	0.2119935485855524	1560
cg12527909	0.21199352621870132	1560
cg23970740	0.2119926552899018	1560
cg17858697	0.21199213168486722	1560
cg18641056	0.21199185114291552	1560
cg01630207	0.21199170445796894	1560
cg23946844	0.2119915668370155	1560
cg25948332	0.21199139551274312	1560
cg01859528	0.21199119554982218	1560
cg07520957	0.2119909180843879	1560
cg22022099	0.21199076088854463	1560
cg17083940	0.21199025948194652	1560
cg05999195	0.21199008760784233	1560
cg02766846	0.21198990706051932	1560
cg25690922	0.21198938623065047	1560
cg27272402	0.21198929801633484	1560
cg05970916	0.21198891500595754	1560
cg06238333	0.21198778010785918	1560
cg07297900	0.2119877147175673	1560
cg12899916	0.21198736300826396	1560
cg27127351	0.2119873197036571	1560
cg08433696	0.21198626231115086	1560
cg23261103	0.21198588133544852	1560
cg13373361	0.21198516008559942	1560
cg03734225	0.21198438945907278	1560
cg24470787	0.2119835392379414	1560
cg05952786	0.21198316585072588	1560
cg05585556	0.21198295516775414	1560
cg06834177	0.21198258743782886	1560
cg20388462	0.21198237208085705	1560
cg11398623	0.21198224958245393	1560
cg09205599	0.21198187737631685	1560
cg02059928	0.21198135934233453	1560
cg17776833	0.21198123580983763	1560
cg06470951	0.21198123183436673	1560
cg14887335	0.21198094857577	1560
cg15207618	0.21198044795223908	1560
cg12784120	0.21198018187419096	1560
cg24175522	0.21197899745756707	1560
cg08419850	0.21197899301657594	1560
cg03522707	0.21197845509828223	1560
cg24977276	0.21197714632768566	1560
cg20061378	0.21197709302253426	1560
cg00298595	0.21197692251761024	1560
cg26767922	0.21197654450300668	1560
cg22486699	0.2119765152031079	1560
cg20779229	0.21197631788623963	1560
cg09884756	0.2119762419339311	1560
cg01944848	0.21197543536481428	1560
cg04942547	0.21197506664999674	1560
cg17594632	0.21197504676095058	1560
cg14440571	0.2119746779951688	1560
cg13405456	0.21197352202398828	1560
cg05170183	0.21197291143468716	1560
cg17965684	0.21197122155004333	1560
cg26969541	0.2119708439892497	1560
cg05908149	0.2119705857419096	1560
cg00682802	0.21197026250569007	1560
cg17168103	0.21197008605649778	1560
cg19843760	0.21196935882933582	1560
cg10922808	0.21196859073852337	1560
cg05120074	0.21196828477417046	1560
cg08521289	0.2119681033422519	1560
cg04261277	0.21196789690631948	1560
cg06029376	0.2119677409612271	1560
cg27226174	0.21196627078007538	1560
cg09513877	0.21196606936608692	1560
cg10475468	0.21196498727831792	1560
cg15300837	0.21196460203543122	1560
cg03863756	0.2119644758558809	1560
cg03748259	0.21196385322034014	1560
cg02076284	0.2119629592592793	1560
cg04936012	0.2119625714361348	1560
cg21947590	0.21196209707506766	1560
cg14067716	0.2119609283708196	1560
cg11774251	0.2119607930915619	1560
cg01954930	0.2119607910719811	1560
cg21215024	0.21196078574182403	1560
cg12054171	0.21195976874406994	1560
cg10499102	0.21195927233833503	1560
cg11885565	0.21195835904979357	1560
cg07153191	0.21195780338629028	1560
cg20699492	0.21195743205754355	1560
cg04741128	0.21195690057415234	1560
cg13536491	0.21195645552164422	1560
cg20803931	0.21195552048272193	1560
cg07811903	0.2119547385396208	1560
cg12644927	0.21195466174435482	1560
cg15035558	0.21195461538150828	1560
cg15056205	0.21195458816194188	1560
cg02297591	0.21195371910906888	1560
cg09603520	0.21195308401115368	1560
cg27443265	0.2119529590931442	1560
cg19551767	0.21195206479201514	1560
cg24228503	0.21195076329203272	1560
cg26719542	0.2119504184379556	1560
cg07717774	0.21194999742974405	1560
cg13085038	0.21194997300546267	1560
cg18016994	0.21194742689892196	1560
cg03941625	0.2119463196100252	1560
cg26835568	0.21194627616318099	1560
cg18872881	0.2119459629486555	1560
cg11338049	0.21194592225154624	1560
cg19869608	0.21194590673560562	1560
cg11657446	0.2119458008559935	1560
cg23357435	0.21194537350619838	1560
cg13318291	0.2119450040649869	1560
cg18739142	0.21194490366674212	1560
cg05023903	0.211944739669897	1560
cg02355787	0.21194437740639185	1560
cg11691038	0.21194357393477337	1560
cg19402624	0.21194350183271882	1560
cg16397342	0.21194277960248037	1560
cg17295119	0.21194244635300244	1560
cg25803242	0.211942196530307	1560
cg10090757	0.21194207190145375	1560
cg20576195	0.21194190644412658	1560
cg08506990	0.21194073729482066	1560
cg15831500	0.2119399982336751	1560
cg21396286	0.2119393223640138	1560
cg01028657	0.21193774240274563	1560
cg14486372	0.21193752203659746	1560
cg05736642	0.2119375157202138	1560
cg03197935	0.21193725720113743	1560
cg24275379	0.21193644380197954	1560
cg01988616	0.2119363645059307	1560
cg01302066	0.2119359745715291	1560
cg19222405	0.21193523617558666	1560
cg14075211	0.21193515303862168	1560
cg10147479	0.21193429676221753	1560
cg15292706	0.21193367197887933	1560
cg11123807	0.2119334105354767	1560
cg23886218	0.2119330973612366	1560
cg14287951	0.21193304758390263	1560
cg10896230	0.21193247670018986	1560
cg09778963	0.21193238468905568	1560
cg05259765	0.21193151184467446	1560
cg20462978	0.21193146586072506	1560
cg13828378	0.21193119008352734	1560
cg05368608	0.21192991846602885	1560
cg04410355	0.21192986324360635	1560
cg19205500	0.21192966047466763	1560
cg04313968	0.21192958195889716	1560
cg00139242	0.2119294507761402	1560
cg21003465	0.21192899354878106	1560
cg23620047	0.2119283602852655	1560
cg07420261	0.21192820701123888	1560
cg03998588	0.21192752011906174	1560
cg05548508	0.21192643048641288	1560
cg16169732	0.21192640182202852	1560
cg15330419	0.21192636600525827	1560
cg19018941	0.21192607428295965	1560
cg18704724	0.21192600058486555	1560
cg23719322	0.21192578483379618	1560
cg14572808	0.21192556357221254	1560
cg16586970	0.21192494655399735	1560
cg27548450	0.21192463405599954	1560
cg27031367	0.21192456974483423	1560
cg06475006	0.2119241225161055	1560
cg12195798	0.211924055253444	1560
cg21734751	0.2119227580471159	1560
cg19111712	0.2119223235183873	1560
cg01014113	0.21192213865646214	1560
cg13167810	0.21192204816960286	1560
cg00940526	0.21192183213009028	1560
cg15100947	0.21192140065969134	1560
cg09214240	0.21192074314683887	1560
cg15381162	0.2119205102989766	1560
cg17678224	0.21192011804762456	1560
cg08648566	0.21191972939440185	1560
cg25520701	0.21191966944452859	1560
cg11599469	0.21191864226104187	1560
cg10941006	0.21191737192725654	1560
cg17530918	0.21191691111656943	1560
cg14694622	0.21191688670206846	1560
cg15989594	0.21191646662148736	1560
cg05479174	0.21191645903277068	1560
cg24773290	0.21191443690908912	1560
cg11828104	0.21191432415437744	1560
cg26949393	0.21191429755635605	1560
cg00509335	0.21191279546520025	1560
cg08869674	0.2119119534202856	1560
cg06917858	0.21191175454249372	1560
cg02774963	0.21191113496542655	1560
cg12041308	0.21191107766814316	1560
cg07017532	0.2119110353890532	1560
cg18193613	0.21191092816766915	1560
cg15549029	0.21191016376456473	1560
cg20102010	0.2119094794697378	1560
cg00959308	0.21190929812328727	1560
cg11699511	0.21190926236089028	1560
cg17212304	0.21190891411252852	1560
cg03378720	0.21190884765844473	1560
cg14279997	0.21190861546540563	1560
cg17069662	0.2119078172598202	1560
cg16970087	0.21190729956302173	1560
cg27387956	0.211907149307658	1560
cg02345908	0.21190694572520813	1560
cg17856907	0.2119061372303433	1560
cg09679939	0.21190467199466376	1560
cg24583287	0.21190415857085693	1560
cg19091830	0.21190394317683234	1560
cg04147272	0.21190386828401042	1560
cg01397308	0.21190385900166075	1560
cg27459381	0.21190315608263802	1560
cg05305413	0.2119030033438194	1560
cg06312066	0.21190248919317814	1560
cg02172792	0.21190241088983414	1560
cg10662901	0.21190094972383106	1560
cg02963556	0.21190054855819884	1560
cg09806900	0.21190048083543409	1560
cg27355009	0.21190019729684872	1560
cg01213455	0.2119001602621633	1560
cg08580870	0.21189985895453745	1560
cg19885786	0.2118988604034878	1560
cg22183057	0.21189874948376253	1560
cg25599641	0.21189842129280217	1560
cg08994789	0.2118981832837636	1560
cg17059510	0.21189788641183294	1560
cg04189295	0.2118977973565438	1560
cg23978004	0.21189736231930367	1560
cg01337429	0.21189714288841935	1560
cg01798661	0.21189499328147052	1560
cg21364020	0.2118945703281266	1560
cg09228831	0.21189452552519772	1560
cg09258022	0.2118943323830752	1560
cg05760962	0.2118941222873548	1560
cg06454410	0.21189361926811967	1560
cg24185785	0.21189328584150924	1560
cg26312854	0.21189272467923473	1560
cg00848509	0.21189264866681767	1560
cg24842740	0.21189253956783818	1560
cg04557181	0.21189201838306473	1560
cg13785473	0.21189124389776834	1560
cg06673559	0.21189070704666627	1560
cg13649020	0.21188805770343933	1560
cg18447460	0.21188747134449065	1560
cg02475948	0.21188731871461466	1560
cg07028241	0.2118863422978329	1560
cg27471537	0.2118855390568814	1560
cg03054449	0.21188496841938365	1560
cg16672557	0.21188413850024088	1560
cg04226092	0.21188392689031	1560
cg12534176	0.21188292781152782	1560
cg10063037	0.2118823480940618	1560
cg18411055	0.2118820628164591	1560
cg14575255	0.21188174872087423	1560
cg01590049	0.21188105071992988	1560
cg22144583	0.2118806053407471	1560
cg19937331	0.21188043392056913	1560
cg24377150	0.21188008132042607	1560
cg09092132	0.21187880310325446	1560
cg04661591	0.211878752785398	1560
cg11813940	0.21187843798356126	1560
cg24512897	0.2118784285023977	1560
cg20117402	0.2118782694538797	1560
cg12766106	0.21187799726418383	1560
cg18536607	0.2118777253826519	1560
cg02774087	0.21187750353078716	1560
cg09524271	0.21187654913581946	1560
cg15914340	0.2118765218807522	1560
cg03938516	0.2118763794457131	1560
cg09604840	0.21187628103481915	1560
cg15641872	0.21187604732794052	1560
cg12746706	0.21187564304860215	1560
cg06060218	0.21187549318468663	1560
cg19849323	0.21187547356428282	1560
cg21830726	0.21187524670631758	1560
cg07775147	0.21187482459196486	1560
cg02654411	0.21187410421690658	1560
cg17196946	0.2118737973903163	1560
cg08876370	0.21187378096911658	1560
cg07640390	0.21187366744864758	1560
cg01768820	0.21187355596454094	1560
cg02354388	0.21187352731802483	1560
cg02394578	0.21187347387722394	1560
cg16898219	0.21187309694483056	1560
cg17876201	0.21187300402648834	1560
cg04254242	0.21187245857347672	1560
cg08238166	0.21187233907202146	1560
cg26464361	0.21187216371828252	1560
cg02575406	0.21187191477916148	1560
cg00809338	0.2118711709297124	1560
cg18755404	0.21187008659116893	1560
cg16701523	0.21186927315651205	1560
cg06260789	0.21186878730301634	1560
cg21648598	0.21186822306183822	1560
cg14677612	0.21186780145923453	1560
cg20630151	0.21186730012532448	1560
cg08893298	0.21186721710434717	1560
cg23657707	0.21186682507604884	1560
cg07855447	0.21186641833336156	1560
cg26872968	0.21186626998112978	1560
cg24165439	0.21186471469523754	1560
cg04043957	0.21186430747261237	1560
cg20330217	0.21186331081235335	1560
cg23309512	0.21186284653287935	1560
cg17840539	0.21186251882184068	1560
cg22051399	0.2118623309808312	1560
cg16673522	0.21186220221701016	1560
cg12760573	0.21186184462459262	1560
cg00534362	0.21186151086782684	1560
cg25537119	0.21186078102200917	1560
cg19978859	0.21186056804202846	1560
cg20976019	0.21186038366847107	1560
cg22047896	0.2118603776090923	1560
cg19565299	0.21185884531833368	1560
cg26604444	0.211858186938506	1560
cg27578637	0.21185729603831333	1560
cg18910243	0.21185640770375785	1560
cg17994840	0.21185546310353087	1560
cg11785980	0.21185545849415285	1560
cg24687395	0.21185532732440182	1560
cg27362115	0.21185516846997132	1560
cg22025255	0.2118551158255615	1560
cg13869233	0.21185420206340488	1560
cg13618137	0.21185362699304508	1560
cg13714689	0.21185347559345116	1560
cg11902062	0.2118530445830068	1560
cg25647665	0.2118526905993921	1560
cg23416937	0.21185267120327478	1560
cg24254692	0.21185215082629197	1560
cg16686273	0.21185210624922673	1560
cg24949747	0.21185197180945334	1560
cg01363572	0.2118514354811473	1560
cg02257703	0.21185088657372245	1560
cg02659030	0.21185034962027585	1560
cg00132716	0.21184976586555695	1560
cg04216480	0.2118496780227129	1560
cg14806518	0.21184957262322335	1560
cg14487379	0.21184952144791047	1560
cg11065718	0.21184841565455237	1560
cg24545602	0.21184814108438682	1560
cg21869590	0.21184793880688266	1560
cg12221970	0.21184685920802993	1560
cg11320517	0.2118467188958149	1560
cg23253752	0.21184591842146927	1560
cg08506026	0.2118458690656495	1560
cg00159379	0.21184518154902285	1560
cg08524179	0.21184501242207895	1560
cg02571503	0.21184376554556864	1560
cg25621094	0.21184328026490287	1560
cg02482279	0.2118429605205744	1560
cg08877142	0.21184274915806606	1560
cg10179806	0.21184250550132547	1560
cg00497219	0.211842095368805	1560
cg00550703	0.21184191193092428	1560
cg25695466	0.21184176043447525	1560
cg25856473	0.21184131169566228	1560
cg18328190	0.2118399839549271	1560
cg22762745	0.21183997575433317	1560
cg20963865	0.21183883863899822	1560
cg26650007	0.2118380656881148	1560
cg02750850	0.21183805567045552	1560
cg19667082	0.21183787354398892	1560
cg14639567	0.2118378663672961	1560
cg24744500	0.2118371663515227	1560
cg05503799	0.21183682811799925	1560
cg22709985	0.21183633820423287	1560
cg01369233	0.21183630308273718	1560
cg17584288	0.21183582969488443	1560
cg24980040	0.21183485376197825	1560
cg21582524	0.21183470474451158	1560
cg04641165	0.21183434554596334	1560
cg06493973	0.21183352017711968	1560
cg25936168	0.2118327606374625	1560
cg23910524	0.21183232640010793	1560
cg21331335	0.21183207009645735	1560
cg25117844	0.21183186067607948	1560
cg20522029	0.21183181814569146	1560
cg07928709	0.2118315275601626	1560
cg14254562	0.2118314392977969	1560
cg20572915	0.2118312113219101	1560
cg26535650	0.21182929852430812	1560
cg12025832	0.2118292015641059	1560
cg21233057	0.21182893819026996	1560
cg15196802	0.21182852328230328	1560
cg09936762	0.21182747973889257	1560
cg07608508	0.2118269682421393	1560
cg15230258	0.21182656887027723	1560
cg06705138	0.2118263200952086	1560
cg23790050	0.2118259096275527	1560
cg00879475	0.21182520050507242	1560
cg03960382	0.21182483950783285	1560
cg12496783	0.21182341704526325	1560
cg11071242	0.21182320926554918	1560
cg18835493	0.21182293870422192	1560
cg07535903	0.21182259375384935	1560
cg10030658	0.21182225627781234	1560
cg16562913	0.21182201799587852	1560
cg04304434	0.21182200982818666	1560
cg20285609	0.2118219865403361	1560
cg22267234	0.2118213265960717	1560
cg04741281	0.21182026267773205	1560
cg16558253	0.21182000596511924	1560
cg04474671	0.21181984084235833	1560
cg21300403	0.2118197895019798	1560
cg03903846	0.2118197514124471	1560
cg01720795	0.21181966147372122	1560
cg24741873	0.21181916243249221	1560
cg00661222	0.21181721117141042	1560
cg27454540	0.2118165242391483	1560
cg03428036	0.21181646328932846	1560
cg22706070	0.21181510279963936	1560
cg01813877	0.21181468884489874	1560
cg04732324	0.21181439701448312	1560
cg06615743	0.21181373102122814	1560
cg16168570	0.21181193325287223	1560
cg21544698	0.211811277247337	1560
cg14160016	0.21181088273498505	1560
cg17741080	0.211810740917768	1560
cg14152608	0.2118102449927462	1560
cg08336593	0.21180993079106394	1560
cg19204693	0.21180985717243436	1560
cg11570843	0.21180961453343783	1560
cg08100031	0.2118089312984226	1560
cg16038181	0.21180868363095195	1560
cg16172672	0.21180820389803354	1560
cg05538358	0.2118080471940972	1560
cg14534337	0.21180730065519113	1560
cg18024859	0.21180576913495788	1560
cg22703164	0.21180485025378587	1560
cg06053173	0.21180483345550927	1560
cg07745999	0.21180453212481964	1560
cg04478606	0.21180431781667405	1560
cg19702343	0.21180427022514473	1560
cg07594933	0.21180420794581625	1560
cg24932817	0.21180328068688023	1560
cg14464057	0.21180302759854475	1560
cg27291238	0.2118025977717202	1560
cg22270914	0.2118021358677173	1560
cg14447077	0.21180210124217896	1560
cg23828593	0.21180169132774057	1560
cg13222706	0.21180067719832812	1560
cg14118586	0.21179982050826632	1560
cg24130945	0.21179978726612664	1560
cg20312557	0.21179976412724794	1560
cg00730260	0.2117994054407399	1560
cg01395499	0.21179887617862575	1560
cg18988327	0.2117986822489688	1560
cg03767565	0.21179827360334685	1560
cg09103518	0.21179820184474882	1560
cg23080287	0.21179804185573742	1560
cg23369760	0.21179782358177238	1560
cg01836910	0.2117972241147064	1560
cg08885100	0.21179637652389183	1560
cg11596075	0.21179630722508602	1560
cg05657651	0.21179523742713277	1560
cg10477316	0.21179488633638324	1560
cg09429180	0.2117946035064867	1560
cg12859716	0.2117933522475534	1560
cg04213213	0.21179321476400573	1560
cg25243171	0.21179315458181552	1560
cg06975166	0.21179286032572175	1560
cg15639464	0.21179254996944538	1560
cg17774001	0.21179200064904172	1560
cg03600270	0.21179077546270791	1560
cg22242926	0.2117905733007548	1560
cg16623157	0.21179036292902087	1560
cg15687780	0.2117900895364849	1560
cg18260869	0.21178888918656963	1560
cg03595899	0.21178854869069172	1560
cg02966236	0.21178843203358447	1560
cg14395537	0.21178828611861664	1560
cg00023351	0.21178772082972647	1560
cg20566645	0.2117868834978927	1560
cg14101284	0.21178674061555725	1560
cg04896543	0.2117867003475168	1560
cg04349219	0.2117857278402989	1560
cg23394849	0.21178450410589716	1560
cg00542261	0.21178438916874856	1560
cg07556730	0.21178411557228966	1560
cg13545320	0.21178372501451584	1560
cg20200811	0.21178274071328038	1560
cg07301508	0.2117826961313666	1560
cg06427957	0.21178230519035215	1560
cg26484017	0.2117822182715222	1560
cg08553217	0.2117814650472678	1560
cg24688413	0.21178127783776957	1560
cg18313137	0.2117808098314788	1560
cg23731124	0.2117805592090618	1560
cg09941367	0.2117803500598569	1560
cg00995807	0.21177996658730797	1560
cg21483216	0.2117797986432547	1560
cg13979800	0.21177959805726526	1560
cg12793924	0.21177904112827076	1560
cg21430939	0.21177861641815396	1560
cg16490526	0.2117782621236352	1560
cg18190824	0.2117778359082491	1560
cg26283257	0.2117759093172217	1560
cg08081615	0.21177560961508035	1560
cg11584376	0.21177418939075285	1560
cg04293328	0.21177413863886124	1560
cg22954787	0.21177396962791176	1560
cg09027436	0.21177384592772125	1560
cg00896254	0.21177360743648588	1560
cg14014936	0.211773283077807	1560
cg08711118	0.21177207283321167	1560
cg07157757	0.21177073816133887	1560
cg15139038	0.21177027089701325	1560
cg16409259	0.21176996840365825	1560
cg11221047	0.21176956260504928	1560
cg17077042	0.21176952110954309	1560
cg04179165	0.2117693720264653	1560
cg09027266	0.2117689081161472	1560
cg26819757	0.21176879622208422	1560
cg02657505	0.2117685080727584	1560
cg11907607	0.2117682626302984	1560
cg17279592	0.21176755634985764	1560
cg00185988	0.21176530326240997	1560
cg10874402	0.21176520438341032	1560
cg13812894	0.21176423730631544	1560
cg11739297	0.21176421463369216	1560
cg00548595	0.21176373903698067	1560
cg24538967	0.2117630465560337	1560
cg02668261	0.21176270423268206	1560
cg13838057	0.21176253909542372	1560
cg24138194	0.21176135742928368	1560
cg07035499	0.21176059805465863	1560
cg18860644	0.21176037875507295	1560
cg16363695	0.21175950762577853	1560
cg15920655	0.21175949275671457	1560
cg14897298	0.21175929146025851	1560
cg23529513	0.21175898928094036	1560
cg20714128	0.21175822344566508	1560
cg14575687	0.2117580651608529	1560
cg05160272	0.21175670647229053	1560
cg11198912	0.2117561918629775	1560
cg11432488	0.2117558689528963	1560
cg22718310	0.21175579071623085	1560
cg06690644	0.2117555059360456	1560
cg20118424	0.21175533604214172	1560
cg09924322	0.21175505922035517	1560
cg04902899	0.21175444805534369	1560
cg18361395	0.2117543401968715	1560
cg17494446	0.21175384932519126	1560
cg25887739	0.21175384164025696	1560
cg23990641	0.2117535486109718	1560
cg15948071	0.21175286128652765	1560
cg21113603	0.21175211629465013	1560
cg17627973	0.21175006592570295	1560
cg06768385	0.21174841794301028	1560
cg20980408	0.21174735788104607	1560
cg18179964	0.21174671575777818	1560
cg08924917	0.2117464528292125	1560
cg03955375	0.21174639393493194	1560
cg22309489	0.21174599381947182	1560
cg19322445	0.211745984680528	1560
cg03206533	0.21174592445900778	1560
cg07584087	0.211745770967205	1560
cg09942492	0.21174564632573184	1560
cg20672871	0.21174535730922575	1560
cg22400291	0.2117452602371616	1560
cg13879247	0.21174322738988055	1560
cg00971175	0.21174310846037397	1560
cg23068476	0.21174306301553644	1560
cg10480461	0.21174197773068568	1560
cg06372607	0.21174103169874742	1560
cg26542461	0.211740978976013	1560
cg08113639	0.21174095076484545	1560
cg06265946	0.21174094751823203	1560
cg12167432	0.21174088602990074	1560
cg14010039	0.21174066578281045	1560
cg09851072	0.21174029210456727	1560
cg25127011	0.21173963849099348	1560
cg02523014	0.2117385542679828	1560
cg07627628	0.211738395341487	1560
cg19224938	0.2117382847175271	1560
cg27070729	0.21173828422517293	1560
cg23355040	0.21173753538205073	1560
cg10189593	0.21173746950348893	1560
cg24508547	0.21173633280241866	1560
cg13495167	0.21173621849019916	1560
cg12770336	0.21173536749639404	1560
cg11186754	0.2117345887732293	1560
cg11737879	0.21173253649080348	1560
cg03530437	0.2117315966415215	1560
cg22044635	0.21173150851696973	1560
cg27014593	0.21173094345794505	1560
cg27169819	0.21173043794975444	1560
cg13766043	0.2117299995699281	1560
cg17334836	0.21172932418476892	1560
cg14581018	0.21172920810164148	1560
cg04657294	0.21172895445278206	1560
cg04506563	0.21172879157358113	1560
cg19102575	0.21172859667924734	1560
cg07594539	0.21172798019533307	1560
cg12960201	0.21172794774270712	1560
cg06194010	0.2117278137918838	1560
cg01504589	0.21172779319296553	1560
cg05435315	0.21172772231205883	1560
cg27535341	0.21172742217380125	1560
cg27546349	0.21172698970569345	1560
cg08983215	0.21172442281410966	1560
cg08182594	0.21172441788847546	1560
cg09592463	0.21172366226315717	1560
cg08787332	0.21172335616717805	1560
cg08776711	0.21172311646765152	1560
cg22033754	0.21172191818826253	1560
cg17247149	0.21172181264272644	1560
cg07989437	0.21172100557912465	1560
cg07617152	0.2117198251963691	1560
cg02574484	0.211719383871169	1560
cg06665485	0.21171918571862292	1560
cg02552097	0.2117184277937948	1560
cg13054323	0.2117183201421462	1560
cg27109043	0.21171759324654046	1560
cg01129439	0.2117165452693658	1560
cg27650089	0.21171643804775908	1560
cg04775383	0.21171592967636382	1560
cg20616125	0.2117153602239161	1560
cg10002850	0.21171505428897858	1560
cg12706662	0.21171492755075427	1560
cg06927813	0.21171492703693015	1560
cg09082480	0.21171456001386335	1560
cg00110687	0.2117129538954515	1560
cg22011436	0.21171292952675566	1560
cg04234708	0.21171284229878318	1560
cg05402976	0.21171271646007234	1560
cg01039421	0.21171219235864747	1560
cg10707565	0.21171136086684011	1560
cg09265417	0.21171129675594724	1560
cg26405128	0.2117103063614205	1560
cg22000692	0.2117099174506205	1560
cg08525424	0.21170969879859652	1560
cg18212924	0.21170888091951182	1560
cg14127956	0.21170884600492323	1560
cg26334848	0.2117088241324955	1560
cg14759549	0.21170835368813365	1560
cg20023155	0.21170813682318984	1560
cg20269352	0.2117080358006528	1560
cg19242112	0.21170775087804264	1560
cg17863660	0.21170759675639872	1560
cg20318405	0.21170751534822316	1560
cg21838952	0.21170723918055592	1560
cg16642517	0.21170674776471793	1560
cg16142965	0.2117062203831435	1560
cg19745903	0.21170607617885323	1560
cg11014073	0.21170589208176252	1560
cg21330802	0.2117057436174678	1560
cg08060718	0.2117053439433679	1560
cg19780643	0.2117043744257577	1560
cg07603843	0.21170385073401782	1560
cg27611274	0.2117033531291332	1560
cg01689616	0.2117021895899555	1560
cg11792616	0.21170123026121485	1560
cg25252495	0.211701169414662	1560
cg11143157	0.2117010530043538	1560
cg24555468	0.21170081016101827	1560
cg11700868	0.21170052863133532	1560
cg19149140	0.2116997951832084	1560
cg08908135	0.2116967194283727	1560
cg23211158	0.21169628865366172	1560
cg17015575	0.21169609148016266	1560
cg14181908	0.21169589203351738	1560
cg13434216	0.21169578601977151	1560
cg00569718	0.21169477138396467	1560
cg07611718	0.21169445295619452	1560
cg23771187	0.21169404445081216	1560
cg26291292	0.2116939938260761	1560
cg18190534	0.21169372412640836	1560
cg15053937	0.21169173141338293	1560
cg08856841	0.21169157908049696	1560
cg23259694	0.211691319118781	1560
cg09608534	0.21169113374002127	1560
cg16678014	0.21169069603184795	1560
cg07420465	0.21169046177609185	1560
cg20917322	0.21168938738770746	1560
cg12600417	0.21168937710741204	1560
cg02781280	0.21168931175974634	1560
cg10804438	0.21168756410827816	1560
cg05860028	0.21168752976542213	1560
cg06351055	0.2116874473765575	1560
cg07529930	0.21168734575818005	1560
cg03216596	0.21168715570488023	1560
cg26003388	0.21168707796212743	1560
cg01610164	0.21168704783878697	1560
cg01838385	0.2116869889372109	1560
cg10837685	0.21168501686907878	1560
cg14340619	0.2116848703025096	1560
cg09999673	0.21168485241110419	1560
cg06186877	0.2116843992414815	1560
cg21842061	0.2116843469059834	1560
cg15952483	0.21168424084634255	1560
cg23685586	0.2116836635439638	1560
cg26493622	0.211682779485928	1560
cg09433131	0.21168272780368597	1560
cg01948955	0.21168262296339135	1560
cg13313214	0.21168237888385938	1560
cg26368737	0.211679819722332	1560
cg07595943	0.21167960012136758	1560
cg21991616	0.2116794471246159	1560
cg13223803	0.21167876110330366	1560
cg08582346	0.21167833379287032	1560
cg06242751	0.21167672929329123	1560
cg24665113	0.21167642206354131	1560
cg10324615	0.21167631096145598	1560
cg09879186	0.21167400571920097	1560
cg11944324	0.21167389481375826	1560
cg11647439	0.21167360351997486	1560
cg13228952	0.2116728803505711	1560
cg18863666	0.21167225888911045	1560
cg25565264	0.211671498049726	1560
cg13007580	0.21167028231533114	1560
cg19698472	0.21167009570222073	1560
cg07176884	0.2116698630911338	1560
cg12144754	0.21166945496415143	1560
cg09597710	0.2116689803144241	1560
cg26591117	0.21166869186866835	1560
cg01262836	0.21166818275315438	1560
cg09375284	0.2116676751192308	1560
cg13563932	0.21166764094324875	1560
cg09250959	0.21166716084721426	1560
cg18470649	0.21166702517058833	1560
cg08535411	0.21166637250032772	1560
cg12998434	0.21166626874161637	1560
cg09641537	0.21166588314645246	1560
cg21784598	0.21166576690283376	1560
cg11661204	0.2116655069791101	1560
cg25642180	0.21166538255129233	1560
cg25686649	0.21166514949116744	1560
cg02690148	0.21166508746903145	1560
cg15891310	0.21166485769592452	1560
cg02819808	0.2116646209140995	1560
cg16575998	0.21166418332021947	1560
cg06582789	0.21166362885849635	1560
cg07335435	0.21166357186695214	1560
cg20647485	0.21166246120771812	1560
cg01094351	0.211662390968079	1560
cg11803803	0.21166214076478812	1560
cg20208853	0.2116615411996232	1560
cg09520126	0.21166110129712495	1560
cg07798137	0.2116606896754859	1560
cg16583863	0.21165985521251118	1560
cg25764217	0.21165951547214865	1560
cg10068133	0.21165846703776722	1560
cg18318715	0.21165796416916582	1560
cg08906366	0.2116568256361513	1560
cg16369651	0.21165674780454619	1560
cg08568670	0.21165552816056635	1560
cg05858612	0.21165522587088362	1560
cg15108752	0.21165464978047865	1560
cg17844448	0.21165430713943947	1560
cg20000326	0.21165368327407683	1560
cg26910936	0.21165343040094783	1560
cg07929112	0.21165142116847088	1560
cg00394247	0.21165130135706775	1560
cg09295021	0.2116508354065219	1560
cg25314706	0.2116497894792863	1560
cg00785831	0.21164899069366655	1560
cg09761705	0.21164877640827306	1560
cg19553158	0.2116482839861933	1560
cg05507234	0.2116482326835478	1560
cg02689735	0.21164794198325407	1560
cg16640753	0.21164788433112938	1560
cg19238270	0.21164671304415525	1560
cg07144124	0.21164636281450908	1560
cg10822339	0.21164620257535663	1560
cg20101349	0.21164532220656312	1560
cg00178877	0.21164493596493686	1560
cg00452622	0.21164393537500314	1560
cg05370068	0.21164374907545433	1560
cg07288027	0.21164351435649456	1560
cg03207674	0.21164299062615688	1560
cg25818991	0.2116424385505416	1560
cg18256252	0.2116413500705667	1560
cg02255107	0.211641005616778	1560
cg23669504	0.21164057512032416	1560
cg08516083	0.2116383767858039	1560
cg00689330	0.2116381600813412	1560
cg16624788	0.21163787855171096	1560
cg02981208	0.21163749572989424	1560
cg02208820	0.2116374728413769	1560
cg06064990	0.21163735968165284	1560
cg05658771	0.21163734641340481	1560
cg04212699	0.2116372919079529	1560
cg02332769	0.21163464213394545	1560
cg14798310	0.21163438000497112	1560
cg15068800	0.2116343384966576	1560
cg24420726	0.21163429627245617	1560
cg22412741	0.21163366491953045	1560
cg25113589	0.21163350766531375	1560
cg07854662	0.21163318946853127	1560
cg10481617	0.21163294877594133	1560
cg10382533	0.21163287207030196	1560
cg06385584	0.2116327566155904	1560
cg25556614	0.2116321801057232	1560
cg24883601	0.2116312801819753	1560
cg21469707	0.21163097546643922	1560
cg19085918	0.21163055104757778	1560
cg11055798	0.21163038065727108	1560
cg06343615	0.21162998719917436	1560
cg21565496	0.21162967837699986	1560
cg18227442	0.21162963781999916	1560
cg09780394	0.21162815494050094	1560
cg11696975	0.21162795344578422	1560
cg12624155	0.2116270864779135	1560
cg23225699	0.21162581925867982	1560
cg04791678	0.2116257139302819	1560
cg03628265	0.2116254904744452	1560
cg08456722	0.21162516852734997	1560
cg15048972	0.2116251072691652	1560
cg09437287	0.21162504594652898	1560
cg08216306	0.21162441089802922	1560
cg17859393	0.21162422588523996	1560
cg15368055	0.2116234433234413	1560
cg16532362	0.21162325389700354	1560
cg09758490	0.2116226860370101	1560
cg12513520	0.21162190654875587	1560
cg07029781	0.211621190317542	1560
cg16530426	0.2116209376157617	1560
cg09704049	0.21162015197794756	1560
cg14105835	0.21162010239462958	1560
cg12710376	0.21162000420048194	1560
cg01812047	0.21161944132892052	1560
cg00084958	0.21161933578172754	1560
cg12989745	0.21161931563052275	1560
cg10984327	0.21161926596154135	1560
cg01807426	0.21161870181628534	1560
cg22442210	0.2116178736819928	1560
cg12369063	0.21161764372961367	1560
cg26017564	0.21161715775659468	1560
cg13291296	0.21161709772688786	1560
cg03697570	0.2116163134143943	1560
cg00398268	0.2116161949754764	1560
cg05132118	0.21161555622360168	1560
cg25092670	0.21161529590912048	1560
cg21554848	0.21161480363580762	1560
cg08336687	0.21161421304310615	1560
cg23287404	0.21161392713360583	1560
cg27380631	0.21161352716195908	1560
cg03269667	0.21161342963682778	1560
cg12986611	0.2116132334408487	1560
cg05650568	0.2116131212207239	1560
cg02915805	0.21161311956334472	1560
cg14582845	0.21161246378911344	1560
cg03930532	0.2116123255704436	1560
cg26592560	0.2116116163838745	1560
cg24329710	0.21161073328146082	1560
cg06781910	0.21161024774165327	1560
cg11289878	0.21160936541847383	1560
cg07268571	0.2116093150489539	1560
cg27041304	0.21160921559115195	1560
cg25567438	0.21160855363845135	1560
cg01555432	0.2116078201507056	1560
cg08310476	0.2116076515992751	1560
cg17362593	0.21160749668657117	1560
cg10406520	0.2116074198611375	1560
cg06733881	0.21160694428859744	1560
cg21540984	0.2116066511768167	1560
cg24586376	0.2116060489538542	1560
cg25974777	0.2116059387524614	1560
cg09415601	0.21160513532511693	1560
cg02111299	0.2116034287675731	1560
cg13242754	0.21160318783535315	1560
cg26903216	0.21160245187035087	1560
cg14311538	0.211601860033846	1560
cg09753648	0.2116018335542384	1560
cg10082963	0.21160154424941313	1560
cg24382918	0.21160087852123824	1560
cg26816426	0.21159969750540916	1560
cg09424275	0.21159957657564377	1560
cg19452739	0.21159909831685217	1560
cg02571054	0.21159880406103523	1560
cg03738579	0.21159876135705702	1560
cg14440723	0.21159786372359124	1560
cg23223544	0.21159750269836367	1560
cg01805904	0.21159733200181682	1560
cg23691516	0.21159731990312325	1560
cg20128192	0.21159701364124153	1560
cg17190420	0.21159510486862526	1560
cg05637092	0.21159485044704823	1560
cg07269557	0.21159413937860128	1560
cg22170621	0.21159403330216428	1560
cg05069595	0.21159367553143865	1560
cg23801338	0.21159246012748692	1560
cg02185402	0.2115920134041656	1560
cg16808036	0.2115910435350507	1560
cg01258392	0.2115899203887272	1560
cg02726524	0.21158984296874156	1560
cg26899526	0.21158884166745842	1560
cg23975053	0.2115872801542232	1560
cg05349952	0.21158696971713356	1560
cg00720707	0.21158636634528188	1560
cg06487098	0.21158548836901325	1560
cg11728867	0.2115848516059706	1560
cg22984902	0.21158388425303795	1560
cg08483160	0.21158336635462682	1560
cg14320729	0.2115814530452247	1560
cg05501672	0.2115813239812472	1560
cg17372408	0.21158050356063468	1560
cg05988147	0.2115803291932588	1560
cg24872217	0.21158007596642736	1560
cg01150866	0.21157954565950687	1560
cg04469962	0.21157932261529766	1560
cg14256536	0.21157889360547324	1560
cg18973396	0.21157815518764145	1560
cg02885922	0.21157807175644056	1560
cg08397456	0.21157768149383607	1560
cg23893942	0.211576408685351	1560
cg13390740	0.21157578095089116	1560
cg17366808	0.21157552848446498	1560
cg25162913	0.21157536422703233	1560
cg10595753	0.21157417535069442	1560
cg25577524	0.2115737951793572	1560
cg18489606	0.21157320926505685	1560
cg20048245	0.21157283509172176	1560
cg18089747	0.21157188464603702	1560
cg08018179	0.21157185223978836	1560
cg07201835	0.21157131559648262	1560
cg12278697	0.21157082310895084	1560
cg24925907	0.2115706844894264	1560
cg17071409	0.21157003481452497	1560
cg21386952	0.21157000162825995	1560
cg10313065	0.21156976781416176	1560
cg08057475	0.21156969303016943	1560
cg17827271	0.21156958137552373	1560
cg03537537	0.21156952259791348	1560
cg19587828	0.21156850655123213	1560
cg04427990	0.21156832068871315	1560
cg24905901	0.21156810221639358	1560
cg01386868	0.2115681018411381	1560
cg10036895	0.21156751278429822	1560
cg00040986	0.21156691676726533	1560
cg06951398	0.211566390948021	1560
cg11458650	0.21156564307864792	1560
cg21442603	0.21156545976420135	1560
cg06624418	0.21156491396281568	1560
cg25283432	0.21156462236355972	1560
cg19174554	0.21156338818110793	1560
cg17552869	0.2115630630299456	1560
cg22831256	0.2115630152224754	1560
cg15176874	0.21156289266048864	1560
cg00665482	0.21156246783763405	1560
cg17793354	0.21156048686519238	1560
cg09526022	0.2115603820931284	1560
cg13361747	0.21156026958030275	1560
cg03893946	0.21156013214457778	1560
cg03585453	0.2115600404671084	1560
cg11314174	0.21155976634986876	1560
cg02710481	0.21155962641114542	1560
cg25690202	0.21155946990830798	1560
cg27635395	0.21155911496662524	1560
cg01868762	0.2115585655243853	1560
cg18766691	0.2115574126745457	1560
cg00231754	0.2115560881587704	1560
cg20965017	0.21155534229407413	1560
cg25269000	0.21155402836446496	1560
cg11635483	0.21155386170846047	1560
cg13461192	0.21155347733800492	1560
cg19995964	0.21155329831731678	1560
cg13275515	0.21155292642487805	1560
cg19121163	0.2115527695127977	1560
cg17317007	0.21155233619380684	1560
cg00414709	0.21155187943742196	1560
cg01572468	0.211551140649322	1560
cg00757391	0.21155042124182347	1560
cg25319188	0.21154962549723758	1560
cg08770358	0.2115494520763427	1560
cg14401583	0.21154934461707695	1560
cg26748598	0.2115493223942642	1560
cg19442702	0.21154909133045757	1560
cg12236505	0.21154892504525655	1560
cg06664147	0.21154733044902022	1560
cg23904004	0.21154724213297604	1560
cg15342873	0.211546718752963	1560
cg21344537	0.21154293631770352	1560
cg06756983	0.21154252546953975	1560
cg10479434	0.2115420202868443	1560
cg09480515	0.2115414535859043	1560
cg04664618	0.21154141573730822	1560
cg18959169	0.2115396302694574	1560
cg00433050	0.2115386713683365	1560
cg06557376	0.21153736015374008	1560
cg21175760	0.2115368621702372	1560
cg15985875	0.21153666216692826	1560
cg14393952	0.21153637511697668	1560
cg17015340	0.21153626532657818	1560
cg21358343	0.2115361676593177	1560
cg06790862	0.21153604027960748	1560
cg05790579	0.2115357920566034	1560
cg02017074	0.21153572257287084	1560
cg25597208	0.21153554821889625	1560
cg03344672	0.21153508177435482	1560
cg18498565	0.21153456840238935	1560
cg10676472	0.21153403292495762	1560
cg02631868	0.21153338966544946	1560
cg26455685	0.21153337903064917	1560
cg15575834	0.21153196367022598	1560
cg17342499	0.2115319540924384	1560
cg17735372	0.2115314263432203	1560
cg00569808	0.21153140265800094	1560
cg17759736	0.21153131280878723	1560
cg16446015	0.211531099721255	1560
cg00402873	0.21153068979569298	1560
cg00496378	0.2115302836675071	1560
cg14461006	0.21152936662751742	1560
cg06102342	0.21152890887795564	1560
cg01459778	0.21152883256985036	1560
cg07090057	0.21152868022008792	1560
cg08815365	0.21152839740797308	1560
cg25418484	0.21152836973047412	1560
cg15699243	0.2115278820674498	1560
cg04591734	0.21152735307361023	1560
cg13270853	0.21152675707703195	1560
cg02455471	0.2115246979831038	1560
cg05892817	0.2115244766689861	1560
cg06735849	0.21152416012573427	1560
cg02574952	0.21152368624764795	1560
cg14636164	0.21152325498189894	1560
cg08588635	0.21152263822421255	1560
cg16653385	0.21152194059829282	1560
cg01005350	0.21152175803995743	1560
cg16601444	0.2115207786095438	1560
cg16034562	0.21152014073407388	1560
cg26062621	0.2115195871208187	1560
cg10809622	0.21151944128252437	1560
cg11167446	0.21151893629711266	1560
cg26975807	0.21151892785745963	1560
cg26469081	0.2115188799192555	1560
cg19189291	0.2115186898292422	1560
cg23046154	0.21151857533598967	1560
cg04136445	0.21151842694621006	1560
cg07660693	0.21151830477818545	1560
cg03386811	0.21151813327613264	1560
cg16584901	0.21151733883634197	1560
cg16253779	0.21151587731032553	1560
cg14650175	0.21151576849390394	1560
cg26568546	0.21151532787409716	1560
cg02776514	0.21151519604602428	1560
cg27493965	0.21151454235077619	1560
cg06413196	0.21151416060486647	1560
cg03161587	0.2115138105318842	1560
cg04319429	0.21151367081567082	1560
cg01189256	0.21151326295268008	1560
cg04891611	0.2115131668654775	1560
cg17917368	0.2115115063588398	1560
cg11428189	0.2115103553937721	1560
cg05233128	0.211509993121414	1560
cg16068780	0.21150951546125338	1560
cg24680162	0.21150843610288614	1560
cg25338036	0.21150824434176954	1560
cg07679203	0.2115077260483772	1560
cg10713134	0.21150737327451438	1560
cg08091398	0.21150716732194716	1560
cg19699264	0.2115068090181889	1560
cg01276845	0.21150664889728918	1560
cg04832534	0.21150523277975097	1560
cg01400900	0.21150521989656343	1560
cg08110052	0.21150502289226347	1560
cg10473157	0.21150484617841506	1560
cg22565961	0.21150447062215721	1560
cg09313191	0.2115038257199881	1560
cg12738164	0.2115034432019889	1560
cg04466022	0.21150271654093214	1560
cg13430463	0.2115026457241038	1560
cg12516436	0.21150238841356211	1560
cg17180218	0.21150236667403982	1560
cg08372668	0.21150147596030547	1560
cg17613710	0.2115014378082478	1560
cg08765199	0.21150142389842752	1560
cg14216196	0.21150047486613202	1560
cg24809698	0.21149988838421613	1560
cg16463378	0.21149950529205755	1560
cg05324894	0.21149914893041274	1560
cg26776722	0.21149887288643876	1560
cg21649325	0.2114983734076883	1560
cg14009900	0.21149815301267147	1560
cg11208322	0.21149799536921254	1560
cg13672348	0.2114977471060085	1560
cg11895615	0.2114976456642062	1560
cg02734152	0.2114975473561538	1560
cg13962153	0.211497400626785	1560
cg06383324	0.21149659308252627	1560
cg12652197	0.21149642972659552	1560
cg03227940	0.21149559573310409	1560
cg17196933	0.21149524188227473	1560
cg17637175	0.21149375681285212	1560
cg14905691	0.21149365397363393	1560
cg16913124	0.21149365174855478	1560
cg19707004	0.21149356862744598	1560
cg13533803	0.2114933478896334	1560
cg13592750	0.21149304621533624	1560
cg21543067	0.21149298775346131	1560
cg13269527	0.21149293702009467	1560
cg07756635	0.21149231664768692	1560
cg10088715	0.2114921533289155	1560
cg01588449	0.2114920014447815	1560
cg03377073	0.211491664064007	1560
cg15829081	0.2114909805928014	1560
cg18872441	0.21148964111277538	1560
cg03135535	0.21148920246869315	1560
cg08718108	0.21148871970597818	1560
cg18336957	0.21148796431829725	1560
cg18723572	0.2114874243512051	1560
cg25468681	0.21148712995764307	1560
cg03947735	0.21148604690845357	1560
cg17712224	0.21148595652334135	1560
cg05626309	0.2114857233106494	1560
cg07804577	0.21148567733185114	1560
cg11723234	0.21148532408871917	1560
cg20511453	0.21148518689591905	1560
cg10299838	0.21148482912337424	1560
cg26440263	0.21148394379282287	1560
cg15874642	0.21148384820874264	1560
cg13810332	0.21148325242570046	1560
cg14458509	0.2114829109721426	1560
cg05086987	0.21148251739848548	1560
cg18593232	0.2114823422530864	1560
cg13095560	0.21148209518375452	1560
cg16439798	0.21148200027736025	1560
cg21088165	0.2114811315591863	1560
cg20630690	0.21148056877109714	1560
cg14590027	0.21147808739731547	1560
cg14784373	0.21147773473219908	1560
cg07064592	0.21147760761313525	1560
cg14936158	0.21147736322501723	1560
cg10104771	0.21147696515877265	1560
cg16107640	0.21147633240369268	1560
cg23208353	0.2114755167478363	1560
cg15134409	0.21147508487667876	1560
cg06483820	0.21147422816047914	1560
cg21840211	0.2114740721411631	1560
cg10112837	0.21147396961653672	1560
cg21604084	0.21147323786502098	1560
cg24195535	0.21147300588754397	1560
cg09846625	0.21147191011803979	1560
cg13429168	0.2114713903916901	1560
cg03242880	0.21147073694525	1560
cg07681561	0.21147038905367055	1560
cg18192610	0.21147003849686333	1560
cg10623439	0.21146871572662654	1560
cg08083213	0.2114658597421884	1560
cg09322678	0.21146535900764335	1560
cg09045323	0.2114648890685417	1560
cg18306625	0.21146462613830988	1560
cg00852675	0.21146452830914164	1560
cg13135654	0.2114641658689523	1560
cg14724318	0.21146398784472772	1560
cg08877967	0.21146377202659092	1560
cg27172378	0.21146288408214578	1560
cg09386458	0.21146112753616972	1560
cg21366834	0.2114608927722512	1560
cg08547848	0.2114604513104904	1560
cg18522547	0.2114601595013833	1560
cg03734401	0.21145890517168803	1560
cg07812059	0.21145853020229255	1560
cg01543995	0.21145845215327652	1560
cg01649317	0.2114584318063638	1560
cg03225003	0.21145811770826412	1560
cg16127043	0.21145644318523943	1560
cg18103097	0.21145546431852252	1560
cg07710907	0.21145532325701819	1560
cg15267112	0.21145429563561832	1560
cg24768910	0.21145418808136215	1560
cg18980857	0.21145382326356313	1560
cg17328631	0.21145346975742352	1560
cg13951223	0.21145177836505202	1560
cg27272533	0.21145161333873536	1560
cg06446466	0.2114513030058044	1560
cg10092263	0.2114501511187725	1560
cg08643436	0.21144975543384179	1560
cg00861847	0.2114495420046459	1560
cg25002318	0.21144864612025208	1560
cg17370987	0.2114471045569855	1560
cg09024791	0.21144649380819475	1560
cg25143871	0.2114450495941257	1560
cg03243669	0.21144485442584005	1560
cg09242343	0.21144374405332744	1560
cg26121436	0.2114436843369582	1560
cg14032195	0.2114435959588512	1560
cg06057918	0.21144254478721647	1560
cg16320684	0.21144112052323377	1560
cg18982477	0.2114410995198116	1560
cg21575667	0.21144019592182525	1560
cg05903992	0.21144004811832262	1560
cg23082845	0.21143974870535848	1560
cg12975324	0.2114387721561542	1560
cg20610838	0.21143850320159935	1560
cg00550673	0.21143678286687909	1560
cg14371158	0.21143672959731716	1560
cg26325430	0.21143652840785113	1560
cg26495537	0.21143649608911894	1560
cg23890639	0.21143647926273185	1560
cg25347728	0.2114350281641299	1560
cg07466582	0.21143447872895477	1560
cg14021714	0.21143387722644733	1560
cg04307902	0.21143374231655113	1560
cg25787300	0.21143185930549754	1560
cg05485437	0.21143090083344446	1560
cg01610113	0.2114306737061341	1560
cg17733515	0.211430152832893	1560
cg13487026	0.21142737336665154	1560
cg26874691	0.21142728021605614	1560
cg20871314	0.21142680535981145	1560
cg24529970	0.21142674036346878	1560
cg13848405	0.21142639553246304	1560
cg03277434	0.21142532091258104	1560
cg18573884	0.21142531936814396	1560
cg25245963	0.21142476322280424	1560
cg12140470	0.21142470072191868	1560
cg19992785	0.21142461401774346	1560
cg16883691	0.21142413521766507	1560
cg03243311	0.21142397630310417	1560
cg04858396	0.2114229411903159	1560
cg14070867	0.21142288710710364	1560
cg18900535	0.2114222163782281	1560
cg22646782	0.211421853265165	1560
cg02996796	0.21142081542494026	1560
cg11659330	0.21142075976619934	1560
cg03652636	0.2114197776258257	1560
cg17211223	0.21141951712796606	1560
cg27447165	0.21141938295506316	1560
cg03443676	0.21141934255547307	1560
cg05256481	0.21141848050409545	1560
cg03841784	0.21141793377805632	1560
cg14443692	0.2114174985793161	1560
cg16870585	0.2114169086112182	1560
cg23914278	0.21141664753168865	1560
cg05922961	0.21141625264357156	1560
cg11351958	0.21141611615291048	1560
cg03995900	0.21141496002223284	1560
cg01349691	0.21141493682440846	1560
cg24676969	0.2114148594724089	1560
cg25987171	0.21141461097919256	1560
cg15984460	0.2114146029122435	1560
cg02393617	0.21141457180240977	1560
cg08586892	0.21141441660009833	1560
cg25204176	0.21141437004377014	1560
cg10115873	0.21141398952842355	1560
cg20368275	0.21141283137434017	1560
cg19706026	0.2114123637749021	1560
cg09875661	0.21141187579025197	1560
cg00094817	0.2114118202565102	1560
cg18041406	0.21141158437462054	1560
cg01859191	0.21141074543856736	1560
cg00985117	0.21141042905286295	1560
cg22647900	0.2114103691762116	1560
cg13962286	0.2114098452344225	1560
cg11863268	0.2114095585010651	1560
cg06950392	0.21140875001250486	1560
cg11358935	0.21140840993390406	1560
cg16984485	0.2114082833821284	1560
cg16173229	0.21140785568069273	1560
cg26280976	0.21140716227187062	1560
cg24155399	0.21140706304393786	1560
cg17883742	0.21140704834005686	1560
cg07933563	0.21140642440076074	1560
cg03897425	0.2114055596242076	1560
cg16461485	0.21140527080023078	1560
cg02102807	0.21140462815203326	1560
cg22330497	0.2114043739847594	1560
cg20642462	0.21140378904285115	1560
cg26143141	0.21140329015593393	1560
cg23126094	0.2114032459566737	1560
cg11327235	0.21140158525672367	1560
cg01427300	0.21140077403797497	1560
cg00104707	0.21140043762860902	1560
cg16194715	0.2114003084637381	1560
cg13444361	0.21140020310012633	1560
cg01062849	0.21140018534724636	1560
cg03385530	0.2114000813513801	1560
cg21823733	0.21139941031872597	1560
cg08221288	0.21139882437676308	1560
cg12483310	0.21139838686483625	1560
cg12462916	0.21139813906355803	1560
cg24274211	0.21139733350667986	1560
cg04267851	0.21139693121748732	1560
cg27519455	0.21139647087965338	1560
cg00888767	0.2113959687182439	1560
cg09629169	0.2113958676715862	1560
cg10864941	0.21139500592752447	1560
cg08197226	0.21139496414075384	1560
cg05530294	0.21139435043329508	1560
cg17837789	0.21139391596986346	1560
cg23245768	0.21139325600293668	1560
cg09985105	0.21139286189411569	1560
cg19690496	0.21139269666261826	1560
cg01904634	0.21139227046200315	1560
cg20278382	0.2113920658864317	1560
cg18242760	0.21139023248677782	1560
cg08281084	0.21138889603431837	1560
cg07057492	0.21138883419419138	1560
cg20929387	0.21138876227976466	1560
cg14108492	0.21138870447823355	1560
cg09542250	0.21138837621353257	1560
cg09962477	0.2113879766182864	1560
cg14510688	0.21138771053549726	1560
cg03701759	0.21138646402355593	1560
cg06331833	0.2113840919083723	1560
cg27348014	0.21138398859679877	1560
cg18852857	0.21138378748357423	1560
cg12171509	0.21138378144054995	1560
cg14718741	0.21138359221737424	1560
cg13728831	0.21138312791377195	1560
cg25626079	0.211381482049415	1560
cg10372349	0.21138147150416695	1560
cg08442149	0.21137997997863195	1560
cg16588947	0.21137963141329577	1560
cg06476663	0.21137929913865192	1560
cg03658371	0.21137844997929833	1560
cg21208100	0.21137809399010052	1560
cg09347306	0.21137799245730127	1560
cg24919101	0.21137684666828724	1560
cg26952362	0.21137653194466813	1560
cg05235248	0.21137612287072083	1560
cg22839476	0.21137594519653188	1560
cg09766671	0.21137566606300684	1560
cg05963087	0.21137469292055586	1560
cg14247444	0.21137430576365132	1560
cg13671754	0.21137417292251684	1560
cg14930335	0.21137375441711728	1560
cg15709214	0.21137357116634364	1560
cg19312314	0.21137345063030885	1560
cg06481076	0.21137299061087847	1560
cg21997740	0.2113719253447158	1560
cg18173351	0.21137169047656185	1560
cg03490288	0.21137163847090074	1560
cg08919372	0.21137135586811265	1560
cg06670785	0.21137126251693836	1560
cg21516614	0.21137033576490463	1560
cg00979307	0.21137020749906518	1560
cg22204453	0.21137005770449552	1560
cg11170424	0.21136900380496054	1560
cg03678357	0.21136888644524685	1560
cg22109796	0.2113687608554206	1560
cg13316407	0.2113687514048431	1560
cg07962162	0.2113671919063921	1560
cg22371956	0.2113671765280995	1560
cg04673754	0.211366398077837	1560
cg10376337	0.2113660235490092	1560
cg00256591	0.21136598957775984	1560
cg06919800	0.21136596009946879	1560
cg14247459	0.21136486677802072	1560
cg24741101	0.2113642082421809	1560
cg20385901	0.21136402246627092	1560
cg00248488	0.21136396824405063	1560
cg25814612	0.2113634725613341	1560
cg05226322	0.2113632899623603	1560
cg15262742	0.21136183231364405	1560
cg05233079	0.21136175831182283	1560
cg01471843	0.21136165410214838	1560
cg12332083	0.211361516512736	1560
cg25557504	0.21136151322268837	1560
cg09330909	0.21136137438326155	1560
cg05051142	0.21136125256891125	1560
cg23780580	0.2113606792800816	1560
cg17121100	0.21136023686009697	1560
cg05142634	0.21136015172513292	1560
cg08362486	0.21135833398905873	1560
cg06488097	0.211357430224005	1560
cg05964544	0.21135733084759536	1560
cg13212159	0.2113569808401334	1560
cg02236945	0.211355483247922	1560
cg21243612	0.21135443741915175	1560
cg27228562	0.21135411495178197	1560
cg02774086	0.21135396674401022	1560
cg26818618	0.21135388277683861	1560
cg08227568	0.21135249999470612	1560
cg27412506	0.21135246489659415	1560
cg09092987	0.21135215105271385	1560
cg00907884	0.2113520815017391	1560
cg25076272	0.21135167127462962	1560
cg04020792	0.21135151943534247	1560
cg12722935	0.2113510172973571	1560
cg16146794	0.21135071529140204	1560
cg07169003	0.21134905307150217	1560
cg04026833	0.21134900808425117	1560
cg16539595	0.21134894456145054	1560
cg24458329	0.21134828266699493	1560
cg03041482	0.21134822041493928	1560
cg03212183	0.21134805972617482	1560
cg19106179	0.21134693234520888	1560
cg08719701	0.21134688142397576	1560
cg25840057	0.2113459420109643	1560
cg03439065	0.21134537421016764	1560
cg26912269	0.2113448369304161	1560
cg13659933	0.21134378812427954	1560
cg19552441	0.21134315443839155	1560
cg01853390	0.2113428308991917	1560
cg08477640	0.2113427120734513	1560
cg22881677	0.2113417831987752	1560
cg15055810	0.21134158025998317	1560
cg00701571	0.2113415015769656	1560
cg06391660	0.21134148734579372	1560
cg03911015	0.2113409483045464	1560
cg10040213	0.21134084955245183	1560
cg11302633	0.21133979469852016	1560
cg13649087	0.21133903104855134	1560
cg24469719	0.21133877605625898	1560
cg27646509	0.21133813362357168	1560
cg12057732	0.2113367911644527	1560
cg13324448	0.21133644559119655	1560
cg18915143	0.21133638278823066	1560
cg23121096	0.2113363267558308	1560
cg23963397	0.211336188617529	1560
cg19175226	0.2113361563027089	1560
cg02312594	0.21133581879443836	1560
cg17337086	0.21133566886417318	1560
cg00346501	0.21133560779081748	1560
cg07651687	0.21133541827607302	1560
cg26140139	0.21133529552104738	1560
cg18651291	0.2113348646253915	1560
cg06709201	0.21133443835909999	1560
cg15115604	0.21133386354295017	1560
cg18290026	0.2113338397242833	1560
cg23523733	0.211333388143644	1560
cg06866237	0.21133334955641753	1560
cg14021286	0.21133327189063508	1560
cg04875697	0.21133313404277762	1560
cg02028351	0.21133305350155426	1560
cg07829001	0.21133239019021885	1560
cg13279019	0.2113308594708246	1560
cg02933542	0.21132913064744602	1560
cg11399837	0.21132842201962226	1560
cg21325631	0.21132797996758187	1560
cg23924499	0.21132729367511233	1560
cg09585195	0.21132633979336474	1560
cg18854144	0.21132624200313618	1560
cg00037940	0.21132564633522044	1560
cg19338460	0.21132406147856142	1560
cg16765268	0.21132372784851955	1560
cg00528351	0.21132087014436712	1560
cg25729094	0.2113200870575098	1560
cg04774722	0.21132002450876533	1560
cg16774511	0.21131978707878699	1560
cg05721751	0.21131942671791426	1560
cg13465723	0.2113191309001971	1560
cg05863612	0.21131864020544155	1560
cg16573411	0.21131811514152923	1560
cg06695566	0.21131777521615439	1560
cg05271910	0.21131760344285663	1560
cg26879899	0.211317237392773	1560
cg10375300	0.21131664839105732	1560
cg27010927	0.21131623408067787	1560
cg07542864	0.21131607894139587	1560
cg16413428	0.2113160680936238	1560
cg01335658	0.21131537135562697	1560
cg09614349	0.21131426623825494	1560
cg09176740	0.21131371380688838	1560
cg26994253	0.21131367310548071	1560
cg03080043	0.21131117211107978	1560
cg16076587	0.21131116938574074	1560
cg25137365	0.2113108043395843	1560
cg04999329	0.21131073065250142	1560
cg06972176	0.21131063578727097	1560
cg16399144	0.2113096726794864	1560
cg00077312	0.21130918345440636	1560
cg24515270	0.21130878339886566	1560
cg07533417	0.21130801368668095	1560
cg19033983	0.21130777602886425	1560
cg09916466	0.21130756136759243	1560
cg08512168	0.21130716690164184	1560
cg23243012	0.21130653418948292	1560
cg27419119	0.21130640694105568	1560
cg13413792	0.21130599518084323	1560
cg10478996	0.21130545480718047	1560
cg01678472	0.21130538847835106	1560
cg12677163	0.2113053195314968	1560
cg08070756	0.2113039786900125	1560
cg06450459	0.2113033547883993	1560
cg02353448	0.21130322865156984	1560
cg04958658	0.2113029349901913	1560
cg17792192	0.21130271516255972	1560
cg13052068	0.21130175770752588	1560
cg09175201	0.2113017284384778	1560
cg03948236	0.21130151914704146	1560
cg21229044	0.2113010924546639	1560
cg01021169	0.21130014386842236	1560
cg00090091	0.21130012482930577	1560
cg14568971	0.21129922689236333	1560
cg19486804	0.21129863588702477	1560
cg00548173	0.21129724535999284	1560
cg05134727	0.21129615669669907	1560
cg19114300	0.21129603716194315	1560
cg18890825	0.2112956798638259	1560
cg01546424	0.2112949490575131	1560
cg19275309	0.21129494320180398	1560
cg02079111	0.21129488491797108	1560
cg15474272	0.21129442493160216	1560
cg10454864	0.2112940804647816	1560
cg05988143	0.21129344727743157	1560
cg00004979	0.2112921449761146	1560
cg07504428	0.21129024595334203	1560
cg11809123	0.2112901912259567	1560
cg16696462	0.21128964924788998	1560
cg03873105	0.21128946175592123	1560
cg19258868	0.21128890486277824	1560
cg12573747	0.21128833778654635	1560
cg01673240	0.21128666564217163	1560
cg09795666	0.21128644891245335	1560
cg13154263	0.21128610808889195	1560
cg14116561	0.21128607163925578	1560
cg09643186	0.21128558991444346	1560
cg06288071	0.21128556924773564	1560
cg12569544	0.2112845201844354	1560
cg05292460	0.21128363584490142	1560
cg21758451	0.21128350728782175	1560
cg07269125	0.21128338570374536	1560
cg11243304	0.2112824555778606	1560
cg23123895	0.21128239456526277	1560
cg18729350	0.21128233778296351	1560
cg00000721	0.211281729234865	1560
cg10976732	0.21128140123838293	1560
cg12173661	0.2112813297622803	1560
cg02724556	0.21128099160226282	1560
cg06372249	0.21128088955151864	1560
cg18999314	0.21128086159818937	1560
cg14222000	0.21128076169187116	1560
cg07875090	0.21128060483308453	1560
cg10739087	0.21128025044418428	1560
cg02343720	0.21128024461047085	1560
cg15150979	0.21128007618792502	1560
cg25625370	0.21127880826776774	1560
cg16100749	0.2112783920209289	1560
cg12689227	0.21127817482022648	1560
cg24296900	0.2112781657982049	1560
cg02094018	0.2112776602450977	1560
cg16307399	0.21127725505816744	1560
cg20708332	0.21127671139805607	1560
cg08536805	0.211276137996014	1560
cg02823457	0.2112761278305984	1560
cg08619385	0.21127611836172283	1560
cg09191732	0.21127549564735576	1560
cg11644349	0.21127434166319364	1560
cg10364459	0.21127347679368574	1560
cg00962000	0.21127303099845882	1560
cg19402603	0.21127258389464182	1560
cg18965659	0.21127204315443876	1560
cg10355708	0.21127157721713924	1560
cg14580297	0.2112713938191446	1560
cg16711866	0.21127004154181106	1560
cg06650698	0.21126907636747316	1560
cg13312403	0.21126894628095452	1560
cg10336858	0.21126794637195953	1560
cg20640026	0.2112677580767576	1560
cg18376999	0.2112668364616196	1560
cg25548834	0.21126655184385093	1560
cg02958843	0.21126612281394042	1560
cg14840429	0.21126560896632446	1560
cg08126798	0.2112655331442676	1560
cg15491967	0.2112652696651602	1560
cg20358227	0.21126482018991405	1560
cg21834739	0.21126475416353194	1560
cg14140717	0.21126422051042312	1560
cg00097432	0.2112640515667183	1560
cg11738654	0.2112639570754784	1560
cg26791488	0.21126393432533352	1560
cg06912272	0.21126268472621554	1560
cg01276031	0.21126258912054302	1560
cg25115524	0.2112619935513728	1560
cg08033838	0.2112611988923693	1560
cg14462800	0.21126091490951168	1560
cg00287737	0.2112606553320363	1560
cg26198823	0.21126032470316955	1560
cg01816814	0.21126031638536014	1560
cg25132276	0.2112598931553677	1560
cg22122342	0.2112553816710046	1560
cg11512859	0.2112543169222318	1560
cg22530983	0.21125426718419305	1560
cg01606401	0.21125356243799082	1560
cg22243298	0.21125314321184455	1560
cg14528451	0.21125311686004222	1560
cg04758185	0.2112531076885999	1560
cg18791394	0.2112524350035229	1560
cg09727245	0.21125230116563926	1560
cg15346359	0.2112521515903497	1560
cg06061621	0.21125188345915205	1560
cg08310400	0.2112515294275338	1560
cg10171557	0.2112513566016663	1560
cg25266533	0.21125109007551857	1560
cg19585214	0.21125031615741646	1560
cg18736105	0.21125029475564935	1560
cg05470328	0.21124962946570455	1560
cg07095252	0.21124940761005995	1560
cg06642895	0.21124900224273713	1560
cg25005135	0.21124870505555637	1560
cg16640149	0.21124843340580945	1560
cg26687031	0.21124730634188083	1560
cg26219977	0.21124618345124999	1560
cg21641834	0.21124481311382856	1560
cg23509745	0.21124424381292095	1560
cg00474017	0.21124401883132374	1560
cg14734200	0.2112433326628326	1560
cg25954642	0.2112431602275257	1560
cg26399994	0.21124256314068868	1560
cg04012872	0.21124211753428812	1560
cg16190470	0.2112420685080521	1560
cg14342823	0.2112416705821043	1560
cg00256226	0.21124057048323097	1560
cg16379371	0.21123923863470515	1560
cg01945508	0.21123905316962807	1560
cg26645074	0.21123901377925192	1560
cg10288121	0.2112387887685513	1560
cg23222717	0.2112386764126442	1560
cg26788852	0.2112385745237294	1560
cg11185335	0.2112384560790317	1560
cg01936555	0.21123781651286241	1560
cg25085158	0.21123780234489328	1560
cg14142889	0.21123639450565498	1560
cg18405880	0.21123474032598547	1560
cg01434611	0.2112337015597226	1560
cg12237893	0.21123334883030664	1560
cg14939096	0.21123291573924646	1560
cg04580929	0.21123240444194197	1560
cg07922980	0.2112322944812613	1560
cg10528201	0.2112316504443057	1560
cg05366982	0.21122968629694389	1560
cg17968925	0.21122953368869232	1560
cg24211826	0.21122898646445062	1560
cg09614580	0.2112289794219765	1560
cg08938462	0.21122827107254621	1560
cg09729395	0.21122776756968323	1560
cg20009356	0.21122716265960798	1560
cg06100442	0.21122684341529843	1560
cg04112495	0.21122662393338684	1560
cg13091717	0.21122482458686492	1560
cg20219172	0.21122454451120826	1560
cg12897634	0.21122443614848596	1560
cg26270847	0.21122409767039416	1560
cg06344952	0.21122390681981715	1560
cg14684375	0.21122342915173334	1560
cg19441201	0.21122301071783273	1560
cg12685726	0.21122298141312584	1560
cg21767191	0.21122268060614635	1560
cg03451557	0.21122249562022022	1560
cg02114288	0.21122177356493535	1560
cg26352502	0.21122169447416642	1560
cg16184750	0.21122125236101003	1560
cg04874279	0.2112204404929321	1560
cg11021661	0.21122011789973733	1560
cg20535966	0.21122001501216864	1560
cg13245817	0.21121989005423095	1560
cg15474999	0.21121915616803907	1560
cg26180469	0.21121894673365205	1560
cg20075859	0.2112180501034299	1560
cg15549251	0.2112178136302509	1560
cg03046466	0.2112175077094368	1560
cg12566415	0.21121608610887765	1560
cg03612190	0.2112157323687543	1560
cg01100043	0.2112149256483786	1560
cg25533519	0.2112148245593012	1560
cg09506661	0.21121434201363118	1560
cg01757806	0.2112134830193437	1560
cg06716090	0.21121291113017437	1560
cg16371518	0.21121273030552384	1560
cg20731316	0.21121270986004745	1560
cg17069650	0.2112124289423944	1560
cg14722226	0.21121204819627673	1560
cg00843976	0.21121191832890945	1560
cg00175735	0.2112117340839238	1560
cg10733951	0.21121147636031049	1560
cg05243338	0.21121139298077277	1560
cg18477943	0.21121085014624028	1560
cg06408571	0.21121075127061076	1560
cg11771002	0.2112107372409906	1560
cg03740333	0.21121072977275152	1560
cg08680239	0.2112105224593732	1560
cg25466154	0.2112099156267098	1560
cg06886081	0.21120974975081813	1560
cg09812885	0.21120954139655435	1560
cg24504831	0.2112090640864007	1560
cg23458898	0.21120880089002642	1560
cg02462569	0.2112087356347083	1560
cg05135033	0.21120856267511828	1560
cg10379209	0.2112083168557396	1560
cg23552440	0.2112082430627431	1560
cg17299331	0.21120823033460245	1560
cg10835795	0.21120822718253787	1560
cg04627183	0.21120821446039997	1560
cg27458631	0.21120790974152656	1560
cg24502047	0.21120653439310985	1560
cg12175172	0.2112063847955192	1560
cg19003390	0.21120636052521868	1560
cg00020175	0.2112061368561908	1560
cg15552239	0.21120607406831174	1560
cg07619447	0.21120457492481065	1560
cg20071227	0.2112041569345418	1560
cg22359162	0.21120399107504853	1560
cg12102702	0.2112036818879585	1560
cg07437607	0.21120331538177817	1560
cg09702334	0.21120318700437804	1560
cg00884173	0.21120308921085304	1560
cg14823535	0.2112027835146091	1560
cg14556808	0.21120277688851752	1560
cg01472176	0.21120271974144414	1560
cg18474502	0.21120225488305683	1560
cg19719703	0.21120208097546633	1560
cg00092551	0.21120135448964825	1560
cg23077166	0.21120055377016642	1560
cg11020333	0.21120043015500944	1560
cg25956012	0.21119999813489265	1560
cg21203941	0.21119961689893646	1560
cg10525567	0.2111993383924327	1560
cg23305440	0.21119845170901694	1560
cg23877017	0.2111980855391481	1560
cg26503644	0.21119725861793975	1560
cg06117597	0.21119721500301014	1560
cg11861055	0.21119711031367921	1560
cg25805368	0.21119566040543283	1560
cg07421075	0.21119561182882754	1560
cg22824298	0.21119538893613657	1560
cg15862841	0.21119537470351168	1560
cg18075073	0.21119462657114357	1560
cg14565687	0.21119455556364136	1560
cg17027101	0.21119430697471778	1560
cg07667790	0.2111927549461119	1560
cg03110167	0.21119110703712815	1560
cg02240030	0.21119110494259682	1560
cg23291158	0.2111910062033088	1560
cg16582836	0.21119085708722116	1560
cg10306757	0.2111907484103374	1560
cg14755314	0.21119073428943194	1560
cg24576148	0.21119033650522037	1560
cg16968475	0.21119018105200152	1560
cg03598185	0.21118977551041324	1560
cg07769569	0.21118851987096415	1560
cg09649523	0.21118850770493733	1560
cg19185414	0.21118812114890875	1560
cg13496515	0.21118716929859302	1560
cg19941638	0.21118712791246225	1560
cg15404040	0.2111866475781494	1560
cg02428538	0.21118613420351592	1560
cg06817534	0.211185887626597	1560
cg18207099	0.2111853099931332	1560
cg20407868	0.21118510129829668	1560
cg05480169	0.21118449680994605	1560
cg24300347	0.2111843285517122	1560
cg27044933	0.21118380128937633	1560
cg18623658	0.2111830978928863	1560
cg26315417	0.21118299352194994	1560
cg00132149	0.211182930236645	1560
cg22213235	0.21118136264740728	1560
cg21386099	0.21118130933978693	1560
cg15892521	0.2111804955994559	1560
cg17199010	0.2111800523806733	1560
cg13868356	0.21117986940565453	1560
cg23694080	0.2111791009233537	1560
cg14321058	0.21117889793932124	1560
cg22223441	0.21117869791948357	1560
cg21377793	0.2111772801333631	1560
cg07751315	0.2111772461935699	1560
cg02634492	0.2111767681202644	1560
cg01957751	0.21117645421304576	1560
cg03962214	0.21117549683372233	1560
cg08272784	0.21117387651024327	1560
cg08266852	0.2111734922722895	1560
cg25219939	0.21117236286426797	1560
cg12748499	0.2111723285526038	1560
cg13199219	0.21117095805806027	1560
cg22499874	0.2111702282178067	1560
cg05899064	0.21116994592595426	1560
cg03227481	0.21116962369793182	1560
cg26763398	0.21116910235801434	1560
cg03197762	0.21116882307623283	1560
cg17733594	0.2111683290299305	1560
cg18128495	0.21116792817415359	1560
cg12107643	0.21116755215621896	1560
cg16420063	0.21116739958424613	1560
cg15529703	0.21116688849069554	1560
cg05147638	0.21116656780546858	1560
cg10360139	0.21116642628931517	1560
cg08691358	0.21116623219017838	1560
cg18372548	0.2111659667298695	1560
cg03284642	0.21116595270485222	1560
cg02053054	0.21116570128026332	1560
cg10077899	0.21116547083684742	1560
cg02115218	0.21116336592589136	1560
cg13508949	0.21116331374823993	1560
cg13349742	0.2111621982803458	1560
cg15087178	0.21116212079815597	1560
cg13978021	0.2111618226723348	1560
cg10578187	0.21116095981801392	1560
cg05062741	0.21116064114116015	1560
cg13564702	0.211159420651938	1560
cg00998591	0.21115932621509506	1560
cg23617947	0.21115868918315855	1560
cg01361248	0.21115856591352627	1560
cg19685881	0.2111585422819665	1560
cg13003883	0.21115772679787465	1560
cg02370734	0.21115767234278812	1560
cg17154092	0.21115743336364778	1560
cg08131003	0.21115727214035415	1560
cg22958188	0.21115661512723502	1560
cg10222674	0.21115642201645776	1560
cg23698140	0.2111555342323451	1560
cg27338841	0.21115424830329418	1560
cg02884524	0.211154096594756	1560
cg15453204	0.2111538365750113	1560
cg06113708	0.21115371046154371	1560
cg14998567	0.21115316479738702	1560
cg25090315	0.21115297286252574	1560
cg03065803	0.2111527141164727	1560
cg03263637	0.21115263716335514	1560
cg20868728	0.21115238336233724	1560
cg20586654	0.2111523537527153	1560
cg18690019	0.21115200258271036	1560
cg02039271	0.2111516560522306	1560
cg00753059	0.21115108195250512	1560
cg26030470	0.21115042593205643	1560
cg25090416	0.21115027838561493	1560
cg01922485	0.21114996348196524	1560
cg23134259	0.21114904284533723	1560
cg10187365	0.21114873414589452	1560
cg27650212	0.21114861551069858	1560
cg09461999	0.21114836929099903	1560
cg05701274	0.211147557436208	1560
cg26251854	0.21114746977414603	1560
cg03325346	0.21114711190983526	1560
cg03824114	0.21114599061243794	1560
cg15531411	0.21114574771306394	1560
cg24032872	0.211144396147592	1560
cg15851389	0.21114380046437198	1560
cg10928348	0.21114336933526504	1560
cg22715479	0.21114334607080057	1560
cg00002591	0.2111426170947234	1560
cg25634457	0.21114224721600286	1560
cg15090909	0.2111413701083866	1560
cg15931233	0.21114070308918853	1560
cg04023831	0.21114007909214666	1560
cg09658678	0.21113953147171888	1560
cg11699257	0.2111392483802479	1560
cg19337732	0.21113901961598058	1560
cg12529671	0.21113728232835755	1560
cg16726772	0.2111368445545895	1560
cg11374884	0.21113618570492376	1560
cg23205538	0.21113571571746292	1560
cg21832896	0.21113563412437125	1560
cg00284511	0.21113382186297444	1560
cg13319417	0.21113207018357996	1560
cg07790300	0.2111314951988427	1560
cg14468513	0.21113106743434654	1560
cg25952510	0.21113093006943864	1560
cg05905898	0.21113069563671918	1560
cg15993943	0.21113065774272954	1560
cg02455272	0.21113060701858133	1560
cg25045760	0.211130240324081	1560
cg08354908	0.21112992014081108	1560
cg05347108	0.21112954831908087	1560
cg24354730	0.2111294785745726	1560
cg00322698	0.21112894081675285	1560
cg07699149	0.21112855949334783	1560
cg27493581	0.21112822436195416	1560
cg21569150	0.21112755598867636	1560
cg14668118	0.2111269108327622	1560
cg17676354	0.2111266747111228	1560
cg05848640	0.21112536341526758	1560
cg23574924	0.21112497059406563	1560
cg03048054	0.21112436297660317	1560
cg20706107	0.21112354923230942	1560
cg20448447	0.21112321583725996	1560
cg05529686	0.21112275286288296	1560
cg24895609	0.21112272401605164	1560
cg18128898	0.21112260868894628	1560
cg12284171	0.21112193009788568	1560
cg19419389	0.21112168124038017	1560
cg19476368	0.21112043928047775	1560
cg05855724	0.211120319465764	1560
cg18450294	0.2111202564841021	1560
cg16017287	0.21112005024255598	1560
cg00307737	0.21111999480642304	1560
cg16025035	0.21111988886412258	1560
cg16887385	0.21111962561446365	1560
cg00081019	0.21111864454077697	1560
cg09884940	0.21111785505266173	1560
cg05781826	0.21111763597321836	1560
cg19249749	0.21111747174946402	1560
cg14410518	0.21111738622944368	1560
cg11100932	0.21111709049669083	1560
cg07552807	0.2111158523424697	1560
cg03722908	0.21111441621671564	1560
cg26385993	0.2111137423328744	1560
cg13798912	0.2111135260994356	1560
cg02551130	0.2111131789502816	1560
cg26459859	0.21111312761252257	1560
cg24886295	0.21111233860279519	1560
cg11335664	0.21111072144830886	1560
cg03239335	0.2111106958996935	1560
cg03994274	0.21111043542234398	1560
cg00904483	0.21110917588953798	1560
cg15777606	0.21110891442130167	1560
cg18998002	0.21110824818034798	1560
cg16823430	0.2111079751749243	1560
cg15580157	0.21110711620681816	1560
cg08966388	0.21110593863538757	1560
cg16279999	0.21110548761869455	1560
cg24023194	0.21110522459464545	1560
cg16931707	0.21110487917743556	1560
cg10763247	0.21110474172062466	1560
cg22693772	0.2111040746936182	1560
cg08066154	0.21110382444498754	1560
cg24796726	0.21110338088689742	1560
cg22595657	0.21110259304625448	1560
cg27659677	0.21110161734304408	1560
cg03202545	0.2111013542367831	1560
cg15622860	0.2111011796880535	1560
cg24465384	0.21109952614648247	1560
cg06674275	0.21109928644308737	1560
cg22432579	0.21109909567572863	1560
cg10240083	0.21109886186309562	1560
cg10318725	0.21109815682681826	1560
cg19964403	0.21109734874152145	1560
cg10801670	0.21109733785340387	1560
cg00283857	0.21109659186384877	1560
cg09662430	0.21109646425550155	1560
cg01134608	0.21109644153211818	1560
cg18190832	0.2110957945607052	1560
cg03244616	0.21109558556558666	1560
cg05090319	0.21109475608068146	1560
cg25314245	0.21109445548749778	1560
cg19840095	0.21109400181693713	1560
cg05485769	0.21109361068847635	1560
cg24050519	0.2110931830668423	1560
cg12849787	0.21109309688639347	1560
cg24280523	0.2110930030750574	1560
cg25922279	0.21109146244031943	1560
cg24857399	0.21109062919536492	1560
cg05133721	0.21109038984961795	1560
cg15598754	0.21108980172057135	1560
cg02485348	0.21108968603736	1560
cg11721366	0.21108947464785288	1560
cg19860320	0.21108904555357005	1560
cg13711538	0.21108879800187838	1560
cg10210928	0.21108802314423844	1560
cg18304936	0.21108774044128484	1560
cg09339876	0.2110872152006021	1560
cg08613950	0.21108714975385892	1560
cg16377367	0.21108708537753335	1560
cg06263250	0.21108699115328183	1560
cg23944405	0.21108685749527534	1560
cg23062801	0.21108682086358446	1560
cg02185160	0.2110864286986429	1560
cg03042666	0.21108578019277838	1560
cg21375017	0.21108521231750643	1560
cg14243010	0.21108471303732565	1560
cg20097984	0.21108466712500337	1560
cg00254486	0.21108427955851194	1560
cg04630873	0.2110838202524894	1560
cg08483912	0.21108352368348185	1560
cg21219851	0.21108303881308388	1560
cg21192185	0.21108226894420026	1560
cg25124489	0.2110818442818818	1560
cg15223713	0.21108167881688292	1560
cg07138024	0.21108165953106353	1560
cg19399342	0.21108150833208555	1560
cg03007772	0.21108131377228698	1560
cg14647880	0.21108115084358725	1560
cg09554876	0.21108054104397436	1560
cg24313161	0.21108038072476745	1560
cg12508336	0.21108014445818102	1560
cg13748640	0.2110788484612337	1560
cg04179654	0.21107791789569486	1560
cg20410109	0.21107658554674327	1560
cg13031595	0.21107595814715616	1560
cg12625437	0.21107564271339874	1560
cg05182418	0.2110744282037176	1560
cg11576486	0.21107417848584545	1560
cg04016485	0.21107392592034302	1560
cg24369466	0.21107383487573161	1560
cg23927974	0.21107381280030513	1560
cg05155864	0.21107345160114435	1560
cg17016703	0.2110730492896411	1560
cg25186965	0.21107282962639454	1560
cg00052964	0.21107258348619828	1560
cg09378228	0.21107220837514434	1560
cg26978368	0.21107181764551414	1560
cg26944130	0.21107105349160274	1560
cg13128244	0.2110697500583865	1560
cg01347596	0.21106969858141225	1560
cg19055369	0.21106871039473843	1560
cg13605404	0.21106797790068496	1560
cg05302825	0.21106797150962286	1560
cg08603382	0.2110678251063138	1560
cg22730988	0.21106676188408816	1560
cg15081033	0.21106548811408354	1560
cg10956480	0.21106540021076498	1560
cg23518678	0.21106461814635527	1560
cg27274072	0.21106451408629684	1560
cg19703946	0.21106403400132032	1560
cg26398586	0.2110636893209688	1560
cg07537287	0.21106356862584802	1560
cg11492856	0.2110614442171635	1560
cg12383964	0.2110611499970147	1560
cg10634669	0.2110609048540711	1560
cg25782778	0.21106034751824734	1560
cg01942003	0.21106024466920498	1560
cg20067575	0.21105937068307926	1560
cg06243393	0.21105925129360467	1560
cg08266177	0.2110588947076452	1560
cg03516551	0.21105886365460075	1560
cg23209926	0.2110586205666471	1560
cg12457376	0.21105797923368358	1560
cg25915013	0.21105795290387275	1560
cg02084214	0.21105749718331143	1560
cg20181543	0.21105736288770238	1560
cg22260897	0.21105689997527172	1560
cg16694231	0.21105562400764022	1560
cg20263676	0.21105508418442864	1560
cg03553765	0.21105477136191142	1560
cg02688393	0.21105447963147717	1560
cg03741576	0.21105425570329073	1560
cg12410370	0.21105416546925257	1560
cg10734940	0.21105401174156396	1560
cg23983726	0.21105394997849428	1560
cg26131879	0.211053372413478	1560
cg03587925	0.21105260006898427	1560
cg18558108	0.21105256151148952	1560
cg11084308	0.21105255459758518	1560
cg18040892	0.21105220878783976	1560
cg01132769	0.21105159277319574	1560
cg23815673	0.2110513458563637	1560
cg12647320	0.21105014220067222	1560
cg19234089	0.21104996560636835	1560
cg25782682	0.21104824607328168	1560
cg08956673	0.21104769975787302	1560
cg27360992	0.2110474248131607	1560
cg05969038	0.21104674650762584	1560
cg03074370	0.2110465321941413	1560
cg19936731	0.21104650251006143	1560
cg03816625	0.21104467012660616	1560
cg26264133	0.21104406518530283	1560
cg26222723	0.21104384990977124	1560
cg08408937	0.21104336654094155	1560
cg20015787	0.2110429704055688	1560
cg02135083	0.21104265735349453	1560
cg09829457	0.21104248114376553	1560
cg14930268	0.21104241080620925	1560
cg01219549	0.21104210455426958	1560
cg11882517	0.21103994662365327	1560
cg05171693	0.21103992063812685	1560
cg11635407	0.21103907379583767	1560
cg19259125	0.2110385848141273	1560
cg01251414	0.21103794944391385	1560
cg21246479	0.21103792586406564	1560
cg03114636	0.2110364913547543	1560
cg06967436	0.21103600851689627	1560
cg04396454	0.21103599698951928	1560
cg26045080	0.21103582940411908	1560
cg17519763	0.21103571575262273	1560
cg22541509	0.21103483366373849	1560
cg08356503	0.21103483344706866	1560
cg18003698	0.21103446834660994	1560
cg04276099	0.2110338765685397	1560
cg00275628	0.21103301562968071	1560
cg10196650	0.21103207269749294	1560
cg00379382	0.21103185693648296	1560
cg03925149	0.21103150317339897	1560
cg26838860	0.21103150044038724	1560
cg11990443	0.21103063474004768	1560
cg14594696	0.21103012685146005	1560
cg00087023	0.2110300229864233	1560
cg14549849	0.21102959559810455	1560
cg18656644	0.21102890520674467	1560
cg15056471	0.21102826771003155	1560
cg13977790	0.21102753928772705	1560
cg25956295	0.21102698056301894	1560
cg04513015	0.2110267096287127	1560
cg01397793	0.2110257274938011	1560
cg09005221	0.21102567376079925	1560
cg15921797	0.21102530747880896	1560
cg03057173	0.211025100765193	1560
cg25059403	0.21102471486651644	1560
cg07314603	0.211023893027268	1560
cg13549966	0.21102322704786433	1560
cg19120695	0.21102286915256296	1560
cg09452911	0.21102230294954663	1560
cg15344716	0.21102225032621422	1560
cg05888385	0.21102102566065378	1560
cg20714528	0.21102015276170813	1560
cg14840081	0.21102003370445685	1560
cg06291428	0.21101991767537487	1560
cg08787964	0.21101957101647667	1560
cg27269264	0.21101848550387065	1560
cg27483395	0.21101732514016375	1560
cg01683270	0.2110171033811328	1560
cg01653419	0.2110167201388594	1560
cg04920194	0.21101641974459287	1560
cg15193488	0.21101585812642537	1560
cg10286711	0.21101580188478647	1560
cg03559133	0.21101533854285923	1560
cg16730509	0.21101492317503373	1560
cg00699419	0.21101376581385023	1560
cg17003199	0.21101281622143703	1560
cg20060080	0.2110123590205332	1560
cg18593654	0.21101118596652602	1560
cg08770734	0.2110110633705719	1560
cg14032218	0.21101106056359215	1560
cg13428048	0.2110100229681786	1560
cg07334926	0.2110097695771448	1560
cg08757100	0.2110092574181184	1560
cg14820221	0.21100826445233048	1560
cg14333237	0.21100764762449511	1560
cg11697440	0.2110070141739944	1560
cg01502876	0.2110068537344936	1560
cg07759042	0.21100685065344305	1560
cg07150380	0.21100611390192256	1560
cg03432948	0.21100595892907192	1560
cg26635576	0.21100588969775413	1560
cg16639713	0.21100580987417744	1560
cg07891064	0.21100539699441948	1560
cg21049965	0.2110047498065975	1560
cg03933646	0.21100470862988746	1560
cg04506114	0.21100457816019208	1560
cg23979405	0.2110042564282091	1560
cg09128429	0.21100387372440046	1560
cg06767326	0.21100387032610096	1560
cg19292222	0.21100250254584457	1560
cg21382800	0.21100240380295285	1560
cg01498098	0.21100231743915587	1560
cg05538983	0.21100153534420202	1560
cg06282556	0.21100012424708448	1560
cg08474856	0.21099944385423228	1560
cg04305672	0.21099925459594865	1560
cg02818910	0.2109980173626997	1560
cg13849749	0.21099777382683213	1560
cg26036648	0.21099711250432482	1560
cg00806296	0.2109968500521401	1560
cg11245719	0.21099664657746117	1560
cg14025632	0.21099566083234242	1560
cg15280456	0.21099528170965953	1560
cg07118480	0.21099519264323965	1560
cg16197879	0.21099517971804682	1560
cg12084792	0.2109948692952142	1560
cg12704672	0.21099428898351139	1560
cg13895409	0.21099426645301514	1560
cg05817774	0.21099359836515771	1560
cg12570246	0.210993299549952	1560
cg13237343	0.21099192318269006	1560
cg23109867	0.21099179450204641	1560
cg16033277	0.2109915629180703	1560
cg03290730	0.21099116098212747	1560
cg02825561	0.21099058806146145	1560
cg25345625	0.21098974076953672	1560
cg10762517	0.2109895517239372	1560
cg24276151	0.210989388347097	1560
cg04602043	0.2109879863784875	1560
cg03607485	0.21098760253201337	1560
cg09324304	0.21098737055991917	1560
cg07243141	0.210987072049473	1560
cg15770012	0.21098668707038565	1560
cg03863514	0.21098650183932804	1560
cg22303739	0.21098648053213107	1560
cg16596598	0.21098643075603002	1560
cg02228168	0.21098628371137396	1560
cg17299412	0.2109862790929477	1560
cg23329241	0.21098600054055305	1560
cg15563766	0.2109858355035407	1560
cg10258411	0.21098514882000519	1560
cg08584230	0.21098467459891448	1560
cg06769581	0.21098390408801324	1560
cg00177203	0.21098357618152894	1560
cg01666675	0.2109834188498469	1560
cg20301074	0.21098294660767897	1560
cg06153873	0.21098252909836016	1560
cg11623741	0.2109822552843643	1560
cg26851374	0.21098178208824467	1560
cg03057855	0.21098100882773055	1560
cg00171166	0.2109807587922469	1560
cg18815880	0.21098016795090804	1560
cg26219152	0.21097999263207773	1560
cg13294602	0.21097985437683484	1560
cg05106907	0.2109792479176958	1560
cg09971184	0.21097902292141615	1560
cg22846334	0.2109788890852115	1560
cg18983607	0.2109787967075907	1560
cg04815601	0.21097878761689173	1560
cg04872075	0.2109774500166476	1560
cg23945793	0.21097592806049184	1560
cg01568269	0.21097548235911023	1560
cg06868569	0.21097545080129293	1560
cg27217945	0.21097420343244744	1560
cg04353193	0.21097338044818412	1560
cg20720640	0.21097259085722161	1560
cg22695711	0.21097254136445256	1560
cg14258418	0.21097243407130814	1560
cg20398560	0.21097152766931773	1560
cg21646520	0.21097119692474303	1560
cg25795606	0.21097087190115216	1560
cg21831287	0.2109705222141388	1560
cg20249949	0.2109700473614004	1560
cg01294811	0.21096929131736902	1560
cg02573857	0.21096899342473993	1560
cg02662180	0.21096846173603173	1560
cg11608558	0.21096768357336268	1560
cg04779144	0.21096739156668914	1560
cg19104976	0.2109672955310834	1560
cg14725429	0.21096726893687276	1560
cg04283838	0.21096669109726843	1560
cg14251805	0.21096663316422187	1560
cg25597952	0.2109661833643347	1560
cg05031695	0.2109657925769026	1560
cg14109847	0.21096521460201773	1560
cg05567631	0.21096496744524335	1560
cg07556103	0.21096486219193278	1560
cg05244737	0.21096438946366833	1560
cg20867603	0.2109643423348218	1560
cg24212240	0.21096422642855814	1560
cg00812634	0.21096395961614647	1560
cg03528118	0.2109638346039705	1560
cg09270272	0.2109637746014525	1560
cg05046371	0.2109635042694277	1560
cg02213341	0.21096336854495462	1560
cg00353675	0.21096336287136114	1560
cg12775479	0.21096277340881878	1560
cg16140502	0.21096277268581387	1560
cg22740895	0.21096270785442098	1560
cg14065881	0.21096166401973748	1560
cg08055490	0.21096132480763813	1560
cg11049042	0.21096103365194915	1560
cg23414759	0.2109606238746549	1560
cg13027851	0.2109604286024197	1560
cg22944493	0.21095997819745765	1560
cg05134013	0.21095953644788543	1560
cg15017226	0.2109588901296922	1560
cg27170178	0.21095867084136188	1560
cg21208545	0.2109579367008953	1560
cg15774137	0.21095629991447046	1560
cg05349279	0.21095533048259577	1560
cg15106420	0.21095388989210984	1560
cg09042759	0.21095383791282366	1560
cg04445531	0.2109533522374509	1560
cg04001880	0.21095323801621688	1560
cg15090161	0.21095319228938364	1560
cg06543055	0.21095244480424585	1560
cg23548041	0.21095195284787	1560
cg13726176	0.2109514257864609	1560
cg18326274	0.2109512323654917	1560
cg27334224	0.21095120133471593	1560
cg19591105	0.21095092794671078	1560
cg09719031	0.21094948595069565	1560
cg24701606	0.21094927725700807	1560
cg26950332	0.21094926057832333	1560
cg09097341	0.21094851828460973	1560
cg25086418	0.21094844072222918	1560
cg26120431	0.21094735505298406	1560
cg26204383	0.21094734968605103	1560
cg25924823	0.2109467983746853	1560
cg15460047	0.2109463741821641	1560
cg08702740	0.21094627756355872	1560
cg19321658	0.21094606732871168	1560
cg20702279	0.21094561338141027	1560
cg27532331	0.2109456126249353	1560
cg20471241	0.21094550060549708	1560
cg20860406	0.2109442398764505	1560
cg26099837	0.21094381528831913	1560
cg05726668	0.21094381400416656	1560
cg07426077	0.21094301483095715	1560
cg10149889	0.210942942352069	1560
cg02169553	0.2109426357779513	1560
cg01161138	0.21094223797981174	1560
cg18570262	0.21094185044056696	1560
cg00057791	0.21094152725518	1560
cg27315348	0.21094150002638454	1560
cg14426268	0.21094118996391237	1560
cg04406800	0.21094086961993744	1560
cg07220356	0.21094037247761002	1560
cg22702121	0.2109403632400721	1560
cg08928100	0.21094027039863383	1560
cg21251926	0.2109400742641351	1560
cg16717626	0.21093978852342452	1560
cg23318990	0.2109395376795624	1560
cg04202644	0.21093952916115266	1560
cg23468026	0.2109391365643105	1560
cg15182221	0.21093905181721032	1560
cg19160887	0.2109388838056323	1560
cg20121258	0.2109382534374726	1560
cg13636986	0.2109379300251222	1560
cg16557736	0.21093781894553593	1560
cg15815730	0.21093687597399138	1560
cg15066033	0.21093683782665457	1560
cg05891292	0.21093628967353872	1560
cg08250787	0.21093450288936044	1560
cg03024246	0.2109342434486955	1560
cg24949661	0.21093366529096994	1560
cg06509933	0.21093241457762404	1560
cg11734009	0.2109323129272717	1560
cg03014695	0.2109314456350976	1560
cg03817164	0.21093129869731406	1560
cg21650510	0.21092967362608683	1560
cg09828226	0.21092963399467687	1560
cg08602276	0.21092951154085343	1560
cg18812699	0.21092804788302844	1560
cg01031949	0.21092797936345598	1560
cg03484435	0.21092780353918655	1560
cg21875156	0.21092649336757016	1560
cg06309094	0.21092645059028076	1560
cg19850463	0.2109263728945452	1560
cg13528338	0.21092439648472103	1560
cg02967813	0.2109234382361951	1560
cg25140345	0.21092277351136596	1560
cg22030839	0.21092150803194376	1560
cg14128173	0.21092076884820787	1560
cg14144352	0.21092056915012572	1560
cg27398535	0.21092047684074142	1560
cg15862544	0.21091978528799862	1560
cg10405889	0.21091906201212407	1560
cg15542924	0.21091839391667377	1560
cg15559086	0.21091833073845193	1560
cg15463484	0.21091775436449695	1560
cg00979231	0.2109173052265298	1560
cg00471012	0.21091655104089044	1560
cg07197374	0.21091540741365483	1560
cg03776827	0.2109152362311276	1560
cg04869136	0.21091362579113987	1560
cg00694888	0.2109130211487236	1560
cg26229087	0.21091251849878348	1560
cg10007534	0.21091215996472223	1560
cg03351589	0.21091202219957805	1560
cg17918090	0.2109119704769474	1560
cg24020650	0.21091187299434996	1560
cg09878269	0.21091013838620623	1560
cg21053982	0.21090850673983513	1560
cg04333867	0.2109079429988401	1560
cg03254534	0.21090784433221635	1560
cg01952473	0.21090728330938863	1560
cg04865315	0.21090641752564868	1560
cg21584457	0.21090614583231002	1560
cg13613388	0.21090606557456237	1560
cg11905892	0.21090604903047533	1560
cg03767807	0.21090585970368347	1560
cg01290478	0.21090561419219822	1560
cg16233515	0.21090530979040537	1560
cg16910670	0.21090471030424318	1560
cg18593708	0.2109039107275674	1560
cg23535261	0.21090387563872826	1560
cg01197864	0.21090352511986696	1560
cg07923806	0.21090278293445927	1560
cg01849047	0.2109021081145855	1560
cg12823817	0.2109019955419392	1560
cg13538645	0.2109006464383529	1560
cg22034268	0.210900167925438	1560
cg01573859	0.21089983147837182	1560
cg14489081	0.21089982856604547	1560
cg03630591	0.21089912877269673	1560
cg02084828	0.21089825853906585	1560
cg19858082	0.21089784173355472	1560
cg01162550	0.21089784042102944	1560
cg25311656	0.21089720728518943	1560
cg11417092	0.21089665063968152	1560
cg09268125	0.21089622312820047	1560
cg07753598	0.21089598469307363	1560
cg05125220	0.21089588295056402	1560
cg09312995	0.21089586853441297	1560
cg10344933	0.21089491856608955	1560
cg06090305	0.2108948412161791	1560
cg19252607	0.2108948235403313	1560
cg17692259	0.21089424521972905	1560
cg17123569	0.21089423302664506	1560
cg01011276	0.21089394637449851	1560
cg15439717	0.2108937038264005	1560
cg13665149	0.2108935750880194	1560
cg20982112	0.21089341030426417	1560
cg21039563	0.2108931489659517	1560
cg16753846	0.21089303401547793	1560
cg05347334	0.21089283863549033	1560
cg08573869	0.21089176895748243	1560
cg08754095	0.21089148571596933	1560
cg16926734	0.21089133963944193	1560
cg22138388	0.21089077451300536	1560
cg18174222	0.21089065240352994	1560
cg04195159	0.21089038300268903	1560
cg22957142	0.21089030984229265	1560
cg25710677	0.21088977848284834	1560
cg11335969	0.21088891355270933	1560
cg15127867	0.21088875825303952	1560
cg08017400	0.21088871233614576	1560
cg00038877	0.21088799203518171	1560
cg19849151	0.21088731231099922	1560
cg08847417	0.2108872495626441	1560
cg27659478	0.21088720903318672	1560
cg07192772	0.21088581189225322	1560
cg24239808	0.2108856112780507	1560
cg03552688	0.21088557792303925	1560
cg13292301	0.21088502679639656	1560
cg00979289	0.21088489631287624	1560
cg20274790	0.21088420475175934	1560
cg20594671	0.21088310956409823	1560
cg09624528	0.2108829361847544	1560
cg07988466	0.210882527787607	1560
cg00769012	0.21088130645028608	1560
cg19471319	0.21088117439800072	1560
cg06844276	0.21087898644654043	1560
cg16325394	0.21087891050649352	1560
cg15024633	0.21087869056482103	1560
cg12821367	0.2108786774768019	1560
cg00029821	0.21087802892383337	1560
cg00046991	0.210876816590327	1560
cg08214990	0.21087671980083875	1560
cg23843484	0.21087537750167457	1560
cg05607482	0.21087424728520698	1560
cg14774550	0.2108737768279299	1560
cg10813240	0.21087327776420206	1560
cg05477246	0.21087246525414372	1560
cg01929285	0.2108720865959654	1560
cg06943251	0.21087174567797334	1560
cg01465429	0.21087070019179283	1560
cg22491459	0.2108689763343119	1560
cg03677141	0.2108688010283837	1560
cg07951151	0.2108682844162468	1560
cg16041981	0.2108679602907045	1560
cg27049194	0.2108678823334862	1560
cg02953520	0.21086787047339037	1560
cg10459493	0.21086741447081356	1560
cg10452333	0.2108672880517476	1560
cg08586913	0.21086717515731693	1560
cg05746403	0.21086658632703956	1560
cg07581031	0.2108656454688143	1560
cg09766379	0.21086472708039702	1560
cg11821702	0.21086351686585783	1560
cg12794131	0.2108627921546194	1560
cg14444244	0.21086094001123307	1560
cg01448562	0.21085997733423664	1560
cg10910083	0.2108592680928337	1560
cg15080870	0.2108591947625458	1560
cg10518295	0.21085854560036751	1560
cg24345349	0.21085719928992763	1560
cg03549412	0.21085701814902166	1560
cg07890797	0.21085558787555211	1560
cg17416233	0.2108555678924131	1560
cg14657116	0.21085529307849477	1560
cg25633284	0.2108545848194148	1560
cg00807909	0.21085388406522892	1560
cg19837427	0.2108529216405031	1560
cg06260964	0.21085286863901684	1560
cg19996221	0.21085166029393132	1560
cg08521065	0.21085071605751823	1560
cg07955541	0.21085041307086935	1560
cg03414764	0.2108501234930514	1560
cg07810967	0.2108497651061325	1560
cg15633679	0.21084943510639564	1560
cg26226487	0.21084861664196056	1560
cg21191176	0.2108480693415317	1560
cg17628695	0.210847596828645	1560
cg03704806	0.2108474120388748	1560
cg08375808	0.21084712150027116	1560
cg03280759	0.2108467106447898	1560
cg22504267	0.21084546226317172	1560
cg15971496	0.21084537290482191	1560
cg13432087	0.210845236155791	1560
cg12187761	0.2108443913603026	1560
cg20042612	0.21084437375631745	1560
cg15166050	0.21084372801247747	1560
cg06522915	0.21084295646028672	1560
cg09667134	0.21084284552171198	1560
cg01379825	0.2108421944366626	1560
cg03552268	0.21084072744555912	1560
cg06369532	0.21084048328821395	1560
cg03330372	0.2108396888219089	1560
cg00141153	0.21083959265331287	1560
cg20978766	0.21083906971344046	1560
cg04023936	0.21083903830575534	1560
cg20549405	0.2108387966774215	1560
cg21615171	0.21083826108854384	1560
cg02901790	0.2108381407074163	1560
cg05099063	0.2108373167612776	1560
cg19647685	0.21083727947804662	1560
cg16129777	0.21083610982499743	1560
cg00458793	0.21083542148932724	1560
cg09029046	0.2108349148684923	1560
cg02318890	0.2108348120593884	1560
cg09560811	0.21083293709087536	1560
cg16030751	0.21083247002001587	1560
cg18000650	0.21083222303239083	1560
cg16605573	0.2108315380027698	1560
cg20073320	0.21083128885535835	1560
cg02400611	0.2108312295496043	1560
cg03587241	0.21083061142605694	1560
cg27144884	0.2108293885294489	1560
cg08757289	0.21082838575450705	1560
cg24528765	0.210826971497886	1560
cg26736837	0.21082688754789902	1560
cg13649103	0.21082663304719967	1560
cg03100686	0.21082654737970274	1560
cg10482913	0.21082614030274685	1560
cg00311303	0.21082594761635814	1560
cg15477738	0.21082589361480555	1560
cg23055552	0.21082505996297166	1560
cg12491594	0.2108237862388185	1560
cg16896344	0.2108235493763772	1560
cg13479401	0.21082332840363835	1560
cg09409126	0.21082315613554561	1560
cg06219726	0.21082235925041976	1560
cg21533958	0.2108221340548111	1560
cg04958227	0.2108219907963895	1560
cg12804693	0.21082063075819812	1560
cg18269526	0.21082044970850897	1560
cg08175635	0.21082015738775695	1560
cg20945491	0.21081989485486116	1560
cg11342941	0.21081986266736896	1560
cg25443991	0.2108198004089394	1560
cg26284098	0.21081954073962184	1560
cg15632825	0.21081920991026476	1560
cg13716409	0.2108191700812242	1560
cg21198455	0.21081899301435247	1560
cg03211447	0.21081886314986675	1560
cg00538599	0.21081874092685998	1560
cg02492799	0.21081863776749452	1560
cg27379232	0.21081838006299347	1560
cg13348062	0.21081711528481278	1560
cg18778965	0.2108169497423918	1560
cg17175136	0.21081691341003161	1560
cg14668632	0.2108158075887143	1560
cg24680357	0.21081568771616724	1560
cg24074913	0.21081522929688454	1560
cg20641562	0.2108151196279935	1560
cg20496568	0.2108149329839647	1560
cg15374518	0.2108146781394363	1560
cg27120020	0.21081453417901477	1560
cg10948831	0.21081451055500616	1560
cg19008693	0.21081437052144067	1560
cg17127816	0.21081366436760096	1560
cg17434453	0.210813634539442	1560
cg14084211	0.21081337687561447	1560
cg08416315	0.21081290245029857	1560
cg03887614	0.21081222064250613	1560
cg26530020	0.210811105127017	1560
cg10361281	0.21081042088155488	1560
cg12551635	0.21081038991163842	1560
cg20256804	0.210810037234016	1560
cg12246156	0.2108098262176763	1560
cg22310229	0.2108088765428831	1560
cg21681078	0.21080800898441146	1560
cg03073714	0.21080800746104209	1560
cg17661601	0.21080781513934033	1560
cg13450057	0.21080702160080617	1560
cg19764541	0.21080642489831897	1560
cg13328771	0.21080496979705482	1560
cg15167276	0.2108036407889447	1560
cg26692296	0.21080363201748203	1560
cg25219318	0.21080359873689367	1560
cg20890325	0.21080348817715494	1560
cg00599850	0.21080335097466998	1560
cg07520687	0.2108026900774138	1560
cg15368845	0.21080225718467177	1560
cg22253150	0.21080207044031524	1560
cg00579502	0.2108019544523244	1560
cg20969388	0.21080128767644274	1560
cg19724698	0.21080048918933517	1560
cg16404245	0.2107995083898339	1560
cg17225169	0.21079879705828494	1560
cg13254330	0.2107987670646148	1560
cg13717680	0.21079790301347207	1560
cg02685069	0.2107975872713627	1560
cg23952859	0.21079736215950778	1560
cg26243203	0.21079498074034583	1560
cg20152989	0.21079451250736378	1560
cg23751416	0.21079433144705872	1560
cg13480623	0.21079392151060963	1560
cg11786946	0.2107934156411994	1560
cg15731752	0.2107930078389344	1560
cg25114504	0.21079266499186655	1560
cg10841077	0.21079247380844776	1560
cg02974456	0.2107924421655428	1560
cg03476862	0.21079191739130212	1560
cg24718038	0.21079159870796305	1560
cg14001518	0.21079103649867054	1560
cg05942562	0.21079096009500448	1560
cg00148501	0.21079038663608413	1560
cg01281582	0.21078813320883824	1560
cg12151351	0.21078740722408612	1560
cg23418671	0.21078696183175114	1560
cg22569353	0.21078498277481741	1560
cg21449569	0.21078478128324113	1560
cg12802286	0.2107847289247357	1560
cg18463049	0.21078373811947626	1560
cg18195566	0.21078250393779663	1560
cg18704658	0.21078154968623447	1560
cg06054589	0.21078134413435903	1560
cg00653179	0.21078079905677127	1560
cg02552137	0.21078003551936544	1560
cg00860550	0.21077998536000372	1560
cg24233224	0.21077958771262426	1560
cg07109788	0.21077905085456286	1560
cg26424817	0.21077864751736936	1560
cg10951046	0.2107782363640988	1560
cg09519273	0.21077820778832046	1560
cg20786173	0.21077773561313864	1560
cg03596126	0.21077760339766086	1560
cg05334032	0.2107775123791774	1560
cg12679792	0.2107773802490117	1560
cg05395058	0.2107766870309508	1560
cg05959346	0.210776285334639	1560
cg06826283	0.21077545572555187	1560
cg13772768	0.21077530959114565	1560
cg16061777	0.21077412642807442	1560
cg03207246	0.21077327330188242	1560
cg12686764	0.21077241200164387	1560
cg16796899	0.2107723454665775	1560
cg12615770	0.21077163480836744	1560
cg00521863	0.2107709752592728	1560
cg18177826	0.21077028119553148	1560
cg06755654	0.21077010387409204	1560
cg20606489	0.2107694890312344	1560
cg03650727	0.21076932496802808	1560
cg12965553	0.2107678529179803	1560
cg22787141	0.21076764885602092	1560
cg06352809	0.21076686377507634	1560
cg08826080	0.2107668436009908	1560
cg22619307	0.21076618418914145	1560
cg23822644	0.2107660271560097	1560
cg15349424	0.21076429673507593	1560
cg13888662	0.2107640004918404	1560
cg08228813	0.2107636268562897	1560
cg25589016	0.21076358793310207	1560
cg06575391	0.21076282142812255	1560
cg15322876	0.21076281093958868	1560
cg03260104	0.21076235113660816	1560
cg19865748	0.21076174640290055	1560
cg02998281	0.21076141671235468	1560
cg09993853	0.21076077532131582	1560
cg02810592	0.21076067135274312	1560
cg26827702	0.21075992259130183	1560
cg15076811	0.21075967278655997	1560
cg07980015	0.21075909361480988	1560
cg15582998	0.2107589332216118	1560
cg07795513	0.21075850552543277	1560
cg01360720	0.2107583419436308	1560
cg21268223	0.2107577174896853	1560
cg02662441	0.2107571175642071	1560
cg10756170	0.2107561234625091	1560
cg04235052	0.21075575400411736	1560
cg04740931	0.21075513851862174	1560
cg24475275	0.21075476614212096	1560
cg06636485	0.21075430997071865	1560
cg18745239	0.21075418385038344	1560
cg23918610	0.21075310930523403	1560
cg22809606	0.21075288665693642	1560
cg00868636	0.21075282754132585	1560
cg26693693	0.21075226786529672	1560
cg04166595	0.21075222894150272	1560
cg23312151	0.21075029293469902	1560
cg12390835	0.21075026106979586	1560
cg26014905	0.21074957060893562	1560
cg03436297	0.2107490998730771	1560
cg06415742	0.21074889022608018	1560
cg06234970	0.21074888339504816	1560
cg18576552	0.21074882792177607	1560
cg01199928	0.21074834728977646	1560
cg01199618	0.21074561449438506	1560
cg18363417	0.21074522462669695	1560
cg14085500	0.2107448526100905	1560
cg06890761	0.2107448433680929	1560
cg09753126	0.21074454469094187	1560
cg14354806	0.2107440307600708	1560
cg23269346	0.21074295729149023	1560
cg05164396	0.21074259627863368	1560
cg07733918	0.21074231934206086	1560
cg22860917	0.21074163598286733	1560
cg03535099	0.21074105193055004	1560
cg10751385	0.21074033895275376	1560
cg12847662	0.21074030855439924	1560
cg02604720	0.2107402190609917	1560
cg03663456	0.21073985795283046	1560
cg24004449	0.2107394090124099	1560
cg23209036	0.2107386844607091	1560
cg25600481	0.21073832095871742	1560
cg09762115	0.21073796303574635	1560
cg20657383	0.21073716049334223	1560
cg27501362	0.21073693907253152	1560
cg08057190	0.21073664848695262	1560
cg05016313	0.21073616991587174	1560
cg19958736	0.21073607058147723	1560
cg20105834	0.21073487484842984	1560
cg26437866	0.21073435547587926	1560
cg12517061	0.21073411196605785	1560
cg10859726	0.21073403760700893	1560
cg23634476	0.21073387430491733	1560
cg22824767	0.21073358388452376	1560
cg01105068	0.21073260693479928	1560
cg20982675	0.2107314472011231	1560
cg02324529	0.21073018944982924	1560
cg06568880	0.21072981317273323	1560
cg04005773	0.21072970473660707	1560
cg08918988	0.210729637165499	1560
cg23272214	0.21072943045572717	1560
cg18645910	0.2107286587734859	1560
cg20698680	0.2107277131135408	1560
cg00503338	0.21072765548496755	1560
cg07588857	0.21072638433889773	1560
cg04936725	0.21072583939736117	1560
cg08132025	0.2107253951188231	1560
cg23968113	0.2107251181984933	1560
cg14647515	0.21072479690001444	1560
cg09261561	0.2107241484361482	1560
cg08223915	0.21072412893175144	1560
cg11885100	0.21072406992993997	1560
cg01109252	0.21072354304686403	1560
cg12522144	0.2107231713921072	1560
cg00344644	0.21072078101524372	1560
cg24663434	0.21072068198330374	1560
cg01890546	0.21072046744907713	1560
cg01541650	0.21072004531685531	1560
cg10328377	0.21071997402925577	1560
cg12426360	0.21071910692658646	1560
cg27657926	0.2107183392096078	1560
cg07962641	0.2107172728544556	1560
cg12337348	0.2107159818962641	1560
cg05081395	0.21071588686729933	1560
cg02107110	0.21071401646632343	1560
cg21197795	0.21071345791569254	1560
cg04326566	0.21071228234204478	1560
cg18559858	0.21071223862149213	1560
cg04317926	0.21071197322991203	1560
cg22029810	0.21071194345716757	1560
cg10848230	0.21071070885960433	1560
cg27239168	0.21071047927739914	1560
cg25100296	0.21071045293837928	1560
cg02478118	0.2107101597096719	1560
cg27565382	0.2107094325393633	1560
cg19696227	0.2107091597591699	1560
cg02380064	0.210709082352287	1560
cg11222219	0.2107084097578448	1560
cg03915174	0.21070705310723314	1560
cg10078645	0.21070648088989327	1560
cg26405583	0.21070638079454143	1560
cg16155393	0.21070557103010837	1560
cg14219059	0.2107050239226643	1560
cg11967835	0.21070408597848078	1560
cg03886254	0.21070375399511224	1560
cg14137281	0.2107036305768373	1560
cg22090064	0.2107031858047872	1560
cg24774002	0.2107029155763073	1560
cg22033823	0.2107027745238158	1560
cg10398761	0.21070246108776955	1560
cg08822746	0.21070207833766175	1560
cg00026857	0.21070148729514812	1560
cg10690802	0.21070144656003842	1560
cg19865725	0.21070114256290054	1560
cg00462849	0.2107007265545431	1560
cg23340034	0.21070066108159297	1560
cg03693553	0.2107001307451164	1560
cg25881869	0.2107000538660512	1560
cg14341418	0.21069996698100546	1560
cg00561891	0.21069977096788814	1560
cg13657593	0.2106995809259272	1560
cg10934766	0.21069936574519088	1560
cg15461699	0.2106989602373077	1560
cg18577509	0.21069736021605137	1560
cg23211535	0.21069733068271337	1560
cg25712987	0.21069733019813952	1560
cg09254926	0.2106968566839795	1560
cg18751223	0.21069631246276457	1560
cg27190943	0.21069601038020816	1560
cg25720849	0.21069574271606994	1560
cg01787552	0.21069514327974226	1560
cg07283415	0.21069501931155657	1560
cg04167518	0.21069469411090958	1560
cg08044713	0.21069441495291844	1560
cg14574088	0.21069426045897666	1560
cg21021448	0.21069403511218462	1560
cg11289006	0.21069353004331148	1560
cg14913210	0.21069213500308873	1560
cg20300135	0.21069170457843955	1560
cg02767470	0.2106912696918575	1560
cg19942305	0.21069054240253013	1560
cg11010976	0.2106904490637873	1560
cg15392102	0.21069031353437193	1560
cg06021910	0.2106896878318825	1560
cg15001567	0.2106895069308429	1560
cg16436069	0.21068945699773342	1560
cg17397438	0.2106888244968612	1560
cg04746945	0.2106881085782254	1560
cg18720726	0.21068769064476367	1560
cg02461773	0.21068741990397755	1560
cg13954161	0.21068636465460222	1560
cg16967296	0.210685463866253	1560
cg14700841	0.21068503067972966	1560
cg00209398	0.21068481525573335	1560
cg25510895	0.21068474128937345	1560
cg04542817	0.21068447137148763	1560
cg01789463	0.21068359286489854	1560
cg26501518	0.21068223017512624	1560
cg18648055	0.21068222178668722	1560
cg20865656	0.21068138766303335	1560
cg08305371	0.21068108581541464	1560
cg21196492	0.21068060618849258	1560
cg03983913	0.21067972388621573	1560
cg02742418	0.21067940571786523	1560
cg26428731	0.21067911353044416	1560
cg06348245	0.21067843350450685	1560
cg02003272	0.2106774746556405	1560
cg07051796	0.2106772279189221	1560
cg15993027	0.21067709586185146	1560
cg24951140	0.2106764854441347	1560
cg26114804	0.2106747351792608	1560
cg15362304	0.21067403798699735	1560
cg10669351	0.21067241607356874	1560
cg15072038	0.2106721943707962	1560
cg05378013	0.21067186352107956	1560
cg22144668	0.21067168291113986	1560
cg05813032	0.2106716589271774	1560
cg23208909	0.21067140620683175	1560
cg17681524	0.21067109837346273	1560
cg17317338	0.21067108302767404	1560
cg01144768	0.21067036091926125	1560
cg26893600	0.21067024874845514	1560
cg14429457	0.2106700576722463	1560
cg05960024	0.21066974940629535	1560
cg00462560	0.2106686606168314	1560
cg08697242	0.21066826423433546	1560
cg24963653	0.2106676118481546	1560
cg15267307	0.21066733776107255	1560
cg06655494	0.21066716759292367	1560
cg01257654	0.21066691376783234	1560
cg15678386	0.21066621200655677	1560
cg06673969	0.21066583283412077	1560
cg02766680	0.21066566646116333	1560
cg14612966	0.21066471585247806	1560
cg07324087	0.21066462455720872	1560
cg03214478	0.21066437448363465	1560
cg02603140	0.21066413052234215	1560
cg03032264	0.2106638364947222	1560
cg03389792	0.2106636946511549	1560
cg12031346	0.2106634820767777	1560
cg20999799	0.2106629869347394	1560
cg17834338	0.2106627133251313	1560
cg07522403	0.21066255814596452	1560
cg15496336	0.21066123458629907	1560
cg15109550	0.21066094272641314	1560
cg10239746	0.21066041335364363	1560
cg02668208	0.21066030595197147	1560
cg10751939	0.21065959737434703	1560
cg00916831	0.21065881110787296	1560
cg07509167	0.2106578027271614	1560
cg00204649	0.21065753643968677	1560
cg20499685	0.2106571770038143	1560
cg17076780	0.21065589346042474	1560
cg06943865	0.2106557782890577	1560
cg18235465	0.2106552957902112	1560
cg21929969	0.21065505560400136	1560
cg13149412	0.21065486163649283	1560
cg18163441	0.21065408829018745	1560
cg18105709	0.21065395806964915	1560
cg18520505	0.21065345963880885	1560
cg17441377	0.21065230117712436	1560
cg08314543	0.2106512699381393	1560
cg01594767	0.21065096782912662	1560
cg01566460	0.21064985391796232	1560
cg13552765	0.2106488405587539	1560
cg14493571	0.21064883732117565	1560
cg05211642	0.21064777154722666	1560
cg09784724	0.21064742519910012	1560
cg13552389	0.21064614770268922	1560
cg04881012	0.21064576903854013	1560
cg23794848	0.2106438345009787	1560
cg09935228	0.21064348646734343	1560
cg27362297	0.2106423415602525	1560
cg06621620	0.21064190980242045	1560
cg11996390	0.21064186348152683	1560
cg17721480	0.21064132571716046	1560
cg13831433	0.21064123536129847	1560
cg27295561	0.21064115201881142	1560
cg05002580	0.21064108917375673	1560
cg04067574	0.21064026359118698	1560
cg00422714	0.21064002592360911	1560
cg22933133	0.21063935453721447	1560
cg13523232	0.2106392270053806	1560
cg07079489	0.21063887070641835	1560
cg23812119	0.21063871578806942	1560
cg11340830	0.21063848264627144	1560
cg23474801	0.21063752950674106	1560
cg24215635	0.21063731765612276	1560
cg24545324	0.210636766903319	1560
cg05533326	0.21063638423270878	1560
cg00032192	0.2106359855454723	1560
cg04832916	0.21063544527873496	1560
cg07605988	0.21063540925483937	1560
cg08916508	0.21063452770211655	1560
cg15631343	0.21063318756147503	1560
cg12525096	0.21063305666746293	1560
cg00130817	0.2106330193684862	1560
cg08825895	0.21063295748170938	1560
cg01286191	0.21063294945231967	1560
cg09883678	0.21063292273841192	1560
cg24300216	0.21063152217268133	1560
cg11476254	0.2106315110362057	1560
cg27496846	0.2106313157129739	1560
cg00506862	0.21063093342808667	1560
cg11578784	0.21063090282307753	1560
cg18303581	0.21063053693776335	1560
cg00373256	0.2106301717918712	1560
cg09981029	0.21062933629614153	1560
cg07017693	0.2106290306813825	1560
cg09819081	0.21062786997231614	1560
cg15068009	0.21062696645970314	1560
cg16733298	0.21062677771339822	1560
cg10834734	0.21062662483008174	1560
cg18402783	0.2106243893986743	1560
cg14990712	0.21062436995153674	1560
cg21561315	0.210624243266235	1560
cg17589632	0.21062370393310326	1560
cg08129093	0.21062368393715253	1560
cg14528437	0.21062356847398983	1560
cg10656128	0.2106235367901817	1560
cg13414581	0.21062325093842718	1560
cg19709585	0.21062324361089732	1560
cg17571992	0.2106226038586473	1560
cg15057747	0.21062231724446673	1560
cg03914237	0.21062166326112658	1560
cg03724010	0.21062125772606172	1560
cg22177920	0.2106209694117398	1560
cg22904102	0.21062089942948356	1560
cg22188815	0.2106207545852404	1560
cg21306321	0.21061998440595434	1560
cg17621241	0.2106196566242946	1560
cg05480046	0.21061941033426712	1560
cg13548810	0.21061932361446312	1560
cg16166739	0.21061915205420478	1560
cg24947286	0.2106191437046609	1560
cg24981909	0.21061906979594544	1560
cg00506590	0.2106182177199878	1560
cg21933743	0.21061804404126844	1560
cg18327321	0.21061773342109763	1560
cg22603352	0.21061753574270617	1560
cg05792861	0.21061747742480103	1560
cg16545773	0.21061728967779902	1560
cg06286604	0.21061664946616976	1560
cg09137124	0.21061608852583816	1560
cg13894250	0.21061605678790124	1560
cg25720128	0.21061599302208067	1560
cg00460793	0.21061545251305214	1560
cg19130313	0.21061532557432783	1560
cg02691362	0.21061522586693182	1560
cg21235108	0.21061443172675573	1560
cg12338127	0.21061271361047393	1560
cg14863265	0.21061258609862182	1560
cg27381930	0.21061202176632626	1560
cg18578939	0.21061198781226834	1560
cg04919489	0.2106116851429973	1560
cg20572557	0.21061052158027252	1560
cg10351692	0.21061043691828651	1560
cg20033079	0.21061011161981202	1560
cg17265576	0.21060989954880877	1560
cg11579646	0.21060929903829692	1560
cg10877385	0.21060906250018727	1560
cg21186771	0.21060901246942323	1560
cg09834771	0.21060749103915383	1560
cg23725394	0.21060744553367258	1560
cg21868480	0.2106068752523092	1560
cg12473767	0.2106064812124274	1560
cg22565399	0.21060614081868986	1560
cg20341238	0.2106060844304464	1560
cg12213850	0.2106059412049708	1560
cg03440221	0.2106057650903425	1560
cg13429719	0.21060539334662148	1560
cg13698261	0.21060516090498405	1560
cg14572688	0.21060466815180193	1560
cg18021203	0.21060376861266467	1560
cg02288552	0.21060364337872517	1560
cg26112755	0.2106035122398525	1560
cg18072018	0.21060219576201678	1560
cg01093395	0.21060201710122928	1560
cg00556816	0.21060194060263804	1560
cg14505980	0.21060124707934336	1560
cg11153505	0.21060086658776614	1560
cg23658721	0.2106005824356656	1560
cg18549386	0.21060040709674704	1560
cg23347250	0.21060015780359656	1560
cg22731558	0.21059999541864027	1560
cg08498475	0.21059969478956897	1560
cg06416309	0.21059965989087692	1560
cg17564205	0.21059905047484662	1560
cg13736369	0.21059884682880695	1560
cg24154246	0.21059866898232993	1560
cg04291024	0.21059859235855696	1560
cg17213304	0.21059730015878556	1560
cg23304762	0.21059457178681096	1560
cg11668573	0.21059383279088778	1560
cg00393340	0.21059330519282615	1560
cg00462559	0.21059307692935056	1560
cg14772301	0.21059305404828035	1560
cg08266905	0.21059236442331575	1560
cg12388682	0.21059209744064994	1560
cg19858311	0.2105920600581335	1560
cg05306441	0.21059167276238283	1560
cg05035183	0.21059149506601973	1560
cg12158165	0.210590503051615	1560
cg13208054	0.21059048011996365	1560
cg10468580	0.21059011338186145	1560
cg13396354	0.21058996739277885	1560
cg09678667	0.21058961468872914	1560
cg21655201	0.21058891410904568	1560
cg24876492	0.2105881604319798	1560
cg07924653	0.21058712193027498	1560
cg19718306	0.21058656653784288	1560
cg02604967	0.21058639917475996	1560
cg21191443	0.21058512228656923	1560
cg12103197	0.21058450403474854	1560
cg06557624	0.21058319358443273	1560
cg03464529	0.21058314307820392	1560
cg14936460	0.2105829042004861	1560
cg18027810	0.21058198504055795	1560
cg22996592	0.2105819580313867	1560
cg23726178	0.21058188737960556	1560
cg06909228	0.2105818069613101	1560
cg05887431	0.21058165712637375	1560
cg16391101	0.21058143596775575	1560
cg17067942	0.2105813553983976	1560
cg12373659	0.21058124756898153	1560
cg10622024	0.2105810153010585	1560
cg17504453	0.21058030452475332	1560
cg26531551	0.21058011177561242	1560
cg14804706	0.2105798898961586	1560
cg25358415	0.21057827877087948	1560
cg27007625	0.21057789413450537	1560
cg18288303	0.2105774130108139	1560
cg16906614	0.21057724128447336	1560
cg23221431	0.21057568998611295	1560
cg06909229	0.21057549335048067	1560
cg19993573	0.21057543986695684	1560
cg12117817	0.2105742266389038	1560
cg16370258	0.21057341592971424	1560
cg19357369	0.21057339666892905	1560
cg07841059	0.2105730471039222	1560
cg11164142	0.2105728426241918	1560
cg06540811	0.21057278042539118	1560
cg00304959	0.21057260864825733	1560
cg20372195	0.21057224570511013	1560
cg22536770	0.21057214485524256	1560
cg26507629	0.2105712251803315	1560
cg07337456	0.21057121939003068	1560
cg13425962	0.21057094430929155	1560
cg02511363	0.21057040002694924	1560
cg20152585	0.210570024810793	1560
cg08323766	0.21056957018134814	1560
cg21877368	0.2105695498192288	1560
cg19037143	0.21056936963032108	1560
cg18045658	0.2105678442230192	1560
cg14782237	0.21056748008986334	1560
cg14168316	0.2105672385710756	1560
cg09080788	0.21056611988988927	1560
cg10702669	0.21056456501991086	1560
cg11914650	0.21056410849904947	1560
cg01117705	0.21056371605926985	1560
cg11534893	0.21056319492051648	1560
cg27664390	0.21056303765334386	1560
cg02711899	0.21056285342484007	1560
cg16034546	0.210562337202189	1560
cg00220965	0.2105620966321453	1560
cg03117600	0.2105600179794707	1560
cg05204898	0.21055956432720044	1560
cg02337583	0.2105592471079079	1560
cg16611858	0.21055863308099057	1560
cg04331694	0.2105579285297822	1560
cg20176371	0.2105578735979132	1560
cg07903425	0.21055772833910197	1560
cg24691330	0.21055750111501859	1560
cg14724719	0.2105572379988869	1560
cg22995587	0.21055621317812898	1560
cg06098976	0.21055499447140627	1560
cg25667283	0.210554872071545	1560
cg05032625	0.21055426034092778	1560
cg23357526	0.21055405703627647	1560
cg06558800	0.21055360171504242	1560
cg20288203	0.21055356132416894	1560
cg04830147	0.21055294804476682	1560
cg00537910	0.21055264218763844	1560
cg04880874	0.210552548199327	1560
cg09777856	0.21055250431569744	1560
cg10475489	0.21055202197735026	1560
cg17803298	0.21055135298342215	1560
cg07300360	0.21055124631549488	1560
cg07673241	0.21055089591469142	1560
cg10563131	0.210550441079974	1560
cg24628076	0.2105501004461139	1560
cg10958815	0.21054996017065597	1560
cg13425150	0.21054967448387515	1560
cg27090029	0.2105496588633351	1560
cg14059963	0.21054909743269748	1560
cg25661931	0.2105489427615832	1560
cg23008762	0.2105485629691562	1560
cg00346970	0.21054837565916412	1560
cg06902685	0.21054810285029696	1560
cg07977330	0.21054801315962873	1560
cg08143038	0.21054792101227385	1560
cg23836174	0.21054758061105305	1560
cg22244135	0.21054624524914486	1560
cg19140335	0.21054599615271422	1560
cg06570298	0.2105454827193253	1560
cg17545002	0.21054486890962695	1560
cg02586830	0.21054476151341125	1560
cg07834492	0.21054403468340083	1560
cg07590004	0.21054365839168285	1560
cg00612714	0.2105424880627768	1560
cg11552640	0.21054129377357503	1560
cg19260474	0.21054075311154508	1560
cg02758040	0.21054064408300496	1560
cg01068240	0.21054057441361967	1560
cg15337196	0.21054022461683686	1560
cg02637052	0.21054020573992366	1560
cg12474705	0.21054010904846515	1560
cg07213482	0.21054005309014082	1560
cg12896456	0.21054002869800137	1560
cg16759221	0.21053986840998332	1560
cg04214430	0.21053927877607256	1560
cg00850612	0.21053887122688011	1560
cg04329088	0.21053782785296207	1560
cg13834460	0.21053735608172883	1560
cg10536955	0.21053625898016257	1560
cg25368917	0.21053487663269044	1560
cg02071579	0.21053379985637885	1560
cg22596411	0.21053300705005812	1560
cg17915125	0.2105329724360658	1560
cg01685521	0.21053252668555245	1560
cg21496948	0.21053245137477872	1560
cg11907972	0.21053181787199204	1560
cg08921986	0.21053169793830842	1560
cg06492111	0.21053122019017548	1560
cg14125423	0.21053106266945523	1560
cg25002426	0.2105304325208474	1560
cg08864283	0.21053034692168737	1560
cg02415349	0.21052942193216162	1560
cg04109941	0.21052929013542374	1560
cg06995003	0.21052850112088137	1560
cg06879378	0.21052758006864195	1560
cg00943083	0.2105271345694525	1560
cg01960043	0.21052686126405354	1560
cg08696928	0.21052609738938724	1560
cg01384593	0.21052582867839814	1560
cg22616007	0.21052534179367957	1560
cg17684572	0.2105250063545586	1560
cg04590605	0.2105248132190537	1560
cg25611041	0.21052429521752755	1560
cg12553181	0.21052379845655683	1560
cg12335116	0.21052297019667102	1560
cg11180129	0.2105229581055432	1560
cg25063864	0.2105222728227013	1560
cg13558682	0.21052218410966003	1560
cg04079883	0.21052134494060087	1560
cg11759354	0.21052134232134492	1560
cg02642962	0.21051965286709262	1560
cg25686744	0.21051960996819236	1560
cg01699430	0.21051858614100027	1560
cg06109876	0.21051809125936569	1560
cg22775108	0.21051751493835127	1560
cg14620065	0.2105174183986355	1560
cg06863310	0.21051665776356704	1560
cg26867978	0.2105153818105366	1560
cg11163532	0.2105148087849695	1560
cg00773370	0.21051468548408722	1560
cg08456043	0.21051432889980914	1560
cg12949542	0.21051418565370042	1560
cg01172345	0.21051304521153946	1560
cg22902977	0.21051228434971414	1560
cg02535111	0.210510450422364	1560
cg19926519	0.21050884543930254	1560
cg11605108	0.21050861580286526	1560
cg26624794	0.21050818958527628	1560
cg13495038	0.2105070708310092	1560
cg03501128	0.2105064826728334	1560
cg24399028	0.2105062711029096	1560
cg01646423	0.21050548612395242	1560
cg22494081	0.21050453403661307	1560
cg05246098	0.2105032406108885	1560
cg14443396	0.21050305327738777	1560
cg06705004	0.21050271942087267	1560
cg24946206	0.21050240520924773	1560
cg17254454	0.21050220733047043	1560
cg00248875	0.21049844529238337	1560
cg11841231	0.21049817158702505	1560
cg21207699	0.21049815821561077	1560
cg18431557	0.21049788473310177	1560
cg17227127	0.21049738418212663	1560
cg14555265	0.21049708457878283	1560
cg20752715	0.21049707827023392	1560
cg11510515	0.21049612289071912	1560
cg07484255	0.21049511261150006	1560
cg01783151	0.21049459568904047	1560
cg20241254	0.2104941714606939	1560
cg20550050	0.21049276308959858	1560
cg10938446	0.21049248308863963	1560
cg25094921	0.21049176241568873	1560
cg22997601	0.2104916815043003	1560
cg15383979	0.2104916103654987	1560
cg06201247	0.21049143826948538	1560
cg00103209	0.2104914074878635	1560
cg25528199	0.21049130446444494	1560
cg00102512	0.21049075614073345	1560
cg13039271	0.21048925722108175	1560
cg04221624	0.21048885974300505	1560
cg07148051	0.21048845583284956	1560
cg21037155	0.21048747199750245	1560
cg02964783	0.2104870889844437	1560
cg08401743	0.21048630548566594	1560
cg17113878	0.21048577729998236	1560
cg26389914	0.21048504571629761	1560
cg19130981	0.21048316622607086	1560
cg05292018	0.2104830233097523	1560
cg05816298	0.21048270384725923	1560
cg01418388	0.21048217471933464	1560
cg26505596	0.21048176391328532	1560
cg15893532	0.21048139062050397	1560
cg23109359	0.21048088211242966	1560
cg19927328	0.21048030225662534	1560
cg02987095	0.21048025043251065	1560
cg16764889	0.2104801872887112	1560
cg18135767	0.21048001673060368	1560
cg25705452	0.21047939662852422	1560
cg10053187	0.21047919175306495	1560
cg03903472	0.21047894784474838	1560
cg02520660	0.21047886651707956	1560
cg18010747	0.2104784920188288	1560
cg21265287	0.21047812380852798	1560
cg08072487	0.2104781127556119	1560
cg04266315	0.21047803034818863	1560
cg16520759	0.21047781254369358	1560
cg04528054	0.21047742452824275	1560
cg06660012	0.21047680615050499	1560
cg17068138	0.21047623869834423	1560
cg00058296	0.21047532933522503	1560
cg26279082	0.21047446835571182	1560
cg10354195	0.2104743021544211	1560
cg18646186	0.21047327285235065	1560
cg15495091	0.2104731172112295	1560
cg26427135	0.21047285416591938	1560
cg20234373	0.2104718081231073	1560
cg27504053	0.21047133257090853	1560
cg06716922	0.2104711485819316	1560
cg07005898	0.21046977843902856	1560
cg11567046	0.2104697571974584	1560
cg08758568	0.21046872589203633	1560
cg04311994	0.2104672117863859	1560
cg14001314	0.2104667634571199	1560
cg11356950	0.21046619557176385	1560
cg15128555	0.2104653830281675	1560
cg19930884	0.21046536984927575	1560
cg14247862	0.21046241163915053	1560
cg09799938	0.21046184170270155	1560
cg08268336	0.21046159050059868	1560
cg13854030	0.21046153353954422	1560
cg26744084	0.21046031790853265	1560
cg17371014	0.21045999721295225	1560
cg00630268	0.210458718377189	1560
cg00416458	0.21045843270550588	1560
cg20541187	0.21045768012236904	1560
cg10576133	0.21045751804331675	1560
cg12810720	0.21045708323900972	1560
cg11283729	0.21045698520725503	1560
cg10001363	0.21045495262109232	1560
cg19213167	0.21045447984110768	1560
cg16233210	0.21045431769786793	1560
cg20597494	0.21045427383721976	1560
cg24266624	0.21045420519016375	1560
cg21074476	0.21045281648461298	1560
cg24801067	0.21045180148606876	1560
cg27310255	0.21045143962310683	1560
cg05669157	0.21045143029854016	1560
cg08763388	0.2104513863458366	1560
cg03562441	0.21044991994974913	1560
cg15904623	0.21044931994765642	1560
cg23539715	0.21044927791030837	1560
cg09472901	0.21044914070757512	1560
cg03986691	0.2104491211532011	1560
cg07800892	0.21044873569807807	1560
cg20418308	0.2104479566887433	1560
cg00226615	0.21044745891443445	1560
cg05459280	0.21044739323469705	1560
cg00374105	0.2104467732129674	1560
cg27130774	0.21044649715581784	1560
cg00667937	0.2104461065399637	1560
cg06679490	0.21044525549469045	1560
cg07764073	0.2104451848888085	1560
cg19824059	0.21044232493263162	1560
cg16498681	0.21044081520350494	1560
cg17466245	0.21044058320379758	1560
cg11985341	0.21043993842939518	1560
cg19726959	0.2104391077313411	1560
cg01744729	0.2104390562866796	1560
cg01365452	0.21043824576297443	1560
cg12963168	0.21043786548772883	1560
cg02881011	0.2104377279098032	1560
cg11075176	0.21043717285316096	1560
cg08694199	0.21043653939645404	1560
cg20214316	0.210435620701789	1560
cg09580859	0.21043545160170476	1560
cg09936663	0.21043522308360682	1560
cg03944099	0.21043509902917418	1560
cg22832103	0.21043494838309496	1560
cg15486541	0.21043468312624203	1560
cg24245305	0.2104336117861604	1560
cg03779213	0.21043326218712063	1560
cg25016646	0.2104329396893553	1560
cg04315086	0.21043255857918755	1560
cg01909738	0.21043164951586374	1560
cg15903837	0.21043138900771377	1560
cg08313040	0.21042804409437027	1560
cg00874371	0.21042745999317483	1560
cg09600509	0.21042739783285874	1560
cg14864369	0.21042727650302598	1560
cg14282937	0.2104267602734794	1560
cg08941669	0.21042606690349708	1560
cg02459016	0.21042571067326882	1560
cg13741621	0.21042512889803108	1560
cg24653967	0.21042472340336527	1560
cg20681274	0.21042359153039056	1560
cg27128001	0.21042289426274818	1560
cg01546814	0.2104219894459248	1560
cg12633355	0.21042179458602517	1560
cg11495285	0.21042104509907283	1560
cg24365572	0.21042065582116448	1560
cg26206748	0.21042032821457693	1560
cg05834625	0.21041973045272105	1560
cg03511282	0.2104193139414489	1560
cg13408955	0.21041840587285354	1560
cg01265637	0.21041839927276923	1560
cg07370745	0.21041774675710778	1560
cg15621740	0.21041704691853777	1560
cg22322870	0.2104165872863822	1560
cg02475871	0.2104142719682196	1560
cg12647257	0.2104134716664916	1560
cg25571941	0.21041327649727448	1560
cg10027314	0.21041300220228062	1560
cg03733278	0.2104129048719777	1560
cg22975568	0.21041249651047314	1560
cg24952754	0.2104118463973557	1560
cg16818627	0.21041139920931382	1560
cg20863336	0.21041138239898544	1560
cg06885652	0.2104107732582393	1560
cg13062280	0.21040955916352264	1560
cg00400096	0.2104094346258309	1560
cg25325645	0.21040867715726835	1560
cg12304482	0.21040847075802502	1560
cg26624744	0.21040818997816846	1560
cg08922090	0.21040768379457275	1560
cg22798412	0.21040636767383486	1560
cg27124370	0.21040631759121026	1560
cg13592780	0.2104044236416268	1560
cg13356429	0.2104031600830545	1560
cg01578521	0.2104028400294339	1560
cg24196351	0.21040208089108375	1560
cg23883738	0.2104011955381471	1560
cg19303076	0.21039991985831522	1560
cg14665629	0.21039983951141966	1560
cg26811411	0.2103992070857518	1560
cg06583077	0.21039915304157814	1560
cg04673509	0.2103984757886328	1560
cg08030134	0.21039786920681058	1560
cg14490763	0.21039764825061144	1560
cg14163324	0.21039665255901951	1560
cg23519022	0.21039661045368777	1560
cg01915433	0.2103960955723054	1560
cg16936094	0.2103959967634734	1560
cg16860971	0.21039592056443682	1560
cg09519060	0.2103956010825905	1560
cg11412070	0.21039509605734671	1560
cg07512345	0.21039334862405726	1560
cg17101216	0.21039314769021586	1560
cg02118755	0.210392388374323	1560
cg24693879	0.21039195369883548	1560
cg12957339	0.21039177875562703	1560
cg26789365	0.21039160237816584	1560
cg01736389	0.21039148747066252	1560
cg02959688	0.2103902147141783	1560
cg01766844	0.21038983978848905	1560
cg10862988	0.21038918780960816	1560
cg07914385	0.2103884916332007	1560
cg12562232	0.21038832815934186	1560
cg15534482	0.21038732803864316	1560
cg24368899	0.2103871493564803	1560
cg06292444	0.21038675628927156	1560
cg24248317	0.21038655113998378	1560
cg01118730	0.21038616793246698	1560
cg18838941	0.21038520421853735	1560
cg10761785	0.21038477156703753	1560
cg02387618	0.21038438000235468	1560
cg15648594	0.21038418363457442	1560
cg00151732	0.21038367987817683	1560
cg09581413	0.21038287372035566	1560
cg00025715	0.21038285670105142	1560
cg02331812	0.21038255932237115	1560
cg09009983	0.21038252782993747	1560
cg23370290	0.21038156461495316	1560
cg10238603	0.21038110938568216	1560
cg13945540	0.21038104521128548	1560
cg09862845	0.2103810378385602	1560
cg20241299	0.2103805234317741	1560
cg09299076	0.21038044826398364	1560
cg14151795	0.21038016116970126	1560
cg08119256	0.2103799732723694	1560
cg13555351	0.21037976898027622	1560
cg20500230	0.21037956121355242	1560
cg17586345	0.2103794885614087	1560
cg22804620	0.21037910435649806	1560
cg10648547	0.2103786024660049	1560
cg13800828	0.21037857397006235	1560
cg12411479	0.2103782934484581	1560
cg14258951	0.2103781597033828	1560
cg14270002	0.21037811613111596	1560
cg00553527	0.2103776411291796	1560
cg23464217	0.21037646502366278	1560
cg02529390	0.21037602315416415	1560
cg14231841	0.21037596112347778	1560
cg05070571	0.21037589735034898	1560
cg17236526	0.21037433503872194	1560
cg24738650	0.21037411580388904	1560
cg24083378	0.21037406410256188	1560
cg02013846	0.2103738308031867	1560
cg06668922	0.2103737982623718	1560
cg00942997	0.21037363157603683	1560
cg26746255	0.21037327278746842	1560
cg19955309	0.21037292583310177	1560
cg25824127	0.21037231171488205	1560
cg10815995	0.2103722432004114	1560
cg20072792	0.2103716587746148	1560
cg10732536	0.21036982856536526	1560
cg09562285	0.21036977328277648	1560
cg11207652	0.2103693620872381	1560
cg14728503	0.21036712201783417	1560
cg06322323	0.21036708011511454	1560
cg00799631	0.2103667998274173	1560
cg19865340	0.21036582162999423	1560
cg23940014	0.21036557240758283	1560
cg06437206	0.21036545615717742	1560
cg23335304	0.21036532303849417	1560
cg16001993	0.21036473260578828	1560
cg24969728	0.21036430246198762	1560
cg06063484	0.21036430001618292	1560
cg15424369	0.21036376393455994	1560
cg09787909	0.21036372132992015	1560
cg18591136	0.21036348818462985	1560
cg15982952	0.2103632361593288	1560
cg00434885	0.21036303435384987	1560
cg16946007	0.2103629447314525	1560
cg22960133	0.21036268328511287	1560
cg14059126	0.2103616711588697	1560
cg14954154	0.21036146734003341	1560
cg03761885	0.2103609078875083	1560
cg01569860	0.2103607927225914	1560
cg12569216	0.2103606531192925	1560
cg27630540	0.21035961631097128	1560
cg22688927	0.21035953036701968	1560
cg27010136	0.2103576237515482	1560
cg24018948	0.21035696792272798	1560
cg25908390	0.21035630904756136	1560
cg24725642	0.2103559027543038	1560
cg20149094	0.21035570919211455	1560
cg16051671	0.2103551874726801	1560
cg01432898	0.21035450448200196	1560
cg09410317	0.2103544274282049	1560
cg11802326	0.21035337456796036	1560
cg18119961	0.2103531253950137	1560
cg04157268	0.2103529983568198	1560
cg03661570	0.210351188251752	1560
cg10944357	0.2103506018193984	1560
cg09728637	0.21034976132225716	1560
cg17779764	0.21034893721990028	1560
cg11295183	0.21034879498458833	1560
cg10214447	0.2103479173861988	1560
cg17341477	0.21034779581706825	1560
cg04790450	0.21034665751870152	1560
cg02416656	0.2103463563113805	1560
cg09024089	0.21034576790198947	1560
cg06353563	0.21034573992645753	1560
cg16921643	0.2103457192165168	1560
cg27608022	0.2103450300580978	1560
cg23263911	0.21034488375127583	1560
cg21497246	0.21034487011291952	1560
cg18355410	0.2103446311182904	1560
cg23957126	0.21034388305919918	1560
cg11634232	0.21034343206410555	1560
cg03225617	0.210343363444542	1560
cg24237154	0.2103429071870761	1560
cg25507518	0.21034264719597812	1560
cg25940827	0.21034200471749165	1560
cg07341534	0.21034154157144452	1560
cg26387072	0.2103413440023152	1560
cg06072644	0.21034119199423568	1560
cg05009018	0.21034080436345942	1560
cg14059615	0.21034016450413928	1560
cg21123505	0.21034006268279684	1560
cg06014251	0.21033999560406166	1560
cg17509351	0.2103398192300451	1560
cg21468889	0.21033950845868765	1560
cg19746565	0.21033920722892605	1560
cg09362578	0.2103391522370948	1560
cg27643859	0.21033863079884174	1560
cg04898458	0.21033738534164814	1560
cg03334076	0.21033659197400242	1560
cg14991682	0.21033629367834203	1560
cg06924389	0.21033621394604637	1560
cg10523645	0.2103357765331762	1560
cg14578866	0.21033404155091942	1560
cg19170930	0.21033363126051793	1560
cg00171947	0.21033339123900116	1560
cg12605273	0.21033245300633932	1560
cg08129754	0.21033238362032172	1560
cg23042138	0.21033116572302826	1560
cg18141973	0.2103303673257641	1560
cg02596023	0.21032954442025317	1560
cg12656692	0.21032949623392058	1560
cg02616160	0.21032947523377996	1560
cg26475094	0.21032846985727813	1560
cg14620932	0.21032819706640055	1560
cg20216030	0.21032809230279778	1560
cg01909017	0.21032717590622454	1560
cg01072189	0.2103269528621447	1560
cg19016444	0.21032622693872202	1560
cg18019999	0.21032497294734315	1560
cg24031228	0.21032452132594684	1560
cg05578673	0.21032377237640798	1560
cg10949880	0.21032349929080973	1560
cg11279420	0.21032298898664098	1560
cg15197881	0.2103227944257776	1560
cg11178302	0.21032129735386204	1560
cg11875459	0.2103200215392491	1560
cg26175287	0.2103198099551042	1560
cg07858052	0.21031903931423834	1560
cg23771792	0.2103188897782636	1560
cg27071234	0.21031887965303872	1560
cg18619880	0.21031856691624287	1560
cg18313083	0.21031788924954584	1560
cg25941544	0.21031779917937313	1560
cg27251686	0.21031753121736563	1560
cg18700014	0.2103172678347611	1560
cg06384958	0.2103172067460752	1560
cg17179195	0.21031716453605367	1560
cg02704331	0.21031704656634878	1560
cg05049639	0.21031678063259468	1560
cg00079224	0.2103161495339718	1560
cg17413084	0.21031582055998974	1560
cg01205338	0.21031546603588788	1560
cg20983954	0.2103154362805973	1560
cg17068700	0.2103154318292003	1560
cg06426961	0.21031427912185544	1560
cg09298680	0.210314224310024	1560
cg05696931	0.2103140101913569	1560
cg05557780	0.2103139975046922	1560
cg10779348	0.210313949076065	1560
cg18663768	0.21031316989491686	1560
cg08769044	0.2103125399906325	1560
cg07792719	0.21031245899613046	1560
cg14116320	0.2103118243523958	1560
cg11038343	0.21031136232420578	1560
cg08961047	0.21031119470371776	1560
cg05629350	0.21031046238407164	1560
cg10908188	0.2103091022524315	1560
cg10421214	0.21030869182588352	1560
cg18086521	0.21030826370972475	1560
cg10466626	0.21030807272209126	1560
cg21234244	0.21030787440896062	1560
cg03181373	0.21030671082573088	1560
cg14461752	0.2103055589305036	1560
cg07744547	0.21030518362373257	1560
cg16984969	0.2103046719989925	1560
cg05958056	0.21030410106396655	1560
cg21775979	0.21030198944335884	1560
cg15993521	0.21030191608651624	1560
cg16950088	0.21030184422499523	1560
cg01585094	0.2103016082782788	1560
cg19430622	0.21030066685562782	1560
cg03345699	0.2103003593854377	1560
cg09273030	0.2102997017032866	1560
cg09836395	0.21029925989930393	1560
cg12737854	0.2102983535370984	1560
cg05678191	0.21029832907647042	1560
cg04939569	0.21029802826736313	1560
cg11837910	0.21029798324026033	1560
cg07369523	0.2102977445127233	1560
cg27562357	0.21029740149006568	1560
cg11898816	0.21029609092637375	1560
cg01614759	0.210294829504788	1560
cg23024775	0.21029445167080987	1560
cg14517771	0.2102940920282108	1560
cg03662571	0.21029405577189728	1560
cg09254350	0.21029263531613795	1560
cg21028785	0.2102922070405935	1560
cg07876320	0.2102916064128799	1560
cg05668318	0.21029154835812203	1560
cg23910458	0.21029021200996836	1560
cg24412006	0.21029013187527723	1560
cg23022656	0.21029008282651407	1560
cg08575875	0.21028995346926435	1560
cg17861914	0.21028944560430074	1560
cg27524580	0.2102893443484387	1560
cg23524048	0.21028870281709028	1560
cg03538708	0.21028600322880944	1560
cg02438575	0.210285251458729	1560
cg21012583	0.21028507631918136	1560
cg25030694	0.2102850644097868	1560
cg15688683	0.21028483773601742	1560
cg11256935	0.21028441227217484	1560
cg05421487	0.21028433626672619	1560
cg02591564	0.2102840994613875	1560
cg10407722	0.21028301782667277	1560
cg21481789	0.21028263185096588	1560
cg19011226	0.2102816807167681	1560
cg12088773	0.21028162483898025	1560
cg00513781	0.21028153566381869	1560
cg26513519	0.21028152334568523	1560
cg21039878	0.2102815108350904	1560
cg23336323	0.21027966732975004	1560
cg26651879	0.21027937131616117	1560
cg00110790	0.21027837686811576	1560
cg01143375	0.21027828165377657	1560
cg10857203	0.21027755539222082	1560
cg18830952	0.21027700723112228	1560
cg18801028	0.21027669509251268	1560
cg10093254	0.2102749195234	1560
cg18179491	0.21027416020763282	1560
cg14519887	0.210273604432553	1560
cg26996458	0.21027295191727746	1560
cg17342864	0.2102727053774199	1560
cg15780465	0.21027258280868866	1560
cg02293212	0.2102719401861137	1560
cg10577713	0.21027157275174088	1560
cg08733913	0.21027153451201694	1560
cg17001898	0.21027143740579932	1560
cg19038989	0.21027142828011772	1560
cg06209383	0.21027073637309632	1560
cg04590262	0.2102702037302433	1560
cg18091195	0.210270099608124	1560
cg23591803	0.21026796040896162	1560
cg08949650	0.210267882408169	1560
cg04345694	0.21026786525455965	1560
cg26525147	0.2102674743951484	1560
cg21388877	0.21026677850627992	1560
cg03484160	0.21026659793367772	1560
cg19533443	0.21026625378138955	1560
cg16134699	0.2102658033119306	1560
cg25977879	0.2102652400568209	1560
cg07917808	0.21026438358473745	1560
cg21432513	0.2102639021547128	1560
cg09768970	0.21026379843747678	1560
cg13053408	0.2102623683422387	1560
cg23725613	0.21026149406874506	1560
cg03253309	0.21026149118251047	1560
cg19034890	0.21026146277197694	1560
cg11774624	0.2102614045328519	1560
cg13293246	0.21026130066627802	1560
cg14914246	0.21026123189154175	1560
cg13855589	0.21025946320005695	1560
cg09279394	0.2102587527224476	1560
cg26573274	0.21025868350852242	1560
cg14846596	0.21025866526580508	1560
cg07149641	0.21025849187594597	1560
cg01412907	0.21025823607101038	1560
cg14762984	0.21025803929203982	1560
cg27452670	0.210256997262242	1560
cg17355196	0.21025602183973138	1560
cg00327106	0.2102556050263534	1560
cg16625230	0.21025535865005396	1560
cg26218101	0.2102540760521564	1560
cg01226417	0.21025398636607512	1560
cg01975706	0.2102523176806813	1560
cg07826522	0.21025213858800587	1560
cg04137490	0.21025185641159042	1560
cg05125037	0.21025184548081058	1560
cg19506190	0.21025153057202445	1560
cg13430000	0.21025125602688996	1560
cg03439719	0.21025105742542405	1560
cg25017194	0.21025052107683512	1560
cg19988428	0.21024962807154543	1560
cg14153118	0.2102491489790008	1560
cg14488661	0.21024910048887704	1560
cg15607763	0.21024805850927228	1560
cg17893934	0.210246141736072	1560
cg08246659	0.21024541064966196	1560
cg12201544	0.21024452292773743	1560
cg25343838	0.21024334354001764	1560
cg07390598	0.21024169156587122	1560
cg16731821	0.2102415179917177	1560
cg10562198	0.21024131811620977	1560
cg12956884	0.21024059158259426	1560
cg17822269	0.2102405811981031	1560
cg13955550	0.21024043865270076	1560
cg07309657	0.21024035521494902	1560
cg22867538	0.2102400799285776	1560
cg16895057	0.21023978389181724	1560
cg25393009	0.21023938953995386	1560
cg01567615	0.21023850236196287	1560
cg02870676	0.21023781063604935	1560
cg08074182	0.21023726131227363	1560
cg02922908	0.21023662009840344	1560
cg19819135	0.21023561703415897	1560
cg00887586	0.21023425701145643	1560
cg23185262	0.21023383754605035	1560
cg08337060	0.21023371621333178	1560
cg21649118	0.21023229794578324	1560
cg17882374	0.21023202622781065	1560
cg06013113	0.21023169781597897	1560
cg03105159	0.21023141823975525	1560
cg18623833	0.21023130491590403	1560
cg13755388	0.21023109875585302	1560
cg04033580	0.2102309252393083	1560
cg10654866	0.21023035063448095	1560
cg09108044	0.21023030748601507	1560
cg14084609	0.21022969650289028	1560
cg12582138	0.21022937221354285	1560
cg23179640	0.2102292040796256	1560
cg04304048	0.21022899897298622	1560
cg02597153	0.21022841576551157	1560
cg07349006	0.21022836662710603	1560
cg07955004	0.2102283586670127	1560
cg09354080	0.21022758164489777	1560
cg01382768	0.21022570951646763	1560
cg13720048	0.2102256750983496	1560
cg24697501	0.21022535863882572	1560
cg20470945	0.2102249953484744	1560
cg22932628	0.21022477873308487	1560
cg02189784	0.21022457212198314	1560
cg18008467	0.2102242086430385	1560
cg18579761	0.21022373584328713	1560
cg11238352	0.21022369036048827	1560
cg10361585	0.2102232887278409	1560
cg25423732	0.2102223107525266	1560
cg04076263	0.210222280252031	1560
cg23576941	0.21022161755108676	1560
cg26226608	0.21022105894469786	1560
cg10190339	0.21022022356067124	1560
cg15896447	0.21021972318877907	1560
cg12164202	0.21021934440606863	1560
cg04839616	0.2102186382705181	1560
cg18065397	0.2102182847943339	1560
cg16505403	0.21021809679703635	1560
cg01766077	0.2102180243590767	1560
cg14368592	0.21021575368121423	1560
cg05741055	0.21021553701650492	1560
cg18013730	0.21021500902371168	1560
cg03655389	0.21021478293272303	1560
cg15781525	0.2102146364100141	1560
cg07728793	0.21021427447466423	1560
cg05963605	0.21021351924734513	1560
cg05002336	0.2102134366353773	1560
cg08530760	0.21021336280384528	1560
cg17320185	0.21021272194108764	1560
cg23232749	0.21021262867512666	1560
cg08450168	0.21021261525111162	1560
cg22804606	0.2102106975352479	1560
cg09470219	0.21020977553220332	1560
cg22359623	0.21020944813289105	1560
cg09511547	0.2102092696686892	1560
cg00764065	0.21020896280865778	1560
cg16636777	0.21020883305097174	1560
cg26280097	0.21020870618758658	1560
cg24183816	0.21020827256918762	1560
cg14454015	0.21020810979668167	1560
cg24173769	0.21020781191412957	1560
cg08087102	0.21020712583071452	1560
cg23775119	0.21020654788484305	1560
cg16920621	0.21020645742987204	1560
cg02294539	0.21020601700947392	1560
cg05829181	0.21020524925293027	1560
cg01744607	0.2102048692323531	1560
cg02261541	0.2102046776089469	1560
cg21430666	0.2102038406202587	1560
cg08218486	0.21020337746024306	1560
cg01658563	0.21020330727888079	1560
cg13650247	0.21020324751100253	1560
cg23386212	0.21020318244525593	1560
cg00111335	0.21020165731197024	1560
cg14023073	0.21020030726223815	1560
cg10501629	0.21019927807795913	1560
cg09474092	0.21019923919860298	1560
cg21668803	0.2101990523848817	1560
cg04856409	0.2101988395729596	1560
cg08855708	0.2101986884230797	1560
cg25445213	0.2101986685858433	1560
cg17343451	0.21019783711338894	1560
cg21521866	0.21019766019237374	1560
cg16454940	0.21019681464771858	1560
cg07213616	0.2101967421952077	1560
cg26011846	0.21019666455882288	1560
cg23281382	0.2101961790467287	1560
cg07395941	0.21019551887128665	1560
cg14992035	0.21019547485245368	1560
cg12568707	0.21019485210676808	1560
cg19602187	0.21019360927603858	1560
cg01676959	0.21019253777039992	1560
cg03412547	0.21019025048303883	1560
cg23486580	0.21019005567169882	1560
cg11466485	0.21018997258662897	1560
cg18226957	0.2101896391226123	1560
cg17367439	0.21018919515881535	1560
cg16400425	0.21018872861669738	1560
cg14170597	0.21018852684532743	1560
cg07055259	0.2101881119644115	1560
cg03027013	0.21018795688723785	1560
cg01554656	0.21018785274323015	1560
cg27431918	0.21018764557556788	1560
cg07611351	0.21018739626940255	1560
cg11589723	0.2101859515331775	1560
cg05906502	0.21018584216252267	1560
cg15941089	0.21018428541918774	1560
cg21825734	0.21018412341242657	1560
cg02011409	0.21018409976307023	1560
cg27077685	0.21018385101823048	1560
cg20364237	0.21018366864929702	1560
cg21857017	0.2101832004010309	1560
cg09537396	0.21018263193771705	1560
cg09028132	0.21018243242778023	1560
cg19460453	0.21018171165490573	1560
cg24048650	0.21018116922628158	1560
cg12544647	0.2101811516535272	1560
cg12920793	0.21018093478235805	1560
cg00244642	0.2101802076670976	1560
cg04963177	0.21018008414563846	1560
cg02429514	0.21017994758948116	1560
cg07731211	0.21017981992070103	1560
cg24996339	0.21017974961712427	1560
cg07406920	0.21017916921745103	1560
cg10729111	0.2101786734328621	1560
cg20649665	0.21017805022055353	1560
cg10120778	0.21017767280604305	1560
cg04582136	0.2101770782567556	1560
cg11027822	0.21017705578675777	1560
cg13468772	0.2101770262936887	1560
cg16540586	0.21017678578385232	1560
cg15969890	0.21017569568423547	1560
cg09301471	0.2101754244311064	1560
cg23429340	0.2101749938445548	1560
cg16884099	0.21017481518245745	1560
cg22355525	0.21017445904254659	1560
cg12924880	0.2101742253785918	1560
cg05271345	0.21017391378656	1560
cg24997677	0.21017386308379665	1560
cg23011419	0.21017374742703177	1560
cg04162999	0.2101733006044719	1560
cg26896760	0.21017321557065624	1560
cg26713384	0.21017225928731365	1560
cg24065755	0.21017174584042111	1560
cg04788706	0.2101715676553022	1560
cg04183638	0.21017156480238336	1560
cg05693910	0.21017107334257637	1560
cg12747076	0.21017093601963915	1560
cg23482986	0.21017074275571762	1560
cg08700893	0.21017052534844125	1560
cg03412946	0.21017002103025542	1560
cg15985418	0.21016961892765926	1560
cg22542300	0.21016894622961355	1560
cg07073814	0.21016817305619148	1560
cg07496902	0.2101679989631346	1560
cg05103483	0.2101674842118149	1560
cg00341950	0.21016698627405603	1560
cg21698385	0.21016693557473498	1560
cg12549573	0.2101665653378403	1560
cg10688508	0.2101662877597775	1560
cg06852744	0.2101661056412761	1560
cg16906137	0.21016550781583762	1560
cg17406244	0.21016535270412295	1560
cg14947787	0.21016488282615403	1560
cg00089695	0.21016425428983346	1560
cg16318181	0.2101636928750309	1560
cg04889749	0.21016319770207628	1560
cg13577292	0.21016305420732795	1560
cg09886931	0.21016284479082722	1560
cg12394628	0.21016284383162648	1560
cg14168983	0.2101623448520351	1560
cg14168755	0.21016137527523768	1560
cg05998826	0.21016086307971518	1560
cg16581213	0.21016034674078496	1560
cg24604988	0.21015942870973445	1560
cg09160171	0.21015889083638337	1560
cg06479433	0.21015875703238984	1560
cg04394724	0.21015835667690133	1560
cg22699084	0.21015810716605177	1560
cg19378149	0.21015740832941715	1560
cg10493736	0.21015728817517887	1560
cg09372617	0.21015623397847094	1560
cg07558283	0.21015548303866766	1560
cg04014997	0.21015529731796542	1560
cg27591016	0.21015510902604284	1560
cg07241170	0.21015457676510466	1560
cg20744512	0.21015446485393344	1560
cg06281205	0.21015392657076218	1560
cg03258495	0.21015268213869978	1560
cg12478266	0.21015155446340872	1560
cg05143420	0.21015149940217437	1560
cg27484662	0.21015146127863613	1560
cg05011468	0.21015137189008287	1560
cg05295197	0.2101512462043174	1560
cg05340482	0.21015086902144153	1560
cg09098904	0.21015081562703505	1560
cg24582423	0.21015058584224425	1560
cg13401608	0.21015039376976202	1560
cg23151706	0.21014684995675267	1560
cg00175987	0.2101467948283309	1560
cg24251800	0.21014660478618086	1560
cg00303026	0.2101458468655185	1560
cg08065983	0.21014541461130665	1560
cg13573115	0.2101453881792428	1560
cg19509829	0.2101452329513942	1560
cg14493899	0.21014523256842624	1560
cg14755549	0.21014518598796883	1560
cg20117447	0.21014473120136715	1560
cg26630902	0.21014462860670297	1560
cg23200357	0.21014452094454958	1560
cg22755534	0.21014406535144656	1560
cg24069048	0.21014372011840912	1560
cg10644575	0.21014345902947382	1560
cg07564471	0.2101409816511906	1560
cg02334081	0.2101400191258039	1560
cg14528273	0.2101388198476538	1560
cg12062088	0.21013821172293046	1560
cg22028036	0.21013736015229828	1560
cg18384106	0.21013724974293324	1560
cg05287230	0.21013649476090177	1560
cg16177701	0.2101362881123006	1560
cg07159397	0.21013547462709437	1560
cg18888652	0.21013545674647674	1560
cg13376819	0.21013535820339416	1560
cg16116574	0.21013497899590106	1560
cg04396110	0.21013457727520526	1560
cg18848985	0.2101341912357245	1560
cg04414459	0.21013394265002158	1560
cg12669458	0.2101326413557722	1560
cg09822923	0.2101324895009467	1560
cg26025580	0.21013234079262405	1560
cg03457197	0.21013178697829155	1560
cg14118171	0.21013049101431247	1560
cg19356748	0.2101298055540512	1560
cg19637686	0.21012954231942035	1560
cg05564953	0.21012952176834748	1560
cg15031150	0.2101294604633533	1560
cg26690999	0.21012926213892028	1560
cg11251012	0.21012904739744134	1560
cg06783533	0.21012867543649658	1560
cg07132675	0.21012813410522418	1560
cg07696464	0.2101276685637484	1560
cg05865866	0.2101271854144051	1560
cg12695059	0.2101261765854598	1560
cg15963344	0.21012617301468137	1560
cg10241608	0.21012599888450487	1560
cg00579595	0.21012576040377304	1560
cg12608475	0.21012548971771983	1560
cg06712362	0.21012457142095584	1560
cg24142713	0.21012351090979725	1560
cg23212202	0.21012303394757545	1560
cg00238182	0.2101230261627677	1560
cg26867200	0.2101223254387065	1560
cg22369776	0.21012178489420222	1560
cg01986631	0.2101211989823781	1560
cg07596054	0.21012006183421855	1560
cg01251476	0.2101200038938757	1560
cg12962167	0.21011941656437472	1560
cg05283091	0.21011935932154985	1560
cg06808825	0.2101192190693838	1560
cg25379549	0.21011889774528236	1560
cg08687751	0.21011889308633463	1560
cg03386509	0.2101183549130336	1560
cg21474683	0.21011822855851403	1560
cg12224730	0.2101178395287221	1560
cg00506250	0.21011779598354685	1560
cg17975299	0.21011668478542664	1560
cg22501449	0.21011658468564726	1560
cg01752856	0.2101165516770279	1560
cg14416575	0.21011627885380912	1560
cg02133694	0.21011602243710487	1560
cg22963540	0.21011585992018036	1560
cg09904091	0.21011579684926174	1560
cg11532578	0.21011533787084455	1560
cg07170932	0.21011391144349204	1560
cg02808379	0.21011366379705732	1560
cg10734246	0.21011341620649274	1560
cg22044401	0.21011336012403634	1560
cg15748304	0.2101131731605721	1560
cg07874738	0.21011244584280112	1560
cg13022763	0.2101121939501061	1560
cg08049745	0.2101119919234197	1560
cg16286055	0.210111979778279	1560
cg16362574	0.2101108469374487	1560
cg04432137	0.21011084446641398	1560
cg26548001	0.21010929065281303	1560
cg14457452	0.2101091762448131	1560
cg15607706	0.21010915207989445	1560
cg17465227	0.21010896747973862	1560
cg13187885	0.2101085141511594	1560
cg00101555	0.2101082628789979	1560
cg11237934	0.21010808936918907	1560
cg03380512	0.21010729329853342	1560
cg09527731	0.2101063349422332	1560
cg22832808	0.21010597169316353	1560
cg07116160	0.21010594115658468	1560
cg17366410	0.21010579810615745	1560
cg21150271	0.2101057737639295	1560
cg10050318	0.21010529095005995	1560
cg14933676	0.21010403027830965	1560
cg23950875	0.2101025577054441	1560
cg07471052	0.21010158938899137	1560
cg00949384	0.21010002367977212	1560
cg02997735	0.21010001818394938	1560
cg22630628	0.21009931923935143	1560
cg12688521	0.210098963539433	1560
cg07591205	0.21009836270221705	1560
cg20438324	0.21009823412485298	1560
cg01472951	0.21009740751238	1560
cg05616995	0.21009728024502142	1560
cg18098534	0.21009640567788262	1560
cg02196671	0.21009586713324302	1560
cg15144016	0.210095783598163	1560
cg12781072	0.21009512788467113	1560
cg13131859	0.2100939590478641	1560
cg18770678	0.2100938434363605	1560
cg01174843	0.2100931574210032	1560
cg04880657	0.2100931386629878	1560
cg27619367	0.2100917602521163	1560
cg18213530	0.210091653341947	1560
cg20887522	0.21009144822747858	1560
cg12691230	0.21009137351833213	1560
cg27328469	0.2100903999048018	1560
cg11481351	0.21009011068669414	1560
cg04193905	0.2100895904631565	1560
cg00712792	0.21008938515504028	1560
cg17825173	0.2100887835759561	1560
cg09261702	0.21008857288107538	1560
cg16087482	0.2100882569315627	1560
cg25836169	0.2100882352534638	1560
cg18156278	0.21008727617671594	1560
cg26229648	0.21008687112189053	1560
cg10118456	0.21008680117392983	1560
cg11165422	0.2100867966653856	1560
cg01372533	0.2100866936302269	1560
cg27063327	0.21008651274717033	1560
cg02276973	0.21008564452148906	1560
cg07832739	0.21008515227873978	1560
cg06187356	0.21008394669102637	1560
cg03628871	0.21008354921327996	1560
cg13674604	0.21008235035106784	1560
cg06525491	0.2100816599531896	1560
cg09350591	0.21008130423469504	1560
cg23536158	0.210081255429918	1560
cg23227149	0.21008086780436852	1560
cg04103088	0.21008075163735349	1560
cg03695162	0.21008043468968562	1560
cg20657030	0.2100804258384971	1560
cg09825670	0.2100800920699408	1560
cg17418643	0.2100798833403629	1560
cg13227723	0.21007980126190276	1560
cg05616819	0.21007970212973034	1560
cg02797201	0.21007801855163943	1560
cg25638545	0.21007786813406565	1560
cg18099749	0.21007785622320027	1560
cg15444183	0.21007769698291254	1560
cg10590628	0.21007769625895514	1560
cg17323972	0.2100772251616993	1560
cg08762273	0.21007708269744124	1560
cg02363737	0.21007677740830022	1560
cg24197470	0.21007643126339115	1560
cg17815546	0.21007638730785344	1560
cg26433322	0.2100763372268628	1560
cg13610659	0.21007632202265952	1560
cg06251181	0.21007481460516314	1560
cg27079927	0.21007417941085338	1560
cg04791242	0.2100740548368838	1560
cg01842719	0.2100738983029267	1560
cg15649327	0.21007343752746171	1560
cg10062503	0.21007329951856374	1560
cg07512231	0.2100730176579378	1560
cg24120210	0.21007256545698527	1560
cg16205760	0.21007190140040913	1560
cg19244312	0.21007163448036242	1560
cg12114804	0.21007122364425335	1560
cg01416724	0.21007092555224896	1560
cg27101883	0.210070790484342	1560
cg01087419	0.21007070810784387	1560
cg08924969	0.21007033767637895	1560
cg07765187	0.2100702049140138	1560
cg05105477	0.21007015668201381	1560
cg24134020	0.21007015510289115	1560
cg02124645	0.21007012326562632	1560
cg03093843	0.21007005843760865	1560
cg14420567	0.2100700299381843	1560
cg23985331	0.21006969966578234	1560
cg00923678	0.2100696097639983	1560
cg24286200	0.21006958613900542	1560
cg21465236	0.2100695632085616	1560
cg24311933	0.21006887334134347	1560
cg03937368	0.2100681477036251	1560
cg26980152	0.2100680560613536	1560
cg14772639	0.21006750725762288	1560
cg14326912	0.21006667960691508	1560
cg11974068	0.2100657585355137	1560
cg04740264	0.2100655958567856	1560
cg00615919	0.2100652911995175	1560
cg12210878	0.21006523893636206	1560
cg15798050	0.21006463242718057	1560
cg08405093	0.2100645569004187	1560
cg05330963	0.21006382567970633	1560
cg05808356	0.21006375795775625	1560
cg07261940	0.21006368546724621	1560
cg26157451	0.2100633237560398	1560
cg00703445	0.21006219709846907	1560
cg03080478	0.21006129949591687	1560
cg17977580	0.21006121778983985	1560
cg08993091	0.21006071054269665	1560
cg02839811	0.21006037370104289	1560
cg06281278	0.21005955203397886	1560
cg22524735	0.21005949911060676	1560
cg03147663	0.21005883386582874	1560
cg00943186	0.2100582044929056	1560
cg11115673	0.21005730179212656	1560
cg03552663	0.21005704474177714	1560
cg00729039	0.21005688070304956	1560
cg17568547	0.21005658912130068	1560
cg18745752	0.2100559425396532	1560
cg16376816	0.21005590782244127	1560
cg16584475	0.2100557213967269	1560
cg10779826	0.2100553894095549	1560
cg25645448	0.21005499985934692	1560
cg07453748	0.21005493734513644	1560
cg00863094	0.21005479998071458	1560
cg05138787	0.21005455532055492	1560
cg18281527	0.21005383474907593	1560
cg18304964	0.21005323238020945	1560
cg01488575	0.21005280214037628	1560
cg06988099	0.21005244192551545	1560
cg17767198	0.21005184140273364	1560
cg26656672	0.21005167162904792	1560
cg13754437	0.2100515602931253	1560
cg09516786	0.2100515218280175	1560
cg16910293	0.21004970054075622	1560
cg07532965	0.21004907962807	1560
cg12837642	0.21004864299324946	1560
cg00651016	0.21004848861149167	1560
cg02554535	0.21004745583407572	1560
cg22362802	0.2100472280528753	1560
cg10539928	0.21004633261751374	1560
cg00543604	0.21004551420667966	1560
cg00469757	0.21004515955264663	1560
cg12438889	0.21004463492025793	1560
cg26416905	0.21004386218151305	1560
cg21534584	0.21004204442982874	1560
cg23928744	0.210042002749939	1560
cg03116030	0.21004158360364852	1560
cg00540540	0.2100406183450296	1560
cg03200136	0.21004008750038247	1560
cg02458152	0.21003986870902927	1560
cg02266725	0.21003930207420404	1560
cg04998671	0.21003810111005852	1560
cg23885512	0.21003776254898396	1560
cg04839219	0.2100376107077802	1560
cg08001552	0.21003749301880048	1560
cg21887309	0.21003636270305376	1560
cg06877353	0.21003612250190057	1560
cg14551503	0.21003526279099752	1560
cg06744003	0.21003482585924912	1560
cg04482075	0.2100337652668537	1560
cg04600641	0.2100333391237245	1560
cg09058931	0.21003327662259663	1560
cg08251685	0.21003277795948533	1560
cg06421238	0.2100322188973078	1560
cg10669834	0.21003190070113245	1560
cg26527344	0.21003098427042555	1560
cg07139350	0.21002957538236305	1560
cg24587208	0.21002941560098534	1560
cg08180525	0.2100287955228036	1560
cg22010909	0.21002868233417138	1560
cg04837722	0.2100282353188601	1560
cg12688204	0.21002817364450205	1560
cg21083089	0.2100276119153825	1560
cg27100511	0.21002695789381995	1560
cg00552369	0.2100258048144804	1560
cg03499361	0.21002554641748522	1560
cg21682620	0.2100254388621179	1560
cg17071192	0.2100246892918919	1560
cg03425785	0.2100243436812651	1560
cg03718312	0.21002362854143855	1560
cg09376154	0.21002331619004957	1560
cg00516616	0.21002326213735756	1560
cg05613017	0.21002324691931124	1560
cg08843660	0.21002245010855933	1560
cg01555397	0.2100217379428392	1560
cg11086127	0.21002094183949305	1560
cg14282280	0.21002090552136646	1560
cg20853370	0.210019818812817	1560
cg18762647	0.21001969570921258	1560
cg22050792	0.21001960519348994	1560
cg17712120	0.2100194784993677	1560
cg00065368	0.21001856121865284	1560
cg04815835	0.21001849426189356	1560
cg06998038	0.21001829150987947	1560
cg20396833	0.2100177177714633	1560
cg08629267	0.21001674052717637	1560
cg16823610	0.2100164963059949	1560
cg09602766	0.21001632052392685	1560
cg26975681	0.21001510854499278	1560
cg01801951	0.21001476947699518	1560
cg18655348	0.21001439993216428	1560
cg20996348	0.21001439659423973	1560
cg08085772	0.21001431454542197	1560
cg17163607	0.21001265353471973	1560
cg00470972	0.21001240135536398	1560
cg05481243	0.21001223441498598	1560
cg14846380	0.21001177947336666	1560
cg17823829	0.21001173880611482	1560
cg21536925	0.2100109465990997	1560
cg20535805	0.21001075613116812	1560
cg04755409	0.2100106369433452	1560
cg23007540	0.21001036812393106	1560
cg14242359	0.21001016899552583	1560
cg11652982	0.21000988039141114	1560
cg01852887	0.21000969001869674	1560
cg26666365	0.21000928257781826	1560
cg17466952	0.21000858265661074	1560
cg00509898	0.21000840868384554	1560
cg05048806	0.21000698510888807	1560
cg09742952	0.21000660680777572	1560
cg18448565	0.2100059679600689	1560
cg08035082	0.21000522419659629	1560
cg10414052	0.21000514057548683	1560
cg15335683	0.21000504784432034	1560
cg01928893	0.21000489997018026	1560
cg18443411	0.2100042901667563	1560
cg01018128	0.2100041298018044	1560
cg17288310	0.21000398689148927	1560
cg24430147	0.21000395102128575	1560
cg01949920	0.21000385936932967	1560
cg24861444	0.2100032035755416	1560
cg01706334	0.21000307953913605	1560
cg25439758	0.210002915768889	1560
cg21831836	0.2100019662281089	1560
cg15885734	0.21000178580790516	1560
cg01757548	0.2100017417197803	1560
cg02595770	0.21000135513717927	1560
cg10309377	0.2100013314580321	1560
cg16992008	0.21000131576698536	1560
cg20361594	0.21000116372840238	1560
cg09360253	0.20999826625326565	1560
cg13050258	0.2099981724748577	1560
cg09319227	0.20999737559179188	1560
cg12627712	0.20999699637700137	1560
cg02407068	0.2099968120139399	1560
cg12864868	0.20999637968326326	1560
cg16220743	0.20999610066646257	1560
cg18774828	0.20999530905032945	1560
cg03349373	0.2099945766134393	1560
cg21234779	0.20999424384373977	1560
cg12544957	0.20999322649559954	1560
cg07549551	0.20999301528749528	1560
cg02065182	0.20999287090690866	1560
cg00492957	0.20999271512815976	1560
cg13482649	0.20999256135900188	1560
cg19023585	0.20999217608311058	1560
cg02719010	0.2099919223414941	1560
cg20682073	0.20999189150228198	1560
cg18559896	0.20999173411153815	1560
cg05491762	0.2099914839439541	1560
cg11912570	0.2099894951145308	1560
cg23303685	0.20998947277624433	1560
cg05711688	0.2099894291679236	1560
cg09603381	0.2099887863846717	1560
cg17370718	0.2099887526524866	1560
cg16116080	0.20998865294312932	1560
cg21983178	0.20998763381234725	1560
cg16965936	0.20998715211733285	1560
cg23377571	0.20998617272413347	1560
cg00326642	0.20998586407025482	1560
cg26661785	0.20998568820085348	1560
cg14290705	0.20998416235324108	1560
cg25274540	0.20998394871864023	1560
cg09601994	0.2099832778149755	1560
cg16632802	0.2099829798619946	1560
cg07595372	0.20998212244364242	1560
cg19242003	0.20998149617538264	1560
cg05834508	0.20998148498697589	1560
cg03496912	0.2099813537309892	1560
cg17459225	0.20998069624694918	1560
cg21517584	0.20997981709273805	1560
cg18936283	0.20997954128964066	1560
cg20789691	0.2099792887326126	1560
cg27235366	0.20997894882790513	1560
cg18464150	0.2099786368442604	1560
cg15575196	0.20997829061278972	1560
cg13135121	0.20997816888092993	1560
cg02381227	0.20997812118308978	1560
cg17001464	0.20997811491525517	1560
cg09859491	0.20997801665088087	1560
cg14031964	0.20997707182677647	1560
cg04684485	0.20997597366101525	1560
cg21653464	0.20997501356573497	1560
cg09179397	0.20997496753505124	1560
cg06094203	0.20997395315192655	1560
cg17418956	0.20997391753574263	1560
cg12352622	0.20997380589285514	1560
cg15770278	0.20997370431863194	1560
cg26174880	0.20997343666386706	1560
cg25484712	0.20997313294742892	1560
cg05244236	0.20997287885034585	1560
cg18769357	0.20997237606727526	1560
cg07551022	0.2099722948944899	1560
cg24060527	0.20997225536513167	1560
cg19082069	0.20997142470890787	1560
cg18527764	0.20997138124681458	1560
cg27246571	0.20997135343723625	1560
cg00016593	0.20997088520641885	1560
cg23399441	0.2099706399036037	1560
cg26389255	0.20996925236381542	1560
cg01896918	0.20996751918429596	1560
cg24591824	0.20996727514626407	1560
cg15960297	0.20996709252359133	1560
cg11199642	0.20996627426923287	1560
cg22238489	0.20996567030701715	1560
cg18281201	0.20996530261889026	1560
cg26289449	0.20996524356927873	1560
cg07644698	0.20996507920016097	1560
cg00903704	0.20996461054626286	1560
cg21294655	0.20996412422491392	1560
cg00503554	0.209964015868192	1560
cg23449594	0.20996374105683915	1560
cg22853516	0.20996366534365996	1560
cg25654242	0.20996284909517776	1560
cg24217159	0.20996270581144846	1560
cg23580287	0.20996124684498693	1560
cg12841650	0.20996123775804715	1560
cg16455798	0.20996110550778493	1560
cg13402865	0.2099601602587108	1560
cg25014224	0.2099601332974061	1560
cg14744463	0.20996006029269654	1560
cg25622125	0.20995994855380923	1560
cg15010109	0.20995915459378178	1560
cg05247780	0.2099590500991357	1560
cg18003231	0.20995904152079634	1560
cg20312364	0.20995817583678691	1560
cg22273452	0.20995777692625595	1560
cg16297818	0.20995757788860275	1560
cg15090119	0.209957482627922	1560
cg02824251	0.20995705391300987	1560
cg02528154	0.20995685760440477	1560
cg01604547	0.2099566275854416	1560
cg07953169	0.20995616048603843	1560
cg13034868	0.20995554474337885	1560
cg05005425	0.20995462443734303	1560
cg16919246	0.2099545925893617	1560
cg05191891	0.2099544717896708	1560
cg06336926	0.20995412648701123	1560
cg07954864	0.20995405334894243	1560
cg05422990	0.20995314345900745	1560
cg12797101	0.2099527447657556	1560
cg10091487	0.20995219499307832	1560
cg01592263	0.20995165385294018	1560
cg08568385	0.20995109000901283	1560
cg08215774	0.20995055346248193	1560
cg22246918	0.20995045110326022	1560
cg27493336	0.20995024593054923	1560
cg00891429	0.20994976079289748	1560
cg10659052	0.2099489523865748	1560
cg08408432	0.20994849050268805	1560
cg02230089	0.2099481002873712	1560
cg08924619	0.20994800061713995	1560
cg23512657	0.2099478150002778	1560
cg26538093	0.20994674937339342	1560
cg09043569	0.20994673735086178	1560
cg09764984	0.20994609323393276	1560
cg15406285	0.20994553207046215	1560
cg03684644	0.20994513607940396	1560
cg15369419	0.2099450319617513	1560
cg08637257	0.20994472491417163	1560
cg17578380	0.2099437291295546	1560
cg22290047	0.20994358706431293	1560
cg08890097	0.2099435434777426	1560
cg01487494	0.2099434530567532	1560
cg13053914	0.2099429905395493	1560
cg03890840	0.20994265733783327	1560
cg13955432	0.20994236044131578	1560
cg09148348	0.2099415436230558	1560
cg10784273	0.20994140957705576	1560
cg07580588	0.20994001186262967	1560
cg11088922	0.20993982402075553	1560
cg08238677	0.2099389289165872	1560
cg00004067	0.20993874425061515	1560
cg04035353	0.20993805214645164	1560
cg24066624	0.20993760560436767	1560
cg18736791	0.20993704583638367	1560
cg13927040	0.2099368974644717	1560
cg14525379	0.20993563013521102	1560
cg26417435	0.2099355489165175	1560
cg21432789	0.20993414713442468	1560
cg02890250	0.20993361552938336	1560
cg01729401	0.2099322452510846	1560
cg27263395	0.20993219608206065	1560
cg07614295	0.2099318699337525	1560
cg07087960	0.20993184966859363	1560
cg09522131	0.20993166787920867	1560
cg14731044	0.20993160779217443	1560
cg07464716	0.20993152614373423	1560
cg15961657	0.20992968832152967	1560
cg13079746	0.20992949970425637	1560
cg23608075	0.20992935142614014	1560
cg06256937	0.20992925231205312	1560
cg22028814	0.20992871659157844	1560
cg24857725	0.20992850726561582	1560
cg01024728	0.20992741366615955	1560
cg25381836	0.20992735824317307	1560
cg17022830	0.20992583907454784	1560
cg09559163	0.20992477938883664	1560
cg19233843	0.2099244712187473	1560
cg08663263	0.20992438381332928	1560
cg06296788	0.20992387296813908	1560
cg13263323	0.20992284252490348	1560
cg09152120	0.20992251603613715	1560
cg18592272	0.20992151581784976	1560
cg27399079	0.20992047492819366	1560
cg11650584	0.20992021012887474	1560
cg14190683	0.20991980649178615	1560
cg10281924	0.20991975029662813	1560
cg23855901	0.2099184109138302	1560
cg23384406	0.20991768474153932	1560
cg21665774	0.20991753638179952	1560
cg21007691	0.20991735866047628	1560
cg26508465	0.2099171948119156	1560
cg12815605	0.2099165086039994	1560
cg03487553	0.20991529555076333	1560
cg19809052	0.20991528061609427	1560
cg18794426	0.2099149402866274	1560
cg02665399	0.2099148771464748	1560
cg19594764	0.20991412540614462	1560
cg27417537	0.20991405743395408	1560
cg01993067	0.2099138618842132	1560
cg03301801	0.20991368509034047	1560
cg09837245	0.2099126395791484	1560
cg02330339	0.20991209637201869	1560
cg07454788	0.2099120177137592	1560
cg19140548	0.20991183604141336	1560
cg12364943	0.20991116096465662	1560
cg05814822	0.20991097357111807	1560
cg07180538	0.2099108856879649	1560
cg18156845	0.2099106700961369	1560
cg19324204	0.20991049519521182	1560
cg22678465	0.20991011403766585	1560
cg11524128	0.20991005240587313	1560
cg00456551	0.20990975475213508	1560
cg26298533	0.2099096498880514	1560
cg03963174	0.20990943994247688	1560
