sample_id	original_column	file_project	platform	source_file	missing_fraction	UMAP1	UMAP2
TARGET-20-PASCGR-10A	TARGET-20-PASCGR-10A.Ave_Beta	TARGET-AML	450K	idat_sample_sheet_TARGET-AML__450k_beta.txt	0.0	-2.0794933	8.637668
TARGET-20-PASJGZ-04A	TARGET-20-PASJGZ-04A.Ave_Beta	TARGET-AML	450K	idat_sample_sheet_TARGET-AML__450k_beta.txt	0.0	-1.7339317	8.347884
TARGET-20-PADZCG-09A	TARGET-20-PADZCG-09A.Ave_Beta	TARGET-AML	450K	idat_sample_sheet_TARGET-AML__450k_beta.txt	0.0	-2.4567792	8.466976
TARGET-21-PARNAW-15A	TARGET-21-PARNAW-15A.Ave_Beta	TARGET-AML	450K	idat_sample_sheet_TARGET-AML__450k_beta.txt	0.0	5.6512184	-5.967467
TARGET-20-PARNZW-14A	TARGET-20-PARNZW-14A.Ave_Beta	TARGET-AML	450K	idat_sample_sheet_TARGET-AML__450k_beta.txt	0.0	-2.7341082	8.219041
TARGET-20-PARFIW-14A	TARGET-20-PARFIW-14A.Ave_Beta	TARGET-AML	450K	idat_sample_sheet_TARGET-AML__450k_beta.txt	0.0	-2.7007253	7.074079
TARGET-20-PANLLX-14A	TARGET-20-PANLLX-14A.Ave_Beta	TARGET-AML	450K	idat_sample_sheet_TARGET-AML__450k_beta.txt	0.0	-2.161261	8.289773
TARGET-20-PABLDZ-09A	TARGET-20-PABLDZ-09A.Ave_Beta	TARGET-AML	450K	idat_sample_sheet_TARGET-AML__450k_beta.txt	0.0	-2.432602	8.551852
TARGET-20-PARDMG-10A	TARGET-20-PARDMG-10A.Ave_Beta	TARGET-AML	450K	idat_sample_sheet_TARGET-AML__450k_beta.txt	0.0	-2.2498033	8.839055
TARGET-20-PANTWV-04A	TARGET-20-PANTWV-04A.Ave_Beta	TARGET-AML	450K	idat_sample_sheet_TARGET-AML__450k_beta.txt	0.0	-0.9010133	10.383315
TARGET-21-PARZIA-14A	TARGET-21-PARZIA-14A.Ave_Beta	TARGET-AML	450K	idat_sample_sheet_TARGET-AML__450k_beta.txt	0.0	-0.9026297	11.195835
TARGET-20-PAKERZ-14A	TARGET-20-PAKERZ-14A.Ave_Beta	TARGET-AML	450K	idat_sample_sheet_TARGET-AML__450k_beta.txt	0.0	-2.1575365	8.414719
TARGET-20-PASIEP-09A	TARGET-20-PASIEP-09A.Ave_Beta	TARGET-AML	450K	idat_sample_sheet_TARGET-AML__450k_beta.txt	0.0	-2.0951738	8.704909
TARGET-21-PATKKJ-15A	TARGET-21-PATKKJ-15A.Ave_Beta	TARGET-AML	450K	idat_sample_sheet_TARGET-AML__450k_beta.txt	0.0	5.543202	-5.8798876
TARGET-20-PASCFW-14A	TARGET-20-PASCFW-14A.Ave_Beta	TARGET-AML	450K	idat_sample_sheet_TARGET-AML__450k_beta.txt	0.0	-2.550289	7.243234
TARGET-20-PARIMT-14A	TARGET-20-PARIMT-14A.Ave_Beta	TARGET-AML	450K	idat_sample_sheet_TARGET-AML__450k_beta.txt	0.0	-2.8647466	8.193752
TARGET-20-PANLIR-09A	TARGET-20-PANLIR-09A.Ave_Beta	TARGET-AML	450K	idat_sample_sheet_TARGET-AML__450k_beta.txt	0.0	-2.0598083	8.4017105
TARGET-20-PARBTC-14A	TARGET-20-PARBTC-14A.Ave_Beta	TARGET-AML	450K	idat_sample_sheet_TARGET-AML__450k_beta.txt	0.0	-2.0881252	8.357602
TARGET-21-PARLSL-09A	TARGET-21-PARLSL-09A.Ave_Beta	TARGET-AML	450K	idat_sample_sheet_TARGET-AML__450k_beta.txt	0.0	-0.9343956	10.320942
TARGET-20-PANLIR-14A	TARGET-20-PANLIR-14A.Ave_Beta	TARGET-AML	450K	idat_sample_sheet_TARGET-AML__450k_beta.txt	0.0	-2.514492	7.2007675
TARGET-21-PASYEJ-14A	TARGET-21-PASYEJ-14A.Ave_Beta	TARGET-AML	450K	idat_sample_sheet_TARGET-AML__450k_beta.txt	0.0	-0.99020994	10.870882
TARGET-21-PASIGA-14A	TARGET-21-PASIGA-14A.Ave_Beta	TARGET-AML	450K	idat_sample_sheet_TARGET-AML__450k_beta.txt	0.0	-0.8419857	11.151902
TARGET-21-PASTZK-14A	TARGET-21-PASTZK-14A.Ave_Beta	TARGET-AML	450K	idat_sample_sheet_TARGET-AML__450k_beta.txt	0.0	-0.6795522	11.256134
TARGET-20-PASCFW-09A	TARGET-20-PASCFW-09A.Ave_Beta	TARGET-AML	450K	idat_sample_sheet_TARGET-AML__450k_beta.txt	0.0	-2.126948	8.402223
TARGET-20-PAKSMZ-03A	TARGET-20-PAKSMZ-03A.Ave_Beta	TARGET-AML	450K	idat_sample_sheet_TARGET-AML__450k_beta.txt	0.0	-1.7138076	8.831114
TARGET-21-PATKKJ-14A	TARGET-21-PATKKJ-14A.Ave_Beta	TARGET-AML	450K	idat_sample_sheet_TARGET-AML__450k_beta.txt	0.0	-0.5886881	11.324289
TARGET-20-PARSHM-14A	TARGET-20-PARSHM-14A.Ave_Beta	TARGET-AML	450K	idat_sample_sheet_TARGET-AML__450k_beta.txt	0.0	-2.616833	7.1348243
TARGET-21-PAMYMA-14A	TARGET-21-PAMYMA-14A.Ave_Beta	TARGET-AML	450K	idat_sample_sheet_TARGET-AML__450k_beta.txt	0.0	-1.2107913	10.548814
TARGET-20-PANLXM-14A	TARGET-20-PANLXM-14A.Ave_Beta	TARGET-AML	450K	idat_sample_sheet_TARGET-AML__450k_beta.txt	0.0	-2.6185198	7.143124
TARGET-20-PANDER-09A	TARGET-20-PANDER-09A.Ave_Beta	TARGET-AML	450K	idat_sample_sheet_TARGET-AML__450k_beta.txt	0.0	-1.4882661	9.657816
TARGET-20-PASJGZ-03A	TARGET-20-PASJGZ-03A.Ave_Beta	TARGET-AML	450K	idat_sample_sheet_TARGET-AML__450k_beta.txt	0.0	-1.4259593	9.751269
TARGET-20-PATKJB-09A	TARGET-20-PATKJB-09A.Ave_Beta	TARGET-AML	450K	idat_sample_sheet_TARGET-AML__450k_beta.txt	0.0	-2.7661974	8.012989
TARGET-20-PANYNR-04A	TARGET-20-PANYNR-04A.Ave_Beta	TARGET-AML	450K	idat_sample_sheet_TARGET-AML__450k_beta.txt	0.0	-2.6604304	8.342986
TARGET-20-PARUDL-03A	TARGET-20-PARUDL-03A.Ave_Beta	TARGET-AML	450K	idat_sample_sheet_TARGET-AML__450k_beta.txt	0.0	-2.0284104	9.132926
TARGET-21-PASDKZ-15A	TARGET-21-PASDKZ-15A.Ave_Beta	TARGET-AML	450K	idat_sample_sheet_TARGET-AML__450k_beta.txt	0.0	5.6423616	-5.953617
TARGET-20-PATIAK-09A	TARGET-20-PATIAK-09A.Ave_Beta	TARGET-AML	450K	idat_sample_sheet_TARGET-AML__450k_beta.txt	0.0	-0.71841824	11.119202
TARGET-20-PAECCE-04A	TARGET-20-PAECCE-04A.Ave_Beta	TARGET-AML	450K	idat_sample_sheet_TARGET-AML__450k_beta.txt	0.0	-2.1402228	8.8376045
TARGET-20-PATJHJ-14A	TARGET-20-PATJHJ-14A.Ave_Beta	TARGET-AML	450K	idat_sample_sheet_TARGET-AML__450k_beta.txt	0.0	-2.573761	8.520841
TARGET-20-PAKSMZ-10A	TARGET-20-PAKSMZ-10A.Ave_Beta	TARGET-AML	450K	idat_sample_sheet_TARGET-AML__450k_beta.txt	0.0	-1.8395743	8.734978
TARGET-20-PASGMZ-14A	TARGET-20-PASGMZ-14A.Ave_Beta	TARGET-AML	450K	idat_sample_sheet_TARGET-AML__450k_beta.txt	0.0	-1.9080366	8.540545
TARGET-20-PATIAK-14A	TARGET-20-PATIAK-14A.Ave_Beta	TARGET-AML	450K	idat_sample_sheet_TARGET-AML__450k_beta.txt	0.0	-2.5988498	8.44087
TARGET-21-PANZLR-15A	TARGET-21-PANZLR-15A.Ave_Beta	TARGET-AML	450K	idat_sample_sheet_TARGET-AML__450k_beta.txt	0.0	5.6737933	-5.983562
TARGET-20-PANNHB-04A	TARGET-20-PANNHB-04A.Ave_Beta	TARGET-AML	450K	idat_sample_sheet_TARGET-AML__450k_beta.txt	0.0	-2.586199	7.121559
TARGET-21-PASHMK-14A	TARGET-21-PASHMK-14A.Ave_Beta	TARGET-AML	450K	idat_sample_sheet_TARGET-AML__450k_beta.txt	0.0	-0.93788385	9.575778
TARGET-21-PATKKJ-09A	TARGET-21-PATKKJ-09A.Ave_Beta	TARGET-AML	450K	idat_sample_sheet_TARGET-AML__450k_beta.txt	0.0	-0.5792707	11.246469
TARGET-20-PALGKX-04A	TARGET-20-PALGKX-04A.Ave_Beta	TARGET-AML	450K	idat_sample_sheet_TARGET-AML__450k_beta.txt	0.0	-1.0782322	10.316225
TARGET-20-PARSAN-14A	TARGET-20-PARSAN-14A.Ave_Beta	TARGET-AML	450K	idat_sample_sheet_TARGET-AML__450k_beta.txt	0.0	-2.1292539	7.9992495
TARGET-20-PABLDZ-04A	TARGET-20-PABLDZ-04A.Ave_Beta	TARGET-AML	450K	idat_sample_sheet_TARGET-AML__450k_beta.txt	0.0	-2.3833752	8.600309
TARGET-20-PAKIWK-09A	TARGET-20-PAKIWK-09A.Ave_Beta	TARGET-AML	450K	idat_sample_sheet_TARGET-AML__450k_beta.txt	0.0	-2.5633125	7.143959
TARGET-21-PASDXR-14A	TARGET-21-PASDXR-14A.Ave_Beta	TARGET-AML	450K	idat_sample_sheet_TARGET-AML__450k_beta.txt	0.0	-0.8694783	10.637778
TARGET-20-PARUBT-09A	TARGET-20-PARUBT-09A.Ave_Beta	TARGET-AML	450K	idat_sample_sheet_TARGET-AML__450k_beta.txt	0.0	-2.0565276	8.491385
TARGET-20-PARBIU-09A	TARGET-20-PARBIU-09A.Ave_Beta	TARGET-AML	450K	idat_sample_sheet_TARGET-AML__450k_beta.txt	0.0	-1.2922199	10.352392
TARGET-20-PASCGR-04A	TARGET-20-PASCGR-04A.Ave_Beta	TARGET-AML	450K	idat_sample_sheet_TARGET-AML__450k_beta.txt	0.0	-2.9955094	6.8351336
TARGET-20-PATKJB-14A	TARGET-20-PATKJB-14A.Ave_Beta	TARGET-AML	450K	idat_sample_sheet_TARGET-AML__450k_beta.txt	0.0	-2.9192748	6.8529873
TARGET-20-PARFXF-09A	TARGET-20-PARFXF-09A.Ave_Beta	TARGET-AML	450K	idat_sample_sheet_TARGET-AML__450k_beta.txt	0.0	-2.9370394	6.822572
TARGET-21-PAMYMA-09A	TARGET-21-PAMYMA-09A.Ave_Beta	TARGET-AML	450K	idat_sample_sheet_TARGET-AML__450k_beta.txt	0.0	-1.1371744	10.770465
TARGET-21-PANVPB-09A	TARGET-21-PANVPB-09A.Ave_Beta	TARGET-AML	450K	idat_sample_sheet_TARGET-AML__450k_beta.txt	0.0	-0.9791318	10.905223
TARGET-20-PASHHH-09A	TARGET-20-PASHHH-09A.Ave_Beta	TARGET-AML	450K	idat_sample_sheet_TARGET-AML__450k_beta.txt	0.0	-1.8126739	9.018798
TARGET-20-PARNZW-09A	TARGET-20-PARNZW-09A.Ave_Beta	TARGET-AML	450K	idat_sample_sheet_TARGET-AML__450k_beta.txt	0.0	-2.2397037	8.681603
TARGET-20-PARFXF-14A	TARGET-20-PARFXF-14A.Ave_Beta	TARGET-AML	450K	idat_sample_sheet_TARGET-AML__450k_beta.txt	0.0	-2.5658488	7.2514057
TARGET-20-PAPBEJ-09A	TARGET-20-PAPBEJ-09A.Ave_Beta	TARGET-AML	450K	idat_sample_sheet_TARGET-AML__450k_beta.txt	0.0	-2.4641056	7.557759
TARGET-20-PAPVZK-40A	TARGET-20-PAPVZK-40A.Ave_Beta	TARGET-AML	450K	idat_sample_sheet_TARGET-AML__450k_beta.txt	0.0	-1.4760619	10.350522
TARGET-20-PAPXRJ-14A	TARGET-20-PAPXRJ-14A.Ave_Beta	TARGET-AML	450K	idat_sample_sheet_TARGET-AML__450k_beta.txt	0.0	-2.9412277	6.8833117
TARGET-21-PATISD-14A	TARGET-21-PATISD-14A.Ave_Beta	TARGET-AML	450K	idat_sample_sheet_TARGET-AML__450k_beta.txt	0.0	-0.7144145	11.105431
TARGET-20-PARCEC-14A	TARGET-20-PARCEC-14A.Ave_Beta	TARGET-AML	450K	idat_sample_sheet_TARGET-AML__450k_beta.txt	0.0	-2.1265292	8.869571
TARGET-20-PAKERZ-04A	TARGET-20-PAKERZ-04A.Ave_Beta	TARGET-AML	450K	idat_sample_sheet_TARGET-AML__450k_beta.txt	0.0	-2.4765415	7.2889504
TARGET-21-PASTZK-09A	TARGET-21-PASTZK-09A.Ave_Beta	TARGET-AML	450K	idat_sample_sheet_TARGET-AML__450k_beta.txt	0.0	-0.76819575	11.133878
TARGET-20-PAEIKD-04A	TARGET-20-PAEIKD-04A.Ave_Beta	TARGET-AML	450K	idat_sample_sheet_TARGET-AML__450k_beta.txt	0.0	-2.1494746	8.870782
TARGET-21-PASIGA-09A	TARGET-21-PASIGA-09A.Ave_Beta	TARGET-AML	450K	idat_sample_sheet_TARGET-AML__450k_beta.txt	0.0	-0.95634717	11.170615
TARGET-21-PATKBK-03A	TARGET-21-PATKBK-03A.Ave_Beta	TARGET-AML	450K	idat_sample_sheet_TARGET-AML__450k_beta.txt	0.0	-0.86304396	11.20063
TARGET-20-PASJTM-09A	TARGET-20-PASJTM-09A.Ave_Beta	TARGET-AML	450K	idat_sample_sheet_TARGET-AML__450k_beta.txt	0.0	-2.315719	8.060832
TARGET-20-PARUBT-40A	TARGET-20-PARUBT-40A.Ave_Beta	TARGET-AML	450K	idat_sample_sheet_TARGET-AML__450k_beta.txt	0.0	-1.986827	8.881341
TARGET-20-PASCGR-03A	TARGET-20-PASCGR-03A.Ave_Beta	TARGET-AML	450K	idat_sample_sheet_TARGET-AML__450k_beta.txt	0.0	-2.385744	8.15816
TARGET-20-PARUCB-14A	TARGET-20-PARUCB-14A.Ave_Beta	TARGET-AML	450K	idat_sample_sheet_TARGET-AML__450k_beta.txt	0.0	-1.0211172	9.698585
TARGET-20-PASPLU-09A	TARGET-20-PASPLU-09A.Ave_Beta	TARGET-AML	450K	idat_sample_sheet_TARGET-AML__450k_beta.txt	0.0	-0.68857414	11.139934
TARGET-20-PANLRE-14A	TARGET-20-PANLRE-14A.Ave_Beta	TARGET-AML	450K	idat_sample_sheet_TARGET-AML__450k_beta.txt	0.0	-1.1344961	10.0679865
TARGET-20-PASTTW-09A	TARGET-20-PASTTW-09A.Ave_Beta	TARGET-AML	450K	idat_sample_sheet_TARGET-AML__450k_beta.txt	0.0	-1.6957676	9.371116
TARGET-20-PARPDS-14A	TARGET-20-PARPDS-14A.Ave_Beta	TARGET-AML	450K	idat_sample_sheet_TARGET-AML__450k_beta.txt	0.0	-2.9593182	6.817079
TARGET-20-PASMHY-03A	TARGET-20-PASMHY-03A.Ave_Beta	TARGET-AML	450K	idat_sample_sheet_TARGET-AML__450k_beta.txt	0.0	-1.1881169	10.553273
TARGET-20-PAKVGI-14A	TARGET-20-PAKVGI-14A.Ave_Beta	TARGET-AML	450K	idat_sample_sheet_TARGET-AML__450k_beta.txt	0.0	-2.2411017	8.318661
TARGET-20-PASZLJ-09A	TARGET-20-PASZLJ-09A.Ave_Beta	TARGET-AML	450K	idat_sample_sheet_TARGET-AML__450k_beta.txt	0.0	-2.2141175	8.765711
TARGET-20-PANDIX-04A	TARGET-20-PANDIX-04A.Ave_Beta	TARGET-AML	450K	idat_sample_sheet_TARGET-AML__450k_beta.txt	0.0	-2.5434296	7.1952424
TARGET-20-PAEERJ-03A	TARGET-20-PAEERJ-03A.Ave_Beta	TARGET-AML	450K	idat_sample_sheet_TARGET-AML__450k_beta.txt	0.0	-2.127675	8.526076
TARGET-21-PATKWH-09A	TARGET-21-PATKWH-09A.Ave_Beta	TARGET-AML	450K	idat_sample_sheet_TARGET-AML__450k_beta.txt	0.0	-1.0067226	8.489765
TARGET-21-PASDXR-15A	TARGET-21-PASDXR-15A.Ave_Beta	TARGET-AML	450K	idat_sample_sheet_TARGET-AML__450k_beta.txt	0.0	5.6411347	-5.9544754
TARGET-20-PARASV-04A	TARGET-20-PARASV-04A.Ave_Beta	TARGET-AML	450K	idat_sample_sheet_TARGET-AML__450k_beta.txt	0.0	-2.1282625	8.932697
TARGET-20-PAKVGI-09A	TARGET-20-PAKVGI-09A.Ave_Beta	TARGET-AML	450K	idat_sample_sheet_TARGET-AML__450k_beta.txt	0.0	-2.1736398	7.9605436
TARGET-20-PASMHY-10A	TARGET-20-PASMHY-10A.Ave_Beta	TARGET-AML	450K	idat_sample_sheet_TARGET-AML__450k_beta.txt	0.0	-1.3551056	10.534487
TARGET-20-PAKERZ-09A	TARGET-20-PAKERZ-09A.Ave_Beta	TARGET-AML	450K	idat_sample_sheet_TARGET-AML__450k_beta.txt	0.0	-2.2820525	7.750588
TARGET-20-PARCCH-03A	TARGET-20-PARCCH-03A.Ave_Beta	TARGET-AML	450K	idat_sample_sheet_TARGET-AML__450k_beta.txt	0.0	-1.7282444	9.299627
TARGET-20-PASJIM-14A	TARGET-20-PASJIM-14A.Ave_Beta	TARGET-AML	450K	idat_sample_sheet_TARGET-AML__450k_beta.txt	0.0	-1.010416	9.70563
TARGET-20-PADYIR-14A	TARGET-20-PADYIR-14A.Ave_Beta	TARGET-AML	450K	idat_sample_sheet_TARGET-AML__450k_beta.txt	0.0	-2.4092786	7.931404
TARGET-21-PAMXZY-09A	TARGET-21-PAMXZY-09A.Ave_Beta	TARGET-AML	450K	idat_sample_sheet_TARGET-AML__450k_beta.txt	0.0	-1.1505268	10.325394
TARGET-21-PARZIA-09A	TARGET-21-PARZIA-09A.Ave_Beta	TARGET-AML	450K	idat_sample_sheet_TARGET-AML__450k_beta.txt	0.0	-1.0655203	10.947338
TARGET-20-PASTTW-14A	TARGET-20-PASTTW-14A.Ave_Beta	TARGET-AML	450K	idat_sample_sheet_TARGET-AML__450k_beta.txt	0.0	-1.8913547	9.068221
TARGET-20-PASVVS-09A	TARGET-20-PASVVS-09A.Ave_Beta	TARGET-AML	450K	idat_sample_sheet_TARGET-AML__450k_beta.txt	0.0	-2.200613	8.758091
TARGET-20-PAEFGT-03A	TARGET-20-PAEFGT-03A.Ave_Beta	TARGET-AML	450K	idat_sample_sheet_TARGET-AML__450k_beta.txt	0.0	-1.847502	8.681518
TARGET-21-PASVJS-14A	TARGET-21-PASVJS-14A.Ave_Beta	TARGET-AML	450K	idat_sample_sheet_TARGET-AML__450k_beta.txt	0.0	-0.9886032	8.4816475
TARGET-20-PARUCB-04A	TARGET-20-PARUCB-04A.Ave_Beta	TARGET-AML	450K	idat_sample_sheet_TARGET-AML__450k_beta.txt	0.0	-1.159285	10.602559
TARGET-20-PARVAI-14A	TARGET-20-PARVAI-14A.Ave_Beta	TARGET-AML	450K	idat_sample_sheet_TARGET-AML__450k_beta.txt	0.0	-2.7309964	7.260428
TARGET-20-PARPDS-04A	TARGET-20-PARPDS-04A.Ave_Beta	TARGET-AML	450K	idat_sample_sheet_TARGET-AML__450k_beta.txt	0.0	-2.2215614	8.465728
TARGET-20-PASJIM-09A	TARGET-20-PASJIM-09A.Ave_Beta	TARGET-AML	450K	idat_sample_sheet_TARGET-AML__450k_beta.txt	0.0	-1.0202005	10.5209465
TARGET-20-PAKTCX-04A	TARGET-20-PAKTCX-04A.Ave_Beta	TARGET-AML	450K	idat_sample_sheet_TARGET-AML__450k_beta.txt	0.0	-2.2588925	8.1522255
TARGET-20-PAEFGT-14A	TARGET-20-PAEFGT-14A.Ave_Beta	TARGET-AML	450K	idat_sample_sheet_TARGET-AML__450k_beta.txt	0.0	-2.3084817	7.7010393
TARGET-20-PARWXU-04A	TARGET-20-PARWXU-04A.Ave_Beta	TARGET-AML	450K	idat_sample_sheet_TARGET-AML__450k_beta.txt	0.0	-1.207062	10.348248
TARGET-20-PASRTP-14A	TARGET-20-PASRTP-14A.Ave_Beta	TARGET-AML	450K	idat_sample_sheet_TARGET-AML__450k_beta.txt	0.0	-1.0527906	10.212578
TARGET-21-PATKWH-14A	TARGET-21-PATKWH-14A.Ave_Beta	TARGET-AML	450K	idat_sample_sheet_TARGET-AML__450k_beta.txt	0.0	-1.0214082	8.50386
TARGET-20-PANTWV-14A	TARGET-20-PANTWV-14A.Ave_Beta	TARGET-AML	450K	idat_sample_sheet_TARGET-AML__450k_beta.txt	0.0	-1.063532	9.950362
TARGET-20-PASLSD-14A	TARGET-20-PASLSD-14A.Ave_Beta	TARGET-AML	450K	idat_sample_sheet_TARGET-AML__450k_beta.txt	0.0	-2.966865	6.7963696
TARGET-20-PAPBEJ-04A	TARGET-20-PAPBEJ-04A.Ave_Beta	TARGET-AML	450K	idat_sample_sheet_TARGET-AML__450k_beta.txt	0.0	-2.4767609	7.6894636
TARGET-20-PARTAL-14A	TARGET-20-PARTAL-14A.Ave_Beta	TARGET-AML	450K	idat_sample_sheet_TARGET-AML__450k_beta.txt	0.0	-2.2329192	7.887466
TARGET-20-PASLSD-04A	TARGET-20-PASLSD-04A.Ave_Beta	TARGET-AML	450K	idat_sample_sheet_TARGET-AML__450k_beta.txt	0.0	-2.0875933	8.779191
TARGET-21-PASNKZ-09A	TARGET-21-PASNKZ-09A.Ave_Beta	TARGET-AML	450K	idat_sample_sheet_TARGET-AML__450k_beta.txt	0.0	-0.64910537	11.337409
TARGET-20-PANLIR-04A	TARGET-20-PANLIR-04A.Ave_Beta	TARGET-AML	450K	idat_sample_sheet_TARGET-AML__450k_beta.txt	0.0	-2.4344811	7.298245
TARGET-20-PASWLN-04A	TARGET-20-PASWLN-04A.Ave_Beta	TARGET-AML	450K	idat_sample_sheet_TARGET-AML__450k_beta.txt	0.0	-0.81930834	11.197283
TARGET-20-PATJHJ-09A	TARGET-20-PATJHJ-09A.Ave_Beta	TARGET-AML	450K	idat_sample_sheet_TARGET-AML__450k_beta.txt	0.0	-2.574403	8.543708
TARGET-20-PARUDL-14A	TARGET-20-PARUDL-14A.Ave_Beta	TARGET-AML	450K	idat_sample_sheet_TARGET-AML__450k_beta.txt	0.0	-2.1407604	8.192118
TARGET-20-PAPXRJ-04A	TARGET-20-PAPXRJ-04A.Ave_Beta	TARGET-AML	450K	idat_sample_sheet_TARGET-AML__450k_beta.txt	0.0	-2.3849115	8.402742
TARGET-21-PARBTV-09A	TARGET-21-PARBTV-09A.Ave_Beta	TARGET-AML	450K	idat_sample_sheet_TARGET-AML__450k_beta.txt	0.0	-1.0027888	11.083617
TARGET-20-PARBIU-14A	TARGET-20-PARBIU-14A.Ave_Beta	TARGET-AML	450K	idat_sample_sheet_TARGET-AML__450k_beta.txt	0.0	-0.9104974	10.750612
TARGET-20-PARSAN-09A	TARGET-20-PARSAN-09A.Ave_Beta	TARGET-AML	450K	idat_sample_sheet_TARGET-AML__450k_beta.txt	0.0	-2.643791	7.283246
TARGET-20-PAEERJ-14A	TARGET-20-PAEERJ-14A.Ave_Beta	TARGET-AML	450K	idat_sample_sheet_TARGET-AML__450k_beta.txt	0.0	-2.1636698	8.443728
TARGET-21-PASNKZ-14A	TARGET-21-PASNKZ-14A.Ave_Beta	TARGET-AML	450K	idat_sample_sheet_TARGET-AML__450k_beta.txt	0.0	-0.64204466	11.320486
TARGET-21-PASSLT-09A	TARGET-21-PASSLT-09A.Ave_Beta	TARGET-AML	450K	idat_sample_sheet_TARGET-AML__450k_beta.txt	0.0	-0.9953963	11.115188
TARGET-20-PASVYA-04A	TARGET-20-PASVYA-04A.Ave_Beta	TARGET-AML	450K	idat_sample_sheet_TARGET-AML__450k_beta.txt	0.0	-1.3342937	9.956447
TARGET-21-PASFJJ-14A	TARGET-21-PASFJJ-14A.Ave_Beta	TARGET-AML	450K	idat_sample_sheet_TARGET-AML__450k_beta.txt	0.0	-0.7305096	11.346392
TARGET-20-PANGDN-04A	TARGET-20-PANGDN-04A.Ave_Beta	TARGET-AML	450K	idat_sample_sheet_TARGET-AML__450k_beta.txt	0.0	-1.0002258	9.482611
TARGET-21-PARBTV-14A	TARGET-21-PARBTV-14A.Ave_Beta	TARGET-AML	450K	idat_sample_sheet_TARGET-AML__450k_beta.txt	0.0	-1.1086128	10.860023
TARGET-20-PARPDS-09A	TARGET-20-PARPDS-09A.Ave_Beta	TARGET-AML	450K	idat_sample_sheet_TARGET-AML__450k_beta.txt	0.0	-2.1342144	8.530326
TARGET-21-PARXYR-14A	TARGET-21-PARXYR-14A.Ave_Beta	TARGET-AML	450K	idat_sample_sheet_TARGET-AML__450k_beta.txt	0.0	-1.077717	10.447621
TARGET-20-PARCEC-03A	TARGET-20-PARCEC-03A.Ave_Beta	TARGET-AML	450K	idat_sample_sheet_TARGET-AML__450k_beta.txt	0.0	-2.0896335	8.934605
TARGET-20-PASWLN-14A	TARGET-20-PASWLN-14A.Ave_Beta	TARGET-AML	450K	idat_sample_sheet_TARGET-AML__450k_beta.txt	0.0	-1.0181566	9.981774
TARGET-20-PASMGW-04A	TARGET-20-PASMGW-04A.Ave_Beta	TARGET-AML	450K	idat_sample_sheet_TARGET-AML__450k_beta.txt	0.0	-1.1314807	10.451569
TARGET-20-PASVYA-14A	TARGET-20-PASVYA-14A.Ave_Beta	TARGET-AML	450K	idat_sample_sheet_TARGET-AML__450k_beta.txt	0.0	65.61378	34.90336
TARGET-20-PASBBE-09A	TARGET-20-PASBBE-09A.Ave_Beta	TARGET-AML	450K	idat_sample_sheet_TARGET-AML__450k_beta.txt	0.0	-1.1480781	10.477688
TARGET-20-PAMYJX-04A	TARGET-20-PAMYJX-04A.Ave_Beta	TARGET-AML	450K	idat_sample_sheet_TARGET-AML__450k_beta.txt	0.0	-1.7606734	8.687915
TARGET-20-PASLSD-03A	TARGET-20-PASLSD-03A.Ave_Beta	TARGET-AML	450K	idat_sample_sheet_TARGET-AML__450k_beta.txt	0.0	-2.0746465	8.789425
TARGET-20-PANSJB-14A	TARGET-20-PANSJB-14A.Ave_Beta	TARGET-AML	450K	idat_sample_sheet_TARGET-AML__450k_beta.txt	0.0	-2.068646	8.58096
TARGET-21-PASFJJ-15A	TARGET-21-PASFJJ-15A.Ave_Beta	TARGET-AML	450K	idat_sample_sheet_TARGET-AML__450k_beta.txt	0.0	5.6901674	-6.0019717
TARGET-21-PASFLG-14A	TARGET-21-PASFLG-14A.Ave_Beta	TARGET-AML	450K	idat_sample_sheet_TARGET-AML__450k_beta.txt	0.0	-0.70736873	11.087236
TARGET-20-PASAUT-14A	TARGET-20-PASAUT-14A.Ave_Beta	TARGET-AML	450K	idat_sample_sheet_TARGET-AML__450k_beta.txt	0.0	-1.7889001	8.797757
TARGET-20-PANGTF-14A	TARGET-20-PANGTF-14A.Ave_Beta	TARGET-AML	450K	idat_sample_sheet_TARGET-AML__450k_beta.txt	0.0	-2.3485675	7.8120427
TARGET-20-PARIMT-03A	TARGET-20-PARIMT-03A.Ave_Beta	TARGET-AML	450K	idat_sample_sheet_TARGET-AML__450k_beta.txt	0.0	-2.211329	9.134842
TARGET-20-PANYCG-09A	TARGET-20-PANYCG-09A.Ave_Beta	TARGET-AML	450K	idat_sample_sheet_TARGET-AML__450k_beta.txt	0.0	-1.9207888	8.643551
TARGET-20-PATDHA-14A	TARGET-20-PATDHA-14A.Ave_Beta	TARGET-AML	450K	idat_sample_sheet_TARGET-AML__450k_beta.txt	0.0	-0.9955507	9.592619
TARGET-20-PASGCE-40A	TARGET-20-PASGCE-40A.Ave_Beta	TARGET-AML	450K	idat_sample_sheet_TARGET-AML__450k_beta.txt	0.0	-1.6981456	8.405649
TARGET-20-PADZCG-04A	TARGET-20-PADZCG-04A.Ave_Beta	TARGET-AML	450K	idat_sample_sheet_TARGET-AML__450k_beta.txt	0.0	-2.397073	8.500784
TARGET-21-PARBTV-15A	TARGET-21-PARBTV-15A.Ave_Beta	TARGET-AML	450K	idat_sample_sheet_TARGET-AML__450k_beta.txt	0.0	5.6014304	-6.00331
TARGET-21-PASFJJ-09A	TARGET-21-PASFJJ-09A.Ave_Beta	TARGET-AML	450K	idat_sample_sheet_TARGET-AML__450k_beta.txt	0.0	-0.80616164	11.22048
TARGET-20-PARYVW-14A	TARGET-20-PARYVW-14A.Ave_Beta	TARGET-AML	450K	idat_sample_sheet_TARGET-AML__450k_beta.txt	0.0	-2.7949982	8.181289
TARGET-21-PASDKZ-03A	TARGET-21-PASDKZ-03A.Ave_Beta	TARGET-AML	450K	idat_sample_sheet_TARGET-AML__450k_beta.txt	0.0	-0.9619872	10.895738
TARGET-20-PASTUH-09A	TARGET-20-PASTUH-09A.Ave_Beta	TARGET-AML	450K	idat_sample_sheet_TARGET-AML__450k_beta.txt	0.0	-0.7716453	11.061281
TARGET-20-PATJHJ-40A	TARGET-20-PATJHJ-40A.Ave_Beta	TARGET-AML	450K	idat_sample_sheet_TARGET-AML__450k_beta.txt	0.0	-2.5168092	8.6037655
TARGET-20-PAKTCX-09A	TARGET-20-PAKTCX-09A.Ave_Beta	TARGET-AML	450K	idat_sample_sheet_TARGET-AML__450k_beta.txt	0.0	-2.06222	8.286239
TARGET-21-PASVJS-15A	TARGET-21-PASVJS-15A.Ave_Beta	TARGET-AML	450K	idat_sample_sheet_TARGET-AML__450k_beta.txt	0.0	5.622732	-5.938205
TARGET-20-PANYCG-14A	TARGET-20-PANYCG-14A.Ave_Beta	TARGET-AML	450K	idat_sample_sheet_TARGET-AML__450k_beta.txt	0.0	-2.1340282	8.311715
TARGET-20-PASVYL-04A	TARGET-20-PASVYL-04A.Ave_Beta	TARGET-AML	450K	idat_sample_sheet_TARGET-AML__450k_beta.txt	0.0	-0.97070307	9.767361
TARGET-21-PASFHK-15A	TARGET-21-PASFHK-15A.Ave_Beta	TARGET-AML	450K	idat_sample_sheet_TARGET-AML__450k_beta.txt	0.0	5.58867	-5.9924154
TARGET-20-PAKVGI-04A	TARGET-20-PAKVGI-04A.Ave_Beta	TARGET-AML	450K	idat_sample_sheet_TARGET-AML__450k_beta.txt	0.0	-1.8894466	8.67758
TARGET-21-PASHMK-15A	TARGET-21-PASHMK-15A.Ave_Beta	TARGET-AML	450K	idat_sample_sheet_TARGET-AML__450k_beta.txt	0.0	5.610667	-5.931617
TARGET-20-PARNNT-09A	TARGET-20-PARNNT-09A.Ave_Beta	TARGET-AML	450K	idat_sample_sheet_TARGET-AML__450k_beta.txt	0.0	-2.7941194	6.9093885
TARGET-20-PANLXM-04A	TARGET-20-PANLXM-04A.Ave_Beta	TARGET-AML	450K	idat_sample_sheet_TARGET-AML__450k_beta.txt	0.0	-1.6775079	9.278525
TARGET-20-PAMYJX-09A	TARGET-20-PAMYJX-09A.Ave_Beta	TARGET-AML	450K	idat_sample_sheet_TARGET-AML__450k_beta.txt	0.0	-1.8052067	8.675703
TARGET-21-PASYWA-15A	TARGET-21-PASYWA-15A.Ave_Beta	TARGET-AML	450K	idat_sample_sheet_TARGET-AML__450k_beta.txt	0.0	5.5952578	-5.9702992
TARGET-21-PATISD-09A	TARGET-21-PATISD-09A.Ave_Beta	TARGET-AML	450K	idat_sample_sheet_TARGET-AML__450k_beta.txt	0.0	-0.7487794	11.138949
TARGET-21-PASSLT-14A	TARGET-21-PASSLT-14A.Ave_Beta	TARGET-AML	450K	idat_sample_sheet_TARGET-AML__450k_beta.txt	0.0	-1.1988456	11.08847
TARGET-20-PAMYAS-04A	TARGET-20-PAMYAS-04A.Ave_Beta	TARGET-AML	450K	idat_sample_sheet_TARGET-AML__450k_beta.txt	0.0	-1.1242299	10.355636
TARGET-20-PASWPD-09A	TARGET-20-PASWPD-09A.Ave_Beta	TARGET-AML	450K	idat_sample_sheet_TARGET-AML__450k_beta.txt	0.0	-1.8773282	8.863095
TARGET-20-PARPPY-40A	TARGET-20-PARPPY-40A.Ave_Beta	TARGET-AML	450K	idat_sample_sheet_TARGET-AML__450k_beta.txt	0.0	-1.8624678	9.041624
TARGET-20-PASVYA-09A	TARGET-20-PASVYA-09A.Ave_Beta	TARGET-AML	450K	idat_sample_sheet_TARGET-AML__450k_beta.txt	0.0	-1.3186197	10.226303
TARGET-20-PANNHB-09A	TARGET-20-PANNHB-09A.Ave_Beta	TARGET-AML	450K	idat_sample_sheet_TARGET-AML__450k_beta.txt	0.0	-1.5398889	9.596554
TARGET-21-PATJMY-09A	TARGET-21-PATJMY-09A.Ave_Beta	TARGET-AML	450K	idat_sample_sheet_TARGET-AML__450k_beta.txt	0.0	-1.0974228	11.054261
TARGET-21-PARHRS-14A	TARGET-21-PARHRS-14A.Ave_Beta	TARGET-AML	450K	idat_sample_sheet_TARGET-AML__450k_beta.txt	0.0	-0.65213174	11.306673
TARGET-20-PASZLJ-14A	TARGET-20-PASZLJ-14A.Ave_Beta	TARGET-AML	450K	idat_sample_sheet_TARGET-AML__450k_beta.txt	0.0	-0.7699087	10.923572
TARGET-20-PAKIWK-14A	TARGET-20-PAKIWK-14A.Ave_Beta	TARGET-AML	450K	idat_sample_sheet_TARGET-AML__450k_beta.txt	0.0	-2.4295108	7.472362
TARGET-20-PAEFGR-04A	TARGET-20-PAEFGR-04A.Ave_Beta	TARGET-AML	450K	idat_sample_sheet_TARGET-AML__450k_beta.txt	0.0	-2.0869844	9.145766
TARGET-20-PANYNR-14A	TARGET-20-PANYNR-14A.Ave_Beta	TARGET-AML	450K	idat_sample_sheet_TARGET-AML__450k_beta.txt	0.0	-1.9472178	8.537677
TARGET-21-PASYEJ-15A	TARGET-21-PASYEJ-15A.Ave_Beta	TARGET-AML	450K	idat_sample_sheet_TARGET-AML__450k_beta.txt	0.0	5.6668887	-5.958775
TARGET-21-PARZIA-15A	TARGET-21-PARZIA-15A.Ave_Beta	TARGET-AML	450K	idat_sample_sheet_TARGET-AML__450k_beta.txt	0.0	5.614981	-5.9729695
TARGET-20-PANNHB-14A	TARGET-20-PANNHB-14A.Ave_Beta	TARGET-AML	450K	idat_sample_sheet_TARGET-AML__450k_beta.txt	0.0	-2.5948524	7.124859
TARGET-20-PARSAN-04A	TARGET-20-PARSAN-04A.Ave_Beta	TARGET-AML	450K	idat_sample_sheet_TARGET-AML__450k_beta.txt	0.0	-2.1850886	7.724667
TARGET-20-PANLXM-09A	TARGET-20-PANLXM-09A.Ave_Beta	TARGET-AML	450K	idat_sample_sheet_TARGET-AML__450k_beta.txt	0.0	-2.9324088	7.8421717
TARGET-20-PARYVW-04A	TARGET-20-PARYVW-04A.Ave_Beta	TARGET-AML	450K	idat_sample_sheet_TARGET-AML__450k_beta.txt	0.0	-1.2561705	10.573241
TARGET-20-PASCRZ-04A	TARGET-20-PASCRZ-04A.Ave_Beta	TARGET-AML	450K	idat_sample_sheet_TARGET-AML__450k_beta.txt	0.0	-1.1627249	10.064444
TARGET-20-PASGCE-09A	TARGET-20-PASGCE-09A.Ave_Beta	TARGET-AML	450K	idat_sample_sheet_TARGET-AML__450k_beta.txt	0.0	-1.2885994	10.672691
TARGET-20-PASCRZ-03A	TARGET-20-PASCRZ-03A.Ave_Beta	TARGET-AML	450K	idat_sample_sheet_TARGET-AML__450k_beta.txt	0.0	-2.1386962	8.635838
TARGET-21-PASSLT-15A	TARGET-21-PASSLT-15A.Ave_Beta	TARGET-AML	450K	idat_sample_sheet_TARGET-AML__450k_beta.txt	0.0	5.635688	-5.944179
TARGET-20-PASRLS-14A	TARGET-20-PASRLS-14A.Ave_Beta	TARGET-AML	450K	idat_sample_sheet_TARGET-AML__450k_beta.txt	0.0	-1.7101358	8.363718
TARGET-20-PARNIA-04A	TARGET-20-PARNIA-04A.Ave_Beta	TARGET-AML	450K	idat_sample_sheet_TARGET-AML__450k_beta.txt	0.0	-2.139882	8.243508
TARGET-20-PAMYAS-09A	TARGET-20-PAMYAS-09A.Ave_Beta	TARGET-AML	450K	idat_sample_sheet_TARGET-AML__450k_beta.txt	0.0	-1.2004375	10.069887
TARGET-21-PARNAW-09A	TARGET-21-PARNAW-09A.Ave_Beta	TARGET-AML	450K	idat_sample_sheet_TARGET-AML__450k_beta.txt	0.0	-1.4293345	9.778383
TARGET-20-PANYCG-04A	TARGET-20-PANYCG-04A.Ave_Beta	TARGET-AML	450K	idat_sample_sheet_TARGET-AML__450k_beta.txt	0.0	-1.6777742	9.019352
TARGET-20-PAMYJX-14A	TARGET-20-PAMYJX-14A.Ave_Beta	TARGET-AML	450K	idat_sample_sheet_TARGET-AML__450k_beta.txt	0.0	-1.7208064	8.69424
TARGET-20-PASAUT-03A	TARGET-20-PASAUT-03A.Ave_Beta	TARGET-AML	450K	idat_sample_sheet_TARGET-AML__450k_beta.txt	0.0	-1.7770661	8.796926
TARGET-20-PARVAI-03A	TARGET-20-PARVAI-03A.Ave_Beta	TARGET-AML	450K	idat_sample_sheet_TARGET-AML__450k_beta.txt	0.0	-2.483744	7.9197893
TARGET-20-PASWAT-04A	TARGET-20-PASWAT-04A.Ave_Beta	TARGET-AML	450K	idat_sample_sheet_TARGET-AML__450k_beta.txt	0.0	-1.0803782	9.653256
TARGET-20-PASIEP-14A	TARGET-20-PASIEP-14A.Ave_Beta	TARGET-AML	450K	idat_sample_sheet_TARGET-AML__450k_beta.txt	0.0	-2.9586413	6.8160133
TARGET-20-PASTUH-04A	TARGET-20-PASTUH-04A.Ave_Beta	TARGET-AML	450K	idat_sample_sheet_TARGET-AML__450k_beta.txt	0.0	-0.8045522	11.115616
TARGET-21-PATAIJ-09A	TARGET-21-PATAIJ-09A.Ave_Beta	TARGET-AML	450K	idat_sample_sheet_TARGET-AML__450k_beta.txt	0.0	-0.98815036	8.473305
TARGET-20-PAECCE-09A	TARGET-20-PAECCE-09A.Ave_Beta	TARGET-AML	450K	idat_sample_sheet_TARGET-AML__450k_beta.txt	0.0	-2.1675894	8.826148
TARGET-20-PASGCE-14A	TARGET-20-PASGCE-14A.Ave_Beta	TARGET-AML	450K	idat_sample_sheet_TARGET-AML__450k_beta.txt	0.0	-1.6858647	8.381821
TARGET-20-PANYNR-03A	TARGET-20-PANYNR-03A.Ave_Beta	TARGET-AML	450K	idat_sample_sheet_TARGET-AML__450k_beta.txt	0.0	-2.0667682	9.151665
TARGET-20-PAECCE-10A	TARGET-20-PAECCE-10A.Ave_Beta	TARGET-AML	450K	idat_sample_sheet_TARGET-AML__450k_beta.txt	0.0	-2.075594	8.952354
TARGET-20-PASRLS-09A	TARGET-20-PASRLS-09A.Ave_Beta	TARGET-AML	450K	idat_sample_sheet_TARGET-AML__450k_beta.txt	0.0	-1.1046569	11.22961
TARGET-21-PASFLG-15A	TARGET-21-PASFLG-15A.Ave_Beta	TARGET-AML	450K	idat_sample_sheet_TARGET-AML__450k_beta.txt	0.0	5.6645336	-5.931652
TARGET-20-PARIMT-04A	TARGET-20-PARIMT-04A.Ave_Beta	TARGET-AML	450K	idat_sample_sheet_TARGET-AML__450k_beta.txt	0.0	-2.7706876	8.376255
TARGET-20-PARDMG-09A	TARGET-20-PARDMG-09A.Ave_Beta	TARGET-AML	450K	idat_sample_sheet_TARGET-AML__450k_beta.txt	0.0	-2.2895386	9.038453
TARGET-20-PARPPY-09A	TARGET-20-PARPPY-09A.Ave_Beta	TARGET-AML	450K	idat_sample_sheet_TARGET-AML__450k_beta.txt	0.0	-1.7850975	9.274047
TARGET-20-PASHHH-14A	TARGET-20-PASHHH-14A.Ave_Beta	TARGET-AML	450K	idat_sample_sheet_TARGET-AML__450k_beta.txt	0.0	-2.260877	7.9174824
TARGET-21-PANVPB-15A	TARGET-21-PANVPB-15A.Ave_Beta	TARGET-AML	450K	idat_sample_sheet_TARGET-AML__450k_beta.txt	0.0	5.6104503	-5.923846
TARGET-20-PARNZW-40A	TARGET-20-PARNZW-40A.Ave_Beta	TARGET-AML	450K	idat_sample_sheet_TARGET-AML__450k_beta.txt	0.0	-2.8105557	8.269334
TARGET-20-PARCCH-14A	TARGET-20-PARCCH-14A.Ave_Beta	TARGET-AML	450K	idat_sample_sheet_TARGET-AML__450k_beta.txt	0.0	-1.9822757	8.868163
TARGET-20-PARVUA-14A	TARGET-20-PARVUA-14A.Ave_Beta	TARGET-AML	450K	idat_sample_sheet_TARGET-AML__450k_beta.txt	0.0	-0.8553566	10.983871
TARGET-20-PASJGZ-14A	TARGET-20-PASJGZ-14A.Ave_Beta	TARGET-AML	450K	idat_sample_sheet_TARGET-AML__450k_beta.txt	0.0	-1.201879	9.945928
TARGET-21-PATHIU-09A	TARGET-21-PATHIU-09A.Ave_Beta	TARGET-AML	450K	idat_sample_sheet_TARGET-AML__450k_beta.txt	0.0	-0.9752722	8.487238
TARGET-21-PATAIJ-15A	TARGET-21-PATAIJ-15A.Ave_Beta	TARGET-AML	450K	idat_sample_sheet_TARGET-AML__450k_beta.txt	0.0	5.6255307	-5.9852133
TARGET-20-PAEIKD-09A	TARGET-20-PAEIKD-09A.Ave_Beta	TARGET-AML	450K	idat_sample_sheet_TARGET-AML__450k_beta.txt	0.0	-2.1828253	8.870791
TARGET-20-PARWXU-09A	TARGET-20-PARWXU-09A.Ave_Beta	TARGET-AML	450K	idat_sample_sheet_TARGET-AML__450k_beta.txt	0.0	-1.1933616	10.257785
TARGET-20-PANDER-14A	TARGET-20-PANDER-14A.Ave_Beta	TARGET-AML	450K	idat_sample_sheet_TARGET-AML__450k_beta.txt	0.0	-2.002527	8.743953
TARGET-21-PAMYMA-15A	TARGET-21-PAMYMA-15A.Ave_Beta	TARGET-AML	450K	idat_sample_sheet_TARGET-AML__450k_beta.txt	0.0	5.6186256	-5.9409137
TARGET-20-PARUCB-09A	TARGET-20-PARUCB-09A.Ave_Beta	TARGET-AML	450K	idat_sample_sheet_TARGET-AML__450k_beta.txt	0.0	-3.0717697	7.4785666
TARGET-20-PARCUK-04A	TARGET-20-PARCUK-04A.Ave_Beta	TARGET-AML	450K	idat_sample_sheet_TARGET-AML__450k_beta.txt	0.0	-2.3566978	7.4342046
TARGET-21-PASTZK-15A	TARGET-21-PASTZK-15A.Ave_Beta	TARGET-AML	450K	idat_sample_sheet_TARGET-AML__450k_beta.txt	0.0	5.608759	-5.932994
TARGET-20-PARBTC-03A	TARGET-20-PARBTC-03A.Ave_Beta	TARGET-AML	450K	idat_sample_sheet_TARGET-AML__450k_beta.txt	0.0	-2.2506192	8.809098
TARGET-20-PARUBT-14A	TARGET-20-PARUBT-14A.Ave_Beta	TARGET-AML	450K	idat_sample_sheet_TARGET-AML__450k_beta.txt	0.0	-2.0851464	8.228492
TARGET-21-PATAIJ-10A	TARGET-21-PATAIJ-10A.Ave_Beta	TARGET-AML	450K	idat_sample_sheet_TARGET-AML__450k_beta.txt	0.0	-0.798022	11.243403
TARGET-20-PANDIX-09A	TARGET-20-PANDIX-09A.Ave_Beta	TARGET-AML	450K	idat_sample_sheet_TARGET-AML__450k_beta.txt	0.0	-1.811995	8.624482
TARGET-21-PASYEJ-09A	TARGET-21-PASYEJ-09A.Ave_Beta	TARGET-AML	450K	idat_sample_sheet_TARGET-AML__450k_beta.txt	0.0	-0.92306566	10.89085
TARGET-20-PAKIWK-04A	TARGET-20-PAKIWK-04A.Ave_Beta	TARGET-AML	450K	idat_sample_sheet_TARGET-AML__450k_beta.txt	0.0	-2.5848827	7.087006
TARGET-20-PARSHM-03A	TARGET-20-PARSHM-03A.Ave_Beta	TARGET-AML	450K	idat_sample_sheet_TARGET-AML__450k_beta.txt	0.0	-1.9645898	9.074924
TARGET-20-PAEDKB-09A	TARGET-20-PAEDKB-09A.Ave_Beta	TARGET-AML	450K	idat_sample_sheet_TARGET-AML__450k_beta.txt	0.0	-2.8176389	8.17218
TARGET-20-PARTAL-04A	TARGET-20-PARTAL-04A.Ave_Beta	TARGET-AML	450K	idat_sample_sheet_TARGET-AML__450k_beta.txt	0.0	-2.2169185	7.8188615
TARGET-20-PAEDKB-10A	TARGET-20-PAEDKB-10A.Ave_Beta	TARGET-AML	450K	idat_sample_sheet_TARGET-AML__450k_beta.txt	0.0	-2.7729478	8.3282175
TARGET-21-PASFHK-09A	TARGET-21-PASFHK-09A.Ave_Beta	TARGET-AML	450K	idat_sample_sheet_TARGET-AML__450k_beta.txt	0.0	-0.6597102	11.254365
TARGET-20-PARNIA-09A	TARGET-20-PARNIA-09A.Ave_Beta	TARGET-AML	450K	idat_sample_sheet_TARGET-AML__450k_beta.txt	0.0	-2.2613788	7.645186
TARGET-20-PAEIKD-14A	TARGET-20-PAEIKD-14A.Ave_Beta	TARGET-AML	450K	idat_sample_sheet_TARGET-AML__450k_beta.txt	0.0	-2.1407862	8.763178
TARGET-20-PASPLU-04A	TARGET-20-PASPLU-04A.Ave_Beta	TARGET-AML	450K	idat_sample_sheet_TARGET-AML__450k_beta.txt	0.0	-0.78727317	11.08791
TARGET-21-PANZLR-09A	TARGET-21-PANZLR-09A.Ave_Beta	TARGET-AML	450K	idat_sample_sheet_TARGET-AML__450k_beta.txt	0.0	-0.89932466	10.947043
TARGET-20-PASHBI-09A	TARGET-20-PASHBI-09A.Ave_Beta	TARGET-AML	450K	idat_sample_sheet_TARGET-AML__450k_beta.txt	0.0	-1.6564023	9.315136
TARGET-20-PATDHA-04A	TARGET-20-PATDHA-04A.Ave_Beta	TARGET-AML	450K	idat_sample_sheet_TARGET-AML__450k_beta.txt	0.0	-1.0389919	9.634856
TARGET-20-PARUWX-09A	TARGET-20-PARUWX-09A.Ave_Beta	TARGET-AML	450K	idat_sample_sheet_TARGET-AML__450k_beta.txt	0.0	-1.8314021	8.600369
TARGET-20-PATIAK-04A	TARGET-20-PATIAK-04A.Ave_Beta	TARGET-AML	450K	idat_sample_sheet_TARGET-AML__450k_beta.txt	0.0	-2.4633746	8.959824
TARGET-20-PASRTP-09A	TARGET-20-PASRTP-09A.Ave_Beta	TARGET-AML	450K	idat_sample_sheet_TARGET-AML__450k_beta.txt	0.0	-0.8839207	11.031637
TARGET-20-PARTAL-09A	TARGET-20-PARTAL-09A.Ave_Beta	TARGET-AML	450K	idat_sample_sheet_TARGET-AML__450k_beta.txt	0.0	-1.9930997	9.246654
TARGET-20-PANCSC-04A	TARGET-20-PANCSC-04A.Ave_Beta	TARGET-AML	450K	idat_sample_sheet_TARGET-AML__450k_beta.txt	0.0	-1.1008377	10.396163
TARGET-20-PASHBI-14A	TARGET-20-PASHBI-14A.Ave_Beta	TARGET-AML	450K	idat_sample_sheet_TARGET-AML__450k_beta.txt	0.0	-2.1108267	8.110481
TARGET-21-PASYWA-09A	TARGET-21-PASYWA-09A.Ave_Beta	TARGET-AML	450K	idat_sample_sheet_TARGET-AML__450k_beta.txt	0.0	-0.74197906	11.330167
TARGET-20-PAEFGR-14A	TARGET-20-PAEFGR-14A.Ave_Beta	TARGET-AML	450K	idat_sample_sheet_TARGET-AML__450k_beta.txt	0.0	-2.2053688	8.095397
TARGET-21-PASFHK-14A	TARGET-21-PASFHK-14A.Ave_Beta	TARGET-AML	450K	idat_sample_sheet_TARGET-AML__450k_beta.txt	0.0	-0.73826987	11.29136
TARGET-20-PANLLX-04A	TARGET-20-PANLLX-04A.Ave_Beta	TARGET-AML	450K	idat_sample_sheet_TARGET-AML__450k_beta.txt	0.0	-2.2067704	8.473064
TARGET-20-PASCRZ-14A	TARGET-20-PASCRZ-14A.Ave_Beta	TARGET-AML	450K	idat_sample_sheet_TARGET-AML__450k_beta.txt	0.0	-2.789599	6.9873214
TARGET-20-PARNIA-14A	TARGET-20-PARNIA-14A.Ave_Beta	TARGET-AML	450K	idat_sample_sheet_TARGET-AML__450k_beta.txt	0.0	-2.5285585	7.2879515
TARGET-21-PATKWH-15A	TARGET-21-PATKWH-15A.Ave_Beta	TARGET-AML	450K	idat_sample_sheet_TARGET-AML__450k_beta.txt	0.0	5.653402	-5.961383
TARGET-20-PANLRE-09A	TARGET-20-PANLRE-09A.Ave_Beta	TARGET-AML	450K	idat_sample_sheet_TARGET-AML__450k_beta.txt	0.0	-1.298772	9.99771
TARGET-20-PASWPD-14A	TARGET-20-PASWPD-14A.Ave_Beta	TARGET-AML	450K	idat_sample_sheet_TARGET-AML__450k_beta.txt	0.0	-1.8137958	8.595389
TARGET-20-PAPBEJ-14A	TARGET-20-PAPBEJ-14A.Ave_Beta	TARGET-AML	450K	idat_sample_sheet_TARGET-AML__450k_beta.txt	0.0	-2.3789651	7.5268826
TARGET-20-PASIEJ-14A	TARGET-20-PASIEJ-14A.Ave_Beta	TARGET-AML	450K	idat_sample_sheet_TARGET-AML__450k_beta.txt	0.0	-0.9638125	9.572776
TARGET-21-PATJMY-15A	TARGET-21-PATJMY-15A.Ave_Beta	TARGET-AML	450K	idat_sample_sheet_TARGET-AML__450k_beta.txt	0.0	5.602573	-5.91242
TARGET-20-PADYIR-04A	TARGET-20-PADYIR-04A.Ave_Beta	TARGET-AML	450K	idat_sample_sheet_TARGET-AML__450k_beta.txt	0.0	-2.2593577	8.009286
TARGET-20-PASBBE-14A	TARGET-20-PASBBE-14A.Ave_Beta	TARGET-AML	450K	idat_sample_sheet_TARGET-AML__450k_beta.txt	0.0	-2.5783231	7.7306943
TARGET-20-PAEFGR-09A	TARGET-20-PAEFGR-09A.Ave_Beta	TARGET-AML	450K	idat_sample_sheet_TARGET-AML__450k_beta.txt	0.0	-2.2036338	9.16186
TARGET-20-PASJIM-04A	TARGET-20-PASJIM-04A.Ave_Beta	TARGET-AML	450K	idat_sample_sheet_TARGET-AML__450k_beta.txt	0.0	-1.0459925	10.533172
TARGET-21-PATKBK-14A	TARGET-21-PATKBK-14A.Ave_Beta	TARGET-AML	450K	idat_sample_sheet_TARGET-AML__450k_beta.txt	0.0	-0.81492	11.280266
TARGET-20-PARUWX-14A	TARGET-20-PARUWX-14A.Ave_Beta	TARGET-AML	450K	idat_sample_sheet_TARGET-AML__450k_beta.txt	0.0	-1.9902709	8.317701
TARGET-21-PARHRS-09A	TARGET-21-PARHRS-09A.Ave_Beta	TARGET-AML	450K	idat_sample_sheet_TARGET-AML__450k_beta.txt	0.0	-0.8645808	11.218462
TARGET-20-PAPXRJ-09A	TARGET-20-PAPXRJ-09A.Ave_Beta	TARGET-AML	450K	idat_sample_sheet_TARGET-AML__450k_beta.txt	0.0	-2.2204363	8.412568
TARGET-20-PAKTCX-14A	TARGET-20-PAKTCX-14A.Ave_Beta	TARGET-AML	450K	idat_sample_sheet_TARGET-AML__450k_beta.txt	0.0	-2.175381	8.144732
TARGET-20-PASTUH-14A	TARGET-20-PASTUH-14A.Ave_Beta	TARGET-AML	450K	idat_sample_sheet_TARGET-AML__450k_beta.txt	0.0	-0.7241255	10.956637
TARGET-20-PARYVW-09A	TARGET-20-PARYVW-09A.Ave_Beta	TARGET-AML	450K	idat_sample_sheet_TARGET-AML__450k_beta.txt	0.0	-2.623965	8.398909
TARGET-20-PASIEJ-09A	TARGET-20-PASIEJ-09A.Ave_Beta	TARGET-AML	450K	idat_sample_sheet_TARGET-AML__450k_beta.txt	0.0	-0.95861983	9.612668
TARGET-21-PASDKZ-14A	TARGET-21-PASDKZ-14A.Ave_Beta	TARGET-AML	450K	idat_sample_sheet_TARGET-AML__450k_beta.txt	0.0	-0.9531654	9.593974
TARGET-21-PASYWA-14A	TARGET-21-PASYWA-14A.Ave_Beta	TARGET-AML	450K	idat_sample_sheet_TARGET-AML__450k_beta.txt	0.0	-0.8087203	11.27689
TARGET-21-PANZLR-14A	TARGET-21-PANZLR-14A.Ave_Beta	TARGET-AML	450K	idat_sample_sheet_TARGET-AML__450k_beta.txt	0.0	-0.96554947	10.280622
TARGET-21-PATISD-15A	TARGET-21-PATISD-15A.Ave_Beta	TARGET-AML	450K	idat_sample_sheet_TARGET-AML__450k_beta.txt	0.0	5.6261067	-5.958225
TARGET-20-PASVVS-04A	TARGET-20-PASVVS-04A.Ave_Beta	TARGET-AML	450K	idat_sample_sheet_TARGET-AML__450k_beta.txt	0.0	-1.0127413	10.455254
TARGET-20-PADZCG-14A	TARGET-20-PADZCG-14A.Ave_Beta	TARGET-AML	450K	idat_sample_sheet_TARGET-AML__450k_beta.txt	0.0	-2.4252539	8.480903
TARGET-20-PARNNT-14A	TARGET-20-PARNNT-14A.Ave_Beta	TARGET-AML	450K	idat_sample_sheet_TARGET-AML__450k_beta.txt	0.0	-2.0645716	8.315054
TARGET-21-PARLSL-14A	TARGET-21-PARLSL-14A.Ave_Beta	TARGET-AML	450K	idat_sample_sheet_TARGET-AML__450k_beta.txt	0.0	-0.9706276	9.5654
TARGET-20-PANDIX-14A	TARGET-20-PANDIX-14A.Ave_Beta	TARGET-AML	450K	idat_sample_sheet_TARGET-AML__450k_beta.txt	0.0	-2.9238214	6.834771
TARGET-20-PANLLX-09A	TARGET-20-PANLLX-09A.Ave_Beta	TARGET-AML	450K	idat_sample_sheet_TARGET-AML__450k_beta.txt	0.0	-2.9112735	8.051828
TARGET-21-PASFLG-09A	TARGET-21-PASFLG-09A.Ave_Beta	TARGET-AML	450K	idat_sample_sheet_TARGET-AML__450k_beta.txt	0.0	-0.7686831	11.168415
TARGET-20-PASPLU-14A	TARGET-20-PASPLU-14A.Ave_Beta	TARGET-AML	450K	idat_sample_sheet_TARGET-AML__450k_beta.txt	0.0	-0.8052364	10.77276
TARGET-20-PAEDKB-04A	TARGET-20-PAEDKB-04A.Ave_Beta	TARGET-AML	450K	idat_sample_sheet_TARGET-AML__450k_beta.txt	0.0	-2.8796556	8.098414
TARGET-20-PARPPY-14A	TARGET-20-PARPPY-14A.Ave_Beta	TARGET-AML	450K	idat_sample_sheet_TARGET-AML__450k_beta.txt	0.0	-3.0132904	8.018839
TARGET-20-PATDHA-09A	TARGET-20-PATDHA-09A.Ave_Beta	TARGET-AML	450K	idat_sample_sheet_TARGET-AML__450k_beta.txt	0.0	-0.98296773	10.945086
TARGET-20-PASWPD-04A	TARGET-20-PASWPD-04A.Ave_Beta	TARGET-AML	450K	idat_sample_sheet_TARGET-AML__450k_beta.txt	0.0	-1.7542399	8.680118
TARGET-20-PAMYAS-14A	TARGET-20-PAMYAS-14A.Ave_Beta	TARGET-AML	450K	idat_sample_sheet_TARGET-AML__450k_beta.txt	0.0	-0.98877114	9.749882
TARGET-21-PATJMY-14A	TARGET-21-PATJMY-14A.Ave_Beta	TARGET-AML	450K	idat_sample_sheet_TARGET-AML__450k_beta.txt	0.0	-0.97185254	8.489669
TARGET-20-PARBIU-04A	TARGET-20-PARBIU-04A.Ave_Beta	TARGET-AML	450K	idat_sample_sheet_TARGET-AML__450k_beta.txt	0.0	-1.3186907	10.370582
TARGET-20-PAEFGT-04A	TARGET-20-PAEFGT-04A.Ave_Beta	TARGET-AML	450K	idat_sample_sheet_TARGET-AML__450k_beta.txt	0.0	-1.823938	8.696855
TARGET-20-PASVVS-14A	TARGET-20-PASVVS-14A.Ave_Beta	TARGET-AML	450K	idat_sample_sheet_TARGET-AML__450k_beta.txt	0.0	-2.0745704	8.528727
TARGET-21-PARLSL-15A	TARGET-21-PARLSL-15A.Ave_Beta	TARGET-AML	450K	idat_sample_sheet_TARGET-AML__450k_beta.txt	0.0	5.7356224	-5.8606668
TARGET-20-PASIEJ-04A	TARGET-20-PASIEJ-04A.Ave_Beta	TARGET-AML	450K	idat_sample_sheet_TARGET-AML__450k_beta.txt	0.0	-0.9452732	9.57715
TARGET-21-PASIGA-15A	TARGET-21-PASIGA-15A.Ave_Beta	TARGET-AML	450K	idat_sample_sheet_TARGET-AML__450k_beta.txt	0.0	5.6942616	-5.8923664
TARGET-20-PAEERJ-04A	TARGET-20-PAEERJ-04A.Ave_Beta	TARGET-AML	450K	idat_sample_sheet_TARGET-AML__450k_beta.txt	0.0	-2.603379	8.266459
TARGET-20-PANTNA-04A	TARGET-20-PANTNA-04A.Ave_Beta	TARGET-AML	450K	idat_sample_sheet_TARGET-AML__450k_beta.txt	0.0	-0.68565875	10.902622
TARGET-21-PASHMK-09A	TARGET-21-PASHMK-09A.Ave_Beta	TARGET-AML	450K	idat_sample_sheet_TARGET-AML__450k_beta.txt	0.0	-0.9392102	10.044526
TARGET-21-PATKBK-15A	TARGET-21-PATKBK-15A.Ave_Beta	TARGET-AML	450K	idat_sample_sheet_TARGET-AML__450k_beta.txt	0.0	5.6268673	-5.9841404
TARGET-20-PAPXWI-04A	TARGET-20-PAPXWI-04A.Ave_Beta	TARGET-AML	450K	idat_sample_sheet_TARGET-AML__450k_beta.txt	0.0	-1.2007753	10.353871
TARGET-21-PASDXR-09A	TARGET-21-PASDXR-09A.Ave_Beta	TARGET-AML	450K	idat_sample_sheet_TARGET-AML__450k_beta.txt	0.0	-0.7702052	11.038768
TARGET-21-PARHRS-15A	TARGET-21-PARHRS-15A.Ave_Beta	TARGET-AML	450K	idat_sample_sheet_TARGET-AML__450k_beta.txt	0.0	5.593876	-5.9001174
TARGET-20-PASJTM-14A	TARGET-20-PASJTM-14A.Ave_Beta	TARGET-AML	450K	idat_sample_sheet_TARGET-AML__450k_beta.txt	0.0	-2.4362388	7.37676
TARGET-20-PARVUA-03A	TARGET-20-PARVUA-03A.Ave_Beta	TARGET-AML	450K	idat_sample_sheet_TARGET-AML__450k_beta.txt	0.0	-0.7792297	10.980634
TARGET-20-PARWXU-14A	TARGET-20-PARWXU-14A.Ave_Beta	TARGET-AML	450K	idat_sample_sheet_TARGET-AML__450k_beta.txt	0.0	-1.0692174	10.117083
TARGET-20-PANCSC-14A	TARGET-20-PANCSC-14A.Ave_Beta	TARGET-AML	450K	idat_sample_sheet_TARGET-AML__450k_beta.txt	0.0	-0.9416571	10.618468
TARGET-20-PARXMP-09A	TARGET-20-PARXMP-09A.Ave_Beta	TARGET-AML	450K	idat_sample_sheet_TARGET-AML__450k_beta.txt	0.0	-2.3525343	7.469924
TARGET-20-PARFIW-03A	TARGET-20-PARFIW-03A.Ave_Beta	TARGET-AML	450K	idat_sample_sheet_TARGET-AML__450k_beta.txt	0.0	-2.1312535	8.65344
TARGET-20-PABLDZ-14A	TARGET-20-PABLDZ-14A.Ave_Beta	TARGET-AML	450K	idat_sample_sheet_TARGET-AML__450k_beta.txt	0.0	65.642494	34.956543
TARGET-20-PARXMP-14A	TARGET-20-PARXMP-14A.Ave_Beta	TARGET-AML	450K	idat_sample_sheet_TARGET-AML__450k_beta.txt	0.0	-2.879254	6.924861
TARGET-20-PANGTF-09A	TARGET-20-PANGTF-09A.Ave_Beta	TARGET-AML	450K	idat_sample_sheet_TARGET-AML__450k_beta.txt	0.0	-2.9033885	8.152957
TARGET-20-PADYIR-03A	TARGET-20-PADYIR-03A.Ave_Beta	TARGET-AML	450K	idat_sample_sheet_TARGET-AML__450k_beta.txt	0.0	-2.1343436	8.616316
TARGET-20-PASGMZ-09A	TARGET-20-PASGMZ-09A.Ave_Beta	TARGET-AML	450K	idat_sample_sheet_TARGET-AML__450k_beta.txt	0.0	-0.99224263	11.179369
TARGET-20-PASWLN-09A	TARGET-20-PASWLN-09A.Ave_Beta	TARGET-AML	450K	idat_sample_sheet_TARGET-AML__450k_beta.txt	0.0	-0.7451774	11.101426
TARGET-21-PARXYR-15A	TARGET-21-PARXYR-15A.Ave_Beta	TARGET-AML	450K	idat_sample_sheet_TARGET-AML__450k_beta.txt	0.0	5.623132	-5.9339666
TARGET-21-PARNAW-14A	TARGET-21-PARNAW-14A.Ave_Beta	TARGET-AML	450K	idat_sample_sheet_TARGET-AML__450k_beta.txt	0.0	-1.0440515	9.835037
TARGET-20-PANCSC-09A	TARGET-20-PANCSC-09A.Ave_Beta	TARGET-AML	450K	idat_sample_sheet_TARGET-AML__450k_beta.txt	0.0	-1.1068671	10.694091
TARGET-20-PANSJB-09A	TARGET-20-PANSJB-09A.Ave_Beta	TARGET-AML	450K	idat_sample_sheet_TARGET-AML__450k_beta.txt	0.0	-1.7238116	8.792309
TARGET-20-PASCGR-10A.Detection.Pval	TARGET-20-PASCGR-10A.Detection.Pval	TARGET-AML	450K	idat_sample_sheet_TARGET-AML__450k_beta.txt	0.0	65.65817	33.209103
TARGET-20-PASJGZ-04A.Detection.Pval	TARGET-20-PASJGZ-04A.Detection.Pval	TARGET-AML	450K	idat_sample_sheet_TARGET-AML__450k_beta.txt	0.0	66.57556	37.791035
TARGET-20-PADZCG-09A.Detection.Pval	TARGET-20-PADZCG-09A.Detection.Pval	TARGET-AML	450K	idat_sample_sheet_TARGET-AML__450k_beta.txt	0.0	66.87012	31.23274
TARGET-21-PARNAW-15A.Detection.Pval	TARGET-21-PARNAW-15A.Detection.Pval	TARGET-AML	450K	idat_sample_sheet_TARGET-AML__450k_beta.txt	0.0	65.05267	32.49179
TARGET-20-PARNZW-14A.Detection.Pval	TARGET-20-PARNZW-14A.Detection.Pval	TARGET-AML	450K	idat_sample_sheet_TARGET-AML__450k_beta.txt	0.0	64.91987	32.294044
TARGET-20-PARFIW-14A.Detection.Pval	TARGET-20-PARFIW-14A.Detection.Pval	TARGET-AML	450K	idat_sample_sheet_TARGET-AML__450k_beta.txt	0.0	25.937956	10.917822
TARGET-20-PANLLX-14A.Detection.Pval	TARGET-20-PANLLX-14A.Detection.Pval	TARGET-AML	450K	idat_sample_sheet_TARGET-AML__450k_beta.txt	0.0	64.00663	30.265215
TARGET-20-PABLDZ-09A.Detection.Pval	TARGET-20-PABLDZ-09A.Detection.Pval	TARGET-AML	450K	idat_sample_sheet_TARGET-AML__450k_beta.txt	0.0	64.58957	29.765554
TARGET-20-PARDMG-10A.Detection.Pval	TARGET-20-PARDMG-10A.Detection.Pval	TARGET-AML	450K	idat_sample_sheet_TARGET-AML__450k_beta.txt	0.0	66.90409	39.60446
TARGET-20-PANTWV-04A.Detection.Pval	TARGET-20-PANTWV-04A.Detection.Pval	TARGET-AML	450K	idat_sample_sheet_TARGET-AML__450k_beta.txt	0.0	64.332855	30.013426
TARGET-21-PARZIA-14A.Detection.Pval	TARGET-21-PARZIA-14A.Detection.Pval	TARGET-AML	450K	idat_sample_sheet_TARGET-AML__450k_beta.txt	0.0	67.03528	31.178173
TARGET-20-PAKERZ-14A.Detection.Pval	TARGET-20-PAKERZ-14A.Detection.Pval	TARGET-AML	450K	idat_sample_sheet_TARGET-AML__450k_beta.txt	0.0	61.644814	27.403847
TARGET-20-PASIEP-09A.Detection.Pval	TARGET-20-PASIEP-09A.Detection.Pval	TARGET-AML	450K	idat_sample_sheet_TARGET-AML__450k_beta.txt	0.0	66.54249	37.51022
TARGET-21-PATKKJ-15A.Detection.Pval	TARGET-21-PATKKJ-15A.Detection.Pval	TARGET-AML	450K	idat_sample_sheet_TARGET-AML__450k_beta.txt	0.0	65.72065	35.62488
TARGET-20-PASCFW-14A.Detection.Pval	TARGET-20-PASCFW-14A.Detection.Pval	TARGET-AML	450K	idat_sample_sheet_TARGET-AML__450k_beta.txt	0.0	63.918404	31.772192
TARGET-20-PARIMT-14A.Detection.Pval	TARGET-20-PARIMT-14A.Detection.Pval	TARGET-AML	450K	idat_sample_sheet_TARGET-AML__450k_beta.txt	0.0	65.81041	34.918343
TARGET-20-PANLIR-09A.Detection.Pval	TARGET-20-PANLIR-09A.Detection.Pval	TARGET-AML	450K	idat_sample_sheet_TARGET-AML__450k_beta.txt	0.0	65.811264	32.55644
TARGET-20-PARBTC-14A.Detection.Pval	TARGET-20-PARBTC-14A.Detection.Pval	TARGET-AML	450K	idat_sample_sheet_TARGET-AML__450k_beta.txt	0.0	67.2136	39.589825
TARGET-21-PARLSL-09A.Detection.Pval	TARGET-21-PARLSL-09A.Detection.Pval	TARGET-AML	450K	idat_sample_sheet_TARGET-AML__450k_beta.txt	0.0	67.06855	39.8706
TARGET-20-PANLIR-14A.Detection.Pval	TARGET-20-PANLIR-14A.Detection.Pval	TARGET-AML	450K	idat_sample_sheet_TARGET-AML__450k_beta.txt	0.0	64.56393	29.78194
TARGET-21-PASYEJ-14A.Detection.Pval	TARGET-21-PASYEJ-14A.Detection.Pval	TARGET-AML	450K	idat_sample_sheet_TARGET-AML__450k_beta.txt	0.0	25.409708	11.980969
TARGET-21-PASIGA-14A.Detection.Pval	TARGET-21-PASIGA-14A.Detection.Pval	TARGET-AML	450K	idat_sample_sheet_TARGET-AML__450k_beta.txt	0.0	64.22474	31.6516
TARGET-21-PASTZK-14A.Detection.Pval	TARGET-21-PASTZK-14A.Detection.Pval	TARGET-AML	450K	idat_sample_sheet_TARGET-AML__450k_beta.txt	0.0	62.02293	27.098112
TARGET-20-PASCFW-09A.Detection.Pval	TARGET-20-PASCFW-09A.Detection.Pval	TARGET-AML	450K	idat_sample_sheet_TARGET-AML__450k_beta.txt	0.0	63.893982	31.781134
TARGET-20-PAKSMZ-03A.Detection.Pval	TARGET-20-PAKSMZ-03A.Detection.Pval	TARGET-AML	450K	idat_sample_sheet_TARGET-AML__450k_beta.txt	0.0	66.69114	36.19145
TARGET-21-PATKKJ-14A.Detection.Pval	TARGET-21-PATKKJ-14A.Detection.Pval	TARGET-AML	450K	idat_sample_sheet_TARGET-AML__450k_beta.txt	0.0	65.67438	35.59485
TARGET-20-PARSHM-14A.Detection.Pval	TARGET-20-PARSHM-14A.Detection.Pval	TARGET-AML	450K	idat_sample_sheet_TARGET-AML__450k_beta.txt	0.0	67.17755	39.594563
TARGET-21-PAMYMA-14A.Detection.Pval	TARGET-21-PAMYMA-14A.Detection.Pval	TARGET-AML	450K	idat_sample_sheet_TARGET-AML__450k_beta.txt	0.0	66.9451	39.883892
TARGET-20-PANLXM-14A.Detection.Pval	TARGET-20-PANLXM-14A.Detection.Pval	TARGET-AML	450K	idat_sample_sheet_TARGET-AML__450k_beta.txt	0.0	65.62243	32.525833
TARGET-20-PANDER-09A.Detection.Pval	TARGET-20-PANDER-09A.Detection.Pval	TARGET-AML	450K	idat_sample_sheet_TARGET-AML__450k_beta.txt	0.0	67.35457	36.415833
TARGET-20-PASJGZ-03A.Detection.Pval	TARGET-20-PASJGZ-03A.Detection.Pval	TARGET-AML	450K	idat_sample_sheet_TARGET-AML__450k_beta.txt	0.0	25.441154	11.928161
TARGET-20-PATKJB-09A.Detection.Pval	TARGET-20-PATKJB-09A.Detection.Pval	TARGET-AML	450K	idat_sample_sheet_TARGET-AML__450k_beta.txt	0.0	67.08432	39.645847
TARGET-20-PANYNR-04A.Detection.Pval	TARGET-20-PANYNR-04A.Detection.Pval	TARGET-AML	450K	idat_sample_sheet_TARGET-AML__450k_beta.txt	0.0	66.01071	33.157413
TARGET-20-PARUDL-03A.Detection.Pval	TARGET-20-PARUDL-03A.Detection.Pval	TARGET-AML	450K	idat_sample_sheet_TARGET-AML__450k_beta.txt	0.0	66.76547	37.9142
TARGET-21-PASDKZ-15A.Detection.Pval	TARGET-21-PASDKZ-15A.Detection.Pval	TARGET-AML	450K	idat_sample_sheet_TARGET-AML__450k_beta.txt	0.0	61.492027	26.750732
TARGET-20-PATIAK-09A.Detection.Pval	TARGET-20-PATIAK-09A.Detection.Pval	TARGET-AML	450K	idat_sample_sheet_TARGET-AML__450k_beta.txt	0.0	66.9693	39.689793
TARGET-20-PAECCE-04A.Detection.Pval	TARGET-20-PAECCE-04A.Detection.Pval	TARGET-AML	450K	idat_sample_sheet_TARGET-AML__450k_beta.txt	0.0	67.04429	39.554066
TARGET-20-PATJHJ-14A.Detection.Pval	TARGET-20-PATJHJ-14A.Detection.Pval	TARGET-AML	450K	idat_sample_sheet_TARGET-AML__450k_beta.txt	0.0	67.15018	36.65274
TARGET-20-PAKSMZ-10A.Detection.Pval	TARGET-20-PAKSMZ-10A.Detection.Pval	TARGET-AML	450K	idat_sample_sheet_TARGET-AML__450k_beta.txt	0.0	67.08835	39.825714
TARGET-20-PASGMZ-14A.Detection.Pval	TARGET-20-PASGMZ-14A.Detection.Pval	TARGET-AML	450K	idat_sample_sheet_TARGET-AML__450k_beta.txt	0.0	66.98398	39.49183
TARGET-20-PATIAK-14A.Detection.Pval	TARGET-20-PATIAK-14A.Detection.Pval	TARGET-AML	450K	idat_sample_sheet_TARGET-AML__450k_beta.txt	0.0	67.16298	39.39807
TARGET-21-PANZLR-15A.Detection.Pval	TARGET-21-PANZLR-15A.Detection.Pval	TARGET-AML	450K	idat_sample_sheet_TARGET-AML__450k_beta.txt	0.0	67.06641	31.129314
TARGET-20-PANNHB-04A.Detection.Pval	TARGET-20-PANNHB-04A.Detection.Pval	TARGET-AML	450K	idat_sample_sheet_TARGET-AML__450k_beta.txt	0.0	63.982544	30.200102
TARGET-21-PASHMK-14A.Detection.Pval	TARGET-21-PASHMK-14A.Detection.Pval	TARGET-AML	450K	idat_sample_sheet_TARGET-AML__450k_beta.txt	0.0	66.25363	38.238285
TARGET-21-PATKKJ-09A.Detection.Pval	TARGET-21-PATKKJ-09A.Detection.Pval	TARGET-AML	450K	idat_sample_sheet_TARGET-AML__450k_beta.txt	0.0	65.71026	35.7401
TARGET-20-PALGKX-04A.Detection.Pval	TARGET-20-PALGKX-04A.Detection.Pval	TARGET-AML	450K	idat_sample_sheet_TARGET-AML__450k_beta.txt	0.0	61.371998	27.04489
TARGET-20-PARSAN-14A.Detection.Pval	TARGET-20-PARSAN-14A.Detection.Pval	TARGET-AML	450K	idat_sample_sheet_TARGET-AML__450k_beta.txt	0.0	66.99563	31.21961
TARGET-20-PABLDZ-04A.Detection.Pval	TARGET-20-PABLDZ-04A.Detection.Pval	TARGET-AML	450K	idat_sample_sheet_TARGET-AML__450k_beta.txt	0.0	66.4838	39.01425
TARGET-20-PAKIWK-09A.Detection.Pval	TARGET-20-PAKIWK-09A.Detection.Pval	TARGET-AML	450K	idat_sample_sheet_TARGET-AML__450k_beta.txt	0.0	67.16337	39.68311
TARGET-21-PASDXR-14A.Detection.Pval	TARGET-21-PASDXR-14A.Detection.Pval	TARGET-AML	450K	idat_sample_sheet_TARGET-AML__450k_beta.txt	0.0	25.430262	11.958257
TARGET-20-PARUBT-09A.Detection.Pval	TARGET-20-PARUBT-09A.Detection.Pval	TARGET-AML	450K	idat_sample_sheet_TARGET-AML__450k_beta.txt	0.0	65.052704	32.490063
TARGET-20-PARBIU-09A.Detection.Pval	TARGET-20-PARBIU-09A.Detection.Pval	TARGET-AML	450K	idat_sample_sheet_TARGET-AML__450k_beta.txt	0.0	64.39238	30.908411
TARGET-20-PASCGR-04A.Detection.Pval	TARGET-20-PASCGR-04A.Detection.Pval	TARGET-AML	450K	idat_sample_sheet_TARGET-AML__450k_beta.txt	0.0	65.78227	35.718838
TARGET-20-PATKJB-14A.Detection.Pval	TARGET-20-PATKJB-14A.Detection.Pval	TARGET-AML	450K	idat_sample_sheet_TARGET-AML__450k_beta.txt	0.0	67.19141	39.477375
TARGET-20-PARFXF-09A.Detection.Pval	TARGET-20-PARFXF-09A.Detection.Pval	TARGET-AML	450K	idat_sample_sheet_TARGET-AML__450k_beta.txt	0.0	25.484179	11.876956
TARGET-21-PAMYMA-09A.Detection.Pval	TARGET-21-PAMYMA-09A.Detection.Pval	TARGET-AML	450K	idat_sample_sheet_TARGET-AML__450k_beta.txt	0.0	67.06243	39.476505
TARGET-21-PANVPB-09A.Detection.Pval	TARGET-21-PANVPB-09A.Detection.Pval	TARGET-AML	450K	idat_sample_sheet_TARGET-AML__450k_beta.txt	0.0	66.98736	37.917732
TARGET-20-PASHHH-09A.Detection.Pval	TARGET-20-PASHHH-09A.Detection.Pval	TARGET-AML	450K	idat_sample_sheet_TARGET-AML__450k_beta.txt	0.0	67.13575	39.65018
TARGET-20-PARNZW-09A.Detection.Pval	TARGET-20-PARNZW-09A.Detection.Pval	TARGET-AML	450K	idat_sample_sheet_TARGET-AML__450k_beta.txt	0.0	63.87755	31.798223
TARGET-20-PARFXF-14A.Detection.Pval	TARGET-20-PARFXF-14A.Detection.Pval	TARGET-AML	450K	idat_sample_sheet_TARGET-AML__450k_beta.txt	0.0	25.999474	10.852119
TARGET-20-PAPBEJ-09A.Detection.Pval	TARGET-20-PAPBEJ-09A.Detection.Pval	TARGET-AML	450K	idat_sample_sheet_TARGET-AML__450k_beta.txt	0.0	67.011154	37.846848
TARGET-20-PAPVZK-40A.Detection.Pval	TARGET-20-PAPVZK-40A.Detection.Pval	TARGET-AML	450K	idat_sample_sheet_TARGET-AML__450k_beta.txt	0.0	67.03879	39.5296
TARGET-20-PAPXRJ-14A.Detection.Pval	TARGET-20-PAPXRJ-14A.Detection.Pval	TARGET-AML	450K	idat_sample_sheet_TARGET-AML__450k_beta.txt	0.0	67.28524	38.82427
TARGET-21-PATISD-14A.Detection.Pval	TARGET-21-PATISD-14A.Detection.Pval	TARGET-AML	450K	idat_sample_sheet_TARGET-AML__450k_beta.txt	0.0	25.63446	11.700678
TARGET-20-PARCEC-14A.Detection.Pval	TARGET-20-PARCEC-14A.Detection.Pval	TARGET-AML	450K	idat_sample_sheet_TARGET-AML__450k_beta.txt	0.0	18.730453	16.652248
TARGET-20-PAKERZ-04A.Detection.Pval	TARGET-20-PAKERZ-04A.Detection.Pval	TARGET-AML	450K	idat_sample_sheet_TARGET-AML__450k_beta.txt	0.0	61.159348	26.493473
TARGET-21-PASTZK-09A.Detection.Pval	TARGET-21-PASTZK-09A.Detection.Pval	TARGET-AML	450K	idat_sample_sheet_TARGET-AML__450k_beta.txt	0.0	61.968224	27.067451
TARGET-20-PAEIKD-04A.Detection.Pval	TARGET-20-PAEIKD-04A.Detection.Pval	TARGET-AML	450K	idat_sample_sheet_TARGET-AML__450k_beta.txt	0.0	67.18128	38.084446
TARGET-21-PASIGA-09A.Detection.Pval	TARGET-21-PASIGA-09A.Detection.Pval	TARGET-AML	450K	idat_sample_sheet_TARGET-AML__450k_beta.txt	0.0	63.888496	31.751501
TARGET-21-PATKBK-03A.Detection.Pval	TARGET-21-PATKBK-03A.Detection.Pval	TARGET-AML	450K	idat_sample_sheet_TARGET-AML__450k_beta.txt	0.0	66.98378	39.916725
TARGET-20-PASJTM-09A.Detection.Pval	TARGET-20-PASJTM-09A.Detection.Pval	TARGET-AML	450K	idat_sample_sheet_TARGET-AML__450k_beta.txt	0.0	25.64272	11.620222
TARGET-20-PARUBT-40A.Detection.Pval	TARGET-20-PARUBT-40A.Detection.Pval	TARGET-AML	450K	idat_sample_sheet_TARGET-AML__450k_beta.txt	0.0	65.37285	36.13242
TARGET-20-PASCGR-03A.Detection.Pval	TARGET-20-PASCGR-03A.Detection.Pval	TARGET-AML	450K	idat_sample_sheet_TARGET-AML__450k_beta.txt	0.0	65.69748	35.66542
TARGET-20-PARUCB-14A.Detection.Pval	TARGET-20-PARUCB-14A.Detection.Pval	TARGET-AML	450K	idat_sample_sheet_TARGET-AML__450k_beta.txt	0.0	18.32105	17.041489
TARGET-20-PASPLU-09A.Detection.Pval	TARGET-20-PASPLU-09A.Detection.Pval	TARGET-AML	450K	idat_sample_sheet_TARGET-AML__450k_beta.txt	0.0	66.97019	32.978073
TARGET-20-PANLRE-14A.Detection.Pval	TARGET-20-PANLRE-14A.Detection.Pval	TARGET-AML	450K	idat_sample_sheet_TARGET-AML__450k_beta.txt	0.0	66.985954	32.918148
TARGET-20-PASTTW-09A.Detection.Pval	TARGET-20-PASTTW-09A.Detection.Pval	TARGET-AML	450K	idat_sample_sheet_TARGET-AML__450k_beta.txt	0.0	63.879204	31.7664
TARGET-20-PARPDS-14A.Detection.Pval	TARGET-20-PARPDS-14A.Detection.Pval	TARGET-AML	450K	idat_sample_sheet_TARGET-AML__450k_beta.txt	0.0	67.28648	36.963173
TARGET-20-PASMHY-03A.Detection.Pval	TARGET-20-PASMHY-03A.Detection.Pval	TARGET-AML	450K	idat_sample_sheet_TARGET-AML__450k_beta.txt	0.0	66.96566	39.926384
TARGET-20-PAKVGI-14A.Detection.Pval	TARGET-20-PAKVGI-14A.Detection.Pval	TARGET-AML	450K	idat_sample_sheet_TARGET-AML__450k_beta.txt	0.0	67.25357	39.551384
TARGET-20-PASZLJ-09A.Detection.Pval	TARGET-20-PASZLJ-09A.Detection.Pval	TARGET-AML	450K	idat_sample_sheet_TARGET-AML__450k_beta.txt	0.0	67.2489	39.537907
TARGET-20-PANDIX-04A.Detection.Pval	TARGET-20-PANDIX-04A.Detection.Pval	TARGET-AML	450K	idat_sample_sheet_TARGET-AML__450k_beta.txt	0.0	67.751175	39.46719
TARGET-20-PAEERJ-03A.Detection.Pval	TARGET-20-PAEERJ-03A.Detection.Pval	TARGET-AML	450K	idat_sample_sheet_TARGET-AML__450k_beta.txt	0.0	65.957405	32.543552
TARGET-21-PATKWH-09A.Detection.Pval	TARGET-21-PATKWH-09A.Detection.Pval	TARGET-AML	450K	idat_sample_sheet_TARGET-AML__450k_beta.txt	0.0	67.19251	39.883728
TARGET-21-PASDXR-15A.Detection.Pval	TARGET-21-PASDXR-15A.Detection.Pval	TARGET-AML	450K	idat_sample_sheet_TARGET-AML__450k_beta.txt	0.0	25.737606	11.874225
TARGET-20-PARASV-04A.Detection.Pval	TARGET-20-PARASV-04A.Detection.Pval	TARGET-AML	450K	idat_sample_sheet_TARGET-AML__450k_beta.txt	0.0	25.432106	11.929816
TARGET-20-PAKVGI-09A.Detection.Pval	TARGET-20-PAKVGI-09A.Detection.Pval	TARGET-AML	450K	idat_sample_sheet_TARGET-AML__450k_beta.txt	0.0	18.357878	17.00512
TARGET-20-PASMHY-10A.Detection.Pval	TARGET-20-PASMHY-10A.Detection.Pval	TARGET-AML	450K	idat_sample_sheet_TARGET-AML__450k_beta.txt	0.0	67.05006	39.959633
TARGET-20-PAKERZ-09A.Detection.Pval	TARGET-20-PAKERZ-09A.Detection.Pval	TARGET-AML	450K	idat_sample_sheet_TARGET-AML__450k_beta.txt	0.0	61.451973	27.147459
TARGET-20-PARCCH-03A.Detection.Pval	TARGET-20-PARCCH-03A.Detection.Pval	TARGET-AML	450K	idat_sample_sheet_TARGET-AML__450k_beta.txt	0.0	65.95365	33.03018
TARGET-20-PASJIM-14A.Detection.Pval	TARGET-20-PASJIM-14A.Detection.Pval	TARGET-AML	450K	idat_sample_sheet_TARGET-AML__450k_beta.txt	0.0	66.95439	39.985718
TARGET-20-PADYIR-14A.Detection.Pval	TARGET-20-PADYIR-14A.Detection.Pval	TARGET-AML	450K	idat_sample_sheet_TARGET-AML__450k_beta.txt	0.0	18.756502	16.626287
TARGET-21-PAMXZY-09A.Detection.Pval	TARGET-21-PAMXZY-09A.Detection.Pval	TARGET-AML	450K	idat_sample_sheet_TARGET-AML__450k_beta.txt	0.0	66.21974	36.558163
TARGET-21-PARZIA-09A.Detection.Pval	TARGET-21-PARZIA-09A.Detection.Pval	TARGET-AML	450K	idat_sample_sheet_TARGET-AML__450k_beta.txt	0.0	66.94768	31.262352
TARGET-20-PASTTW-14A.Detection.Pval	TARGET-20-PASTTW-14A.Detection.Pval	TARGET-AML	450K	idat_sample_sheet_TARGET-AML__450k_beta.txt	0.0	63.931286	31.911715
TARGET-20-PASVVS-09A.Detection.Pval	TARGET-20-PASVVS-09A.Detection.Pval	TARGET-AML	450K	idat_sample_sheet_TARGET-AML__450k_beta.txt	0.0	67.04431	39.85752
TARGET-20-PAEFGT-03A.Detection.Pval	TARGET-20-PAEFGT-03A.Detection.Pval	TARGET-AML	450K	idat_sample_sheet_TARGET-AML__450k_beta.txt	0.0	64.232895	30.155102
TARGET-21-PASVJS-14A.Detection.Pval	TARGET-21-PASVJS-14A.Detection.Pval	TARGET-AML	450K	idat_sample_sheet_TARGET-AML__450k_beta.txt	0.0	66.85209	38.412014
TARGET-20-PARUCB-04A.Detection.Pval	TARGET-20-PARUCB-04A.Detection.Pval	TARGET-AML	450K	idat_sample_sheet_TARGET-AML__450k_beta.txt	0.0	65.90052	32.91358
TARGET-20-PARVAI-14A.Detection.Pval	TARGET-20-PARVAI-14A.Detection.Pval	TARGET-AML	450K	idat_sample_sheet_TARGET-AML__450k_beta.txt	0.0	65.778496	34.90134
TARGET-20-PARPDS-04A.Detection.Pval	TARGET-20-PARPDS-04A.Detection.Pval	TARGET-AML	450K	idat_sample_sheet_TARGET-AML__450k_beta.txt	0.0	67.24561	37.15021
TARGET-20-PASJIM-09A.Detection.Pval	TARGET-20-PASJIM-09A.Detection.Pval	TARGET-AML	450K	idat_sample_sheet_TARGET-AML__450k_beta.txt	0.0	64.59192	29.750841
TARGET-20-PAKTCX-04A.Detection.Pval	TARGET-20-PAKTCX-04A.Detection.Pval	TARGET-AML	450K	idat_sample_sheet_TARGET-AML__450k_beta.txt	0.0	64.06898	30.23377
TARGET-20-PAEFGT-14A.Detection.Pval	TARGET-20-PAEFGT-14A.Detection.Pval	TARGET-AML	450K	idat_sample_sheet_TARGET-AML__450k_beta.txt	0.0	65.88693	32.544888
TARGET-20-PARWXU-04A.Detection.Pval	TARGET-20-PARWXU-04A.Detection.Pval	TARGET-AML	450K	idat_sample_sheet_TARGET-AML__450k_beta.txt	0.0	67.449684	39.65191
TARGET-20-PASRTP-14A.Detection.Pval	TARGET-20-PASRTP-14A.Detection.Pval	TARGET-AML	450K	idat_sample_sheet_TARGET-AML__450k_beta.txt	0.0	18.567522	16.807564
TARGET-21-PATKWH-14A.Detection.Pval	TARGET-21-PATKWH-14A.Detection.Pval	TARGET-AML	450K	idat_sample_sheet_TARGET-AML__450k_beta.txt	0.0	67.46747	39.447845
TARGET-20-PANTWV-14A.Detection.Pval	TARGET-20-PANTWV-14A.Detection.Pval	TARGET-AML	450K	idat_sample_sheet_TARGET-AML__450k_beta.txt	0.0	61.11289	26.536516
TARGET-20-PASLSD-14A.Detection.Pval	TARGET-20-PASLSD-14A.Detection.Pval	TARGET-AML	450K	idat_sample_sheet_TARGET-AML__450k_beta.txt	0.0	65.8858	37.340885
TARGET-20-PAPBEJ-04A.Detection.Pval	TARGET-20-PAPBEJ-04A.Detection.Pval	TARGET-AML	450K	idat_sample_sheet_TARGET-AML__450k_beta.txt	0.0	66.98008	37.90089
TARGET-20-PARTAL-14A.Detection.Pval	TARGET-20-PARTAL-14A.Detection.Pval	TARGET-AML	450K	idat_sample_sheet_TARGET-AML__450k_beta.txt	0.0	66.88581	40.316288
TARGET-20-PASLSD-04A.Detection.Pval	TARGET-20-PASLSD-04A.Detection.Pval	TARGET-AML	450K	idat_sample_sheet_TARGET-AML__450k_beta.txt	0.0	66.61221	37.411896
TARGET-21-PASNKZ-09A.Detection.Pval	TARGET-21-PASNKZ-09A.Detection.Pval	TARGET-AML	450K	idat_sample_sheet_TARGET-AML__450k_beta.txt	0.0	25.84052	11.043871
TARGET-20-PANLIR-04A.Detection.Pval	TARGET-20-PANLIR-04A.Detection.Pval	TARGET-AML	450K	idat_sample_sheet_TARGET-AML__450k_beta.txt	0.0	67.49372	37.70906
TARGET-20-PASWLN-04A.Detection.Pval	TARGET-20-PASWLN-04A.Detection.Pval	TARGET-AML	450K	idat_sample_sheet_TARGET-AML__450k_beta.txt	0.0	61.172146	26.497763
TARGET-20-PATJHJ-09A.Detection.Pval	TARGET-20-PATJHJ-09A.Detection.Pval	TARGET-AML	450K	idat_sample_sheet_TARGET-AML__450k_beta.txt	0.0	67.27287	36.64466
TARGET-20-PARUDL-14A.Detection.Pval	TARGET-20-PARUDL-14A.Detection.Pval	TARGET-AML	450K	idat_sample_sheet_TARGET-AML__450k_beta.txt	0.0	65.044945	27.7204
TARGET-20-PAPXRJ-04A.Detection.Pval	TARGET-20-PAPXRJ-04A.Detection.Pval	TARGET-AML	450K	idat_sample_sheet_TARGET-AML__450k_beta.txt	0.0	64.218094	30.491714
TARGET-21-PARBTV-09A.Detection.Pval	TARGET-21-PARBTV-09A.Detection.Pval	TARGET-AML	450K	idat_sample_sheet_TARGET-AML__450k_beta.txt	0.0	66.573326	37.634262
TARGET-20-PARBIU-14A.Detection.Pval	TARGET-20-PARBIU-14A.Detection.Pval	TARGET-AML	450K	idat_sample_sheet_TARGET-AML__450k_beta.txt	0.0	64.745186	31.721794
TARGET-20-PARSAN-09A.Detection.Pval	TARGET-20-PARSAN-09A.Detection.Pval	TARGET-AML	450K	idat_sample_sheet_TARGET-AML__450k_beta.txt	0.0	64.41052	30.940987
TARGET-20-PAEERJ-14A.Detection.Pval	TARGET-20-PAEERJ-14A.Detection.Pval	TARGET-AML	450K	idat_sample_sheet_TARGET-AML__450k_beta.txt	0.0	66.88265	33.624588
TARGET-21-PASNKZ-14A.Detection.Pval	TARGET-21-PASNKZ-14A.Detection.Pval	TARGET-AML	450K	idat_sample_sheet_TARGET-AML__450k_beta.txt	0.0	25.875044	11.002297
TARGET-21-PASSLT-09A.Detection.Pval	TARGET-21-PASSLT-09A.Detection.Pval	TARGET-AML	450K	idat_sample_sheet_TARGET-AML__450k_beta.txt	0.0	61.51024	26.76803
TARGET-20-PASVYA-04A.Detection.Pval	TARGET-20-PASVYA-04A.Detection.Pval	TARGET-AML	450K	idat_sample_sheet_TARGET-AML__450k_beta.txt	0.0	66.50806	38.191982
TARGET-21-PASFJJ-14A.Detection.Pval	TARGET-21-PASFJJ-14A.Detection.Pval	TARGET-AML	450K	idat_sample_sheet_TARGET-AML__450k_beta.txt	0.0	67.547646	39.59983
TARGET-20-PANGDN-04A.Detection.Pval	TARGET-20-PANGDN-04A.Detection.Pval	TARGET-AML	450K	idat_sample_sheet_TARGET-AML__450k_beta.txt	0.0	66.94258	38.774475
TARGET-21-PARBTV-14A.Detection.Pval	TARGET-21-PARBTV-14A.Detection.Pval	TARGET-AML	450K	idat_sample_sheet_TARGET-AML__450k_beta.txt	0.0	66.83351	38.360615
TARGET-20-PARPDS-09A.Detection.Pval	TARGET-20-PARPDS-09A.Detection.Pval	TARGET-AML	450K	idat_sample_sheet_TARGET-AML__450k_beta.txt	0.0	67.756905	39.463734
TARGET-21-PARXYR-14A.Detection.Pval	TARGET-21-PARXYR-14A.Detection.Pval	TARGET-AML	450K	idat_sample_sheet_TARGET-AML__450k_beta.txt	0.0	66.93254	33.691154
TARGET-20-PARCEC-03A.Detection.Pval	TARGET-20-PARCEC-03A.Detection.Pval	TARGET-AML	450K	idat_sample_sheet_TARGET-AML__450k_beta.txt	0.0	64.49581	31.506805
TARGET-20-PASWLN-14A.Detection.Pval	TARGET-20-PASWLN-14A.Detection.Pval	TARGET-AML	450K	idat_sample_sheet_TARGET-AML__450k_beta.txt	0.0	61.526825	27.268911
TARGET-20-PASMGW-04A.Detection.Pval	TARGET-20-PASMGW-04A.Detection.Pval	TARGET-AML	450K	idat_sample_sheet_TARGET-AML__450k_beta.txt	0.0	66.90484	40.34347
TARGET-20-PASVYA-14A.Detection.Pval	TARGET-20-PASVYA-14A.Detection.Pval	TARGET-AML	450K	idat_sample_sheet_TARGET-AML__450k_beta.txt	0.0	65.59496	34.846157
TARGET-20-PASBBE-09A.Detection.Pval	TARGET-20-PASBBE-09A.Detection.Pval	TARGET-AML	450K	idat_sample_sheet_TARGET-AML__450k_beta.txt	0.0	67.57192	39.40027
TARGET-20-PAMYJX-04A.Detection.Pval	TARGET-20-PAMYJX-04A.Detection.Pval	TARGET-AML	450K	idat_sample_sheet_TARGET-AML__450k_beta.txt	0.0	65.76204	32.501984
TARGET-20-PASLSD-03A.Detection.Pval	TARGET-20-PASLSD-03A.Detection.Pval	TARGET-AML	450K	idat_sample_sheet_TARGET-AML__450k_beta.txt	0.0	64.595	29.75845
TARGET-20-PANSJB-14A.Detection.Pval	TARGET-20-PANSJB-14A.Detection.Pval	TARGET-AML	450K	idat_sample_sheet_TARGET-AML__450k_beta.txt	0.0	66.896904	40.43477
TARGET-21-PASFJJ-15A.Detection.Pval	TARGET-21-PASFJJ-15A.Detection.Pval	TARGET-AML	450K	idat_sample_sheet_TARGET-AML__450k_beta.txt	0.0	18.714762	16.667763
TARGET-21-PASFLG-14A.Detection.Pval	TARGET-21-PASFLG-14A.Detection.Pval	TARGET-AML	450K	idat_sample_sheet_TARGET-AML__450k_beta.txt	0.0	66.66949	35.604633
TARGET-20-PASAUT-14A.Detection.Pval	TARGET-20-PASAUT-14A.Detection.Pval	TARGET-AML	450K	idat_sample_sheet_TARGET-AML__450k_beta.txt	0.0	65.80996	35.723995
TARGET-20-PANGTF-14A.Detection.Pval	TARGET-20-PANGTF-14A.Detection.Pval	TARGET-AML	450K	idat_sample_sheet_TARGET-AML__450k_beta.txt	0.0	65.670395	32.53316
TARGET-20-PARIMT-03A.Detection.Pval	TARGET-20-PARIMT-03A.Detection.Pval	TARGET-AML	450K	idat_sample_sheet_TARGET-AML__450k_beta.txt	0.0	65.05975	32.602127
TARGET-20-PANYCG-09A.Detection.Pval	TARGET-20-PANYCG-09A.Detection.Pval	TARGET-AML	450K	idat_sample_sheet_TARGET-AML__450k_beta.txt	0.0	64.1426	30.313622
TARGET-20-PATDHA-14A.Detection.Pval	TARGET-20-PATDHA-14A.Detection.Pval	TARGET-AML	450K	idat_sample_sheet_TARGET-AML__450k_beta.txt	0.0	67.01705	31.189434
TARGET-20-PASGCE-40A.Detection.Pval	TARGET-20-PASGCE-40A.Detection.Pval	TARGET-AML	450K	idat_sample_sheet_TARGET-AML__450k_beta.txt	0.0	65.33848	37.134167
TARGET-20-PADZCG-04A.Detection.Pval	TARGET-20-PADZCG-04A.Detection.Pval	TARGET-AML	450K	idat_sample_sheet_TARGET-AML__450k_beta.txt	0.0	66.75385	31.33704
TARGET-21-PARBTV-15A.Detection.Pval	TARGET-21-PARBTV-15A.Detection.Pval	TARGET-AML	450K	idat_sample_sheet_TARGET-AML__450k_beta.txt	0.0	18.697153	16.687246
TARGET-21-PASFJJ-09A.Detection.Pval	TARGET-21-PASFJJ-09A.Detection.Pval	TARGET-AML	450K	idat_sample_sheet_TARGET-AML__450k_beta.txt	0.0	67.590454	39.14076
TARGET-20-PARYVW-14A.Detection.Pval	TARGET-20-PARYVW-14A.Detection.Pval	TARGET-AML	450K	idat_sample_sheet_TARGET-AML__450k_beta.txt	0.0	64.49729	29.86587
TARGET-21-PASDKZ-03A.Detection.Pval	TARGET-21-PASDKZ-03A.Detection.Pval	TARGET-AML	450K	idat_sample_sheet_TARGET-AML__450k_beta.txt	0.0	61.30101	26.57413
TARGET-20-PASTUH-09A.Detection.Pval	TARGET-20-PASTUH-09A.Detection.Pval	TARGET-AML	450K	idat_sample_sheet_TARGET-AML__450k_beta.txt	0.0	67.22519	37.732437
TARGET-20-PATJHJ-40A.Detection.Pval	TARGET-20-PATJHJ-40A.Detection.Pval	TARGET-AML	450K	idat_sample_sheet_TARGET-AML__450k_beta.txt	0.0	67.23926	36.645008
TARGET-20-PAKTCX-09A.Detection.Pval	TARGET-20-PAKTCX-09A.Detection.Pval	TARGET-AML	450K	idat_sample_sheet_TARGET-AML__450k_beta.txt	0.0	64.061745	30.261059
TARGET-21-PASVJS-15A.Detection.Pval	TARGET-21-PASVJS-15A.Detection.Pval	TARGET-AML	450K	idat_sample_sheet_TARGET-AML__450k_beta.txt	0.0	67.0402	40.290546
TARGET-20-PANYCG-14A.Detection.Pval	TARGET-20-PANYCG-14A.Detection.Pval	TARGET-AML	450K	idat_sample_sheet_TARGET-AML__450k_beta.txt	0.0	63.982	30.313591
TARGET-20-PASVYL-04A.Detection.Pval	TARGET-20-PASVYL-04A.Detection.Pval	TARGET-AML	450K	idat_sample_sheet_TARGET-AML__450k_beta.txt	0.0	65.92344	35.122444
TARGET-21-PASFHK-15A.Detection.Pval	TARGET-21-PASFHK-15A.Detection.Pval	TARGET-AML	450K	idat_sample_sheet_TARGET-AML__450k_beta.txt	0.0	66.65668	38.295315
TARGET-20-PAKVGI-04A.Detection.Pval	TARGET-20-PAKVGI-04A.Detection.Pval	TARGET-AML	450K	idat_sample_sheet_TARGET-AML__450k_beta.txt	0.0	67.04679	39.996674
TARGET-21-PASHMK-15A.Detection.Pval	TARGET-21-PASHMK-15A.Detection.Pval	TARGET-AML	450K	idat_sample_sheet_TARGET-AML__450k_beta.txt	0.0	26.710014	12.026639
TARGET-20-PARNNT-09A.Detection.Pval	TARGET-20-PARNNT-09A.Detection.Pval	TARGET-AML	450K	idat_sample_sheet_TARGET-AML__450k_beta.txt	0.0	66.980415	39.006382
TARGET-20-PANLXM-04A.Detection.Pval	TARGET-20-PANLXM-04A.Detection.Pval	TARGET-AML	450K	idat_sample_sheet_TARGET-AML__450k_beta.txt	0.0	65.89235	32.57878
TARGET-20-PAMYJX-09A.Detection.Pval	TARGET-20-PAMYJX-09A.Detection.Pval	TARGET-AML	450K	idat_sample_sheet_TARGET-AML__450k_beta.txt	0.0	64.51381	31.475815
TARGET-21-PASYWA-15A.Detection.Pval	TARGET-21-PASYWA-15A.Detection.Pval	TARGET-AML	450K	idat_sample_sheet_TARGET-AML__450k_beta.txt	0.0	65.814735	37.16747
TARGET-21-PATISD-09A.Detection.Pval	TARGET-21-PATISD-09A.Detection.Pval	TARGET-AML	450K	idat_sample_sheet_TARGET-AML__450k_beta.txt	0.0	25.68371	11.595644
TARGET-21-PASSLT-14A.Detection.Pval	TARGET-21-PASSLT-14A.Detection.Pval	TARGET-AML	450K	idat_sample_sheet_TARGET-AML__450k_beta.txt	0.0	61.861652	27.069386
TARGET-20-PAMYAS-04A.Detection.Pval	TARGET-20-PAMYAS-04A.Detection.Pval	TARGET-AML	450K	idat_sample_sheet_TARGET-AML__450k_beta.txt	0.0	65.68339	33.134094
TARGET-20-PASWPD-09A.Detection.Pval	TARGET-20-PASWPD-09A.Detection.Pval	TARGET-AML	450K	idat_sample_sheet_TARGET-AML__450k_beta.txt	0.0	67.51617	37.811718
TARGET-20-PARPPY-40A.Detection.Pval	TARGET-20-PARPPY-40A.Detection.Pval	TARGET-AML	450K	idat_sample_sheet_TARGET-AML__450k_beta.txt	0.0	67.055244	38.15811
TARGET-20-PASVYA-09A.Detection.Pval	TARGET-20-PASVYA-09A.Detection.Pval	TARGET-AML	450K	idat_sample_sheet_TARGET-AML__450k_beta.txt	0.0	67.63217	39.744823
TARGET-20-PANNHB-09A.Detection.Pval	TARGET-20-PANNHB-09A.Detection.Pval	TARGET-AML	450K	idat_sample_sheet_TARGET-AML__450k_beta.txt	0.0	66.68429	36.957607
TARGET-21-PATJMY-09A.Detection.Pval	TARGET-21-PATJMY-09A.Detection.Pval	TARGET-AML	450K	idat_sample_sheet_TARGET-AML__450k_beta.txt	0.0	67.14818	40.16998
TARGET-21-PARHRS-14A.Detection.Pval	TARGET-21-PARHRS-14A.Detection.Pval	TARGET-AML	450K	idat_sample_sheet_TARGET-AML__450k_beta.txt	0.0	66.54818	38.920403
TARGET-20-PASZLJ-14A.Detection.Pval	TARGET-20-PASZLJ-14A.Detection.Pval	TARGET-AML	450K	idat_sample_sheet_TARGET-AML__450k_beta.txt	0.0	66.899925	40.571365
TARGET-20-PAKIWK-14A.Detection.Pval	TARGET-20-PAKIWK-14A.Detection.Pval	TARGET-AML	450K	idat_sample_sheet_TARGET-AML__450k_beta.txt	0.0	67.202995	40.38737
TARGET-20-PAEFGR-04A.Detection.Pval	TARGET-20-PAEFGR-04A.Detection.Pval	TARGET-AML	450K	idat_sample_sheet_TARGET-AML__450k_beta.txt	0.0	64.03442	30.253931
TARGET-20-PANYNR-14A.Detection.Pval	TARGET-20-PANYNR-14A.Detection.Pval	TARGET-AML	450K	idat_sample_sheet_TARGET-AML__450k_beta.txt	0.0	65.7302	32.509247
TARGET-21-PASYEJ-15A.Detection.Pval	TARGET-21-PASYEJ-15A.Detection.Pval	TARGET-AML	450K	idat_sample_sheet_TARGET-AML__450k_beta.txt	0.0	25.628717	11.654044
TARGET-21-PARZIA-15A.Detection.Pval	TARGET-21-PARZIA-15A.Detection.Pval	TARGET-AML	450K	idat_sample_sheet_TARGET-AML__450k_beta.txt	0.0	67.07747	31.140373
TARGET-20-PANNHB-14A.Detection.Pval	TARGET-20-PANNHB-14A.Detection.Pval	TARGET-AML	450K	idat_sample_sheet_TARGET-AML__450k_beta.txt	0.0	64.57338	29.79262
TARGET-20-PARSAN-04A.Detection.Pval	TARGET-20-PARSAN-04A.Detection.Pval	TARGET-AML	450K	idat_sample_sheet_TARGET-AML__450k_beta.txt	0.0	67.19055	39.935635
TARGET-20-PANLXM-09A.Detection.Pval	TARGET-20-PANLXM-09A.Detection.Pval	TARGET-AML	450K	idat_sample_sheet_TARGET-AML__450k_beta.txt	0.0	66.80164	39.29915
TARGET-20-PARYVW-04A.Detection.Pval	TARGET-20-PARYVW-04A.Detection.Pval	TARGET-AML	450K	idat_sample_sheet_TARGET-AML__450k_beta.txt	0.0	65.99412	36.85385
TARGET-20-PASCRZ-04A.Detection.Pval	TARGET-20-PASCRZ-04A.Detection.Pval	TARGET-AML	450K	idat_sample_sheet_TARGET-AML__450k_beta.txt	0.0	61.668976	27.394976
TARGET-20-PASGCE-09A.Detection.Pval	TARGET-20-PASGCE-09A.Detection.Pval	TARGET-AML	450K	idat_sample_sheet_TARGET-AML__450k_beta.txt	0.0	67.49288	39.679016
TARGET-20-PASCRZ-03A.Detection.Pval	TARGET-20-PASCRZ-03A.Detection.Pval	TARGET-AML	450K	idat_sample_sheet_TARGET-AML__450k_beta.txt	0.0	61.729897	27.52988
TARGET-21-PASSLT-15A.Detection.Pval	TARGET-21-PASSLT-15A.Detection.Pval	TARGET-AML	450K	idat_sample_sheet_TARGET-AML__450k_beta.txt	0.0	61.748917	26.973686
TARGET-20-PASRLS-14A.Detection.Pval	TARGET-20-PASRLS-14A.Detection.Pval	TARGET-AML	450K	idat_sample_sheet_TARGET-AML__450k_beta.txt	0.0	67.45948	39.5365
TARGET-20-PARNIA-04A.Detection.Pval	TARGET-20-PARNIA-04A.Detection.Pval	TARGET-AML	450K	idat_sample_sheet_TARGET-AML__450k_beta.txt	0.0	67.50835	39.380642
TARGET-20-PAMYAS-09A.Detection.Pval	TARGET-20-PAMYAS-09A.Detection.Pval	TARGET-AML	450K	idat_sample_sheet_TARGET-AML__450k_beta.txt	0.0	65.8703	32.8779
TARGET-21-PARNAW-09A.Detection.Pval	TARGET-21-PARNAW-09A.Detection.Pval	TARGET-AML	450K	idat_sample_sheet_TARGET-AML__450k_beta.txt	0.0	65.39194	32.51005
TARGET-20-PANYCG-04A.Detection.Pval	TARGET-20-PANYCG-04A.Detection.Pval	TARGET-AML	450K	idat_sample_sheet_TARGET-AML__450k_beta.txt	0.0	25.635658	11.653747
TARGET-20-PAMYJX-14A.Detection.Pval	TARGET-20-PAMYJX-14A.Detection.Pval	TARGET-AML	450K	idat_sample_sheet_TARGET-AML__450k_beta.txt	0.0	65.77738	32.6066
TARGET-20-PASAUT-03A.Detection.Pval	TARGET-20-PASAUT-03A.Detection.Pval	TARGET-AML	450K	idat_sample_sheet_TARGET-AML__450k_beta.txt	0.0	65.77536	35.72445
TARGET-20-PARVAI-03A.Detection.Pval	TARGET-20-PARVAI-03A.Detection.Pval	TARGET-AML	450K	idat_sample_sheet_TARGET-AML__450k_beta.txt	0.0	65.04314	32.685303
TARGET-20-PASWAT-04A.Detection.Pval	TARGET-20-PASWAT-04A.Detection.Pval	TARGET-AML	450K	idat_sample_sheet_TARGET-AML__450k_beta.txt	0.0	66.43193	38.68727
TARGET-20-PASIEP-14A.Detection.Pval	TARGET-20-PASIEP-14A.Detection.Pval	TARGET-AML	450K	idat_sample_sheet_TARGET-AML__450k_beta.txt	0.0	66.68278	37.067417
TARGET-20-PASTUH-04A.Detection.Pval	TARGET-20-PASTUH-04A.Detection.Pval	TARGET-AML	450K	idat_sample_sheet_TARGET-AML__450k_beta.txt	0.0	67.487	39.543877
TARGET-21-PATAIJ-09A.Detection.Pval	TARGET-21-PATAIJ-09A.Detection.Pval	TARGET-AML	450K	idat_sample_sheet_TARGET-AML__450k_beta.txt	0.0	67.27185	38.449043
TARGET-20-PAECCE-09A.Detection.Pval	TARGET-20-PAECCE-09A.Detection.Pval	TARGET-AML	450K	idat_sample_sheet_TARGET-AML__450k_beta.txt	0.0	67.22777	39.258804
TARGET-20-PASGCE-14A.Detection.Pval	TARGET-20-PASGCE-14A.Detection.Pval	TARGET-AML	450K	idat_sample_sheet_TARGET-AML__450k_beta.txt	0.0	65.363205	37.090923
TARGET-20-PANYNR-03A.Detection.Pval	TARGET-20-PANYNR-03A.Detection.Pval	TARGET-AML	450K	idat_sample_sheet_TARGET-AML__450k_beta.txt	0.0	65.90985	32.571056
TARGET-20-PAECCE-10A.Detection.Pval	TARGET-20-PAECCE-10A.Detection.Pval	TARGET-AML	450K	idat_sample_sheet_TARGET-AML__450k_beta.txt	0.0	67.268585	38.82157
TARGET-20-PASRLS-09A.Detection.Pval	TARGET-20-PASRLS-09A.Detection.Pval	TARGET-AML	450K	idat_sample_sheet_TARGET-AML__450k_beta.txt	0.0	67.64431	39.498444
TARGET-21-PASFLG-15A.Detection.Pval	TARGET-21-PASFLG-15A.Detection.Pval	TARGET-AML	450K	idat_sample_sheet_TARGET-AML__450k_beta.txt	0.0	66.7119	36.001667
TARGET-20-PARIMT-04A.Detection.Pval	TARGET-20-PARIMT-04A.Detection.Pval	TARGET-AML	450K	idat_sample_sheet_TARGET-AML__450k_beta.txt	0.0	65.21071	32.44276
TARGET-20-PARDMG-09A.Detection.Pval	TARGET-20-PARDMG-09A.Detection.Pval	TARGET-AML	450K	idat_sample_sheet_TARGET-AML__450k_beta.txt	0.0	64.0807	30.286804
TARGET-20-PARPPY-09A.Detection.Pval	TARGET-20-PARPPY-09A.Detection.Pval	TARGET-AML	450K	idat_sample_sheet_TARGET-AML__450k_beta.txt	0.0	66.65997	37.473637
TARGET-20-PASHHH-14A.Detection.Pval	TARGET-20-PASHHH-14A.Detection.Pval	TARGET-AML	450K	idat_sample_sheet_TARGET-AML__450k_beta.txt	0.0	67.45263	40.178883
TARGET-21-PANVPB-15A.Detection.Pval	TARGET-21-PANVPB-15A.Detection.Pval	TARGET-AML	450K	idat_sample_sheet_TARGET-AML__450k_beta.txt	0.0	66.70081	36.292347
TARGET-20-PARNZW-40A.Detection.Pval	TARGET-20-PARNZW-40A.Detection.Pval	TARGET-AML	450K	idat_sample_sheet_TARGET-AML__450k_beta.txt	0.0	64.41412	31.13019
TARGET-20-PARCCH-14A.Detection.Pval	TARGET-20-PARCCH-14A.Detection.Pval	TARGET-AML	450K	idat_sample_sheet_TARGET-AML__450k_beta.txt	0.0	67.48032	39.858475
TARGET-20-PARVUA-14A.Detection.Pval	TARGET-20-PARVUA-14A.Detection.Pval	TARGET-AML	450K	idat_sample_sheet_TARGET-AML__450k_beta.txt	0.0	67.577126	39.887737
TARGET-20-PASJGZ-14A.Detection.Pval	TARGET-20-PASJGZ-14A.Detection.Pval	TARGET-AML	450K	idat_sample_sheet_TARGET-AML__450k_beta.txt	0.0	25.448225	11.9214945
TARGET-21-PATHIU-09A.Detection.Pval	TARGET-21-PATHIU-09A.Detection.Pval	TARGET-AML	450K	idat_sample_sheet_TARGET-AML__450k_beta.txt	0.0	25.859337	10.980652
TARGET-21-PATAIJ-15A.Detection.Pval	TARGET-21-PATAIJ-15A.Detection.Pval	TARGET-AML	450K	idat_sample_sheet_TARGET-AML__450k_beta.txt	0.0	67.32409	38.580086
TARGET-20-PAEIKD-09A.Detection.Pval	TARGET-20-PAEIKD-09A.Detection.Pval	TARGET-AML	450K	idat_sample_sheet_TARGET-AML__450k_beta.txt	0.0	65.99171	32.674553
TARGET-20-PARWXU-09A.Detection.Pval	TARGET-20-PARWXU-09A.Detection.Pval	TARGET-AML	450K	idat_sample_sheet_TARGET-AML__450k_beta.txt	0.0	65.68563	33.23664
TARGET-20-PANDER-14A.Detection.Pval	TARGET-20-PANDER-14A.Detection.Pval	TARGET-AML	450K	idat_sample_sheet_TARGET-AML__450k_beta.txt	0.0	64.52837	29.777447
TARGET-21-PAMYMA-15A.Detection.Pval	TARGET-21-PAMYMA-15A.Detection.Pval	TARGET-AML	450K	idat_sample_sheet_TARGET-AML__450k_beta.txt	0.0	18.677073	16.705105
TARGET-20-PARUCB-09A.Detection.Pval	TARGET-20-PARUCB-09A.Detection.Pval	TARGET-AML	450K	idat_sample_sheet_TARGET-AML__450k_beta.txt	0.0	66.55422	36.904316
TARGET-20-PARCUK-04A.Detection.Pval	TARGET-20-PARCUK-04A.Detection.Pval	TARGET-AML	450K	idat_sample_sheet_TARGET-AML__450k_beta.txt	0.0	65.73262	35.763477
TARGET-21-PASTZK-15A.Detection.Pval	TARGET-21-PASTZK-15A.Detection.Pval	TARGET-AML	450K	idat_sample_sheet_TARGET-AML__450k_beta.txt	0.0	61.98285	27.07705
TARGET-20-PARBTC-03A.Detection.Pval	TARGET-20-PARBTC-03A.Detection.Pval	TARGET-AML	450K	idat_sample_sheet_TARGET-AML__450k_beta.txt	0.0	67.22089	40.117447
TARGET-20-PARUBT-14A.Detection.Pval	TARGET-20-PARUBT-14A.Detection.Pval	TARGET-AML	450K	idat_sample_sheet_TARGET-AML__450k_beta.txt	0.0	65.3574	36.126995
TARGET-21-PATAIJ-10A.Detection.Pval	TARGET-21-PATAIJ-10A.Detection.Pval	TARGET-AML	450K	idat_sample_sheet_TARGET-AML__450k_beta.txt	0.0	67.29714	38.413464
TARGET-20-PANDIX-09A.Detection.Pval	TARGET-20-PANDIX-09A.Detection.Pval	TARGET-AML	450K	idat_sample_sheet_TARGET-AML__450k_beta.txt	0.0	64.04263	30.278444
TARGET-21-PASYEJ-09A.Detection.Pval	TARGET-21-PASYEJ-09A.Detection.Pval	TARGET-AML	450K	idat_sample_sheet_TARGET-AML__450k_beta.txt	0.0	25.4072	11.985343
TARGET-20-PAKIWK-04A.Detection.Pval	TARGET-20-PAKIWK-04A.Detection.Pval	TARGET-AML	450K	idat_sample_sheet_TARGET-AML__450k_beta.txt	0.0	67.13808	40.363827
TARGET-20-PARSHM-03A.Detection.Pval	TARGET-20-PARSHM-03A.Detection.Pval	TARGET-AML	450K	idat_sample_sheet_TARGET-AML__450k_beta.txt	0.0	67.355644	39.996178
TARGET-20-PAEDKB-09A.Detection.Pval	TARGET-20-PAEDKB-09A.Detection.Pval	TARGET-AML	450K	idat_sample_sheet_TARGET-AML__450k_beta.txt	0.0	64.09475	30.233868
TARGET-20-PARTAL-04A.Detection.Pval	TARGET-20-PARTAL-04A.Detection.Pval	TARGET-AML	450K	idat_sample_sheet_TARGET-AML__450k_beta.txt	0.0	67.47768	40.03969
TARGET-20-PAEDKB-10A.Detection.Pval	TARGET-20-PAEDKB-10A.Detection.Pval	TARGET-AML	450K	idat_sample_sheet_TARGET-AML__450k_beta.txt	0.0	64.98515	27.70016
TARGET-21-PASFHK-09A.Detection.Pval	TARGET-21-PASFHK-09A.Detection.Pval	TARGET-AML	450K	idat_sample_sheet_TARGET-AML__450k_beta.txt	0.0	67.50887	39.545036
TARGET-20-PARNIA-09A.Detection.Pval	TARGET-20-PARNIA-09A.Detection.Pval	TARGET-AML	450K	idat_sample_sheet_TARGET-AML__450k_beta.txt	0.0	67.585014	39.70899
TARGET-20-PAEIKD-14A.Detection.Pval	TARGET-20-PAEIKD-14A.Detection.Pval	TARGET-AML	450K	idat_sample_sheet_TARGET-AML__450k_beta.txt	0.0	64.61189	29.74056
TARGET-20-PASPLU-04A.Detection.Pval	TARGET-20-PASPLU-04A.Detection.Pval	TARGET-AML	450K	idat_sample_sheet_TARGET-AML__450k_beta.txt	0.0	66.9663	40.64223
TARGET-21-PANZLR-09A.Detection.Pval	TARGET-21-PANZLR-09A.Detection.Pval	TARGET-AML	450K	idat_sample_sheet_TARGET-AML__450k_beta.txt	0.0	67.06321	31.145391
TARGET-20-PASHBI-09A.Detection.Pval	TARGET-20-PASHBI-09A.Detection.Pval	TARGET-AML	450K	idat_sample_sheet_TARGET-AML__450k_beta.txt	0.0	65.314835	37.110634
TARGET-20-PATDHA-04A.Detection.Pval	TARGET-20-PATDHA-04A.Detection.Pval	TARGET-AML	450K	idat_sample_sheet_TARGET-AML__450k_beta.txt	0.0	67.05525	31.198524
TARGET-20-PARUWX-09A.Detection.Pval	TARGET-20-PARUWX-09A.Detection.Pval	TARGET-AML	450K	idat_sample_sheet_TARGET-AML__450k_beta.txt	0.0	64.42354	30.959814
TARGET-20-PATIAK-04A.Detection.Pval	TARGET-20-PATIAK-04A.Detection.Pval	TARGET-AML	450K	idat_sample_sheet_TARGET-AML__450k_beta.txt	0.0	67.28042	39.19992
TARGET-20-PASRTP-09A.Detection.Pval	TARGET-20-PASRTP-09A.Detection.Pval	TARGET-AML	450K	idat_sample_sheet_TARGET-AML__450k_beta.txt	0.0	64.18758	30.400167
TARGET-20-PARTAL-09A.Detection.Pval	TARGET-20-PARTAL-09A.Detection.Pval	TARGET-AML	450K	idat_sample_sheet_TARGET-AML__450k_beta.txt	0.0	67.426056	39.383907
TARGET-20-PANCSC-04A.Detection.Pval	TARGET-20-PANCSC-04A.Detection.Pval	TARGET-AML	450K	idat_sample_sheet_TARGET-AML__450k_beta.txt	0.0	67.158325	40.20704
TARGET-20-PASHBI-14A.Detection.Pval	TARGET-20-PASHBI-14A.Detection.Pval	TARGET-AML	450K	idat_sample_sheet_TARGET-AML__450k_beta.txt	0.0	65.2955	37.11383
TARGET-21-PASYWA-09A.Detection.Pval	TARGET-21-PASYWA-09A.Detection.Pval	TARGET-AML	450K	idat_sample_sheet_TARGET-AML__450k_beta.txt	0.0	61.40226	27.096144
TARGET-20-PAEFGR-14A.Detection.Pval	TARGET-20-PAEFGR-14A.Detection.Pval	TARGET-AML	450K	idat_sample_sheet_TARGET-AML__450k_beta.txt	0.0	64.07598	30.244648
TARGET-21-PASFHK-14A.Detection.Pval	TARGET-21-PASFHK-14A.Detection.Pval	TARGET-AML	450K	idat_sample_sheet_TARGET-AML__450k_beta.txt	0.0	67.462204	39.408585
TARGET-20-PANLLX-04A.Detection.Pval	TARGET-20-PANLLX-04A.Detection.Pval	TARGET-AML	450K	idat_sample_sheet_TARGET-AML__450k_beta.txt	0.0	61.155746	26.568909
TARGET-20-PASCRZ-14A.Detection.Pval	TARGET-20-PASCRZ-14A.Detection.Pval	TARGET-AML	450K	idat_sample_sheet_TARGET-AML__450k_beta.txt	0.0	61.60378	27.476107
TARGET-20-PARNIA-14A.Detection.Pval	TARGET-20-PARNIA-14A.Detection.Pval	TARGET-AML	450K	idat_sample_sheet_TARGET-AML__450k_beta.txt	0.0	61.47397	27.207531
TARGET-21-PATKWH-15A.Detection.Pval	TARGET-21-PATKWH-15A.Detection.Pval	TARGET-AML	450K	idat_sample_sheet_TARGET-AML__450k_beta.txt	0.0	66.904724	40.58807
TARGET-20-PANLRE-09A.Detection.Pval	TARGET-20-PANLRE-09A.Detection.Pval	TARGET-AML	450K	idat_sample_sheet_TARGET-AML__450k_beta.txt	0.0	66.9164	32.822254
TARGET-20-PASWPD-14A.Detection.Pval	TARGET-20-PASWPD-14A.Detection.Pval	TARGET-AML	450K	idat_sample_sheet_TARGET-AML__450k_beta.txt	0.0	67.469604	38.635574
TARGET-20-PAPBEJ-14A.Detection.Pval	TARGET-20-PAPBEJ-14A.Detection.Pval	TARGET-AML	450K	idat_sample_sheet_TARGET-AML__450k_beta.txt	0.0	67.047844	38.61903
TARGET-20-PASIEJ-14A.Detection.Pval	TARGET-20-PASIEJ-14A.Detection.Pval	TARGET-AML	450K	idat_sample_sheet_TARGET-AML__450k_beta.txt	0.0	66.0949	37.087997
TARGET-21-PATJMY-15A.Detection.Pval	TARGET-21-PATJMY-15A.Detection.Pval	TARGET-AML	450K	idat_sample_sheet_TARGET-AML__450k_beta.txt	0.0	67.247856	40.252995
TARGET-20-PADYIR-04A.Detection.Pval	TARGET-20-PADYIR-04A.Detection.Pval	TARGET-AML	450K	idat_sample_sheet_TARGET-AML__450k_beta.txt	0.0	18.689632	16.695349
TARGET-20-PASBBE-14A.Detection.Pval	TARGET-20-PASBBE-14A.Detection.Pval	TARGET-AML	450K	idat_sample_sheet_TARGET-AML__450k_beta.txt	0.0	66.512024	38.2793
TARGET-20-PAEFGR-09A.Detection.Pval	TARGET-20-PAEFGR-09A.Detection.Pval	TARGET-AML	450K	idat_sample_sheet_TARGET-AML__450k_beta.txt	0.0	64.59129	29.764383
TARGET-20-PASJIM-04A.Detection.Pval	TARGET-20-PASJIM-04A.Detection.Pval	TARGET-AML	450K	idat_sample_sheet_TARGET-AML__450k_beta.txt	0.0	66.86839	40.61372
TARGET-21-PATKBK-14A.Detection.Pval	TARGET-21-PATKBK-14A.Detection.Pval	TARGET-AML	450K	idat_sample_sheet_TARGET-AML__450k_beta.txt	0.0	66.90221	40.634106
TARGET-20-PARUWX-14A.Detection.Pval	TARGET-20-PARUWX-14A.Detection.Pval	TARGET-AML	450K	idat_sample_sheet_TARGET-AML__450k_beta.txt	0.0	64.42718	31.023714
TARGET-21-PARHRS-09A.Detection.Pval	TARGET-21-PARHRS-09A.Detection.Pval	TARGET-AML	450K	idat_sample_sheet_TARGET-AML__450k_beta.txt	0.0	66.670204	38.94538
TARGET-20-PAPXRJ-09A.Detection.Pval	TARGET-20-PAPXRJ-09A.Detection.Pval	TARGET-AML	450K	idat_sample_sheet_TARGET-AML__450k_beta.txt	0.0	67.31052	38.761494
TARGET-20-PAKTCX-14A.Detection.Pval	TARGET-20-PAKTCX-14A.Detection.Pval	TARGET-AML	450K	idat_sample_sheet_TARGET-AML__450k_beta.txt	0.0	64.029755	30.255955
TARGET-20-PASTUH-14A.Detection.Pval	TARGET-20-PASTUH-14A.Detection.Pval	TARGET-AML	450K	idat_sample_sheet_TARGET-AML__450k_beta.txt	0.0	67.49555	39.56898
TARGET-20-PARYVW-09A.Detection.Pval	TARGET-20-PARYVW-09A.Detection.Pval	TARGET-AML	450K	idat_sample_sheet_TARGET-AML__450k_beta.txt	0.0	64.60105	29.748318
TARGET-20-PASIEJ-09A.Detection.Pval	TARGET-20-PASIEJ-09A.Detection.Pval	TARGET-AML	450K	idat_sample_sheet_TARGET-AML__450k_beta.txt	0.0	61.478706	27.228468
TARGET-21-PASDKZ-14A.Detection.Pval	TARGET-21-PASDKZ-14A.Detection.Pval	TARGET-AML	450K	idat_sample_sheet_TARGET-AML__450k_beta.txt	0.0	61.31458	26.617752
TARGET-21-PASYWA-14A.Detection.Pval	TARGET-21-PASYWA-14A.Detection.Pval	TARGET-AML	450K	idat_sample_sheet_TARGET-AML__450k_beta.txt	0.0	65.72451	36.991528
TARGET-21-PANZLR-14A.Detection.Pval	TARGET-21-PANZLR-14A.Detection.Pval	TARGET-AML	450K	idat_sample_sheet_TARGET-AML__450k_beta.txt	0.0	67.04737	31.15338
TARGET-21-PATISD-15A.Detection.Pval	TARGET-21-PATISD-15A.Detection.Pval	TARGET-AML	450K	idat_sample_sheet_TARGET-AML__450k_beta.txt	0.0	25.527742	11.850955
TARGET-20-PASVVS-04A.Detection.Pval	TARGET-20-PASVVS-04A.Detection.Pval	TARGET-AML	450K	idat_sample_sheet_TARGET-AML__450k_beta.txt	0.0	66.82493	40.63172
TARGET-20-PADZCG-14A.Detection.Pval	TARGET-20-PADZCG-14A.Detection.Pval	TARGET-AML	450K	idat_sample_sheet_TARGET-AML__450k_beta.txt	0.0	66.71989	31.322329
TARGET-20-PARNNT-14A.Detection.Pval	TARGET-20-PARNNT-14A.Detection.Pval	TARGET-AML	450K	idat_sample_sheet_TARGET-AML__450k_beta.txt	0.0	67.10581	38.89535
TARGET-21-PARLSL-14A.Detection.Pval	TARGET-21-PARLSL-14A.Detection.Pval	TARGET-AML	450K	idat_sample_sheet_TARGET-AML__450k_beta.txt	0.0	67.35871	40.14845
TARGET-20-PANDIX-14A.Detection.Pval	TARGET-20-PANDIX-14A.Detection.Pval	TARGET-AML	450K	idat_sample_sheet_TARGET-AML__450k_beta.txt	0.0	64.046875	30.264637
TARGET-20-PANLLX-09A.Detection.Pval	TARGET-20-PANLLX-09A.Detection.Pval	TARGET-AML	450K	idat_sample_sheet_TARGET-AML__450k_beta.txt	0.0	64.12938	30.22313
TARGET-21-PASFLG-09A.Detection.Pval	TARGET-21-PASFLG-09A.Detection.Pval	TARGET-AML	450K	idat_sample_sheet_TARGET-AML__450k_beta.txt	0.0	66.67368	35.567104
TARGET-20-PASPLU-14A.Detection.Pval	TARGET-20-PASPLU-14A.Detection.Pval	TARGET-AML	450K	idat_sample_sheet_TARGET-AML__450k_beta.txt	0.0	66.976074	32.936043
TARGET-20-PAEDKB-04A.Detection.Pval	TARGET-20-PAEDKB-04A.Detection.Pval	TARGET-AML	450K	idat_sample_sheet_TARGET-AML__450k_beta.txt	0.0	64.0693	30.223827
TARGET-20-PARPPY-14A.Detection.Pval	TARGET-20-PARPPY-14A.Detection.Pval	TARGET-AML	450K	idat_sample_sheet_TARGET-AML__450k_beta.txt	0.0	67.42178	39.386482
TARGET-20-PATDHA-09A.Detection.Pval	TARGET-20-PATDHA-09A.Detection.Pval	TARGET-AML	450K	idat_sample_sheet_TARGET-AML__450k_beta.txt	0.0	66.89199	31.510649
TARGET-20-PASWPD-04A.Detection.Pval	TARGET-20-PASWPD-04A.Detection.Pval	TARGET-AML	450K	idat_sample_sheet_TARGET-AML__450k_beta.txt	0.0	67.528564	37.786148
TARGET-20-PAMYAS-14A.Detection.Pval	TARGET-20-PAMYAS-14A.Detection.Pval	TARGET-AML	450K	idat_sample_sheet_TARGET-AML__450k_beta.txt	0.0	65.85035	32.90823
TARGET-21-PATJMY-14A.Detection.Pval	TARGET-21-PATJMY-14A.Detection.Pval	TARGET-AML	450K	idat_sample_sheet_TARGET-AML__450k_beta.txt	0.0	67.30306	40.082863
TARGET-20-PARBIU-04A.Detection.Pval	TARGET-20-PARBIU-04A.Detection.Pval	TARGET-AML	450K	idat_sample_sheet_TARGET-AML__450k_beta.txt	0.0	65.8982	32.98776
TARGET-20-PAEFGT-04A.Detection.Pval	TARGET-20-PAEFGT-04A.Detection.Pval	TARGET-AML	450K	idat_sample_sheet_TARGET-AML__450k_beta.txt	0.0	67.62686	39.685257
TARGET-20-PASVVS-14A.Detection.Pval	TARGET-20-PASVVS-14A.Detection.Pval	TARGET-AML	450K	idat_sample_sheet_TARGET-AML__450k_beta.txt	0.0	67.20539	40.294754
TARGET-21-PARLSL-15A.Detection.Pval	TARGET-21-PARLSL-15A.Detection.Pval	TARGET-AML	450K	idat_sample_sheet_TARGET-AML__450k_beta.txt	0.0	66.87453	40.465363
TARGET-20-PASIEJ-04A.Detection.Pval	TARGET-20-PASIEJ-04A.Detection.Pval	TARGET-AML	450K	idat_sample_sheet_TARGET-AML__450k_beta.txt	0.0	66.05037	37.00572
TARGET-21-PASIGA-15A.Detection.Pval	TARGET-21-PASIGA-15A.Detection.Pval	TARGET-AML	450K	idat_sample_sheet_TARGET-AML__450k_beta.txt	0.0	64.04404	31.714893
TARGET-20-PAEERJ-04A.Detection.Pval	TARGET-20-PAEERJ-04A.Detection.Pval	TARGET-AML	450K	idat_sample_sheet_TARGET-AML__450k_beta.txt	0.0	65.88983	32.603123
TARGET-20-PANTNA-04A.Detection.Pval	TARGET-20-PANTNA-04A.Detection.Pval	TARGET-AML	450K	idat_sample_sheet_TARGET-AML__450k_beta.txt	0.0	25.586166	11.716958
TARGET-21-PASHMK-09A.Detection.Pval	TARGET-21-PASHMK-09A.Detection.Pval	TARGET-AML	450K	idat_sample_sheet_TARGET-AML__450k_beta.txt	0.0	26.65276	12.017854
TARGET-21-PATKBK-15A.Detection.Pval	TARGET-21-PATKBK-15A.Detection.Pval	TARGET-AML	450K	idat_sample_sheet_TARGET-AML__450k_beta.txt	0.0	66.93183	40.53606
TARGET-20-PAPXWI-04A.Detection.Pval	TARGET-20-PAPXWI-04A.Detection.Pval	TARGET-AML	450K	idat_sample_sheet_TARGET-AML__450k_beta.txt	0.0	66.95014	38.468613
TARGET-21-PASDXR-09A.Detection.Pval	TARGET-21-PASDXR-09A.Detection.Pval	TARGET-AML	450K	idat_sample_sheet_TARGET-AML__450k_beta.txt	0.0	25.484087	11.90486
TARGET-21-PARHRS-15A.Detection.Pval	TARGET-21-PARHRS-15A.Detection.Pval	TARGET-AML	450K	idat_sample_sheet_TARGET-AML__450k_beta.txt	0.0	67.62629	39.559883
TARGET-20-PASJTM-14A.Detection.Pval	TARGET-20-PASJTM-14A.Detection.Pval	TARGET-AML	450K	idat_sample_sheet_TARGET-AML__450k_beta.txt	0.0	25.897205	11.027394
TARGET-20-PARVUA-03A.Detection.Pval	TARGET-20-PARVUA-03A.Detection.Pval	TARGET-AML	450K	idat_sample_sheet_TARGET-AML__450k_beta.txt	0.0	65.977585	33.025726
TARGET-20-PARWXU-14A.Detection.Pval	TARGET-20-PARWXU-14A.Detection.Pval	TARGET-AML	450K	idat_sample_sheet_TARGET-AML__450k_beta.txt	0.0	66.895584	40.57048
TARGET-20-PANCSC-14A.Detection.Pval	TARGET-20-PANCSC-14A.Detection.Pval	TARGET-AML	450K	idat_sample_sheet_TARGET-AML__450k_beta.txt	0.0	64.557976	29.796818
TARGET-20-PARXMP-09A.Detection.Pval	TARGET-20-PARXMP-09A.Detection.Pval	TARGET-AML	450K	idat_sample_sheet_TARGET-AML__450k_beta.txt	0.0	25.584097	11.735195
TARGET-20-PARFIW-03A.Detection.Pval	TARGET-20-PARFIW-03A.Detection.Pval	TARGET-AML	450K	idat_sample_sheet_TARGET-AML__450k_beta.txt	0.0	25.643469	11.627431
TARGET-20-PABLDZ-14A.Detection.Pval	TARGET-20-PABLDZ-14A.Detection.Pval	TARGET-AML	450K	idat_sample_sheet_TARGET-AML__450k_beta.txt	0.0	65.59909	34.83464
TARGET-20-PARXMP-14A.Detection.Pval	TARGET-20-PARXMP-14A.Detection.Pval	TARGET-AML	450K	idat_sample_sheet_TARGET-AML__450k_beta.txt	0.0	66.93111	35.77734
TARGET-20-PANGTF-09A.Detection.Pval	TARGET-20-PANGTF-09A.Detection.Pval	TARGET-AML	450K	idat_sample_sheet_TARGET-AML__450k_beta.txt	0.0	67.2972	39.01898
TARGET-20-PADYIR-03A.Detection.Pval	TARGET-20-PADYIR-03A.Detection.Pval	TARGET-AML	450K	idat_sample_sheet_TARGET-AML__450k_beta.txt	0.0	66.78519	38.229816
TARGET-20-PASGMZ-09A.Detection.Pval	TARGET-20-PASGMZ-09A.Detection.Pval	TARGET-AML	450K	idat_sample_sheet_TARGET-AML__450k_beta.txt	0.0	66.67652	38.98593
TARGET-20-PASWLN-09A.Detection.Pval	TARGET-20-PASWLN-09A.Detection.Pval	TARGET-AML	450K	idat_sample_sheet_TARGET-AML__450k_beta.txt	0.0	66.13597	37.140648
TARGET-21-PARXYR-15A.Detection.Pval	TARGET-21-PARXYR-15A.Detection.Pval	TARGET-AML	450K	idat_sample_sheet_TARGET-AML__450k_beta.txt	0.0	66.89887	33.646233
TARGET-21-PARNAW-14A.Detection.Pval	TARGET-21-PARNAW-14A.Detection.Pval	TARGET-AML	450K	idat_sample_sheet_TARGET-AML__450k_beta.txt	0.0	65.043434	32.41295
TARGET-20-PANCSC-09A.Detection.Pval	TARGET-20-PANCSC-09A.Detection.Pval	TARGET-AML	450K	idat_sample_sheet_TARGET-AML__450k_beta.txt	0.0	65.670166	33.184464
TARGET-20-PANSJB-09A.Detection.Pval	TARGET-20-PANSJB-09A.Detection.Pval	TARGET-AML	450K	idat_sample_sheet_TARGET-AML__450k_beta.txt	0.0	67.16472	40.41371
TARGET-51-PAJMFS-01A	TARGET-51-PAJMFS-01A.Ave_Beta	TARGET-CCSK	450K	idat_sample_sheet_TARGET-CCSK__450k_beta.txt	0.0	2.3459072	10.7629
TARGET-51-PAKWMM-01A	TARGET-51-PAKWMM-01A.Ave_Beta	TARGET-CCSK	450K	idat_sample_sheet_TARGET-CCSK__450k_beta.txt	0.0	2.33262	10.776031
TARGET-51-PALEIR-01A	TARGET-51-PALEIR-01A.Ave_Beta	TARGET-CCSK	450K	idat_sample_sheet_TARGET-CCSK__450k_beta.txt	0.0	2.3176763	10.756904
TARGET-51-PAEALX-01A	TARGET-51-PAEALX-01A.Ave_Beta	TARGET-CCSK	450K	idat_sample_sheet_TARGET-CCSK__450k_beta.txt	0.0	2.3284917	10.777804
TARGET-51-PAJLWU-01A	TARGET-51-PAJLWU-01A.Ave_Beta	TARGET-CCSK	450K	idat_sample_sheet_TARGET-CCSK__450k_beta.txt	0.0	2.3330314	10.780499
TARGET-51-PALFYG-01A	TARGET-51-PALFYG-01A.Ave_Beta	TARGET-CCSK	450K	idat_sample_sheet_TARGET-CCSK__450k_beta.txt	0.0	2.2785711	10.807015
TARGET-51-PALKEI-01A	TARGET-51-PALKEI-01A.Ave_Beta	TARGET-CCSK	450K	idat_sample_sheet_TARGET-CCSK__450k_beta.txt	0.0	2.3465583	10.764312
TARGET-51-PALLXV-01A	TARGET-51-PALLXV-01A.Ave_Beta	TARGET-CCSK	450K	idat_sample_sheet_TARGET-CCSK__450k_beta.txt	0.0	2.3207576	10.775698
TARGET-51-PAJPFB-01A	TARGET-51-PAJPFB-01A.Ave_Beta	TARGET-CCSK	450K	idat_sample_sheet_TARGET-CCSK__450k_beta.txt	0.0	2.3353477	10.771455
TARGET-51-PALFEF-01A	TARGET-51-PALFEF-01A.Ave_Beta	TARGET-CCSK	450K	idat_sample_sheet_TARGET-CCSK__450k_beta.txt	0.0	2.3503067	10.756657
TARGET-51-PAJNCV-01A	TARGET-51-PAJNCV-01A.Ave_Beta	TARGET-CCSK	450K	idat_sample_sheet_TARGET-CCSK__450k_beta.txt	0.0	2.349347	10.758961
TARGET-51-PAJMFS-01A.Detection.Pval	TARGET-51-PAJMFS-01A.Detection.Pval	TARGET-CCSK	450K	idat_sample_sheet_TARGET-CCSK__450k_beta.txt	0.0	67.46777	39.699932
TARGET-51-PAKWMM-01A.Detection.Pval	TARGET-51-PAKWMM-01A.Detection.Pval	TARGET-CCSK	450K	idat_sample_sheet_TARGET-CCSK__450k_beta.txt	0.0	67.20005	40.096596
TARGET-51-PALEIR-01A.Detection.Pval	TARGET-51-PALEIR-01A.Detection.Pval	TARGET-CCSK	450K	idat_sample_sheet_TARGET-CCSK__450k_beta.txt	0.0	67.06858	40.587692
TARGET-51-PAEALX-01A.Detection.Pval	TARGET-51-PAEALX-01A.Detection.Pval	TARGET-CCSK	450K	idat_sample_sheet_TARGET-CCSK__450k_beta.txt	0.0	67.50461	39.914
TARGET-51-PAJLWU-01A.Detection.Pval	TARGET-51-PAJLWU-01A.Detection.Pval	TARGET-CCSK	450K	idat_sample_sheet_TARGET-CCSK__450k_beta.txt	0.0	67.533424	39.920296
TARGET-51-PALFYG-01A.Detection.Pval	TARGET-51-PALFYG-01A.Detection.Pval	TARGET-CCSK	450K	idat_sample_sheet_TARGET-CCSK__450k_beta.txt	0.0	67.90361	37.30179
TARGET-51-PALKEI-01A.Detection.Pval	TARGET-51-PALKEI-01A.Detection.Pval	TARGET-CCSK	450K	idat_sample_sheet_TARGET-CCSK__450k_beta.txt	0.0	67.01677	40.52154
TARGET-51-PALLXV-01A.Detection.Pval	TARGET-51-PALLXV-01A.Detection.Pval	TARGET-CCSK	450K	idat_sample_sheet_TARGET-CCSK__450k_beta.txt	0.0	67.63121	39.686424
TARGET-51-PAJPFB-01A.Detection.Pval	TARGET-51-PAJPFB-01A.Detection.Pval	TARGET-CCSK	450K	idat_sample_sheet_TARGET-CCSK__450k_beta.txt	0.0	67.58771	39.758545
TARGET-51-PALFEF-01A.Detection.Pval	TARGET-51-PALFEF-01A.Detection.Pval	TARGET-CCSK	450K	idat_sample_sheet_TARGET-CCSK__450k_beta.txt	0.0	67.12659	34.968945
TARGET-51-PAJNCV-01A.Detection.Pval	TARGET-51-PAJNCV-01A.Detection.Pval	TARGET-CCSK	450K	idat_sample_sheet_TARGET-CCSK__450k_beta.txt	0.0	67.129616	40.448654
TARGET-30-PAPSEI-01A	TARGET-30-PAPSEI-01A.Ave_Beta	TARGET-NBL	450K	idat_sample_sheet_TARGET-NBL__450k_beta.txt	0.0	-2.4385931	10.046791
TARGET-30-PASUYG-01A	TARGET-30-PASUYG-01A.Ave_Beta	TARGET-NBL	450K	idat_sample_sheet_TARGET-NBL__450k_beta.txt	0.0	-3.138254	7.9151955
TARGET-30-PAPTAN-01A	TARGET-30-PAPTAN-01A.Ave_Beta	TARGET-NBL	450K	idat_sample_sheet_TARGET-NBL__450k_beta.txt	0.0	-2.7689135	11.505396
TARGET-30-PARACM-01A	TARGET-30-PARACM-01A.Ave_Beta	TARGET-NBL	450K	idat_sample_sheet_TARGET-NBL__450k_beta.txt	0.0	-2.785682	11.711452
TARGET-30-PAPVXS-01A	TARGET-30-PAPVXS-01A.Ave_Beta	TARGET-NBL	450K	idat_sample_sheet_TARGET-NBL__450k_beta.txt	0.0	-2.9634893	11.890145
TARGET-30-PAMMXF-01A	TARGET-30-PAMMXF-01A.Ave_Beta	TARGET-NBL	450K	idat_sample_sheet_TARGET-NBL__450k_beta.txt	0.0	-2.3809202	10.136312
TARGET-30-PASTKC-01A	TARGET-30-PASTKC-01A.Ave_Beta	TARGET-NBL	450K	idat_sample_sheet_TARGET-NBL__450k_beta.txt	0.0	-2.5672576	9.108754
TARGET-30-PARHYL-01A	TARGET-30-PARHYL-01A.Ave_Beta	TARGET-NBL	450K	idat_sample_sheet_TARGET-NBL__450k_beta.txt	0.0	-3.6351166	10.640812
TARGET-30-PALBFW-01A	TARGET-30-PALBFW-01A.Ave_Beta	TARGET-NBL	450K	idat_sample_sheet_TARGET-NBL__450k_beta.txt	0.0	-2.8798327	11.459611
TARGET-30-PASJYB-01A	TARGET-30-PASJYB-01A.Ave_Beta	TARGET-NBL	450K	idat_sample_sheet_TARGET-NBL__450k_beta.txt	0.0	-0.90516496	10.7568865
TARGET-30-PAPUJU-01A	TARGET-30-PAPUJU-01A.Ave_Beta	TARGET-NBL	450K	idat_sample_sheet_TARGET-NBL__450k_beta.txt	0.0	-2.411931	11.09496
TARGET-30-PAMZMJ-01A	TARGET-30-PAMZMJ-01A.Ave_Beta	TARGET-NBL	450K	idat_sample_sheet_TARGET-NBL__450k_beta.txt	0.0	-3.5361772	10.593762
TARGET-30-PASGUT-01A	TARGET-30-PASGUT-01A.Ave_Beta	TARGET-NBL	450K	idat_sample_sheet_TARGET-NBL__450k_beta.txt	0.0	-3.144924	12.18198
TARGET-30-PASNPG-01A	TARGET-30-PASNPG-01A.Ave_Beta	TARGET-NBL	450K	idat_sample_sheet_TARGET-NBL__450k_beta.txt	0.0	-3.9198573	10.76862
TARGET-30-PANRVJ-01A	TARGET-30-PANRVJ-01A.Ave_Beta	TARGET-NBL	450K	idat_sample_sheet_TARGET-NBL__450k_beta.txt	0.0	-2.826118	11.178138
TARGET-30-PASMDM-01A	TARGET-30-PASMDM-01A.Ave_Beta	TARGET-NBL	450K	idat_sample_sheet_TARGET-NBL__450k_beta.txt	0.0	-3.0195544	10.481619
TARGET-30-PASGPY-01A	TARGET-30-PASGPY-01A.Ave_Beta	TARGET-NBL	450K	idat_sample_sheet_TARGET-NBL__450k_beta.txt	0.0	-3.1746042	11.052373
TARGET-30-PASWFB-01A	TARGET-30-PASWFB-01A.Ave_Beta	TARGET-NBL	450K	idat_sample_sheet_TARGET-NBL__450k_beta.txt	0.0	-2.349435	10.1572
TARGET-00-NAAENN-11A	TARGET-00-NAAENN-11A.Ave_Beta	TARGET-NBL	450K	idat_sample_sheet_TARGET-NBL__450k_beta.txt	0.0	-2.430356	13.010377
TARGET-30-PAPVEB-04A	TARGET-30-PAPVEB-04A.Ave_Beta	TARGET-NBL	450K	idat_sample_sheet_TARGET-NBL__450k_beta.txt	0.0	-1.1645576	10.623167
TARGET-30-PAIVMJ-01A	TARGET-30-PAIVMJ-01A.Ave_Beta	TARGET-NBL	450K	idat_sample_sheet_TARGET-NBL__450k_beta.txt	0.0	-3.400181	10.420686
TARGET-30-PATYIL-01A	TARGET-30-PATYIL-01A.Ave_Beta	TARGET-NBL	450K	idat_sample_sheet_TARGET-NBL__450k_beta.txt	0.0	-2.4582932	10.557019
TARGET-30-PARSHT-01A	TARGET-30-PARSHT-01A.Ave_Beta	TARGET-NBL	450K	idat_sample_sheet_TARGET-NBL__450k_beta.txt	0.0	-1.5057815	10.942131
TARGET-30-PARSBI-01A	TARGET-30-PARSBI-01A.Ave_Beta	TARGET-NBL	450K	idat_sample_sheet_TARGET-NBL__450k_beta.txt	0.0	-2.8352358	11.246558
TARGET-30-PANNMS-01A	TARGET-30-PANNMS-01A.Ave_Beta	TARGET-NBL	450K	idat_sample_sheet_TARGET-NBL__450k_beta.txt	0.0	-2.947178	11.952443
TARGET-30-PASXIE-01A	TARGET-30-PASXIE-01A.Ave_Beta	TARGET-NBL	450K	idat_sample_sheet_TARGET-NBL__450k_beta.txt	0.0	-2.400043	10.101185
TARGET-30-PASREY-01A	TARGET-30-PASREY-01A.Ave_Beta	TARGET-NBL	450K	idat_sample_sheet_TARGET-NBL__450k_beta.txt	0.0	-3.0775797	10.524344
TARGET-30-PASHFA-02A	TARGET-30-PASHFA-02A.Ave_Beta	TARGET-NBL	450K	idat_sample_sheet_TARGET-NBL__450k_beta.txt	0.0	-2.4301443	10.078033
TARGET-30-PAPEFE-01A	TARGET-30-PAPEFE-01A.Ave_Beta	TARGET-NBL	450K	idat_sample_sheet_TARGET-NBL__450k_beta.txt	0.0	-3.5433228	10.821049
TARGET-30-PASNEF-01A	TARGET-30-PASNEF-01A.Ave_Beta	TARGET-NBL	450K	idat_sample_sheet_TARGET-NBL__450k_beta.txt	0.0	-3.06888	12.039151
TARGET-30-PALXTB-01A	TARGET-30-PALXTB-01A.Ave_Beta	TARGET-NBL	450K	idat_sample_sheet_TARGET-NBL__450k_beta.txt	0.0	-2.4734004	11.14918
TARGET-30-PARVLK-01A	TARGET-30-PARVLK-01A.Ave_Beta	TARGET-NBL	450K	idat_sample_sheet_TARGET-NBL__450k_beta.txt	0.0	-2.8070583	11.210379
TARGET-30-PALKXJ-01A	TARGET-30-PALKXJ-01A.Ave_Beta	TARGET-NBL	450K	idat_sample_sheet_TARGET-NBL__450k_beta.txt	0.0	-2.9276872	10.501176
TARGET-30-PAPTLY-01A	TARGET-30-PAPTLY-01A.Ave_Beta	TARGET-NBL	450K	idat_sample_sheet_TARGET-NBL__450k_beta.txt	0.0	-2.498614	9.910722
TARGET-30-PARSEA-01A	TARGET-30-PARSEA-01A.Ave_Beta	TARGET-NBL	450K	idat_sample_sheet_TARGET-NBL__450k_beta.txt	0.0	-2.3654912	11.2812
TARGET-30-PARGDJ-01A	TARGET-30-PARGDJ-01A.Ave_Beta	TARGET-NBL	450K	idat_sample_sheet_TARGET-NBL__450k_beta.txt	0.0	-2.6994383	11.268249
TARGET-30-PATDWN-01A	TARGET-30-PATDWN-01A.Ave_Beta	TARGET-NBL	450K	idat_sample_sheet_TARGET-NBL__450k_beta.txt	0.0	-2.329967	10.609049
TARGET-30-PATGLU-01A	TARGET-30-PATGLU-01A.Ave_Beta	TARGET-NBL	450K	idat_sample_sheet_TARGET-NBL__450k_beta.txt	0.0	-2.6196234	11.501245
TARGET-30-PANUIF-01A	TARGET-30-PANUIF-01A.Ave_Beta	TARGET-NBL	450K	idat_sample_sheet_TARGET-NBL__450k_beta.txt	0.0	-3.1454322	12.095219
TARGET-30-PARZCJ-01A	TARGET-30-PARZCJ-01A.Ave_Beta	TARGET-NBL	450K	idat_sample_sheet_TARGET-NBL__450k_beta.txt	0.0	-3.8187573	10.680595
TARGET-30-PASNPG-02A	TARGET-30-PASNPG-02A.Ave_Beta	TARGET-NBL	450K	idat_sample_sheet_TARGET-NBL__450k_beta.txt	0.0	-3.8305032	10.772947
TARGET-30-PASATK-01A	TARGET-30-PASATK-01A.Ave_Beta	TARGET-NBL	450K	idat_sample_sheet_TARGET-NBL__450k_beta.txt	0.0	-2.9479122	11.927336
TARGET-00-NAAENF-11A	TARGET-00-NAAENF-11A.Ave_Beta	TARGET-NBL	450K	idat_sample_sheet_TARGET-NBL__450k_beta.txt	0.0	-2.424272	13.091464
TARGET-30-PARGKK-01A	TARGET-30-PARGKK-01A.Ave_Beta	TARGET-NBL	450K	idat_sample_sheet_TARGET-NBL__450k_beta.txt	0.0	-2.6736739	11.570913
TARGET-30-PARAMT-01A	TARGET-30-PARAMT-01A.Ave_Beta	TARGET-NBL	450K	idat_sample_sheet_TARGET-NBL__450k_beta.txt	0.0	-2.8534567	11.214556
TARGET-30-PARIRD-01A	TARGET-30-PARIRD-01A.Ave_Beta	TARGET-NBL	450K	idat_sample_sheet_TARGET-NBL__450k_beta.txt	0.0	-3.1339865	7.8285346
TARGET-30-PARZIP-01A	TARGET-30-PARZIP-01A.Ave_Beta	TARGET-NBL	450K	idat_sample_sheet_TARGET-NBL__450k_beta.txt	0.0	-3.9509153	10.809006
TARGET-30-PASVRU-01A	TARGET-30-PASVRU-01A.Ave_Beta	TARGET-NBL	450K	idat_sample_sheet_TARGET-NBL__450k_beta.txt	0.0	-2.2676477	10.356966
TARGET-30-PAPCTS-01A	TARGET-30-PAPCTS-01A.Ave_Beta	TARGET-NBL	450K	idat_sample_sheet_TARGET-NBL__450k_beta.txt	0.0	-2.3178766	10.530045
TARGET-30-PALETP-01A	TARGET-30-PALETP-01A.Ave_Beta	TARGET-NBL	450K	idat_sample_sheet_TARGET-NBL__450k_beta.txt	0.0	-2.4291995	11.370412
TARGET-30-PALRIA-01A	TARGET-30-PALRIA-01A.Ave_Beta	TARGET-NBL	450K	idat_sample_sheet_TARGET-NBL__450k_beta.txt	0.0	-3.9800143	10.74111
TARGET-30-PAKINP-01A	TARGET-30-PAKINP-01A.Ave_Beta	TARGET-NBL	450K	idat_sample_sheet_TARGET-NBL__450k_beta.txt	0.0	-3.4580824	10.771909
TARGET-30-PASCLP-01A	TARGET-30-PASCLP-01A.Ave_Beta	TARGET-NBL	450K	idat_sample_sheet_TARGET-NBL__450k_beta.txt	0.0	-2.4134932	10.086816
TARGET-30-PAPTLD-01A	TARGET-30-PAPTLD-01A.Ave_Beta	TARGET-NBL	450K	idat_sample_sheet_TARGET-NBL__450k_beta.txt	0.0	-2.7707808	11.404204
TARGET-30-PASCKI-01A	TARGET-30-PASCKI-01A.Ave_Beta	TARGET-NBL	450K	idat_sample_sheet_TARGET-NBL__450k_beta.txt	0.0	-3.1097577	7.70551
TARGET-30-PASLGS-01A	TARGET-30-PASLGS-01A.Ave_Beta	TARGET-NBL	450K	idat_sample_sheet_TARGET-NBL__450k_beta.txt	0.0	-2.6763446	11.076589
TARGET-30-PAPICY-01A	TARGET-30-PAPICY-01A.Ave_Beta	TARGET-NBL	450K	idat_sample_sheet_TARGET-NBL__450k_beta.txt	0.0	-3.4268718	10.51866
TARGET-30-PALHVD-01A	TARGET-30-PALHVD-01A.Ave_Beta	TARGET-NBL	450K	idat_sample_sheet_TARGET-NBL__450k_beta.txt	0.0	-2.276166	8.679235
TARGET-30-PAPTLV-01A	TARGET-30-PAPTLV-01A.Ave_Beta	TARGET-NBL	450K	idat_sample_sheet_TARGET-NBL__450k_beta.txt	0.0	-2.5326297	9.694355
TARGET-30-PAPWUC-01A	TARGET-30-PAPWUC-01A.Ave_Beta	TARGET-NBL	450K	idat_sample_sheet_TARGET-NBL__450k_beta.txt	0.0	-1.3560102	11.041734
TARGET-30-PALIIN-01A	TARGET-30-PALIIN-01A.Ave_Beta	TARGET-NBL	450K	idat_sample_sheet_TARGET-NBL__450k_beta.txt	0.0	-3.338439	10.813856
TARGET-30-PAPUAR-01A	TARGET-30-PAPUAR-01A.Ave_Beta	TARGET-NBL	450K	idat_sample_sheet_TARGET-NBL__450k_beta.txt	0.0	-2.7662723	11.439741
TARGET-30-PATNKP-01A	TARGET-30-PATNKP-01A.Ave_Beta	TARGET-NBL	450K	idat_sample_sheet_TARGET-NBL__450k_beta.txt	0.0	-3.0743537	10.978636
TARGET-30-PATCFL-01A	TARGET-30-PATCFL-01A.Ave_Beta	TARGET-NBL	450K	idat_sample_sheet_TARGET-NBL__450k_beta.txt	0.0	-2.7219493	11.395099
TARGET-30-PARNTS-01A	TARGET-30-PARNTS-01A.Ave_Beta	TARGET-NBL	450K	idat_sample_sheet_TARGET-NBL__450k_beta.txt	0.0	-3.220475	11.003768
TARGET-00-NAAENH-11A	TARGET-00-NAAENH-11A.Ave_Beta	TARGET-NBL	450K	idat_sample_sheet_TARGET-NBL__450k_beta.txt	0.0	-2.3898067	13.018009
TARGET-30-PAPUNH-01A	TARGET-30-PAPUNH-01A.Ave_Beta	TARGET-NBL	450K	idat_sample_sheet_TARGET-NBL__450k_beta.txt	0.0	-2.3857572	10.012691
TARGET-30-PAUDDK-02A	TARGET-30-PAUDDK-02A.Ave_Beta	TARGET-NBL	450K	idat_sample_sheet_TARGET-NBL__450k_beta.txt	0.0	-3.4395344	10.89655
TARGET-30-PAITCI-01A	TARGET-30-PAITCI-01A.Ave_Beta	TARGET-NBL	450K	idat_sample_sheet_TARGET-NBL__450k_beta.txt	0.0	-1.3738123	10.455737
TARGET-00-NAAENM-11A	TARGET-00-NAAENM-11A.Ave_Beta	TARGET-NBL	450K	idat_sample_sheet_TARGET-NBL__450k_beta.txt	0.0	-2.4074585	13.060726
TARGET-30-PASNML-01A	TARGET-30-PASNML-01A.Ave_Beta	TARGET-NBL	450K	idat_sample_sheet_TARGET-NBL__450k_beta.txt	0.0	-3.4492314	10.453567
TARGET-30-PAPTIP-01A	TARGET-30-PAPTIP-01A.Ave_Beta	TARGET-NBL	450K	idat_sample_sheet_TARGET-NBL__450k_beta.txt	0.0	-2.4210997	10.499063
TARGET-30-PASXHE-01A	TARGET-30-PASXHE-01A.Ave_Beta	TARGET-NBL	450K	idat_sample_sheet_TARGET-NBL__450k_beta.txt	0.0	-3.1245146	12.054116
TARGET-30-PASUCB-01A	TARGET-30-PASUCB-01A.Ave_Beta	TARGET-NBL	450K	idat_sample_sheet_TARGET-NBL__450k_beta.txt	0.0	-2.387652	9.976833
TARGET-30-PASCUF-01A	TARGET-30-PASCUF-01A.Ave_Beta	TARGET-NBL	450K	idat_sample_sheet_TARGET-NBL__450k_beta.txt	0.0	-2.7161996	11.156619
TARGET-30-PASPER-01A	TARGET-30-PASPER-01A.Ave_Beta	TARGET-NBL	450K	idat_sample_sheet_TARGET-NBL__450k_beta.txt	0.0	-2.8670194	10.961635
TARGET-30-PAPVRN-01A	TARGET-30-PAPVRN-01A.Ave_Beta	TARGET-NBL	450K	idat_sample_sheet_TARGET-NBL__450k_beta.txt	0.0	-2.5685818	11.06402
TARGET-30-PASJZC-01A	TARGET-30-PASJZC-01A.Ave_Beta	TARGET-NBL	450K	idat_sample_sheet_TARGET-NBL__450k_beta.txt	0.0	-3.0880792	10.480114
TARGET-30-PASSWW-01A	TARGET-30-PASSWW-01A.Ave_Beta	TARGET-NBL	450K	idat_sample_sheet_TARGET-NBL__450k_beta.txt	0.0	-3.3431053	10.468098
TARGET-30-PARMFA-01A	TARGET-30-PARMFA-01A.Ave_Beta	TARGET-NBL	450K	idat_sample_sheet_TARGET-NBL__450k_beta.txt	0.0	-3.0982137	12.072256
TARGET-30-PARDIW-01A	TARGET-30-PARDIW-01A.Ave_Beta	TARGET-NBL	450K	idat_sample_sheet_TARGET-NBL__450k_beta.txt	0.0	-2.851214	8.002936
TARGET-30-PARABN-01A	TARGET-30-PARABN-01A.Ave_Beta	TARGET-NBL	450K	idat_sample_sheet_TARGET-NBL__450k_beta.txt	0.0	-2.5290802	10.064963
TARGET-30-PALSAE-01A	TARGET-30-PALSAE-01A.Ave_Beta	TARGET-NBL	450K	idat_sample_sheet_TARGET-NBL__450k_beta.txt	0.0	-3.3192456	10.705078
TARGET-30-PARKGJ-01A	TARGET-30-PARKGJ-01A.Ave_Beta	TARGET-NBL	450K	idat_sample_sheet_TARGET-NBL__450k_beta.txt	0.0	-2.9147642	11.679916
TARGET-30-PATFXV-01A	TARGET-30-PATFXV-01A.Ave_Beta	TARGET-NBL	450K	idat_sample_sheet_TARGET-NBL__450k_beta.txt	0.0	-2.3777523	10.197652
TARGET-30-PALZRG-01A	TARGET-30-PALZRG-01A.Ave_Beta	TARGET-NBL	450K	idat_sample_sheet_TARGET-NBL__450k_beta.txt	0.0	-3.4713006	10.727993
TARGET-30-PASSRN-01A	TARGET-30-PASSRN-01A.Ave_Beta	TARGET-NBL	450K	idat_sample_sheet_TARGET-NBL__450k_beta.txt	0.0	-2.795954	8.3381195
TARGET-30-PAIVZR-01A	TARGET-30-PAIVZR-01A.Ave_Beta	TARGET-NBL	450K	idat_sample_sheet_TARGET-NBL__450k_beta.txt	0.0	-2.292633	10.27783
TARGET-30-PAPBZI-01A	TARGET-30-PAPBZI-01A.Ave_Beta	TARGET-NBL	450K	idat_sample_sheet_TARGET-NBL__450k_beta.txt	0.0	-3.0615015	11.333001
TARGET-30-PARFWB-01A	TARGET-30-PARFWB-01A.Ave_Beta	TARGET-NBL	450K	idat_sample_sheet_TARGET-NBL__450k_beta.txt	0.0	-2.811124	11.790136
TARGET-30-PASSRS-01A	TARGET-30-PASSRS-01A.Ave_Beta	TARGET-NBL	450K	idat_sample_sheet_TARGET-NBL__450k_beta.txt	0.0	-2.787133	11.38717
TARGET-30-PANBSP-01A	TARGET-30-PANBSP-01A.Ave_Beta	TARGET-NBL	450K	idat_sample_sheet_TARGET-NBL__450k_beta.txt	0.0	-2.60068	7.1180186
TARGET-30-PARDCK-01A	TARGET-30-PARDCK-01A.Ave_Beta	TARGET-NBL	450K	idat_sample_sheet_TARGET-NBL__450k_beta.txt	0.0	-3.0026104	12.018665
TARGET-30-PAKYZS-01A	TARGET-30-PAKYZS-01A.Ave_Beta	TARGET-NBL	450K	idat_sample_sheet_TARGET-NBL__450k_beta.txt	0.0	-2.7094204	11.206578
TARGET-30-PAPTCR-01A	TARGET-30-PAPTCR-01A.Ave_Beta	TARGET-NBL	450K	idat_sample_sheet_TARGET-NBL__450k_beta.txt	0.0	-2.211743	11.270319
TARGET-30-PARIKF-01A	TARGET-30-PARIKF-01A.Ave_Beta	TARGET-NBL	450K	idat_sample_sheet_TARGET-NBL__450k_beta.txt	0.0	-2.4622712	10.03559
TARGET-30-PARJVP-01A	TARGET-30-PARJVP-01A.Ave_Beta	TARGET-NBL	450K	idat_sample_sheet_TARGET-NBL__450k_beta.txt	0.0	-3.60268	10.527571
TARGET-30-PALZZV-01A	TARGET-30-PALZZV-01A.Ave_Beta	TARGET-NBL	450K	idat_sample_sheet_TARGET-NBL__450k_beta.txt	0.0	-2.4212565	10.068564
TARGET-30-PATESI-01A	TARGET-30-PATESI-01A.Ave_Beta	TARGET-NBL	450K	idat_sample_sheet_TARGET-NBL__450k_beta.txt	0.0	-2.365522	10.469352
TARGET-30-PALEVG-01A	TARGET-30-PALEVG-01A.Ave_Beta	TARGET-NBL	450K	idat_sample_sheet_TARGET-NBL__450k_beta.txt	0.0	-2.4306464	10.501012
TARGET-30-PAPSKM-01A	TARGET-30-PAPSKM-01A.Ave_Beta	TARGET-NBL	450K	idat_sample_sheet_TARGET-NBL__450k_beta.txt	0.0	-2.397475	11.001687
TARGET-30-PASWVY-01A	TARGET-30-PASWVY-01A.Ave_Beta	TARGET-NBL	450K	idat_sample_sheet_TARGET-NBL__450k_beta.txt	0.0	-3.1596856	11.770112
TARGET-30-PASFIC-01A	TARGET-30-PASFIC-01A.Ave_Beta	TARGET-NBL	450K	idat_sample_sheet_TARGET-NBL__450k_beta.txt	0.0	-3.0872748	10.454607
TARGET-30-PASBEN-01A	TARGET-30-PASBEN-01A.Ave_Beta	TARGET-NBL	450K	idat_sample_sheet_TARGET-NBL__450k_beta.txt	0.0	-2.8546398	11.816667
TARGET-30-PARMTT-01A	TARGET-30-PARMTT-01A.Ave_Beta	TARGET-NBL	450K	idat_sample_sheet_TARGET-NBL__450k_beta.txt	0.0	-2.9759748	11.498491
TARGET-00-NAAENL-11A	TARGET-00-NAAENL-11A.Ave_Beta	TARGET-NBL	450K	idat_sample_sheet_TARGET-NBL__450k_beta.txt	0.0	-2.3890727	13.04126
TARGET-30-PARVME-01A	TARGET-30-PARVME-01A.Ave_Beta	TARGET-NBL	450K	idat_sample_sheet_TARGET-NBL__450k_beta.txt	0.0	-2.9892762	12.021272
TARGET-30-PASRFS-01A	TARGET-30-PASRFS-01A.Ave_Beta	TARGET-NBL	450K	idat_sample_sheet_TARGET-NBL__450k_beta.txt	0.0	-2.7941186	11.722761
TARGET-00-NAAENP-11A	TARGET-00-NAAENP-11A.Ave_Beta	TARGET-NBL	450K	idat_sample_sheet_TARGET-NBL__450k_beta.txt	0.0	-2.3630855	13.010896
TARGET-30-PAUDDK-01A	TARGET-30-PAUDDK-01A.Ave_Beta	TARGET-NBL	450K	idat_sample_sheet_TARGET-NBL__450k_beta.txt	0.0	-3.882709	10.750786
TARGET-30-PANZVU-01A	TARGET-30-PANZVU-01A.Ave_Beta	TARGET-NBL	450K	idat_sample_sheet_TARGET-NBL__450k_beta.txt	0.0	-2.820638	11.369519
TARGET-30-PAPKXS-01A	TARGET-30-PAPKXS-01A.Ave_Beta	TARGET-NBL	450K	idat_sample_sheet_TARGET-NBL__450k_beta.txt	0.0	-3.0769327	10.928007
TARGET-30-PARACS-01A	TARGET-30-PARACS-01A.Ave_Beta	TARGET-NBL	450K	idat_sample_sheet_TARGET-NBL__450k_beta.txt	0.0	-2.8388524	11.518334
TARGET-30-PATAYJ-01A	TARGET-30-PATAYJ-01A.Ave_Beta	TARGET-NBL	450K	idat_sample_sheet_TARGET-NBL__450k_beta.txt	0.0	-3.636854	10.446394
TARGET-30-PAPRXW-01A	TARGET-30-PAPRXW-01A.Ave_Beta	TARGET-NBL	450K	idat_sample_sheet_TARGET-NBL__450k_beta.txt	0.0	-2.485062	9.97325
TARGET-30-PARFRE-01A	TARGET-30-PARFRE-01A.Ave_Beta	TARGET-NBL	450K	idat_sample_sheet_TARGET-NBL__450k_beta.txt	0.0	-3.5493386	10.570883
TARGET-00-NAAENR-11A	TARGET-00-NAAENR-11A.Ave_Beta	TARGET-NBL	450K	idat_sample_sheet_TARGET-NBL__450k_beta.txt	0.0	-2.4081345	13.037784
TARGET-30-PAREGK-01A	TARGET-30-PAREGK-01A.Ave_Beta	TARGET-NBL	450K	idat_sample_sheet_TARGET-NBL__450k_beta.txt	0.0	-3.6451795	10.718627
TARGET-30-PAPBGH-01A	TARGET-30-PAPBGH-01A.Ave_Beta	TARGET-NBL	450K	idat_sample_sheet_TARGET-NBL__450k_beta.txt	0.0	-2.0496569	10.527294
TARGET-30-PASMJG-01A	TARGET-30-PASMJG-01A.Ave_Beta	TARGET-NBL	450K	idat_sample_sheet_TARGET-NBL__450k_beta.txt	0.0	-2.210955	11.3197365
TARGET-30-PATGJU-01A	TARGET-30-PATGJU-01A.Ave_Beta	TARGET-NBL	450K	idat_sample_sheet_TARGET-NBL__450k_beta.txt	0.0	-2.9751115	10.451921
TARGET-30-PANZPV-01A	TARGET-30-PANZPV-01A.Ave_Beta	TARGET-NBL	450K	idat_sample_sheet_TARGET-NBL__450k_beta.txt	0.0	-3.0903838	11.348101
TARGET-30-PANRRW-01A	TARGET-30-PANRRW-01A.Ave_Beta	TARGET-NBL	450K	idat_sample_sheet_TARGET-NBL__450k_beta.txt	0.0	-2.2001486	10.987494
TARGET-30-PARCET-01A	TARGET-30-PARCET-01A.Ave_Beta	TARGET-NBL	450K	idat_sample_sheet_TARGET-NBL__450k_beta.txt	0.0	-3.0135782	10.634242
TARGET-30-PALVUC-01A	TARGET-30-PALVUC-01A.Ave_Beta	TARGET-NBL	450K	idat_sample_sheet_TARGET-NBL__450k_beta.txt	0.0	-3.6025841	10.575627
TARGET-30-PARBAJ-01A	TARGET-30-PARBAJ-01A.Ave_Beta	TARGET-NBL	450K	idat_sample_sheet_TARGET-NBL__450k_beta.txt	0.0	-3.231703	10.454796
TARGET-30-PALCBW-01A	TARGET-30-PALCBW-01A.Ave_Beta	TARGET-NBL	450K	idat_sample_sheet_TARGET-NBL__450k_beta.txt	0.0	-2.2116592	11.284335
TARGET-30-PALNVP-01A	TARGET-30-PALNVP-01A.Ave_Beta	TARGET-NBL	450K	idat_sample_sheet_TARGET-NBL__450k_beta.txt	0.0	-3.5459251	10.672861
TARGET-30-PASXRJ-01A	TARGET-30-PASXRJ-01A.Ave_Beta	TARGET-NBL	450K	idat_sample_sheet_TARGET-NBL__450k_beta.txt	0.0	-2.8207035	11.56515
TARGET-30-PASFRV-01A	TARGET-30-PASFRV-01A.Ave_Beta	TARGET-NBL	450K	idat_sample_sheet_TARGET-NBL__450k_beta.txt	0.0	-3.0481718	11.576389
TARGET-30-PAPZYP-01A	TARGET-30-PAPZYP-01A.Ave_Beta	TARGET-NBL	450K	idat_sample_sheet_TARGET-NBL__450k_beta.txt	0.0	-1.9781492	10.306514
TARGET-30-PARURB-01A	TARGET-30-PARURB-01A.Ave_Beta	TARGET-NBL	450K	idat_sample_sheet_TARGET-NBL__450k_beta.txt	0.0	-2.7963054	10.761378
TARGET-30-PAPVFD-01A	TARGET-30-PAPVFD-01A.Ave_Beta	TARGET-NBL	450K	idat_sample_sheet_TARGET-NBL__450k_beta.txt	0.0	-2.754869	11.628638
TARGET-30-PATNKP-02A	TARGET-30-PATNKP-02A.Ave_Beta	TARGET-NBL	450K	idat_sample_sheet_TARGET-NBL__450k_beta.txt	0.0	-2.9356399	11.191349
TARGET-30-PATDXC-01A	TARGET-30-PATDXC-01A.Ave_Beta	TARGET-NBL	450K	idat_sample_sheet_TARGET-NBL__450k_beta.txt	0.0	-2.9377117	11.246085
TARGET-00-NAAENK-11A	TARGET-00-NAAENK-11A.Ave_Beta	TARGET-NBL	450K	idat_sample_sheet_TARGET-NBL__450k_beta.txt	0.0	-2.3981826	13.064417
TARGET-30-PASKJX-01A	TARGET-30-PASKJX-01A.Ave_Beta	TARGET-NBL	450K	idat_sample_sheet_TARGET-NBL__450k_beta.txt	0.0	-3.0300202	11.475481
TARGET-30-PAPZFW-01A	TARGET-30-PAPZFW-01A.Ave_Beta	TARGET-NBL	450K	idat_sample_sheet_TARGET-NBL__450k_beta.txt	0.0	-2.834072	11.429535
TARGET-30-PASZKE-01A	TARGET-30-PASZKE-01A.Ave_Beta	TARGET-NBL	450K	idat_sample_sheet_TARGET-NBL__450k_beta.txt	0.0	-3.2709131	10.5388775
TARGET-30-PARCWT-01A	TARGET-30-PARCWT-01A.Ave_Beta	TARGET-NBL	450K	idat_sample_sheet_TARGET-NBL__450k_beta.txt	0.0	-2.8603785	11.420448
TARGET-30-PARRBU-01A	TARGET-30-PARRBU-01A.Ave_Beta	TARGET-NBL	450K	idat_sample_sheet_TARGET-NBL__450k_beta.txt	0.0	-2.5192885	10.061624
TARGET-30-PAPUTN-01A	TARGET-30-PAPUTN-01A.Ave_Beta	TARGET-NBL	450K	idat_sample_sheet_TARGET-NBL__450k_beta.txt	0.0	-2.2807696	10.528429
TARGET-30-PAPTFZ-01A	TARGET-30-PAPTFZ-01A.Ave_Beta	TARGET-NBL	450K	idat_sample_sheet_TARGET-NBL__450k_beta.txt	0.0	-2.3857841	10.080968
TARGET-30-PAMZSH-01A	TARGET-30-PAMZSH-01A.Ave_Beta	TARGET-NBL	450K	idat_sample_sheet_TARGET-NBL__450k_beta.txt	0.0	-3.4144042	10.763637
TARGET-30-PAPKWN-01A	TARGET-30-PAPKWN-01A.Ave_Beta	TARGET-NBL	450K	idat_sample_sheet_TARGET-NBL__450k_beta.txt	0.0	-3.6994703	10.878643
TARGET-30-PASDZJ-01A	TARGET-30-PASDZJ-01A.Ave_Beta	TARGET-NBL	450K	idat_sample_sheet_TARGET-NBL__450k_beta.txt	0.0	-2.1384785	10.604091
TARGET-30-PALVVH-01A	TARGET-30-PALVVH-01A.Ave_Beta	TARGET-NBL	450K	idat_sample_sheet_TARGET-NBL__450k_beta.txt	0.0	-3.4892073	10.562308
TARGET-30-PARDUJ-01A	TARGET-30-PARDUJ-01A.Ave_Beta	TARGET-NBL	450K	idat_sample_sheet_TARGET-NBL__450k_beta.txt	0.0	-2.917052	11.600547
TARGET-30-PATFCY-01A	TARGET-30-PATFCY-01A.Ave_Beta	TARGET-NBL	450K	idat_sample_sheet_TARGET-NBL__450k_beta.txt	0.0	-1.4024906	10.759351
TARGET-30-PAMYCE-01A	TARGET-30-PAMYCE-01A.Ave_Beta	TARGET-NBL	450K	idat_sample_sheet_TARGET-NBL__450k_beta.txt	0.0	-2.7102833	11.5194
TARGET-30-PAKZRH-01A	TARGET-30-PAKZRH-01A.Ave_Beta	TARGET-NBL	450K	idat_sample_sheet_TARGET-NBL__450k_beta.txt	0.0	-3.4551146	10.3921795
TARGET-30-PAMNLH-01A	TARGET-30-PAMNLH-01A.Ave_Beta	TARGET-NBL	450K	idat_sample_sheet_TARGET-NBL__450k_beta.txt	0.0	-3.0626526	12.037428
TARGET-30-PAPTLA-01A	TARGET-30-PAPTLA-01A.Ave_Beta	TARGET-NBL	450K	idat_sample_sheet_TARGET-NBL__450k_beta.txt	0.0	-3.0839124	12.079838
TARGET-30-PASMNT-01A	TARGET-30-PASMNT-01A.Ave_Beta	TARGET-NBL	450K	idat_sample_sheet_TARGET-NBL__450k_beta.txt	0.0	-3.1832402	12.055244
TARGET-30-PAMLNB-01A	TARGET-30-PAMLNB-01A.Ave_Beta	TARGET-NBL	450K	idat_sample_sheet_TARGET-NBL__450k_beta.txt	0.0	-2.4718418	9.202315
TARGET-30-PANRHJ-01A	TARGET-30-PANRHJ-01A.Ave_Beta	TARGET-NBL	450K	idat_sample_sheet_TARGET-NBL__450k_beta.txt	0.0	-3.7290013	10.795829
TARGET-30-PASEGA-01A	TARGET-30-PASEGA-01A.Ave_Beta	TARGET-NBL	450K	idat_sample_sheet_TARGET-NBL__450k_beta.txt	0.0	-2.5864065	8.470652
TARGET-30-PARYNK-01A	TARGET-30-PARYNK-01A.Ave_Beta	TARGET-NBL	450K	idat_sample_sheet_TARGET-NBL__450k_beta.txt	0.0	-2.825531	11.53091
TARGET-30-PASWIJ-01A	TARGET-30-PASWIJ-01A.Ave_Beta	TARGET-NBL	450K	idat_sample_sheet_TARGET-NBL__450k_beta.txt	0.0	-3.0828469	11.763149
TARGET-30-PAMZMG-01A	TARGET-30-PAMZMG-01A.Ave_Beta	TARGET-NBL	450K	idat_sample_sheet_TARGET-NBL__450k_beta.txt	0.0	-2.4322686	10.0624695
TARGET-30-PAIFXV-01A	TARGET-30-PAIFXV-01A.Ave_Beta	TARGET-NBL	450K	idat_sample_sheet_TARGET-NBL__450k_beta.txt	0.0	-2.8107512	11.149536
TARGET-30-PATBMM-01A	TARGET-30-PATBMM-01A.Ave_Beta	TARGET-NBL	450K	idat_sample_sheet_TARGET-NBL__450k_beta.txt	0.0	-2.6907747	11.40992
TARGET-30-PALKKV-01A	TARGET-30-PALKKV-01A.Ave_Beta	TARGET-NBL	450K	idat_sample_sheet_TARGET-NBL__450k_beta.txt	0.0	-3.4748452	10.594068
TARGET-30-PALUDH-01A	TARGET-30-PALUDH-01A.Ave_Beta	TARGET-NBL	450K	idat_sample_sheet_TARGET-NBL__450k_beta.txt	0.0	-3.1245108	12.116411
TARGET-30-PAPBJE-01A	TARGET-30-PAPBJE-01A.Ave_Beta	TARGET-NBL	450K	idat_sample_sheet_TARGET-NBL__450k_beta.txt	0.0	-2.4754102	9.948827
TARGET-30-PASGAP-01A	TARGET-30-PASGAP-01A.Ave_Beta	TARGET-NBL	450K	idat_sample_sheet_TARGET-NBL__450k_beta.txt	0.0	-2.5058148	10.981572
TARGET-30-PAPZYZ-01A	TARGET-30-PAPZYZ-01A.Ave_Beta	TARGET-NBL	450K	idat_sample_sheet_TARGET-NBL__450k_beta.txt	0.0	-2.4425669	10.088034
TARGET-30-PATYIL-02A	TARGET-30-PATYIL-02A.Ave_Beta	TARGET-NBL	450K	idat_sample_sheet_TARGET-NBL__450k_beta.txt	0.0	-2.4237113	10.679421
TARGET-30-PARHAM-01A	TARGET-30-PARHAM-01A.Ave_Beta	TARGET-NBL	450K	idat_sample_sheet_TARGET-NBL__450k_beta.txt	0.0	-3.9572992	10.790306
TARGET-30-PAPTMM-01A	TARGET-30-PAPTMM-01A.Ave_Beta	TARGET-NBL	450K	idat_sample_sheet_TARGET-NBL__450k_beta.txt	0.0	-2.7772133	8.1029
TARGET-30-PANXJL-01A	TARGET-30-PANXJL-01A.Ave_Beta	TARGET-NBL	450K	idat_sample_sheet_TARGET-NBL__450k_beta.txt	0.0	-3.1197093	11.08025
TARGET-30-PASAZJ-01A	TARGET-30-PASAZJ-01A.Ave_Beta	TARGET-NBL	450K	idat_sample_sheet_TARGET-NBL__450k_beta.txt	0.0	-2.9317265	10.706868
TARGET-30-PARDYU-01A	TARGET-30-PARDYU-01A.Ave_Beta	TARGET-NBL	450K	idat_sample_sheet_TARGET-NBL__450k_beta.txt	0.0	-2.4784224	10.0294
TARGET-30-PANBMJ-01A	TARGET-30-PANBMJ-01A.Ave_Beta	TARGET-NBL	450K	idat_sample_sheet_TARGET-NBL__450k_beta.txt	0.0	-1.5551367	11.156659
TARGET-30-PARBLH-01A	TARGET-30-PARBLH-01A.Ave_Beta	TARGET-NBL	450K	idat_sample_sheet_TARGET-NBL__450k_beta.txt	0.0	-2.7267025	11.718429
TARGET-30-PASGAP-02A	TARGET-30-PASGAP-02A.Ave_Beta	TARGET-NBL	450K	idat_sample_sheet_TARGET-NBL__450k_beta.txt	0.0	-3.0126038	11.649944
TARGET-30-PARNNC-01A	TARGET-30-PARNNC-01A.Ave_Beta	TARGET-NBL	450K	idat_sample_sheet_TARGET-NBL__450k_beta.txt	0.0	-3.6580136	10.403531
TARGET-30-PARASL-01A	TARGET-30-PARASL-01A.Ave_Beta	TARGET-NBL	450K	idat_sample_sheet_TARGET-NBL__450k_beta.txt	0.0	-2.6651824	11.711649
TARGET-30-PANUKV-01A	TARGET-30-PANUKV-01A.Ave_Beta	TARGET-NBL	450K	idat_sample_sheet_TARGET-NBL__450k_beta.txt	0.0	-2.3795323	10.5611
TARGET-30-PASNZU-01A	TARGET-30-PASNZU-01A.Ave_Beta	TARGET-NBL	450K	idat_sample_sheet_TARGET-NBL__450k_beta.txt	0.0	-2.29676	10.25253
TARGET-30-PARBGP-01A	TARGET-30-PARBGP-01A.Ave_Beta	TARGET-NBL	450K	idat_sample_sheet_TARGET-NBL__450k_beta.txt	0.0	-2.6397104	11.731081
TARGET-30-PASHFA-01A	TARGET-30-PASHFA-01A.Ave_Beta	TARGET-NBL	450K	idat_sample_sheet_TARGET-NBL__450k_beta.txt	0.0	-2.386951	10.141716
TARGET-30-PASCTR-01A	TARGET-30-PASCTR-01A.Ave_Beta	TARGET-NBL	450K	idat_sample_sheet_TARGET-NBL__450k_beta.txt	0.0	-3.425619	10.380335
TARGET-30-PANWRR-01A	TARGET-30-PANWRR-01A.Ave_Beta	TARGET-NBL	450K	idat_sample_sheet_TARGET-NBL__450k_beta.txt	0.0	-2.8846211	7.4373918
TARGET-30-PAMCXF-01A	TARGET-30-PAMCXF-01A.Ave_Beta	TARGET-NBL	450K	idat_sample_sheet_TARGET-NBL__450k_beta.txt	0.0	-1.9968791	10.436013
TARGET-30-PAPTDH-01A	TARGET-30-PAPTDH-01A.Ave_Beta	TARGET-NBL	450K	idat_sample_sheet_TARGET-NBL__450k_beta.txt	0.0	-3.518803	10.457069
TARGET-30-PARSRJ-01A	TARGET-30-PARSRJ-01A.Ave_Beta	TARGET-NBL	450K	idat_sample_sheet_TARGET-NBL__450k_beta.txt	0.0	-3.4615047	11.000306
TARGET-30-PAIPGU-01A	TARGET-30-PAIPGU-01A.Ave_Beta	TARGET-NBL	450K	idat_sample_sheet_TARGET-NBL__450k_beta.txt	0.0	-3.0361419	12.059986
TARGET-30-PAMZGT-01A	TARGET-30-PAMZGT-01A.Ave_Beta	TARGET-NBL	450K	idat_sample_sheet_TARGET-NBL__450k_beta.txt	0.0	-2.521027	10.489993
TARGET-30-PASUML-01A	TARGET-30-PASUML-01A.Ave_Beta	TARGET-NBL	450K	idat_sample_sheet_TARGET-NBL__450k_beta.txt	0.0	-2.9760346	10.499452
TARGET-30-PATHKB-01A	TARGET-30-PATHKB-01A.Ave_Beta	TARGET-NBL	450K	idat_sample_sheet_TARGET-NBL__450k_beta.txt	0.0	-1.5598181	10.578412
TARGET-30-PARUXY-01A	TARGET-30-PARUXY-01A.Ave_Beta	TARGET-NBL	450K	idat_sample_sheet_TARGET-NBL__450k_beta.txt	0.0	-3.2295346	11.493558
TARGET-30-PARDVT-01A	TARGET-30-PARDVT-01A.Ave_Beta	TARGET-NBL	450K	idat_sample_sheet_TARGET-NBL__450k_beta.txt	0.0	-3.283902	11.16307
TARGET-30-PASYLD-01A	TARGET-30-PASYLD-01A.Ave_Beta	TARGET-NBL	450K	idat_sample_sheet_TARGET-NBL__450k_beta.txt	0.0	-3.0964427	8.041299
TARGET-30-PAIXFZ-01A	TARGET-30-PAIXFZ-01A.Ave_Beta	TARGET-NBL	450K	idat_sample_sheet_TARGET-NBL__450k_beta.txt	0.0	-3.4529343	10.372999
TARGET-30-PASPBZ-01A	TARGET-30-PASPBZ-01A.Ave_Beta	TARGET-NBL	450K	idat_sample_sheet_TARGET-NBL__450k_beta.txt	0.0	-3.4340227	10.330033
TARGET-30-PASCFC-01A	TARGET-30-PASCFC-01A.Ave_Beta	TARGET-NBL	450K	idat_sample_sheet_TARGET-NBL__450k_beta.txt	0.0	-3.291705	10.48912
TARGET-30-PASYPX-01A	TARGET-30-PASYPX-01A.Ave_Beta	TARGET-NBL	450K	idat_sample_sheet_TARGET-NBL__450k_beta.txt	0.0	-2.86549	10.867368
TARGET-30-PATHVK-01A	TARGET-30-PATHVK-01A.Ave_Beta	TARGET-NBL	450K	idat_sample_sheet_TARGET-NBL__450k_beta.txt	0.0	-3.3492286	10.927012
TARGET-30-PANYGR-01A	TARGET-30-PANYGR-01A.Ave_Beta	TARGET-NBL	450K	idat_sample_sheet_TARGET-NBL__450k_beta.txt	0.0	-2.9020352	11.885055
TARGET-30-PASWYR-01A	TARGET-30-PASWYR-01A.Ave_Beta	TARGET-NBL	450K	idat_sample_sheet_TARGET-NBL__450k_beta.txt	0.0	-2.4643304	9.948037
TARGET-30-PARNCW-01A	TARGET-30-PARNCW-01A.Ave_Beta	TARGET-NBL	450K	idat_sample_sheet_TARGET-NBL__450k_beta.txt	0.0	-3.1063073	11.472892
TARGET-30-PANKFE-01A	TARGET-30-PANKFE-01A.Ave_Beta	TARGET-NBL	450K	idat_sample_sheet_TARGET-NBL__450k_beta.txt	0.0	-2.2155685	11.292371
TARGET-30-PARNEE-01A	TARGET-30-PARNEE-01A.Ave_Beta	TARGET-NBL	450K	idat_sample_sheet_TARGET-NBL__450k_beta.txt	0.0	-2.3732486	10.596043
TARGET-30-PAPUWY-01A	TARGET-30-PAPUWY-01A.Ave_Beta	TARGET-NBL	450K	idat_sample_sheet_TARGET-NBL__450k_beta.txt	0.0	-3.1481616	11.95823
TARGET-30-PASXRG-01A	TARGET-30-PASXRG-01A.Ave_Beta	TARGET-NBL	450K	idat_sample_sheet_TARGET-NBL__450k_beta.txt	0.0	-2.6473765	11.376896
TARGET-30-PAIVHE-01A	TARGET-30-PAIVHE-01A.Ave_Beta	TARGET-NBL	450K	idat_sample_sheet_TARGET-NBL__450k_beta.txt	0.0	-2.7266483	11.513313
TARGET-30-PASFGG-01A	TARGET-30-PASFGG-01A.Ave_Beta	TARGET-NBL	450K	idat_sample_sheet_TARGET-NBL__450k_beta.txt	0.0	-2.4022152	11.481104
TARGET-30-PARBAJ-02A	TARGET-30-PARBAJ-02A.Ave_Beta	TARGET-NBL	450K	idat_sample_sheet_TARGET-NBL__450k_beta.txt	0.0	-2.6105444	10.754547
TARGET-30-PARAHE-01A	TARGET-30-PARAHE-01A.Ave_Beta	TARGET-NBL	450K	idat_sample_sheet_TARGET-NBL__450k_beta.txt	0.0	-3.239185	11.54806
TARGET-30-PARXLM-01A	TARGET-30-PARXLM-01A.Ave_Beta	TARGET-NBL	450K	idat_sample_sheet_TARGET-NBL__450k_beta.txt	0.0	-3.21052	10.63072
TARGET-30-PAISNS-01A	TARGET-30-PAISNS-01A.Ave_Beta	TARGET-NBL	450K	idat_sample_sheet_TARGET-NBL__450k_beta.txt	0.0	-2.4112086	10.90922
TARGET-00-NAAEPE-11A	TARGET-00-NAAEPE-11A.Ave_Beta	TARGET-NBL	450K	idat_sample_sheet_TARGET-NBL__450k_beta.txt	0.0	-2.3893993	13.05814
TARGET-30-PALLJJ-01A	TARGET-30-PALLJJ-01A.Ave_Beta	TARGET-NBL	450K	idat_sample_sheet_TARGET-NBL__450k_beta.txt	0.0	-3.7353737	10.709317
TARGET-00-NAAENI-11A	TARGET-00-NAAENI-11A.Ave_Beta	TARGET-NBL	450K	idat_sample_sheet_TARGET-NBL__450k_beta.txt	0.0	-2.3953872	13.071968
TARGET-30-PAPVEB-01A	TARGET-30-PAPVEB-01A.Ave_Beta	TARGET-NBL	450K	idat_sample_sheet_TARGET-NBL__450k_beta.txt	0.0	-1.0765685	10.757832
TARGET-00-NAAENJ-11A	TARGET-00-NAAENJ-11A.Ave_Beta	TARGET-NBL	450K	idat_sample_sheet_TARGET-NBL__450k_beta.txt	0.0	-2.4294767	13.113666
TARGET-30-PASTCN-01A	TARGET-30-PASTCN-01A.Ave_Beta	TARGET-NBL	450K	idat_sample_sheet_TARGET-NBL__450k_beta.txt	0.0	-2.7327898	11.667931
TARGET-30-PANLET-01A	TARGET-30-PANLET-01A.Ave_Beta	TARGET-NBL	450K	idat_sample_sheet_TARGET-NBL__450k_beta.txt	0.0	-3.1281636	12.14075
TARGET-00-NAAENG-11A	TARGET-00-NAAENG-11A.Ave_Beta	TARGET-NBL	450K	idat_sample_sheet_TARGET-NBL__450k_beta.txt	0.0	-2.413998	13.085662
TARGET-30-PATGWT-01A	TARGET-30-PATGWT-01A.Ave_Beta	TARGET-NBL	450K	idat_sample_sheet_TARGET-NBL__450k_beta.txt	0.0	-2.469865	9.984406
TARGET-30-PARZHA-01A	TARGET-30-PARZHA-01A.Ave_Beta	TARGET-NBL	450K	idat_sample_sheet_TARGET-NBL__450k_beta.txt	0.0	-3.1798425	10.554416
TARGET-30-PARKGJ-01A_1	TARGET-30-PARKGJ-01A_1.Ave_Beta	TARGET-NBL	450K	idat_sample_sheet_TARGET-NBL__450k_beta.txt	0.0	-2.9733987	11.653242
TARGET-30-PALEAC-01A	TARGET-30-PALEAC-01A.Ave_Beta	TARGET-NBL	450K	idat_sample_sheet_TARGET-NBL__450k_beta.txt	0.0	-1.5906948	10.693571
TARGET-30-PATEPF-01A	TARGET-30-PATEPF-01A.Ave_Beta	TARGET-NBL	450K	idat_sample_sheet_TARGET-NBL__450k_beta.txt	0.0	-3.089147	11.73018
TARGET-30-PAPHPE-01A	TARGET-30-PAPHPE-01A.Ave_Beta	TARGET-NBL	450K	idat_sample_sheet_TARGET-NBL__450k_beta.txt	0.0	-2.3637054	11.114294
TARGET-30-PARHAM-02A	TARGET-30-PARHAM-02A.Ave_Beta	TARGET-NBL	450K	idat_sample_sheet_TARGET-NBL__450k_beta.txt	0.0	-3.9120762	10.784142
TARGET-30-PAKGCI-01A	TARGET-30-PAKGCI-01A.Ave_Beta	TARGET-NBL	450K	idat_sample_sheet_TARGET-NBL__450k_beta.txt	0.0	-3.6043012	10.373563
TARGET-30-PARETE-01A	TARGET-30-PARETE-01A.Ave_Beta	TARGET-NBL	450K	idat_sample_sheet_TARGET-NBL__450k_beta.txt	0.0	-3.7943397	10.809127
TARGET-30-PAPEAV-01A	TARGET-30-PAPEAV-01A.Ave_Beta	TARGET-NBL	450K	idat_sample_sheet_TARGET-NBL__450k_beta.txt	0.0	-3.5873573	10.654107
TARGET-30-PARGUX-01A	TARGET-30-PARGUX-01A.Ave_Beta	TARGET-NBL	450K	idat_sample_sheet_TARGET-NBL__450k_beta.txt	0.0	-3.1305578	7.6662006
TARGET-30-PAMAFV-01A	TARGET-30-PAMAFV-01A.Ave_Beta	TARGET-NBL	450K	idat_sample_sheet_TARGET-NBL__450k_beta.txt	0.0	-3.98411	10.710939
TARGET-30-PASXGP-01A	TARGET-30-PASXGP-01A.Ave_Beta	TARGET-NBL	450K	idat_sample_sheet_TARGET-NBL__450k_beta.txt	0.0	-3.1260557	12.081958
TARGET-30-PALFSE-01A	TARGET-30-PALFSE-01A.Ave_Beta	TARGET-NBL	450K	idat_sample_sheet_TARGET-NBL__450k_beta.txt	0.0	-3.2662148	10.523302
TARGET-30-PAKHAV-01A	TARGET-30-PAKHAV-01A.Ave_Beta	TARGET-NBL	450K	idat_sample_sheet_TARGET-NBL__450k_beta.txt	0.0	-3.3146544	10.6182785
TARGET-30-PAPSEI-01A.Detection.Pval	TARGET-30-PAPSEI-01A.Detection.Pval	TARGET-NBL	450K	idat_sample_sheet_TARGET-NBL__450k_beta.txt	0.0	66.91108	40.71335
TARGET-30-PASUYG-01A.Detection.Pval	TARGET-30-PASUYG-01A.Detection.Pval	TARGET-NBL	450K	idat_sample_sheet_TARGET-NBL__450k_beta.txt	0.0	66.68225	37.011642
TARGET-30-PAPTAN-01A.Detection.Pval	TARGET-30-PAPTAN-01A.Detection.Pval	TARGET-NBL	450K	idat_sample_sheet_TARGET-NBL__450k_beta.txt	0.0	66.5973	35.641582
TARGET-30-PARACM-01A.Detection.Pval	TARGET-30-PARACM-01A.Detection.Pval	TARGET-NBL	450K	idat_sample_sheet_TARGET-NBL__450k_beta.txt	0.0	66.64221	35.67737
TARGET-30-PAPVXS-01A.Detection.Pval	TARGET-30-PAPVXS-01A.Detection.Pval	TARGET-NBL	450K	idat_sample_sheet_TARGET-NBL__450k_beta.txt	0.0	66.96306	31.382395
TARGET-30-PAMMXF-01A.Detection.Pval	TARGET-30-PAMMXF-01A.Detection.Pval	TARGET-NBL	450K	idat_sample_sheet_TARGET-NBL__450k_beta.txt	0.0	66.932144	33.85304
TARGET-30-PASTKC-01A.Detection.Pval	TARGET-30-PASTKC-01A.Detection.Pval	TARGET-NBL	450K	idat_sample_sheet_TARGET-NBL__450k_beta.txt	0.0	18.78679	16.595873
TARGET-30-PARHYL-01A.Detection.Pval	TARGET-30-PARHYL-01A.Detection.Pval	TARGET-NBL	450K	idat_sample_sheet_TARGET-NBL__450k_beta.txt	0.0	65.85022	35.84936
TARGET-30-PALBFW-01A.Detection.Pval	TARGET-30-PALBFW-01A.Detection.Pval	TARGET-NBL	450K	idat_sample_sheet_TARGET-NBL__450k_beta.txt	0.0	67.25423	39.72255
TARGET-30-PASJYB-01A.Detection.Pval	TARGET-30-PASJYB-01A.Detection.Pval	TARGET-NBL	450K	idat_sample_sheet_TARGET-NBL__450k_beta.txt	0.0	25.863127	10.989839
TARGET-30-PAPUJU-01A.Detection.Pval	TARGET-30-PAPUJU-01A.Detection.Pval	TARGET-NBL	450K	idat_sample_sheet_TARGET-NBL__450k_beta.txt	0.0	66.10891	36.401493
TARGET-30-PAMZMJ-01A.Detection.Pval	TARGET-30-PAMZMJ-01A.Detection.Pval	TARGET-NBL	450K	idat_sample_sheet_TARGET-NBL__450k_beta.txt	0.0	64.993034	27.694805
TARGET-30-PASGUT-01A.Detection.Pval	TARGET-30-PASGUT-01A.Detection.Pval	TARGET-NBL	450K	idat_sample_sheet_TARGET-NBL__450k_beta.txt	0.0	67.33665	39.99101
TARGET-30-PASNPG-01A.Detection.Pval	TARGET-30-PASNPG-01A.Detection.Pval	TARGET-NBL	450K	idat_sample_sheet_TARGET-NBL__450k_beta.txt	0.0	67.01302	31.376698
TARGET-30-PANRVJ-01A.Detection.Pval	TARGET-30-PANRVJ-01A.Detection.Pval	TARGET-NBL	450K	idat_sample_sheet_TARGET-NBL__450k_beta.txt	0.0	25.70562	11.458578
TARGET-30-PASMDM-01A.Detection.Pval	TARGET-30-PASMDM-01A.Detection.Pval	TARGET-NBL	450K	idat_sample_sheet_TARGET-NBL__450k_beta.txt	0.0	67.031	39.307697
TARGET-30-PASGPY-01A.Detection.Pval	TARGET-30-PASGPY-01A.Detection.Pval	TARGET-NBL	450K	idat_sample_sheet_TARGET-NBL__450k_beta.txt	0.0	67.57086	39.50575
TARGET-30-PASWFB-01A.Detection.Pval	TARGET-30-PASWFB-01A.Detection.Pval	TARGET-NBL	450K	idat_sample_sheet_TARGET-NBL__450k_beta.txt	0.0	65.90173	32.586975
TARGET-00-NAAENN-11A.Detection.Pval	TARGET-00-NAAENN-11A.Detection.Pval	TARGET-NBL	450K	idat_sample_sheet_TARGET-NBL__450k_beta.txt	0.0	66.812096	34.800087
TARGET-30-PAPVEB-04A.Detection.Pval	TARGET-30-PAPVEB-04A.Detection.Pval	TARGET-NBL	450K	idat_sample_sheet_TARGET-NBL__450k_beta.txt	0.0	61.954453	27.05393
TARGET-30-PAIVMJ-01A.Detection.Pval	TARGET-30-PAIVMJ-01A.Detection.Pval	TARGET-NBL	450K	idat_sample_sheet_TARGET-NBL__450k_beta.txt	0.0	67.278656	40.362976
TARGET-30-PATYIL-01A.Detection.Pval	TARGET-30-PATYIL-01A.Detection.Pval	TARGET-NBL	450K	idat_sample_sheet_TARGET-NBL__450k_beta.txt	0.0	67.215904	40.299385
TARGET-30-PARSHT-01A.Detection.Pval	TARGET-30-PARSHT-01A.Detection.Pval	TARGET-NBL	450K	idat_sample_sheet_TARGET-NBL__450k_beta.txt	0.0	67.30394	39.435455
TARGET-30-PARSBI-01A.Detection.Pval	TARGET-30-PARSBI-01A.Detection.Pval	TARGET-NBL	450K	idat_sample_sheet_TARGET-NBL__450k_beta.txt	0.0	66.78822	39.39586
TARGET-30-PANNMS-01A.Detection.Pval	TARGET-30-PANNMS-01A.Detection.Pval	TARGET-NBL	450K	idat_sample_sheet_TARGET-NBL__450k_beta.txt	0.0	67.02752	40.52314
TARGET-30-PASXIE-01A.Detection.Pval	TARGET-30-PASXIE-01A.Detection.Pval	TARGET-NBL	450K	idat_sample_sheet_TARGET-NBL__450k_beta.txt	0.0	67.387054	39.798264
TARGET-30-PASREY-01A.Detection.Pval	TARGET-30-PASREY-01A.Detection.Pval	TARGET-NBL	450K	idat_sample_sheet_TARGET-NBL__450k_beta.txt	0.0	26.61139	11.99145
TARGET-30-PASHFA-02A.Detection.Pval	TARGET-30-PASHFA-02A.Detection.Pval	TARGET-NBL	450K	idat_sample_sheet_TARGET-NBL__450k_beta.txt	0.0	67.34284	39.63093
TARGET-30-PAPEFE-01A.Detection.Pval	TARGET-30-PAPEFE-01A.Detection.Pval	TARGET-NBL	450K	idat_sample_sheet_TARGET-NBL__450k_beta.txt	0.0	67.05117	40.56901
TARGET-30-PASNEF-01A.Detection.Pval	TARGET-30-PASNEF-01A.Detection.Pval	TARGET-NBL	450K	idat_sample_sheet_TARGET-NBL__450k_beta.txt	0.0	66.9524	40.492825
TARGET-30-PALXTB-01A.Detection.Pval	TARGET-30-PALXTB-01A.Detection.Pval	TARGET-NBL	450K	idat_sample_sheet_TARGET-NBL__450k_beta.txt	0.0	26.427412	11.912603
TARGET-30-PARVLK-01A.Detection.Pval	TARGET-30-PARVLK-01A.Detection.Pval	TARGET-NBL	450K	idat_sample_sheet_TARGET-NBL__450k_beta.txt	0.0	66.632835	35.592133
TARGET-30-PALKXJ-01A.Detection.Pval	TARGET-30-PALKXJ-01A.Detection.Pval	TARGET-NBL	450K	idat_sample_sheet_TARGET-NBL__450k_beta.txt	0.0	26.381008	11.914238
TARGET-30-PAPTLY-01A.Detection.Pval	TARGET-30-PAPTLY-01A.Detection.Pval	TARGET-NBL	450K	idat_sample_sheet_TARGET-NBL__450k_beta.txt	0.0	67.353134	39.586872
TARGET-30-PARSEA-01A.Detection.Pval	TARGET-30-PARSEA-01A.Detection.Pval	TARGET-NBL	450K	idat_sample_sheet_TARGET-NBL__450k_beta.txt	0.0	67.083374	39.940224
TARGET-30-PARGDJ-01A.Detection.Pval	TARGET-30-PARGDJ-01A.Detection.Pval	TARGET-NBL	450K	idat_sample_sheet_TARGET-NBL__450k_beta.txt	0.0	65.97768	38.305115
TARGET-30-PATDWN-01A.Detection.Pval	TARGET-30-PATDWN-01A.Detection.Pval	TARGET-NBL	450K	idat_sample_sheet_TARGET-NBL__450k_beta.txt	0.0	67.39007	39.62796
TARGET-30-PATGLU-01A.Detection.Pval	TARGET-30-PATGLU-01A.Detection.Pval	TARGET-NBL	450K	idat_sample_sheet_TARGET-NBL__450k_beta.txt	0.0	67.21596	40.31948
TARGET-30-PANUIF-01A.Detection.Pval	TARGET-30-PANUIF-01A.Detection.Pval	TARGET-NBL	450K	idat_sample_sheet_TARGET-NBL__450k_beta.txt	0.0	67.52936	39.49561
TARGET-30-PARZCJ-01A.Detection.Pval	TARGET-30-PARZCJ-01A.Detection.Pval	TARGET-NBL	450K	idat_sample_sheet_TARGET-NBL__450k_beta.txt	0.0	67.14464	40.738483
TARGET-30-PASNPG-02A.Detection.Pval	TARGET-30-PASNPG-02A.Detection.Pval	TARGET-NBL	450K	idat_sample_sheet_TARGET-NBL__450k_beta.txt	0.0	67.522964	35.744125
TARGET-30-PASATK-01A.Detection.Pval	TARGET-30-PASATK-01A.Detection.Pval	TARGET-NBL	450K	idat_sample_sheet_TARGET-NBL__450k_beta.txt	0.0	66.70581	37.979935
TARGET-00-NAAENF-11A.Detection.Pval	TARGET-00-NAAENF-11A.Detection.Pval	TARGET-NBL	450K	idat_sample_sheet_TARGET-NBL__450k_beta.txt	0.0	67.18511	39.889202
TARGET-30-PARGKK-01A.Detection.Pval	TARGET-30-PARGKK-01A.Detection.Pval	TARGET-NBL	450K	idat_sample_sheet_TARGET-NBL__450k_beta.txt	0.0	67.506676	39.96247
TARGET-30-PARAMT-01A.Detection.Pval	TARGET-30-PARAMT-01A.Detection.Pval	TARGET-NBL	450K	idat_sample_sheet_TARGET-NBL__450k_beta.txt	0.0	61.17416	26.506514
TARGET-30-PARIRD-01A.Detection.Pval	TARGET-30-PARIRD-01A.Detection.Pval	TARGET-NBL	450K	idat_sample_sheet_TARGET-NBL__450k_beta.txt	0.0	66.67578	38.781273
TARGET-30-PARZIP-01A.Detection.Pval	TARGET-30-PARZIP-01A.Detection.Pval	TARGET-NBL	450K	idat_sample_sheet_TARGET-NBL__450k_beta.txt	0.0	66.97676	37.78826
TARGET-30-PASVRU-01A.Detection.Pval	TARGET-30-PASVRU-01A.Detection.Pval	TARGET-NBL	450K	idat_sample_sheet_TARGET-NBL__450k_beta.txt	0.0	67.125175	38.51771
TARGET-30-PAPCTS-01A.Detection.Pval	TARGET-30-PAPCTS-01A.Detection.Pval	TARGET-NBL	450K	idat_sample_sheet_TARGET-NBL__450k_beta.txt	0.0	65.61444	32.61013
TARGET-30-PALETP-01A.Detection.Pval	TARGET-30-PALETP-01A.Detection.Pval	TARGET-NBL	450K	idat_sample_sheet_TARGET-NBL__450k_beta.txt	0.0	67.39573	39.05494
TARGET-30-PALRIA-01A.Detection.Pval	TARGET-30-PALRIA-01A.Detection.Pval	TARGET-NBL	450K	idat_sample_sheet_TARGET-NBL__450k_beta.txt	0.0	64.9901	27.666687
TARGET-30-PAKINP-01A.Detection.Pval	TARGET-30-PAKINP-01A.Detection.Pval	TARGET-NBL	450K	idat_sample_sheet_TARGET-NBL__450k_beta.txt	0.0	61.20787	26.536654
TARGET-30-PASCLP-01A.Detection.Pval	TARGET-30-PASCLP-01A.Detection.Pval	TARGET-NBL	450K	idat_sample_sheet_TARGET-NBL__450k_beta.txt	0.0	61.17607	26.497597
TARGET-30-PAPTLD-01A.Detection.Pval	TARGET-30-PAPTLD-01A.Detection.Pval	TARGET-NBL	450K	idat_sample_sheet_TARGET-NBL__450k_beta.txt	0.0	67.15679	40.611805
TARGET-30-PASCKI-01A.Detection.Pval	TARGET-30-PASCKI-01A.Detection.Pval	TARGET-NBL	450K	idat_sample_sheet_TARGET-NBL__450k_beta.txt	0.0	66.671036	38.40729
TARGET-30-PASLGS-01A.Detection.Pval	TARGET-30-PASLGS-01A.Detection.Pval	TARGET-NBL	450K	idat_sample_sheet_TARGET-NBL__450k_beta.txt	0.0	66.24719	36.624275
TARGET-30-PAPICY-01A.Detection.Pval	TARGET-30-PAPICY-01A.Detection.Pval	TARGET-NBL	450K	idat_sample_sheet_TARGET-NBL__450k_beta.txt	0.0	67.39744	39.53345
TARGET-30-PALHVD-01A.Detection.Pval	TARGET-30-PALHVD-01A.Detection.Pval	TARGET-NBL	450K	idat_sample_sheet_TARGET-NBL__450k_beta.txt	0.0	67.342	39.818268
TARGET-30-PAPTLV-01A.Detection.Pval	TARGET-30-PAPTLV-01A.Detection.Pval	TARGET-NBL	450K	idat_sample_sheet_TARGET-NBL__450k_beta.txt	0.0	67.27685	40.451607
TARGET-30-PAPWUC-01A.Detection.Pval	TARGET-30-PAPWUC-01A.Detection.Pval	TARGET-NBL	450K	idat_sample_sheet_TARGET-NBL__450k_beta.txt	0.0	67.53792	39.27381
TARGET-30-PALIIN-01A.Detection.Pval	TARGET-30-PALIIN-01A.Detection.Pval	TARGET-NBL	450K	idat_sample_sheet_TARGET-NBL__450k_beta.txt	0.0	63.874386	31.78749
TARGET-30-PAPUAR-01A.Detection.Pval	TARGET-30-PAPUAR-01A.Detection.Pval	TARGET-NBL	450K	idat_sample_sheet_TARGET-NBL__450k_beta.txt	0.0	67.5859	39.46386
TARGET-30-PATNKP-01A.Detection.Pval	TARGET-30-PATNKP-01A.Detection.Pval	TARGET-NBL	450K	idat_sample_sheet_TARGET-NBL__450k_beta.txt	0.0	63.84966	31.838057
TARGET-30-PATCFL-01A.Detection.Pval	TARGET-30-PATCFL-01A.Detection.Pval	TARGET-NBL	450K	idat_sample_sheet_TARGET-NBL__450k_beta.txt	0.0	61.151978	26.4975
TARGET-30-PARNTS-01A.Detection.Pval	TARGET-30-PARNTS-01A.Detection.Pval	TARGET-NBL	450K	idat_sample_sheet_TARGET-NBL__450k_beta.txt	0.0	66.672745	38.15084
TARGET-00-NAAENH-11A.Detection.Pval	TARGET-00-NAAENH-11A.Detection.Pval	TARGET-NBL	450K	idat_sample_sheet_TARGET-NBL__450k_beta.txt	0.0	66.966324	35.89576
TARGET-30-PAPUNH-01A.Detection.Pval	TARGET-30-PAPUNH-01A.Detection.Pval	TARGET-NBL	450K	idat_sample_sheet_TARGET-NBL__450k_beta.txt	0.0	66.49885	39.000237
TARGET-30-PAUDDK-02A.Detection.Pval	TARGET-30-PAUDDK-02A.Detection.Pval	TARGET-NBL	450K	idat_sample_sheet_TARGET-NBL__450k_beta.txt	0.0	67.473816	39.180485
TARGET-30-PAITCI-01A.Detection.Pval	TARGET-30-PAITCI-01A.Detection.Pval	TARGET-NBL	450K	idat_sample_sheet_TARGET-NBL__450k_beta.txt	0.0	66.69528	39.637505
TARGET-00-NAAENM-11A.Detection.Pval	TARGET-00-NAAENM-11A.Detection.Pval	TARGET-NBL	450K	idat_sample_sheet_TARGET-NBL__450k_beta.txt	0.0	66.792564	33.883266
TARGET-30-PASNML-01A.Detection.Pval	TARGET-30-PASNML-01A.Detection.Pval	TARGET-NBL	450K	idat_sample_sheet_TARGET-NBL__450k_beta.txt	0.0	67.08148	40.49895
TARGET-30-PAPTIP-01A.Detection.Pval	TARGET-30-PAPTIP-01A.Detection.Pval	TARGET-NBL	450K	idat_sample_sheet_TARGET-NBL__450k_beta.txt	0.0	67.079834	40.586098
TARGET-30-PASXHE-01A.Detection.Pval	TARGET-30-PASXHE-01A.Detection.Pval	TARGET-NBL	450K	idat_sample_sheet_TARGET-NBL__450k_beta.txt	0.0	67.44372	35.823463
TARGET-30-PASUCB-01A.Detection.Pval	TARGET-30-PASUCB-01A.Detection.Pval	TARGET-NBL	450K	idat_sample_sheet_TARGET-NBL__450k_beta.txt	0.0	66.50622	38.885334
TARGET-30-PASCUF-01A.Detection.Pval	TARGET-30-PASCUF-01A.Detection.Pval	TARGET-NBL	450K	idat_sample_sheet_TARGET-NBL__450k_beta.txt	0.0	67.12422	40.056118
TARGET-30-PASPER-01A.Detection.Pval	TARGET-30-PASPER-01A.Detection.Pval	TARGET-NBL	450K	idat_sample_sheet_TARGET-NBL__450k_beta.txt	0.0	25.469065	11.902082
TARGET-30-PAPVRN-01A.Detection.Pval	TARGET-30-PAPVRN-01A.Detection.Pval	TARGET-NBL	450K	idat_sample_sheet_TARGET-NBL__450k_beta.txt	0.0	66.89845	39.017647
TARGET-30-PASJZC-01A.Detection.Pval	TARGET-30-PASJZC-01A.Detection.Pval	TARGET-NBL	450K	idat_sample_sheet_TARGET-NBL__450k_beta.txt	0.0	67.12539	39.676937
TARGET-30-PASSWW-01A.Detection.Pval	TARGET-30-PASSWW-01A.Detection.Pval	TARGET-NBL	450K	idat_sample_sheet_TARGET-NBL__450k_beta.txt	0.0	67.05273	40.637688
TARGET-30-PARMFA-01A.Detection.Pval	TARGET-30-PARMFA-01A.Detection.Pval	TARGET-NBL	450K	idat_sample_sheet_TARGET-NBL__450k_beta.txt	0.0	67.01857	40.45665
TARGET-30-PARDIW-01A.Detection.Pval	TARGET-30-PARDIW-01A.Detection.Pval	TARGET-NBL	450K	idat_sample_sheet_TARGET-NBL__450k_beta.txt	0.0	25.491615	11.862375
TARGET-30-PARABN-01A.Detection.Pval	TARGET-30-PARABN-01A.Detection.Pval	TARGET-NBL	450K	idat_sample_sheet_TARGET-NBL__450k_beta.txt	0.0	66.75252	36.562695
TARGET-30-PALSAE-01A.Detection.Pval	TARGET-30-PALSAE-01A.Detection.Pval	TARGET-NBL	450K	idat_sample_sheet_TARGET-NBL__450k_beta.txt	0.0	25.8784	10.971075
TARGET-30-PARKGJ-01A.Detection.Pval	TARGET-30-PARKGJ-01A.Detection.Pval	TARGET-NBL	450K	idat_sample_sheet_TARGET-NBL__450k_beta.txt	0.0	66.44853	38.643852
TARGET-30-PATFXV-01A.Detection.Pval	TARGET-30-PATFXV-01A.Detection.Pval	TARGET-NBL	450K	idat_sample_sheet_TARGET-NBL__450k_beta.txt	0.0	66.08806	38.327915
TARGET-30-PALZRG-01A.Detection.Pval	TARGET-30-PALZRG-01A.Detection.Pval	TARGET-NBL	450K	idat_sample_sheet_TARGET-NBL__450k_beta.txt	0.0	25.548277	11.746508
TARGET-30-PASSRN-01A.Detection.Pval	TARGET-30-PASSRN-01A.Detection.Pval	TARGET-NBL	450K	idat_sample_sheet_TARGET-NBL__450k_beta.txt	0.0	67.050766	31.14638
TARGET-30-PAIVZR-01A.Detection.Pval	TARGET-30-PAIVZR-01A.Detection.Pval	TARGET-NBL	450K	idat_sample_sheet_TARGET-NBL__450k_beta.txt	0.0	63.904766	31.762573
TARGET-30-PAPBZI-01A.Detection.Pval	TARGET-30-PAPBZI-01A.Detection.Pval	TARGET-NBL	450K	idat_sample_sheet_TARGET-NBL__450k_beta.txt	0.0	65.65817	35.692326
TARGET-30-PARFWB-01A.Detection.Pval	TARGET-30-PARFWB-01A.Detection.Pval	TARGET-NBL	450K	idat_sample_sheet_TARGET-NBL__450k_beta.txt	0.0	67.521034	39.483498
TARGET-30-PASSRS-01A.Detection.Pval	TARGET-30-PASSRS-01A.Detection.Pval	TARGET-NBL	450K	idat_sample_sheet_TARGET-NBL__450k_beta.txt	0.0	66.975	33.860226
TARGET-30-PANBSP-01A.Detection.Pval	TARGET-30-PANBSP-01A.Detection.Pval	TARGET-NBL	450K	idat_sample_sheet_TARGET-NBL__450k_beta.txt	0.0	67.36237	36.420555
TARGET-30-PARDCK-01A.Detection.Pval	TARGET-30-PARDCK-01A.Detection.Pval	TARGET-NBL	450K	idat_sample_sheet_TARGET-NBL__450k_beta.txt	0.0	66.612526	35.88876
TARGET-30-PAKYZS-01A.Detection.Pval	TARGET-30-PAKYZS-01A.Detection.Pval	TARGET-NBL	450K	idat_sample_sheet_TARGET-NBL__450k_beta.txt	0.0	67.059685	40.625946
TARGET-30-PAPTCR-01A.Detection.Pval	TARGET-30-PAPTCR-01A.Detection.Pval	TARGET-NBL	450K	idat_sample_sheet_TARGET-NBL__450k_beta.txt	0.0	67.13734	40.584984
TARGET-30-PARIKF-01A.Detection.Pval	TARGET-30-PARIKF-01A.Detection.Pval	TARGET-NBL	450K	idat_sample_sheet_TARGET-NBL__450k_beta.txt	0.0	66.07908	37.65479
TARGET-30-PARJVP-01A.Detection.Pval	TARGET-30-PARJVP-01A.Detection.Pval	TARGET-NBL	450K	idat_sample_sheet_TARGET-NBL__450k_beta.txt	0.0	67.00222	40.552895
TARGET-30-PALZZV-01A.Detection.Pval	TARGET-30-PALZZV-01A.Detection.Pval	TARGET-NBL	450K	idat_sample_sheet_TARGET-NBL__450k_beta.txt	0.0	67.5324	35.74997
TARGET-30-PATESI-01A.Detection.Pval	TARGET-30-PATESI-01A.Detection.Pval	TARGET-NBL	450K	idat_sample_sheet_TARGET-NBL__450k_beta.txt	0.0	66.5176	38.207546
TARGET-30-PALEVG-01A.Detection.Pval	TARGET-30-PALEVG-01A.Detection.Pval	TARGET-NBL	450K	idat_sample_sheet_TARGET-NBL__450k_beta.txt	0.0	25.950651	10.900831
TARGET-30-PAPSKM-01A.Detection.Pval	TARGET-30-PAPSKM-01A.Detection.Pval	TARGET-NBL	450K	idat_sample_sheet_TARGET-NBL__450k_beta.txt	0.0	67.07116	40.20406
TARGET-30-PASWVY-01A.Detection.Pval	TARGET-30-PASWVY-01A.Detection.Pval	TARGET-NBL	450K	idat_sample_sheet_TARGET-NBL__450k_beta.txt	0.0	25.40768	11.98641
TARGET-30-PASFIC-01A.Detection.Pval	TARGET-30-PASFIC-01A.Detection.Pval	TARGET-NBL	450K	idat_sample_sheet_TARGET-NBL__450k_beta.txt	0.0	63.870667	31.911469
TARGET-30-PASBEN-01A.Detection.Pval	TARGET-30-PASBEN-01A.Detection.Pval	TARGET-NBL	450K	idat_sample_sheet_TARGET-NBL__450k_beta.txt	0.0	66.89617	33.626064
TARGET-30-PARMTT-01A.Detection.Pval	TARGET-30-PARMTT-01A.Detection.Pval	TARGET-NBL	450K	idat_sample_sheet_TARGET-NBL__450k_beta.txt	0.0	67.04008	39.522354
TARGET-00-NAAENL-11A.Detection.Pval	TARGET-00-NAAENL-11A.Detection.Pval	TARGET-NBL	450K	idat_sample_sheet_TARGET-NBL__450k_beta.txt	0.0	66.96519	33.751705
TARGET-30-PARVME-01A.Detection.Pval	TARGET-30-PARVME-01A.Detection.Pval	TARGET-NBL	450K	idat_sample_sheet_TARGET-NBL__450k_beta.txt	0.0	67.21001	39.456448
TARGET-30-PASRFS-01A.Detection.Pval	TARGET-30-PASRFS-01A.Detection.Pval	TARGET-NBL	450K	idat_sample_sheet_TARGET-NBL__450k_beta.txt	0.0	67.34676	39.912724
TARGET-00-NAAENP-11A.Detection.Pval	TARGET-00-NAAENP-11A.Detection.Pval	TARGET-NBL	450K	idat_sample_sheet_TARGET-NBL__450k_beta.txt	0.0	67.29019	39.8064
TARGET-30-PAUDDK-01A.Detection.Pval	TARGET-30-PAUDDK-01A.Detection.Pval	TARGET-NBL	450K	idat_sample_sheet_TARGET-NBL__450k_beta.txt	0.0	65.85567	32.588905
TARGET-30-PANZVU-01A.Detection.Pval	TARGET-30-PANZVU-01A.Detection.Pval	TARGET-NBL	450K	idat_sample_sheet_TARGET-NBL__450k_beta.txt	0.0	67.00946	39.773808
TARGET-30-PAPKXS-01A.Detection.Pval	TARGET-30-PAPKXS-01A.Detection.Pval	TARGET-NBL	450K	idat_sample_sheet_TARGET-NBL__450k_beta.txt	0.0	61.23471	26.539879
TARGET-30-PARACS-01A.Detection.Pval	TARGET-30-PARACS-01A.Detection.Pval	TARGET-NBL	450K	idat_sample_sheet_TARGET-NBL__450k_beta.txt	0.0	67.29356	38.840176
TARGET-30-PATAYJ-01A.Detection.Pval	TARGET-30-PATAYJ-01A.Detection.Pval	TARGET-NBL	450K	idat_sample_sheet_TARGET-NBL__450k_beta.txt	0.0	25.939754	10.922682
TARGET-30-PAPRXW-01A.Detection.Pval	TARGET-30-PAPRXW-01A.Detection.Pval	TARGET-NBL	450K	idat_sample_sheet_TARGET-NBL__450k_beta.txt	0.0	67.03251	37.798466
TARGET-30-PARFRE-01A.Detection.Pval	TARGET-30-PARFRE-01A.Detection.Pval	TARGET-NBL	450K	idat_sample_sheet_TARGET-NBL__450k_beta.txt	0.0	25.413113	11.943393
TARGET-00-NAAENR-11A.Detection.Pval	TARGET-00-NAAENR-11A.Detection.Pval	TARGET-NBL	450K	idat_sample_sheet_TARGET-NBL__450k_beta.txt	0.0	61.513985	27.284882
TARGET-30-PAREGK-01A.Detection.Pval	TARGET-30-PAREGK-01A.Detection.Pval	TARGET-NBL	450K	idat_sample_sheet_TARGET-NBL__450k_beta.txt	0.0	65.63748	36.28908
TARGET-30-PAPBGH-01A.Detection.Pval	TARGET-30-PAPBGH-01A.Detection.Pval	TARGET-NBL	450K	idat_sample_sheet_TARGET-NBL__450k_beta.txt	0.0	25.848671	11.012624
TARGET-30-PASMJG-01A.Detection.Pval	TARGET-30-PASMJG-01A.Detection.Pval	TARGET-NBL	450K	idat_sample_sheet_TARGET-NBL__450k_beta.txt	0.0	67.27545	39.90426
TARGET-30-PATGJU-01A.Detection.Pval	TARGET-30-PATGJU-01A.Detection.Pval	TARGET-NBL	450K	idat_sample_sheet_TARGET-NBL__450k_beta.txt	0.0	64.99566	27.692343
TARGET-30-PANZPV-01A.Detection.Pval	TARGET-30-PANZPV-01A.Detection.Pval	TARGET-NBL	450K	idat_sample_sheet_TARGET-NBL__450k_beta.txt	0.0	66.77158	38.70766
TARGET-30-PANRRW-01A.Detection.Pval	TARGET-30-PANRRW-01A.Detection.Pval	TARGET-NBL	450K	idat_sample_sheet_TARGET-NBL__450k_beta.txt	0.0	63.858883	31.874155
TARGET-30-PARCET-01A.Detection.Pval	TARGET-30-PARCET-01A.Detection.Pval	TARGET-NBL	450K	idat_sample_sheet_TARGET-NBL__450k_beta.txt	0.0	67.40987	36.392933
TARGET-30-PALVUC-01A.Detection.Pval	TARGET-30-PALVUC-01A.Detection.Pval	TARGET-NBL	450K	idat_sample_sheet_TARGET-NBL__450k_beta.txt	0.0	67.13418	39.382687
TARGET-30-PARBAJ-01A.Detection.Pval	TARGET-30-PARBAJ-01A.Detection.Pval	TARGET-NBL	450K	idat_sample_sheet_TARGET-NBL__450k_beta.txt	0.0	67.34863	39.396385
TARGET-30-PALCBW-01A.Detection.Pval	TARGET-30-PALCBW-01A.Detection.Pval	TARGET-NBL	450K	idat_sample_sheet_TARGET-NBL__450k_beta.txt	0.0	61.40441	27.127235
TARGET-30-PALNVP-01A.Detection.Pval	TARGET-30-PALNVP-01A.Detection.Pval	TARGET-NBL	450K	idat_sample_sheet_TARGET-NBL__450k_beta.txt	0.0	67.14174	40.126488
TARGET-30-PASXRJ-01A.Detection.Pval	TARGET-30-PASXRJ-01A.Detection.Pval	TARGET-NBL	450K	idat_sample_sheet_TARGET-NBL__450k_beta.txt	0.0	66.911385	40.434525
TARGET-30-PASFRV-01A.Detection.Pval	TARGET-30-PASFRV-01A.Detection.Pval	TARGET-NBL	450K	idat_sample_sheet_TARGET-NBL__450k_beta.txt	0.0	67.324844	40.323772
TARGET-30-PAPZYP-01A.Detection.Pval	TARGET-30-PAPZYP-01A.Detection.Pval	TARGET-NBL	450K	idat_sample_sheet_TARGET-NBL__450k_beta.txt	0.0	67.097595	39.96486
TARGET-30-PARURB-01A.Detection.Pval	TARGET-30-PARURB-01A.Detection.Pval	TARGET-NBL	450K	idat_sample_sheet_TARGET-NBL__450k_beta.txt	0.0	66.43581	38.785004
TARGET-30-PAPVFD-01A.Detection.Pval	TARGET-30-PAPVFD-01A.Detection.Pval	TARGET-NBL	450K	idat_sample_sheet_TARGET-NBL__450k_beta.txt	0.0	67.45223	39.680733
TARGET-30-PATNKP-02A.Detection.Pval	TARGET-30-PATNKP-02A.Detection.Pval	TARGET-NBL	450K	idat_sample_sheet_TARGET-NBL__450k_beta.txt	0.0	63.898468	31.848305
TARGET-30-PATDXC-01A.Detection.Pval	TARGET-30-PATDXC-01A.Detection.Pval	TARGET-NBL	450K	idat_sample_sheet_TARGET-NBL__450k_beta.txt	0.0	66.89109	40.61773
TARGET-00-NAAENK-11A.Detection.Pval	TARGET-00-NAAENK-11A.Detection.Pval	TARGET-NBL	450K	idat_sample_sheet_TARGET-NBL__450k_beta.txt	0.0	67.512924	35.858185
TARGET-30-PASKJX-01A.Detection.Pval	TARGET-30-PASKJX-01A.Detection.Pval	TARGET-NBL	450K	idat_sample_sheet_TARGET-NBL__450k_beta.txt	0.0	67.00144	40.056084
TARGET-30-PAPZFW-01A.Detection.Pval	TARGET-30-PAPZFW-01A.Detection.Pval	TARGET-NBL	450K	idat_sample_sheet_TARGET-NBL__450k_beta.txt	0.0	66.73846	36.579506
TARGET-30-PASZKE-01A.Detection.Pval	TARGET-30-PASZKE-01A.Detection.Pval	TARGET-NBL	450K	idat_sample_sheet_TARGET-NBL__450k_beta.txt	0.0	25.608223	11.69502
TARGET-30-PARCWT-01A.Detection.Pval	TARGET-30-PARCWT-01A.Detection.Pval	TARGET-NBL	450K	idat_sample_sheet_TARGET-NBL__450k_beta.txt	0.0	66.86132	40.347046
TARGET-30-PARRBU-01A.Detection.Pval	TARGET-30-PARRBU-01A.Detection.Pval	TARGET-NBL	450K	idat_sample_sheet_TARGET-NBL__450k_beta.txt	0.0	61.201225	26.458826
TARGET-30-PAPUTN-01A.Detection.Pval	TARGET-30-PAPUTN-01A.Detection.Pval	TARGET-NBL	450K	idat_sample_sheet_TARGET-NBL__450k_beta.txt	0.0	66.955185	40.560307
TARGET-30-PAPTFZ-01A.Detection.Pval	TARGET-30-PAPTFZ-01A.Detection.Pval	TARGET-NBL	450K	idat_sample_sheet_TARGET-NBL__450k_beta.txt	0.0	67.0022	37.859753
TARGET-30-PAMZSH-01A.Detection.Pval	TARGET-30-PAMZSH-01A.Detection.Pval	TARGET-NBL	450K	idat_sample_sheet_TARGET-NBL__450k_beta.txt	0.0	66.943855	40.587654
TARGET-30-PAPKWN-01A.Detection.Pval	TARGET-30-PAPKWN-01A.Detection.Pval	TARGET-NBL	450K	idat_sample_sheet_TARGET-NBL__450k_beta.txt	0.0	61.401634	27.070875
TARGET-30-PASDZJ-01A.Detection.Pval	TARGET-30-PASDZJ-01A.Detection.Pval	TARGET-NBL	450K	idat_sample_sheet_TARGET-NBL__450k_beta.txt	0.0	67.299675	39.95047
TARGET-30-PALVVH-01A.Detection.Pval	TARGET-30-PALVVH-01A.Detection.Pval	TARGET-NBL	450K	idat_sample_sheet_TARGET-NBL__450k_beta.txt	0.0	18.72389	16.65924
TARGET-30-PARDUJ-01A.Detection.Pval	TARGET-30-PARDUJ-01A.Detection.Pval	TARGET-NBL	450K	idat_sample_sheet_TARGET-NBL__450k_beta.txt	0.0	66.418365	38.784737
TARGET-30-PATFCY-01A.Detection.Pval	TARGET-30-PATFCY-01A.Detection.Pval	TARGET-NBL	450K	idat_sample_sheet_TARGET-NBL__450k_beta.txt	0.0	66.77905	34.828655
TARGET-30-PAMYCE-01A.Detection.Pval	TARGET-30-PAMYCE-01A.Detection.Pval	TARGET-NBL	450K	idat_sample_sheet_TARGET-NBL__450k_beta.txt	0.0	66.71972	37.56994
TARGET-30-PAKZRH-01A.Detection.Pval	TARGET-30-PAKZRH-01A.Detection.Pval	TARGET-NBL	450K	idat_sample_sheet_TARGET-NBL__450k_beta.txt	0.0	65.8764	35.95446
TARGET-30-PAMNLH-01A.Detection.Pval	TARGET-30-PAMNLH-01A.Detection.Pval	TARGET-NBL	450K	idat_sample_sheet_TARGET-NBL__450k_beta.txt	0.0	67.06633	39.756443
TARGET-30-PAPTLA-01A.Detection.Pval	TARGET-30-PAPTLA-01A.Detection.Pval	TARGET-NBL	450K	idat_sample_sheet_TARGET-NBL__450k_beta.txt	0.0	67.636314	38.74304
TARGET-30-PASMNT-01A.Detection.Pval	TARGET-30-PASMNT-01A.Detection.Pval	TARGET-NBL	450K	idat_sample_sheet_TARGET-NBL__450k_beta.txt	0.0	18.707722	16.67692
TARGET-30-PAMLNB-01A.Detection.Pval	TARGET-30-PAMLNB-01A.Detection.Pval	TARGET-NBL	450K	idat_sample_sheet_TARGET-NBL__450k_beta.txt	0.0	25.528147	11.844293
TARGET-30-PANRHJ-01A.Detection.Pval	TARGET-30-PANRHJ-01A.Detection.Pval	TARGET-NBL	450K	idat_sample_sheet_TARGET-NBL__450k_beta.txt	0.0	66.99214	32.9301
TARGET-30-PASEGA-01A.Detection.Pval	TARGET-30-PASEGA-01A.Detection.Pval	TARGET-NBL	450K	idat_sample_sheet_TARGET-NBL__450k_beta.txt	0.0	67.2368	39.39811
TARGET-30-PARYNK-01A.Detection.Pval	TARGET-30-PARYNK-01A.Detection.Pval	TARGET-NBL	450K	idat_sample_sheet_TARGET-NBL__450k_beta.txt	0.0	67.089615	40.477856
TARGET-30-PASWIJ-01A.Detection.Pval	TARGET-30-PASWIJ-01A.Detection.Pval	TARGET-NBL	450K	idat_sample_sheet_TARGET-NBL__450k_beta.txt	0.0	25.418383	11.960286
TARGET-30-PAMZMG-01A.Detection.Pval	TARGET-30-PAMZMG-01A.Detection.Pval	TARGET-NBL	450K	idat_sample_sheet_TARGET-NBL__450k_beta.txt	0.0	67.049416	39.11945
TARGET-30-PAIFXV-01A.Detection.Pval	TARGET-30-PAIFXV-01A.Detection.Pval	TARGET-NBL	450K	idat_sample_sheet_TARGET-NBL__450k_beta.txt	0.0	66.70731	38.85277
TARGET-30-PATBMM-01A.Detection.Pval	TARGET-30-PATBMM-01A.Detection.Pval	TARGET-NBL	450K	idat_sample_sheet_TARGET-NBL__450k_beta.txt	0.0	66.9436	40.61537
TARGET-30-PALKKV-01A.Detection.Pval	TARGET-30-PALKKV-01A.Detection.Pval	TARGET-NBL	450K	idat_sample_sheet_TARGET-NBL__450k_beta.txt	0.0	61.15329	26.477818
TARGET-30-PALUDH-01A.Detection.Pval	TARGET-30-PALUDH-01A.Detection.Pval	TARGET-NBL	450K	idat_sample_sheet_TARGET-NBL__450k_beta.txt	0.0	67.04112	39.230694
TARGET-30-PAPBJE-01A.Detection.Pval	TARGET-30-PAPBJE-01A.Detection.Pval	TARGET-NBL	450K	idat_sample_sheet_TARGET-NBL__450k_beta.txt	0.0	67.158844	40.22346
TARGET-30-PASGAP-01A.Detection.Pval	TARGET-30-PASGAP-01A.Detection.Pval	TARGET-NBL	450K	idat_sample_sheet_TARGET-NBL__450k_beta.txt	0.0	67.167	38.256474
TARGET-30-PAPZYZ-01A.Detection.Pval	TARGET-30-PAPZYZ-01A.Detection.Pval	TARGET-NBL	450K	idat_sample_sheet_TARGET-NBL__450k_beta.txt	0.0	66.90162	40.618095
TARGET-30-PATYIL-02A.Detection.Pval	TARGET-30-PATYIL-02A.Detection.Pval	TARGET-NBL	450K	idat_sample_sheet_TARGET-NBL__450k_beta.txt	0.0	66.79881	40.538807
TARGET-30-PARHAM-01A.Detection.Pval	TARGET-30-PARHAM-01A.Detection.Pval	TARGET-NBL	450K	idat_sample_sheet_TARGET-NBL__450k_beta.txt	0.0	65.05637	32.649406
TARGET-30-PAPTMM-01A.Detection.Pval	TARGET-30-PAPTMM-01A.Detection.Pval	TARGET-NBL	450K	idat_sample_sheet_TARGET-NBL__450k_beta.txt	0.0	64.96664	27.681095
TARGET-30-PANXJL-01A.Detection.Pval	TARGET-30-PANXJL-01A.Detection.Pval	TARGET-NBL	450K	idat_sample_sheet_TARGET-NBL__450k_beta.txt	0.0	66.50789	38.942425
TARGET-30-PASAZJ-01A.Detection.Pval	TARGET-30-PASAZJ-01A.Detection.Pval	TARGET-NBL	450K	idat_sample_sheet_TARGET-NBL__450k_beta.txt	0.0	66.89415	39.970314
TARGET-30-PARDYU-01A.Detection.Pval	TARGET-30-PARDYU-01A.Detection.Pval	TARGET-NBL	450K	idat_sample_sheet_TARGET-NBL__450k_beta.txt	0.0	65.755875	37.278423
TARGET-30-PANBMJ-01A.Detection.Pval	TARGET-30-PANBMJ-01A.Detection.Pval	TARGET-NBL	450K	idat_sample_sheet_TARGET-NBL__450k_beta.txt	0.0	66.424675	38.586395
TARGET-30-PARBLH-01A.Detection.Pval	TARGET-30-PARBLH-01A.Detection.Pval	TARGET-NBL	450K	idat_sample_sheet_TARGET-NBL__450k_beta.txt	0.0	66.14709	38.35315
TARGET-30-PASGAP-02A.Detection.Pval	TARGET-30-PASGAP-02A.Detection.Pval	TARGET-NBL	450K	idat_sample_sheet_TARGET-NBL__450k_beta.txt	0.0	66.85256	37.324917
TARGET-30-PARNNC-01A.Detection.Pval	TARGET-30-PARNNC-01A.Detection.Pval	TARGET-NBL	450K	idat_sample_sheet_TARGET-NBL__450k_beta.txt	0.0	63.84665	31.794292
TARGET-30-PARASL-01A.Detection.Pval	TARGET-30-PARASL-01A.Detection.Pval	TARGET-NBL	450K	idat_sample_sheet_TARGET-NBL__450k_beta.txt	0.0	67.39844	39.07076
TARGET-30-PANUKV-01A.Detection.Pval	TARGET-30-PANUKV-01A.Detection.Pval	TARGET-NBL	450K	idat_sample_sheet_TARGET-NBL__450k_beta.txt	0.0	66.70659	40.14811
TARGET-30-PASNZU-01A.Detection.Pval	TARGET-30-PASNZU-01A.Detection.Pval	TARGET-NBL	450K	idat_sample_sheet_TARGET-NBL__450k_beta.txt	0.0	67.043396	31.155806
TARGET-30-PARBGP-01A.Detection.Pval	TARGET-30-PARBGP-01A.Detection.Pval	TARGET-NBL	450K	idat_sample_sheet_TARGET-NBL__450k_beta.txt	0.0	67.529106	35.839104
TARGET-30-PASHFA-01A.Detection.Pval	TARGET-30-PASHFA-01A.Detection.Pval	TARGET-NBL	450K	idat_sample_sheet_TARGET-NBL__450k_beta.txt	0.0	66.252716	38.857758
TARGET-30-PASCTR-01A.Detection.Pval	TARGET-30-PASCTR-01A.Detection.Pval	TARGET-NBL	450K	idat_sample_sheet_TARGET-NBL__450k_beta.txt	0.0	66.9804	39.54985
TARGET-30-PANWRR-01A.Detection.Pval	TARGET-30-PANWRR-01A.Detection.Pval	TARGET-NBL	450K	idat_sample_sheet_TARGET-NBL__450k_beta.txt	0.0	67.60203	38.771526
TARGET-30-PAMCXF-01A.Detection.Pval	TARGET-30-PAMCXF-01A.Detection.Pval	TARGET-NBL	450K	idat_sample_sheet_TARGET-NBL__450k_beta.txt	0.0	66.93686	40.593704
TARGET-30-PAPTDH-01A.Detection.Pval	TARGET-30-PAPTDH-01A.Detection.Pval	TARGET-NBL	450K	idat_sample_sheet_TARGET-NBL__450k_beta.txt	0.0	61.192047	26.482357
TARGET-30-PARSRJ-01A.Detection.Pval	TARGET-30-PARSRJ-01A.Detection.Pval	TARGET-NBL	450K	idat_sample_sheet_TARGET-NBL__450k_beta.txt	0.0	26.606646	11.986356
TARGET-30-PAIPGU-01A.Detection.Pval	TARGET-30-PAIPGU-01A.Detection.Pval	TARGET-NBL	450K	idat_sample_sheet_TARGET-NBL__450k_beta.txt	0.0	67.11991	39.778133
TARGET-30-PAMZGT-01A.Detection.Pval	TARGET-30-PAMZGT-01A.Detection.Pval	TARGET-NBL	450K	idat_sample_sheet_TARGET-NBL__450k_beta.txt	0.0	67.340675	38.93839
TARGET-30-PASUML-01A.Detection.Pval	TARGET-30-PASUML-01A.Detection.Pval	TARGET-NBL	450K	idat_sample_sheet_TARGET-NBL__450k_beta.txt	0.0	67.250725	39.17121
TARGET-30-PATHKB-01A.Detection.Pval	TARGET-30-PATHKB-01A.Detection.Pval	TARGET-NBL	450K	idat_sample_sheet_TARGET-NBL__450k_beta.txt	0.0	67.05324	40.45879
TARGET-30-PARUXY-01A.Detection.Pval	TARGET-30-PARUXY-01A.Detection.Pval	TARGET-NBL	450K	idat_sample_sheet_TARGET-NBL__450k_beta.txt	0.0	66.491745	38.181004
TARGET-30-PARDVT-01A.Detection.Pval	TARGET-30-PARDVT-01A.Detection.Pval	TARGET-NBL	450K	idat_sample_sheet_TARGET-NBL__450k_beta.txt	0.0	66.93008	35.939438
TARGET-30-PASYLD-01A.Detection.Pval	TARGET-30-PASYLD-01A.Detection.Pval	TARGET-NBL	450K	idat_sample_sheet_TARGET-NBL__450k_beta.txt	0.0	65.96456	38.291714
TARGET-30-PAIXFZ-01A.Detection.Pval	TARGET-30-PAIXFZ-01A.Detection.Pval	TARGET-NBL	450K	idat_sample_sheet_TARGET-NBL__450k_beta.txt	0.0	67.44879	39.062954
TARGET-30-PASPBZ-01A.Detection.Pval	TARGET-30-PASPBZ-01A.Detection.Pval	TARGET-NBL	450K	idat_sample_sheet_TARGET-NBL__450k_beta.txt	0.0	66.88047	35.90967
TARGET-30-PASCFC-01A.Detection.Pval	TARGET-30-PASCFC-01A.Detection.Pval	TARGET-NBL	450K	idat_sample_sheet_TARGET-NBL__450k_beta.txt	0.0	66.81839	38.88499
TARGET-30-PASYPX-01A.Detection.Pval	TARGET-30-PASYPX-01A.Detection.Pval	TARGET-NBL	450K	idat_sample_sheet_TARGET-NBL__450k_beta.txt	0.0	61.159767	26.49284
TARGET-30-PATHVK-01A.Detection.Pval	TARGET-30-PATHVK-01A.Detection.Pval	TARGET-NBL	450K	idat_sample_sheet_TARGET-NBL__450k_beta.txt	0.0	66.981514	40.667065
TARGET-30-PANYGR-01A.Detection.Pval	TARGET-30-PANYGR-01A.Detection.Pval	TARGET-NBL	450K	idat_sample_sheet_TARGET-NBL__450k_beta.txt	0.0	67.290596	38.223293
TARGET-30-PASWYR-01A.Detection.Pval	TARGET-30-PASWYR-01A.Detection.Pval	TARGET-NBL	450K	idat_sample_sheet_TARGET-NBL__450k_beta.txt	0.0	65.74002	35.68816
TARGET-30-PARNCW-01A.Detection.Pval	TARGET-30-PARNCW-01A.Detection.Pval	TARGET-NBL	450K	idat_sample_sheet_TARGET-NBL__450k_beta.txt	0.0	67.29487	38.667885
TARGET-30-PANKFE-01A.Detection.Pval	TARGET-30-PANKFE-01A.Detection.Pval	TARGET-NBL	450K	idat_sample_sheet_TARGET-NBL__450k_beta.txt	0.0	66.88314	33.612034
TARGET-30-PARNEE-01A.Detection.Pval	TARGET-30-PARNEE-01A.Detection.Pval	TARGET-NBL	450K	idat_sample_sheet_TARGET-NBL__450k_beta.txt	0.0	66.92875	40.26089
TARGET-30-PAPUWY-01A.Detection.Pval	TARGET-30-PAPUWY-01A.Detection.Pval	TARGET-NBL	450K	idat_sample_sheet_TARGET-NBL__450k_beta.txt	0.0	66.87061	38.77727
TARGET-30-PASXRG-01A.Detection.Pval	TARGET-30-PASXRG-01A.Detection.Pval	TARGET-NBL	450K	idat_sample_sheet_TARGET-NBL__450k_beta.txt	0.0	66.98144	39.916996
TARGET-30-PAIVHE-01A.Detection.Pval	TARGET-30-PAIVHE-01A.Detection.Pval	TARGET-NBL	450K	idat_sample_sheet_TARGET-NBL__450k_beta.txt	0.0	66.999596	39.964115
TARGET-30-PASFGG-01A.Detection.Pval	TARGET-30-PASFGG-01A.Detection.Pval	TARGET-NBL	450K	idat_sample_sheet_TARGET-NBL__450k_beta.txt	0.0	66.07457	38.924248
TARGET-30-PARBAJ-02A.Detection.Pval	TARGET-30-PARBAJ-02A.Detection.Pval	TARGET-NBL	450K	idat_sample_sheet_TARGET-NBL__450k_beta.txt	0.0	66.89704	31.522692
TARGET-30-PARAHE-01A.Detection.Pval	TARGET-30-PARAHE-01A.Detection.Pval	TARGET-NBL	450K	idat_sample_sheet_TARGET-NBL__450k_beta.txt	0.0	18.292988	17.068316
TARGET-30-PARXLM-01A.Detection.Pval	TARGET-30-PARXLM-01A.Detection.Pval	TARGET-NBL	450K	idat_sample_sheet_TARGET-NBL__450k_beta.txt	0.0	66.90604	39.471806
TARGET-30-PAISNS-01A.Detection.Pval	TARGET-30-PAISNS-01A.Detection.Pval	TARGET-NBL	450K	idat_sample_sheet_TARGET-NBL__450k_beta.txt	0.0	66.90082	40.14964
TARGET-00-NAAEPE-11A.Detection.Pval	TARGET-00-NAAEPE-11A.Detection.Pval	TARGET-NBL	450K	idat_sample_sheet_TARGET-NBL__450k_beta.txt	0.0	61.198242	26.529976
TARGET-30-PALLJJ-01A.Detection.Pval	TARGET-30-PALLJJ-01A.Detection.Pval	TARGET-NBL	450K	idat_sample_sheet_TARGET-NBL__450k_beta.txt	0.0	65.04694	32.50759
TARGET-00-NAAENI-11A.Detection.Pval	TARGET-00-NAAENI-11A.Detection.Pval	TARGET-NBL	450K	idat_sample_sheet_TARGET-NBL__450k_beta.txt	0.0	67.26811	39.75336
TARGET-30-PAPVEB-01A.Detection.Pval	TARGET-30-PAPVEB-01A.Detection.Pval	TARGET-NBL	450K	idat_sample_sheet_TARGET-NBL__450k_beta.txt	0.0	66.12545	36.30617
TARGET-00-NAAENJ-11A.Detection.Pval	TARGET-00-NAAENJ-11A.Detection.Pval	TARGET-NBL	450K	idat_sample_sheet_TARGET-NBL__450k_beta.txt	0.0	66.8419	36.909214
TARGET-30-PASTCN-01A.Detection.Pval	TARGET-30-PASTCN-01A.Detection.Pval	TARGET-NBL	450K	idat_sample_sheet_TARGET-NBL__450k_beta.txt	0.0	61.80952	27.63554
TARGET-30-PANLET-01A.Detection.Pval	TARGET-30-PANLET-01A.Detection.Pval	TARGET-NBL	450K	idat_sample_sheet_TARGET-NBL__450k_beta.txt	0.0	66.82573	40.029854
TARGET-00-NAAENG-11A.Detection.Pval	TARGET-00-NAAENG-11A.Detection.Pval	TARGET-NBL	450K	idat_sample_sheet_TARGET-NBL__450k_beta.txt	0.0	66.93034	38.864475
TARGET-30-PATGWT-01A.Detection.Pval	TARGET-30-PATGWT-01A.Detection.Pval	TARGET-NBL	450K	idat_sample_sheet_TARGET-NBL__450k_beta.txt	0.0	66.98188	39.505363
TARGET-30-PARZHA-01A.Detection.Pval	TARGET-30-PARZHA-01A.Detection.Pval	TARGET-NBL	450K	idat_sample_sheet_TARGET-NBL__450k_beta.txt	0.0	25.812393	11.093618
TARGET-30-PARKGJ-01A_1.Detection.Pval	TARGET-30-PARKGJ-01A_1.Detection.Pval	TARGET-NBL	450K	idat_sample_sheet_TARGET-NBL__450k_beta.txt	0.0	66.91479	40.478916
TARGET-30-PALEAC-01A.Detection.Pval	TARGET-30-PALEAC-01A.Detection.Pval	TARGET-NBL	450K	idat_sample_sheet_TARGET-NBL__450k_beta.txt	0.0	67.40035	36.43688
TARGET-30-PATEPF-01A.Detection.Pval	TARGET-30-PATEPF-01A.Detection.Pval	TARGET-NBL	450K	idat_sample_sheet_TARGET-NBL__450k_beta.txt	0.0	66.54085	37.46901
TARGET-30-PAPHPE-01A.Detection.Pval	TARGET-30-PAPHPE-01A.Detection.Pval	TARGET-NBL	450K	idat_sample_sheet_TARGET-NBL__450k_beta.txt	0.0	67.37923	38.642834
TARGET-30-PARHAM-02A.Detection.Pval	TARGET-30-PARHAM-02A.Detection.Pval	TARGET-NBL	450K	idat_sample_sheet_TARGET-NBL__450k_beta.txt	0.0	65.04876	32.52593
TARGET-30-PAKGCI-01A.Detection.Pval	TARGET-30-PAKGCI-01A.Detection.Pval	TARGET-NBL	450K	idat_sample_sheet_TARGET-NBL__450k_beta.txt	0.0	65.96766	32.65274
TARGET-30-PARETE-01A.Detection.Pval	TARGET-30-PARETE-01A.Detection.Pval	TARGET-NBL	450K	idat_sample_sheet_TARGET-NBL__450k_beta.txt	0.0	67.337494	39.075546
TARGET-30-PAPEAV-01A.Detection.Pval	TARGET-30-PAPEAV-01A.Detection.Pval	TARGET-NBL	450K	idat_sample_sheet_TARGET-NBL__450k_beta.txt	0.0	66.8191	40.46344
TARGET-30-PARGUX-01A.Detection.Pval	TARGET-30-PARGUX-01A.Detection.Pval	TARGET-NBL	450K	idat_sample_sheet_TARGET-NBL__450k_beta.txt	0.0	66.57214	37.037945
TARGET-30-PAMAFV-01A.Detection.Pval	TARGET-30-PAMAFV-01A.Detection.Pval	TARGET-NBL	450K	idat_sample_sheet_TARGET-NBL__450k_beta.txt	0.0	65.65888	36.410988
TARGET-30-PASXGP-01A.Detection.Pval	TARGET-30-PASXGP-01A.Detection.Pval	TARGET-NBL	450K	idat_sample_sheet_TARGET-NBL__450k_beta.txt	0.0	18.327183	17.036041
TARGET-30-PALFSE-01A.Detection.Pval	TARGET-30-PALFSE-01A.Detection.Pval	TARGET-NBL	450K	idat_sample_sheet_TARGET-NBL__450k_beta.txt	0.0	66.471436	39.623703
TARGET-30-PAKHAV-01A.Detection.Pval	TARGET-30-PAKHAV-01A.Detection.Pval	TARGET-NBL	450K	idat_sample_sheet_TARGET-NBL__450k_beta.txt	0.0	66.825584	40.59417
TARGET-40-PASYUK-01A	TARGET-40-PASYUK-01A.Ave_Beta	TARGET-OS	450K	idat_sample_sheet_TARGET-OS__450k_beta.txt	0.0	-0.23308656	9.76214
TARGET-40-0A4HMC-01A	TARGET-40-0A4HMC-01A.Ave_Beta	TARGET-OS	450K	idat_sample_sheet_TARGET-OS__450k_beta.txt	0.0	0.89290196	9.136347
TARGET-40-PAPXGT-01A	TARGET-40-PAPXGT-01A.Ave_Beta	TARGET-OS	450K	idat_sample_sheet_TARGET-OS__450k_beta.txt	0.0	0.27127323	9.494323
TARGET-40-PALHRL-01A	TARGET-40-PALHRL-01A.Ave_Beta	TARGET-OS	450K	idat_sample_sheet_TARGET-OS__450k_beta.txt	0.0	1.0705658	8.996615
TARGET-40-PANGRW-01A	TARGET-40-PANGRW-01A.Ave_Beta	TARGET-OS	450K	idat_sample_sheet_TARGET-OS__450k_beta.txt	0.0	0.041704312	9.600856
TARGET-40-PATPBS-01A	TARGET-40-PATPBS-01A.Ave_Beta	TARGET-OS	450K	idat_sample_sheet_TARGET-OS__450k_beta.txt	0.0	0.7080385	9.294304
TARGET-40-PAUBIT-01A	TARGET-40-PAUBIT-01A.Ave_Beta	TARGET-OS	450K	idat_sample_sheet_TARGET-OS__450k_beta.txt	0.0	0.43780348	9.413136
TARGET-40-PANPUM-01A	TARGET-40-PANPUM-01A.Ave_Beta	TARGET-OS	450K	idat_sample_sheet_TARGET-OS__450k_beta.txt	0.0	-0.29072398	10.153491
TARGET-40-PAVCLP-01A	TARGET-40-PAVCLP-01A.Ave_Beta	TARGET-OS	450K	idat_sample_sheet_TARGET-OS__450k_beta.txt	0.0	0.35048357	9.498398
TARGET-40-PATEEM-01A	TARGET-40-PATEEM-01A.Ave_Beta	TARGET-OS	450K	idat_sample_sheet_TARGET-OS__450k_beta.txt	0.0	-0.20819168	9.687441
TARGET-40-0A4HX8-01A	TARGET-40-0A4HX8-01A.Ave_Beta	TARGET-OS	450K	idat_sample_sheet_TARGET-OS__450k_beta.txt	0.0	-1.5873165	9.853511
TARGET-40-PASKZZ-01A	TARGET-40-PASKZZ-01A.Ave_Beta	TARGET-OS	450K	idat_sample_sheet_TARGET-OS__450k_beta.txt	0.0	0.6232063	9.331063
TARGET-40-PAUTWB-01A	TARGET-40-PAUTWB-01A.Ave_Beta	TARGET-OS	450K	idat_sample_sheet_TARGET-OS__450k_beta.txt	0.0	0.6538607	9.290139
TARGET-40-0A4I0Q-01A	TARGET-40-0A4I0Q-01A.Ave_Beta	TARGET-OS	450K	idat_sample_sheet_TARGET-OS__450k_beta.txt	0.0	-0.2554272	9.805773
TARGET-40-PAKFVX-01A	TARGET-40-PAKFVX-01A.Ave_Beta	TARGET-OS	450K	idat_sample_sheet_TARGET-OS__450k_beta.txt	0.0	1.0911227	8.977948
TARGET-40-PASEFS-01A	TARGET-40-PASEFS-01A.Ave_Beta	TARGET-OS	450K	idat_sample_sheet_TARGET-OS__450k_beta.txt	0.0	-1.495716	8.787599
TARGET-40-0A4I42-01A	TARGET-40-0A4I42-01A.Ave_Beta	TARGET-OS	450K	idat_sample_sheet_TARGET-OS__450k_beta.txt	0.0	0.24029122	9.421642
TARGET-40-PANZZJ-01A	TARGET-40-PANZZJ-01A.Ave_Beta	TARGET-OS	450K	idat_sample_sheet_TARGET-OS__450k_beta.txt	0.0	-0.11159446	9.775407
TARGET-40-0A4I8U-01A	TARGET-40-0A4I8U-01A.Ave_Beta	TARGET-OS	450K	idat_sample_sheet_TARGET-OS__450k_beta.txt	0.0	0.3856301	9.3665695
TARGET-40-PAMJXS-01A	TARGET-40-PAMJXS-01A.Ave_Beta	TARGET-OS	450K	idat_sample_sheet_TARGET-OS__450k_beta.txt	0.0	1.0952802	8.966161
TARGET-40-0A4HLD-01A	TARGET-40-0A4HLD-01A.Ave_Beta	TARGET-OS	450K	idat_sample_sheet_TARGET-OS__450k_beta.txt	0.0	0.71572775	9.261476
TARGET-40-PAMLKS-01A	TARGET-40-PAMLKS-01A.Ave_Beta	TARGET-OS	450K	idat_sample_sheet_TARGET-OS__450k_beta.txt	0.0	-0.18832107	9.715586
TARGET-40-0A4I4E-01A	TARGET-40-0A4I4E-01A.Ave_Beta	TARGET-OS	450K	idat_sample_sheet_TARGET-OS__450k_beta.txt	0.0	-0.27690032	10.069346
TARGET-40-0A4I3S-01A	TARGET-40-0A4I3S-01A.Ave_Beta	TARGET-OS	450K	idat_sample_sheet_TARGET-OS__450k_beta.txt	0.0	0.7271663	9.251206
TARGET-40-PANVJJ-01A	TARGET-40-PANVJJ-01A.Ave_Beta	TARGET-OS	450K	idat_sample_sheet_TARGET-OS__450k_beta.txt	0.0	0.26872864	9.539523
TARGET-40-0A4I4M-01A	TARGET-40-0A4I4M-01A.Ave_Beta	TARGET-OS	450K	idat_sample_sheet_TARGET-OS__450k_beta.txt	0.0	0.64188915	9.301097
TARGET-40-0A4I48-01A	TARGET-40-0A4I48-01A.Ave_Beta	TARGET-OS	450K	idat_sample_sheet_TARGET-OS__450k_beta.txt	0.0	0.78215027	9.2069025
TARGET-40-PASEBY-01A	TARGET-40-PASEBY-01A.Ave_Beta	TARGET-OS	450K	idat_sample_sheet_TARGET-OS__450k_beta.txt	0.0	-0.028500577	9.623234
TARGET-40-PALECC-01A	TARGET-40-PALECC-01A.Ave_Beta	TARGET-OS	450K	idat_sample_sheet_TARGET-OS__450k_beta.txt	0.0	0.23059225	9.485621
TARGET-40-PAVDTY-01A	TARGET-40-PAVDTY-01A.Ave_Beta	TARGET-OS	450K	idat_sample_sheet_TARGET-OS__450k_beta.txt	0.0	0.33046183	9.464006
TARGET-40-PASUUH-01A	TARGET-40-PASUUH-01A.Ave_Beta	TARGET-OS	450K	idat_sample_sheet_TARGET-OS__450k_beta.txt	0.0	0.5894382	9.349891
TARGET-40-PATMXR-01A	TARGET-40-PATMXR-01A.Ave_Beta	TARGET-OS	450K	idat_sample_sheet_TARGET-OS__450k_beta.txt	0.0	0.2769186	9.386398
TARGET-40-PANZHX-01A	TARGET-40-PANZHX-01A.Ave_Beta	TARGET-OS	450K	idat_sample_sheet_TARGET-OS__450k_beta.txt	0.0	0.32282987	9.51027
TARGET-40-PAKZZK-01A	TARGET-40-PAKZZK-01A.Ave_Beta	TARGET-OS	450K	idat_sample_sheet_TARGET-OS__450k_beta.txt	0.0	0.59248865	9.338389
TARGET-40-0A4I6O-01A	TARGET-40-0A4I6O-01A.Ave_Beta	TARGET-OS	450K	idat_sample_sheet_TARGET-OS__450k_beta.txt	0.0	-0.06823244	9.699801
TARGET-40-PASRNE-01A	TARGET-40-PASRNE-01A.Ave_Beta	TARGET-OS	450K	idat_sample_sheet_TARGET-OS__450k_beta.txt	0.0	0.5064203	9.307715
TARGET-40-PALKDP-01A	TARGET-40-PALKDP-01A.Ave_Beta	TARGET-OS	450K	idat_sample_sheet_TARGET-OS__450k_beta.txt	0.0	1.1062843	8.964421
TARGET-40-PALFYN-01A	TARGET-40-PALFYN-01A.Ave_Beta	TARGET-OS	450K	idat_sample_sheet_TARGET-OS__450k_beta.txt	0.0	0.37801704	9.47963
TARGET-40-PANMIG-01A	TARGET-40-PANMIG-01A.Ave_Beta	TARGET-OS	450K	idat_sample_sheet_TARGET-OS__450k_beta.txt	0.0	0.354287	9.4792595
TARGET-40-PARGTM-01A	TARGET-40-PARGTM-01A.Ave_Beta	TARGET-OS	450K	idat_sample_sheet_TARGET-OS__450k_beta.txt	0.0	0.9125921	9.122187
TARGET-40-PAVECB-01A	TARGET-40-PAVECB-01A.Ave_Beta	TARGET-OS	450K	idat_sample_sheet_TARGET-OS__450k_beta.txt	0.0	0.28847072	9.574752
TARGET-40-PASSLM-01A	TARGET-40-PASSLM-01A.Ave_Beta	TARGET-OS	450K	idat_sample_sheet_TARGET-OS__450k_beta.txt	0.0	0.66010416	9.276307
TARGET-40-PAUTYB-01A	TARGET-40-PAUTYB-01A.Ave_Beta	TARGET-OS	450K	idat_sample_sheet_TARGET-OS__450k_beta.txt	0.0	-0.13277769	9.709839
TARGET-40-PANGPE-01A	TARGET-40-PANGPE-01A.Ave_Beta	TARGET-OS	450K	idat_sample_sheet_TARGET-OS__450k_beta.txt	0.0	0.97600394	9.070416
TARGET-40-PASNZV-01A	TARGET-40-PASNZV-01A.Ave_Beta	TARGET-OS	450K	idat_sample_sheet_TARGET-OS__450k_beta.txt	0.0	-0.013926667	9.613045
TARGET-40-PATMIF-01A	TARGET-40-PATMIF-01A.Ave_Beta	TARGET-OS	450K	idat_sample_sheet_TARGET-OS__450k_beta.txt	0.0	1.0327649	9.026084
TARGET-40-PAPKWD-01A	TARGET-40-PAPKWD-01A.Ave_Beta	TARGET-OS	450K	idat_sample_sheet_TARGET-OS__450k_beta.txt	0.0	-0.7476003	10.353038
TARGET-40-PATAWV-01A	TARGET-40-PATAWV-01A.Ave_Beta	TARGET-OS	450K	idat_sample_sheet_TARGET-OS__450k_beta.txt	0.0	0.9159588	9.116038
TARGET-40-PASFCV-01A	TARGET-40-PASFCV-01A.Ave_Beta	TARGET-OS	450K	idat_sample_sheet_TARGET-OS__450k_beta.txt	0.0	0.9208459	9.124591
TARGET-40-PANSEN-01A	TARGET-40-PANSEN-01A.Ave_Beta	TARGET-OS	450K	idat_sample_sheet_TARGET-OS__450k_beta.txt	0.0	0.91707426	9.119528
TARGET-40-PAUYTT-01A	TARGET-40-PAUYTT-01A.Ave_Beta	TARGET-OS	450K	idat_sample_sheet_TARGET-OS__450k_beta.txt	0.0	0.90194124	9.130794
TARGET-40-PAVALD-01A	TARGET-40-PAVALD-01A.Ave_Beta	TARGET-OS	450K	idat_sample_sheet_TARGET-OS__450k_beta.txt	0.0	-0.618758	10.630216
TARGET-40-PAKXLD-01A	TARGET-40-PAKXLD-01A.Ave_Beta	TARGET-OS	450K	idat_sample_sheet_TARGET-OS__450k_beta.txt	0.0	-0.17815417	9.883496
TARGET-40-PAUVUL-01A	TARGET-40-PAUVUL-01A.Ave_Beta	TARGET-OS	450K	idat_sample_sheet_TARGET-OS__450k_beta.txt	0.0	1.1207601	8.952229
TARGET-40-PAMEKS-01A	TARGET-40-PAMEKS-01A.Ave_Beta	TARGET-OS	450K	idat_sample_sheet_TARGET-OS__450k_beta.txt	0.0	0.8733909	9.15775
TARGET-40-PARDAX-01A	TARGET-40-PARDAX-01A.Ave_Beta	TARGET-OS	450K	idat_sample_sheet_TARGET-OS__450k_beta.txt	0.0	0.10888825	9.508971
TARGET-40-PARFTG-01A	TARGET-40-PARFTG-01A.Ave_Beta	TARGET-OS	450K	idat_sample_sheet_TARGET-OS__450k_beta.txt	0.0	-0.49627462	10.501233
TARGET-40-PAUXPZ-01A	TARGET-40-PAUXPZ-01A.Ave_Beta	TARGET-OS	450K	idat_sample_sheet_TARGET-OS__450k_beta.txt	0.0	0.44654405	9.420759
TARGET-40-PANXSC-01A	TARGET-40-PANXSC-01A.Ave_Beta	TARGET-OS	450K	idat_sample_sheet_TARGET-OS__450k_beta.txt	0.0	1.0740039	8.994897
TARGET-40-0A4I65-01A	TARGET-40-0A4I65-01A.Ave_Beta	TARGET-OS	450K	idat_sample_sheet_TARGET-OS__450k_beta.txt	0.0	0.12212471	9.494105
TARGET-40-PAPFLB-01A	TARGET-40-PAPFLB-01A.Ave_Beta	TARGET-OS	450K	idat_sample_sheet_TARGET-OS__450k_beta.txt	0.0	0.33051717	9.396643
TARGET-40-PAPNVD-01A	TARGET-40-PAPNVD-01A.Ave_Beta	TARGET-OS	450K	idat_sample_sheet_TARGET-OS__450k_beta.txt	0.0	-0.7452699	10.6090555
TARGET-40-PAPWWC-01A	TARGET-40-PAPWWC-01A.Ave_Beta	TARGET-OS	450K	idat_sample_sheet_TARGET-OS__450k_beta.txt	0.0	-0.2003509	9.767087
TARGET-40-0A4HY5-01A	TARGET-40-0A4HY5-01A.Ave_Beta	TARGET-OS	450K	idat_sample_sheet_TARGET-OS__450k_beta.txt	0.0	-0.58642346	10.016028
TARGET-40-PATKSS-01A	TARGET-40-PATKSS-01A.Ave_Beta	TARGET-OS	450K	idat_sample_sheet_TARGET-OS__450k_beta.txt	0.0	-0.46864742	10.403891
TARGET-40-PATJVI-01A	TARGET-40-PATJVI-01A.Ave_Beta	TARGET-OS	450K	idat_sample_sheet_TARGET-OS__450k_beta.txt	0.0	0.90911436	9.133396
TARGET-40-0A4I0W-01A	TARGET-40-0A4I0W-01A.Ave_Beta	TARGET-OS	450K	idat_sample_sheet_TARGET-OS__450k_beta.txt	0.0	0.40023544	9.479991
TARGET-40-PALKGN-01A	TARGET-40-PALKGN-01A.Ave_Beta	TARGET-OS	450K	idat_sample_sheet_TARGET-OS__450k_beta.txt	0.0	0.5781946	9.376191
TARGET-40-PALZGU-01A	TARGET-40-PALZGU-01A.Ave_Beta	TARGET-OS	450K	idat_sample_sheet_TARGET-OS__450k_beta.txt	0.0	-0.76146287	10.3149
TARGET-40-0A4I4O-01A	TARGET-40-0A4I4O-01A.Ave_Beta	TARGET-OS	450K	idat_sample_sheet_TARGET-OS__450k_beta.txt	0.0	0.607029	9.2970915
TARGET-40-PAMRHD-01A	TARGET-40-PAMRHD-01A.Ave_Beta	TARGET-OS	450K	idat_sample_sheet_TARGET-OS__450k_beta.txt	0.0	-0.19931993	9.808266
TARGET-40-0A4HXS-01A	TARGET-40-0A4HXS-01A.Ave_Beta	TARGET-OS	450K	idat_sample_sheet_TARGET-OS__450k_beta.txt	0.0	-0.42853057	10.368885
TARGET-40-PATUXZ-01A	TARGET-40-PATUXZ-01A.Ave_Beta	TARGET-OS	450K	idat_sample_sheet_TARGET-OS__450k_beta.txt	0.0	1.0147665	9.032279
TARGET-40-PAMTCM-01A	TARGET-40-PAMTCM-01A.Ave_Beta	TARGET-OS	450K	idat_sample_sheet_TARGET-OS__450k_beta.txt	0.0	0.14963351	9.545911
TARGET-40-PALWWX-01A	TARGET-40-PALWWX-01A.Ave_Beta	TARGET-OS	450K	idat_sample_sheet_TARGET-OS__450k_beta.txt	0.0	0.9283736	9.108289
TARGET-40-PARKAF-01A	TARGET-40-PARKAF-01A.Ave_Beta	TARGET-OS	450K	idat_sample_sheet_TARGET-OS__450k_beta.txt	0.0	0.046188686	9.5117655
TARGET-40-PAUUML-01A	TARGET-40-PAUUML-01A.Ave_Beta	TARGET-OS	450K	idat_sample_sheet_TARGET-OS__450k_beta.txt	0.0	-0.1485953	9.905711
TARGET-40-PAMYYJ-01A	TARGET-40-PAMYYJ-01A.Ave_Beta	TARGET-OS	450K	idat_sample_sheet_TARGET-OS__450k_beta.txt	0.0	-0.119061664	9.698921
TARGET-40-PAKUZU-01A	TARGET-40-PAKUZU-01A.Ave_Beta	TARGET-OS	450K	idat_sample_sheet_TARGET-OS__450k_beta.txt	0.0	-0.18629244	9.7762375
TARGET-40-PAPIJR-01A	TARGET-40-PAPIJR-01A.Ave_Beta	TARGET-OS	450K	idat_sample_sheet_TARGET-OS__450k_beta.txt	0.0	0.4616523	9.363259
TARGET-40-PAPVYW-01A	TARGET-40-PAPVYW-01A.Ave_Beta	TARGET-OS	450K	idat_sample_sheet_TARGET-OS__450k_beta.txt	0.0	-0.63776493	10.522612
TARGET-40-PATMPU-01A	TARGET-40-PATMPU-01A.Ave_Beta	TARGET-OS	450K	idat_sample_sheet_TARGET-OS__450k_beta.txt	0.0	0.49179643	9.321001
TARGET-40-0A4I9K-01A	TARGET-40-0A4I9K-01A.Ave_Beta	TARGET-OS	450K	idat_sample_sheet_TARGET-OS__450k_beta.txt	0.0	-1.6396749	9.100353
TARGET-40-PARJXU-01A	TARGET-40-PARJXU-01A.Ave_Beta	TARGET-OS	450K	idat_sample_sheet_TARGET-OS__450k_beta.txt	0.0	0.62669134	9.322316
TARGET-40-PAMHYN-01A	TARGET-40-PAMHYN-01A.Ave_Beta	TARGET-OS	450K	idat_sample_sheet_TARGET-OS__450k_beta.txt	0.0	0.5316333	9.364416
TARGET-40-0A4I5B-01A	TARGET-40-0A4I5B-01A.Ave_Beta	TARGET-OS	450K	idat_sample_sheet_TARGET-OS__450k_beta.txt	0.0	1.075498	8.988784
TARGET-40-PASYUK-01A.Detection.Pval	TARGET-40-PASYUK-01A.Detection.Pval	TARGET-OS	450K	idat_sample_sheet_TARGET-OS__450k_beta.txt	0.0	66.97354	35.94912
TARGET-40-0A4HMC-01A.Detection.Pval	TARGET-40-0A4HMC-01A.Detection.Pval	TARGET-OS	450K	idat_sample_sheet_TARGET-OS__450k_beta.txt	0.0	66.95794	40.032955
TARGET-40-PAPXGT-01A.Detection.Pval	TARGET-40-PAPXGT-01A.Detection.Pval	TARGET-OS	450K	idat_sample_sheet_TARGET-OS__450k_beta.txt	0.0	18.293783	17.068367
TARGET-40-PALHRL-01A.Detection.Pval	TARGET-40-PALHRL-01A.Detection.Pval	TARGET-OS	450K	idat_sample_sheet_TARGET-OS__450k_beta.txt	0.0	67.00583	38.970074
TARGET-40-PANGRW-01A.Detection.Pval	TARGET-40-PANGRW-01A.Detection.Pval	TARGET-OS	450K	idat_sample_sheet_TARGET-OS__450k_beta.txt	0.0	66.06165	39.021492
TARGET-40-PATPBS-01A.Detection.Pval	TARGET-40-PATPBS-01A.Detection.Pval	TARGET-OS	450K	idat_sample_sheet_TARGET-OS__450k_beta.txt	0.0	66.782715	40.55838
TARGET-40-PAUBIT-01A.Detection.Pval	TARGET-40-PAUBIT-01A.Detection.Pval	TARGET-OS	450K	idat_sample_sheet_TARGET-OS__450k_beta.txt	0.0	66.77026	38.476547
TARGET-40-PANPUM-01A.Detection.Pval	TARGET-40-PANPUM-01A.Detection.Pval	TARGET-OS	450K	idat_sample_sheet_TARGET-OS__450k_beta.txt	0.0	67.06453	38.917957
TARGET-40-PAVCLP-01A.Detection.Pval	TARGET-40-PAVCLP-01A.Detection.Pval	TARGET-OS	450K	idat_sample_sheet_TARGET-OS__450k_beta.txt	0.0	66.64563	39.822113
TARGET-40-PATEEM-01A.Detection.Pval	TARGET-40-PATEEM-01A.Detection.Pval	TARGET-OS	450K	idat_sample_sheet_TARGET-OS__450k_beta.txt	0.0	65.040405	32.50842
TARGET-40-0A4HX8-01A.Detection.Pval	TARGET-40-0A4HX8-01A.Detection.Pval	TARGET-OS	450K	idat_sample_sheet_TARGET-OS__450k_beta.txt	0.0	67.36432	39.205856
TARGET-40-PASKZZ-01A.Detection.Pval	TARGET-40-PASKZZ-01A.Detection.Pval	TARGET-OS	450K	idat_sample_sheet_TARGET-OS__450k_beta.txt	0.0	61.593746	27.384405
TARGET-40-PAUTWB-01A.Detection.Pval	TARGET-40-PAUTWB-01A.Detection.Pval	TARGET-OS	450K	idat_sample_sheet_TARGET-OS__450k_beta.txt	0.0	66.64237	39.551693
TARGET-40-0A4I0Q-01A.Detection.Pval	TARGET-40-0A4I0Q-01A.Detection.Pval	TARGET-OS	450K	idat_sample_sheet_TARGET-OS__450k_beta.txt	0.0	64.66851	33.864643
TARGET-40-PAKFVX-01A.Detection.Pval	TARGET-40-PAKFVX-01A.Detection.Pval	TARGET-OS	450K	idat_sample_sheet_TARGET-OS__450k_beta.txt	0.0	66.66863	39.932583
TARGET-40-PASEFS-01A.Detection.Pval	TARGET-40-PASEFS-01A.Detection.Pval	TARGET-OS	450K	idat_sample_sheet_TARGET-OS__450k_beta.txt	0.0	65.02086	32.852642
TARGET-40-0A4I42-01A.Detection.Pval	TARGET-40-0A4I42-01A.Detection.Pval	TARGET-OS	450K	idat_sample_sheet_TARGET-OS__450k_beta.txt	0.0	66.98366	38.839367
TARGET-40-PANZZJ-01A.Detection.Pval	TARGET-40-PANZZJ-01A.Detection.Pval	TARGET-OS	450K	idat_sample_sheet_TARGET-OS__450k_beta.txt	0.0	66.950005	39.63004
TARGET-40-0A4I8U-01A.Detection.Pval	TARGET-40-0A4I8U-01A.Detection.Pval	TARGET-OS	450K	idat_sample_sheet_TARGET-OS__450k_beta.txt	0.0	64.590454	29.762985
TARGET-40-PAMJXS-01A.Detection.Pval	TARGET-40-PAMJXS-01A.Detection.Pval	TARGET-OS	450K	idat_sample_sheet_TARGET-OS__450k_beta.txt	0.0	67.21092	38.97852
TARGET-40-0A4HLD-01A.Detection.Pval	TARGET-40-0A4HLD-01A.Detection.Pval	TARGET-OS	450K	idat_sample_sheet_TARGET-OS__450k_beta.txt	0.0	64.64255	33.877464
TARGET-40-PAMLKS-01A.Detection.Pval	TARGET-40-PAMLKS-01A.Detection.Pval	TARGET-OS	450K	idat_sample_sheet_TARGET-OS__450k_beta.txt	0.0	66.92832	38.855156
TARGET-40-0A4I4E-01A.Detection.Pval	TARGET-40-0A4I4E-01A.Detection.Pval	TARGET-OS	450K	idat_sample_sheet_TARGET-OS__450k_beta.txt	0.0	64.644714	33.884636
TARGET-40-0A4I3S-01A.Detection.Pval	TARGET-40-0A4I3S-01A.Detection.Pval	TARGET-OS	450K	idat_sample_sheet_TARGET-OS__450k_beta.txt	0.0	64.6516	33.883625
TARGET-40-PANVJJ-01A.Detection.Pval	TARGET-40-PANVJJ-01A.Detection.Pval	TARGET-OS	450K	idat_sample_sheet_TARGET-OS__450k_beta.txt	0.0	67.08926	39.41396
TARGET-40-0A4I4M-01A.Detection.Pval	TARGET-40-0A4I4M-01A.Detection.Pval	TARGET-OS	450K	idat_sample_sheet_TARGET-OS__450k_beta.txt	0.0	67.419075	37.43511
TARGET-40-0A4I48-01A.Detection.Pval	TARGET-40-0A4I48-01A.Detection.Pval	TARGET-OS	450K	idat_sample_sheet_TARGET-OS__450k_beta.txt	0.0	64.66971	33.809086
TARGET-40-PASEBY-01A.Detection.Pval	TARGET-40-PASEBY-01A.Detection.Pval	TARGET-OS	450K	idat_sample_sheet_TARGET-OS__450k_beta.txt	0.0	26.613567	11.988089
TARGET-40-PALECC-01A.Detection.Pval	TARGET-40-PALECC-01A.Detection.Pval	TARGET-OS	450K	idat_sample_sheet_TARGET-OS__450k_beta.txt	0.0	65.0015	27.693707
TARGET-40-PAVDTY-01A.Detection.Pval	TARGET-40-PAVDTY-01A.Detection.Pval	TARGET-OS	450K	idat_sample_sheet_TARGET-OS__450k_beta.txt	0.0	66.659836	37.830795
TARGET-40-PASUUH-01A.Detection.Pval	TARGET-40-PASUUH-01A.Detection.Pval	TARGET-OS	450K	idat_sample_sheet_TARGET-OS__450k_beta.txt	0.0	66.57317	37.905304
TARGET-40-PATMXR-01A.Detection.Pval	TARGET-40-PATMXR-01A.Detection.Pval	TARGET-OS	450K	idat_sample_sheet_TARGET-OS__450k_beta.txt	0.0	67.89193	37.381622
TARGET-40-PANZHX-01A.Detection.Pval	TARGET-40-PANZHX-01A.Detection.Pval	TARGET-OS	450K	idat_sample_sheet_TARGET-OS__450k_beta.txt	0.0	67.03353	39.509693
TARGET-40-PAKZZK-01A.Detection.Pval	TARGET-40-PAKZZK-01A.Detection.Pval	TARGET-OS	450K	idat_sample_sheet_TARGET-OS__450k_beta.txt	0.0	66.649086	39.066578
TARGET-40-0A4I6O-01A.Detection.Pval	TARGET-40-0A4I6O-01A.Detection.Pval	TARGET-OS	450K	idat_sample_sheet_TARGET-OS__450k_beta.txt	0.0	64.64396	33.885643
TARGET-40-PASRNE-01A.Detection.Pval	TARGET-40-PASRNE-01A.Detection.Pval	TARGET-OS	450K	idat_sample_sheet_TARGET-OS__450k_beta.txt	0.0	66.66149	39.505554
TARGET-40-PALKDP-01A.Detection.Pval	TARGET-40-PALKDP-01A.Detection.Pval	TARGET-OS	450K	idat_sample_sheet_TARGET-OS__450k_beta.txt	0.0	61.13513	26.465622
TARGET-40-PALFYN-01A.Detection.Pval	TARGET-40-PALFYN-01A.Detection.Pval	TARGET-OS	450K	idat_sample_sheet_TARGET-OS__450k_beta.txt	0.0	25.957075	10.894562
TARGET-40-PANMIG-01A.Detection.Pval	TARGET-40-PANMIG-01A.Detection.Pval	TARGET-OS	450K	idat_sample_sheet_TARGET-OS__450k_beta.txt	0.0	67.06475	39.295036
TARGET-40-PARGTM-01A.Detection.Pval	TARGET-40-PARGTM-01A.Detection.Pval	TARGET-OS	450K	idat_sample_sheet_TARGET-OS__450k_beta.txt	0.0	18.309212	17.054928
TARGET-40-PAVECB-01A.Detection.Pval	TARGET-40-PAVECB-01A.Detection.Pval	TARGET-OS	450K	idat_sample_sheet_TARGET-OS__450k_beta.txt	0.0	65.75275	35.811302
TARGET-40-PASSLM-01A.Detection.Pval	TARGET-40-PASSLM-01A.Detection.Pval	TARGET-OS	450K	idat_sample_sheet_TARGET-OS__450k_beta.txt	0.0	66.597046	40.18388
TARGET-40-PAUTYB-01A.Detection.Pval	TARGET-40-PAUTYB-01A.Detection.Pval	TARGET-OS	450K	idat_sample_sheet_TARGET-OS__450k_beta.txt	0.0	61.39199	27.059076
TARGET-40-PANGPE-01A.Detection.Pval	TARGET-40-PANGPE-01A.Detection.Pval	TARGET-OS	450K	idat_sample_sheet_TARGET-OS__450k_beta.txt	0.0	67.20597	39.35775
TARGET-40-PASNZV-01A.Detection.Pval	TARGET-40-PASNZV-01A.Detection.Pval	TARGET-OS	450K	idat_sample_sheet_TARGET-OS__450k_beta.txt	0.0	66.915	39.53267
TARGET-40-PATMIF-01A.Detection.Pval	TARGET-40-PATMIF-01A.Detection.Pval	TARGET-OS	450K	idat_sample_sheet_TARGET-OS__450k_beta.txt	0.0	66.78833	39.521214
TARGET-40-PAPKWD-01A.Detection.Pval	TARGET-40-PAPKWD-01A.Detection.Pval	TARGET-OS	450K	idat_sample_sheet_TARGET-OS__450k_beta.txt	0.0	18.325512	17.039679
TARGET-40-PATAWV-01A.Detection.Pval	TARGET-40-PATAWV-01A.Detection.Pval	TARGET-OS	450K	idat_sample_sheet_TARGET-OS__450k_beta.txt	0.0	66.90529	39.541603
TARGET-40-PASFCV-01A.Detection.Pval	TARGET-40-PASFCV-01A.Detection.Pval	TARGET-OS	450K	idat_sample_sheet_TARGET-OS__450k_beta.txt	0.0	63.863636	31.853104
TARGET-40-PANSEN-01A.Detection.Pval	TARGET-40-PANSEN-01A.Detection.Pval	TARGET-OS	450K	idat_sample_sheet_TARGET-OS__450k_beta.txt	0.0	66.76029	40.610603
TARGET-40-PAUYTT-01A.Detection.Pval	TARGET-40-PAUYTT-01A.Detection.Pval	TARGET-OS	450K	idat_sample_sheet_TARGET-OS__450k_beta.txt	0.0	66.77898	40.073956
TARGET-40-PAVALD-01A.Detection.Pval	TARGET-40-PAVALD-01A.Detection.Pval	TARGET-OS	450K	idat_sample_sheet_TARGET-OS__450k_beta.txt	0.0	66.73526	39.606735
TARGET-40-PAKXLD-01A.Detection.Pval	TARGET-40-PAKXLD-01A.Detection.Pval	TARGET-OS	450K	idat_sample_sheet_TARGET-OS__450k_beta.txt	0.0	67.053795	38.844578
TARGET-40-PAUVUL-01A.Detection.Pval	TARGET-40-PAUVUL-01A.Detection.Pval	TARGET-OS	450K	idat_sample_sheet_TARGET-OS__450k_beta.txt	0.0	66.629395	39.56874
TARGET-40-PAMEKS-01A.Detection.Pval	TARGET-40-PAMEKS-01A.Detection.Pval	TARGET-OS	450K	idat_sample_sheet_TARGET-OS__450k_beta.txt	0.0	65.708244	35.695564
TARGET-40-PARDAX-01A.Detection.Pval	TARGET-40-PARDAX-01A.Detection.Pval	TARGET-OS	450K	idat_sample_sheet_TARGET-OS__450k_beta.txt	0.0	66.92672	33.686325
TARGET-40-PARFTG-01A.Detection.Pval	TARGET-40-PARFTG-01A.Detection.Pval	TARGET-OS	450K	idat_sample_sheet_TARGET-OS__450k_beta.txt	0.0	25.42396	11.970158
TARGET-40-PAUXPZ-01A.Detection.Pval	TARGET-40-PAUXPZ-01A.Detection.Pval	TARGET-OS	450K	idat_sample_sheet_TARGET-OS__450k_beta.txt	0.0	66.664246	40.24633
TARGET-40-PANXSC-01A.Detection.Pval	TARGET-40-PANXSC-01A.Detection.Pval	TARGET-OS	450K	idat_sample_sheet_TARGET-OS__450k_beta.txt	0.0	67.137535	39.710743
TARGET-40-0A4I65-01A.Detection.Pval	TARGET-40-0A4I65-01A.Detection.Pval	TARGET-OS	450K	idat_sample_sheet_TARGET-OS__450k_beta.txt	0.0	64.63598	33.889526
TARGET-40-PAPFLB-01A.Detection.Pval	TARGET-40-PAPFLB-01A.Detection.Pval	TARGET-OS	450K	idat_sample_sheet_TARGET-OS__450k_beta.txt	0.0	66.544464	39.728546
TARGET-40-PAPNVD-01A.Detection.Pval	TARGET-40-PAPNVD-01A.Detection.Pval	TARGET-OS	450K	idat_sample_sheet_TARGET-OS__450k_beta.txt	0.0	18.445662	16.92208
TARGET-40-PAPWWC-01A.Detection.Pval	TARGET-40-PAPWWC-01A.Detection.Pval	TARGET-OS	450K	idat_sample_sheet_TARGET-OS__450k_beta.txt	0.0	66.78221	39.263054
TARGET-40-0A4HY5-01A.Detection.Pval	TARGET-40-0A4HY5-01A.Detection.Pval	TARGET-OS	450K	idat_sample_sheet_TARGET-OS__450k_beta.txt	0.0	66.76065	39.356487
TARGET-40-PATKSS-01A.Detection.Pval	TARGET-40-PATKSS-01A.Detection.Pval	TARGET-OS	450K	idat_sample_sheet_TARGET-OS__450k_beta.txt	0.0	65.81195	37.242306
TARGET-40-PATJVI-01A.Detection.Pval	TARGET-40-PATJVI-01A.Detection.Pval	TARGET-OS	450K	idat_sample_sheet_TARGET-OS__450k_beta.txt	0.0	66.899345	39.564995
TARGET-40-0A4I0W-01A.Detection.Pval	TARGET-40-0A4I0W-01A.Detection.Pval	TARGET-OS	450K	idat_sample_sheet_TARGET-OS__450k_beta.txt	0.0	66.70761	39.624992
TARGET-40-PALKGN-01A.Detection.Pval	TARGET-40-PALKGN-01A.Detection.Pval	TARGET-OS	450K	idat_sample_sheet_TARGET-OS__450k_beta.txt	0.0	61.195568	26.454758
TARGET-40-PALZGU-01A.Detection.Pval	TARGET-40-PALZGU-01A.Detection.Pval	TARGET-OS	450K	idat_sample_sheet_TARGET-OS__450k_beta.txt	0.0	61.11088	26.515194
TARGET-40-0A4I4O-01A.Detection.Pval	TARGET-40-0A4I4O-01A.Detection.Pval	TARGET-OS	450K	idat_sample_sheet_TARGET-OS__450k_beta.txt	0.0	67.56623	36.670742
TARGET-40-PAMRHD-01A.Detection.Pval	TARGET-40-PAMRHD-01A.Detection.Pval	TARGET-OS	450K	idat_sample_sheet_TARGET-OS__450k_beta.txt	0.0	66.89255	31.540567
TARGET-40-0A4HXS-01A.Detection.Pval	TARGET-40-0A4HXS-01A.Detection.Pval	TARGET-OS	450K	idat_sample_sheet_TARGET-OS__450k_beta.txt	0.0	64.647385	33.87455
TARGET-40-PATUXZ-01A.Detection.Pval	TARGET-40-PATUXZ-01A.Detection.Pval	TARGET-OS	450K	idat_sample_sheet_TARGET-OS__450k_beta.txt	0.0	66.68443	38.098377
TARGET-40-PAMTCM-01A.Detection.Pval	TARGET-40-PAMTCM-01A.Detection.Pval	TARGET-OS	450K	idat_sample_sheet_TARGET-OS__450k_beta.txt	0.0	65.98635	38.286095
TARGET-40-PALWWX-01A.Detection.Pval	TARGET-40-PALWWX-01A.Detection.Pval	TARGET-OS	450K	idat_sample_sheet_TARGET-OS__450k_beta.txt	0.0	25.450996	11.936278
TARGET-40-PARKAF-01A.Detection.Pval	TARGET-40-PARKAF-01A.Detection.Pval	TARGET-OS	450K	idat_sample_sheet_TARGET-OS__450k_beta.txt	0.0	66.355545	37.4528
TARGET-40-PAUUML-01A.Detection.Pval	TARGET-40-PAUUML-01A.Detection.Pval	TARGET-OS	450K	idat_sample_sheet_TARGET-OS__450k_beta.txt	0.0	66.782776	39.48633
TARGET-40-PAMYYJ-01A.Detection.Pval	TARGET-40-PAMYYJ-01A.Detection.Pval	TARGET-OS	450K	idat_sample_sheet_TARGET-OS__450k_beta.txt	0.0	66.84097	38.783844
TARGET-40-PAKUZU-01A.Detection.Pval	TARGET-40-PAKUZU-01A.Detection.Pval	TARGET-OS	450K	idat_sample_sheet_TARGET-OS__450k_beta.txt	0.0	61.235466	26.42793
TARGET-40-PAPIJR-01A.Detection.Pval	TARGET-40-PAPIJR-01A.Detection.Pval	TARGET-OS	450K	idat_sample_sheet_TARGET-OS__450k_beta.txt	0.0	66.81419	39.269577
TARGET-40-PAPVYW-01A.Detection.Pval	TARGET-40-PAPVYW-01A.Detection.Pval	TARGET-OS	450K	idat_sample_sheet_TARGET-OS__450k_beta.txt	0.0	65.37981	36.158108
TARGET-40-PATMPU-01A.Detection.Pval	TARGET-40-PATMPU-01A.Detection.Pval	TARGET-OS	450K	idat_sample_sheet_TARGET-OS__450k_beta.txt	0.0	66.71152	39.72155
TARGET-40-0A4I9K-01A.Detection.Pval	TARGET-40-0A4I9K-01A.Detection.Pval	TARGET-OS	450K	idat_sample_sheet_TARGET-OS__450k_beta.txt	0.0	67.11152	39.333355
TARGET-40-PARJXU-01A.Detection.Pval	TARGET-40-PARJXU-01A.Detection.Pval	TARGET-OS	450K	idat_sample_sheet_TARGET-OS__450k_beta.txt	0.0	61.75441	27.562542
TARGET-40-PAMHYN-01A.Detection.Pval	TARGET-40-PAMHYN-01A.Detection.Pval	TARGET-OS	450K	idat_sample_sheet_TARGET-OS__450k_beta.txt	0.0	61.263863	26.713505
TARGET-40-0A4I5B-01A.Detection.Pval	TARGET-40-0A4I5B-01A.Detection.Pval	TARGET-OS	450K	idat_sample_sheet_TARGET-OS__450k_beta.txt	0.0	66.19628	38.168842
TARGET-50-PAJNNC-01A	TARGET-50-PAJNNC-01A.Ave_Beta	TARGET-WT	450K	idat_sample_sheet_TARGET-WT__450k_beta.txt	0.0	2.2199862	13.246042
TARGET-50-PAJMKJ-01A	TARGET-50-PAJMKJ-01A.Ave_Beta	TARGET-WT	450K	idat_sample_sheet_TARGET-WT__450k_beta.txt	0.0	1.9739599	13.068689
TARGET-50-PAJMVC-01A	TARGET-50-PAJMVC-01A.Ave_Beta	TARGET-WT	450K	idat_sample_sheet_TARGET-WT__450k_beta.txt	0.0	1.6631027	13.592891
TARGET-50-PAJMIZ-01A	TARGET-50-PAJMIZ-01A.Ave_Beta	TARGET-WT	450K	idat_sample_sheet_TARGET-WT__450k_beta.txt	0.0	2.994467	13.923957
TARGET-50-PAJNUS-01A	TARGET-50-PAJNUS-01A.Ave_Beta	TARGET-WT	450K	idat_sample_sheet_TARGET-WT__450k_beta.txt	0.0	1.6569495	13.438094
TARGET-50-PAJMSE-01A	TARGET-50-PAJMSE-01A.Ave_Beta	TARGET-WT	450K	idat_sample_sheet_TARGET-WT__450k_beta.txt	0.0	2.962369	13.95113
TARGET-50-PAKNRX-01A	TARGET-50-PAKNRX-01A.Ave_Beta	TARGET-WT	450K	idat_sample_sheet_TARGET-WT__450k_beta.txt	0.0	2.2026858	13.018781
TARGET-50-PAJLKC-01A	TARGET-50-PAJLKC-01A.Ave_Beta	TARGET-WT	450K	idat_sample_sheet_TARGET-WT__450k_beta.txt	0.0	2.5797856	13.111121
TARGET-50-PAJNUP-01A	TARGET-50-PAJNUP-01A.Ave_Beta	TARGET-WT	450K	idat_sample_sheet_TARGET-WT__450k_beta.txt	0.0	1.6841521	13.133095
TARGET-50-PAJMEL-01A	TARGET-50-PAJMEL-01A.Ave_Beta	TARGET-WT	450K	idat_sample_sheet_TARGET-WT__450k_beta.txt	0.0	1.855182	13.486901
TARGET-50-PAJNTJ-02A	TARGET-50-PAJNTJ-02A.Ave_Beta	TARGET-WT	450K	idat_sample_sheet_TARGET-WT__450k_beta.txt	0.0	1.9295365	13.089455
TARGET-50-PAJNBN-01A	TARGET-50-PAJNBN-01A.Ave_Beta	TARGET-WT	450K	idat_sample_sheet_TARGET-WT__450k_beta.txt	0.0	2.8750544	13.742617
TARGET-50-PAJMKI-01A	TARGET-50-PAJMKI-01A.Ave_Beta	TARGET-WT	450K	idat_sample_sheet_TARGET-WT__450k_beta.txt	0.0	2.6511269	13.607964
TARGET-50-PAJPAU-01A	TARGET-50-PAJPAU-01A.Ave_Beta	TARGET-WT	450K	idat_sample_sheet_TARGET-WT__450k_beta.txt	0.0	2.820195	13.555716
TARGET-50-PAJLIP-01A	TARGET-50-PAJLIP-01A.Ave_Beta	TARGET-WT	450K	idat_sample_sheet_TARGET-WT__450k_beta.txt	0.0	2.5853362	13.627296
TARGET-50-CAAAAJ-01A	TARGET-50-CAAAAJ-01A.Ave_Beta	TARGET-WT	450K	idat_sample_sheet_TARGET-WT__450k_beta.txt	0.0	1.6304352	13.537291
TARGET-50-PALEZT-01A	TARGET-50-PALEZT-01A.Ave_Beta	TARGET-WT	450K	idat_sample_sheet_TARGET-WT__450k_beta.txt	0.0	2.3847513	13.038773
TARGET-50-PAJMEN-01A	TARGET-50-PAJMEN-01A.Ave_Beta	TARGET-WT	450K	idat_sample_sheet_TARGET-WT__450k_beta.txt	0.0	2.6916902	13.439994
TARGET-50-PAKZFK-01A	TARGET-50-PAKZFK-01A.Ave_Beta	TARGET-WT	450K	idat_sample_sheet_TARGET-WT__450k_beta.txt	0.0	2.1396713	13.578293
TARGET-50-PAKPDF-01A	TARGET-50-PAKPDF-01A.Ave_Beta	TARGET-WT	450K	idat_sample_sheet_TARGET-WT__450k_beta.txt	0.0	2.6987653	13.530845
TARGET-50-CAAAAM-01A	TARGET-50-CAAAAM-01A.Ave_Beta	TARGET-WT	450K	idat_sample_sheet_TARGET-WT__450k_beta.txt	0.0	1.3520472	12.888693
TARGET-50-PALERC-01A	TARGET-50-PALERC-01A.Ave_Beta	TARGET-WT	450K	idat_sample_sheet_TARGET-WT__450k_beta.txt	0.0	2.010849	13.173635
TARGET-50-PAKGED-01A	TARGET-50-PAKGED-01A.Ave_Beta	TARGET-WT	450K	idat_sample_sheet_TARGET-WT__450k_beta.txt	0.0	2.2816339	13.186414
TARGET-50-PAJNJJ-01A	TARGET-50-PAJNJJ-01A.Ave_Beta	TARGET-WT	450K	idat_sample_sheet_TARGET-WT__450k_beta.txt	0.0	2.069826	13.062142
TARGET-50-PAKECR-01A	TARGET-50-PAKECR-01A.Ave_Beta	TARGET-WT	450K	idat_sample_sheet_TARGET-WT__450k_beta.txt	0.0	1.4626131	12.954852
TARGET-50-PAJNZS-01A	TARGET-50-PAJNZS-01A.Ave_Beta	TARGET-WT	450K	idat_sample_sheet_TARGET-WT__450k_beta.txt	0.0	2.2015014	12.968145
TARGET-50-PAJMRL-01A	TARGET-50-PAJMRL-01A.Ave_Beta	TARGET-WT	450K	idat_sample_sheet_TARGET-WT__450k_beta.txt	0.0	2.3549266	12.990752
TARGET-50-PAJNNR-01A	TARGET-50-PAJNNR-01A.Ave_Beta	TARGET-WT	450K	idat_sample_sheet_TARGET-WT__450k_beta.txt	0.0	2.6654744	13.491962
TARGET-50-PAJLTH-01A	TARGET-50-PAJLTH-01A.Ave_Beta	TARGET-WT	450K	idat_sample_sheet_TARGET-WT__450k_beta.txt	0.0	2.471676	13.139236
TARGET-50-PALFRD-01A	TARGET-50-PALFRD-01A.Ave_Beta	TARGET-WT	450K	idat_sample_sheet_TARGET-WT__450k_beta.txt	0.0	2.6536238	13.372749
TARGET-50-PAJNEC-01A	TARGET-50-PAJNEC-01A.Ave_Beta	TARGET-WT	450K	idat_sample_sheet_TARGET-WT__450k_beta.txt	0.0	2.4976902	13.40279
TARGET-50-PADXAY-01A	TARGET-50-PADXAY-01A.Ave_Beta	TARGET-WT	450K	idat_sample_sheet_TARGET-WT__450k_beta.txt	0.0	2.305988	13.182412
TARGET-50-PAJPHA-01A	TARGET-50-PAJPHA-01A.Ave_Beta	TARGET-WT	450K	idat_sample_sheet_TARGET-WT__450k_beta.txt	0.0	1.8137407	13.486937
TARGET-50-PAJNVX-01A	TARGET-50-PAJNVX-01A.Ave_Beta	TARGET-WT	450K	idat_sample_sheet_TARGET-WT__450k_beta.txt	0.0	1.2468464	12.815561
TARGET-50-PAJMJT-01A	TARGET-50-PAJMJT-01A.Ave_Beta	TARGET-WT	450K	idat_sample_sheet_TARGET-WT__450k_beta.txt	0.0	1.6905425	13.417681
TARGET-50-PAKSCC-01A	TARGET-50-PAKSCC-01A.Ave_Beta	TARGET-WT	450K	idat_sample_sheet_TARGET-WT__450k_beta.txt	0.0	1.9650397	13.148238
TARGET-50-PALKRS-01A	TARGET-50-PALKRS-01A.Ave_Beta	TARGET-WT	450K	idat_sample_sheet_TARGET-WT__450k_beta.txt	0.0	1.7174826	13.355107
TARGET-50-PAJMJK-01A	TARGET-50-PAJMJK-01A.Ave_Beta	TARGET-WT	450K	idat_sample_sheet_TARGET-WT__450k_beta.txt	0.0	1.8154082	13.122148
TARGET-50-PALGVY-01A	TARGET-50-PALGVY-01A.Ave_Beta	TARGET-WT	450K	idat_sample_sheet_TARGET-WT__450k_beta.txt	0.0	2.2642229	13.134177
TARGET-50-PAJNGH-01A	TARGET-50-PAJNGH-01A.Ave_Beta	TARGET-WT	450K	idat_sample_sheet_TARGET-WT__450k_beta.txt	0.0	2.5048847	13.290632
TARGET-50-CAAAAQ-01A	TARGET-50-CAAAAQ-01A.Ave_Beta	TARGET-WT	450K	idat_sample_sheet_TARGET-WT__450k_beta.txt	0.0	2.35474	13.564702
TARGET-50-PAKWPM-01A	TARGET-50-PAKWPM-01A.Ave_Beta	TARGET-WT	450K	idat_sample_sheet_TARGET-WT__450k_beta.txt	0.0	2.1270673	13.38604
TARGET-50-PAJNVE-01A	TARGET-50-PAJNVE-01A.Ave_Beta	TARGET-WT	450K	idat_sample_sheet_TARGET-WT__450k_beta.txt	0.0	2.5512173	13.647112
TARGET-50-CAAAAH-01A	TARGET-50-CAAAAH-01A.Ave_Beta	TARGET-WT	450K	idat_sample_sheet_TARGET-WT__450k_beta.txt	0.0	2.490555	13.615487
TARGET-50-PALKCW-01A	TARGET-50-PALKCW-01A.Ave_Beta	TARGET-WT	450K	idat_sample_sheet_TARGET-WT__450k_beta.txt	0.0	2.6499062	13.47254
TARGET-50-PALLFB-01A	TARGET-50-PALLFB-01A.Ave_Beta	TARGET-WT	450K	idat_sample_sheet_TARGET-WT__450k_beta.txt	0.0	2.5553734	13.367366
TARGET-50-PAKRZW-01A	TARGET-50-PAKRZW-01A.Ave_Beta	TARGET-WT	450K	idat_sample_sheet_TARGET-WT__450k_beta.txt	0.0	1.7153757	13.541361
TARGET-50-PAKZHF-01A	TARGET-50-PAKZHF-01A.Ave_Beta	TARGET-WT	450K	idat_sample_sheet_TARGET-WT__450k_beta.txt	0.0	2.3713343	13.729911
TARGET-50-PAJMFY-01A	TARGET-50-PAJMFY-01A.Ave_Beta	TARGET-WT	450K	idat_sample_sheet_TARGET-WT__450k_beta.txt	0.0	2.9509478	13.893202
TARGET-50-PAJNYT-01A	TARGET-50-PAJNYT-01A.Ave_Beta	TARGET-WT	450K	idat_sample_sheet_TARGET-WT__450k_beta.txt	0.0	1.6822596	13.557898
TARGET-50-PAKYLT-01A	TARGET-50-PAKYLT-01A.Ave_Beta	TARGET-WT	450K	idat_sample_sheet_TARGET-WT__450k_beta.txt	0.0	1.4881773	12.934142
TARGET-50-PAJNAA-01A	TARGET-50-PAJNAA-01A.Ave_Beta	TARGET-WT	450K	idat_sample_sheet_TARGET-WT__450k_beta.txt	0.0	2.1966188	12.903579
TARGET-50-PAKKNS-01A	TARGET-50-PAKKNS-01A.Ave_Beta	TARGET-WT	450K	idat_sample_sheet_TARGET-WT__450k_beta.txt	0.0	2.0828493	12.993504
TARGET-50-PAJPCM-01A	TARGET-50-PAJPCM-01A.Ave_Beta	TARGET-WT	450K	idat_sample_sheet_TARGET-WT__450k_beta.txt	0.0	2.491845	13.832187
TARGET-50-PAJLUJ-06A	TARGET-50-PAJLUJ-06A.Ave_Beta	TARGET-WT	450K	idat_sample_sheet_TARGET-WT__450k_beta.txt	0.0	1.6255659	13.476127
TARGET-50-PALJIP-01A	TARGET-50-PALJIP-01A.Ave_Beta	TARGET-WT	450K	idat_sample_sheet_TARGET-WT__450k_beta.txt	0.0	2.4600585	13.054122
TARGET-50-PAJNZU-01A	TARGET-50-PAJNZU-01A.Ave_Beta	TARGET-WT	450K	idat_sample_sheet_TARGET-WT__450k_beta.txt	0.0	1.8259571	13.585287
TARGET-50-CAAAAO-01A	TARGET-50-CAAAAO-01A.Ave_Beta	TARGET-WT	450K	idat_sample_sheet_TARGET-WT__450k_beta.txt	0.0	2.9636047	14.01012
TARGET-50-PALDTE-01A	TARGET-50-PALDTE-01A.Ave_Beta	TARGET-WT	450K	idat_sample_sheet_TARGET-WT__450k_beta.txt	0.0	2.9650617	13.977056
TARGET-50-PAJLKR-01A	TARGET-50-PAJLKR-01A.Ave_Beta	TARGET-WT	450K	idat_sample_sheet_TARGET-WT__450k_beta.txt	0.0	2.7316294	13.729178
TARGET-50-PAJPDC-01A	TARGET-50-PAJPDC-01A.Ave_Beta	TARGET-WT	450K	idat_sample_sheet_TARGET-WT__450k_beta.txt	0.0	2.398431	13.766831
TARGET-50-CAAAAC-01A	TARGET-50-CAAAAC-01A.Ave_Beta	TARGET-WT	450K	idat_sample_sheet_TARGET-WT__450k_beta.txt	0.0	2.5766747	13.363735
TARGET-50-PAJLSP-01A	TARGET-50-PAJLSP-01A.Ave_Beta	TARGET-WT	450K	idat_sample_sheet_TARGET-WT__450k_beta.txt	0.0	2.4212778	13.74124
TARGET-50-PAKUIT-01A	TARGET-50-PAKUIT-01A.Ave_Beta	TARGET-WT	450K	idat_sample_sheet_TARGET-WT__450k_beta.txt	0.0	2.316454	13.458633
TARGET-50-PAKZER-01A	TARGET-50-PAKZER-01A.Ave_Beta	TARGET-WT	450K	idat_sample_sheet_TARGET-WT__450k_beta.txt	0.0	1.8306051	13.146928
TARGET-50-CAAAAS-01A	TARGET-50-CAAAAS-01A.Ave_Beta	TARGET-WT	450K	idat_sample_sheet_TARGET-WT__450k_beta.txt	0.0	2.6747763	13.190848
TARGET-50-CAAAAP-01A	TARGET-50-CAAAAP-01A.Ave_Beta	TARGET-WT	450K	idat_sample_sheet_TARGET-WT__450k_beta.txt	0.0	2.5814042	13.358808
TARGET-50-PAKXXF-01A	TARGET-50-PAKXXF-01A.Ave_Beta	TARGET-WT	450K	idat_sample_sheet_TARGET-WT__450k_beta.txt	0.0	2.3843808	13.870285
TARGET-50-PADZUB-01A	TARGET-50-PADZUB-01A.Ave_Beta	TARGET-WT	450K	idat_sample_sheet_TARGET-WT__450k_beta.txt	0.0	2.335661	13.131308
TARGET-50-PAJNRL-01A	TARGET-50-PAJNRL-01A.Ave_Beta	TARGET-WT	450K	idat_sample_sheet_TARGET-WT__450k_beta.txt	0.0	2.6093469	13.435386
TARGET-50-PAKNXS-01A	TARGET-50-PAKNXS-01A.Ave_Beta	TARGET-WT	450K	idat_sample_sheet_TARGET-WT__450k_beta.txt	0.0	2.4624674	13.308396
TARGET-50-PAJMLZ-01A	TARGET-50-PAJMLZ-01A.Ave_Beta	TARGET-WT	450K	idat_sample_sheet_TARGET-WT__450k_beta.txt	0.0	2.5971308	13.443349
TARGET-50-PALFME-02A	TARGET-50-PALFME-02A.Ave_Beta	TARGET-WT	450K	idat_sample_sheet_TARGET-WT__450k_beta.txt	0.0	2.416241	13.06693
TARGET-50-PAKRVH-01A	TARGET-50-PAKRVH-01A.Ave_Beta	TARGET-WT	450K	idat_sample_sheet_TARGET-WT__450k_beta.txt	0.0	2.9672422	13.922036
TARGET-50-PAJMVU-01A	TARGET-50-PAJMVU-01A.Ave_Beta	TARGET-WT	450K	idat_sample_sheet_TARGET-WT__450k_beta.txt	0.0	2.2801797	12.960728
TARGET-50-PAJNCJ-01A	TARGET-50-PAJNCJ-01A.Ave_Beta	TARGET-WT	450K	idat_sample_sheet_TARGET-WT__450k_beta.txt	0.0	2.4002836	13.623092
TARGET-50-PALFME-01A	TARGET-50-PALFME-01A.Ave_Beta	TARGET-WT	450K	idat_sample_sheet_TARGET-WT__450k_beta.txt	0.0	2.528832	13.1574335
TARGET-50-PAJMKN-01A	TARGET-50-PAJMKN-01A.Ave_Beta	TARGET-WT	450K	idat_sample_sheet_TARGET-WT__450k_beta.txt	0.0	2.1002784	12.852199
TARGET-50-PAJLNJ-01A	TARGET-50-PAJLNJ-01A.Ave_Beta	TARGET-WT	450K	idat_sample_sheet_TARGET-WT__450k_beta.txt	0.0	1.7855783	13.529478
TARGET-50-PAJPGY-01A	TARGET-50-PAJPGY-01A.Ave_Beta	TARGET-WT	450K	idat_sample_sheet_TARGET-WT__450k_beta.txt	0.0	1.9666758	13.331058
TARGET-50-PAKMSV-01A	TARGET-50-PAKMSV-01A.Ave_Beta	TARGET-WT	450K	idat_sample_sheet_TARGET-WT__450k_beta.txt	0.0	2.541323	13.811075
TARGET-50-PAKYFC-01A	TARGET-50-PAKYFC-01A.Ave_Beta	TARGET-WT	450K	idat_sample_sheet_TARGET-WT__450k_beta.txt	0.0	1.880259	13.495767
TARGET-50-CAAAAA-01A	TARGET-50-CAAAAA-01A.Ave_Beta	TARGET-WT	450K	idat_sample_sheet_TARGET-WT__450k_beta.txt	0.0	1.9529701	12.754679
TARGET-50-CAAAAB-01A	TARGET-50-CAAAAB-01A.Ave_Beta	TARGET-WT	450K	idat_sample_sheet_TARGET-WT__450k_beta.txt	0.0	2.38723	13.80621
TARGET-50-PAKJGM-01A	TARGET-50-PAKJGM-01A.Ave_Beta	TARGET-WT	450K	idat_sample_sheet_TARGET-WT__450k_beta.txt	0.0	2.6563637	13.80059
TARGET-50-PAJPDN-01A	TARGET-50-PAJPDN-01A.Ave_Beta	TARGET-WT	450K	idat_sample_sheet_TARGET-WT__450k_beta.txt	0.0	1.7704535	13.665863
TARGET-50-CAAAAL-01A	TARGET-50-CAAAAL-01A.Ave_Beta	TARGET-WT	450K	idat_sample_sheet_TARGET-WT__450k_beta.txt	0.0	2.9720423	13.965992
TARGET-50-PAKSDG-01A	TARGET-50-PAKSDG-01A.Ave_Beta	TARGET-WT	450K	idat_sample_sheet_TARGET-WT__450k_beta.txt	0.0	2.7906303	13.522699
TARGET-50-PAEBXA-01A	TARGET-50-PAEBXA-01A.Ave_Beta	TARGET-WT	450K	idat_sample_sheet_TARGET-WT__450k_beta.txt	0.0	2.3190014	13.165812
TARGET-50-PAKXWB-01A	TARGET-50-PAKXWB-01A.Ave_Beta	TARGET-WT	450K	idat_sample_sheet_TARGET-WT__450k_beta.txt	0.0	2.4476209	13.125688
TARGET-50-PAJNZK-01A	TARGET-50-PAJNZK-01A.Ave_Beta	TARGET-WT	450K	idat_sample_sheet_TARGET-WT__450k_beta.txt	0.0	2.618411	13.516664
TARGET-50-PAJLWT-01A	TARGET-50-PAJLWT-01A.Ave_Beta	TARGET-WT	450K	idat_sample_sheet_TARGET-WT__450k_beta.txt	0.0	1.8398552	13.741252
TARGET-50-PALDWP-01A	TARGET-50-PALDWP-01A.Ave_Beta	TARGET-WT	450K	idat_sample_sheet_TARGET-WT__450k_beta.txt	0.0	2.781975	13.783461
TARGET-50-PAKVET-01A	TARGET-50-PAKVET-01A.Ave_Beta	TARGET-WT	450K	idat_sample_sheet_TARGET-WT__450k_beta.txt	0.0	2.2033267	12.876682
TARGET-50-PAJMUF-01A	TARGET-50-PAJMUF-01A.Ave_Beta	TARGET-WT	450K	idat_sample_sheet_TARGET-WT__450k_beta.txt	0.0	1.7185827	13.239437
TARGET-50-PAKFME-01A	TARGET-50-PAKFME-01A.Ave_Beta	TARGET-WT	450K	idat_sample_sheet_TARGET-WT__450k_beta.txt	0.0	1.8939804	13.603902
TARGET-50-PAJPDC-02A	TARGET-50-PAJPDC-02A.Ave_Beta	TARGET-WT	450K	idat_sample_sheet_TARGET-WT__450k_beta.txt	0.0	2.523808	13.813301
TARGET-50-PAKKSE-01A	TARGET-50-PAKKSE-01A.Ave_Beta	TARGET-WT	450K	idat_sample_sheet_TARGET-WT__450k_beta.txt	0.0	1.7984478	13.377239
TARGET-50-PAJNDU-01A	TARGET-50-PAJNDU-01A.Ave_Beta	TARGET-WT	450K	idat_sample_sheet_TARGET-WT__450k_beta.txt	0.0	2.1244526	13.057322
TARGET-50-PAECJB-01A	TARGET-50-PAECJB-01A.Ave_Beta	TARGET-WT	450K	idat_sample_sheet_TARGET-WT__450k_beta.txt	0.0	1.7746559	13.203973
TARGET-50-PAKULH-01A	TARGET-50-PAKULH-01A.Ave_Beta	TARGET-WT	450K	idat_sample_sheet_TARGET-WT__450k_beta.txt	0.0	2.4615543	13.042783
TARGET-50-PAJMMY-01A	TARGET-50-PAJMMY-01A.Ave_Beta	TARGET-WT	450K	idat_sample_sheet_TARGET-WT__450k_beta.txt	0.0	2.0343363	13.62967
TARGET-50-PAJNLT-01A	TARGET-50-PAJNLT-01A.Ave_Beta	TARGET-WT	450K	idat_sample_sheet_TARGET-WT__450k_beta.txt	0.0	2.2170842	13.032392
TARGET-50-PAKGZX-01A	TARGET-50-PAKGZX-01A.Ave_Beta	TARGET-WT	450K	idat_sample_sheet_TARGET-WT__450k_beta.txt	0.0	2.3907545	13.082165
TARGET-50-PAJPAR-01A	TARGET-50-PAJPAR-01A.Ave_Beta	TARGET-WT	450K	idat_sample_sheet_TARGET-WT__450k_beta.txt	0.0	2.4990582	13.358502
TARGET-50-PAJMXF-01A	TARGET-50-PAJMXF-01A.Ave_Beta	TARGET-WT	450K	idat_sample_sheet_TARGET-WT__450k_beta.txt	0.0	2.7170992	13.214934
TARGET-50-PALGAZ-01A	TARGET-50-PALGAZ-01A.Ave_Beta	TARGET-WT	450K	idat_sample_sheet_TARGET-WT__450k_beta.txt	0.0	2.7564273	13.562218
TARGET-50-PAJMFU-01A	TARGET-50-PAJMFU-01A.Ave_Beta	TARGET-WT	450K	idat_sample_sheet_TARGET-WT__450k_beta.txt	0.0	2.9453404	13.97969
TARGET-50-PAJNCZ-01A	TARGET-50-PAJNCZ-01A.Ave_Beta	TARGET-WT	450K	idat_sample_sheet_TARGET-WT__450k_beta.txt	0.0	2.0454628	13.579532
TARGET-50-PAJNRH-01A	TARGET-50-PAJNRH-01A.Ave_Beta	TARGET-WT	450K	idat_sample_sheet_TARGET-WT__450k_beta.txt	0.0	2.2191405	13.947606
TARGET-50-PAEAFB-01A	TARGET-50-PAEAFB-01A.Ave_Beta	TARGET-WT	450K	idat_sample_sheet_TARGET-WT__450k_beta.txt	0.0	2.0912411	13.4669075
TARGET-50-PAKFYV-01A	TARGET-50-PAKFYV-01A.Ave_Beta	TARGET-WT	450K	idat_sample_sheet_TARGET-WT__450k_beta.txt	0.0	2.4058933	13.905575
TARGET-50-PALLCK-01A	TARGET-50-PALLCK-01A.Ave_Beta	TARGET-WT	450K	idat_sample_sheet_TARGET-WT__450k_beta.txt	0.0	1.8991526	12.960541
TARGET-50-PAJLTI-01A	TARGET-50-PAJLTI-01A.Ave_Beta	TARGET-WT	450K	idat_sample_sheet_TARGET-WT__450k_beta.txt	0.0	2.1761622	13.219361
TARGET-50-PAKNTW-01A	TARGET-50-PAKNTW-01A.Ave_Beta	TARGET-WT	450K	idat_sample_sheet_TARGET-WT__450k_beta.txt	0.0	2.243728	13.772612
TARGET-50-PAJNSL-01A	TARGET-50-PAJNSL-01A.Ave_Beta	TARGET-WT	450K	idat_sample_sheet_TARGET-WT__450k_beta.txt	0.0	2.1318712	13.07386
TARGET-50-CAAAAR-01A	TARGET-50-CAAAAR-01A.Ave_Beta	TARGET-WT	450K	idat_sample_sheet_TARGET-WT__450k_beta.txt	0.0	1.6303731	13.484863
TARGET-50-PALGLU-01A	TARGET-50-PALGLU-01A.Ave_Beta	TARGET-WT	450K	idat_sample_sheet_TARGET-WT__450k_beta.txt	0.0	1.9608663	13.209816
TARGET-50-PAJLLF-01A	TARGET-50-PAJLLF-01A.Ave_Beta	TARGET-WT	450K	idat_sample_sheet_TARGET-WT__450k_beta.txt	0.0	2.2709594	13.124597
TARGET-50-PAJPEW-01A	TARGET-50-PAJPEW-01A.Ave_Beta	TARGET-WT	450K	idat_sample_sheet_TARGET-WT__450k_beta.txt	0.0	1.8835443	13.639028
TARGET-50-PAJNTJ-01A	TARGET-50-PAJNTJ-01A.Ave_Beta	TARGET-WT	450K	idat_sample_sheet_TARGET-WT__450k_beta.txt	0.0	1.8277599	13.143078
TARGET-50-PALJIP-02A	TARGET-50-PALJIP-02A.Ave_Beta	TARGET-WT	450K	idat_sample_sheet_TARGET-WT__450k_beta.txt	0.0	2.4648235	13.003153
TARGET-50-PAJNGH-02A	TARGET-50-PAJNGH-02A.Ave_Beta	TARGET-WT	450K	idat_sample_sheet_TARGET-WT__450k_beta.txt	0.0	2.587192	13.175267
TARGET-50-PAJNAV-01A	TARGET-50-PAJNAV-01A.Ave_Beta	TARGET-WT	450K	idat_sample_sheet_TARGET-WT__450k_beta.txt	0.0	2.058839	12.792125
TARGET-50-PAJNZI-01A	TARGET-50-PAJNZI-01A.Ave_Beta	TARGET-WT	450K	idat_sample_sheet_TARGET-WT__450k_beta.txt	0.0	2.4188075	13.310544
TARGET-50-PAKNAL-01A	TARGET-50-PAKNAL-01A.Ave_Beta	TARGET-WT	450K	idat_sample_sheet_TARGET-WT__450k_beta.txt	0.0	1.6062939	13.440965
TARGET-50-PAJLPX-01A	TARGET-50-PAJLPX-01A.Ave_Beta	TARGET-WT	450K	idat_sample_sheet_TARGET-WT__450k_beta.txt	0.0	2.0056477	13.294178
TARGET-50-PAJMEP-01A	TARGET-50-PAJMEP-01A.Ave_Beta	TARGET-WT	450K	idat_sample_sheet_TARGET-WT__450k_beta.txt	0.0	2.7305472	13.545928
TARGET-50-PAKMUB-01A	TARGET-50-PAKMUB-01A.Ave_Beta	TARGET-WT	450K	idat_sample_sheet_TARGET-WT__450k_beta.txt	0.0	1.8068198	13.314085
TARGET-50-PAJMLI-01A	TARGET-50-PAJMLI-01A.Ave_Beta	TARGET-WT	450K	idat_sample_sheet_TARGET-WT__450k_beta.txt	0.0	1.9632291	13.291002
TARGET-50-PAJNCC-01A	TARGET-50-PAJNCC-01A.Ave_Beta	TARGET-WT	450K	idat_sample_sheet_TARGET-WT__450k_beta.txt	0.0	1.6474113	12.946441
TARGET-50-PAJNNC-01A.Detection.Pval	TARGET-50-PAJNNC-01A.Detection.Pval	TARGET-WT	450K	idat_sample_sheet_TARGET-WT__450k_beta.txt	0.0	66.81734	40.506138
TARGET-50-PAJMKJ-01A.Detection.Pval	TARGET-50-PAJMKJ-01A.Detection.Pval	TARGET-WT	450K	idat_sample_sheet_TARGET-WT__450k_beta.txt	0.0	66.41607	39.299843
TARGET-50-PAJMVC-01A.Detection.Pval	TARGET-50-PAJMVC-01A.Detection.Pval	TARGET-WT	450K	idat_sample_sheet_TARGET-WT__450k_beta.txt	0.0	66.57358	39.413982
TARGET-50-PAJMIZ-01A.Detection.Pval	TARGET-50-PAJMIZ-01A.Detection.Pval	TARGET-WT	450K	idat_sample_sheet_TARGET-WT__450k_beta.txt	0.0	67.21473	39.686626
TARGET-50-PAJNUS-01A.Detection.Pval	TARGET-50-PAJNUS-01A.Detection.Pval	TARGET-WT	450K	idat_sample_sheet_TARGET-WT__450k_beta.txt	0.0	66.586494	37.83408
TARGET-50-PAJMSE-01A.Detection.Pval	TARGET-50-PAJMSE-01A.Detection.Pval	TARGET-WT	450K	idat_sample_sheet_TARGET-WT__450k_beta.txt	0.0	18.74087	16.64191
TARGET-50-PAKNRX-01A.Detection.Pval	TARGET-50-PAKNRX-01A.Detection.Pval	TARGET-WT	450K	idat_sample_sheet_TARGET-WT__450k_beta.txt	0.0	67.2737	39.186287
TARGET-50-PAJLKC-01A.Detection.Pval	TARGET-50-PAJLKC-01A.Detection.Pval	TARGET-WT	450K	idat_sample_sheet_TARGET-WT__450k_beta.txt	0.0	66.84089	39.609035
TARGET-50-PAJNUP-01A.Detection.Pval	TARGET-50-PAJNUP-01A.Detection.Pval	TARGET-WT	450K	idat_sample_sheet_TARGET-WT__450k_beta.txt	0.0	66.924286	33.409595
TARGET-50-PAJMEL-01A.Detection.Pval	TARGET-50-PAJMEL-01A.Detection.Pval	TARGET-WT	450K	idat_sample_sheet_TARGET-WT__450k_beta.txt	0.0	66.74318	39.384056
TARGET-50-PAJNTJ-02A.Detection.Pval	TARGET-50-PAJNTJ-02A.Detection.Pval	TARGET-WT	450K	idat_sample_sheet_TARGET-WT__450k_beta.txt	0.0	66.73266	39.338017
TARGET-50-PAJNBN-01A.Detection.Pval	TARGET-50-PAJNBN-01A.Detection.Pval	TARGET-WT	450K	idat_sample_sheet_TARGET-WT__450k_beta.txt	0.0	65.00246	27.686403
TARGET-50-PAJMKI-01A.Detection.Pval	TARGET-50-PAJMKI-01A.Detection.Pval	TARGET-WT	450K	idat_sample_sheet_TARGET-WT__450k_beta.txt	0.0	26.67084	12.006428
TARGET-50-PAJPAU-01A.Detection.Pval	TARGET-50-PAJPAU-01A.Detection.Pval	TARGET-WT	450K	idat_sample_sheet_TARGET-WT__450k_beta.txt	0.0	25.60858	11.718439
TARGET-50-PAJLIP-01A.Detection.Pval	TARGET-50-PAJLIP-01A.Detection.Pval	TARGET-WT	450K	idat_sample_sheet_TARGET-WT__450k_beta.txt	0.0	26.611605	11.988688
TARGET-50-CAAAAJ-01A.Detection.Pval	TARGET-50-CAAAAJ-01A.Detection.Pval	TARGET-WT	450K	idat_sample_sheet_TARGET-WT__450k_beta.txt	0.0	65.00621	27.693264
TARGET-50-PALEZT-01A.Detection.Pval	TARGET-50-PALEZT-01A.Detection.Pval	TARGET-WT	450K	idat_sample_sheet_TARGET-WT__450k_beta.txt	0.0	63.835037	31.811207
TARGET-50-PAJMEN-01A.Detection.Pval	TARGET-50-PAJMEN-01A.Detection.Pval	TARGET-WT	450K	idat_sample_sheet_TARGET-WT__450k_beta.txt	0.0	66.99977	32.979046
TARGET-50-PAKZFK-01A.Detection.Pval	TARGET-50-PAKZFK-01A.Detection.Pval	TARGET-WT	450K	idat_sample_sheet_TARGET-WT__450k_beta.txt	0.0	66.8517	39.639114
TARGET-50-PAKPDF-01A.Detection.Pval	TARGET-50-PAKPDF-01A.Detection.Pval	TARGET-WT	450K	idat_sample_sheet_TARGET-WT__450k_beta.txt	0.0	18.746452	16.63588
TARGET-50-CAAAAM-01A.Detection.Pval	TARGET-50-CAAAAM-01A.Detection.Pval	TARGET-WT	450K	idat_sample_sheet_TARGET-WT__450k_beta.txt	0.0	67.921196	37.300392
TARGET-50-PALERC-01A.Detection.Pval	TARGET-50-PALERC-01A.Detection.Pval	TARGET-WT	450K	idat_sample_sheet_TARGET-WT__450k_beta.txt	0.0	67.37793	36.3092
TARGET-50-PAKGED-01A.Detection.Pval	TARGET-50-PAKGED-01A.Detection.Pval	TARGET-WT	450K	idat_sample_sheet_TARGET-WT__450k_beta.txt	0.0	66.927086	39.635513
TARGET-50-PAJNJJ-01A.Detection.Pval	TARGET-50-PAJNJJ-01A.Detection.Pval	TARGET-WT	450K	idat_sample_sheet_TARGET-WT__450k_beta.txt	0.0	66.71724	40.42861
TARGET-50-PAKECR-01A.Detection.Pval	TARGET-50-PAKECR-01A.Detection.Pval	TARGET-WT	450K	idat_sample_sheet_TARGET-WT__450k_beta.txt	0.0	66.997116	33.935883
TARGET-50-PAJNZS-01A.Detection.Pval	TARGET-50-PAJNZS-01A.Detection.Pval	TARGET-WT	450K	idat_sample_sheet_TARGET-WT__450k_beta.txt	0.0	66.65701	40.507423
TARGET-50-PAJMRL-01A.Detection.Pval	TARGET-50-PAJMRL-01A.Detection.Pval	TARGET-WT	450K	idat_sample_sheet_TARGET-WT__450k_beta.txt	0.0	66.937485	39.680428
TARGET-50-PAJNNR-01A.Detection.Pval	TARGET-50-PAJNNR-01A.Detection.Pval	TARGET-WT	450K	idat_sample_sheet_TARGET-WT__450k_beta.txt	0.0	67.43387	39.172504
TARGET-50-PAJLTH-01A.Detection.Pval	TARGET-50-PAJLTH-01A.Detection.Pval	TARGET-WT	450K	idat_sample_sheet_TARGET-WT__450k_beta.txt	0.0	66.52413	40.004818
TARGET-50-PALFRD-01A.Detection.Pval	TARGET-50-PALFRD-01A.Detection.Pval	TARGET-WT	450K	idat_sample_sheet_TARGET-WT__450k_beta.txt	0.0	66.82476	39.628857
TARGET-50-PAJNEC-01A.Detection.Pval	TARGET-50-PAJNEC-01A.Detection.Pval	TARGET-WT	450K	idat_sample_sheet_TARGET-WT__450k_beta.txt	0.0	25.346563	12.044263
TARGET-50-PADXAY-01A.Detection.Pval	TARGET-50-PADXAY-01A.Detection.Pval	TARGET-WT	450K	idat_sample_sheet_TARGET-WT__450k_beta.txt	0.0	25.972422	10.882165
TARGET-50-PAJPHA-01A.Detection.Pval	TARGET-50-PAJPHA-01A.Detection.Pval	TARGET-WT	450K	idat_sample_sheet_TARGET-WT__450k_beta.txt	0.0	66.99783	39.37042
TARGET-50-PAJNVX-01A.Detection.Pval	TARGET-50-PAJNVX-01A.Detection.Pval	TARGET-WT	450K	idat_sample_sheet_TARGET-WT__450k_beta.txt	0.0	66.91766	39.426537
TARGET-50-PAJMJT-01A.Detection.Pval	TARGET-50-PAJMJT-01A.Detection.Pval	TARGET-WT	450K	idat_sample_sheet_TARGET-WT__450k_beta.txt	0.0	66.85581	38.793636
TARGET-50-PAKSCC-01A.Detection.Pval	TARGET-50-PAKSCC-01A.Detection.Pval	TARGET-WT	450K	idat_sample_sheet_TARGET-WT__450k_beta.txt	0.0	67.055725	39.571995
TARGET-50-PALKRS-01A.Detection.Pval	TARGET-50-PALKRS-01A.Detection.Pval	TARGET-WT	450K	idat_sample_sheet_TARGET-WT__450k_beta.txt	0.0	67.04943	31.299227
TARGET-50-PAJMJK-01A.Detection.Pval	TARGET-50-PAJMJK-01A.Detection.Pval	TARGET-WT	450K	idat_sample_sheet_TARGET-WT__450k_beta.txt	0.0	66.63619	39.81091
TARGET-50-PALGVY-01A.Detection.Pval	TARGET-50-PALGVY-01A.Detection.Pval	TARGET-WT	450K	idat_sample_sheet_TARGET-WT__450k_beta.txt	0.0	67.90645	37.354702
TARGET-50-PAJNGH-01A.Detection.Pval	TARGET-50-PAJNGH-01A.Detection.Pval	TARGET-WT	450K	idat_sample_sheet_TARGET-WT__450k_beta.txt	0.0	65.99304	36.961094
TARGET-50-CAAAAQ-01A.Detection.Pval	TARGET-50-CAAAAQ-01A.Detection.Pval	TARGET-WT	450K	idat_sample_sheet_TARGET-WT__450k_beta.txt	0.0	66.86484	40.21285
TARGET-50-PAKWPM-01A.Detection.Pval	TARGET-50-PAKWPM-01A.Detection.Pval	TARGET-WT	450K	idat_sample_sheet_TARGET-WT__450k_beta.txt	0.0	66.66002	40.048077
TARGET-50-PAJNVE-01A.Detection.Pval	TARGET-50-PAJNVE-01A.Detection.Pval	TARGET-WT	450K	idat_sample_sheet_TARGET-WT__450k_beta.txt	0.0	63.824226	31.821262
TARGET-50-CAAAAH-01A.Detection.Pval	TARGET-50-CAAAAH-01A.Detection.Pval	TARGET-WT	450K	idat_sample_sheet_TARGET-WT__450k_beta.txt	0.0	66.69764	40.260025
TARGET-50-PALKCW-01A.Detection.Pval	TARGET-50-PALKCW-01A.Detection.Pval	TARGET-WT	450K	idat_sample_sheet_TARGET-WT__450k_beta.txt	0.0	64.99535	27.73373
TARGET-50-PALLFB-01A.Detection.Pval	TARGET-50-PALLFB-01A.Detection.Pval	TARGET-WT	450K	idat_sample_sheet_TARGET-WT__450k_beta.txt	0.0	66.86252	39.887295
TARGET-50-PAKRZW-01A.Detection.Pval	TARGET-50-PAKRZW-01A.Detection.Pval	TARGET-WT	450K	idat_sample_sheet_TARGET-WT__450k_beta.txt	0.0	67.24264	39.649834
TARGET-50-PAKZHF-01A.Detection.Pval	TARGET-50-PAKZHF-01A.Detection.Pval	TARGET-WT	450K	idat_sample_sheet_TARGET-WT__450k_beta.txt	0.0	66.86166	39.716568
TARGET-50-PAJMFY-01A.Detection.Pval	TARGET-50-PAJMFY-01A.Detection.Pval	TARGET-WT	450K	idat_sample_sheet_TARGET-WT__450k_beta.txt	0.0	66.853485	40.585293
TARGET-50-PAJNYT-01A.Detection.Pval	TARGET-50-PAJNYT-01A.Detection.Pval	TARGET-WT	450K	idat_sample_sheet_TARGET-WT__450k_beta.txt	0.0	66.709984	39.7122
TARGET-50-PAKYLT-01A.Detection.Pval	TARGET-50-PAKYLT-01A.Detection.Pval	TARGET-WT	450K	idat_sample_sheet_TARGET-WT__450k_beta.txt	0.0	65.06659	32.510395
TARGET-50-PAJNAA-01A.Detection.Pval	TARGET-50-PAJNAA-01A.Detection.Pval	TARGET-WT	450K	idat_sample_sheet_TARGET-WT__450k_beta.txt	0.0	25.717388	11.405593
TARGET-50-PAKKNS-01A.Detection.Pval	TARGET-50-PAKKNS-01A.Detection.Pval	TARGET-WT	450K	idat_sample_sheet_TARGET-WT__450k_beta.txt	0.0	66.798645	39.721775
TARGET-50-PAJPCM-01A.Detection.Pval	TARGET-50-PAJPCM-01A.Detection.Pval	TARGET-WT	450K	idat_sample_sheet_TARGET-WT__450k_beta.txt	0.0	67.57841	36.70784
TARGET-50-PAJLUJ-06A.Detection.Pval	TARGET-50-PAJLUJ-06A.Detection.Pval	TARGET-WT	450K	idat_sample_sheet_TARGET-WT__450k_beta.txt	0.0	67.19537	39.737396
TARGET-50-PALJIP-01A.Detection.Pval	TARGET-50-PALJIP-01A.Detection.Pval	TARGET-WT	450K	idat_sample_sheet_TARGET-WT__450k_beta.txt	0.0	61.174866	26.492792
TARGET-50-PAJNZU-01A.Detection.Pval	TARGET-50-PAJNZU-01A.Detection.Pval	TARGET-WT	450K	idat_sample_sheet_TARGET-WT__450k_beta.txt	0.0	61.52045	27.264622
TARGET-50-CAAAAO-01A.Detection.Pval	TARGET-50-CAAAAO-01A.Detection.Pval	TARGET-WT	450K	idat_sample_sheet_TARGET-WT__450k_beta.txt	0.0	65.291084	37.101295
TARGET-50-PALDTE-01A.Detection.Pval	TARGET-50-PALDTE-01A.Detection.Pval	TARGET-WT	450K	idat_sample_sheet_TARGET-WT__450k_beta.txt	0.0	61.08501	26.719315
TARGET-50-PAJLKR-01A.Detection.Pval	TARGET-50-PAJLKR-01A.Detection.Pval	TARGET-WT	450K	idat_sample_sheet_TARGET-WT__450k_beta.txt	0.0	67.391136	39.129726
TARGET-50-PAJPDC-01A.Detection.Pval	TARGET-50-PAJPDC-01A.Detection.Pval	TARGET-WT	450K	idat_sample_sheet_TARGET-WT__450k_beta.txt	0.0	25.728247	11.515119
TARGET-50-CAAAAC-01A.Detection.Pval	TARGET-50-CAAAAC-01A.Detection.Pval	TARGET-WT	450K	idat_sample_sheet_TARGET-WT__450k_beta.txt	0.0	25.878979	10.97451
TARGET-50-PAJLSP-01A.Detection.Pval	TARGET-50-PAJLSP-01A.Detection.Pval	TARGET-WT	450K	idat_sample_sheet_TARGET-WT__450k_beta.txt	0.0	67.29003	39.5133
TARGET-50-PAKUIT-01A.Detection.Pval	TARGET-50-PAKUIT-01A.Detection.Pval	TARGET-WT	450K	idat_sample_sheet_TARGET-WT__450k_beta.txt	0.0	65.820786	36.080612
TARGET-50-PAKZER-01A.Detection.Pval	TARGET-50-PAKZER-01A.Detection.Pval	TARGET-WT	450K	idat_sample_sheet_TARGET-WT__450k_beta.txt	0.0	66.96597	33.78159
TARGET-50-CAAAAS-01A.Detection.Pval	TARGET-50-CAAAAS-01A.Detection.Pval	TARGET-WT	450K	idat_sample_sheet_TARGET-WT__450k_beta.txt	0.0	66.99372	36.14278
TARGET-50-CAAAAP-01A.Detection.Pval	TARGET-50-CAAAAP-01A.Detection.Pval	TARGET-WT	450K	idat_sample_sheet_TARGET-WT__450k_beta.txt	0.0	18.313473	17.048828
TARGET-50-PAKXXF-01A.Detection.Pval	TARGET-50-PAKXXF-01A.Detection.Pval	TARGET-WT	450K	idat_sample_sheet_TARGET-WT__450k_beta.txt	0.0	66.69314	38.857548
TARGET-50-PADZUB-01A.Detection.Pval	TARGET-50-PADZUB-01A.Detection.Pval	TARGET-WT	450K	idat_sample_sheet_TARGET-WT__450k_beta.txt	0.0	67.589714	36.56477
TARGET-50-PAJNRL-01A.Detection.Pval	TARGET-50-PAJNRL-01A.Detection.Pval	TARGET-WT	450K	idat_sample_sheet_TARGET-WT__450k_beta.txt	0.0	67.112885	39.238228
TARGET-50-PAKNXS-01A.Detection.Pval	TARGET-50-PAKNXS-01A.Detection.Pval	TARGET-WT	450K	idat_sample_sheet_TARGET-WT__450k_beta.txt	0.0	61.14772	26.54373
TARGET-50-PAJMLZ-01A.Detection.Pval	TARGET-50-PAJMLZ-01A.Detection.Pval	TARGET-WT	450K	idat_sample_sheet_TARGET-WT__450k_beta.txt	0.0	66.950516	39.68154
TARGET-50-PALFME-02A.Detection.Pval	TARGET-50-PALFME-02A.Detection.Pval	TARGET-WT	450K	idat_sample_sheet_TARGET-WT__450k_beta.txt	0.0	67.03401	37.05835
TARGET-50-PAKRVH-01A.Detection.Pval	TARGET-50-PAKRVH-01A.Detection.Pval	TARGET-WT	450K	idat_sample_sheet_TARGET-WT__450k_beta.txt	0.0	66.695595	37.94067
TARGET-50-PAJMVU-01A.Detection.Pval	TARGET-50-PAJMVU-01A.Detection.Pval	TARGET-WT	450K	idat_sample_sheet_TARGET-WT__450k_beta.txt	0.0	66.70928	38.690685
TARGET-50-PAJNCJ-01A.Detection.Pval	TARGET-50-PAJNCJ-01A.Detection.Pval	TARGET-WT	450K	idat_sample_sheet_TARGET-WT__450k_beta.txt	0.0	67.30307	39.612804
TARGET-50-PALFME-01A.Detection.Pval	TARGET-50-PALFME-01A.Detection.Pval	TARGET-WT	450K	idat_sample_sheet_TARGET-WT__450k_beta.txt	0.0	67.286514	39.064625
TARGET-50-PAJMKN-01A.Detection.Pval	TARGET-50-PAJMKN-01A.Detection.Pval	TARGET-WT	450K	idat_sample_sheet_TARGET-WT__450k_beta.txt	0.0	66.57155	35.980453
TARGET-50-PAJLNJ-01A.Detection.Pval	TARGET-50-PAJLNJ-01A.Detection.Pval	TARGET-WT	450K	idat_sample_sheet_TARGET-WT__450k_beta.txt	0.0	67.394135	38.73316
TARGET-50-PAJPGY-01A.Detection.Pval	TARGET-50-PAJPGY-01A.Detection.Pval	TARGET-WT	450K	idat_sample_sheet_TARGET-WT__450k_beta.txt	0.0	18.720932	16.661417
TARGET-50-PAKMSV-01A.Detection.Pval	TARGET-50-PAKMSV-01A.Detection.Pval	TARGET-WT	450K	idat_sample_sheet_TARGET-WT__450k_beta.txt	0.0	65.35978	36.21007
TARGET-50-PAKYFC-01A.Detection.Pval	TARGET-50-PAKYFC-01A.Detection.Pval	TARGET-WT	450K	idat_sample_sheet_TARGET-WT__450k_beta.txt	0.0	67.19416	39.462578
TARGET-50-CAAAAA-01A.Detection.Pval	TARGET-50-CAAAAA-01A.Detection.Pval	TARGET-WT	450K	idat_sample_sheet_TARGET-WT__450k_beta.txt	0.0	67.180145	39.61674
TARGET-50-CAAAAB-01A.Detection.Pval	TARGET-50-CAAAAB-01A.Detection.Pval	TARGET-WT	450K	idat_sample_sheet_TARGET-WT__450k_beta.txt	0.0	67.17329	39.722546
TARGET-50-PAKJGM-01A.Detection.Pval	TARGET-50-PAKJGM-01A.Detection.Pval	TARGET-WT	450K	idat_sample_sheet_TARGET-WT__450k_beta.txt	0.0	60.987957	26.924929
TARGET-50-PAJPDN-01A.Detection.Pval	TARGET-50-PAJPDN-01A.Detection.Pval	TARGET-WT	450K	idat_sample_sheet_TARGET-WT__450k_beta.txt	0.0	66.66861	35.585335
TARGET-50-CAAAAL-01A.Detection.Pval	TARGET-50-CAAAAL-01A.Detection.Pval	TARGET-WT	450K	idat_sample_sheet_TARGET-WT__450k_beta.txt	0.0	66.946205	39.98874
TARGET-50-PAKSDG-01A.Detection.Pval	TARGET-50-PAKSDG-01A.Detection.Pval	TARGET-WT	450K	idat_sample_sheet_TARGET-WT__450k_beta.txt	0.0	66.98709	31.232895
TARGET-50-PAEBXA-01A.Detection.Pval	TARGET-50-PAEBXA-01A.Detection.Pval	TARGET-WT	450K	idat_sample_sheet_TARGET-WT__450k_beta.txt	0.0	66.736946	40.528515
TARGET-50-PAKXWB-01A.Detection.Pval	TARGET-50-PAKXWB-01A.Detection.Pval	TARGET-WT	450K	idat_sample_sheet_TARGET-WT__450k_beta.txt	0.0	61.41235	26.978386
TARGET-50-PAJNZK-01A.Detection.Pval	TARGET-50-PAJNZK-01A.Detection.Pval	TARGET-WT	450K	idat_sample_sheet_TARGET-WT__450k_beta.txt	0.0	67.352684	39.53077
TARGET-50-PAJLWT-01A.Detection.Pval	TARGET-50-PAJLWT-01A.Detection.Pval	TARGET-WT	450K	idat_sample_sheet_TARGET-WT__450k_beta.txt	0.0	67.13093	39.070686
TARGET-50-PALDWP-01A.Detection.Pval	TARGET-50-PALDWP-01A.Detection.Pval	TARGET-WT	450K	idat_sample_sheet_TARGET-WT__450k_beta.txt	0.0	65.678	36.462692
TARGET-50-PAKVET-01A.Detection.Pval	TARGET-50-PAKVET-01A.Detection.Pval	TARGET-WT	450K	idat_sample_sheet_TARGET-WT__450k_beta.txt	0.0	67.15977	38.692028
TARGET-50-PAJMUF-01A.Detection.Pval	TARGET-50-PAJMUF-01A.Detection.Pval	TARGET-WT	450K	idat_sample_sheet_TARGET-WT__450k_beta.txt	0.0	67.19835	39.68391
TARGET-50-PAKFME-01A.Detection.Pval	TARGET-50-PAKFME-01A.Detection.Pval	TARGET-WT	450K	idat_sample_sheet_TARGET-WT__450k_beta.txt	0.0	18.77158	16.61154
TARGET-50-PAJPDC-02A.Detection.Pval	TARGET-50-PAJPDC-02A.Detection.Pval	TARGET-WT	450K	idat_sample_sheet_TARGET-WT__450k_beta.txt	0.0	25.45039	11.934939
TARGET-50-PAKKSE-01A.Detection.Pval	TARGET-50-PAKKSE-01A.Detection.Pval	TARGET-WT	450K	idat_sample_sheet_TARGET-WT__450k_beta.txt	0.0	67.150116	40.00189
TARGET-50-PAJNDU-01A.Detection.Pval	TARGET-50-PAJNDU-01A.Detection.Pval	TARGET-WT	450K	idat_sample_sheet_TARGET-WT__450k_beta.txt	0.0	66.98062	37.695614
TARGET-50-PAECJB-01A.Detection.Pval	TARGET-50-PAECJB-01A.Detection.Pval	TARGET-WT	450K	idat_sample_sheet_TARGET-WT__450k_beta.txt	0.0	66.803856	38.35352
TARGET-50-PAKULH-01A.Detection.Pval	TARGET-50-PAKULH-01A.Detection.Pval	TARGET-WT	450K	idat_sample_sheet_TARGET-WT__450k_beta.txt	0.0	26.73409	12.011318
TARGET-50-PAJMMY-01A.Detection.Pval	TARGET-50-PAJMMY-01A.Detection.Pval	TARGET-WT	450K	idat_sample_sheet_TARGET-WT__450k_beta.txt	0.0	67.04635	39.08662
TARGET-50-PAJNLT-01A.Detection.Pval	TARGET-50-PAJNLT-01A.Detection.Pval	TARGET-WT	450K	idat_sample_sheet_TARGET-WT__450k_beta.txt	0.0	67.05147	31.150229
TARGET-50-PAKGZX-01A.Detection.Pval	TARGET-50-PAKGZX-01A.Detection.Pval	TARGET-WT	450K	idat_sample_sheet_TARGET-WT__450k_beta.txt	0.0	25.441286	11.94162
TARGET-50-PAJPAR-01A.Detection.Pval	TARGET-50-PAJPAR-01A.Detection.Pval	TARGET-WT	450K	idat_sample_sheet_TARGET-WT__450k_beta.txt	0.0	18.779142	16.604593
TARGET-50-PAJMXF-01A.Detection.Pval	TARGET-50-PAJMXF-01A.Detection.Pval	TARGET-WT	450K	idat_sample_sheet_TARGET-WT__450k_beta.txt	0.0	66.55404	38.252785
TARGET-50-PALGAZ-01A.Detection.Pval	TARGET-50-PALGAZ-01A.Detection.Pval	TARGET-WT	450K	idat_sample_sheet_TARGET-WT__450k_beta.txt	0.0	67.003426	35.93112
TARGET-50-PAJMFU-01A.Detection.Pval	TARGET-50-PAJMFU-01A.Detection.Pval	TARGET-WT	450K	idat_sample_sheet_TARGET-WT__450k_beta.txt	0.0	67.3687	39.398376
TARGET-50-PAJNCZ-01A.Detection.Pval	TARGET-50-PAJNCZ-01A.Detection.Pval	TARGET-WT	450K	idat_sample_sheet_TARGET-WT__450k_beta.txt	0.0	66.94109	39.95314
TARGET-50-PAJNRH-01A.Detection.Pval	TARGET-50-PAJNRH-01A.Detection.Pval	TARGET-WT	450K	idat_sample_sheet_TARGET-WT__450k_beta.txt	0.0	67.16223	39.633934
TARGET-50-PAEAFB-01A.Detection.Pval	TARGET-50-PAEAFB-01A.Detection.Pval	TARGET-WT	450K	idat_sample_sheet_TARGET-WT__450k_beta.txt	0.0	67.04433	40.055485
TARGET-50-PAKFYV-01A.Detection.Pval	TARGET-50-PAKFYV-01A.Detection.Pval	TARGET-WT	450K	idat_sample_sheet_TARGET-WT__450k_beta.txt	0.0	65.955345	38.260277
TARGET-50-PALLCK-01A.Detection.Pval	TARGET-50-PALLCK-01A.Detection.Pval	TARGET-WT	450K	idat_sample_sheet_TARGET-WT__450k_beta.txt	0.0	67.8701	37.18069
TARGET-50-PAJLTI-01A.Detection.Pval	TARGET-50-PAJLTI-01A.Detection.Pval	TARGET-WT	450K	idat_sample_sheet_TARGET-WT__450k_beta.txt	0.0	67.03858	37.769783
TARGET-50-PAKNTW-01A.Detection.Pval	TARGET-50-PAKNTW-01A.Detection.Pval	TARGET-WT	450K	idat_sample_sheet_TARGET-WT__450k_beta.txt	0.0	66.66817	40.474
TARGET-50-PAJNSL-01A.Detection.Pval	TARGET-50-PAJNSL-01A.Detection.Pval	TARGET-WT	450K	idat_sample_sheet_TARGET-WT__450k_beta.txt	0.0	67.05009	39.436016
TARGET-50-CAAAAR-01A.Detection.Pval	TARGET-50-CAAAAR-01A.Detection.Pval	TARGET-WT	450K	idat_sample_sheet_TARGET-WT__450k_beta.txt	0.0	67.917725	37.325554
TARGET-50-PALGLU-01A.Detection.Pval	TARGET-50-PALGLU-01A.Detection.Pval	TARGET-WT	450K	idat_sample_sheet_TARGET-WT__450k_beta.txt	0.0	66.15279	36.408867
TARGET-50-PAJLLF-01A.Detection.Pval	TARGET-50-PAJLLF-01A.Detection.Pval	TARGET-WT	450K	idat_sample_sheet_TARGET-WT__450k_beta.txt	0.0	61.244873	26.547731
TARGET-50-PAJPEW-01A.Detection.Pval	TARGET-50-PAJPEW-01A.Detection.Pval	TARGET-WT	450K	idat_sample_sheet_TARGET-WT__450k_beta.txt	0.0	66.993126	34.05918
TARGET-50-PAJNTJ-01A.Detection.Pval	TARGET-50-PAJNTJ-01A.Detection.Pval	TARGET-WT	450K	idat_sample_sheet_TARGET-WT__450k_beta.txt	0.0	66.91542	39.339767
TARGET-50-PALJIP-02A.Detection.Pval	TARGET-50-PALJIP-02A.Detection.Pval	TARGET-WT	450K	idat_sample_sheet_TARGET-WT__450k_beta.txt	0.0	61.170662	26.495565
TARGET-50-PAJNGH-02A.Detection.Pval	TARGET-50-PAJNGH-02A.Detection.Pval	TARGET-WT	450K	idat_sample_sheet_TARGET-WT__450k_beta.txt	0.0	67.519554	39.721195
TARGET-50-PAJNAV-01A.Detection.Pval	TARGET-50-PAJNAV-01A.Detection.Pval	TARGET-WT	450K	idat_sample_sheet_TARGET-WT__450k_beta.txt	0.0	66.97967	31.311802
TARGET-50-PAJNZI-01A.Detection.Pval	TARGET-50-PAJNZI-01A.Detection.Pval	TARGET-WT	450K	idat_sample_sheet_TARGET-WT__450k_beta.txt	0.0	67.09092	39.75375
TARGET-50-PAKNAL-01A.Detection.Pval	TARGET-50-PAKNAL-01A.Detection.Pval	TARGET-WT	450K	idat_sample_sheet_TARGET-WT__450k_beta.txt	0.0	65.0257	27.718493
TARGET-50-PAJLPX-01A.Detection.Pval	TARGET-50-PAJLPX-01A.Detection.Pval	TARGET-WT	450K	idat_sample_sheet_TARGET-WT__450k_beta.txt	0.0	66.96287	39.71954
TARGET-50-PAJMEP-01A.Detection.Pval	TARGET-50-PAJMEP-01A.Detection.Pval	TARGET-WT	450K	idat_sample_sheet_TARGET-WT__450k_beta.txt	0.0	66.729774	40.686024
TARGET-50-PAKMUB-01A.Detection.Pval	TARGET-50-PAKMUB-01A.Detection.Pval	TARGET-WT	450K	idat_sample_sheet_TARGET-WT__450k_beta.txt	0.0	67.91862	37.31032
TARGET-50-PAJMLI-01A.Detection.Pval	TARGET-50-PAJMLI-01A.Detection.Pval	TARGET-WT	450K	idat_sample_sheet_TARGET-WT__450k_beta.txt	0.0	67.038666	39.903416
TARGET-50-PAJNCC-01A.Detection.Pval	TARGET-50-PAJNCC-01A.Detection.Pval	TARGET-WT	450K	idat_sample_sheet_TARGET-WT__450k_beta.txt	0.0	67.12197	39.75993
